{"type":"FeatureCollection","features":[{"type":"Feature","properties":{"art":"bar","name":"Buvette Dreirosen"},"geometry":{"type":"Point","coordinates":[7.586358,47.569491]}},{"type":"Feature","properties":{"art":"restaurant","name":"Restaurant Kimchi"},"geometry":{"type":"Point","coordinates":[7.595093,47.567949]}},{"type":"Feature","properties":{"art":"restaurant","name":"Firenze"},"geometry":{"type":"Point","coordinates":[7.594443,47.569243]}},{"type":"Feature","properties":{"art":"bar","name":"66 sixty-six Bar"},"geometry":{"type":"Point","coordinates":[7.5942,47.569246]}},{"type":"Feature","properties":{"art":"bar","name":"DejaVu"},"geometry":{"type":"Point","coordinates":[7.590131,47.569406]}},{"type":"Feature","properties":{"art":"restaurant","name":"Pizzeria Breisacherhof"},"geometry":{"type":"Point","coordinates":[7.591621,47.569888]}},{"type":"Feature","properties":{"art":"restaurant","name":"Eintracht"},"geometry":{"type":"Point","coordinates":[7.590374,47.567538]}},{"type":"Feature","properties":{"art":"restaurant","name":"Gatto Nero"},"geometry":{"type":"Point","coordinates":[7.590683,47.567779]}},{"type":"Feature","properties":{"art":"restaurant","name":"Zum Goldenen Fass"},"geometry":{"type":"Point","coordinates":[7.595637,47.565667]}},{"type":"Feature","properties":{"art":"restaurant","name":"Halle7 Dunkelrestaurant Blinde Kuh"},"geometry":{"type":"Point","coordinates":[7.593733,47.541532]}},{"type":"Feature","properties":{"art":"bar","name":"Werk 8"},"geometry":{"type":"Point","coordinates":[7.59348,47.541591]}},{"type":"Feature","properties":{"art":"restaurant","name":"amani‘s"},"geometry":{"type":"Point","coordinates":[7.586385,47.545841]}},{"type":"Feature","properties":{"art":"restaurant","name":"Delfin"},"geometry":{"type":"Point","coordinates":[7.591769,47.566558]}},{"type":"Feature","properties":{"art":"restaurant","name":"Chez Donati"},"geometry":{"type":"Point","coordinates":[7.58411,47.564208]}},{"type":"Feature","properties":{"art":"restaurant","name":"Gasthof zum Goldenen Sternen"},"geometry":{"type":"Point","coordinates":[7.602001,47.554805]}},{"type":"Feature","properties":{"art":"restaurant","name":"Parterre One"},"geometry":{"type":"Point","coordinates":[7.591176,47.563764]}},{"type":"Feature","properties":{"art":"restaurant","name":"Brauerei Fischerstube"},"geometry":{"type":"Point","coordinates":[7.593232,47.559296]}},{"type":"Feature","properties":{"art":"bar","name":"Cargo Bar"},"geometry":{"type":"Point","coordinates":[7.584318,47.564114]}},{"type":"Feature","properties":{"art":"restaurant","name":"Brombi"},"geometry":{"type":"Point","coordinates":[7.596252,47.57052]}},{"type":"Feature","properties":{"art":"bibliothek","name":"Gemeindebibliothek Binningen"},"geometry":{"type":"Point","coordinates":[7.574328,47.541526]}},{"type":"Feature","properties":{"art":"museum","name":"Hafenmuseum Basel"},"geometry":{"type":"Point","coordinates":[7.589432,47.582638]}},{"type":"Feature","properties":{"art":"restaurant","name":"Schiff"},"geometry":{"type":"Point","coordinates":[7.592094,47.582024]}},{"type":"Feature","properties":{"art":"restaurant","name":"Bistro Kleinhüningen"},"geometry":{"type":"Point","coordinates":[7.590094,47.578432]}},{"type":"Feature","properties":{"art":"bar","name":"All' Angolo"},"geometry":{"type":"Point","coordinates":[7.589943,47.57817]}},{"type":"Feature","properties":{"art":"bar","name":"Seven's Bar"},"geometry":{"type":"Point","coordinates":[7.590452,47.578311]}},{"type":"Feature","properties":{"art":"restaurant","name":"Stern Kebab"},"geometry":{"type":"Point","coordinates":[7.589665,47.577709]}},{"type":"Feature","properties":{"art":"restaurant","name":"Inselhof"},"geometry":{"type":"Point","coordinates":[7.589413,47.57726]}},{"type":"Feature","properties":{"art":"cafe","name":"nokta"},"geometry":{"type":"Point","coordinates":[7.589069,47.575888]}},{"type":"Feature","properties":{"art":"cafe","name":"Da Graziella"},"geometry":{"type":"Point","coordinates":[7.592869,47.566456]}},{"type":"Feature","properties":{"art":"restaurant","name":"Schifferhaus"},"geometry":{"type":"Point","coordinates":[7.592363,47.585168]}},{"type":"Feature","properties":{"art":"restaurant","name":"Depot 14"},"geometry":{"type":"Point","coordinates":[7.591424,47.577213]}},{"type":"Feature","properties":{"art":"restaurant","name":"Rheinhafen"},"geometry":{"type":"Point","coordinates":[7.59341,47.581499]}},{"type":"Feature","properties":{"art":"cafe","name":"Café Braam's"},"geometry":{"type":"Point","coordinates":[7.593587,47.581386]}},{"type":"Feature","properties":{"art":"restaurant","name":"Zum rostigen Anker"},"geometry":{"type":"Point","coordinates":[7.591557,47.587201]}},{"type":"Feature","properties":{"art":"restaurant","name":"Bistro Restaurant Chez Jeannot"},"geometry":{"type":"Point","coordinates":[7.612283,47.558966]}},{"type":"Feature","properties":{"art":"cafe","name":"Acero"},"geometry":{"type":"Point","coordinates":[7.59414,47.565995]}},{"type":"Feature","properties":{"art":"restaurant","name":"Zur Schwarzen Kunst"},"geometry":{"type":"Point","coordinates":[7.59743,47.576192]}},{"type":"Feature","properties":{"art":"restaurant","name":"Restaurant Ziegelhof"},"geometry":{"type":"Point","coordinates":[7.611517,47.559942]}},{"type":"Feature","properties":{"art":"bar","name":"Heimat"},"geometry":{"type":"Point","coordinates":[7.601765,47.568985]}},{"type":"Feature","properties":{"art":"restaurant","name":"Gasthof Neubad"},"geometry":{"type":"Point","coordinates":[7.563679,47.545143]}},{"type":"Feature","properties":{"art":"cafe","name":"Bäumlihof"},"geometry":{"type":"Point","coordinates":[7.617775,47.565059]}},{"type":"Feature","properties":{"art":"restaurant","name":"Schliessi"},"geometry":{"type":"Point","coordinates":[7.624021,47.578162]}},{"type":"Feature","properties":{"art":"restaurant","name":"Sukhothai"},"geometry":{"type":"Point","coordinates":[7.580215,47.549641]}},{"type":"Feature","properties":{"art":"bar","name":"Templum"},"geometry":{"type":"Point","coordinates":[7.580857,47.550471]}},{"type":"Feature","properties":{"art":"restaurant","name":"Schützenhaus"},"geometry":{"type":"Point","coordinates":[7.577458,47.553701]}},{"type":"Feature","properties":{"art":"restaurant","name":"Acqua"},"geometry":{"type":"Point","coordinates":[7.584532,47.54981]}},{"type":"Feature","properties":{"art":"restaurant","name":"Marmaris"},"geometry":{"type":"Point","coordinates":[7.575242,47.556256]}},{"type":"Feature","properties":{"art":"bar","name":"Sport Pub Milan"},"geometry":{"type":"Point","coordinates":[7.594815,47.568961]}},{"type":"Feature","properties":{"art":"restaurant","name":"Dreiländereck"},"geometry":{"type":"Point","coordinates":[7.589299,47.587637]}},{"type":"Feature","properties":{"art":"bibliothek","name":"Stadtbibliothek"},"geometry":{"type":"Point","coordinates":[7.610865,47.5949]}},{"type":"Feature","properties":{"art":"bibliothek","name":"Gemeindebibliothek Münchenstein"},"geometry":{"type":"Point","coordinates":[7.607742,47.521462]}},{"type":"Feature","properties":{"art":"restaurant","name":"Griechische Taverne"},"geometry":{"type":"Point","coordinates":[7.621093,47.51211]}},{"type":"Feature","properties":{"art":"restaurant","name":"Restaurant Wintergarten"},"geometry":{"type":"Point","coordinates":[7.62103,47.510432]}},{"type":"Feature","properties":{"art":"restaurant","name":"Restaurant Birseck"},"geometry":{"type":"Point","coordinates":[7.617599,47.512371]}},{"type":"Feature","properties":{"art":"restaurant","name":"Dolce & Piccante"},"geometry":{"type":"Point","coordinates":[7.61908,47.511821]}},{"type":"Feature","properties":{"art":"restaurant","name":"Wiesengarten Musetti"},"geometry":{"type":"Point","coordinates":[7.647286,47.591576]}},{"type":"Feature","properties":{"art":"restaurant","name":"Zollstübli"},"geometry":{"type":"Point","coordinates":[7.572514,47.576763]}},{"type":"Feature","properties":{"art":"cafe","name":"Buchmann"},"geometry":{"type":"Point","coordinates":[7.607733,47.520573]}},{"type":"Feature","properties":{"art":"cafe","name":"ViCafe"},"geometry":{"type":"Point","coordinates":[7.589679,47.548213]}},{"type":"Feature","properties":{"art":"restaurant","name":"Le Train Bleu"},"geometry":{"type":"Point","coordinates":[7.590606,47.547939]}},{"type":"Feature","properties":{"art":"cafe","name":"Starbucks Centralbahnplatz"},"geometry":{"type":"Point","coordinates":[7.590061,47.548781]}},{"type":"Feature","properties":{"art":"restaurant","name":"Mister Wong"},"geometry":{"type":"Point","coordinates":[7.5907,47.548076]}},{"type":"Feature","properties":{"art":"bar","name":"capri bar"},"geometry":{"type":"Point","coordinates":[7.591024,47.577173]}},{"type":"Feature","properties":{"art":"kino","name":"neues kino Basel"},"geometry":{"type":"Point","coordinates":[7.588102,47.575904]}},{"type":"Feature","properties":{"art":"restaurant","name":"Plato"},"geometry":{"type":"Point","coordinates":[7.594639,47.543169]}},{"type":"Feature","properties":{"art":"restaurant","name":"Ristorante Valentino"},"geometry":{"type":"Point","coordinates":[7.592863,47.543543]}},{"type":"Feature","properties":{"art":"cafe","name":"Momo"},"geometry":{"type":"Point","coordinates":[7.59198,47.540895]}},{"type":"Feature","properties":{"art":"cafe","name":"Elisabethen"},"geometry":{"type":"Point","coordinates":[7.59118,47.552643]}},{"type":"Feature","properties":{"art":"restaurant","name":"Café Papiermühle"},"geometry":{"type":"Point","coordinates":[7.603168,47.554708]}},{"type":"Feature","properties":{"art":"museum","name":"Museum der Kulturen"},"geometry":{"type":"Point","coordinates":[7.590281,47.557197]}},{"type":"Feature","properties":{"art":"museum","name":"Cartoonmuseum Basel"},"geometry":{"type":"Point","coordinates":[7.596368,47.554529]}},{"type":"Feature","properties":{"art":"bibliothek","name":"Kunsthalle Basel"},"geometry":{"type":"Point","coordinates":[7.590757,47.553139]}},{"type":"Feature","properties":{"art":"museum","name":"Schweizerisches Architekturmuseum"},"geometry":{"type":"Point","coordinates":[7.591032,47.553766]}},{"type":"Feature","properties":{"art":"museum","name":"Pharmaziemuseum Universität Basel"},"geometry":{"type":"Point","coordinates":[7.586335,47.55855]}},{"type":"Feature","properties":{"art":"museum","name":"Spielzeug Welten"},"geometry":{"type":"Point","coordinates":[7.589093,47.553993]}},{"type":"Feature","properties":{"art":"museum","name":"Jüdisches Museum der Schweiz"},"geometry":{"type":"Point","coordinates":[7.583168,47.55764]}},{"type":"Feature","properties":{"art":"museum","name":"Schweizerisches Feuerwehrmuseum"},"geometry":{"type":"Point","coordinates":[7.583227,47.557094]}},{"type":"Feature","properties":{"art":"museum","name":"Skulpturhalle"},"geometry":{"type":"Point","coordinates":[7.579261,47.560367]}},{"type":"Feature","properties":{"art":"museum","name":"Anatomisches Museum"},"geometry":{"type":"Point","coordinates":[7.579576,47.564891]}},{"type":"Feature","properties":{"art":"museum","name":"Antikenmuseum Basel und Sammlung Ludwig"},"geometry":{"type":"Point","coordinates":[7.593141,47.554356]}},{"type":"Feature","properties":{"art":"restaurant","name":"Restaurant Ruchfeld"},"geometry":{"type":"Point","coordinates":[7.611042,47.52917]}},{"type":"Feature","properties":{"art":"restaurant","name":"Spengler Kantine"},"geometry":{"type":"Point","coordinates":[7.611535,47.526672]}},{"type":"Feature","properties":{"art":"restaurant","name":"Coop Restaurant"},"geometry":{"type":"Point","coordinates":[7.607313,47.521248]}},{"type":"Feature","properties":{"art":"restaurant","name":"Reinacherhof"},"geometry":{"type":"Point","coordinates":[7.602795,47.511286]}},{"type":"Feature","properties":{"art":"restaurant","name":"Paddy Reilly's Irish Pub & Restaurant"},"geometry":{"type":"Point","coordinates":[7.587988,47.551059]}},{"type":"Feature","properties":{"art":"restaurant","name":"Mister Wong"},"geometry":{"type":"Point","coordinates":[7.58869,47.555132]}},{"type":"Feature","properties":{"art":"bibliothek","name":"Pädagogisches Zentrum PZ.BS Bibliothek"},"geometry":{"type":"Point","coordinates":[7.585375,47.550347]}},{"type":"Feature","properties":{"art":"bar","name":"Le Prive Club"},"geometry":{"type":"Point","coordinates":[7.586749,47.550422]}},{"type":"Feature","properties":{"art":"restaurant","name":"Restaurant Schlüsselzunft"},"geometry":{"type":"Point","coordinates":[7.58926,47.557171]}},{"type":"Feature","properties":{"art":"restaurant","name":"Ristorante Coccodrillo"},"geometry":{"type":"Point","coordinates":[7.587023,47.556775]}},{"type":"Feature","properties":{"art":"restaurant","name":"Zum Braunen Mutz"},"geometry":{"type":"Point","coordinates":[7.588727,47.554345]}},{"type":"Feature","properties":{"art":"bar","name":"Rio Bar"},"geometry":{"type":"Point","coordinates":[7.588744,47.554542]}},{"type":"Feature","properties":{"art":"restaurant","name":"Papa Joes Restaurant & Bar"},"geometry":{"type":"Point","coordinates":[7.589475,47.554386]}},{"type":"Feature","properties":{"art":"cafe","name":"Didi Bar"},"geometry":{"type":"Point","coordinates":[7.593444,47.565644]}},{"type":"Feature","properties":{"art":"cafe","name":"Saint Tropez"},"geometry":{"type":"Point","coordinates":[7.594053,47.565158]}},{"type":"Feature","properties":{"art":"cafe","name":"Clara"},"geometry":{"type":"Point","coordinates":[7.592551,47.56449]}},{"type":"Feature","properties":{"art":"restaurant","name":"Klybeck Casino"},"geometry":{"type":"Point","coordinates":[7.59169,47.564466]}},{"type":"Feature","properties":{"art":"restaurant","name":"Lauch"},"geometry":{"type":"Point","coordinates":[7.588516,47.575905]}},{"type":"Feature","properties":{"art":"restaurant","name":"Alchemist"},"geometry":{"type":"Point","coordinates":[7.588265,47.559559]}},{"type":"Feature","properties":{"art":"restaurant","name":"Punta Cana"},"geometry":{"type":"Point","coordinates":[7.596218,47.563375]}},{"type":"Feature","properties":{"art":"restaurant","name":"Bali"},"geometry":{"type":"Point","coordinates":[7.59666,47.562749]}},{"type":"Feature","properties":{"art":"restaurant","name":"Rheinfelder Hof"},"geometry":{"type":"Point","coordinates":[7.596759,47.562527]}},{"type":"Feature","properties":{"art":"restaurant","name":"Thai Family"},"geometry":{"type":"Point","coordinates":[7.605048,47.565316]}},{"type":"Feature","properties":{"art":"restaurant","name":"Hong Kong"},"geometry":{"type":"Point","coordinates":[7.598145,47.565106]}},{"type":"Feature","properties":{"art":"restaurant","name":"Holzschopf"},"geometry":{"type":"Point","coordinates":[7.594769,47.562123]}},{"type":"Feature","properties":{"art":"cafe","name":"Café Charlotte"},"geometry":{"type":"Point","coordinates":[7.603386,47.564852]}},{"type":"Feature","properties":{"art":"bar","name":"Balthazar"},"geometry":{"type":"Point","coordinates":[7.587396,47.552347]}},{"type":"Feature","properties":{"art":"cafe","name":"Internet Dome"},"geometry":{"type":"Point","coordinates":[7.588554,47.552105]}},{"type":"Feature","properties":{"art":"bar","name":"Space"},"geometry":{"type":"Point","coordinates":[7.588223,47.552603]}},{"type":"Feature","properties":{"art":"restaurant","name":"VIP"},"geometry":{"type":"Point","coordinates":[7.588426,47.552823]}},{"type":"Feature","properties":{"art":"restaurant","name":"Tibits"},"geometry":{"type":"Point","coordinates":[7.588992,47.552629]}},{"type":"Feature","properties":{"art":"bar","name":"Club 59"},"geometry":{"type":"Point","coordinates":[7.588858,47.552987]}},{"type":"Feature","properties":{"art":"restaurant","name":"Negishi Sushi Bar"},"geometry":{"type":"Point","coordinates":[7.589376,47.552724]}},{"type":"Feature","properties":{"art":"bar","name":"Mr Pickwick"},"geometry":{"type":"Point","coordinates":[7.589086,47.553513]}},{"type":"Feature","properties":{"art":"cafe","name":"Museumscafe"},"geometry":{"type":"Point","coordinates":[7.589246,47.553987]}},{"type":"Feature","properties":{"art":"restaurant"},"geometry":{"type":"Point","coordinates":[7.558598,47.514877]}},{"type":"Feature","properties":{"art":"cafe","name":"Kiosk Caffee Park"},"geometry":{"type":"Point","coordinates":[7.569008,47.564525]}},{"type":"Feature","properties":{"art":"restaurant","name":"Strassburgerhof"},"geometry":{"type":"Point","coordinates":[7.568761,47.561663]}},{"type":"Feature","properties":{"art":"restaurant","name":"Zum Tell"},"geometry":{"type":"Point","coordinates":[7.581831,47.557879]}},{"type":"Feature","properties":{"art":"restaurant","name":"Pinar"},"geometry":{"type":"Point","coordinates":[7.585841,47.560029]}},{"type":"Feature","properties":{"art":"restaurant","name":"Al Giardino"},"geometry":{"type":"Point","coordinates":[7.573527,47.562377]}},{"type":"Feature","properties":{"art":"cafe","name":"Café del Mundo"},"geometry":{"type":"Point","coordinates":[7.590359,47.544295]}},{"type":"Feature","properties":{"art":"restaurant","name":"Restaurant zur Wanderruh"},"geometry":{"type":"Point","coordinates":[7.591702,47.54259]}},{"type":"Feature","properties":{"art":"cafe","name":"Sutter Begg"},"geometry":{"type":"Point","coordinates":[7.597567,47.541822]}},{"type":"Feature","properties":{"art":"restaurant","name":"Pizza Time"},"geometry":{"type":"Point","coordinates":[7.592133,47.542148]}},{"type":"Feature","properties":{"art":"bar","name":"Unser Bier Braustube"},"geometry":{"type":"Point","coordinates":[7.592408,47.540589]}},{"type":"Feature","properties":{"art":"restaurant","name":"Cafe Haltestelle"},"geometry":{"type":"Point","coordinates":[7.587656,47.545186]}},{"type":"Feature","properties":{"art":"restaurant","name":"Pizzeria Da Chiara"},"geometry":{"type":"Point","coordinates":[7.591572,47.542377]}},{"type":"Feature","properties":{"art":"restaurant","name":"Rosticceria Coppa"},"geometry":{"type":"Point","coordinates":[7.611743,47.531655]}},{"type":"Feature","properties":{"art":"restaurant","name":"La Grotta"},"geometry":{"type":"Point","coordinates":[7.611994,47.532159]}},{"type":"Feature","properties":{"art":"buehne","name":"Stadtcasino Basel"},"geometry":{"type":"Point","coordinates":[7.59003,47.554242]}},{"type":"Feature","properties":{"art":"kunst","name":"pos5"},"geometry":{"type":"Point","coordinates":[7.593173,47.558868]}},{"type":"Feature","properties":{"art":"restaurant","name":"Le Rhin Bleu"},"geometry":{"type":"Point","coordinates":[7.610748,47.5563]}},{"type":"Feature","properties":{"art":"kunst","name":"The Tree"},"geometry":{"type":"Point","coordinates":[7.649956,47.58694]}},{"type":"Feature","properties":{"art":"cafe","name":"Antik Café Bar"},"geometry":{"type":"Point","coordinates":[7.590233,47.569059]}},{"type":"Feature","properties":{"art":"bar","name":"Sit In"},"geometry":{"type":"Point","coordinates":[7.633382,47.590826]}},{"type":"Feature","properties":{"art":"restaurant","name":"Chläbi"},"geometry":{"type":"Point","coordinates":[7.634884,47.591175]}},{"type":"Feature","properties":{"art":"bar","name":"Jim Knopf"},"geometry":{"type":"Point","coordinates":[7.634708,47.590773]}},{"type":"Feature","properties":{"art":"cafe","name":"Bäckerei Konditorei Cafe Fritz"},"geometry":{"type":"Point","coordinates":[7.625306,47.594257]}},{"type":"Feature","properties":{"art":"restaurant","name":"Ott's Restaurant Leopoldshöhe"},"geometry":{"type":"Point","coordinates":[7.610168,47.59358]}},{"type":"Feature","properties":{"art":"kino","name":"Kinopalast"},"geometry":{"type":"Point","coordinates":[7.59321,47.590485]}},{"type":"Feature","properties":{"art":"kino"},"geometry":{"type":"Point","coordinates":[7.57701,47.539896]}},{"type":"Feature","properties":{"art":"restaurant","name":"KRONE Dining Room"},"geometry":{"type":"Point","coordinates":[7.635627,47.592721]}},{"type":"Feature","properties":{"art":"restaurant","name":"Weiherhof"},"geometry":{"type":"Point","coordinates":[7.557097,47.545803]}},{"type":"Feature","properties":{"art":"cafe","name":"Café Bar Mélange"},"geometry":{"type":"Point","coordinates":[7.565239,47.546795]}},{"type":"Feature","properties":{"art":"cafe","name":"Sutter Begg"},"geometry":{"type":"Point","coordinates":[7.56516,47.547317]}},{"type":"Feature","properties":{"art":"cafe","name":"Bees and Birds Café"},"geometry":{"type":"Point","coordinates":[7.557464,47.546089]}},{"type":"Feature","properties":{"art":"restaurant","name":"Lindenplatz"},"geometry":{"type":"Point","coordinates":[7.56094,47.55789]}},{"type":"Feature","properties":{"art":"cafe","name":"dean & david"},"geometry":{"type":"Point","coordinates":[7.5895,47.548176]}},{"type":"Feature","properties":{"art":"cafe","name":"Kaffeerösterei La Columbiana"},"geometry":{"type":"Point","coordinates":[7.5872,47.545549]}},{"type":"Feature","properties":{"art":"restaurant","name":"Wasabi"},"geometry":{"type":"Point","coordinates":[7.589248,47.544738]}},{"type":"Feature","properties":{"art":"restaurant","name":"Restaurant \"Le Stelle\""},"geometry":{"type":"Point","coordinates":[7.554842,47.594744]}},{"type":"Feature","properties":{"art":"restaurant","name":"Restaurant Bonanza"},"geometry":{"type":"Point","coordinates":[7.616974,47.522935]}},{"type":"Feature","properties":{"art":"restaurant","name":"Hofmatt"},"geometry":{"type":"Point","coordinates":[7.618101,47.519748]}},{"type":"Feature","properties":{"art":"cafe","name":"Cafe Helvetia"},"geometry":{"type":"Point","coordinates":[7.567848,47.560091]}},{"type":"Feature","properties":{"art":"bar","name":"Champions Sportsbar"},"geometry":{"type":"Point","coordinates":[7.573767,47.565829]}},{"type":"Feature","properties":{"art":"restaurant","name":"Landgasthof"},"geometry":{"type":"Point","coordinates":[7.649757,47.584288]}},{"type":"Feature","properties":{"art":"kunst","name":"Trias"},"geometry":{"type":"Point","coordinates":[7.616851,47.581115]}},{"type":"Feature","properties":{"art":"kunst","name":"Kieswerk"},"geometry":{"type":"Point","coordinates":[7.621017,47.585459]}},{"type":"Feature","properties":{"art":"restaurant","name":"Restaurant Kungfu-Haus"},"geometry":{"type":"Point","coordinates":[7.635484,47.562233]}},{"type":"Feature","properties":{"art":"restaurant"},"geometry":{"type":"Point","coordinates":[7.62716,47.536383]}},{"type":"Feature","properties":{"art":"restaurant","name":"Ritazza"},"geometry":{"type":"Point","coordinates":[7.619594,47.540952]}},{"type":"Feature","properties":{"art":"restaurant","name":"Bon Gout"},"geometry":{"type":"Point","coordinates":[7.59138,47.566215]}},{"type":"Feature","properties":{"art":"restaurant","name":"Taste of Mykonos"},"geometry":{"type":"Point","coordinates":[7.590944,47.566024]}},{"type":"Feature","properties":{"art":"buehne","name":"Paulussaal"},"geometry":{"type":"Point","coordinates":[7.620081,47.594937]}},{"type":"Feature","properties":{"art":"cafe","name":"Café Merian"},"geometry":{"type":"Point","coordinates":[7.613386,47.535045]}},{"type":"Feature","properties":{"art":"bar","name":"Alpenblick"},"geometry":{"type":"Point","coordinates":[7.590969,47.565937]}},{"type":"Feature","properties":{"art":"restaurant","name":"Restaurant Bohrerhof"},"geometry":{"type":"Point","coordinates":[7.562095,47.553514]}},{"type":"Feature","properties":{"art":"restaurant","name":"RiiBistro"},"geometry":{"type":"Point","coordinates":[7.586867,47.570563]}},{"type":"Feature","properties":{"art":"restaurant","name":"Mona Lisa"},"geometry":{"type":"Point","coordinates":[7.621097,47.553344]}},{"type":"Feature","properties":{"art":"bar","name":"EG Lounge"},"geometry":{"type":"Point","coordinates":[7.591062,47.563691]}},{"type":"Feature","properties":{"art":"kunst","name":"Susanna im Bad und Fortuna"},"geometry":{"type":"Point","coordinates":[7.583856,47.564445]}},{"type":"Feature","properties":{"art":"restaurant","name":"Hostaria"},"geometry":{"type":"Point","coordinates":[7.589289,47.553128]}},{"type":"Feature","properties":{"art":"museum","name":"Historisches Museum Basel – Musikmuseum"},"geometry":{"type":"Point","coordinates":[7.587842,47.554803]}},{"type":"Feature","properties":{"art":"buehne","name":"Baseldytschi Bihni"},"geometry":{"type":"Point","coordinates":[7.588366,47.55459]}},{"type":"Feature","properties":{"art":"restaurant","name":"Negishi"},"geometry":{"type":"Point","coordinates":[7.58402,47.564517]}},{"type":"Feature","properties":{"art":"restaurant","name":"PANE-CON-CARNE"},"geometry":{"type":"Point","coordinates":[7.592608,47.551765]}},{"type":"Feature","properties":{"art":"restaurant","name":"Cartell"},"geometry":{"type":"Point","coordinates":[7.593266,47.551441]}},{"type":"Feature","properties":{"art":"restaurant","name":"Mirai"},"geometry":{"type":"Point","coordinates":[7.592821,47.551978]}},{"type":"Feature","properties":{"art":"restaurant","name":"Rialto"},"geometry":{"type":"Point","coordinates":[7.583458,47.549885]}},{"type":"Feature","properties":{"art":"badi","name":"Hallenbad Rialto"},"geometry":{"type":"Point","coordinates":[7.583564,47.550072]}},{"type":"Feature","properties":{"art":"cafe","name":"Cafe Mesana"},"geometry":{"type":"Point","coordinates":[7.622954,47.553231]}},{"type":"Feature","properties":{"art":"bar","name":"Rotblau Bar|Bistro"},"geometry":{"type":"Point","coordinates":[7.619208,47.541088]}},{"type":"Feature","properties":{"art":"restaurant","name":"Thai Food Kitchen 41"},"geometry":{"type":"Point","coordinates":[7.583214,47.556425]}},{"type":"Feature","properties":{"art":"restaurant","name":"Casablanca"},"geometry":{"type":"Point","coordinates":[7.619867,47.554332]}},{"type":"Feature","properties":{"art":"restaurant","name":"Restaurant Schmiede"},"geometry":{"type":"Point","coordinates":[7.623799,47.55247]}},{"type":"Feature","properties":{"art":"restaurant","name":"Luxor"},"geometry":{"type":"Point","coordinates":[7.624018,47.55256]}},{"type":"Feature","properties":{"art":"restaurant","name":"Wirtshaus St. Jakob"},"geometry":{"type":"Point","coordinates":[7.617831,47.541664]}},{"type":"Feature","properties":{"art":"badi","name":"Hallenbad Muttenz"},"geometry":{"type":"Point","coordinates":[7.636832,47.52598]}},{"type":"Feature","properties":{"art":"restaurant","name":"Mensa Universität Basel"},"geometry":{"type":"Point","coordinates":[7.581995,47.559975]}},{"type":"Feature","properties":{"art":"buehne","name":"Espace d'art contemportain Fernet Branca"},"geometry":{"type":"Point","coordinates":[7.560187,47.585122]}},{"type":"Feature","properties":{"art":"cafe","name":"Café Cappuccino"},"geometry":{"type":"Point","coordinates":[7.564584,47.561257]}},{"type":"Feature","properties":{"art":"restaurant","name":"Schlüssel"},"geometry":{"type":"Point","coordinates":[7.556137,47.513946]}},{"type":"Feature","properties":{"art":"restaurant","name":"Rein"},"geometry":{"type":"Point","coordinates":[7.588657,47.551304]}},{"type":"Feature","properties":{"art":"restaurant","name":"Palmenstübli"},"geometry":{"type":"Point","coordinates":[7.596515,47.569005]}},{"type":"Feature","properties":{"art":"bar","name":"Musical Bar"},"geometry":{"type":"Point","coordinates":[7.597374,47.569004]}},{"type":"Feature","properties":{"art":"kunst","name":"Lassù"},"geometry":{"type":"Point","coordinates":[7.607659,47.589524]}},{"type":"Feature","properties":{"art":"kunst"},"geometry":{"type":"Point","coordinates":[7.554124,47.519838]}},{"type":"Feature","properties":{"art":"restaurant","name":"Franco's Pizzeria"},"geometry":{"type":"Point","coordinates":[7.613704,47.587835]}},{"type":"Feature","properties":{"art":"bar","name":"Das Viertel"},"geometry":{"type":"Point","coordinates":[7.606779,47.539924]}},{"type":"Feature","properties":{"art":"restaurant","name":"Restaurant Hard"},"geometry":{"type":"Point","coordinates":[7.629908,47.548223]}},{"type":"Feature","properties":{"art":"cafe","name":"Cafe Streuli"},"geometry":{"type":"Point","coordinates":[7.593218,47.532202]}},{"type":"Feature","properties":{"art":"kunst","name":"Basiliskenbrunnen"},"geometry":{"type":"Point","coordinates":[7.587398,47.53382]}},{"type":"Feature","properties":{"art":"restaurant","name":"Stucki"},"geometry":{"type":"Point","coordinates":[7.586982,47.533642]}},{"type":"Feature","properties":{"art":"restaurant","name":"Zum Kuss"},"geometry":{"type":"Point","coordinates":[7.590143,47.549901]}},{"type":"Feature","properties":{"art":"restaurant","name":"Mandir"},"geometry":{"type":"Point","coordinates":[7.57397,47.57089]}},{"type":"Feature","properties":{"art":"restaurant","name":"Restaurant Pizzeria Dorenbach"},"geometry":{"type":"Point","coordinates":[7.57165,47.544837]}},{"type":"Feature","properties":{"art":"restaurant","name":"Restaurant de la Poste"},"geometry":{"type":"Point","coordinates":[7.565862,47.587051]}},{"type":"Feature","properties":{"art":"restaurant","name":"Entrepotes"},"geometry":{"type":"Point","coordinates":[7.561891,47.585239]}},{"type":"Feature","properties":{"art":"restaurant","name":"Chez Moi"},"geometry":{"type":"Point","coordinates":[7.568429,47.584711]}},{"type":"Feature","properties":{"art":"bar","name":"Henry's"},"geometry":{"type":"Point","coordinates":[7.591276,47.562706]}},{"type":"Feature","properties":{"art":"restaurant","name":"Restaurant zur Linde"},"geometry":{"type":"Point","coordinates":[7.593157,47.559362]}},{"type":"Feature","properties":{"art":"restaurant","name":"Brauerei"},"geometry":{"type":"Point","coordinates":[7.601221,47.558723]}},{"type":"Feature","properties":{"art":"restaurant","name":"La Buffala"},"geometry":{"type":"Point","coordinates":[7.542929,47.570334]}},{"type":"Feature","properties":{"art":"restaurant","name":"Palais de Saint-Louis"},"geometry":{"type":"Point","coordinates":[7.553552,47.597913]}},{"type":"Feature","properties":{"art":"restaurant","name":"Matisse"},"geometry":{"type":"Point","coordinates":[7.564999,47.566737]}},{"type":"Feature","properties":{"art":"kunst","name":"Basiliskenbrunnen"},"geometry":{"type":"Point","coordinates":[7.608548,47.574188]}},{"type":"Feature","properties":{"art":"restaurant","name":"Royal Palace"},"geometry":{"type":"Point","coordinates":[7.576166,47.554125]}},{"type":"Feature","properties":{"art":"bar","name":"Highspeed Music Bar"},"geometry":{"type":"Point","coordinates":[7.571756,47.536788]}},{"type":"Feature","properties":{"art":"cafe","name":"cent-treize"},"geometry":{"type":"Point","coordinates":[7.571962,47.538469]}},{"type":"Feature","properties":{"art":"restaurant","name":"Jagerstübli"},"geometry":{"type":"Point","coordinates":[7.572172,47.539024]}},{"type":"Feature","properties":{"art":"restaurant","name":"Cork & Fork"},"geometry":{"type":"Point","coordinates":[7.586843,47.55721]}},{"type":"Feature","properties":{"art":"restaurant","name":"Beschle"},"geometry":{"type":"Point","coordinates":[7.586873,47.557978]}},{"type":"Feature","properties":{"art":"restaurant","name":"Hasenburg"},"geometry":{"type":"Point","coordinates":[7.586687,47.558089]}},{"type":"Feature","properties":{"art":"restaurant","name":"Bodega Zum Strauss"},"geometry":{"type":"Point","coordinates":[7.588754,47.554708]}},{"type":"Feature","properties":{"art":"bar","name":"Bar Les Trois Rois"},"geometry":{"type":"Point","coordinates":[7.587784,47.560309]}},{"type":"Feature","properties":{"art":"restaurant","name":"Schützengarten"},"geometry":{"type":"Point","coordinates":[7.553169,47.546878]}},{"type":"Feature","properties":{"art":"museum","name":"Ausstellungsraum Klingental"},"geometry":{"type":"Point","coordinates":[7.59041,47.562643]}},{"type":"Feature","properties":{"art":"museum","name":"Museum Kleines Klingental"},"geometry":{"type":"Point","coordinates":[7.589632,47.562097]}},{"type":"Feature","properties":{"art":"museum","name":"Sammlung Friedhof am Hörnli"},"geometry":{"type":"Point","coordinates":[7.639526,47.565229]}},{"type":"Feature","properties":{"art":"museum","name":"Schweizer Sportmuseum"},"geometry":{"type":"Point","coordinates":[7.605885,47.530637]}},{"type":"Feature","properties":{"art":"museum","name":"Spielzeugmuseum Riehen"},"geometry":{"type":"Point","coordinates":[7.649392,47.584085]}},{"type":"Feature","properties":{"art":"bar","name":"Atlantis"},"geometry":{"type":"Point","coordinates":[7.590649,47.551985]}},{"type":"Feature","properties":{"art":"restaurant","name":"Borromäum (Kulturzentrum, Restaurant)"},"geometry":{"type":"Point","coordinates":[7.582729,47.552552]}},{"type":"Feature","properties":{"art":"restaurant","name":"Kunsthalle"},"geometry":{"type":"Point","coordinates":[7.590995,47.553671]}},{"type":"Feature","properties":{"art":"kunst"},"geometry":{"type":"Point","coordinates":[7.597873,47.53174]}},{"type":"Feature","properties":{"art":"buehne","name":"Le Triangle"},"geometry":{"type":"Point","coordinates":[7.578692,47.592782]}},{"type":"Feature","properties":{"art":"kunst","name":"Helvetia auf der Reise"},"geometry":{"type":"Point","coordinates":[7.590464,47.560864]}},{"type":"Feature","properties":{"art":"restaurant","name":"Resslirytti"},"geometry":{"type":"Point","coordinates":[7.599076,47.558935]}},{"type":"Feature","properties":{"art":"restaurant","name":"Restaurant Wasserturm"},"geometry":{"type":"Point","coordinates":[7.593,47.527758]}},{"type":"Feature","properties":{"art":"cafe","name":"Bohemia"},"geometry":{"type":"Point","coordinates":[7.597733,47.540629]}},{"type":"Feature","properties":{"art":"kunst","name":"Basiliskenbrunnen"},"geometry":{"type":"Point","coordinates":[7.597008,47.533292]}},{"type":"Feature","properties":{"art":"restaurant","name":"Viertel-Kreis"},"geometry":{"type":"Point","coordinates":[7.603902,47.537082]}},{"type":"Feature","properties":{"art":"cafe","name":"unternehmen mitte"},"geometry":{"type":"Point","coordinates":[7.588361,47.556575]}},{"type":"Feature","properties":{"art":"cafe","name":"Café frühling"},"geometry":{"type":"Point","coordinates":[7.590353,47.567759]}},{"type":"Feature","properties":{"art":"bar","name":"Roxy Bar"},"geometry":{"type":"Point","coordinates":[7.623617,47.551626]}},{"type":"Feature","properties":{"art":"buehne","name":"Theater Roxy"},"geometry":{"type":"Point","coordinates":[7.623642,47.551557]}},{"type":"Feature","properties":{"art":"restaurant","name":"Blume"},"geometry":{"type":"Point","coordinates":[7.621182,47.553713]}},{"type":"Feature","properties":{"art":"restaurant","name":"Alte Zunft"},"geometry":{"type":"Point","coordinates":[7.610942,47.593255]}},{"type":"Feature","properties":{"art":"restaurant","name":"Rat's Diner"},"geometry":{"type":"Point","coordinates":[7.612277,47.593807]}},{"type":"Feature","properties":{"art":"cafe","name":"BaRguette"},"geometry":{"type":"Point","coordinates":[7.578116,47.57348]}},{"type":"Feature","properties":{"art":"cafe","name":"Cafe"},"geometry":{"type":"Point","coordinates":[7.577883,47.574519]}},{"type":"Feature","properties":{"art":"cafe","name":"Kukku Kaffeebar"},"geometry":{"type":"Point","coordinates":[7.578219,47.575367]}},{"type":"Feature","properties":{"art":"restaurant"},"geometry":{"type":"Point","coordinates":[7.578327,47.575173]}},{"type":"Feature","properties":{"art":"restaurant","name":"Osteria Dodici"},"geometry":{"type":"Point","coordinates":[7.579377,47.573708]}},{"type":"Feature","properties":{"art":"restaurant","name":"Personalrestaurant"},"geometry":{"type":"Point","coordinates":[7.57831,47.57461]}},{"type":"Feature","properties":{"art":"restaurant","name":"Restaurant Choice"},"geometry":{"type":"Point","coordinates":[7.579141,47.573967]}},{"type":"Feature","properties":{"art":"restaurant","name":"Restaurant Cloud"},"geometry":{"type":"Point","coordinates":[7.578551,47.574044]}},{"type":"Feature","properties":{"art":"cafe","name":"Starbucks"},"geometry":{"type":"Point","coordinates":[7.580336,47.572362]}},{"type":"Feature","properties":{"art":"restaurant","name":"Snack Corner"},"geometry":{"type":"Point","coordinates":[7.580933,47.573402]}},{"type":"Feature","properties":{"art":"restaurant","name":"Kiosk"},"geometry":{"type":"Point","coordinates":[7.578121,47.574815]}},{"type":"Feature","properties":{"art":"cafe","name":"Café Fab 6"},"geometry":{"type":"Point","coordinates":[7.580493,47.572946]}},{"type":"Feature","properties":{"art":"restaurant","name":"Kiosk"},"geometry":{"type":"Point","coordinates":[7.587714,47.571346]}},{"type":"Feature","properties":{"art":"restaurant","name":"Schlüssel"},"geometry":{"type":"Point","coordinates":[7.574937,47.539347]}},{"type":"Feature","properties":{"art":"restaurant","name":"Campari Bar"},"geometry":{"type":"Point","coordinates":[7.591081,47.553261]}},{"type":"Feature","properties":{"art":"restaurant"},"geometry":{"type":"Point","coordinates":[7.554722,47.513356]}},{"type":"Feature","properties":{"art":"restaurant"},"geometry":{"type":"Point","coordinates":[7.571014,47.533355]}},{"type":"Feature","properties":{"art":"restaurant","name":"Sushi Tenzan"},"geometry":{"type":"Point","coordinates":[7.575546,47.537431]}},{"type":"Feature","properties":{"art":"restaurant","name":"TENDER & LOINS"},"geometry":{"type":"Point","coordinates":[7.595741,47.579247]}},{"type":"Feature","properties":{"art":"restaurant","name":"Brötlibar"},"geometry":{"type":"Point","coordinates":[7.588766,47.554911]}},{"type":"Feature","properties":{"art":"kunst","name":"Basiliskenbrunnen"},"geometry":{"type":"Point","coordinates":[7.586501,47.567239]}},{"type":"Feature","properties":{"art":"restaurant","name":"Pizzeria Casanova"},"geometry":{"type":"Point","coordinates":[7.62338,47.594259]}},{"type":"Feature","properties":{"art":"bar","name":"Bistro San'Cesco"},"geometry":{"type":"Point","coordinates":[7.607239,47.536952]}},{"type":"Feature","properties":{"art":"kunst"},"geometry":{"type":"Point","coordinates":[7.603711,47.546871]}},{"type":"Feature","properties":{"art":"restaurant","name":"Steinbock"},"geometry":{"type":"Point","coordinates":[7.591664,47.547193]}},{"type":"Feature","properties":{"art":"kunst","name":"Fischer"},"geometry":{"type":"Point","coordinates":[7.610258,47.558387]}},{"type":"Feature","properties":{"art":"bar","name":"Bajazzo"},"geometry":{"type":"Point","coordinates":[7.646444,47.52446]}},{"type":"Feature","properties":{"art":"restaurant","name":"Coop Restaurant"},"geometry":{"type":"Point","coordinates":[7.6476,47.527635]}},{"type":"Feature","properties":{"art":"restaurant","name":"Gasthof zum Rebstock"},"geometry":{"type":"Point","coordinates":[7.646099,47.522444]}},{"type":"Feature","properties":{"art":"restaurant","name":"Restaurant zum Wartenberg"},"geometry":{"type":"Point","coordinates":[7.645477,47.521875]}},{"type":"Feature","properties":{"art":"restaurant","name":"Wirtschaft zur Waage"},"geometry":{"type":"Point","coordinates":[7.646157,47.523967]}},{"type":"Feature","properties":{"art":"cafe","name":"Grand Cafe Huguenin"},"geometry":{"type":"Point","coordinates":[7.589972,47.555041]}},{"type":"Feature","properties":{"art":"restaurant","name":"Pizzeria Centro am Barfi"},"geometry":{"type":"Point","coordinates":[7.59003,47.555241]}},{"type":"Feature","properties":{"art":"restaurant","name":"da Roberto"},"geometry":{"type":"Point","coordinates":[7.589336,47.554391]}},{"type":"Feature","properties":{"art":"restaurant","name":"La Vita"},"geometry":{"type":"Point","coordinates":[7.545159,47.552251]}},{"type":"Feature","properties":{"art":"restaurant","name":"St. Alban-Eck"},"geometry":{"type":"Point","coordinates":[7.598495,47.554206]}},{"type":"Feature","properties":{"art":"cafe","name":"Ängel oder Aff"},"geometry":{"type":"Point","coordinates":[7.5864,47.558273]}},{"type":"Feature","properties":{"art":"bibliothek","name":"UB Wirtschaft - SWA"},"geometry":{"type":"Point","coordinates":[7.597735,47.54517]}},{"type":"Feature","properties":{"art":"bibliothek","name":"UB Medizin"},"geometry":{"type":"Point","coordinates":[7.587129,47.560048]}},{"type":"Feature","properties":{"art":"bibliothek","name":"Kunstmuseum Basel Bibliothek"},"geometry":{"type":"Point","coordinates":[7.593514,47.554125]}},{"type":"Feature","properties":{"art":"bibliothek","name":"Vera Oeri-Bibliothek"},"geometry":{"type":"Point","coordinates":[7.585705,47.555558]}},{"type":"Feature","properties":{"art":"bibliothek","name":"Karger-Bibliothek"},"geometry":{"type":"Point","coordinates":[7.582834,47.554526]}},{"type":"Feature","properties":{"art":"bibliothek","name":"Basler Afrika Bibliographien"},"geometry":{"type":"Point","coordinates":[7.589992,47.551836]}},{"type":"Feature","properties":{"art":"restaurant","name":"Vogesenstube"},"geometry":{"type":"Point","coordinates":[7.579555,47.56883]}},{"type":"Feature","properties":{"art":"restaurant","name":"Pizza Point"},"geometry":{"type":"Point","coordinates":[7.580263,47.568463]}},{"type":"Feature","properties":{"art":"restaurant","name":"Restaurant FuTo"},"geometry":{"type":"Point","coordinates":[7.594912,47.544682]}},{"type":"Feature","properties":{"art":"restaurant","name":"XX Large Pizzeria"},"geometry":{"type":"Point","coordinates":[7.611057,47.554728]}},{"type":"Feature","properties":{"art":"restaurant","name":"Bistro Johannes"},"geometry":{"type":"Point","coordinates":[7.574931,47.565297]}},{"type":"Feature","properties":{"art":"kunst","name":"Die Schwebende, der Arzt und der Knabe"},"geometry":{"type":"Point","coordinates":[7.584222,47.562091]}},{"type":"Feature","properties":{"art":"bar","name":"Bücheli"},"geometry":{"type":"Point","coordinates":[7.587945,47.552229]}},{"type":"Feature","properties":{"art":"restaurant","name":"Restaurant Pizzeria Margherita"},"geometry":{"type":"Point","coordinates":[7.587588,47.55184]}},{"type":"Feature","properties":{"art":"kunst","name":"Basiliskenbrunnen"},"geometry":{"type":"Point","coordinates":[7.606838,47.546406]}},{"type":"Feature","properties":{"art":"restaurant","name":"Traube"},"geometry":{"type":"Point","coordinates":[7.570296,47.52204]}},{"type":"Feature","properties":{"art":"bar","name":"Qbarana Lounge Bar"},"geometry":{"type":"Point","coordinates":[7.601811,47.568767]}},{"type":"Feature","properties":{"art":"restaurant","name":"Lima 31"},"geometry":{"type":"Point","coordinates":[7.574814,47.556874]}},{"type":"Feature","properties":{"art":"restaurant","name":"Raststätte Deutscher Rasthof Weil am Rhein"},"geometry":{"type":"Point","coordinates":[7.603769,47.5975]}},{"type":"Feature","properties":{"art":"cafe","name":"Lavazza"},"geometry":{"type":"Point","coordinates":[7.603712,47.597701]}},{"type":"Feature","properties":{"art":"restaurant","name":"Multi Grill"},"geometry":{"type":"Point","coordinates":[7.612236,47.555115]}},{"type":"Feature","properties":{"art":"restaurant","name":"Pizzeria Froburg"},"geometry":{"type":"Point","coordinates":[7.611973,47.55504]}},{"type":"Feature","properties":{"art":"cafe","name":"Jêle Café"},"geometry":{"type":"Point","coordinates":[7.57588,47.566356]}},{"type":"Feature","properties":{"art":"restaurant","name":"Bhf. St. Johann Thairestaurant"},"geometry":{"type":"Point","coordinates":[7.57396,47.570188]}},{"type":"Feature","properties":{"art":"restaurant","name":"Bali Umami Soulfood"},"geometry":{"type":"Point","coordinates":[7.563022,47.564305]}},{"type":"Feature","properties":{"art":"bar","name":"Oetlinger-Buvette"},"geometry":{"type":"Point","coordinates":[7.58652,47.567067]}},{"type":"Feature","properties":{"art":"bar","name":"Volkshaus Basel"},"geometry":{"type":"Point","coordinates":[7.59362,47.561086]}},{"type":"Feature","properties":{"art":"bar","name":"KABAR"},"geometry":{"type":"Point","coordinates":[7.590846,47.563614]}},{"type":"Feature","properties":{"art":"restaurant","name":"Restaurant Le Vauban"},"geometry":{"type":"Point","coordinates":[7.583949,47.592783]}},{"type":"Feature","properties":{"art":"cafe","name":"Café Central"},"geometry":{"type":"Point","coordinates":[7.577365,47.592616]}},{"type":"Feature","properties":{"art":"restaurant","name":"Tapeo Tapas Bar La Terraza"},"geometry":{"type":"Point","coordinates":[7.597422,47.566436]}},{"type":"Feature","properties":{"art":"bar","name":"Oscar One"},"geometry":{"type":"Point","coordinates":[7.588825,47.552903]}},{"type":"Feature","properties":{"art":"bar","name":"Primidoofe Clique Basel 1991 Käller"},"geometry":{"type":"Point","coordinates":[7.589892,47.557882]}},{"type":"Feature","properties":{"art":"restaurant","name":"Rössli"},"geometry":{"type":"Point","coordinates":[7.596641,47.570086]}},{"type":"Feature","properties":{"art":"restaurant","name":"Thai Café"},"geometry":{"type":"Point","coordinates":[7.597369,47.56985]}},{"type":"Feature","properties":{"art":"bar","name":"Nordbar"},"geometry":{"type":"Point","coordinates":[7.595524,47.570448]}},{"type":"Feature","properties":{"art":"restaurant","name":"Che que lomo"},"geometry":{"type":"Point","coordinates":[7.594893,47.570557]}},{"type":"Feature","properties":{"art":"bibliothek","name":"GGG Stadtbibliothek Bläsi"},"geometry":{"type":"Point","coordinates":[7.591119,47.568704]}},{"type":"Feature","properties":{"art":"restaurant","name":"Habesha"},"geometry":{"type":"Point","coordinates":[7.596197,47.570149]}},{"type":"Feature","properties":{"art":"bar","name":"8Bar"},"geometry":{"type":"Point","coordinates":[7.591666,47.560349]}},{"type":"Feature","properties":{"art":"restaurant","name":"Urban Greek"},"geometry":{"type":"Point","coordinates":[7.595611,47.565833]}},{"type":"Feature","properties":{"art":"restaurant","name":"Brauerzunft"},"geometry":{"type":"Point","coordinates":[7.591792,47.560459]}},{"type":"Feature","properties":{"art":"bar","name":"Consum"},"geometry":{"type":"Point","coordinates":[7.592045,47.560239]}},{"type":"Feature","properties":{"art":"cafe","name":"Pulpo"},"geometry":{"type":"Point","coordinates":[7.594153,47.558524]}},{"type":"Feature","properties":{"art":"buehne","name":"Musikpalast"},"geometry":{"type":"Point","coordinates":[7.58763,47.576125]}},{"type":"Feature","properties":{"art":"kunst"},"geometry":{"type":"Point","coordinates":[7.592718,47.582511]}},{"type":"Feature","properties":{"art":"bar","name":"Carambolage"},"geometry":{"type":"Point","coordinates":[7.600423,47.568328]}},{"type":"Feature","properties":{"art":"restaurant","name":"CHiCKPEA"},"geometry":{"type":"Point","coordinates":[7.600916,47.567397]}},{"type":"Feature","properties":{"art":"restaurant","name":"The Chennai Kings"},"geometry":{"type":"Point","coordinates":[7.605371,47.568271]}},{"type":"Feature","properties":{"art":"restaurant","name":"Happy Wok"},"geometry":{"type":"Point","coordinates":[7.605447,47.568157]}},{"type":"Feature","properties":{"art":"cafe","name":"Dolce Vita"},"geometry":{"type":"Point","coordinates":[7.647589,47.582788]}},{"type":"Feature","properties":{"art":"restaurant","name":"Otto Pizza"},"geometry":{"type":"Point","coordinates":[7.597781,47.560353]}},{"type":"Feature","properties":{"art":"bibliothek","name":"GGG Stadtbibliothek Basel West"},"geometry":{"type":"Point","coordinates":[7.5682,47.557385]}},{"type":"Feature","properties":{"art":"restaurant"},"geometry":{"type":"Point","coordinates":[7.62101,47.538908]}},{"type":"Feature","properties":{"art":"restaurant","name":"Café Hallenbad"},"geometry":{"type":"Point","coordinates":[7.636754,47.525942]}},{"type":"Feature","properties":{"art":"restaurant","name":"Job Factory"},"geometry":{"type":"Point","coordinates":[7.608258,47.537095]}},{"type":"Feature","properties":{"art":"restaurant","name":"Anna's Restaurant"},"geometry":{"type":"Point","coordinates":[7.64745,47.533153]}},{"type":"Feature","properties":{"art":"restaurant","name":"Migros Restaurant"},"geometry":{"type":"Point","coordinates":[7.553134,47.547204]}},{"type":"Feature","properties":{"art":"restaurant","name":"Yusuf's"},"geometry":{"type":"Point","coordinates":[7.626648,47.594077]}},{"type":"Feature","properties":{"art":"restaurant","name":"La Diligence"},"geometry":{"type":"Point","coordinates":[7.563245,47.586211]}},{"type":"Feature","properties":{"art":"bar","name":"Le Tyl"},"geometry":{"type":"Point","coordinates":[7.562829,47.586304]}},{"type":"Feature","properties":{"art":"restaurant","name":"Artigiano"},"geometry":{"type":"Point","coordinates":[7.588414,47.55167]}},{"type":"Feature","properties":{"art":"cafe","name":"Weberˋs"},"geometry":{"type":"Point","coordinates":[7.586872,47.545677]}},{"type":"Feature","properties":{"art":"restaurant","name":"La Manufacture Gundeli"},"geometry":{"type":"Point","coordinates":[7.595068,47.544458]}},{"type":"Feature","properties":{"art":"restaurant","name":"Restaurant Sternenfeld"},"geometry":{"type":"Point","coordinates":[7.630049,47.556635]}},{"type":"Feature","properties":{"art":"restaurant","name":"Casanova"},"geometry":{"type":"Point","coordinates":[7.583341,47.557084]}},{"type":"Feature","properties":{"art":"restaurant","name":"Alte Post"},"geometry":{"type":"Point","coordinates":[7.591939,47.547092]}},{"type":"Feature","properties":{"art":"restaurant","name":"Restaurant Habibi"},"geometry":{"type":"Point","coordinates":[7.577467,47.541939]}},{"type":"Feature","properties":{"art":"restaurant","name":"La Manufacture"},"geometry":{"type":"Point","coordinates":[7.590964,47.551904]}},{"type":"Feature","properties":{"art":"restaurant","name":"Luigia"},"geometry":{"type":"Point","coordinates":[7.591191,47.551292]}},{"type":"Feature","properties":{"art":"restaurant","name":"Nua"},"geometry":{"type":"Point","coordinates":[7.597578,47.566009]}},{"type":"Feature","properties":{"art":"buehne","name":"Theater Garage"},"geometry":{"type":"Point","coordinates":[7.588223,47.567144]}},{"type":"Feature","properties":{"art":"restaurant","name":"Shiro"},"geometry":{"type":"Point","coordinates":[7.590599,47.568068]}},{"type":"Feature","properties":{"art":"cafe","name":"Gemeinsam Café"},"geometry":{"type":"Point","coordinates":[7.591026,47.569886]}},{"type":"Feature","properties":{"art":"cafe","name":"Starbucks"},"geometry":{"type":"Point","coordinates":[7.59128,47.555055]}},{"type":"Feature","properties":{"art":"kunst","name":"Basiliskenbrunnen"},"geometry":{"type":"Point","coordinates":[7.580019,47.550905]}},{"type":"Feature","properties":{"art":"restaurant","name":"Eatery 77"},"geometry":{"type":"Point","coordinates":[7.587831,47.557027]}},{"type":"Feature","properties":{"art":"cafe","name":"Espresso"},"geometry":{"type":"Point","coordinates":[7.588608,47.553013]}},{"type":"Feature","properties":{"art":"restaurant","name":"Union Diner"},"geometry":{"type":"Point","coordinates":[7.589039,47.552808]}},{"type":"Feature","properties":{"art":"bibliothek","name":"Bibliothek Schmiedenhof"},"geometry":{"type":"Point","coordinates":[7.587579,47.556815]}},{"type":"Feature","properties":{"art":"buehne","name":"H95 Raum für Kultur"},"geometry":{"type":"Point","coordinates":[7.596294,47.571779]}},{"type":"Feature","properties":{"art":"restaurant","name":"SBB Kantine"},"geometry":{"type":"Point","coordinates":[7.612644,47.540317]}},{"type":"Feature","properties":{"art":"bar","name":"Elfida"},"geometry":{"type":"Point","coordinates":[7.596089,47.570257]}},{"type":"Feature","properties":{"art":"restaurant","name":"Le S"},"geometry":{"type":"Point","coordinates":[7.599338,47.569099]}},{"type":"Feature","properties":{"art":"restaurant","name":"Pho Asia Vietnamese Food"},"geometry":{"type":"Point","coordinates":[7.57437,47.561401]}},{"type":"Feature","properties":{"art":"cafe","name":"Schiesser"},"geometry":{"type":"Point","coordinates":[7.592641,47.553618]}},{"type":"Feature","properties":{"art":"restaurant","name":"Restaurant Aeschenplatz"},"geometry":{"type":"Point","coordinates":[7.595966,47.551276]}},{"type":"Feature","properties":{"art":"bar","name":"Bar Rouge"},"geometry":{"type":"Point","coordinates":[7.601901,47.564456]}},{"type":"Feature","properties":{"art":"restaurant","name":"Boo Messeplatz"},"geometry":{"type":"Point","coordinates":[7.598386,47.564273]}},{"type":"Feature","properties":{"art":"restaurant","name":"namamen Japanese Ramenbar Messe"},"geometry":{"type":"Point","coordinates":[7.599604,47.563748]}},{"type":"Feature","properties":{"art":"restaurant","name":"Käfer Stube"},"geometry":{"type":"Point","coordinates":[7.599922,47.563401]}},{"type":"Feature","properties":{"art":"bar","name":"Club Obsession"},"geometry":{"type":"Point","coordinates":[7.597883,47.563185]}},{"type":"Feature","properties":{"art":"cafe","name":"CaPuccini"},"geometry":{"type":"Point","coordinates":[7.597009,47.562908]}},{"type":"Feature","properties":{"art":"restaurant","name":"Heritage"},"geometry":{"type":"Point","coordinates":[7.599179,47.563178]}},{"type":"Feature","properties":{"art":"restaurant","name":"zem alte Schluuch"},"geometry":{"type":"Point","coordinates":[7.591506,47.560868]}},{"type":"Feature","properties":{"art":"restaurant","name":"Invento"},"geometry":{"type":"Point","coordinates":[7.544815,47.557716]}},{"type":"Feature","properties":{"art":"restaurant","name":"Restaurant im Brüel"},"geometry":{"type":"Point","coordinates":[7.548655,47.557867]}},{"type":"Feature","properties":{"art":"cafe","name":"Café Bar Rosenkranz"},"geometry":{"type":"Point","coordinates":[7.576271,47.56343]}},{"type":"Feature","properties":{"art":"restaurant","name":"Trattoria Bar Da Sonny"},"geometry":{"type":"Point","coordinates":[7.576382,47.568056]}},{"type":"Feature","properties":{"art":"bar","name":"Volta Bräu"},"geometry":{"type":"Point","coordinates":[7.579546,47.570967]}},{"type":"Feature","properties":{"art":"bar","name":"Escape Bar"},"geometry":{"type":"Point","coordinates":[7.578068,47.570411]}},{"type":"Feature","properties":{"art":"restaurant","name":"Dalbedych"},"geometry":{"type":"Point","coordinates":[7.620861,47.548064]}},{"type":"Feature","properties":{"art":"cafe","name":"Sutter Begg"},"geometry":{"type":"Point","coordinates":[7.620856,47.547212]}},{"type":"Feature","properties":{"art":"restaurant","name":"Pompeji"},"geometry":{"type":"Point","coordinates":[7.623737,47.593805]}},{"type":"Feature","properties":{"art":"restaurant","name":"Latini"},"geometry":{"type":"Point","coordinates":[7.589359,47.555548]}},{"type":"Feature","properties":{"art":"restaurant","name":"Valentino's Place"},"geometry":{"type":"Point","coordinates":[7.590881,47.565849]}},{"type":"Feature","properties":{"art":"bar","name":"Flore"},"geometry":{"type":"Point","coordinates":[7.591277,47.564807]}},{"type":"Feature","properties":{"art":"bar","name":"Didi Offensiv - Fussballkulturbar"},"geometry":{"type":"Point","coordinates":[7.589331,47.565687]}},{"type":"Feature","properties":{"art":"cafe","name":"Zytigs-Stübli"},"geometry":{"type":"Point","coordinates":[7.608954,47.569695]}},{"type":"Feature","properties":{"art":"restaurant","name":"Museumsbistro Rollerhof"},"geometry":{"type":"Point","coordinates":[7.590932,47.55719]}},{"type":"Feature","properties":{"art":"restaurant","name":"Milchhüsli"},"geometry":{"type":"Point","coordinates":[7.574944,47.561151]}},{"type":"Feature","properties":{"art":"restaurant","name":"Lily's"},"geometry":{"type":"Point","coordinates":[7.594006,47.561205]}},{"type":"Feature","properties":{"art":"restaurant","name":"Basso"},"geometry":{"type":"Point","coordinates":[7.583451,47.57342]}},{"type":"Feature","properties":{"art":"kino","name":"Kult Kino Camera"},"geometry":{"type":"Point","coordinates":[7.594075,47.561117]}},{"type":"Feature","properties":{"art":"cafe","name":"Internetcafé Planet13"},"geometry":{"type":"Point","coordinates":[7.591344,47.56559]}},{"type":"Feature","properties":{"art":"restaurant","name":"Hüningen Grill"},"geometry":{"type":"Point","coordinates":[7.589918,47.578283]}},{"type":"Feature","properties":{"art":"restaurant","name":"Alessia"},"geometry":{"type":"Point","coordinates":[7.634128,47.53556]}},{"type":"Feature","properties":{"art":"bar","name":"La Huninguoise"},"geometry":{"type":"Point","coordinates":[7.587579,47.591664]}},{"type":"Feature","properties":{"art":"restaurant","name":"La Piazzetta"},"geometry":{"type":"Point","coordinates":[7.584476,47.592602]}},{"type":"Feature","properties":{"art":"restaurant","name":"As Kebap Alaturka"},"geometry":{"type":"Point","coordinates":[7.583545,47.592806]}},{"type":"Feature","properties":{"art":"kunst","name":"Basiliskenbrunnen"},"geometry":{"type":"Point","coordinates":[7.598821,47.54785]}},{"type":"Feature","properties":{"art":"bibliothek","name":"Bibliothek Bottmingen"},"geometry":{"type":"Point","coordinates":[7.570884,47.524308]}},{"type":"Feature","properties":{"art":"restaurant","name":"Porte de France"},"geometry":{"type":"Point","coordinates":[7.571899,47.577478]}},{"type":"Feature","properties":{"art":"kino","name":"kult.kino"},"geometry":{"type":"Point","coordinates":[7.590402,47.553587]}},{"type":"Feature","properties":{"art":"restaurant","name":"Mendoza Argentinisches Steakhouse."},"geometry":{"type":"Point","coordinates":[7.594298,47.590806]}},{"type":"Feature","properties":{"art":"restaurant","name":"Manger&Boire"},"geometry":{"type":"Point","coordinates":[7.589085,47.555197]}},{"type":"Feature","properties":{"art":"bar","name":"Johanniter Café - Bar"},"geometry":{"type":"Point","coordinates":[7.583406,47.564529]}},{"type":"Feature","properties":{"art":"cafe","name":"Creperie O'Regal"},"geometry":{"type":"Point","coordinates":[7.582271,47.593451]}},{"type":"Feature","properties":{"art":"kunst","name":"Basiliskenbrunnen"},"geometry":{"type":"Point","coordinates":[7.593184,47.558896]}},{"type":"Feature","properties":{"art":"restaurant","name":"Zur Mägd"},"geometry":{"type":"Point","coordinates":[7.584108,47.563773]}},{"type":"Feature","properties":{"art":"cafe","name":"Smilla"},"geometry":{"type":"Point","coordinates":[7.562675,47.546341]}},{"type":"Feature","properties":{"art":"bar","name":"Moon"},"geometry":{"type":"Point","coordinates":[7.595072,47.561893]}},{"type":"Feature","properties":{"art":"museum","name":"Hoosesagg Museum"},"geometry":{"type":"Point","coordinates":[7.585813,47.557991]}},{"type":"Feature","properties":{"art":"cafe","name":"Eccetera"},"geometry":{"type":"Point","coordinates":[7.57883,47.561123]}},{"type":"Feature","properties":{"art":"restaurant","name":"New Bombay am Rhein"},"geometry":{"type":"Point","coordinates":[7.586193,47.561669]}},{"type":"Feature","properties":{"art":"restaurant","name":"Sri Veda"},"geometry":{"type":"Point","coordinates":[7.583539,47.564904]}},{"type":"Feature","properties":{"art":"restaurant","name":"Rhy Imbiss"},"geometry":{"type":"Point","coordinates":[7.583494,47.564422]}},{"type":"Feature","properties":{"art":"restaurant","name":"Ackermannshof"},"geometry":{"type":"Point","coordinates":[7.584624,47.56311]}},{"type":"Feature","properties":{"art":"buehne","name":"Hans Huber-Saal"},"geometry":{"type":"Point","coordinates":[7.590373,47.554175]}},{"type":"Feature","properties":{"art":"restaurant","name":"Zum Isaak"},"geometry":{"type":"Point","coordinates":[7.591258,47.556419]}},{"type":"Feature","properties":{"art":"kunst","name":"So weit das Auge"},"geometry":{"type":"Point","coordinates":[7.546156,47.552319]}},{"type":"Feature","properties":{"art":"restaurant","name":"Portofino Basel"},"geometry":{"type":"Point","coordinates":[7.587127,47.561076]}},{"type":"Feature","properties":{"art":"bibliothek","name":"GGG Stadtbibliothek Gundeldingen"},"geometry":{"type":"Point","coordinates":[7.59481,47.542839]}},{"type":"Feature","properties":{"art":"restaurant","name":"LoLa"},"geometry":{"type":"Point","coordinates":[7.577154,47.568424]}},{"type":"Feature","properties":{"art":"restaurant","name":"Paparazzi"},"geometry":{"type":"Point","coordinates":[7.592583,47.590772]}},{"type":"Feature","properties":{"art":"restaurant","name":"Tell3"},"geometry":{"type":"Point","coordinates":[7.594236,47.543208]}},{"type":"Feature","properties":{"art":"bibliothek","name":"GGG Stadtbibliothek Breite"},"geometry":{"type":"Point","coordinates":[7.61428,47.555841]}},{"type":"Feature","properties":{"art":"bibliothek","name":"GGG Stadtbibliothek Neubad"},"geometry":{"type":"Point","coordinates":[7.559858,47.54606]}},{"type":"Feature","properties":{"art":"bibliothek","name":"GGG Stadtbibliothek Hirzbrunnen"},"geometry":{"type":"Point","coordinates":[7.619641,47.565961]}},{"type":"Feature","properties":{"art":"restaurant","name":"CTR Chicken"},"geometry":{"type":"Point","coordinates":[7.597459,47.590986]}},{"type":"Feature","properties":{"art":"cafe","name":"Confiserie Bachmann"},"geometry":{"type":"Point","coordinates":[7.58875,47.555829]}},{"type":"Feature","properties":{"art":"restaurant","name":"Bajwa-Palace"},"geometry":{"type":"Point","coordinates":[7.59116,47.550918]}},{"type":"Feature","properties":{"art":"restaurant","name":"Kulturcafé im Kesselhaus"},"geometry":{"type":"Point","coordinates":[7.60012,47.591596]}},{"type":"Feature","properties":{"art":"bibliothek","name":"FHNW Bibliothek Muttenz"},"geometry":{"type":"Point","coordinates":[7.641667,47.535013]}},{"type":"Feature","properties":{"art":"bibliothek","name":"Mediothek Gymnasium Muttenz"},"geometry":{"type":"Point","coordinates":[7.640897,47.533059]}},{"type":"Feature","properties":{"art":"restaurant","name":"Gartenstadt"},"geometry":{"type":"Point","coordinates":[7.606664,47.520203]}},{"type":"Feature","properties":{"art":"restaurant","name":"Ramazzotti"},"geometry":{"type":"Point","coordinates":[7.587229,47.557637]}},{"type":"Feature","properties":{"art":"restaurant","name":"Coop Restaurant"},"geometry":{"type":"Point","coordinates":[7.587687,47.557591]}},{"type":"Feature","properties":{"art":"restaurant","name":"Restaurant Schnabel"},"geometry":{"type":"Point","coordinates":[7.586765,47.556786]}},{"type":"Feature","properties":{"art":"restaurant","name":"Gifthüttli"},"geometry":{"type":"Point","coordinates":[7.586852,47.558158]}},{"type":"Feature","properties":{"art":"restaurant","name":"Molino"},"geometry":{"type":"Point","coordinates":[7.588023,47.551995]}},{"type":"Feature","properties":{"art":"cafe","name":"Zuggerbegg Bubeck"},"geometry":{"type":"Point","coordinates":[7.596603,47.562503]}},{"type":"Feature","properties":{"art":"restaurant","name":"Zum Schmale Wurf"},"geometry":{"type":"Point","coordinates":[7.591679,47.560275]}},{"type":"Feature","properties":{"art":"restaurant","name":"zum Rebhaus"},"geometry":{"type":"Point","coordinates":[7.59542,47.559117]}},{"type":"Feature","properties":{"art":"restaurant","name":"Restaurant Torstübli"},"geometry":{"type":"Point","coordinates":[7.596187,47.559686]}},{"type":"Feature","properties":{"art":"restaurant","name":"Trattoria Il Nuraghe"},"geometry":{"type":"Point","coordinates":[7.645543,47.523854]}},{"type":"Feature","properties":{"art":"restaurant","name":"Roter Bären"},"geometry":{"type":"Point","coordinates":[7.591527,47.561681]}},{"type":"Feature","properties":{"art":"restaurant","name":"Kulturbeiz 113"},"geometry":{"type":"Point","coordinates":[7.601273,47.557914]}},{"type":"Feature","properties":{"art":"cafe","name":"SMUK Café Bar"},"geometry":{"type":"Point","coordinates":[7.595896,47.567226]}},{"type":"Feature","properties":{"art":"restaurant","name":"Avant-Gouz"},"geometry":{"type":"Point","coordinates":[7.594873,47.567717]}},{"type":"Feature","properties":{"art":"restaurant","name":"Restauration zur Harmonie"},"geometry":{"type":"Point","coordinates":[7.584392,47.5572]}},{"type":"Feature","properties":{"art":"cafe","name":"Bio Bistro"},"geometry":{"type":"Point","coordinates":[7.592107,47.540626]}},{"type":"Feature","properties":{"art":"buehne","name":"Theater BAU3"},"geometry":{"type":"Point","coordinates":[7.592934,47.541416]}},{"type":"Feature","properties":{"art":"cafe","name":"Gasparini Glaces"},"geometry":{"type":"Point","coordinates":[7.592211,47.540718]}},{"type":"Feature","properties":{"art":"cafe","name":"Confiserie Schiesser Tea-Room"},"geometry":{"type":"Point","coordinates":[7.587387,47.558084]}},{"type":"Feature","properties":{"art":"museum","name":"Villa Renata"},"geometry":{"type":"Point","coordinates":[7.578844,47.557563]}},{"type":"Feature","properties":{"art":"museum","name":"Ackermannshof"},"geometry":{"type":"Point","coordinates":[7.584595,47.563164]}},{"type":"Feature","properties":{"art":"treff","name":"FAZ Familienzentrum Gundeli"},"geometry":{"type":"Point","coordinates":[7.593203,47.541693]}},{"type":"Feature","properties":{"art":"badi","name":"Hallenschwimmbad Neuallschwil"},"geometry":{"type":"Point","coordinates":[7.555405,47.555218]}},{"type":"Feature","properties":{"art":"restaurant","name":"Hans im Glück"},"geometry":{"type":"Point","coordinates":[7.589084,47.553851]}},{"type":"Feature","properties":{"art":"restaurant","name":"Besenstiel"},"geometry":{"type":"Point","coordinates":[7.589831,47.552287]}},{"type":"Feature","properties":{"art":"restaurant","name":"Elsbethenstübli"},"geometry":{"type":"Point","coordinates":[7.590898,47.551129]}},{"type":"Feature","properties":{"art":"cafe","name":"Sutter Begg"},"geometry":{"type":"Point","coordinates":[7.57435,47.541672]}},{"type":"Feature","properties":{"art":"kunst","name":"L’aube"},"geometry":{"type":"Point","coordinates":[7.597103,47.547521]}},{"type":"Feature","properties":{"art":"kunst","name":"Eisenplastik (ohne Titel)"},"geometry":{"type":"Point","coordinates":[7.600979,47.549164]}},{"type":"Feature","properties":{"art":"kunst","name":"Artisten"},"geometry":{"type":"Point","coordinates":[7.598772,47.54718]}},{"type":"Feature","properties":{"art":"kunst","name":"Reifenspringer"},"geometry":{"type":"Point","coordinates":[7.598632,47.547179]}},{"type":"Feature","properties":{"art":"kunst","name":"Basiliskenbrunnen"},"geometry":{"type":"Point","coordinates":[7.606522,47.549564]}},{"type":"Feature","properties":{"art":"kunst","name":"Die Schwebende"},"geometry":{"type":"Point","coordinates":[7.604536,47.55296]}},{"type":"Feature","properties":{"art":"bar","name":"RENÉE"},"geometry":{"type":"Point","coordinates":[7.5914,47.562593]}},{"type":"Feature","properties":{"art":"restaurant","name":"Casino"},"geometry":{"type":"Point","coordinates":[7.594703,47.542882]}},{"type":"Feature","properties":{"art":"kunst","name":"Welt-Ereignis"},"geometry":{"type":"Point","coordinates":[7.544257,47.552854]}},{"type":"Feature","properties":{"art":"restaurant","name":"Knock on Wood"},"geometry":{"type":"Point","coordinates":[7.594844,47.543572]}},{"type":"Feature","properties":{"art":"restaurant","name":"Krishna"},"geometry":{"type":"Point","coordinates":[7.580543,47.568176]}},{"type":"Feature","properties":{"art":"kunst","name":"Die Endlose Birsiglinie"},"geometry":{"type":"Point","coordinates":[7.583403,47.549686]}},{"type":"Feature","properties":{"art":"cafe","name":"Grand Café Bar"},"geometry":{"type":"Point","coordinates":[7.595269,47.561985]}},{"type":"Feature","properties":{"art":"cafe","name":"Atelier du Monde"},"geometry":{"type":"Point","coordinates":[7.591951,47.526776]}},{"type":"Feature","properties":{"art":"kunst","name":"Hammering Man"},"geometry":{"type":"Point","coordinates":[7.596373,47.551436]}},{"type":"Feature","properties":{"art":"buehne","name":"Keck Kiosk"},"geometry":{"type":"Point","coordinates":[7.591386,47.563733]}},{"type":"Feature","properties":{"art":"restaurant","name":"RhyWyera"},"geometry":{"type":"Point","coordinates":[7.590597,47.561092]}},{"type":"Feature","properties":{"art":"bibliothek","name":"Bibliothek Niederholz"},"geometry":{"type":"Point","coordinates":[7.635969,47.571553]}},{"type":"Feature","properties":{"art":"treff","name":"Tohuwabohu"},"geometry":{"type":"Point","coordinates":[7.602056,47.572195]}},{"type":"Feature","properties":{"art":"restaurant","name":"UBS Coffee & Shop Il Giardino"},"geometry":{"type":"Point","coordinates":[7.597829,47.550809]}},{"type":"Feature","properties":{"art":"restaurant","name":"Beschle Café & Deli"},"geometry":{"type":"Point","coordinates":[7.597042,47.549848]}},{"type":"Feature","properties":{"art":"restaurant","name":"River Square"},"geometry":{"type":"Point","coordinates":[7.602286,47.54074]}},{"type":"Feature","properties":{"art":"buehne","name":"Tanzstudio you dance"},"geometry":{"type":"Point","coordinates":[7.601999,47.539793]}},{"type":"Feature","properties":{"art":"restaurant","name":"Tuk Tuk"},"geometry":{"type":"Point","coordinates":[7.582256,47.553563]}},{"type":"Feature","properties":{"art":"restaurant","name":"Mezem"},"geometry":{"type":"Point","coordinates":[7.588891,47.544842]}},{"type":"Feature","properties":{"art":"restaurant","name":"VITO"},"geometry":{"type":"Point","coordinates":[7.58918,47.544759]}},{"type":"Feature","properties":{"art":"restaurant","name":"Spark - Wine & Coffee Bar"},"geometry":{"type":"Point","coordinates":[7.590962,47.544072]}},{"type":"Feature","properties":{"art":"restaurant","name":"Bori"},"geometry":{"type":"Point","coordinates":[7.590803,47.544497]}},{"type":"Feature","properties":{"art":"restaurant","name":"Indian Tandoori Palace"},"geometry":{"type":"Point","coordinates":[7.584897,47.559848]}},{"type":"Feature","properties":{"art":"restaurant","name":"Za Zaa"},"geometry":{"type":"Point","coordinates":[7.585199,47.560304]}},{"type":"Feature","properties":{"art":"bar","name":"Grenzwert"},"geometry":{"type":"Point","coordinates":[7.591581,47.561875]}},{"type":"Feature","properties":{"art":"restaurant","name":"Cantina E9"},"geometry":{"type":"Point","coordinates":[7.581949,47.55433]}},{"type":"Feature","properties":{"art":"restaurant","name":"Antalya"},"geometry":{"type":"Point","coordinates":[7.583866,47.556555]}},{"type":"Feature","properties":{"art":"restaurant","name":"Tadim Grill Haus"},"geometry":{"type":"Point","coordinates":[7.614689,47.592613]}},{"type":"Feature","properties":{"art":"restaurant","name":"Flame Burger Grill"},"geometry":{"type":"Point","coordinates":[7.639993,47.591656]}},{"type":"Feature","properties":{"art":"bibliothek","name":"Bibliothek für Gestaltung Basel"},"geometry":{"type":"Point","coordinates":[7.61087,47.532468]}},{"type":"Feature","properties":{"art":"bibliothek","name":"Stiftung Gartenbaubibliothek Basel"},"geometry":{"type":"Point","coordinates":[7.611063,47.532633]}},{"type":"Feature","properties":{"art":"bar","name":"Balz"},"geometry":{"type":"Point","coordinates":[7.587515,47.552269]}},{"type":"Feature","properties":{"art":"restaurant","name":"Walliser Kanne"},"geometry":{"type":"Point","coordinates":[7.58857,47.555844]}},{"type":"Feature","properties":{"art":"bar","name":"Soho Bar"},"geometry":{"type":"Point","coordinates":[7.587803,47.552157]}},{"type":"Feature","properties":{"art":"bibliothek","name":"Archiv der Basler Mission/mission 21"},"geometry":{"type":"Point","coordinates":[7.578,47.559072]}},{"type":"Feature","properties":{"art":"restaurant","name":"Boo"},"geometry":{"type":"Point","coordinates":[7.593658,47.552461]}},{"type":"Feature","properties":{"art":"cafe","name":"Da Graziella"},"geometry":{"type":"Point","coordinates":[7.592742,47.552788]}},{"type":"Feature","properties":{"art":"cafe","name":"Da Graziella"},"geometry":{"type":"Point","coordinates":[7.599351,47.540197]}},{"type":"Feature","properties":{"art":"cafe","name":"Da Graziella"},"geometry":{"type":"Point","coordinates":[7.620246,47.54077]}},{"type":"Feature","properties":{"art":"bar","name":"Elysia"},"geometry":{"type":"Point","coordinates":[7.607452,47.531681]}},{"type":"Feature","properties":{"art":"restaurant","name":"Kastanienhof"},"geometry":{"type":"Point","coordinates":[7.583847,47.553853]}},{"type":"Feature","properties":{"art":"bar","name":"Valhalla"},"geometry":{"type":"Point","coordinates":[7.585967,47.553067]}},{"type":"Feature","properties":{"art":"kunst","name":"Basiliskenbrunnen"},"geometry":{"type":"Point","coordinates":[7.582624,47.554265]}},{"type":"Feature","properties":{"art":"treff","name":"Kinder- und Jugenddienst"},"geometry":{"type":"Point","coordinates":[7.584143,47.553806]}},{"type":"Feature","properties":{"art":"restaurant","name":"Café Gupi"},"geometry":{"type":"Point","coordinates":[7.629269,47.594741]}},{"type":"Feature","properties":{"art":"bar","name":"Grotto"},"geometry":{"type":"Point","coordinates":[7.591766,47.562181]}},{"type":"Feature","properties":{"art":"bar","name":"Muusfalle"},"geometry":{"type":"Point","coordinates":[7.591687,47.562153]}},{"type":"Feature","properties":{"art":"bar","name":"Captain Cook Bar"},"geometry":{"type":"Point","coordinates":[7.591488,47.562287]}},{"type":"Feature","properties":{"art":"cafe","name":"McCafé"},"geometry":{"type":"Point","coordinates":[7.588549,47.548427]}},{"type":"Feature","properties":{"art":"restaurant","name":"Johann"},"geometry":{"type":"Point","coordinates":[7.620863,47.59065]}},{"type":"Feature","properties":{"art":"buehne","name":"Stellwerk"},"geometry":{"type":"Point","coordinates":[7.572634,47.570328]}},{"type":"Feature","properties":{"art":"cafe","name":"Creperie am Kohlenberg"},"geometry":{"type":"Point","coordinates":[7.588198,47.554341]}},{"type":"Feature","properties":{"art":"bar","name":"Café des Arts"},"geometry":{"type":"Point","coordinates":[7.590022,47.554916]}},{"type":"Feature","properties":{"art":"bar","name":"Bar du Nord"},"geometry":{"type":"Point","coordinates":[7.60655,47.568121]}},{"type":"Feature","properties":{"art":"bar","name":"Kaschemme"},"geometry":{"type":"Point","coordinates":[7.620512,47.543518]}},{"type":"Feature","properties":{"art":"kunst","name":"Diplodocus"},"geometry":{"type":"Point","coordinates":[7.591275,47.528145]}},{"type":"Feature","properties":{"art":"museum","name":"BelleVue - Ort für Fotografie"},"geometry":{"type":"Point","coordinates":[7.589441,47.566474]}},{"type":"Feature","properties":{"art":"restaurant","name":"Nón Lá"},"geometry":{"type":"Point","coordinates":[7.583002,47.557198]}},{"type":"Feature","properties":{"art":"restaurant","name":"Bayleaf Gourmet Indian Restaurant"},"geometry":{"type":"Point","coordinates":[7.576711,47.554143]}},{"type":"Feature","properties":{"art":"restaurant","name":"Ristorante La Vela"},"geometry":{"type":"Point","coordinates":[7.580706,47.550545]}},{"type":"Feature","properties":{"art":"restaurant","name":"Bistrot Crescenda"},"geometry":{"type":"Point","coordinates":[7.576938,47.552546]}},{"type":"Feature","properties":{"art":"cafe","name":"Leckerlimanufaktur Spalentor"},"geometry":{"type":"Point","coordinates":[7.580732,47.557781]}},{"type":"Feature","properties":{"art":"restaurant","name":"DON'O Restaurant & Bar"},"geometry":{"type":"Point","coordinates":[7.583835,47.556956]}},{"type":"Feature","properties":{"art":"cafe","name":"LaDiva"},"geometry":{"type":"Point","coordinates":[7.573453,47.557349]}},{"type":"Feature","properties":{"art":"restaurant","name":"Centro USB"},"geometry":{"type":"Point","coordinates":[7.581705,47.561595]}},{"type":"Feature","properties":{"art":"cafe","name":"Centrino USB"},"geometry":{"type":"Point","coordinates":[7.581842,47.561594]}},{"type":"Feature","properties":{"art":"cafe","name":"Giardino USB"},"geometry":{"type":"Point","coordinates":[7.583033,47.56213]}},{"type":"Feature","properties":{"art":"cafe","name":"Kaffeekanne"},"geometry":{"type":"Point","coordinates":[7.571512,47.560385]}},{"type":"Feature","properties":{"art":"bar","name":"Bar Amici Mici"},"geometry":{"type":"Point","coordinates":[7.567884,47.557159]}},{"type":"Feature","properties":{"art":"restaurant","name":"Baba's Döner Pizza"},"geometry":{"type":"Point","coordinates":[7.580492,47.555817]}},{"type":"Feature","properties":{"art":"restaurant","name":"Rossini"},"geometry":{"type":"Point","coordinates":[7.575459,47.555523]}},{"type":"Feature","properties":{"art":"restaurant","name":"Depot Deli"},"geometry":{"type":"Point","coordinates":[7.614577,47.599678]}},{"type":"Feature","properties":{"art":"restaurant"},"geometry":{"type":"Point","coordinates":[7.607242,47.549]}},{"type":"Feature","properties":{"art":"restaurant"},"geometry":{"type":"Point","coordinates":[7.602905,47.551134]}},{"type":"Feature","properties":{"art":"restaurant","name":"St. Alban Stübli"},"geometry":{"type":"Point","coordinates":[7.5992,47.554063]}},{"type":"Feature","properties":{"art":"restaurant","name":"Kelim"},"geometry":{"type":"Point","coordinates":[7.588515,47.553822]}},{"type":"Feature","properties":{"art":"cafe","name":"Frozen Yogurt"},"geometry":{"type":"Point","coordinates":[7.587494,47.560106]}},{"type":"Feature","properties":{"art":"cafe","name":"Confiserie Bachmann"},"geometry":{"type":"Point","coordinates":[7.587567,47.56001]}},{"type":"Feature","properties":{"art":"restaurant","name":"Ristorante Fiorentina"},"geometry":{"type":"Point","coordinates":[7.58736,47.560758]}},{"type":"Feature","properties":{"art":"kunst","name":"Basiliskenbrunnen"},"geometry":{"type":"Point","coordinates":[7.571719,47.560447]}},{"type":"Feature","properties":{"art":"restaurant","name":"La Vongola"},"geometry":{"type":"Point","coordinates":[7.568711,47.550294]}},{"type":"Feature","properties":{"art":"bar","name":"Sandoase"},"geometry":{"type":"Point","coordinates":[7.589584,47.588116]}},{"type":"Feature","properties":{"art":"cafe","name":"Trend Café"},"geometry":{"type":"Point","coordinates":[7.579286,47.558214]}},{"type":"Feature","properties":{"art":"kunst","name":"Denkmal der Dankbarkeit"},"geometry":{"type":"Point","coordinates":[7.57662,47.553541]}},{"type":"Feature","properties":{"art":"kunst","name":"Head through Belly"},"geometry":{"type":"Point","coordinates":[7.575675,47.552969]}},{"type":"Feature","properties":{"art":"restaurant","name":"Cube"},"geometry":{"type":"Point","coordinates":[7.642469,47.534919]}},{"type":"Feature","properties":{"art":"bar","name":"The Red Fox Pub"},"geometry":{"type":"Point","coordinates":[7.584098,47.591668]}},{"type":"Feature","properties":{"art":"bar","name":"Bridge Bar"},"geometry":{"type":"Point","coordinates":[7.57368,47.570393]}},{"type":"Feature","properties":{"art":"cafe","name":"La Sprezza"},"geometry":{"type":"Point","coordinates":[7.588896,47.555926]}},{"type":"Feature","properties":{"art":"cafe","name":"Naturbad Riehen"},"geometry":{"type":"Point","coordinates":[7.645367,47.592382]}},{"type":"Feature","properties":{"art":"restaurant","name":"Bacio Italian City Food"},"geometry":{"type":"Point","coordinates":[7.584618,47.591705]}},{"type":"Feature","properties":{"art":"restaurant","name":"Pizza Melsa"},"geometry":{"type":"Point","coordinates":[7.604584,47.524763]}},{"type":"Feature","properties":{"art":"restaurant","name":"RESTAURANT ASIATIQUE WOK 68"},"geometry":{"type":"Point","coordinates":[7.564462,47.586109]}},{"type":"Feature","properties":{"art":"bibliothek","name":"Bibliothèque municipale de Huningue"},"geometry":{"type":"Point","coordinates":[7.584276,47.591546]}},{"type":"Feature","properties":{"art":"restaurant","name":"Gasthaus Schwanen"},"geometry":{"type":"Point","coordinates":[7.631958,47.59394]}},{"type":"Feature","properties":{"art":"buehne","name":"Ostquai"},"geometry":{"type":"Point","coordinates":[7.5918,47.586667]}},{"type":"Feature","properties":{"art":"restaurant","name":"Sushi Tenzan"},"geometry":{"type":"Point","coordinates":[7.594191,47.541705]}},{"type":"Feature","properties":{"art":"restaurant","name":"Mondo"},"geometry":{"type":"Point","coordinates":[7.595465,47.541022]}},{"type":"Feature","properties":{"art":"restaurant","name":"Taksim Restaurant"},"geometry":{"type":"Point","coordinates":[7.615473,47.592691]}},{"type":"Feature","properties":{"art":"kunst","name":"\"Parigi\""},"geometry":{"type":"Point","coordinates":[7.615543,47.592178]}},{"type":"Feature","properties":{"art":"kunst","name":"Maxistuhl"},"geometry":{"type":"Point","coordinates":[7.593761,47.591201]}},{"type":"Feature","properties":{"art":"kunst","name":"Maxistuhl"},"geometry":{"type":"Point","coordinates":[7.595644,47.590905]}},{"type":"Feature","properties":{"art":"kunst"},"geometry":{"type":"Point","coordinates":[7.588044,47.5916]}},{"type":"Feature","properties":{"art":"restaurant","name":"Osteria Little Italy"},"geometry":{"type":"Point","coordinates":[7.586432,47.550563]}},{"type":"Feature","properties":{"art":"bar","name":"Landesstelle"},"geometry":{"type":"Point","coordinates":[7.585858,47.578162]}},{"type":"Feature","properties":{"art":"restaurant","name":"Green Bento"},"geometry":{"type":"Point","coordinates":[7.587326,47.557017]}},{"type":"Feature","properties":{"art":"restaurant","name":"Schloss Bottmingen"},"geometry":{"type":"Point","coordinates":[7.57017,47.52368]}},{"type":"Feature","properties":{"art":"restaurant","name":"Restaurant Bundesbahn"},"geometry":{"type":"Point","coordinates":[7.595527,47.544561]}},{"type":"Feature","properties":{"art":"restaurant","name":"Restaurant Schloss Binningen"},"geometry":{"type":"Point","coordinates":[7.574577,47.536772]}},{"type":"Feature","properties":{"art":"kunst","name":"Janus"},"geometry":{"type":"Point","coordinates":[7.585709,47.561739]}},{"type":"Feature","properties":{"art":"bar","name":"Saxophon Bar"},"geometry":{"type":"Point","coordinates":[7.589593,47.553722]}},{"type":"Feature","properties":{"art":"museum","name":"Rappaz Museum"},"geometry":{"type":"Point","coordinates":[7.590387,47.56164]}},{"type":"Feature","properties":{"art":"museum","name":"Museum Weiler Textilgeschichte"},"geometry":{"type":"Point","coordinates":[7.600182,47.591403]}},{"type":"Feature","properties":{"art":"restaurant","name":"Stadtkeller"},"geometry":{"type":"Point","coordinates":[7.587545,47.559447]}},{"type":"Feature","properties":{"art":"bibliothek","name":"UB Hauptbibliothek"},"geometry":{"type":"Point","coordinates":[7.580911,47.559723]}},{"type":"Feature","properties":{"art":"bibliothek","name":"Bibliothek Altertumswissenschaften"},"geometry":{"type":"Point","coordinates":[7.584616,47.557628]}},{"type":"Feature","properties":{"art":"bibliothek","name":"Bibliothek Museum der Kulturen / Ethnologisches Seminar"},"geometry":{"type":"Point","coordinates":[7.590704,47.556936]}},{"type":"Feature","properties":{"art":"kunst","name":"Nana Gwendolyn"},"geometry":{"type":"Point","coordinates":[7.611356,47.559271]}},{"type":"Feature","properties":{"art":"kunst","name":"Schwimmwasserplastik"},"geometry":{"type":"Point","coordinates":[7.611725,47.559245]}},{"type":"Feature","properties":{"art":"kino","name":"Stadtkino Basel"},"geometry":{"type":"Point","coordinates":[7.590796,47.553167]}},{"type":"Feature","properties":{"art":"cafe","name":"Magical Cafe"},"geometry":{"type":"Point","coordinates":[7.599361,47.569975]}},{"type":"Feature","properties":{"art":"cafe","name":"Zum Backofen"},"geometry":{"type":"Point","coordinates":[7.611013,47.567299]}},{"type":"Feature","properties":{"art":"restaurant","name":"Predigerhof"},"geometry":{"type":"Point","coordinates":[7.589481,47.514791]}},{"type":"Feature","properties":{"art":"restaurant","name":"Ufer7"},"geometry":{"type":"Point","coordinates":[7.590638,47.561045]}},{"type":"Feature","properties":{"art":"kunst","name":"Saint-Louis"},"geometry":{"type":"Point","coordinates":[7.559064,47.590326]}},{"type":"Feature","properties":{"art":"museum","name":"Kunsthalle Basel"},"geometry":{"type":"Point","coordinates":[7.591253,47.553664]}},{"type":"Feature","properties":{"art":"cafe","name":"Kafka am Strand"},"geometry":{"type":"Point","coordinates":[7.591179,47.554488]}},{"type":"Feature","properties":{"art":"kino","name":"Pathé"},"geometry":{"type":"Point","coordinates":[7.588307,47.552308]}},{"type":"Feature","properties":{"art":"bar","name":"Phoenix"},"geometry":{"type":"Point","coordinates":[7.588939,47.552472]}},{"type":"Feature","properties":{"art":"restaurant","name":"Küchlin"},"geometry":{"type":"Point","coordinates":[7.588461,47.552469]}},{"type":"Feature","properties":{"art":"restaurant","name":"El Mexicano"},"geometry":{"type":"Point","coordinates":[7.587587,47.551935]}},{"type":"Feature","properties":{"art":"bar","name":"Boulevard"},"geometry":{"type":"Point","coordinates":[7.587734,47.55206]}},{"type":"Feature","properties":{"art":"museum","name":"Galerie Lokal"},"geometry":{"type":"Point","coordinates":[7.588227,47.555765]}},{"type":"Feature","properties":{"art":"bar","name":"Schluggstube"},"geometry":{"type":"Point","coordinates":[7.588242,47.5559]}},{"type":"Feature","properties":{"art":"restaurant","name":"Artigiano"},"geometry":{"type":"Point","coordinates":[7.58866,47.551826]}},{"type":"Feature","properties":{"art":"buehne","name":"Kleinkunstbühne Rampe"},"geometry":{"type":"Point","coordinates":[7.58281,47.552698]}},{"type":"Feature","properties":{"art":"restaurant","name":"LA"},"geometry":{"type":"Point","coordinates":[7.584846,47.562809]}},{"type":"Feature","properties":{"art":"cafe","name":"Café Hebel"},"geometry":{"type":"Point","coordinates":[7.58443,47.55958]}},{"type":"Feature","properties":{"art":"kunst","name":"Johann-Peter-Hebel-Büste"},"geometry":{"type":"Point","coordinates":[7.584654,47.559282]}},{"type":"Feature","properties":{"art":"restaurant","name":"Vicino"},"geometry":{"type":"Point","coordinates":[7.647217,47.525454]}},{"type":"Feature","properties":{"art":"restaurant","name":"Restaurant Spitzwald"},"geometry":{"type":"Point","coordinates":[7.541713,47.540617]}},{"type":"Feature","properties":{"art":"cafe","name":"Kaffi ELCH"},"geometry":{"type":"Point","coordinates":[7.610238,47.571114]}},{"type":"Feature","properties":{"art":"kunst","name":"Homme aux bras écartés - Pablo Picasso"},"geometry":{"type":"Point","coordinates":[7.594778,47.553288]}},{"type":"Feature","properties":{"art":"kunst","name":"Schlange"},"geometry":{"type":"Point","coordinates":[7.595111,47.55496]}},{"type":"Feature","properties":{"art":"buehne","name":"WERK Raumkollektiv"},"geometry":{"type":"Point","coordinates":[7.58946,47.57491]}},{"type":"Feature","properties":{"art":"kunst","name":"Basiliskenbrunnen"},"geometry":{"type":"Point","coordinates":[7.588617,47.556558]}},{"type":"Feature","properties":{"art":"restaurant","name":"Anatolia"},"geometry":{"type":"Point","coordinates":[7.588537,47.555259]}},{"type":"Feature","properties":{"art":"restaurant","name":"Perron"},"geometry":{"type":"Point","coordinates":[7.572774,47.570112]}},{"type":"Feature","properties":{"art":"kunst","name":"Basiliskenbrunnen"},"geometry":{"type":"Point","coordinates":[7.569033,47.564442]}},{"type":"Feature","properties":{"art":"cafe","name":"Pâtisserie Jacques"},"geometry":{"type":"Point","coordinates":[7.565193,47.584203]}},{"type":"Feature","properties":{"art":"restaurant","name":"Bammert Stube"},"geometry":{"type":"Point","coordinates":[7.634362,47.590679]}},{"type":"Feature","properties":{"art":"bar"},"geometry":{"type":"Point","coordinates":[7.634806,47.591046]}},{"type":"Feature","properties":{"art":"cafe","name":"Galleria"},"geometry":{"type":"Point","coordinates":[7.610028,47.559707]}},{"type":"Feature","properties":{"art":"restaurant","name":"La Scala"},"geometry":{"type":"Point","coordinates":[7.609803,47.560141]}},{"type":"Feature","properties":{"art":"cafe","name":"Senventy One"},"geometry":{"type":"Point","coordinates":[7.607051,47.558321]}},{"type":"Feature","properties":{"art":"bar","name":"Pebbles"},"geometry":{"type":"Point","coordinates":[7.608118,47.558875]}},{"type":"Feature","properties":{"art":"cafe","name":"Riverside"},"geometry":{"type":"Point","coordinates":[7.607954,47.558022]}},{"type":"Feature","properties":{"art":"cafe","name":"Terrazza"},"geometry":{"type":"Point","coordinates":[7.60757,47.558786]}},{"type":"Feature","properties":{"art":"restaurant","name":"Avenue"},"geometry":{"type":"Point","coordinates":[7.607748,47.558911]}},{"type":"Feature","properties":{"art":"restaurant","name":"Restaurant Löwenzorn"},"geometry":{"type":"Point","coordinates":[7.586199,47.556758]}},{"type":"Feature","properties":{"art":"kunst","name":"Basiliskenbrunnen"},"geometry":{"type":"Point","coordinates":[7.588458,47.563171]}},{"type":"Feature","properties":{"art":"kunst","name":"Basiliskenbrunnen"},"geometry":{"type":"Point","coordinates":[7.602122,47.557018]}},{"type":"Feature","properties":{"art":"bar","name":"Irrsinn Bar"},"geometry":{"type":"Point","coordinates":[7.595989,47.559636]}},{"type":"Feature","properties":{"art":"treff","name":"Quartiertreffpunkt Wettstein"},"geometry":{"type":"Point","coordinates":[7.601343,47.55807]}},{"type":"Feature","properties":{"art":"kunst","name":"Basiliskbrunnen"},"geometry":{"type":"Point","coordinates":[7.583057,47.567465]}},{"type":"Feature","properties":{"art":"museum","name":"Stampa"},"geometry":{"type":"Point","coordinates":[7.586666,47.557628]}},{"type":"Feature","properties":{"art":"kunst","name":"Basiliskenbrunnen"},"geometry":{"type":"Point","coordinates":[7.59275,47.566677]}},{"type":"Feature","properties":{"art":"kunst"},"geometry":{"type":"Point","coordinates":[7.591286,47.563964]}},{"type":"Feature","properties":{"art":"kunst","name":"Glasmännlein"},"geometry":{"type":"Point","coordinates":[7.609227,47.5617]}},{"type":"Feature","properties":{"art":"kunst","name":"Grosser Stengel"},"geometry":{"type":"Point","coordinates":[7.610368,47.559611]}},{"type":"Feature","properties":{"art":"kunst"},"geometry":{"type":"Point","coordinates":[7.63369,47.550519]}},{"type":"Feature","properties":{"art":"restaurant","name":"La Sosta"},"geometry":{"type":"Point","coordinates":[7.589102,47.55391]}},{"type":"Feature","properties":{"art":"bar","name":"My Way Bar"},"geometry":{"type":"Point","coordinates":[7.588774,47.554778]}},{"type":"Feature","properties":{"art":"kunst","name":"Basiliskenbrunnen"},"geometry":{"type":"Point","coordinates":[7.574924,47.551778]}},{"type":"Feature","properties":{"art":"kunst","name":"Basiliskenbrunnen"},"geometry":{"type":"Point","coordinates":[7.56165,47.568205]}},{"type":"Feature","properties":{"art":"kunst","name":"Basiliskenbrunnen"},"geometry":{"type":"Point","coordinates":[7.59162,47.57688]}},{"type":"Feature","properties":{"art":"bar","name":"Bierrevier"},"geometry":{"type":"Point","coordinates":[7.58661,47.5493]}},{"type":"Feature","properties":{"art":"kunst","name":"Der Riese"},"geometry":{"type":"Point","coordinates":[7.570908,47.566983]}},{"type":"Feature","properties":{"art":"kunst","name":"Basilisk"},"geometry":{"type":"Point","coordinates":[7.59542,47.555335]}},{"type":"Feature","properties":{"art":"kunst","name":"Basiliskenbrunnen"},"geometry":{"type":"Point","coordinates":[7.585631,47.56194]}},{"type":"Feature","properties":{"art":"kunst","name":"Basiliskenbrunnen"},"geometry":{"type":"Point","coordinates":[7.588861,47.57574]}},{"type":"Feature","properties":{"art":"kunst","name":"Basiliskenbrunnen"},"geometry":{"type":"Point","coordinates":[7.592297,47.563228]}},{"type":"Feature","properties":{"art":"kunst","name":"Basiliskenbrunnen"},"geometry":{"type":"Point","coordinates":[7.59727,47.561996]}},{"type":"Feature","properties":{"art":"kunst","name":"Dickfigur Beteigeuze"},"geometry":{"type":"Point","coordinates":[7.610492,47.559043]}},{"type":"Feature","properties":{"art":"restaurant","name":"Schöpfli im Park"},"geometry":{"type":"Point","coordinates":[7.609953,47.559241]}},{"type":"Feature","properties":{"art":"restaurant","name":"Cantina Don Camillo"},"geometry":{"type":"Point","coordinates":[7.601148,47.558178]}},{"type":"Feature","properties":{"art":"kunst","name":"Basiliskbrunnen"},"geometry":{"type":"Point","coordinates":[7.576445,47.57269]}},{"type":"Feature","properties":{"art":"bar","name":"Barfly"},"geometry":{"type":"Point","coordinates":[7.584874,47.562765]}},{"type":"Feature","properties":{"art":"restaurant","name":"Tibits"},"geometry":{"type":"Point","coordinates":[7.587172,47.54592]}},{"type":"Feature","properties":{"art":"bar","name":"Baragraph"},"geometry":{"type":"Point","coordinates":[7.588112,47.554341]}},{"type":"Feature","properties":{"art":"museum","name":"Froschmuseum"},"geometry":{"type":"Point","coordinates":[7.604604,47.522365]}},{"type":"Feature","properties":{"art":"bar","name":"Zum Johann"},"geometry":{"type":"Point","coordinates":[7.580715,47.567627]}},{"type":"Feature","properties":{"art":"cafe","name":"Café Bar Santana"},"geometry":{"type":"Point","coordinates":[7.624173,47.55113]}},{"type":"Feature","properties":{"art":"kunst","name":"der Auftrag / Brot teilen"},"geometry":{"type":"Point","coordinates":[7.597166,47.557434]}},{"type":"Feature","properties":{"art":"kunst","name":"Springender Fisch"},"geometry":{"type":"Point","coordinates":[7.606733,47.557638]}},{"type":"Feature","properties":{"art":"kunst","name":"Zhou"},"geometry":{"type":"Point","coordinates":[7.583008,47.568201]}},{"type":"Feature","properties":{"art":"kunst","name":"Eisbär"},"geometry":{"type":"Point","coordinates":[7.57882,47.5717]}},{"type":"Feature","properties":{"art":"kunst","name":"Perle"},"geometry":{"type":"Point","coordinates":[7.59561,47.555464]}},{"type":"Feature","properties":{"art":"kunst","name":"Regio"},"geometry":{"type":"Point","coordinates":[7.581859,47.567125]}},{"type":"Feature","properties":{"art":"kunst","name":"Wegzeichen"},"geometry":{"type":"Point","coordinates":[7.580431,47.570263]}},{"type":"Feature","properties":{"art":"bar","name":"Infinity"},"geometry":{"type":"Point","coordinates":[7.59314,47.590013]}},{"type":"Feature","properties":{"art":"bar","name":"Lemar"},"geometry":{"type":"Point","coordinates":[7.593178,47.590086]}},{"type":"Feature","properties":{"art":"restaurant","name":"Taverne Johann"},"geometry":{"type":"Point","coordinates":[7.578223,47.565004]}},{"type":"Feature","properties":{"art":"restaurant","name":"CTR Chicken"},"geometry":{"type":"Point","coordinates":[7.588685,47.554027]}},{"type":"Feature","properties":{"art":"bar","name":"Locanda"},"geometry":{"type":"Point","coordinates":[7.59774,47.564069]}},{"type":"Feature","properties":{"art":"kunst","name":"Basiliskenbrunnen"},"geometry":{"type":"Point","coordinates":[7.59711,47.55816]}},{"type":"Feature","properties":{"art":"restaurant","name":"Casa Piccola Italia"},"geometry":{"type":"Point","coordinates":[7.597442,47.570009]}},{"type":"Feature","properties":{"art":"restaurant","name":"Aroma"},"geometry":{"type":"Point","coordinates":[7.584159,47.556369]}},{"type":"Feature","properties":{"art":"buehne","name":"Caveau"},"geometry":{"type":"Point","coordinates":[7.561867,47.585164]}},{"type":"Feature","properties":{"art":"restaurant","name":"Kantine 222"},"geometry":{"type":"Point","coordinates":[7.610889,47.543439]}},{"type":"Feature","properties":{"art":"bibliothek","name":"Universitätsbibliothek Religion"},"geometry":{"type":"Point","coordinates":[7.585367,47.558162]}},{"type":"Feature","properties":{"art":"kunst","name":"Aufwärtsstrebende"},"geometry":{"type":"Point","coordinates":[7.586193,47.559263]}},{"type":"Feature","properties":{"art":"restaurant","name":"Manora"},"geometry":{"type":"Point","coordinates":[7.592742,47.561098]}},{"type":"Feature","properties":{"art":"cafe","name":"Starbucks"},"geometry":{"type":"Point","coordinates":[7.593285,47.561418]}},{"type":"Feature","properties":{"art":"restaurant","name":"Migros Restaurant"},"geometry":{"type":"Point","coordinates":[7.604529,47.539368]}},{"type":"Feature","properties":{"art":"bar","name":"The Point"},"geometry":{"type":"Point","coordinates":[7.605033,47.538876]}},{"type":"Feature","properties":{"art":"restaurant","name":"Nooch"},"geometry":{"type":"Point","coordinates":[7.588986,47.555331]}},{"type":"Feature","properties":{"art":"restaurant","name":"Nooch"},"geometry":{"type":"Point","coordinates":[7.58691,47.558747]}},{"type":"Feature","properties":{"art":"restaurant","name":"Nooch"},"geometry":{"type":"Point","coordinates":[7.595335,47.579692]}},{"type":"Feature","properties":{"art":"restaurant","name":"Negishi Sushi Bar"},"geometry":{"type":"Point","coordinates":[7.592671,47.552855]}},{"type":"Feature","properties":{"art":"cafe","name":"ViCafe"},"geometry":{"type":"Point","coordinates":[7.588245,47.558013]}},{"type":"Feature","properties":{"art":"restaurant","name":"Masala"},"geometry":{"type":"Point","coordinates":[7.635032,47.592021]}},{"type":"Feature","properties":{"art":"restaurant","name":"SAM'S Pizza Land"},"geometry":{"type":"Point","coordinates":[7.620899,47.541095]}},{"type":"Feature","properties":{"art":"restaurant","name":"Oliver’s Fresh & Fast"},"geometry":{"type":"Point","coordinates":[7.595602,47.579639]}},{"type":"Feature","properties":{"art":"bar","name":"Huefysebar"},"geometry":{"type":"Point","coordinates":[7.574293,47.557452]}},{"type":"Feature","properties":{"art":"cafe","name":"Pane con carne"},"geometry":{"type":"Point","coordinates":[7.592676,47.551805]}},{"type":"Feature","properties":{"art":"cafe","name":"Cafe Nona - Place of Encounter"},"geometry":{"type":"Point","coordinates":[7.609749,47.555793]}},{"type":"Feature","properties":{"art":"cafe","name":"Café Simpel"},"geometry":{"type":"Point","coordinates":[7.577182,47.559948]}},{"type":"Feature","properties":{"art":"restaurant","name":"Migros Restaurant"},"geometry":{"type":"Point","coordinates":[7.592502,47.56183]}},{"type":"Feature","properties":{"art":"restaurant","name":"Migros Restaurant"},"geometry":{"type":"Point","coordinates":[7.595337,47.579606]}},{"type":"Feature","properties":{"art":"restaurant","name":"VITO Klybeck"},"geometry":{"type":"Point","coordinates":[7.59086,47.567208]}},{"type":"Feature","properties":{"art":"restaurant","name":"Fujin Sushi bar"},"geometry":{"type":"Point","coordinates":[7.590834,47.567279]}},{"type":"Feature","properties":{"art":"restaurant","name":"Pizzeria Da Pia"},"geometry":{"type":"Point","coordinates":[7.592031,47.57091]}},{"type":"Feature","properties":{"art":"restaurant","name":"Drei Rosen"},"geometry":{"type":"Point","coordinates":[7.590508,47.570532]}},{"type":"Feature","properties":{"art":"restaurant","name":"SILO soulfood."},"geometry":{"type":"Point","coordinates":[7.602055,47.57204]}},{"type":"Feature","properties":{"art":"cafe","name":"Cinnamood"},"geometry":{"type":"Point","coordinates":[7.5914,47.554948]}},{"type":"Feature","properties":{"art":"restaurant","name":"Il Giardino Urbano"},"geometry":{"type":"Point","coordinates":[7.572457,47.570346]}},{"type":"Feature","properties":{"art":"bar","name":"Joys"},"geometry":{"type":"Point","coordinates":[7.595659,47.559308]}},{"type":"Feature","properties":{"art":"bar","name":"OFF"},"geometry":{"type":"Point","coordinates":[7.589997,47.569361]}},{"type":"Feature","properties":{"art":"restaurant","name":"Matt & Elly Brewery & Kitchen"},"geometry":{"type":"Point","coordinates":[7.60343,47.56969]}},{"type":"Feature","properties":{"art":"bar","name":"BrauBudeBasel"},"geometry":{"type":"Point","coordinates":[7.59187,47.567672]}},{"type":"Feature","properties":{"art":"restaurant","name":"Globâle"},"geometry":{"type":"Point","coordinates":[7.593726,47.562871]}},{"type":"Feature","properties":{"art":"cafe","name":"Whisky Bar"},"geometry":{"type":"Point","coordinates":[7.592706,47.564754]}},{"type":"Feature","properties":{"art":"restaurant","name":"Concordia"},"geometry":{"type":"Point","coordinates":[7.592056,47.565536]}},{"type":"Feature","properties":{"art":"bar","name":"pusat cafe bar"},"geometry":{"type":"Point","coordinates":[7.594805,47.5679]}},{"type":"Feature","properties":{"art":"buehne","name":"Häbse -Theater"},"geometry":{"type":"Point","coordinates":[7.597599,47.564887]}},{"type":"Feature","properties":{"art":"restaurant","name":"Pandarosa"},"geometry":{"type":"Point","coordinates":[7.598428,47.56441]}},{"type":"Feature","properties":{"art":"bar","name":"Lyz Bar & Lounge"},"geometry":{"type":"Point","coordinates":[7.578215,47.570298]}},{"type":"Feature","properties":{"art":"kunst"},"geometry":{"type":"Point","coordinates":[7.618247,47.565382]}},{"type":"Feature","properties":{"art":"restaurant","name":"Boo"},"geometry":{"type":"Point","coordinates":[7.590925,47.567023]}},{"type":"Feature","properties":{"art":"restaurant","name":"Lalibela Äthiopisches Restaurant"},"geometry":{"type":"Point","coordinates":[7.591297,47.569217]}},{"type":"Feature","properties":{"art":"cafe","name":"OX Cafè Lounge"},"geometry":{"type":"Point","coordinates":[7.598529,47.56337]}},{"type":"Feature","properties":{"art":"kunst"},"geometry":{"type":"Point","coordinates":[7.636862,47.567659]}},{"type":"Feature","properties":{"art":"kunst","name":"Doryphoros"},"geometry":{"type":"Point","coordinates":[7.643835,47.568642]}},{"type":"Feature","properties":{"art":"kunst"},"geometry":{"type":"Point","coordinates":[7.64052,47.562751]}},{"type":"Feature","properties":{"art":"kunst","name":"Rock on Top of Another Rock"},"geometry":{"type":"Point","coordinates":[7.60707,47.558897]}},{"type":"Feature","properties":{"art":"kunst","name":"Amazone"},"geometry":{"type":"Point","coordinates":[7.588659,47.559745]}},{"type":"Feature","properties":{"art":"bar","name":"Cafe-Bar la Strada"},"geometry":{"type":"Point","coordinates":[7.630609,47.559549]}},{"type":"Feature","properties":{"art":"bar","name":"The Horse Box Bar"},"geometry":{"type":"Point","coordinates":[7.602038,47.556998]}},{"type":"Feature","properties":{"art":"kunst","name":"Trucking"},"geometry":{"type":"Point","coordinates":[7.580979,47.560873]}},{"type":"Feature","properties":{"art":"restaurant","name":"Best Pizza"},"geometry":{"type":"Point","coordinates":[7.575008,47.561405]}},{"type":"Feature","properties":{"art":"restaurant","name":"Orient Express"},"geometry":{"type":"Point","coordinates":[7.583876,47.592312]}},{"type":"Feature","properties":{"art":"kunst","name":"Lichtung"},"geometry":{"type":"Point","coordinates":[7.612572,47.553326]}},{"type":"Feature","properties":{"art":"restaurant","name":"Du Pont"},"geometry":{"type":"Point","coordinates":[7.591031,47.560565]}},{"type":"Feature","properties":{"art":"restaurant","name":"Rubino"},"geometry":{"type":"Point","coordinates":[7.592892,47.554919]}},{"type":"Feature","properties":{"art":"buehne","name":"New Dance Center"},"geometry":{"type":"Point","coordinates":[7.593319,47.544449]}},{"type":"Feature","properties":{"art":"restaurant","name":"Sushi Bar"},"geometry":{"type":"Point","coordinates":[7.58851,47.551288]}},{"type":"Feature","properties":{"art":"restaurant","name":"L'Osteria"},"geometry":{"type":"Point","coordinates":[7.589299,47.552308]}},{"type":"Feature","properties":{"art":"restaurant","name":"Pizza Picassso"},"geometry":{"type":"Point","coordinates":[7.590178,47.569498]}},{"type":"Feature","properties":{"art":"restaurant","name":"Anjappar"},"geometry":{"type":"Point","coordinates":[7.607099,47.566073]}},{"type":"Feature","properties":{"art":"restaurant","name":"Chanthaburi"},"geometry":{"type":"Point","coordinates":[7.591655,47.56648]}},{"type":"Feature","properties":{"art":"cafe","name":"Bäckerei Jetzer"},"geometry":{"type":"Point","coordinates":[7.610095,47.554364]}},{"type":"Feature","properties":{"art":"restaurant","name":"Restaurant La Gondola"},"geometry":{"type":"Point","coordinates":[7.575814,47.556024]}},{"type":"Feature","properties":{"art":"kunst"},"geometry":{"type":"Point","coordinates":[7.600929,47.529971]}},{"type":"Feature","properties":{"art":"bar","name":"Ta Cave"},"geometry":{"type":"Point","coordinates":[7.590991,47.562428]}},{"type":"Feature","properties":{"art":"bar","name":"Seiltänzer"},"geometry":{"type":"Point","coordinates":[7.590707,47.561803]}},{"type":"Feature","properties":{"art":"restaurant","name":"Grill Heuwaage"},"geometry":{"type":"Point","coordinates":[7.588254,47.55116]}},{"type":"Feature","properties":{"art":"restaurant","name":"Mister Wong"},"geometry":{"type":"Point","coordinates":[7.589049,47.553227]}},{"type":"Feature","properties":{"art":"restaurant","name":"Union Diner | Meret Oppenheim"},"geometry":{"type":"Point","coordinates":[7.586581,47.546044]}},{"type":"Feature","properties":{"art":"bar","name":"Herz"},"geometry":{"type":"Point","coordinates":[7.595332,47.562344]}},{"type":"Feature","properties":{"art":"restaurant","name":"Mum's Kitchen"},"geometry":{"type":"Point","coordinates":[7.584365,47.546566]}},{"type":"Feature","properties":{"art":"bar","name":"ManaBar"},"geometry":{"type":"Point","coordinates":[7.586143,47.546156]}},{"type":"Feature","properties":{"art":"bar","name":"Café Bar Royal"},"geometry":{"type":"Point","coordinates":[7.585977,47.54598]}},{"type":"Feature","properties":{"art":"restaurant","name":"Quartiertreffpunkt Gleis 58"},"geometry":{"type":"Point","coordinates":[7.600177,47.572109]}},{"type":"Feature","properties":{"art":"bar","name":"Nordtangente Sportsbar"},"geometry":{"type":"Point","coordinates":[7.575588,47.569603]}},{"type":"Feature","properties":{"art":"restaurant","name":"Wolf Sawadee"},"geometry":{"type":"Point","coordinates":[7.602681,47.545396]}},{"type":"Feature","properties":{"art":"museum","name":"Tram-Museum Basel"},"geometry":{"type":"Point","coordinates":[7.607556,47.53864]}},{"type":"Feature","properties":{"art":"badi","name":"Laguna Badeland"},"geometry":{"type":"Point","coordinates":[7.615906,47.585943]}},{"type":"Feature","properties":{"art":"cafe","name":"Avatar Billiard Café"},"geometry":{"type":"Point","coordinates":[7.547244,47.5576]}},{"type":"Feature","properties":{"art":"restaurant","name":"Schänzli"},"geometry":{"type":"Point","coordinates":[7.624496,47.536615]}},{"type":"Feature","properties":{"art":"kunst","name":"Drittes Tier (Third Animal)"},"geometry":{"type":"Point","coordinates":[7.592198,47.548964]}},{"type":"Feature","properties":{"art":"cafe","name":"Glutenfreie Köstlichkeiten"},"geometry":{"type":"Point","coordinates":[7.635502,47.575892]}},{"type":"Feature","properties":{"art":"kino","name":"La Coupole"},"geometry":{"type":"Point","coordinates":[7.562344,47.585692]}},{"type":"Feature","properties":{"art":"buehne","name":"La Coupole"},"geometry":{"type":"Point","coordinates":[7.561929,47.585706]}},{"type":"Feature","properties":{"art":"restaurant","name":"Pizzeria La Perla"},"geometry":{"type":"Point","coordinates":[7.595655,47.565348]}},{"type":"Feature","properties":{"art":"restaurant","name":"Sottosopra"},"geometry":{"type":"Point","coordinates":[7.595159,47.562255]}},{"type":"Feature","properties":{"art":"kunst"},"geometry":{"type":"Point","coordinates":[7.606225,47.5646]}},{"type":"Feature","properties":{"art":"kunst"},"geometry":{"type":"Point","coordinates":[7.606175,47.564577]}},{"type":"Feature","properties":{"art":"kunst"},"geometry":{"type":"Point","coordinates":[7.606603,47.564242]}},{"type":"Feature","properties":{"art":"bar","name":"Damatti"},"geometry":{"type":"Point","coordinates":[7.596714,47.559714]}},{"type":"Feature","properties":{"art":"cafe","name":"Buvette"},"geometry":{"type":"Point","coordinates":[7.545387,47.553674]}},{"type":"Feature","properties":{"art":"restaurant","name":"PaSiWo"},"geometry":{"type":"Point","coordinates":[7.592125,47.563347]}},{"type":"Feature","properties":{"art":"cafe","name":"Finkmüller"},"geometry":{"type":"Point","coordinates":[7.591275,47.565856]}},{"type":"Feature","properties":{"art":"treff","name":"Badhüsli"},"geometry":{"type":"Point","coordinates":[7.581976,47.566773]}},{"type":"Feature","properties":{"art":"restaurant","name":"Mezzo"},"geometry":{"type":"Point","coordinates":[7.580465,47.568538]}},{"type":"Feature","properties":{"art":"buehne","name":"The Black Box"},"geometry":{"type":"Point","coordinates":[7.599717,47.569976]}},{"type":"Feature","properties":{"art":"bar","name":"Fisk&Øl"},"geometry":{"type":"Point","coordinates":[7.586498,47.580312]}},{"type":"Feature","properties":{"art":"bar","name":"Marina"},"geometry":{"type":"Point","coordinates":[7.586549,47.580454]}},{"type":"Feature","properties":{"art":"restaurant","name":"DIO/MIO"},"geometry":{"type":"Point","coordinates":[7.589663,47.553482]}},{"type":"Feature","properties":{"art":"bar","name":"The Auld Dubliner"},"geometry":{"type":"Point","coordinates":[7.597302,47.562736]}},{"type":"Feature","properties":{"art":"bar","name":"Quarterdeck"},"geometry":{"type":"Point","coordinates":[7.586515,47.580596]}},{"type":"Feature","properties":{"art":"restaurant","name":"Clarastübli"},"geometry":{"type":"Point","coordinates":[7.596225,47.562605]}},{"type":"Feature","properties":{"art":"buehne","name":"Kaserne"},"geometry":{"type":"Point","coordinates":[7.59009,47.563445]}},{"type":"Feature","properties":{"art":"restaurant","name":"Prego"},"geometry":{"type":"Point","coordinates":[7.598724,47.559565]}},{"type":"Feature","properties":{"art":"restaurant","name":"Bel Etage"},"geometry":{"type":"Point","coordinates":[7.586443,47.555904]}},{"type":"Feature","properties":{"art":"restaurant","name":"Restaurant Atelier"},"geometry":{"type":"Point","coordinates":[7.586533,47.556042]}},{"type":"Feature","properties":{"art":"restaurant","name":"Namamen"},"geometry":{"type":"Point","coordinates":[7.591591,47.553657]}},{"type":"Feature","properties":{"art":"cafe","name":"Cafe Bruderholz"},"geometry":{"type":"Point","coordinates":[7.594701,47.532781]}},{"type":"Feature","properties":{"art":"bibliothek","name":"Le Parnasse"},"geometry":{"type":"Point","coordinates":[7.561245,47.585346]}},{"type":"Feature","properties":{"art":"restaurant","name":"Yam"},"geometry":{"type":"Point","coordinates":[7.546309,47.578687]}},{"type":"Feature","properties":{"art":"restaurant","name":"A l'Essentiel"},"geometry":{"type":"Point","coordinates":[7.549396,47.598331]}},{"type":"Feature","properties":{"art":"bar","name":"Le Grand Bleu"},"geometry":{"type":"Point","coordinates":[7.562309,47.58634]}},{"type":"Feature","properties":{"art":"restaurant","name":"Chinarestaurant Yan"},"geometry":{"type":"Point","coordinates":[7.610927,47.593068]}},{"type":"Feature","properties":{"art":"museum","name":"Beurret & Bailly Auktionen, Galerie Widmer"},"geometry":{"type":"Point","coordinates":[7.607269,47.565827]}},{"type":"Feature","properties":{"art":"restaurant","name":"Lora"},"geometry":{"type":"Point","coordinates":[7.588192,47.548098]}},{"type":"Feature","properties":{"art":"kunst"},"geometry":{"type":"Point","coordinates":[7.613262,47.552263]}},{"type":"Feature","properties":{"art":"restaurant","name":"Prima"},"geometry":{"type":"Point","coordinates":[7.593594,47.552096]}},{"type":"Feature","properties":{"art":"kunst","name":"Basilisk"},"geometry":{"type":"Point","coordinates":[7.60472,47.573707]}},{"type":"Feature","properties":{"art":"kunst","name":"Basilisk"},"geometry":{"type":"Point","coordinates":[7.581086,47.555559]}},{"type":"Feature","properties":{"art":"kunst","name":"Lieu Dit"},"geometry":{"type":"Point","coordinates":[7.587831,47.550927]}},{"type":"Feature","properties":{"art":"restaurant","name":"L’étang"},"geometry":{"type":"Point","coordinates":[7.575558,47.553755]}},{"type":"Feature","properties":{"art":"restaurant"},"geometry":{"type":"Point","coordinates":[7.609528,47.592323]}},{"type":"Feature","properties":{"art":"kunst"},"geometry":{"type":"Point","coordinates":[7.608201,47.591806]}},{"type":"Feature","properties":{"art":"restaurant","name":"Yu-Lin Qin"},"geometry":{"type":"Point","coordinates":[7.57368,47.554266]}},{"type":"Feature","properties":{"art":"restaurant","name":"La Cave"},"geometry":{"type":"Point","coordinates":[7.564849,47.584936]}},{"type":"Feature","properties":{"art":"restaurant","name":"Bohemia"},"geometry":{"type":"Point","coordinates":[7.587403,47.558749]}},{"type":"Feature","properties":{"art":"cafe","name":"Cream Cakery"},"geometry":{"type":"Point","coordinates":[7.586466,47.557176]}},{"type":"Feature","properties":{"art":"restaurant","name":"Empanadas"},"geometry":{"type":"Point","coordinates":[7.591876,47.562907]}},{"type":"Feature","properties":{"art":"bar","name":"Blaupause"},"geometry":{"type":"Point","coordinates":[7.592932,47.560205]}},{"type":"Feature","properties":{"art":"museum","name":"Guillaume Daeppen"},"geometry":{"type":"Point","coordinates":[7.59243,47.569402]}},{"type":"Feature","properties":{"art":"museum","name":"Galerie Mueller"},"geometry":{"type":"Point","coordinates":[7.595544,47.559671]}},{"type":"Feature","properties":{"art":"restaurant","name":"Gabri's Pasta"},"geometry":{"type":"Point","coordinates":[7.593254,47.559223]}},{"type":"Feature","properties":{"art":"bar","name":"Schall und Rauch Bar"},"geometry":{"type":"Point","coordinates":[7.592287,47.559989]}},{"type":"Feature","properties":{"art":"restaurant","name":"Sonne"},"geometry":{"type":"Point","coordinates":[7.592231,47.560043]}},{"type":"Feature","properties":{"art":"museum","name":"paper positions"},"geometry":{"type":"Point","coordinates":[7.584564,47.563215]}},{"type":"Feature","properties":{"art":"cafe","name":"Three Ladies"},"geometry":{"type":"Point","coordinates":[7.585693,47.562199]}},{"type":"Feature","properties":{"art":"restaurant","name":"Rhyschänzli"},"geometry":{"type":"Point","coordinates":[7.577666,47.572088]}},{"type":"Feature","properties":{"art":"restaurant","name":"Lotus Garden"},"geometry":{"type":"Point","coordinates":[7.580807,47.566514]}},{"type":"Feature","properties":{"art":"cafe","name":"Bubble House"},"geometry":{"type":"Point","coordinates":[7.587949,47.551959]}},{"type":"Feature","properties":{"art":"restaurant","name":"Hundert13 Suppenbar"},"geometry":{"type":"Point","coordinates":[7.556552,47.545917]}},{"type":"Feature","properties":{"art":"restaurant","name":"pico"},"geometry":{"type":"Point","coordinates":[7.564473,47.546335]}},{"type":"Feature","properties":{"art":"buehne","name":"Altes Kraftwerk"},"geometry":{"type":"Point","coordinates":[7.621701,47.54346]}},{"type":"Feature","properties":{"art":"buehne","name":"Salsaflow"},"geometry":{"type":"Point","coordinates":[7.589499,47.549065]}},{"type":"Feature","properties":{"art":"buehne","name":"Bailamos Salsa"},"geometry":{"type":"Point","coordinates":[7.607748,47.536642]}},{"type":"Feature","properties":{"art":"restaurant","name":"Restaurant Murano"},"geometry":{"type":"Point","coordinates":[7.600792,47.552162]}},{"type":"Feature","properties":{"art":"kunst","name":"Bürger von Calais"},"geometry":{"type":"Point","coordinates":[7.59423,47.554088]}},{"type":"Feature","properties":{"art":"kunst","name":"Bazooka"},"geometry":{"type":"Point","coordinates":[7.597451,47.545444]}},{"type":"Feature","properties":{"art":"restaurant","name":"Peng Dumplings"},"geometry":{"type":"Point","coordinates":[7.593036,47.543738]}},{"type":"Feature","properties":{"art":"restaurant","name":"Thai Wók Kitchen"},"geometry":{"type":"Point","coordinates":[7.595534,47.579503]}},{"type":"Feature","properties":{"art":"kino","name":"Arena Cinemas"},"geometry":{"type":"Point","coordinates":[7.596388,47.581623]}},{"type":"Feature","properties":{"art":"kunst"},"geometry":{"type":"Point","coordinates":[7.621601,47.586397]}},{"type":"Feature","properties":{"art":"restaurant","name":"Il Bistro Urbano"},"geometry":{"type":"Point","coordinates":[7.572633,47.5767]}},{"type":"Feature","properties":{"art":"restaurant","name":"cafe flora mangia e bevi"},"geometry":{"type":"Point","coordinates":[7.626768,47.547802]}},{"type":"Feature","properties":{"art":"restaurant","name":"Rebstock"},"geometry":{"type":"Point","coordinates":[7.624347,47.550679]}},{"type":"Feature","properties":{"art":"restaurant","name":"Pizza David"},"geometry":{"type":"Point","coordinates":[7.63255,47.53058]}},{"type":"Feature","properties":{"art":"cafe","name":"Daniska"},"geometry":{"type":"Point","coordinates":[7.58848,47.554054]}},{"type":"Feature","properties":{"art":"kunst"},"geometry":{"type":"Point","coordinates":[7.585678,47.554225]}},{"type":"Feature","properties":{"art":"bibliothek","name":"Bibliothek des Schweizerischen Tropen- und Public-Health-Instituts"},"geometry":{"type":"Point","coordinates":[7.550207,47.560209]}},{"type":"Feature","properties":{"art":"bar","name":"Flanagan's"},"geometry":{"type":"Point","coordinates":[7.594606,47.553099]}},{"type":"Feature","properties":{"art":"bar","name":"Banca"},"geometry":{"type":"Point","coordinates":[7.592798,47.554268]}},{"type":"Feature","properties":{"art":"kunst"},"geometry":{"type":"Point","coordinates":[7.627265,47.566673]}},{"type":"Feature","properties":{"art":"cafe","name":"Aktienmühle"},"geometry":{"type":"Point","coordinates":[7.591313,47.575903]}},{"type":"Feature","properties":{"art":"kunst","name":"Amenocal"},"geometry":{"type":"Point","coordinates":[7.620381,47.573258]}},{"type":"Feature","properties":{"art":"bibliothek","name":"Plakatsammlung der Schule für Gestaltung Basel"},"geometry":{"type":"Point","coordinates":[7.609795,47.532126]}},{"type":"Feature","properties":{"art":"restaurant","name":"L‘esquina"},"geometry":{"type":"Point","coordinates":[7.594007,47.54313]}},{"type":"Feature","properties":{"art":"kunst"},"geometry":{"type":"Point","coordinates":[7.594222,47.554173]}},{"type":"Feature","properties":{"art":"kunst"},"geometry":{"type":"Point","coordinates":[7.594154,47.553958]}},{"type":"Feature","properties":{"art":"restaurant","name":"Restaurant Thai Family"},"geometry":{"type":"Point","coordinates":[7.596414,47.563064]}},{"type":"Feature","properties":{"art":"restaurant","name":"Burgermeister"},"geometry":{"type":"Point","coordinates":[7.588448,47.556414]}},{"type":"Feature","properties":{"art":"restaurant","name":"Enoteca pane e pepe"},"geometry":{"type":"Point","coordinates":[7.613819,47.592557]}},{"type":"Feature","properties":{"art":"badi","name":"Einstiegstelle Basler Rheinschwimmen"},"geometry":{"type":"Point","coordinates":[7.604461,47.556971]}},{"type":"Feature","properties":{"art":"restaurant","name":"Creatif"},"geometry":{"type":"Point","coordinates":[7.610937,47.593582]}},{"type":"Feature","properties":{"art":"restaurant","name":"Choi Asian Garden"},"geometry":{"type":"Point","coordinates":[7.588654,47.56589]}},{"type":"Feature","properties":{"art":"restaurant","name":"Riehentorhalle"},"geometry":{"type":"Point","coordinates":[7.595988,47.559323]}},{"type":"Feature","properties":{"art":"cafe","name":"Oelist/Finkmüller"},"geometry":{"type":"Point","coordinates":[7.587251,47.549556]}},{"type":"Feature","properties":{"art":"restaurant","name":"ZaZaa"},"geometry":{"type":"Point","coordinates":[7.589049,47.555102]}},{"type":"Feature","properties":{"art":"restaurant","name":"Le Wok"},"geometry":{"type":"Point","coordinates":[7.592506,47.590725]}},{"type":"Feature","properties":{"art":"treff","name":"No Border Café"},"geometry":{"type":"Point","coordinates":[7.60316,47.576785]}},{"type":"Feature","properties":{"art":"museum","name":"Tachet"},"geometry":{"type":"Point","coordinates":[7.59134,47.555766]}},{"type":"Feature","properties":{"art":"cafe","name":"Xiao Lu"},"geometry":{"type":"Point","coordinates":[7.591259,47.55572]}},{"type":"Feature","properties":{"art":"restaurant","name":"Da Tony"},"geometry":{"type":"Point","coordinates":[7.624294,47.594134]}},{"type":"Feature","properties":{"art":"restaurant","name":"Tapiocarhy"},"geometry":{"type":"Point","coordinates":[7.574094,47.556085]}},{"type":"Feature","properties":{"art":"restaurant","name":"Bistro Kunstmuseum"},"geometry":{"type":"Point","coordinates":[7.593959,47.554119]}},{"type":"Feature","properties":{"art":"bar","name":"Chabroc Café"},"geometry":{"type":"Point","coordinates":[7.562867,47.584731]}},{"type":"Feature","properties":{"art":"kunst"},"geometry":{"type":"Point","coordinates":[7.605543,47.564552]}},{"type":"Feature","properties":{"art":"kunst"},"geometry":{"type":"Point","coordinates":[7.605791,47.564407]}},{"type":"Feature","properties":{"art":"restaurant","name":"Singh Indische Spezialitäten"},"geometry":{"type":"Point","coordinates":[7.588767,47.565998]}},{"type":"Feature","properties":{"art":"restaurant","name":"walther bistrobar"},"geometry":{"type":"Point","coordinates":[7.589032,47.562981]}},{"type":"Feature","properties":{"art":"bar","name":"Bar Amber"},"geometry":{"type":"Point","coordinates":[7.589505,47.562342]}},{"type":"Feature","properties":{"art":"restaurant","name":"Bottminger Mühle"},"geometry":{"type":"Point","coordinates":[7.573207,47.532084]}},{"type":"Feature","properties":{"art":"kunst","name":"Die im Dialog"},"geometry":{"type":"Point","coordinates":[7.612779,47.595422]}},{"type":"Feature","properties":{"art":"restaurant","name":"MOiDA"},"geometry":{"type":"Point","coordinates":[7.577114,47.571934]}},{"type":"Feature","properties":{"art":"bar","name":"Café Bar Treffpunkt"},"geometry":{"type":"Point","coordinates":[7.579577,47.569206]}},{"type":"Feature","properties":{"art":"restaurant","name":"Libelle"},"geometry":{"type":"Point","coordinates":[7.57748,47.570628]}},{"type":"Feature","properties":{"art":"cafe","name":"XOXO Café Bar"},"geometry":{"type":"Point","coordinates":[7.589744,47.555179]}},{"type":"Feature","properties":{"art":"restaurant","name":"Safran-Zunft"},"geometry":{"type":"Point","coordinates":[7.588302,47.557261]}},{"type":"Feature","properties":{"art":"restaurant","name":"ROBA BUONA"},"geometry":{"type":"Point","coordinates":[7.601652,47.571949]}},{"type":"Feature","properties":{"art":"restaurant","name":"Hanoi Quan"},"geometry":{"type":"Point","coordinates":[7.626478,47.593724]}},{"type":"Feature","properties":{"art":"restaurant","name":"Pane e Burro"},"geometry":{"type":"Point","coordinates":[7.609774,47.593438]}},{"type":"Feature","properties":{"art":"cafe","name":"Segafredo"},"geometry":{"type":"Point","coordinates":[7.609684,47.593405]}},{"type":"Feature","properties":{"art":"cafe","name":"Gerorge the Greek"},"geometry":{"type":"Point","coordinates":[7.593891,47.543148]}},{"type":"Feature","properties":{"art":"bar","name":"Fahrbar"},"geometry":{"type":"Point","coordinates":[7.607912,47.532362]}},{"type":"Feature","properties":{"art":"restaurant","name":"Pizzeria Schützen"},"geometry":{"type":"Point","coordinates":[7.616506,47.512453]}},{"type":"Feature","properties":{"art":"restaurant","name":"Uskana"},"geometry":{"type":"Point","coordinates":[7.569019,47.580608]}},{"type":"Feature","properties":{"art":"restaurant","name":"Le Trianon"},"geometry":{"type":"Point","coordinates":[7.561014,47.588572]}},{"type":"Feature","properties":{"art":"museum","name":"Kulturstiftung Basel - H.Geiger"},"geometry":{"type":"Point","coordinates":[7.583822,47.562679]}},{"type":"Feature","properties":{"art":"restaurant","name":"Mani Fattura"},"geometry":{"type":"Point","coordinates":[7.596335,47.580515]}},{"type":"Feature","properties":{"art":"bar","name":"Milano"},"geometry":{"type":"Point","coordinates":[7.595907,47.580448]}},{"type":"Feature","properties":{"art":"bar","name":"Grenzwert"},"geometry":{"type":"Point","coordinates":[7.59161,47.561878]}},{"type":"Feature","properties":{"art":"restaurant","name":"Che Vuoi"},"geometry":{"type":"Point","coordinates":[7.598918,47.563492]}},{"type":"Feature","properties":{"art":"treff","name":"Opi‘s Wohnhaus"},"geometry":{"type":"Point","coordinates":[7.588532,47.569939]}},{"type":"Feature","properties":{"art":"restaurant","name":"Su-Li O-Li"},"geometry":{"type":"Point","coordinates":[7.588832,47.544757]}},{"type":"Feature","properties":{"art":"restaurant","name":"Miake"},"geometry":{"type":"Point","coordinates":[7.588739,47.544636]}},{"type":"Feature","properties":{"art":"bar","name":"L'Atelier"},"geometry":{"type":"Point","coordinates":[7.59177,47.552966]}},{"type":"Feature","properties":{"art":"cafe","name":"La Columbiana"},"geometry":{"type":"Point","coordinates":[7.587292,47.545498]}},{"type":"Feature","properties":{"art":"restaurant","name":"DB Gastronomie Betriebsrestaurant"},"geometry":{"type":"Point","coordinates":[7.606134,47.568319]}},{"type":"Feature","properties":{"art":"restaurant","name":"Schoren Clubhüüsli"},"geometry":{"type":"Point","coordinates":[7.611279,47.57386]}},{"type":"Feature","properties":{"art":"cafe","name":"Cafe Chiara Claraspital"},"geometry":{"type":"Point","coordinates":[7.614021,47.566671]}},{"type":"Feature","properties":{"art":"cafe","name":"ROSA im Park"},"geometry":{"type":"Point","coordinates":[7.614441,47.565902]}},{"type":"Feature","properties":{"art":"restaurant","name":"Angolo Italiano"},"geometry":{"type":"Point","coordinates":[7.600929,47.567007]}},{"type":"Feature","properties":{"art":"restaurant","name":"Kitchen 41"},"geometry":{"type":"Point","coordinates":[7.601705,47.567438]}},{"type":"Feature","properties":{"art":"cafe","name":"Depot Familiengärtenverein Hörnli"},"geometry":{"type":"Point","coordinates":[7.633706,47.565986]}},{"type":"Feature","properties":{"art":"cafe","name":"Cafè Moment"},"geometry":{"type":"Point","coordinates":[7.591759,47.554724]}},{"type":"Feature","properties":{"art":"cafe","name":"Milo's cookies"},"geometry":{"type":"Point","coordinates":[7.586469,47.558269]}},{"type":"Feature","properties":{"art":"cafe","name":"Nano"},"geometry":{"type":"Point","coordinates":[7.572092,47.556318]}},{"type":"Feature","properties":{"art":"treff","name":"Quartierstreff August-Bauer-Straße"},"geometry":{"type":"Point","coordinates":[7.618044,47.598168]}},{"type":"Feature","properties":{"art":"bar","name":"Stöckli"},"geometry":{"type":"Point","coordinates":[7.589213,47.555175]}},{"type":"Feature","properties":{"art":"restaurant","name":"Thai Square"},"geometry":{"type":"Point","coordinates":[7.599873,47.540027]}},{"type":"Feature","properties":{"art":"cafe","name":"Smyrna"},"geometry":{"type":"Point","coordinates":[7.597391,47.540504]}},{"type":"Feature","properties":{"art":"bar","name":"Lost 13 - The Secret Garden"},"geometry":{"type":"Point","coordinates":[7.586381,47.546402]}},{"type":"Feature","properties":{"art":"restaurant","name":"El Sazon"},"geometry":{"type":"Point","coordinates":[7.590334,47.578945]}},{"type":"Feature","properties":{"art":"cafe","name":"Café Luna"},"geometry":{"type":"Point","coordinates":[7.584676,47.55696]}},{"type":"Feature","properties":{"art":"bar","name":"Sommerresidenz"},"geometry":{"type":"Point","coordinates":[7.586524,47.577577]}},{"type":"Feature","properties":{"art":"restaurant","name":"Zeus"},"geometry":{"type":"Point","coordinates":[7.626908,47.594107]}},{"type":"Feature","properties":{"art":"buehne","name":"Petrussaal"},"geometry":{"type":"Point","coordinates":[7.61978,47.595018]}},{"type":"Feature","properties":{"art":"buehne","name":"Humorlabor Pello"},"geometry":{"type":"Point","coordinates":[7.57911,47.566997]}},{"type":"Feature","properties":{"art":"restaurant","name":"Iris in den Meriangärten"},"geometry":{"type":"Point","coordinates":[7.61432,47.537413]}},{"type":"Feature","properties":{"art":"restaurant","name":"SenSushi"},"geometry":{"type":"Point","coordinates":[7.583673,47.591605]}},{"type":"Feature","properties":{"art":"cafe","name":"Theatercafé"},"geometry":{"type":"Point","coordinates":[7.590577,47.552989]}},{"type":"Feature","properties":{"art":"bar","name":"Fass Bar"},"geometry":{"type":"Point","coordinates":[7.595621,47.565756]}},{"type":"Feature","properties":{"art":"kunst"},"geometry":{"type":"Point","coordinates":[7.620698,47.578006]}},{"type":"Feature","properties":{"art":"treff","name":"Quartiertreffpunkt Hirzbrunnen"},"geometry":{"type":"Point","coordinates":[7.6255,47.563556]}},{"type":"Feature","properties":{"art":"cafe","name":"Café Zum Goldige Velo"},"geometry":{"type":"Point","coordinates":[7.566381,47.561549]}},{"type":"Feature","properties":{"art":"restaurant","name":"Johanniter"},"geometry":{"type":"Point","coordinates":[7.581518,47.568789]}},{"type":"Feature","properties":{"art":"bar","name":"Pot Still"},"geometry":{"type":"Point","coordinates":[7.588229,47.554067]}},{"type":"Feature","properties":{"art":"cafe","name":"Freys Café & Brunch"},"geometry":{"type":"Point","coordinates":[7.615262,47.592636]}},{"type":"Feature","properties":{"art":"kunst","name":"dr Schuufler"},"geometry":{"type":"Point","coordinates":[7.590672,47.553603]}},{"type":"Feature","properties":{"art":"kunst","name":"s’Seechter"},"geometry":{"type":"Point","coordinates":[7.590586,47.553718]}},{"type":"Feature","properties":{"art":"kunst","name":"dr Theaterkopf"},"geometry":{"type":"Point","coordinates":[7.590645,47.553711]}},{"type":"Feature","properties":{"art":"kunst","name":"dr Spritzer"},"geometry":{"type":"Point","coordinates":[7.590711,47.553711]}},{"type":"Feature","properties":{"art":"kunst","name":"dr Waggler"},"geometry":{"type":"Point","coordinates":[7.590688,47.553672]}},{"type":"Feature","properties":{"art":"kunst","name":"dr Querpfyffer"},"geometry":{"type":"Point","coordinates":[7.590535,47.553624]}},{"type":"Feature","properties":{"art":"kunst","name":"dr Wäädel"},"geometry":{"type":"Point","coordinates":[7.590598,47.553628]}},{"type":"Feature","properties":{"art":"kunst","name":"d’Spinne"},"geometry":{"type":"Point","coordinates":[7.590583,47.553664]}},{"type":"Feature","properties":{"art":"kunst","name":"dr Suuser"},"geometry":{"type":"Point","coordinates":[7.590614,47.55369]}},{"type":"Feature","properties":{"art":"kunst","name":"d’Fontääne"},"geometry":{"type":"Point","coordinates":[7.590635,47.553654]}},{"type":"Feature","properties":{"art":"restaurant","name":"Mr. Asia Wok"},"geometry":{"type":"Point","coordinates":[7.633847,47.593322]}},{"type":"Feature","properties":{"art":"restaurant","name":"Restaurant Sunnebeedli"},"geometry":{"type":"Point","coordinates":[7.579789,47.541191]}},{"type":"Feature","properties":{"art":"cafe","name":"Teegarten Miniatures"},"geometry":{"type":"Point","coordinates":[7.594899,47.543109]}},{"type":"Feature","properties":{"art":"cafe","name":"Kaphi"},"geometry":{"type":"Point","coordinates":[7.573583,47.559317]}},{"type":"Feature","properties":{"art":"kunst"},"geometry":{"type":"Point","coordinates":[7.636872,47.596456]}},{"type":"Feature","properties":{"art":"kunst"},"geometry":{"type":"Point","coordinates":[7.620392,47.573291]}},{"type":"Feature","properties":{"art":"cafe","name":"Notorious Pizza"},"geometry":{"type":"Point","coordinates":[7.574566,47.572826]}},{"type":"Feature","properties":{"art":"museum","name":"For"},"geometry":{"type":"Point","coordinates":[7.593312,47.562431]}},{"type":"Feature","properties":{"art":"museum","name":"Filiale"},"geometry":{"type":"Point","coordinates":[7.594353,47.565487]}},{"type":"Feature","properties":{"art":"restaurant","name":"Beef7"},"geometry":{"type":"Point","coordinates":[7.58813,47.556755]}},{"type":"Feature","properties":{"art":"museum","name":"Kleiderbügelmuseum"},"geometry":{"type":"Point","coordinates":[7.619182,47.55254]}},{"type":"Feature","properties":{"art":"restaurant","name":"Schiff"},"geometry":{"type":"Point","coordinates":[7.576289,47.540103]}},{"type":"Feature","properties":{"art":"restaurant","name":"Binni Kebap Pizza"},"geometry":{"type":"Point","coordinates":[7.574325,47.542154]}},{"type":"Feature","properties":{"art":"bar","name":"Eleven Coffee House and Bar"},"geometry":{"type":"Point","coordinates":[7.589493,47.551912]}},{"type":"Feature","properties":{"art":"restaurant","name":"VITO"},"geometry":{"type":"Point","coordinates":[7.593513,47.550812]}},{"type":"Feature","properties":{"art":"restaurant","name":"Chez Donati Provisorio"},"geometry":{"type":"Point","coordinates":[7.58873,47.554928]}},{"type":"Feature","properties":{"art":"restaurant","name":"Butterfly Restaurant"},"geometry":{"type":"Point","coordinates":[7.591715,47.543774]}},{"type":"Feature","properties":{"art":"restaurant","name":"Spoon"},"geometry":{"type":"Point","coordinates":[7.598465,47.554073]}},{"type":"Feature","properties":{"art":"bar","name":"L‘Uniqe"},"geometry":{"type":"Point","coordinates":[7.588214,47.55614]}},{"type":"Feature","properties":{"art":"cafe","name":"Cafeteria Kollegienhaus"},"geometry":{"type":"Point","coordinates":[7.583255,47.558511]}},{"type":"Feature","properties":{"art":"buehne","name":"Sudhaus"},"geometry":{"type":"Point","coordinates":[7.601109,47.558205]}},{"type":"Feature","properties":{"art":"restaurant","name":"Sushi Maker"},"geometry":{"type":"Point","coordinates":[7.587514,47.557023]}},{"type":"Feature","properties":{"art":"restaurant","name":"Brasserie"},"geometry":{"type":"Point","coordinates":[7.587711,47.560488]}},{"type":"Feature","properties":{"art":"restaurant","name":"Le Cheval Blanc"},"geometry":{"type":"Point","coordinates":[7.587598,47.560578]}},{"type":"Feature","properties":{"art":"restaurant","name":"Clubrestaurant Ceresio"},"geometry":{"type":"Point","coordinates":[7.637363,47.579312]}},{"type":"Feature","properties":{"art":"kunst","name":"Kleine Diana"},"geometry":{"type":"Point","coordinates":[7.583051,47.558208]}},{"type":"Feature","properties":{"art":"kunst"},"geometry":{"type":"Point","coordinates":[7.58827,47.592089]}},{"type":"Feature","properties":{"art":"bibliothek","name":"Fachbereichsbibliothek Kulturwissenschaft und Europäische Ethnologie"},"geometry":{"type":"Point","coordinates":[7.589208,47.55901]}},{"type":"Feature","properties":{"art":"bibliothek","name":"Bibliothek des Departements Geschichte"},"geometry":{"type":"Point","coordinates":[7.592924,47.550788]}},{"type":"Feature","properties":{"art":"museum","name":"Chemiemuseum Basel"},"geometry":{"type":"Point","coordinates":[7.588572,47.575131]}},{"type":"Feature","properties":{"art":"museum","name":"Berney Fine Arts"},"geometry":{"type":"Point","coordinates":[7.591062,47.556564]}},{"type":"Feature","properties":{"art":"kunst"},"geometry":{"type":"Point","coordinates":[7.610517,47.595219]}},{"type":"Feature","properties":{"art":"restaurant","name":"Etinn"},"geometry":{"type":"Point","coordinates":[7.60095,47.598625]}},{"type":"Feature","properties":{"art":"kunst"},"geometry":{"type":"Point","coordinates":[7.618053,47.515963]}},{"type":"Feature","properties":{"art":"restaurant","name":"Muttenzer Pizza Kebap Haus"},"geometry":{"type":"Point","coordinates":[7.644002,47.533077]}},{"type":"Feature","properties":{"art":"kunst"},"geometry":{"type":"Point","coordinates":[7.614887,47.565867]}},{"type":"Feature","properties":{"art":"kunst"},"geometry":{"type":"Point","coordinates":[7.614522,47.565623]}},{"type":"Feature","properties":{"art":"cafe","name":"Café 4 you"},"geometry":{"type":"Point","coordinates":[7.60377,47.562598]}},{"type":"Feature","properties":{"art":"cafe","name":"Kaffee & Kreuzfahrt"},"geometry":{"type":"Point","coordinates":[7.614655,47.59217]}},{"type":"Feature","properties":{"art":"cafe","name":"Rhyläx Café"},"geometry":{"type":"Point","coordinates":[7.614013,47.55946]}},{"type":"Feature","properties":{"art":"buehne","name":"Vorstadttheater Basel"},"geometry":{"type":"Point","coordinates":[7.57067,47.557645]}},{"type":"Feature","properties":{"art":"buehne","name":"the bird's eye jazz club"},"geometry":{"type":"Point","coordinates":[7.587743,47.55472]}},{"type":"Feature","properties":{"art":"restaurant","name":"Restaurant Adler"},"geometry":{"type":"Point","coordinates":[7.630964,47.594227]}},{"type":"Feature","properties":{"art":"restaurant","name":"S'Wistéblé"},"geometry":{"type":"Point","coordinates":[7.583622,47.591401]}},{"type":"Feature","properties":{"art":"bibliothek","name":"Bibliothek des Frey-Grynaeischen Instituts"},"geometry":{"type":"Point","coordinates":[7.587694,47.555803]}},{"type":"Feature","properties":{"art":"restaurant","name":"Cafe Rosa"},"geometry":{"type":"Point","coordinates":[7.57096,47.557561]}},{"type":"Feature","properties":{"art":"kunst","name":"Jüngling"},"geometry":{"type":"Point","coordinates":[7.591309,47.556042]}},{"type":"Feature","properties":{"art":"kunst","name":"Alpabzug"},"geometry":{"type":"Point","coordinates":[7.56781,47.559809]}},{"type":"Feature","properties":{"art":"cafe","name":"daniska"},"geometry":{"type":"Point","coordinates":[7.58805,47.565494]}},{"type":"Feature","properties":{"art":"buehne","name":"memox Basel City Bankverein"},"geometry":{"type":"Point","coordinates":[7.591871,47.552955]}},{"type":"Feature","properties":{"art":"buehne","name":"memox Basel Hauptbahnhof"},"geometry":{"type":"Point","coordinates":[7.594054,47.546396]}},{"type":"Feature","properties":{"art":"buehne","name":"Theater Arlecchino"},"geometry":{"type":"Point","coordinates":[7.61719,47.541386]}},{"type":"Feature","properties":{"art":"kunst"},"geometry":{"type":"Point","coordinates":[7.649849,47.58366]}},{"type":"Feature","properties":{"art":"cafe","name":"Stadthauscafé"},"geometry":{"type":"Point","coordinates":[7.586671,47.55871]}},{"type":"Feature","properties":{"art":"restaurant","name":"Chanthabury"},"geometry":{"type":"Point","coordinates":[7.591637,47.566474]}},{"type":"Feature","properties":{"art":"restaurant","name":"Cantilena Restaurant"},"geometry":{"type":"Point","coordinates":[7.56641,47.564785]}},{"type":"Feature","properties":{"art":"cafe","name":"Glutenfreie Köstlichkeiten"},"geometry":{"type":"Point","coordinates":[7.595412,47.543144]}},{"type":"Feature","properties":{"art":"restaurant","name":"Kuni & Gunde"},"geometry":{"type":"Point","coordinates":[7.586709,47.558548]}},{"type":"Feature","properties":{"art":"restaurant","name":"Saint Louis Buvette"},"geometry":{"type":"Point","coordinates":[7.583138,47.566933]}},{"type":"Feature","properties":{"art":"cafe","name":"Hyve Cafe"},"geometry":{"type":"Point","coordinates":[7.585756,47.543302]}},{"type":"Feature","properties":{"art":"restaurant","name":"Nagoya Sushi"},"geometry":{"type":"Point","coordinates":[7.571208,47.577645]}},{"type":"Feature","properties":{"art":"treff","name":"Quartierzentrum Oekolampad"},"geometry":{"type":"Point","coordinates":[7.570911,47.55756]}},{"type":"Feature","properties":{"art":"bar","name":"47"},"geometry":{"type":"Point","coordinates":[7.607379,47.55929]}},{"type":"Feature","properties":{"art":"restaurant","name":"Atelier"},"geometry":{"type":"Point","coordinates":[7.607304,47.559548]}},{"type":"Feature","properties":{"art":"restaurant","name":"Evergreen"},"geometry":{"type":"Point","coordinates":[7.607296,47.5593]}},{"type":"Feature","properties":{"art":"cafe","name":"Starbucks"},"geometry":{"type":"Point","coordinates":[7.608773,47.593085]}},{"type":"Feature","properties":{"art":"kunst"},"geometry":{"type":"Point","coordinates":[7.615185,47.565735]}},{"type":"Feature","properties":{"art":"kunst"},"geometry":{"type":"Point","coordinates":[7.563637,47.5895]}},{"type":"Feature","properties":{"art":"restaurant","name":"Cinar"},"geometry":{"type":"Point","coordinates":[7.600168,47.590351]}},{"type":"Feature","properties":{"art":"bar"},"geometry":{"type":"Point","coordinates":[7.599869,47.59039]}},{"type":"Feature","properties":{"art":"restaurant","name":"Naan"},"geometry":{"type":"Point","coordinates":[7.596324,47.590943]}},{"type":"Feature","properties":{"art":"kunst","name":"Knabenfigur"},"geometry":{"type":"Point","coordinates":[7.611344,47.558592]}},{"type":"Feature","properties":{"art":"treff","name":"Treffpunkt Breite"},"geometry":{"type":"Point","coordinates":[7.614249,47.555817]}},{"type":"Feature","properties":{"art":"treff","name":"Kirchgemeindehaus Feldreben"},"geometry":{"type":"Point","coordinates":[7.631946,47.534332]}},{"type":"Feature","properties":{"art":"treff"},"geometry":{"type":"Point","coordinates":[7.622783,47.555401]}},{"type":"Feature","properties":{"art":"museum","name":"Birsfelder Museum"},"geometry":{"type":"Point","coordinates":[7.624693,47.55514]}},{"type":"Feature","properties":{"art":"restaurant","name":"Ayledo"},"geometry":{"type":"Point","coordinates":[7.578084,47.559136]}},{"type":"Feature","properties":{"art":"museum","name":"LEBrickGO"},"geometry":{"type":"Point","coordinates":[7.571542,47.537003]}},{"type":"Feature","properties":{"art":"treff","name":"Fabezja"},"geometry":{"type":"Point","coordinates":[7.629704,47.55711]}},{"type":"Feature","properties":{"art":"restaurant","name":"Sushi's"},"geometry":{"type":"Point","coordinates":[7.565479,47.583894]}},{"type":"Feature","properties":{"art":"restaurant","name":"schmatz"},"geometry":{"type":"Point","coordinates":[7.607688,47.53174]}},{"type":"Feature","properties":{"art":"cafe","name":"Kawa"},"geometry":{"type":"Point","coordinates":[7.568653,47.588045]}},{"type":"Feature","properties":{"art":"museum","name":"EthnoArt"},"geometry":{"type":"Point","coordinates":[7.586468,47.557113]}},{"type":"Feature","properties":{"art":"restaurant","name":"Etna Lounge"},"geometry":{"type":"Point","coordinates":[7.586672,47.557788]}},{"type":"Feature","properties":{"art":"bar","name":"Spale Bar"},"geometry":{"type":"Point","coordinates":[7.584919,47.556691]}},{"type":"Feature","properties":{"art":"cafe","name":"Café Wacker"},"geometry":{"type":"Point","coordinates":[7.585928,47.55751]}},{"type":"Feature","properties":{"art":"cafe","name":"Coffee + Matcha Bar Basel"},"geometry":{"type":"Point","coordinates":[7.586677,47.558263]}},{"type":"Feature","properties":{"art":"museum","name":"Historisches Museum Basel – Barfüsserkirche"},"geometry":{"type":"Point","coordinates":[7.590103,47.554665]}},{"type":"Feature","properties":{"art":"cafe","name":"Kaffeemacher:innen"},"geometry":{"type":"Point","coordinates":[7.588191,47.546095]}},{"type":"Feature","properties":{"art":"treff","name":"Schnooggekerzli"},"geometry":{"type":"Point","coordinates":[7.58733,47.552119]}},{"type":"Feature","properties":{"art":"museum","name":"Kunsthaus Baselland"},"geometry":{"type":"Point","coordinates":[7.609214,47.532739]}},{"type":"Feature","properties":{"art":"bibliothek","name":"Universitätsbibliothek Rosental"},"geometry":{"type":"Point","coordinates":[7.601759,47.567061]}},{"type":"Feature","properties":{"art":"kunst"},"geometry":{"type":"Point","coordinates":[7.571065,47.538161]}},{"type":"Feature","properties":{"art":"buehne","name":"Kulturkirche Paulus"},"geometry":{"type":"Point","coordinates":[7.578233,47.551728]}},{"type":"Feature","properties":{"art":"buehne","name":"Basler Kindertheater"},"geometry":{"type":"Point","coordinates":[7.582784,47.55568]}},{"type":"Feature","properties":{"art":"buehne","name":"FOYER PUBLIC"},"geometry":{"type":"Point","coordinates":[7.590209,47.552892]}},{"type":"Feature","properties":{"art":"restaurant","name":"Sommereck"},"geometry":{"type":"Point","coordinates":[7.575405,47.562845]}},{"type":"Feature","properties":{"art":"restaurant","name":"Bistro Wohnwerk"},"geometry":{"type":"Point","coordinates":[7.576051,47.56055]}},{"type":"Feature","properties":{"art":"cafe","name":"Liloucieux"},"geometry":{"type":"Point","coordinates":[7.587826,47.592464]}},{"type":"Feature","properties":{"art":"bibliothek","name":"Bibliothek Dorf"},"geometry":{"type":"Point","coordinates":[7.648306,47.582987]}},{"type":"Feature","properties":{"art":"restaurant","name":"Hafechäs"},"geometry":{"type":"Point","coordinates":[7.586933,47.577417]}},{"type":"Feature","properties":{"art":"treff","name":"Lava"},"geometry":{"type":"Point","coordinates":[7.624484,47.554836]}},{"type":"Feature","properties":{"art":"bibliothek","name":"Freizeit- und Schulbibliothek Birsfelden"},"geometry":{"type":"Point","coordinates":[7.624258,47.554534]}},{"type":"Feature","properties":{"art":"restaurant","name":"roots"},"geometry":{"type":"Point","coordinates":[7.581137,47.550335]}},{"type":"Feature","properties":{"art":"restaurant","name":"PURO"},"geometry":{"type":"Point","coordinates":[7.592581,47.549287]}},{"type":"Feature","properties":{"art":"restaurant","name":"dr Egge - das restaurant"},"geometry":{"type":"Point","coordinates":[7.644896,47.522714]}},{"type":"Feature","properties":{"art":"museum"},"geometry":{"type":"Point","coordinates":[7.592425,47.554896]}},{"type":"Feature","properties":{"art":"museum","name":"The Great Print"},"geometry":{"type":"Point","coordinates":[7.602393,47.570155]}},{"type":"Feature","properties":{"art":"cafe","name":"Backstage Basel"},"geometry":{"type":"Point","coordinates":[7.584804,47.550022]}},{"type":"Feature","properties":{"art":"bar","name":"Kuppel"},"geometry":{"type":"Point","coordinates":[7.584588,47.55012]}},{"type":"Feature","properties":{"art":"bar","name":"Nest"},"geometry":{"type":"Point","coordinates":[7.584628,47.549939]}},{"type":"Feature","properties":{"art":"restaurant","name":"Nam Soup Bar"},"geometry":{"type":"Point","coordinates":[7.591515,47.543831]}},{"type":"Feature","properties":{"art":"restaurant","name":"Dem"},"geometry":{"type":"Point","coordinates":[7.559876,47.557331]}},{"type":"Feature","properties":{"art":"restaurant","name":"Michelbach"},"geometry":{"type":"Point","coordinates":[7.561929,47.5661]}},{"type":"Feature","properties":{"art":"bar","name":"East West"},"geometry":{"type":"Point","coordinates":[7.591306,47.560251]}},{"type":"Feature","properties":{"art":"restaurant","name":"Ayledo"},"geometry":{"type":"Point","coordinates":[7.577423,47.558646]}},{"type":"Feature","properties":{"art":"restaurant","name":"Restaurant Rössli"},"geometry":{"type":"Point","coordinates":[7.555483,47.514266]}},{"type":"Feature","properties":{"art":"restaurant","name":"Restaurant Lu"},"geometry":{"type":"Point","coordinates":[7.592257,47.566344]}},{"type":"Feature","properties":{"art":"bibliothek","name":"Sp!t feministische bibliothek"},"geometry":{"type":"Point","coordinates":[7.595117,47.559005]}},{"type":"Feature","properties":{"art":"kunst"},"geometry":{"type":"Point","coordinates":[7.613167,47.535702]}},{"type":"Feature","properties":{"art":"kunst","name":"Kopf"},"geometry":{"type":"Point","coordinates":[7.61311,47.53548]}},{"type":"Feature","properties":{"art":"museum","name":"Landwirtschaftsmuseum"},"geometry":{"type":"Point","coordinates":[7.632531,47.594568]}},{"type":"Feature","properties":{"art":"restaurant","name":"Lazai"},"geometry":{"type":"Point","coordinates":[7.57344,47.573746]}},{"type":"Feature","properties":{"art":"bibliothek","name":"GGG Stadtbibliothek"},"geometry":{"type":"Point","coordinates":[7.574816,47.571434]}},{"type":"Feature","properties":{"art":"restaurant","name":"Zur Neuen Brücke"},"geometry":{"type":"Point","coordinates":[7.576085,47.569888]}},{"type":"Feature","properties":{"art":"restaurant","name":"Buongiorno Italia"},"geometry":{"type":"Point","coordinates":[7.564412,47.559103]}},{"type":"Feature","properties":{"art":"restaurant","name":"Noohn"},"geometry":{"type":"Point","coordinates":[7.592306,47.552021]}},{"type":"Feature","properties":{"art":"restaurant","name":"Restaurant Laufeneck"},"geometry":{"type":"Point","coordinates":[7.600346,47.54258]}},{"type":"Feature","properties":{"art":"restaurant","name":"Marteck"},"geometry":{"type":"Point","coordinates":[7.628084,47.564354]}},{"type":"Feature","properties":{"art":"kunst"},"geometry":{"type":"Point","coordinates":[7.587138,47.589067]}},{"type":"Feature","properties":{"art":"kunst"},"geometry":{"type":"Point","coordinates":[7.588264,47.55817]}},{"type":"Feature","properties":{"art":"restaurant","name":"Bistro Union"},"geometry":{"type":"Point","coordinates":[7.590207,47.568871]}},{"type":"Feature","properties":{"art":"restaurant","name":"Indian Food Swagtam in Mayur"},"geometry":{"type":"Point","coordinates":[7.576813,47.572268]}},{"type":"Feature","properties":{"art":"buehne","name":"Kulturraum Doble A"},"geometry":{"type":"Point","coordinates":[7.580492,47.568245]}},{"type":"Feature","properties":{"art":"cafe","name":"Dan‘s LAB"},"geometry":{"type":"Point","coordinates":[7.585833,47.562052]}},{"type":"Feature","properties":{"art":"restaurant","name":"Fisk & Øl"},"geometry":{"type":"Point","coordinates":[7.586797,47.573692]}},{"type":"Feature","properties":{"art":"treff","name":"Igelsaal"},"geometry":{"type":"Point","coordinates":[7.571405,47.564494]}},{"type":"Feature","properties":{"art":"museum","name":"Galerie Noodlebärg"},"geometry":{"type":"Point","coordinates":[7.585611,47.55789]}},{"type":"Feature","properties":{"art":"restaurant","name":"Le Jardin"},"geometry":{"type":"Point","coordinates":[7.591315,47.553137]}},{"type":"Feature","properties":{"art":"restaurant","name":"Trattoria Antichi Sapori"},"geometry":{"type":"Point","coordinates":[7.587215,47.558085]}},{"type":"Feature","properties":{"art":"museum","name":"ART room47"},"geometry":{"type":"Point","coordinates":[7.584238,47.556162]}},{"type":"Feature","properties":{"art":"bibliothek","name":"UB Geographie"},"geometry":{"type":"Point","coordinates":[7.580482,47.561662]}},{"type":"Feature","properties":{"art":"bar","name":"Bambusnest"},"geometry":{"type":"Point","coordinates":[7.601173,47.565168]}},{"type":"Feature","properties":{"art":"cafe","name":"Pasticceria Steiger"},"geometry":{"type":"Point","coordinates":[7.601511,47.572097]}},{"type":"Feature","properties":{"art":"museum","name":"Licht Feld"},"geometry":{"type":"Point","coordinates":[7.5774,47.564843]}},{"type":"Feature","properties":{"art":"cafe","name":"KaffeeFenster"},"geometry":{"type":"Point","coordinates":[7.577513,47.556213]}},{"type":"Feature","properties":{"art":"restaurant","name":"China Restaurant Honkong"},"geometry":{"type":"Point","coordinates":[7.620549,47.592953]}},{"type":"Feature","properties":{"art":"restaurant","name":"Kiatoria Sushi"},"geometry":{"type":"Point","coordinates":[7.601749,47.569093]}},{"type":"Feature","properties":{"art":"restaurant","name":"Café-Bar Pförtnerhaus"},"geometry":{"type":"Point","coordinates":[7.603269,47.551254]}},{"type":"Feature","properties":{"art":"museum","name":"khaus"},"geometry":{"type":"Point","coordinates":[7.589316,47.562755]}},{"type":"Feature","properties":{"art":"restaurant","name":"Thai Square"},"geometry":{"type":"Point","coordinates":[7.593067,47.551843]}},{"type":"Feature","properties":{"art":"museum","name":"Rusterholtz"},"geometry":{"type":"Point","coordinates":[7.585566,47.556336]}},{"type":"Feature","properties":{"art":"kunst","name":"Kennen und Erkennen"},"geometry":{"type":"Point","coordinates":[7.582796,47.558622]}},{"type":"Feature","properties":{"art":"kunst","name":"Lehrer und Schüler"},"geometry":{"type":"Point","coordinates":[7.584192,47.558447]}},{"type":"Feature","properties":{"art":"kunst","name":"Sendung"},"geometry":{"type":"Point","coordinates":[7.583894,47.558552]}},{"type":"Feature","properties":{"art":"cafe","name":"Confiserie Beschle"},"geometry":{"type":"Point","coordinates":[7.594152,47.551623]}},{"type":"Feature","properties":{"art":"kunst","name":"Feuervogel"},"geometry":{"type":"Point","coordinates":[7.58293,47.556106]}},{"type":"Feature","properties":{"art":"restaurant","name":"Spizz & Bomm Frizz"},"geometry":{"type":"Point","coordinates":[7.589055,47.553349]}},{"type":"Feature","properties":{"art":"buehne","name":"Gässli Filmhaus (VFBbB)"},"geometry":{"type":"Point","coordinates":[7.588492,47.555582]}},{"type":"Feature","properties":{"art":"kunst","name":"Soldat mit Mutter und Kind"},"geometry":{"type":"Point","coordinates":[7.58615,47.559856]}},{"type":"Feature","properties":{"art":"restaurant","name":"Chez Madar Joon"},"geometry":{"type":"Point","coordinates":[7.56838,47.584741]}},{"type":"Feature","properties":{"art":"museum","name":"Walu"},"geometry":{"type":"Point","coordinates":[7.599047,47.547793]}},{"type":"Feature","properties":{"art":"restaurant","name":"Zum Spatz"},"geometry":{"type":"Point","coordinates":[7.630817,47.594291]}},{"type":"Feature","properties":{"art":"bar","name":"Porrum"},"geometry":{"type":"Point","coordinates":[7.586883,47.549386]}},{"type":"Feature","properties":{"art":"buehne","name":"Klybeck 610"},"geometry":{"type":"Point","coordinates":[7.591391,47.574623]}},{"type":"Feature","properties":{"art":"restaurant","name":"Kantine Klybeck 610"},"geometry":{"type":"Point","coordinates":[7.591155,47.574596]}},{"type":"Feature","properties":{"art":"kunst"},"geometry":{"type":"Point","coordinates":[7.639904,47.528775]}},{"type":"Feature","properties":{"art":"restaurant","name":"Hotel Adler"},"geometry":{"type":"Point","coordinates":[7.630938,47.594195]}},{"type":"Feature","properties":{"art":"bar","name":"Safari Bar"},"geometry":{"type":"Point","coordinates":[7.596013,47.571549]}},{"type":"Feature","properties":{"art":"treff","name":"Domushaus EG"},"geometry":{"type":"Point","coordinates":[7.589429,47.555985]}},{"type":"Feature","properties":{"art":"museum","name":"Daniel Blaise Thorens Fine Art Gallery"},"geometry":{"type":"Point","coordinates":[7.59298,47.553217]}},{"type":"Feature","properties":{"art":"bar","name":"S’Fähribödeli"},"geometry":{"type":"Point","coordinates":[7.592607,47.557055]}},{"type":"Feature","properties":{"art":"cafe","name":"Konditorei Etna Bar - Pasticceria e Tavola Calda"},"geometry":{"type":"Point","coordinates":[7.60267,47.551242]}},{"type":"Feature","properties":{"art":"cafe","name":"Cinnamon"},"geometry":{"type":"Point","coordinates":[7.573106,47.561499]}},{"type":"Feature","properties":{"art":"restaurant","name":"gniessbar"},"geometry":{"type":"Point","coordinates":[7.586734,47.561375]}},{"type":"Feature","properties":{"art":"kunst"},"geometry":{"type":"Point","coordinates":[7.587467,47.555763]}},{"type":"Feature","properties":{"art":"cafe","name":"Finkmüller"},"geometry":{"type":"Point","coordinates":[7.581159,47.567101]}},{"type":"Feature","properties":{"art":"restaurant","name":"China Restaurant 99"},"geometry":{"type":"Point","coordinates":[7.576647,47.572517]}},{"type":"Feature","properties":{"art":"kunst"},"geometry":{"type":"Point","coordinates":[7.555124,47.578615]}},{"type":"Feature","properties":{"art":"bar","name":"Gibabo Restaurant & Bar"},"geometry":{"type":"Point","coordinates":[7.589413,47.5488]}},{"type":"Feature","properties":{"art":"restaurant","name":"Zum goldige Lamm"},"geometry":{"type":"Point","coordinates":[7.593624,47.560748]}},{"type":"Feature","properties":{"art":"cafe","name":"Bonne Maman"},"geometry":{"type":"Point","coordinates":[7.589024,47.555232]}},{"type":"Feature","properties":{"art":"treff","name":"Generationenhaus Neubad"},"geometry":{"type":"Point","coordinates":[7.56757,47.545638]}},{"type":"Feature","properties":{"art":"buehne","name":"Tanzhaus Basel"},"geometry":{"type":"Point","coordinates":[7.596714,47.572707]}},{"type":"Feature","properties":{"art":"cafe","name":"Bean in Progress"},"geometry":{"type":"Point","coordinates":[7.594198,47.560962]}},{"type":"Feature","properties":{"art":"cafe","name":"BRÜ Specialty Coffee"},"geometry":{"type":"Point","coordinates":[7.603471,47.558867]}},{"type":"Feature","properties":{"art":"cafe","name":"BRÜ Specialty Coffee"},"geometry":{"type":"Point","coordinates":[7.592706,47.5516]}},{"type":"Feature","properties":{"art":"restaurant","name":"Pizza Uno"},"geometry":{"type":"Point","coordinates":[7.593896,47.566671]}},{"type":"Feature","properties":{"art":"restaurant","name":"Restaurant zur alten Post"},"geometry":{"type":"Point","coordinates":[7.558642,47.513792]}},{"type":"Feature","properties":{"art":"bibliothek","name":"Historisches Museum Basel (Bibliothek)"},"geometry":{"type":"Point","coordinates":[7.590813,47.554027]}},{"type":"Feature","properties":{"art":"kunst","name":"Basiliskenbrunnen"},"geometry":{"type":"Point","coordinates":[7.573976,47.56797]}},{"type":"Feature","properties":{"art":"restaurant","name":"Westhive Kitchen"},"geometry":{"type":"Point","coordinates":[7.603981,47.565963]}},{"type":"Feature","properties":{"art":"kunst","name":"Jüngling mit Pegasus"},"geometry":{"type":"Point","coordinates":[7.58414,47.55784]}},{"type":"Feature","properties":{"art":"bibliothek","name":"Allgemeine Lesegesellschaft Basel"},"geometry":{"type":"Point","coordinates":[7.592272,47.556854]}},{"type":"Feature","properties":{"art":"buehne","name":"Basler Marionettenthater"},"geometry":{"type":"Point","coordinates":[7.592096,47.556956]}},{"type":"Feature","properties":{"art":"kunst","name":"Basiliskenbrunnen"},"geometry":{"type":"Point","coordinates":[7.597725,47.560548]}},{"type":"Feature","properties":{"art":"cafe","name":"S’coole Alpaca"},"geometry":{"type":"Point","coordinates":[7.574751,47.572135]}},{"type":"Feature","properties":{"art":"kunst"},"geometry":{"type":"Point","coordinates":[7.583118,47.5572]}},{"type":"Feature","properties":{"art":"museum","name":"WABE Ideenraum für Kunst und Kultur"},"geometry":{"type":"Point","coordinates":[7.577516,47.563433]}},{"type":"Feature","properties":{"art":"bar","name":"Ecke 58"},"geometry":{"type":"Point","coordinates":[7.604347,47.569566]}},{"type":"Feature","properties":{"art":"kunst"},"geometry":{"type":"Point","coordinates":[7.590695,47.55404]}},{"type":"Feature","properties":{"art":"kunst"},"geometry":{"type":"Point","coordinates":[7.591129,47.554012]}},{"type":"Feature","properties":{"art":"kunst"},"geometry":{"type":"Point","coordinates":[7.592201,47.553456]}},{"type":"Feature","properties":{"art":"kunst"},"geometry":{"type":"Point","coordinates":[7.589024,47.558333]}},{"type":"Feature","properties":{"art":"kunst","name":"Bulldogge"},"geometry":{"type":"Point","coordinates":[7.58887,47.558593]}},{"type":"Feature","properties":{"art":"restaurant","name":"Trattoria Ossobuco"},"geometry":{"type":"Point","coordinates":[7.605636,47.553786]}},{"type":"Feature","properties":{"art":"kunst","name":"Lällekönig"},"geometry":{"type":"Point","coordinates":[7.588359,47.559559]}},{"type":"Feature","properties":{"art":"kunst"},"geometry":{"type":"Point","coordinates":[7.597587,47.553446]}},{"type":"Feature","properties":{"art":"kunst","name":"Basiliskenbrunnen"},"geometry":{"type":"Point","coordinates":[7.596223,47.552177]}},{"type":"Feature","properties":{"art":"cafe","name":"Fratelli"},"geometry":{"type":"Point","coordinates":[7.597814,47.590654]}},{"type":"Feature","properties":{"art":"bar"},"geometry":{"type":"Point","coordinates":[7.597314,47.590477]}},{"type":"Feature","properties":{"art":"bar","name":"Bistro Gagla"},"geometry":{"type":"Point","coordinates":[7.597308,47.590356]}},{"type":"Feature","properties":{"art":"restaurant","name":"Akami"},"geometry":{"type":"Point","coordinates":[7.593453,47.590285]}},{"type":"Feature","properties":{"art":"restaurant","name":"Oscar Baklava"},"geometry":{"type":"Point","coordinates":[7.600453,47.589836]}},{"type":"Feature","properties":{"art":"kunst","name":"Gänseliesel"},"geometry":{"type":"Point","coordinates":[7.589082,47.559175]}},{"type":"Feature","properties":{"art":"restaurant","name":"Fish & More"},"geometry":{"type":"Point","coordinates":[7.586614,47.549209]}},{"type":"Feature","properties":{"art":"kunst"},"geometry":{"type":"Point","coordinates":[7.58281,47.557448]}},{"type":"Feature","properties":{"art":"kunst"},"geometry":{"type":"Point","coordinates":[7.541538,47.561647]}},{"type":"Feature","properties":{"art":"kino","name":"KINOKONI Basel"},"geometry":{"type":"Point","coordinates":[7.58821,47.552639]}},{"type":"Feature","properties":{"art":"kunst","name":"Anker mit Möwen"},"geometry":{"type":"Point","coordinates":[7.590731,47.582301]}},{"type":"Feature","properties":{"art":"restaurant","name":"Pizza & Core"},"geometry":{"type":"Point","coordinates":[7.552848,47.547796]}},{"type":"Feature","properties":{"art":"restaurant","name":"Ristorante Pflanzerbeizli"},"geometry":{"type":"Point","coordinates":[7.563343,47.569275]}},{"type":"Feature","properties":{"art":"cafe","name":"Kaspars Teegarten"},"geometry":{"type":"Point","coordinates":[7.588248,47.511924]}},{"type":"Feature","properties":{"art":"restaurant","name":"Asian Food Basel"},"geometry":{"type":"Point","coordinates":[7.597915,47.547925]}},{"type":"Feature","properties":{"art":"cafe","name":"Kitchen Angel"},"geometry":{"type":"Point","coordinates":[7.594403,47.543386]}},{"type":"Feature","properties":{"art":"cafe","name":"Kaffi Più"},"geometry":{"type":"Point","coordinates":[7.645503,47.521903]}},{"type":"Feature","properties":{"art":"bibliothek","name":"Bibliothek Frauenverein Muttenz"},"geometry":{"type":"Point","coordinates":[7.646405,47.527148]}},{"type":"Feature","properties":{"art":"buehne","name":"The Beast Comedy Club"},"geometry":{"type":"Point","coordinates":[7.589307,47.556056]}},{"type":"Feature","properties":{"art":"cafe","name":"Yoko Sunset Bar"},"geometry":{"type":"Point","coordinates":[7.548851,47.545025]}},{"type":"Feature","properties":{"art":"restaurant","name":"ZAP Restaurant & Bar"},"geometry":{"type":"Point","coordinates":[7.593081,47.55225]}},{"type":"Feature","properties":{"art":"cafe","name":"Café Sommer"},"geometry":{"type":"Point","coordinates":[7.589253,47.543148]}},{"type":"Feature","properties":{"art":"restaurant","name":"Domino"},"geometry":{"type":"Point","coordinates":[7.619457,47.565886]}},{"type":"Feature","properties":{"art":"kunst"},"geometry":{"type":"Point","coordinates":[7.590109,47.556757]}},{"type":"Feature","properties":{"art":"restaurant","name":"B1 Rooftop Bistro"},"geometry":{"type":"Point","coordinates":[7.598722,47.551594]}},{"type":"Feature","properties":{"art":"bar","name":"Fasnachtsstuube"},"geometry":{"type":"Point","coordinates":[7.582019,47.556506]}},{"type":"Feature","properties":{"art":"restaurant","name":"Castello Toscana"},"geometry":{"type":"Point","coordinates":[7.58626,47.556961]}},{"type":"Feature","properties":{"art":"cafe","name":"Café Stoa"},"geometry":{"type":"Point","coordinates":[7.598541,47.547371]}},{"type":"Feature","properties":{"art":"restaurant","name":"Schällenursli"},"geometry":{"type":"Point","coordinates":[7.580495,47.542654]}},{"type":"Feature","properties":{"art":"restaurant","name":"Alpina Beizli"},"geometry":{"type":"Point","coordinates":[7.621744,47.592849]}},{"type":"Feature","properties":{"art":"kunst"},"geometry":{"type":"Point","coordinates":[7.594123,47.555292]}},{"type":"Feature","properties":{"art":"kunst"},"geometry":{"type":"Point","coordinates":[7.594162,47.555221]}},{"type":"Feature","properties":{"art":"kunst"},"geometry":{"type":"Point","coordinates":[7.630326,47.566373]}},{"type":"Feature","properties":{"art":"kunst"},"geometry":{"type":"Point","coordinates":[7.590729,47.554205]}},{"type":"Feature","properties":{"art":"kunst"},"geometry":{"type":"Point","coordinates":[7.591491,47.552505]}},{"type":"Feature","properties":{"art":"kunst"},"geometry":{"type":"Point","coordinates":[7.592992,47.554306]}},{"type":"Feature","properties":{"art":"restaurant","name":"Kaisin"},"geometry":{"type":"Point","coordinates":[7.591685,47.552641]}},{"type":"Feature","properties":{"art":"museum","name":"Schmuck Temporary Art Space"},"geometry":{"type":"Point","coordinates":[7.595759,47.554715]}},{"type":"Feature","properties":{"art":"cafe","name":"For Art"},"geometry":{"type":"Point","coordinates":[7.593365,47.5554]}},{"type":"Feature","properties":{"art":"museum","name":"Galerie HILT"},"geometry":{"type":"Point","coordinates":[7.597899,47.554336]}},{"type":"Feature","properties":{"art":"restaurant","name":"Indian Summer North"},"geometry":{"type":"Point","coordinates":[7.580071,47.549663]}},{"type":"Feature","properties":{"art":"kunst"},"geometry":{"type":"Point","coordinates":[7.576874,47.562581]}},{"type":"Feature","properties":{"art":"buehne","name":"beclys"},"geometry":{"type":"Point","coordinates":[7.574577,47.572063]}},{"type":"Feature","properties":{"art":"buehne","name":"Wach am Bach"},"geometry":{"type":"Point","coordinates":[7.586821,47.561439]}},{"type":"Feature","properties":{"art":"restaurant","name":"Max"},"geometry":{"type":"Point","coordinates":[7.582669,47.543227]}},{"type":"Feature","properties":{"art":"kunst"},"geometry":{"type":"Point","coordinates":[7.593281,47.555891]}},{"type":"Feature","properties":{"art":"bibliothek","name":"GM-Mediothek"},"geometry":{"type":"Point","coordinates":[7.590985,47.555872]}},{"type":"Feature","properties":{"art":"restaurant","name":"Restaurant Cardamom"},"geometry":{"type":"Point","coordinates":[7.588774,47.554792]}},{"type":"Feature","properties":{"art":"cafe","name":"Galizi"},"geometry":{"type":"Point","coordinates":[7.617303,47.557009]}},{"type":"Feature","properties":{"art":"kunst"},"geometry":{"type":"Point","coordinates":[7.598525,47.543359]}},{"type":"Feature","properties":{"art":"kunst"},"geometry":{"type":"Point","coordinates":[7.592439,47.556153]}},{"type":"Feature","properties":{"art":"cafe","name":"Kurt + Klärli"},"geometry":{"type":"Point","coordinates":[7.58637,47.556791]}},{"type":"Feature","properties":{"art":"restaurant","name":"Umami Basel"},"geometry":{"type":"Point","coordinates":[7.565663,47.564362]}},{"type":"Feature","properties":{"art":"treff","name":"Quartierzentrum Iselin"},"geometry":{"type":"Point","coordinates":[7.565035,47.564233]}},{"type":"Feature","properties":{"art":"restaurant","name":"Bio Bistro im Westfeld"},"geometry":{"type":"Point","coordinates":[7.564982,47.564497]}},{"type":"Feature","properties":{"art":"restaurant","name":"Bistro AMB (Antikenmuseum Basel)"},"geometry":{"type":"Point","coordinates":[7.593092,47.554381]}},{"type":"Feature","properties":{"art":"restaurant","name":"Pizzeria Gellert"},"geometry":{"type":"Point","coordinates":[7.610704,47.548211]}},{"type":"Feature","properties":{"art":"restaurant","name":"Ganesha"},"geometry":{"type":"Point","coordinates":[7.562788,47.586129]}},{"type":"Feature","properties":{"art":"kunst","name":"Liebespaare (1919)"},"geometry":{"type":"Point","coordinates":[7.59152,47.555936]}},{"type":"Feature","properties":{"art":"kunst","name":"Le chant de l`occident (1955)"},"geometry":{"type":"Point","coordinates":[7.591386,47.555858]}},{"type":"Feature","properties":{"art":"kunst","name":"Homerische Landschaft (1907)"},"geometry":{"type":"Point","coordinates":[7.591061,47.556011]}},{"type":"Feature","properties":{"art":"kunst","name":"Jagdszene (1923)"},"geometry":{"type":"Point","coordinates":[7.59043,47.556497]}},{"type":"Feature","properties":{"art":"kunst","name":"Staircase Book Mural (2024)"},"geometry":{"type":"Point","coordinates":[7.590449,47.556466]}},{"type":"Feature","properties":{"art":"restaurant","name":"Restaurant FHNW Dreispitz"},"geometry":{"type":"Point","coordinates":[7.604629,47.537393]}},{"type":"Feature","properties":{"art":"bar","name":"Tiki Bar"},"geometry":{"type":"Point","coordinates":[7.589207,47.575269]}},{"type":"Feature","properties":{"art":"buehne","name":"Wyniger Downtown Basel"},"geometry":{"type":"Point","coordinates":[7.592079,47.552437]}},{"type":"Feature","properties":{"art":"restaurant","name":"Wyniger Downtown Basel"},"geometry":{"type":"Point","coordinates":[7.592109,47.552413]}},{"type":"Feature","properties":{"art":"restaurant","name":"Van der Merwe Center Restaurant"},"geometry":{"type":"Point","coordinates":[7.54675,47.559485]}},{"type":"Feature","properties":{"art":"cafe","name":"Strick Schnack Café"},"geometry":{"type":"Point","coordinates":[7.604909,47.568797]}},{"type":"Feature","properties":{"art":"museum","name":"Ortsmuseum Binningen"},"geometry":{"type":"Point","coordinates":[7.572686,47.543348]}},{"type":"Feature","properties":{"art":"badi","name":"Gartenbad St. Jakob"},"geometry":{"type":"Point","coordinates":[7.620808,47.538413]}},{"type":"Feature","properties":{"art":"museum","name":"Schaulager"},"geometry":{"type":"Point","coordinates":[7.610463,47.528446]}},{"type":"Feature","properties":{"art":"badi","name":"Sonnenbad St. Margarethen"},"geometry":{"type":"Point","coordinates":[7.580518,47.540854]}},{"type":"Feature","properties":{"art":"badi","name":"Gartenbad Eglisee"},"geometry":{"type":"Point","coordinates":[7.614109,47.571036]}},{"type":"Feature","properties":{"art":"restaurant","name":"Cafeteria"},"geometry":{"type":"Point","coordinates":[7.581891,47.549044]}},{"type":"Feature","properties":{"art":"restaurant","name":"Zoo Restaurant"},"geometry":{"type":"Point","coordinates":[7.577815,47.547738]}},{"type":"Feature","properties":{"art":"museum","name":"Basler Papiermühle Museum"},"geometry":{"type":"Point","coordinates":[7.603476,47.554666]}},{"type":"Feature","properties":{"art":"buehne","name":"KUSPO Münchenstein"},"geometry":{"type":"Point","coordinates":[7.616632,47.520427]}},{"type":"Feature","properties":{"art":"buehne","name":"St. Jakobshalle"},"geometry":{"type":"Point","coordinates":[7.618534,47.539919]}},{"type":"Feature","properties":{"art":"restaurant","name":"Parkrestaurant Lange Erlen"},"geometry":{"type":"Point","coordinates":[7.605198,47.574565]}},{"type":"Feature","properties":{"art":"kunst","name":"Seismosaurus"},"geometry":{"type":"Point","coordinates":[7.618646,47.531348]}},{"type":"Feature","properties":{"art":"museum","name":"Pantheon"},"geometry":{"type":"Point","coordinates":[7.63368,47.537809]}},{"type":"Feature","properties":{"art":"restaurant","name":"Restaurant Seegarten"},"geometry":{"type":"Point","coordinates":[7.614595,47.530789]}},{"type":"Feature","properties":{"art":"buehne","name":"Theater am Mühlenrain"},"geometry":{"type":"Point","coordinates":[7.640261,47.591933]}},{"type":"Feature","properties":{"art":"museum","name":"Stapflehus"},"geometry":{"type":"Point","coordinates":[7.632322,47.594434]}},{"type":"Feature","properties":{"art":"museum","name":"Museum am Lindenplatz"},"geometry":{"type":"Point","coordinates":[7.631446,47.594329]}},{"type":"Feature","properties":{"art":"treff","name":"Evangelisches Gemeindehaus"},"geometry":{"type":"Point","coordinates":[7.631901,47.596002]}},{"type":"Feature","properties":{"art":"museum","name":"Historisches Museum Basel – Haus zum Kirschgarten"},"geometry":{"type":"Point","coordinates":[7.591352,47.552103]}},{"type":"Feature","properties":{"art":"buehne","name":"Schauspielhaus"},"geometry":{"type":"Point","coordinates":[7.58978,47.552087]}},{"type":"Feature","properties":{"art":"treff","name":"Gemeindehaus St. Peter und Paul"},"geometry":{"type":"Point","coordinates":[7.620038,47.595005]}},{"type":"Feature","properties":{"art":"restaurant","name":"Hotel Restaurant Waldhaus"},"geometry":{"type":"Point","coordinates":[7.647666,47.547424]}},{"type":"Feature","properties":{"art":"restaurant","name":"yok yok"},"geometry":{"type":"Point","coordinates":[7.596253,47.594642]}},{"type":"Feature","properties":{"art":"restaurant","name":"Alex"},"geometry":{"type":"Point","coordinates":[7.609698,47.593066]}},{"type":"Feature","properties":{"art":"restaurant","name":"Mai Garden Rheinpark Restaurant"},"geometry":{"type":"Point","coordinates":[7.591859,47.591575]}},{"type":"Feature","properties":{"art":"restaurant","name":"Restaurant Hörnli"},"geometry":{"type":"Point","coordinates":[7.631412,47.563931]}},{"type":"Feature","properties":{"art":"museum","name":"Naturhistorisches Museum Basel"},"geometry":{"type":"Point","coordinates":[7.590221,47.557591]}},{"type":"Feature","properties":{"art":"treff","name":"Salle des fêtes"},"geometry":{"type":"Point","coordinates":[7.549777,47.575482]}},{"type":"Feature","properties":{"art":"badi","name":"Piscine Pierre de Coubertin"},"geometry":{"type":"Point","coordinates":[7.557765,47.576583]}},{"type":"Feature","properties":{"art":"bar","name":"PMU - A la douane"},"geometry":{"type":"Point","coordinates":[7.57209,47.577259]}},{"type":"Feature","properties":{"art":"restaurant","name":"Maison de l'Inde"},"geometry":{"type":"Point","coordinates":[7.554627,47.581487]}},{"type":"Feature","properties":{"art":"kunst","name":"Cité des metiers d'art et rares"},"geometry":{"type":"Point","coordinates":[7.561736,47.587071]}},{"type":"Feature","properties":{"art":"buehne"},"geometry":{"type":"Point","coordinates":[7.560105,47.584893]}},{"type":"Feature","properties":{"art":"restaurant","name":"Simitçi"},"geometry":{"type":"Point","coordinates":[7.554653,47.581919]}},{"type":"Feature","properties":{"art":"buehne","name":"Theater Basel"},"geometry":{"type":"Point","coordinates":[7.590231,47.55276]}},{"type":"Feature","properties":{"art":"bar","name":"Three Born Bar - La Brasserie du Rhin Hotel"},"geometry":{"type":"Point","coordinates":[7.587991,47.59381]}},{"type":"Feature","properties":{"art":"museum","name":"Musée Historique et Militaire"},"geometry":{"type":"Point","coordinates":[7.585153,47.591531]}},{"type":"Feature","properties":{"art":"restaurant","name":"Sternenhof"},"geometry":{"type":"Point","coordinates":[7.592218,47.551163]}},{"type":"Feature","properties":{"art":"museum","name":"Galerie Carzaniga"},"geometry":{"type":"Point","coordinates":[7.586202,47.556319]}},{"type":"Feature","properties":{"art":"buehne","name":"Fauteuil Tabourettli"},"geometry":{"type":"Point","coordinates":[7.586036,47.557491]}},{"type":"Feature","properties":{"art":"treff","name":"Quartiertreffpunkt Kasernenareal"},"geometry":{"type":"Point","coordinates":[7.590777,47.562803]}},{"type":"Feature","properties":{"art":"museum","name":"Mühlemuseum"},"geometry":{"type":"Point","coordinates":[7.613767,47.534952]}},{"type":"Feature","properties":{"art":"buehne","name":"GGG Atelierhaus"},"geometry":{"type":"Point","coordinates":[7.611273,47.556096]}},{"type":"Feature","properties":{"art":"badi","name":"Piscine couverte de Village-Neuf"},"geometry":{"type":"Point","coordinates":[7.567372,47.595036]}},{"type":"Feature","properties":{"art":"restaurant","name":"Sofra Restaurant"},"geometry":{"type":"Point","coordinates":[7.598933,47.594243]}},{"type":"Feature","properties":{"art":"museum","name":"Haus der elektronischen Künste Basel"},"geometry":{"type":"Point","coordinates":[7.609629,47.53333]}},{"type":"Feature","properties":{"art":"bar","name":"Nordstern"},"geometry":{"type":"Point","coordinates":[7.586816,47.583796]}},{"type":"Feature","properties":{"art":"kunst","name":"Strassburger Denkmal"},"geometry":{"type":"Point","coordinates":[7.590903,47.54898]}},{"type":"Feature","properties":{"art":"badi","name":"Gartenbad Bachgraben"},"geometry":{"type":"Point","coordinates":[7.557563,47.562231]}},{"type":"Feature","properties":{"art":"badi","name":"Hallenbad Oberwil"},"geometry":{"type":"Point","coordinates":[7.557293,47.510653]}},{"type":"Feature","properties":{"art":"bibliothek","name":"Gemeindebibliothek Oberwil"},"geometry":{"type":"Point","coordinates":[7.557701,47.514088]}},{"type":"Feature","properties":{"art":"bar","name":"Smuggler's Pub"},"geometry":{"type":"Point","coordinates":[7.563379,47.515806]}},{"type":"Feature","properties":{"art":"treff","name":"Jugendhaus Galaxy 4102"},"geometry":{"type":"Point","coordinates":[7.576553,47.542135]}},{"type":"Feature","properties":{"art":"restaurant","name":"Marché Bistro Basel-Weil"},"geometry":{"type":"Point","coordinates":[7.603467,47.59369]}},{"type":"Feature","properties":{"art":"museum","name":"Filter 4 culture affairs"},"geometry":{"type":"Point","coordinates":[7.597681,47.531839]}},{"type":"Feature","properties":{"art":"cafe","name":"Kleiner Wassermann"},"geometry":{"type":"Point","coordinates":[7.581401,47.568022]}},{"type":"Feature","properties":{"art":"restaurant","name":"Restaurant Pizzeria Sonneck"},"geometry":{"type":"Point","coordinates":[7.552493,47.547093]}},{"type":"Feature","properties":{"art":"restaurant","name":"Le Paradis"},"geometry":{"type":"Point","coordinates":[7.555703,47.550716]}},{"type":"Feature","properties":{"art":"kunst","name":"Intersection"},"geometry":{"type":"Point","coordinates":[7.590214,47.553376]}},{"type":"Feature","properties":{"art":"bibliothek","name":"Universitätsbibliothek Basel"},"geometry":{"type":"Point","coordinates":[7.581543,47.559446]}},{"type":"Feature","properties":{"art":"restaurant","name":"Zic Zac Basel"},"geometry":{"type":"Point","coordinates":[7.563881,47.557446]}},{"type":"Feature","properties":{"art":"restaurant","name":"Ristorante Ambiente"},"geometry":{"type":"Point","coordinates":[7.552668,47.555909]}},{"type":"Feature","properties":{"art":"treff","name":"Wehrlinhalle"},"geometry":{"type":"Point","coordinates":[7.556246,47.514681]}},{"type":"Feature","properties":{"art":"museum","name":"Kunstmuseum Basel | Neubau"},"geometry":{"type":"Point","coordinates":[7.595105,47.554475]}},{"type":"Feature","properties":{"art":"badi","name":"Naturbad Riehen"},"geometry":{"type":"Point","coordinates":[7.644644,47.591927]}},{"type":"Feature","properties":{"art":"cafe","name":"Café Einzigartig Clara"},"geometry":{"type":"Point","coordinates":[7.596389,47.562705]}},{"type":"Feature","properties":{"art":"restaurant","name":"Zum schiefen Eck"},"geometry":{"type":"Point","coordinates":[7.593032,47.561645]}},{"type":"Feature","properties":{"art":"restaurant","name":"Restaurant Schafeck"},"geometry":{"type":"Point","coordinates":[7.592488,47.560554]}},{"type":"Feature","properties":{"art":"buehne","name":"Musical Theater"},"geometry":{"type":"Point","coordinates":[7.597994,47.568014]}},{"type":"Feature","properties":{"art":"treff","name":"Freizeitzentrum Landauer"},"geometry":{"type":"Point","coordinates":[7.636042,47.570004]}},{"type":"Feature","properties":{"art":"museum","name":"Museum Tinguely"},"geometry":{"type":"Point","coordinates":[7.612336,47.559172]}},{"type":"Feature","properties":{"art":"treff","name":"Jugendzentrum Bachgraben"},"geometry":{"type":"Point","coordinates":[7.558064,47.563475]}},{"type":"Feature","properties":{"art":"restaurant","name":"Restaurant Buschweilerhof"},"geometry":{"type":"Point","coordinates":[7.561811,47.559149]}},{"type":"Feature","properties":{"art":"restaurant","name":"Pavillon im Park"},"geometry":{"type":"Point","coordinates":[7.574544,47.552448]}},{"type":"Feature","properties":{"art":"buehne","name":"Sommercasino"},"geometry":{"type":"Point","coordinates":[7.59858,47.547434]}},{"type":"Feature","properties":{"art":"badi","name":"Parc des Eaux Vives"},"geometry":{"type":"Point","coordinates":[7.581687,47.590358]}},{"type":"Feature","properties":{"art":"cafe","name":"Kiosk"},"geometry":{"type":"Point","coordinates":[7.606895,47.567403]}},{"type":"Feature","properties":{"art":"buehne","name":"Gare du Nord"},"geometry":{"type":"Point","coordinates":[7.606456,47.567937]}},{"type":"Feature","properties":{"art":"cafe","name":"Caffè Spettacolo"},"geometry":{"type":"Point","coordinates":[7.588969,47.547053]}},{"type":"Feature","properties":{"art":"kunst","name":"Polka"},"geometry":{"type":"Point","coordinates":[7.589898,47.549521]}},{"type":"Feature","properties":{"art":"treff","name":"Forum Jean-Marie Zoellé"},"geometry":{"type":"Point","coordinates":[7.564696,47.589361]}},{"type":"Feature","properties":{"art":"restaurant","name":"Restaurant Baselbieter"},"geometry":{"type":"Point","coordinates":[7.574546,47.540365]}},{"type":"Feature","properties":{"art":"restaurant","name":"Assi-Döner"},"geometry":{"type":"Point","coordinates":[7.639429,47.535638]}},{"type":"Feature","properties":{"art":"bar","name":"Nelson"},"geometry":{"type":"Point","coordinates":[7.648433,47.533135]}},{"type":"Feature","properties":{"art":"restaurant","name":"Weiherbächli"},"geometry":{"type":"Point","coordinates":[7.557141,47.532059]}},{"type":"Feature","properties":{"art":"restaurant","name":"Rendez-Vous 100"},"geometry":{"type":"Point","coordinates":[7.546054,47.556422]}},{"type":"Feature","properties":{"art":"restaurant","name":"Restaurant Da Luciana"},"geometry":{"type":"Point","coordinates":[7.547241,47.556406]}},{"type":"Feature","properties":{"art":"bar","name":"Club Borderline"},"geometry":{"type":"Point","coordinates":[7.568774,47.574036]}},{"type":"Feature","properties":{"art":"restaurant","name":"Alter Zoll"},"geometry":{"type":"Point","coordinates":[7.576007,47.572484]}},{"type":"Feature","properties":{"art":"kunst","name":"Giardino all' italiana"},"geometry":{"type":"Point","coordinates":[7.595903,47.552617]}},{"type":"Feature","properties":{"art":"museum","name":"Vitra Schaudepot"},"geometry":{"type":"Point","coordinates":[7.614789,47.599939]}},{"type":"Feature","properties":{"art":"treff","name":"FABRIK Jugend- und Kulturhaus"},"geometry":{"type":"Point","coordinates":[7.647029,47.523959]}},{"type":"Feature","properties":{"art":"buehne"},"geometry":{"type":"Point","coordinates":[7.607755,47.524201]}},{"type":"Feature","properties":{"art":"restaurant","name":"Schützenhaus"},"geometry":{"type":"Point","coordinates":[7.637254,47.526384]}},{"type":"Feature","properties":{"art":"museum","name":"Primeo Energie Kosmos - Lernwelt Energie"},"geometry":{"type":"Point","coordinates":[7.618332,47.515879]}},{"type":"Feature","properties":{"art":"museum","name":"Primeo Energie Kosmos - Science Center"},"geometry":{"type":"Point","coordinates":[7.618021,47.516387]}},{"type":"Feature","properties":{"art":"museum","name":"Primeo Energie Kosmos - Erlebnis Center"},"geometry":{"type":"Point","coordinates":[7.617667,47.516122]}},{"type":"Feature","properties":{"art":"kunst","name":"Lagerstätte"},"geometry":{"type":"Point","coordinates":[7.590524,47.560373]}},{"type":"Feature","properties":{"art":"restaurant","name":"Wirtshaus zum Schlüssel"},"geometry":{"type":"Point","coordinates":[7.646335,47.521798]}},{"type":"Feature","properties":{"art":"bar","name":"Schöpfli im Park"},"geometry":{"type":"Point","coordinates":[7.609967,47.559116]}},{"type":"Feature","properties":{"art":"treff","name":"Robinsonspielplatz Muttenz"},"geometry":{"type":"Point","coordinates":[7.648283,47.537332]}},{"type":"Feature","properties":{"art":"buehne","name":"Arena"},"geometry":{"type":"Point","coordinates":[7.613489,47.53158]}},{"type":"Feature","properties":{"art":"kunst"},"geometry":{"type":"Point","coordinates":[7.640052,47.565773]}},{"type":"Feature","properties":{"art":"museum","name":"Novartis Pavillon"},"geometry":{"type":"Point","coordinates":[7.58282,47.57157]}},{"type":"Feature","properties":{"art":"restaurant","name":"Gannet"},"geometry":{"type":"Point","coordinates":[7.586344,47.577212]}},{"type":"Feature","properties":{"art":"restaurant"},"geometry":{"type":"Point","coordinates":[7.621147,47.533861]}},{"type":"Feature","properties":{"art":"treff","name":"Treff + Info Box"},"geometry":{"type":"Point","coordinates":[7.593944,47.592569]}},{"type":"Feature","properties":{"art":"buehne","name":"Naturtheater"},"geometry":{"type":"Point","coordinates":[7.620741,47.586511]}},{"type":"Feature","properties":{"art":"bar"},"geometry":{"type":"Point","coordinates":[7.590206,47.567549]}},{"type":"Feature","properties":{"art":"bar","name":"Volkshaus"},"geometry":{"type":"Point","coordinates":[7.593528,47.560922]}},{"type":"Feature","properties":{"art":"treff","name":"Holzpark Klybeck"},"geometry":{"type":"Point","coordinates":[7.586646,47.577533]}},{"type":"Feature","properties":{"art":"kunst","name":"Landler"},"geometry":{"type":"Point","coordinates":[7.590002,47.549668]}},{"type":"Feature","properties":{"art":"buehne","name":"Station Circus"},"geometry":{"type":"Point","coordinates":[7.608165,47.538746]}},{"type":"Feature","properties":{"art":"badi","name":"Basler Rheinschwimmen"},"geometry":{"type":"Point","coordinates":[7.599252,47.563256]}},{"type":"Feature","properties":{"art":"badi","name":"Basler Rheinschwimmen"},"geometry":{"type":"Point","coordinates":[7.606261,47.556262]}},{"type":"Feature","properties":{"art":"badi","name":"Basler Rheinschwimmen"},"geometry":{"type":"Point","coordinates":[7.584662,47.564627]}},{"type":"Feature","properties":{"art":"badi","name":"Basler Rheinschwimmen"},"geometry":{"type":"Point","coordinates":[7.617019,47.557831]}},{"type":"Feature","properties":{"art":"kunst","name":"Haingedicht"},"geometry":{"type":"Point","coordinates":[7.62153,47.579469]}},{"type":"Feature","properties":{"art":"museum","name":"Kunstmuseum Basel | Gegenwart"},"geometry":{"type":"Point","coordinates":[7.601363,47.554521]}},{"type":"Feature","properties":{"art":"restaurant","name":"Dilan Grill"},"geometry":{"type":"Point","coordinates":[7.606091,47.536328]}}]}