{"type":"FeatureCollection","features":[{"type":"Feature","properties":{"k":"neben","name":"Gundeldingerrain"},"geometry":{"type":"LineString","coordinates":[[7.596228,47.539182],[7.59595,47.538831],[7.595293,47.53853],[7.594372,47.538404],[7.593394,47.538508],[7.592771,47.538487],[7.592021,47.538278],[7.591517,47.537956],[7.591112,47.537416],[7.590293,47.536648],[7.590095,47.536186],[7.590136,47.535763],[7.590308,47.535568],[7.591279,47.53493]]}},{"type":"Feature","properties":{"k":"haupt","name":"Nauenstrasse"},"geometry":{"type":"LineString","coordinates":[[7.591262,47.548548],[7.592458,47.547964]]}},{"type":"Feature","properties":{"k":"neben","name":"Bruderholzstrasse"},"geometry":{"type":"LineString","coordinates":[[7.59425,47.542891],[7.593191,47.54187]]}},{"type":"Feature","properties":{"k":"haupt","name":"Binningerstrasse"},"geometry":{"type":"LineString","coordinates":[[7.578409,47.544241],[7.578665,47.545681],[7.578822,47.545993],[7.579155,47.546313]]}},{"type":"Feature","properties":{"k":"haupt","name":"Baslerstrasse"},"geometry":{"type":"LineString","coordinates":[[7.578409,47.544241],[7.578333,47.543947]]}},{"type":"Feature","properties":{"k":"haupt","name":"Margarethenstich"},"geometry":{"type":"LineString","coordinates":[[7.578307,47.543835],[7.580156,47.543901],[7.580939,47.543791],[7.581103,47.543814],[7.581286,47.543957]]}},{"type":"Feature","properties":{"k":"haupt","name":"Dorenbachviadukt"},"geometry":{"type":"LineString","coordinates":[[7.581414,47.544177],[7.581309,47.544133],[7.581114,47.544097],[7.581002,47.544094]]}},{"type":"Feature","properties":{"k":"haupt","name":"Margarethenstrasse"},"geometry":{"type":"LineString","coordinates":[[7.581414,47.544177],[7.58135,47.544096]]}},{"type":"Feature","properties":{"k":"haupt","name":"Margarethenstrasse"},"geometry":{"type":"LineString","coordinates":[[7.581706,47.544166],[7.583286,47.545712]]}},{"type":"Feature","properties":{"k":"haupt","name":"Margarethenstrasse"},"geometry":{"type":"LineString","coordinates":[[7.584169,47.546818],[7.58308,47.5458]]}},{"type":"Feature","properties":{"k":"neben","name":"Sempacherstrasse"},"geometry":{"type":"LineString","coordinates":[[7.588856,47.544998],[7.586529,47.542222]]}},{"type":"Feature","properties":{"k":"neben","name":"Solothurnerstrasse"},"geometry":{"type":"LineString","coordinates":[[7.588263,47.541646],[7.589615,47.543255]]}},{"type":"Feature","properties":{"k":"neben","name":"Hochstrasse"},"geometry":{"type":"LineString","coordinates":[[7.591619,47.545619],[7.591767,47.545704],[7.592351,47.545518]]}},{"type":"Feature","properties":{"k":"neben","name":"Gotthelfstrasse"},"geometry":{"type":"LineString","coordinates":[[7.568523,47.557298],[7.56902,47.552732],[7.569461,47.551563]]}},{"type":"Feature","properties":{"k":"neben","name":"Kohlenberg"},"geometry":{"type":"LineString","coordinates":[[7.588897,47.554189],[7.588873,47.554167],[7.588862,47.554159]]}},{"type":"Feature","properties":{"k":"neben","name":"Birsig-Parkplatz"},"geometry":{"type":"LineString","coordinates":[[7.587999,47.551687],[7.588645,47.551951],[7.589201,47.552656]]}},{"type":"Feature","properties":{"k":"neben","name":"Steinentorstrasse"},"geometry":{"type":"LineString","coordinates":[[7.589701,47.552454],[7.589279,47.551946],[7.588934,47.551679]]}},{"type":"Feature","properties":{"k":"neben","name":"Stänzlergasse"},"geometry":{"type":"LineString","coordinates":[[7.589701,47.552454],[7.589685,47.55246],[7.589536,47.552526],[7.589201,47.552656]]}},{"type":"Feature","properties":{"k":"neben","name":"Stänzlergasse"},"geometry":{"type":"LineString","coordinates":[[7.589201,47.552656],[7.588661,47.552865]]}},{"type":"Feature","properties":{"k":"neben","name":"Steinenbachgässlein"},"geometry":{"type":"LineString","coordinates":[[7.588338,47.554234],[7.588278,47.553923],[7.588631,47.553545],[7.588543,47.553262],[7.587501,47.552103],[7.58725,47.551929]]}},{"type":"Feature","properties":{"k":"neben","name":"Kanonengasse"},"geometry":{"type":"LineString","coordinates":[[7.587802,47.554086],[7.587754,47.554041],[7.586374,47.553469],[7.586255,47.553432]]}},{"type":"Feature","properties":{"k":"neben","name":"Steinengraben"},"geometry":{"type":"LineString","coordinates":[[7.586255,47.553432],[7.58681,47.552618]]}},{"type":"Feature","properties":{"k":"neben","name":"Steinenvorstadt"},"geometry":{"type":"LineString","coordinates":[[7.587778,47.551941],[7.587522,47.55206],[7.587501,47.552103]]}},{"type":"Feature","properties":{"k":"neben","name":"Kohlenberggasse"},"geometry":{"type":"LineString","coordinates":[[7.586974,47.552329],[7.587257,47.552353],[7.588163,47.553174],[7.588307,47.553545],[7.588191,47.553676]]}},{"type":"Feature","properties":{"k":"neben","name":"Luftgässlein"},"geometry":{"type":"LineString","coordinates":[[7.59295,47.554179],[7.592901,47.554243],[7.592783,47.554408],[7.592708,47.554515]]}},{"type":"Feature","properties":{"k":"neben","name":"Streitgasse"},"geometry":{"type":"LineString","coordinates":[[7.590702,47.555277],[7.589427,47.554995]]}},{"type":"Feature","properties":{"k":"neben","name":"Bäumleingasse"},"geometry":{"type":"LineString","coordinates":[[7.591674,47.554793],[7.591295,47.554862]]}},{"type":"Feature","properties":{"k":"neben","name":"Steinenvorstadt"},"geometry":{"type":"LineString","coordinates":[[7.587651,47.55179],[7.588755,47.552998],[7.588919,47.553337],[7.589007,47.554106]]}},{"type":"Feature","properties":{"k":"neben","name":"Schäublinstrasse"},"geometry":{"type":"LineString","coordinates":[[7.58387,47.530981],[7.583019,47.531823],[7.582829,47.5321],[7.582773,47.532416],[7.583674,47.533619],[7.586073,47.537574]]}},{"type":"Feature","properties":{"k":"neben","name":"Marignanostrasse"},"geometry":{"type":"LineString","coordinates":[[7.583256,47.531515],[7.583806,47.531825],[7.584049,47.53208],[7.584914,47.533688],[7.585593,47.534413],[7.586711,47.536145]]}},{"type":"Feature","properties":{"k":"neben","name":"Rappenbodenweg"},"geometry":{"type":"LineString","coordinates":[[7.588547,47.529023],[7.586469,47.529194]]}},{"type":"Feature","properties":{"k":"haupt","name":"Laupenring"},"geometry":{"type":"LineString","coordinates":[[7.565902,47.549813],[7.566252,47.549364]]}},{"type":"Feature","properties":{"k":"haupt","name":"Oberwilerstrasse"},"geometry":{"type":"LineString","coordinates":[[7.575507,47.545428],[7.575574,47.546333]]}},{"type":"Feature","properties":{"k":"neben","name":"Leimenstrasse"},"geometry":{"type":"LineString","coordinates":[[7.582637,47.554178],[7.582691,47.554234],[7.583574,47.555125]]}},{"type":"Feature","properties":{"k":"neben","name":"Neuweilerplatz"},"geometry":{"type":"LineString","coordinates":[[7.564893,47.547048],[7.564613,47.546934],[7.564614,47.546789],[7.564913,47.546757],[7.565129,47.54686],[7.565144,47.547012],[7.564893,47.547048]]}},{"type":"Feature","properties":{"k":"neben","name":"Holeestrasse"},"geometry":{"type":"LineString","coordinates":[[7.565109,47.546755],[7.565986,47.546319],[7.567071,47.545927],[7.569783,47.545398]]}},{"type":"Feature","properties":{"k":"haupt"},"geometry":{"type":"LineString","coordinates":[[7.579005,47.544163],[7.578659,47.544178],[7.577214,47.544232]]}},{"type":"Feature","properties":{"k":"haupt","name":"Oberwilerstrasse"},"geometry":{"type":"LineString","coordinates":[[7.575507,47.545428],[7.575487,47.54522]]}},{"type":"Feature","properties":{"k":"haupt","name":"Dorenbachviadukt"},"geometry":{"type":"LineString","coordinates":[[7.575636,47.544103],[7.577207,47.544146]]}},{"type":"Feature","properties":{"k":"haupt"},"geometry":{"type":"LineString","coordinates":[[7.577207,47.544146],[7.579,47.544083]]}},{"type":"Feature","properties":{"k":"neben","name":"Im Margarethental"},"geometry":{"type":"LineString","coordinates":[[7.578121,47.543819],[7.578073,47.543822]]}},{"type":"Feature","properties":{"k":"neben","name":"Beim Buremichelskopf"},"geometry":{"type":"LineString","coordinates":[[7.584629,47.533146],[7.585504,47.532981],[7.586181,47.532643],[7.586484,47.532143],[7.586502,47.531819],[7.586359,47.531401]]}},{"type":"Feature","properties":{"k":"neben","name":"Rigistrasse"},"geometry":{"type":"LineString","coordinates":[[7.564604,47.552241],[7.564299,47.554609],[7.56439,47.555494]]}},{"type":"Feature","properties":{"k":"neben","name":"Beatengasse"},"geometry":{"type":"LineString","coordinates":[[7.561867,47.554679],[7.562416,47.554472],[7.562726,47.554389],[7.562857,47.554353]]}},{"type":"Feature","properties":{"k":"neben","name":"Gottfried Keller-Strasse"},"geometry":{"type":"LineString","coordinates":[[7.564362,47.554087],[7.56534,47.55412]]}},{"type":"Feature","properties":{"k":"neben","name":"Pilatusstrasse"},"geometry":{"type":"LineString","coordinates":[[7.563246,47.552073],[7.563101,47.552875]]}},{"type":"Feature","properties":{"k":"neben","name":"Merkurstrasse"},"geometry":{"type":"LineString","coordinates":[[7.557311,47.555827],[7.560283,47.554117],[7.561771,47.553484],[7.562286,47.553365]]}},{"type":"Feature","properties":{"k":"neben","name":"Bohrerhofstrasse"},"geometry":{"type":"LineString","coordinates":[[7.560786,47.554689],[7.562644,47.553986]]}},{"type":"Feature","properties":{"k":"neben","name":"Paradieshofstrasse"},"geometry":{"type":"LineString","coordinates":[[7.558731,47.546082],[7.559088,47.548181],[7.560454,47.551924]]}},{"type":"Feature","properties":{"k":"neben","name":"Weiherhofstrasse"},"geometry":{"type":"LineString","coordinates":[[7.559645,47.552124],[7.558259,47.548318],[7.557649,47.546004]]}},{"type":"Feature","properties":{"k":"neben","name":"Reusstrasse"},"geometry":{"type":"LineString","coordinates":[[7.558066,47.550313],[7.560643,47.549895],[7.561415,47.549918]]}},{"type":"Feature","properties":{"k":"neben","name":"Gotthardstrasse"},"geometry":{"type":"LineString","coordinates":[[7.560907,47.551821],[7.560954,47.551774],[7.561193,47.551581],[7.561252,47.551534]]}},{"type":"Feature","properties":{"k":"neben","name":"Steinbühlallee"},"geometry":{"type":"LineString","coordinates":[[7.556539,47.546051],[7.55878,47.55236]]}},{"type":"Feature","properties":{"k":"neben","name":"Furkastrasse"},"geometry":{"type":"LineString","coordinates":[[7.56228,47.54643],[7.561515,47.548768],[7.561415,47.549918]]}},{"type":"Feature","properties":{"k":"neben","name":"Steinbühlplatz"},"geometry":{"type":"LineString","coordinates":[[7.558551,47.549113],[7.558629,47.5491],[7.559247,47.548994],[7.559376,47.548972]]}},{"type":"Feature","properties":{"k":"neben","name":"General Guisan-Strasse"},"geometry":{"type":"LineString","coordinates":[[7.55924,47.548592],[7.560152,47.54858],[7.56275,47.548953]]}},{"type":"Feature","properties":{"k":"neben","name":"Erstfeldstrasse"},"geometry":{"type":"LineString","coordinates":[[7.565379,47.548363],[7.5646,47.548494],[7.560021,47.54776]]}},{"type":"Feature","properties":{"k":"neben","name":"Göschenenstrasse"},"geometry":{"type":"LineString","coordinates":[[7.562005,47.547275],[7.563924,47.547562]]}},{"type":"Feature","properties":{"k":"neben","name":"Holeerain"},"geometry":{"type":"LineString","coordinates":[[7.571525,47.545033],[7.571489,47.544954],[7.571384,47.544724]]}},{"type":"Feature","properties":{"k":"neben","name":"Grimselstrasse"},"geometry":{"type":"LineString","coordinates":[[7.562515,47.546456],[7.562696,47.54579]]}},{"type":"Feature","properties":{"k":"haupt","name":"Dorenbachviadukt"},"geometry":{"type":"LineString","coordinates":[[7.577214,47.544232],[7.57562,47.544304]]}},{"type":"Feature","properties":{"k":"neben","name":"Reiterstrasse"},"geometry":{"type":"LineString","coordinates":[[7.564908,47.547109],[7.565902,47.549813]]}},{"type":"Feature","properties":{"k":"haupt","name":"Nauenstrasse"},"geometry":{"type":"LineString","coordinates":[[7.594371,47.546756],[7.593904,47.546979]]}},{"type":"Feature","properties":{"k":"haupt","name":"Markthallenbrücke"},"geometry":{"type":"LineString","coordinates":[[7.589793,47.549308],[7.589598,47.54953]]}},{"type":"Feature","properties":{"k":"neben","name":"Kaltbrunnenstrasse"},"geometry":{"type":"LineString","coordinates":[[7.571913,47.546146],[7.573641,47.545474]]}},{"type":"Feature","properties":{"k":"neben","name":"Kaltbrunnenstrasse"},"geometry":{"type":"LineString","coordinates":[[7.574318,47.545288],[7.57548,47.545132]]}},{"type":"Feature","properties":{"k":"neben","name":"Rodrisstrasse"},"geometry":{"type":"LineString","coordinates":[[7.573348,47.545564],[7.572898,47.544755]]}},{"type":"Feature","properties":{"k":"neben","name":"Eggfluhstrasse"},"geometry":{"type":"LineString","coordinates":[[7.574051,47.544519],[7.574074,47.544584],[7.574318,47.545288]]}},{"type":"Feature","properties":{"k":"neben","name":"Marschalkenstrasse"},"geometry":{"type":"LineString","coordinates":[[7.569101,47.546022],[7.569675,47.546316],[7.570534,47.546987]]}},{"type":"Feature","properties":{"k":"neben","name":"Nenzlingerstrasse"},"geometry":{"type":"LineString","coordinates":[[7.569675,47.546316],[7.570952,47.545608],[7.570801,47.545184]]}},{"type":"Feature","properties":{"k":"haupt","name":"Holeestrasse"},"geometry":{"type":"LineString","coordinates":[[7.569783,47.545398],[7.569978,47.545357]]}},{"type":"Feature","properties":{"k":"haupt","name":"Rütimeyerstrasse"},"geometry":{"type":"LineString","coordinates":[[7.57631,47.547979],[7.575018,47.551031]]}},{"type":"Feature","properties":{"k":"neben","name":"Marschalkenstrasse"},"geometry":{"type":"LineString","coordinates":[[7.570843,47.547219],[7.570534,47.546987]]}},{"type":"Feature","properties":{"k":"neben","name":"Marschalkenstrasse"},"geometry":{"type":"LineString","coordinates":[[7.571717,47.547884],[7.572689,47.548721],[7.573746,47.549845]]}},{"type":"Feature","properties":{"k":"neben","name":"Bachlettenstrasse"},"geometry":{"type":"LineString","coordinates":[[7.58123,47.550564],[7.581215,47.550556],[7.581172,47.550532]]}},{"type":"Feature","properties":{"k":"neben","name":"Rotbergerstrasse"},"geometry":{"type":"LineString","coordinates":[[7.577443,47.548934],[7.578116,47.548639],[7.57866,47.548399]]}},{"type":"Feature","properties":{"k":"neben","name":"Birsigstrasse"},"geometry":{"type":"LineString","coordinates":[[7.57873,47.550221],[7.575272,47.551144]]}},{"type":"Feature","properties":{"k":"neben","name":"Arnold Böcklin-Strasse"},"geometry":{"type":"LineString","coordinates":[[7.57544,47.551289],[7.576282,47.551386],[7.576969,47.551435],[7.5775,47.551425]]}},{"type":"Feature","properties":{"k":"neben","name":"Schweizergasse"},"geometry":{"type":"LineString","coordinates":[[7.579534,47.548982],[7.578782,47.549319],[7.578129,47.549614]]}},{"type":"Feature","properties":{"k":"neben","name":"Pfirtergasse"},"geometry":{"type":"LineString","coordinates":[[7.57944,47.549997],[7.578116,47.548639]]}},{"type":"Feature","properties":{"k":"neben","name":"Paulusgasse"},"geometry":{"type":"LineString","coordinates":[[7.5775,47.551425],[7.577603,47.551651],[7.578154,47.552241]]}},{"type":"Feature","properties":{"k":"neben","name":"Elsternweg"},"geometry":{"type":"LineString","coordinates":[[7.58512,47.531324],[7.585324,47.530083],[7.585304,47.529306]]}},{"type":"Feature","properties":{"k":"neben","name":"Friedrich Oser-Strasse"},"geometry":{"type":"LineString","coordinates":[[7.587449,47.531385],[7.58512,47.531324],[7.584518,47.531217],[7.58387,47.530981]]}},{"type":"Feature","properties":{"k":"neben","name":"Oscar Frey-Strasse"},"geometry":{"type":"LineString","coordinates":[[7.587665,47.532117],[7.587449,47.531385],[7.587448,47.529113]]}},{"type":"Feature","properties":{"k":"neben","name":"Arabienstrasse"},"geometry":{"type":"LineString","coordinates":[[7.589834,47.530154],[7.58981,47.531338],[7.58942,47.531952],[7.589077,47.532153],[7.588536,47.532263],[7.587665,47.532117]]}},{"type":"Feature","properties":{"k":"neben","name":"Oberer Batterieweg"},"geometry":{"type":"LineString","coordinates":[[7.587326,47.533653],[7.587189,47.533486],[7.58724,47.532468],[7.587479,47.532206],[7.588226,47.531889],[7.588637,47.531367],[7.588722,47.530875],[7.588547,47.529023]]}},{"type":"Feature","properties":{"k":"neben","name":"Novarastrasse"},"geometry":{"type":"LineString","coordinates":[[7.584338,47.534757],[7.586168,47.53425],[7.586814,47.533924],[7.587209,47.53387]]}},{"type":"Feature","properties":{"k":"neben","name":"Faidostrasse"},"geometry":{"type":"LineString","coordinates":[[7.586185,47.533505],[7.585017,47.533793]]}},{"type":"Feature","properties":{"k":"neben","name":"Arbedostrasse"},"geometry":{"type":"LineString","coordinates":[[7.586359,47.531401],[7.586308,47.5309],[7.586502,47.529935],[7.586481,47.529296]]}},{"type":"Feature","properties":{"k":"neben","name":"Bellinzonastrasse"},"geometry":{"type":"LineString","coordinates":[[7.586814,47.535011],[7.586582,47.534892],[7.586168,47.53425]]}},{"type":"Feature","properties":{"k":"neben","name":"Bruderholzallee"},"geometry":{"type":"LineString","coordinates":[[7.587519,47.535356],[7.587567,47.534738],[7.587209,47.53387]]}},{"type":"Feature","properties":{"k":"neben","name":"Unterer Batterieweg"},"geometry":{"type":"LineString","coordinates":[[7.587187,47.541693],[7.587608,47.541864]]}},{"type":"Feature","properties":{"k":"neben","name":"Amselstrasse"},"geometry":{"type":"LineString","coordinates":[[7.589862,47.537857],[7.587335,47.538429],[7.586884,47.53835],[7.585961,47.537894]]}},{"type":"Feature","properties":{"k":"neben","name":"Drosselstrasse"},"geometry":{"type":"LineString","coordinates":[[7.589101,47.53862],[7.586685,47.53676]]}},{"type":"Feature","properties":{"k":"neben","name":"Starenstrasse"},"geometry":{"type":"LineString","coordinates":[[7.589101,47.53862],[7.588709,47.538909],[7.588196,47.539027],[7.587536,47.539099],[7.587058,47.538887],[7.585751,47.539085]]}},{"type":"Feature","properties":{"k":"neben","name":"Lerchenstrasse"},"geometry":{"type":"LineString","coordinates":[[7.587365,47.535664],[7.588267,47.536766],[7.588932,47.537285],[7.59006,47.537984],[7.590254,47.538363],[7.590126,47.538821],[7.589481,47.539014],[7.589133,47.539469],[7.588436,47.53969],[7.587804,47.539716]]}},{"type":"Feature","properties":{"k":"neben","name":"C.F. Meyer-Strasse"},"geometry":{"type":"LineString","coordinates":[[7.591846,47.532362],[7.592049,47.531076],[7.59212,47.529203]]}},{"type":"Feature","properties":{"k":"neben","name":"Airolostrasse"},"geometry":{"type":"LineString","coordinates":[[7.590392,47.53238],[7.589526,47.531853]]}},{"type":"Feature","properties":{"k":"neben","name":"Im tiefen Boden"},"geometry":{"type":"LineString","coordinates":[[7.590084,47.532145],[7.590498,47.5318],[7.590811,47.531201],[7.590886,47.530853],[7.590836,47.529845]]}},{"type":"Feature","properties":{"k":"neben","name":"Unter der Batterie"},"geometry":{"type":"LineString","coordinates":[[7.587411,47.530234],[7.587501,47.530239],[7.588247,47.530285],[7.588682,47.530284]]}},{"type":"Feature","properties":{"k":"neben","name":"Beim Wasserturm"},"geometry":{"type":"LineString","coordinates":[[7.59251,47.525774],[7.592882,47.526706],[7.592894,47.526738]]}},{"type":"Feature","properties":{"k":"neben","name":"Flurweg"},"geometry":{"type":"LineString","coordinates":[[7.587445,47.527382],[7.588593,47.527372],[7.588435,47.5282],[7.588559,47.528306]]}},{"type":"Feature","properties":{"k":"neben","name":"Asconastrasse"},"geometry":{"type":"LineString","coordinates":[[7.589927,47.525568],[7.590824,47.525602],[7.591621,47.525757],[7.591619,47.525841]]}},{"type":"Feature","properties":{"k":"neben","name":"Predigerhofstrasse"},"geometry":{"type":"LineString","coordinates":[[7.589968,47.526586],[7.590015,47.525744],[7.589669,47.525084],[7.589625,47.524279]]}},{"type":"Feature","properties":{"k":"neben","name":"Auf der Alp"},"geometry":{"type":"LineString","coordinates":[[7.591619,47.525841],[7.591624,47.52588],[7.591558,47.526625],[7.591555,47.526659]]}},{"type":"Feature","properties":{"k":"neben","name":"Bedrettostrasse"},"geometry":{"type":"LineString","coordinates":[[7.590824,47.525602],[7.590749,47.526586],[7.590749,47.526592],[7.590746,47.526625]]}},{"type":"Feature","properties":{"k":"neben","name":"Biascastrasse"},"geometry":{"type":"LineString","coordinates":[[7.592075,47.526681],[7.592087,47.52793]]}},{"type":"Feature","properties":{"k":"neben","name":"Biascastrasse"},"geometry":{"type":"LineString","coordinates":[[7.592074,47.527383],[7.591079,47.52738],[7.590985,47.527428]]}},{"type":"Feature","properties":{"k":"neben","name":"Im tiefen Boden"},"geometry":{"type":"LineString","coordinates":[[7.59212,47.529203],[7.592764,47.529411],[7.593553,47.529422]]}},{"type":"Feature","properties":{"k":"neben","name":"In den Ziegelhöfen"},"geometry":{"type":"LineString","coordinates":[[7.556506,47.544901],[7.556167,47.545283],[7.556144,47.545308]]}},{"type":"Feature","properties":{"k":"neben","name":"Fröschgasse"},"geometry":{"type":"LineString","coordinates":[[7.557733,47.545083],[7.557586,47.545545],[7.557372,47.545804]]}},{"type":"Feature","properties":{"k":"neben","name":"Pruntruterstrasse"},"geometry":{"type":"LineString","coordinates":[[7.581952,47.544693],[7.580979,47.545088]]}},{"type":"Feature","properties":{"k":"neben","name":"Meltingerstrasse"},"geometry":{"type":"LineString","coordinates":[[7.582277,47.546032],[7.582235,47.54599],[7.58134,47.545123],[7.581233,47.545019]]}},{"type":"Feature","properties":{"k":"neben","name":"Hermann Suter-Strasse"},"geometry":{"type":"LineString","coordinates":[[7.580097,47.545117],[7.579869,47.546063]]}},{"type":"Feature","properties":{"k":"neben","name":"Hans Huber-Strasse"},"geometry":{"type":"LineString","coordinates":[[7.578956,47.545177],[7.579012,47.545151],[7.580097,47.545117],[7.580979,47.545088]]}},{"type":"Feature","properties":{"k":"neben","name":"Edisonstrasse"},"geometry":{"type":"LineString","coordinates":[[7.583624,47.546319],[7.582481,47.546864]]}},{"type":"Feature","properties":{"k":"neben","name":"Im Margarethenletten"},"geometry":{"type":"LineString","coordinates":[[7.582481,47.546864],[7.581804,47.546181]]}},{"type":"Feature","properties":{"k":"neben","name":"Bruderholzweg"},"geometry":{"type":"LineString","coordinates":[[7.591712,47.540504],[7.591526,47.540345],[7.591344,47.539796],[7.591242,47.538437],[7.590832,47.537882]]}},{"type":"Feature","properties":{"k":"neben","name":"Brunnmattstrasse"},"geometry":{"type":"LineString","coordinates":[[7.590174,47.539953],[7.590662,47.540788],[7.590693,47.54084]]}},{"type":"Feature","properties":{"k":"neben","name":"Hohe Winde-Strasse"},"geometry":{"type":"LineString","coordinates":[[7.588825,47.535289],[7.588432,47.533872],[7.588667,47.533654],[7.589358,47.533591]]}},{"type":"Feature","properties":{"k":"neben","name":"Auf dem Hummel"},"geometry":{"type":"LineString","coordinates":[[7.593473,47.532356],[7.593122,47.530124],[7.592099,47.530094]]}},{"type":"Feature","properties":{"k":"neben","name":"Aeneas Silvius-Strasse"},"geometry":{"type":"LineString","coordinates":[[7.594171,47.530928],[7.593361,47.530954],[7.593214,47.530958]]}},{"type":"Feature","properties":{"k":"neben","name":"Aeneas Silvius-Strasse"},"geometry":{"type":"LineString","coordinates":[[7.592049,47.531076],[7.592533,47.531104],[7.59297,47.531101],[7.593225,47.531088]]}},{"type":"Feature","properties":{"k":"neben","name":"Reservoirstrasse"},"geometry":{"type":"LineString","coordinates":[[7.588547,47.529023],[7.588469,47.528463],[7.588559,47.528306],[7.588993,47.528064],[7.589517,47.527974]]}},{"type":"Feature","properties":{"k":"neben","name":"Peter Ochs-Strasse"},"geometry":{"type":"LineString","coordinates":[[7.593424,47.527798],[7.593854,47.528027],[7.593937,47.528165],[7.593901,47.52842],[7.593554,47.528919],[7.593491,47.529266],[7.593553,47.529422],[7.594262,47.530085],[7.594196,47.531537],[7.594469,47.532045],[7.594914,47.532453],[7.594979,47.532623]]}},{"type":"Feature","properties":{"k":"neben","name":"Fäschengasse"},"geometry":{"type":"LineString","coordinates":[[7.595036,47.529793],[7.594454,47.52923],[7.594234,47.528816],[7.593739,47.528653]]}},{"type":"Feature","properties":{"k":"neben","name":"Scheltenstrasse"},"geometry":{"type":"LineString","coordinates":[[7.592574,47.532994],[7.592724,47.533769],[7.593059,47.534344]]}},{"type":"Feature","properties":{"k":"neben","name":"Passwangstrasse"},"geometry":{"type":"LineString","coordinates":[[7.594179,47.536149],[7.594534,47.536893],[7.594599,47.537534]]}},{"type":"Feature","properties":{"k":"neben","name":"Gundeldingerrain"},"geometry":{"type":"LineString","coordinates":[[7.594979,47.532623],[7.594737,47.533139],[7.594418,47.533405],[7.593923,47.533588],[7.592724,47.533769],[7.592129,47.533964],[7.591279,47.53493]]}},{"type":"Feature","properties":{"k":"neben","name":"Helfenbergstrasse"},"geometry":{"type":"LineString","coordinates":[[7.589358,47.533591],[7.589605,47.534479],[7.589712,47.534749]]}},{"type":"Feature","properties":{"k":"neben","name":"Hasenmattstrasse"},"geometry":{"type":"LineString","coordinates":[[7.591837,47.534233],[7.591557,47.532986]]}},{"type":"Feature","properties":{"k":"neben","name":"Riedbergstrasse"},"geometry":{"type":"LineString","coordinates":[[7.590375,47.533102],[7.59061,47.533473],[7.59079,47.534272],[7.590763,47.53459]]}},{"type":"Feature","properties":{"k":"neben","name":"Rehhagstrasse"},"geometry":{"type":"LineString","coordinates":[[7.591279,47.53493],[7.591177,47.534735],[7.591002,47.534641],[7.590183,47.534603],[7.589712,47.534749],[7.588825,47.535289],[7.588031,47.535467],[7.587519,47.535356]]}},{"type":"Feature","properties":{"k":"neben","name":"Ingelsteinweg"},"geometry":{"type":"LineString","coordinates":[[7.593138,47.538966],[7.593283,47.539055],[7.593806,47.539887]]}},{"type":"Feature","properties":{"k":"neben","name":"Zum Hilsenstein"},"geometry":{"type":"LineString","coordinates":[[7.594243,47.5392],[7.594514,47.539618],[7.594546,47.539668]]}},{"type":"Feature","properties":{"k":"neben","name":"Tannenfluhweg"},"geometry":{"type":"LineString","coordinates":[[7.595276,47.539447],[7.595248,47.539402],[7.594978,47.538976]]}},{"type":"Feature","properties":{"k":"neben","name":"Bruderholzstrasse"},"geometry":{"type":"LineString","coordinates":[[7.595243,47.544518],[7.594897,47.543903],[7.594448,47.543181]]}},{"type":"Feature","properties":{"k":"neben","name":"Rümelinbachweg"},"geometry":{"type":"LineString","coordinates":[[7.585751,47.55144],[7.584038,47.551343],[7.582755,47.550567]]}},{"type":"Feature","properties":{"k":"neben","name":"Achilles Bischoff-Strasse"},"geometry":{"type":"LineString","coordinates":[[7.594163,47.540921],[7.594633,47.540845]]}},{"type":"Feature","properties":{"k":"neben","name":"Krachenrain"},"geometry":{"type":"LineString","coordinates":[[7.593059,47.534344],[7.592098,47.535151],[7.591483,47.53544],[7.590922,47.535845],[7.590822,47.536224],[7.591189,47.536714]]}},{"type":"Feature","properties":{"k":"neben","name":"Fringelistrasse"},"geometry":{"type":"LineString","coordinates":[[7.592261,47.536588],[7.591929,47.53621],[7.591483,47.53544]]}},{"type":"Feature","properties":{"k":"neben","name":"Weissensteinstrasse"},"geometry":{"type":"LineString","coordinates":[[7.59317,47.536354],[7.592537,47.535176],[7.592309,47.534961]]}},{"type":"Feature","properties":{"k":"neben","name":"Hauensteinstrasse"},"geometry":{"type":"LineString","coordinates":[[7.593059,47.534344],[7.593676,47.534403],[7.59418,47.534348],[7.596597,47.533598],[7.597057,47.533366]]}},{"type":"Feature","properties":{"k":"neben","name":"Sonnenbergstrasse"},"geometry":{"type":"LineString","coordinates":[[7.59501,47.535892],[7.594475,47.536078],[7.592261,47.536588],[7.591189,47.536714]]}},{"type":"Feature","properties":{"k":"neben","name":"Bruderholzrain"},"geometry":{"type":"LineString","coordinates":[[7.596208,47.537299],[7.594945,47.537515],[7.592962,47.537513],[7.592545,47.537433],[7.592101,47.537233],[7.591536,47.536692]]}},{"type":"Feature","properties":{"k":"neben","name":"Bodenackerstrasse"},"geometry":{"type":"LineString","coordinates":[[7.589968,47.526586],[7.589149,47.526421],[7.586866,47.526471],[7.585178,47.526398]]}},{"type":"Feature","properties":{"k":"neben","name":"Beim Wasserturm"},"geometry":{"type":"LineString","coordinates":[[7.593198,47.527828],[7.593036,47.52726],[7.592906,47.526782],[7.592894,47.526738]]}},{"type":"Feature","properties":{"k":"neben","name":"St. Galler-Ring"},"geometry":{"type":"LineString","coordinates":[[7.568099,47.550979],[7.568408,47.550393],[7.568855,47.549819],[7.569837,47.548991]]}},{"type":"Feature","properties":{"k":"neben","name":"Kastelstrasse"},"geometry":{"type":"LineString","coordinates":[[7.56912,47.54864],[7.569984,47.547908],[7.571242,47.547071],[7.57216,47.546581],[7.573778,47.545895]]}},{"type":"Feature","properties":{"k":"neben","name":"Benkenstrasse"},"geometry":{"type":"LineString","coordinates":[[7.574382,47.547981],[7.572689,47.548721]]}},{"type":"Feature","properties":{"k":"neben","name":"Blochmonterstrasse"},"geometry":{"type":"LineString","coordinates":[[7.573778,47.545895],[7.575217,47.547618]]}},{"type":"Feature","properties":{"k":"neben","name":"Schalerstrasse"},"geometry":{"type":"LineString","coordinates":[[7.573518,47.54709],[7.57544,47.549092]]}},{"type":"Feature","properties":{"k":"neben","name":"Kluserstrasse"},"geometry":{"type":"LineString","coordinates":[[7.572944,47.550411],[7.573746,47.549845],[7.57544,47.549092]]}},{"type":"Feature","properties":{"k":"neben","name":"Bättwilerstrasse"},"geometry":{"type":"LineString","coordinates":[[7.572119,47.550062],[7.572161,47.550034],[7.572184,47.550018],[7.573243,47.549292]]}},{"type":"Feature","properties":{"k":"neben","name":"Mariasteinstrasse"},"geometry":{"type":"LineString","coordinates":[[7.570807,47.54844],[7.572045,47.549177]]}},{"type":"Feature","properties":{"k":"neben","name":"Benkenstrasse"},"geometry":{"type":"LineString","coordinates":[[7.572894,47.548932],[7.573757,47.548558],[7.574574,47.548195]]}},{"type":"Feature","properties":{"k":"neben","name":"Aescherstrasse"},"geometry":{"type":"LineString","coordinates":[[7.573757,47.548558],[7.574608,47.549466]]}},{"type":"Feature","properties":{"k":"neben","name":"Kahlstrasse"},"geometry":{"type":"LineString","coordinates":[[7.573536,47.548341],[7.572627,47.547486]]}},{"type":"Feature","properties":{"k":"neben","name":"Birsigstrasse"},"geometry":{"type":"LineString","coordinates":[[7.57873,47.550221],[7.578808,47.550195],[7.57944,47.549997],[7.580058,47.549802]]}},{"type":"Feature","properties":{"k":"neben","name":"Brennerstrasse"},"geometry":{"type":"LineString","coordinates":[[7.574824,47.551263],[7.571834,47.552659]]}},{"type":"Feature","properties":{"k":"neben","name":"Bernerring"},"geometry":{"type":"LineString","coordinates":[[7.569931,47.548938],[7.571774,47.547852]]}},{"type":"Feature","properties":{"k":"neben","name":"Tödistrasse"},"geometry":{"type":"LineString","coordinates":[[7.566785,47.552474],[7.567101,47.551435],[7.56752,47.550616]]}},{"type":"Feature","properties":{"k":"neben","name":"Wanderstrasse"},"geometry":{"type":"LineString","coordinates":[[7.566785,47.552474],[7.566265,47.552419]]}},{"type":"Feature","properties":{"k":"neben","name":"Bristenweg"},"geometry":{"type":"LineString","coordinates":[[7.568616,47.550116],[7.566356,47.549243]]}},{"type":"Feature","properties":{"k":"neben","name":"Schönmattstrasse"},"geometry":{"type":"LineString","coordinates":[[7.575966,47.545124],[7.575561,47.545145],[7.575481,47.54515]]}},{"type":"Feature","properties":{"k":"neben","name":"Hofstetterstrasse"},"geometry":{"type":"LineString","coordinates":[[7.568106,47.547186],[7.567573,47.546931],[7.567071,47.545927]]}},{"type":"Feature","properties":{"k":"neben","name":"Im Holeeletten"},"geometry":{"type":"LineString","coordinates":[[7.56626,47.546208],[7.566793,47.547106],[7.566626,47.547442]]}},{"type":"Feature","properties":{"k":"neben","name":"Göschenenstrasse"},"geometry":{"type":"LineString","coordinates":[[7.562005,47.547275],[7.559878,47.546996],[7.557926,47.547073],[7.556963,47.547226]]}},{"type":"Feature","properties":{"k":"neben","name":"Realpstrasse"},"geometry":{"type":"LineString","coordinates":[[7.564362,47.547838],[7.565076,47.5477],[7.56513,47.547692]]}},{"type":"Feature","properties":{"k":"neben","name":"Tessinstrasse"},"geometry":{"type":"LineString","coordinates":[[7.56566,47.551484],[7.561668,47.55091]]}},{"type":"Feature","properties":{"k":"neben","name":"Nufenenstrasse"},"geometry":{"type":"LineString","coordinates":[[7.56269,47.551063],[7.563063,47.550125]]}},{"type":"Feature","properties":{"k":"neben","name":"St. Galler-Ring"},"geometry":{"type":"LineString","coordinates":[[7.567341,47.554163],[7.567407,47.553608]]}},{"type":"Feature","properties":{"k":"neben","name":"Sulzerstrasse"},"geometry":{"type":"LineString","coordinates":[[7.571514,47.553571],[7.572382,47.554757]]}},{"type":"Feature","properties":{"k":"neben","name":"Belchenstrasse"},"geometry":{"type":"LineString","coordinates":[[7.574222,47.553379],[7.574206,47.55343],[7.573856,47.554309]]}},{"type":"Feature","properties":{"k":"neben","name":"Im Zimmerhof"},"geometry":{"type":"LineString","coordinates":[[7.573962,47.554993],[7.573782,47.554616],[7.573637,47.554384]]}},{"type":"Feature","properties":{"k":"haupt","name":"Bundesstrasse"},"geometry":{"type":"LineString","coordinates":[[7.577284,47.55314],[7.577255,47.55312],[7.577209,47.553085]]}},{"type":"Feature","properties":{"k":"neben","name":"Murtengasse"},"geometry":{"type":"LineString","coordinates":[[7.579221,47.552948],[7.578162,47.553678],[7.578119,47.553708]]}},{"type":"Feature","properties":{"k":"neben","name":"Burgunderstrasse"},"geometry":{"type":"LineString","coordinates":[[7.579733,47.553279],[7.580181,47.553592],[7.580821,47.55404],[7.580832,47.554048]]}},{"type":"Feature","properties":{"k":"neben","name":"Tiergartenrain"},"geometry":{"type":"LineString","coordinates":[[7.581172,47.550532],[7.581226,47.550448],[7.58264,47.549831]]}},{"type":"Feature","properties":{"k":"neben","name":"Pelikanweg"},"geometry":{"type":"LineString","coordinates":[[7.581997,47.550109],[7.58117,47.549694],[7.581014,47.549587],[7.580959,47.549526]]}},{"type":"Feature","properties":{"k":"neben","name":"Holbeinstrasse"},"geometry":{"type":"LineString","coordinates":[[7.584241,47.5553],[7.584334,47.554137],[7.584418,47.553885]]}},{"type":"Feature","properties":{"k":"neben","name":"Marschalkenstrasse"},"geometry":{"type":"LineString","coordinates":[[7.57482,47.550942],[7.574703,47.550823],[7.573746,47.549845]]}},{"type":"Feature","properties":{"k":"neben","name":"Schweizergasse"},"geometry":{"type":"LineString","coordinates":[[7.575308,47.550297],[7.575412,47.55032],[7.57671,47.549978]]}},{"type":"Feature","properties":{"k":"neben","name":"Rotbergerstrasse"},"geometry":{"type":"LineString","coordinates":[[7.577443,47.548934],[7.576196,47.549284]]}},{"type":"Feature","properties":{"k":"neben","name":"Realpstrasse"},"geometry":{"type":"LineString","coordinates":[[7.569105,47.549584],[7.566963,47.548526]]}},{"type":"Feature","properties":{"k":"neben","name":"Bachlettenstrasse"},"geometry":{"type":"LineString","coordinates":[[7.579201,47.548626],[7.579495,47.548922],[7.579817,47.549552],[7.580058,47.549802]]}},{"type":"Feature","properties":{"k":"neben","name":"Realpstrasse"},"geometry":{"type":"LineString","coordinates":[[7.567021,47.548453],[7.565344,47.547795],[7.565177,47.547817]]}},{"type":"Feature","properties":{"k":"neben","name":"Birsigstrasse"},"geometry":{"type":"LineString","coordinates":[[7.58264,47.549831],[7.583076,47.550169],[7.585913,47.55121]]}},{"type":"Feature","properties":{"k":"neben","name":"J.J. Balmer-Strasse"},"geometry":{"type":"LineString","coordinates":[[7.595504,47.541187],[7.595281,47.541126],[7.594897,47.540479],[7.59477,47.540442]]}},{"type":"Feature","properties":{"k":"neben","name":"Sandweg"},"geometry":{"type":"LineString","coordinates":[[7.551781,47.553319],[7.558341,47.551084]]}},{"type":"Feature","properties":{"k":"neben","name":"Bettenstrasse"},"geometry":{"type":"LineString","coordinates":[[7.557892,47.549835],[7.549768,47.552638]]}},{"type":"Feature","properties":{"k":"neben","name":"Neuweilerstrasse"},"geometry":{"type":"LineString","coordinates":[[7.557649,47.546004],[7.562515,47.546456],[7.564444,47.546797]]}},{"type":"Feature","properties":{"k":"neben","name":"Herrenweg"},"geometry":{"type":"LineString","coordinates":[[7.556144,47.545308],[7.557372,47.545804]]}},{"type":"Feature","properties":{"k":"neben","name":"Neubadstrasse"},"geometry":{"type":"LineString","coordinates":[[7.56754,47.547842],[7.566626,47.547442],[7.565295,47.54701]]}},{"type":"Feature","properties":{"k":"haupt"},"geometry":{"type":"LineString","coordinates":[[7.585664,47.548479],[7.585966,47.548843]]}},{"type":"Feature","properties":{"k":"haupt"},"geometry":{"type":"LineString","coordinates":[[7.584826,47.54747],[7.585027,47.547714],[7.5851,47.547802]]}},{"type":"Feature","properties":{"k":"neben","name":"Güterstrasse"},"geometry":{"type":"LineString","coordinates":[[7.597958,47.541809],[7.59425,47.542891]]}},{"type":"Feature","properties":{"k":"neben","name":"Birsig-Parkplatz"},"geometry":{"type":"LineString","coordinates":[[7.589201,47.552656],[7.589478,47.553792]]}},{"type":"Feature","properties":{"k":"haupt","name":"Margarethenbrücke"},"geometry":{"type":"LineString","coordinates":[[7.586071,47.548977],[7.58603,47.548923],[7.586011,47.5489],[7.585966,47.548843]]}},{"type":"Feature","properties":{"k":"neben","name":"Gottfried Keller-Strasse"},"geometry":{"type":"LineString","coordinates":[[7.5665,47.554166],[7.567341,47.554163]]}},{"type":"Feature","properties":{"k":"neben","name":"Wallstrasse"},"geometry":{"type":"LineString","coordinates":[[7.588991,47.550162],[7.589592,47.549913],[7.589617,47.549814]]}},{"type":"Feature","properties":{"k":"neben","name":"Wallstrasse"},"geometry":{"type":"LineString","coordinates":[[7.590539,47.550315],[7.590525,47.550322],[7.589652,47.550781],[7.588991,47.550162]]}},{"type":"Feature","properties":{"k":"neben","name":"De Wette-Strasse"},"geometry":{"type":"LineString","coordinates":[[7.590475,47.55027],[7.591031,47.549895]]}},{"type":"Feature","properties":{"k":"neben","name":"Kirschgartenstrasse"},"geometry":{"type":"LineString","coordinates":[[7.591045,47.551739],[7.591448,47.551671],[7.592217,47.551293]]}},{"type":"Feature","properties":{"k":"neben","name":"Henric Petri-Strasse"},"geometry":{"type":"LineString","coordinates":[[7.592832,47.551822],[7.591786,47.552472],[7.591395,47.552612]]}},{"type":"Feature","properties":{"k":"neben","name":"Rümelinbachweg"},"geometry":{"type":"LineString","coordinates":[[7.586691,47.551627],[7.585751,47.55144]]}},{"type":"Feature","properties":{"k":"neben","name":"Tiergartenrain"},"geometry":{"type":"LineString","coordinates":[[7.583954,47.54929],[7.583868,47.549337],[7.583852,47.549345]]}},{"type":"Feature","properties":{"k":"neben","name":"Tiergartenrain"},"geometry":{"type":"LineString","coordinates":[[7.583852,47.549345],[7.583796,47.549371],[7.583665,47.549425]]}},{"type":"Feature","properties":{"k":"neben","name":"Peter Merian-Strasse"},"geometry":{"type":"LineString","coordinates":[[7.597242,47.548989],[7.593904,47.546979]]}},{"type":"Feature","properties":{"k":"neben","name":"Lindenhofstrasse"},"geometry":{"type":"LineString","coordinates":[[7.59446,47.54732],[7.595017,47.54715],[7.596973,47.54661],[7.59711,47.546572]]}},{"type":"Feature","properties":{"k":"neben","name":"Parkweg"},"geometry":{"type":"LineString","coordinates":[[7.59244,47.549552],[7.593353,47.5489]]}},{"type":"Feature","properties":{"k":"neben","name":"Picassoplatz"},"geometry":{"type":"LineString","coordinates":[[7.595263,47.553232],[7.594945,47.553405]]}},{"type":"Feature","properties":{"k":"haupt","name":"Aeschenplatz"},"geometry":{"type":"LineString","coordinates":[[7.594836,47.551529],[7.594597,47.551428]]}},{"type":"Feature","properties":{"k":"neben","name":"Aeschenvorstadt"},"geometry":{"type":"LineString","coordinates":[[7.59345,47.552495],[7.592378,47.553644]]}},{"type":"Feature","properties":{"k":"neben","name":"Aeschenvorstadt"},"geometry":{"type":"LineString","coordinates":[[7.592042,47.553659],[7.592058,47.553653],[7.592075,47.553647]]}},{"type":"Feature","properties":{"k":"neben","name":"Elisabethenstrasse"},"geometry":{"type":"LineString","coordinates":[[7.589505,47.549728],[7.589759,47.549758]]}},{"type":"Feature","properties":{"k":"haupt","name":"Viaduktstrasse"},"geometry":{"type":"LineString","coordinates":[[7.58225,47.550123],[7.584294,47.549329]]}},{"type":"Feature","properties":{"k":"haupt","name":"Viaduktstrasse"},"geometry":{"type":"LineString","coordinates":[[7.582304,47.550187],[7.581285,47.550596]]}},{"type":"Feature","properties":{"k":"haupt","name":"Viaduktstrasse"},"geometry":{"type":"LineString","coordinates":[[7.584294,47.549329],[7.585069,47.54902]]}},{"type":"Feature","properties":{"k":"haupt","name":"Viaduktstrasse"},"geometry":{"type":"LineString","coordinates":[[7.58435,47.549395],[7.582304,47.550187]]}},{"type":"Feature","properties":{"k":"neben","name":"Centralbahnstrasse"},"geometry":{"type":"LineString","coordinates":[[7.588076,47.548417],[7.588099,47.548408],[7.588127,47.548398],[7.588715,47.54817]]}},{"type":"Feature","properties":{"k":"neben","name":"Elisabethenstrasse"},"geometry":{"type":"LineString","coordinates":[[7.589879,47.549867],[7.589617,47.549814]]}},{"type":"Feature","properties":{"k":"neben","name":"Leimenstrasse"},"geometry":{"type":"LineString","coordinates":[[7.579783,47.55128],[7.579849,47.551346],[7.579872,47.55137],[7.580012,47.55151]]}},{"type":"Feature","properties":{"k":"haupt","name":"Auberg"},"geometry":{"type":"LineString","coordinates":[[7.584423,47.552496],[7.585531,47.552117]]}},{"type":"Feature","properties":{"k":"haupt","name":"Heuwaage"},"geometry":{"type":"LineString","coordinates":[[7.586889,47.551162],[7.586193,47.550918]]}},{"type":"Feature","properties":{"k":"haupt","name":"Steinenring"},"geometry":{"type":"LineString","coordinates":[[7.581285,47.550596],[7.580519,47.550942]]}},{"type":"Feature","properties":{"k":"haupt","name":"Viaduktstrasse"},"geometry":{"type":"LineString","coordinates":[[7.581172,47.550532],[7.581286,47.550492],[7.581612,47.550363],[7.58225,47.550123]]}},{"type":"Feature","properties":{"k":"neben","name":"Byfangweg"},"geometry":{"type":"LineString","coordinates":[[7.58084,47.550797],[7.580887,47.550838],[7.582085,47.551893]]}},{"type":"Feature","properties":{"k":"haupt","name":"Steinenring"},"geometry":{"type":"LineString","coordinates":[[7.577209,47.553085],[7.578154,47.552241]]}},{"type":"Feature","properties":{"k":"haupt","name":"Spalenring"},"geometry":{"type":"LineString","coordinates":[[7.577326,47.553168],[7.576756,47.553816]]}},{"type":"Feature","properties":{"k":"neben","name":"Küchengasse"},"geometry":{"type":"LineString","coordinates":[[7.589525,47.549192],[7.589496,47.549148],[7.589472,47.549113]]}},{"type":"Feature","properties":{"k":"neben","name":"Heumattstrasse"},"geometry":{"type":"LineString","coordinates":[[7.591281,47.547235],[7.591109,47.548394]]}},{"type":"Feature","properties":{"k":"haupt","name":"Elisabethenanlage"},"geometry":{"type":"LineString","coordinates":[[7.589793,47.549308],[7.589171,47.549451]]}},{"type":"Feature","properties":{"k":"neben","name":"Schertlingasse"},"geometry":{"type":"LineString","coordinates":[[7.584338,47.552411],[7.585375,47.55196],[7.584121,47.551882],[7.583903,47.551985]]}},{"type":"Feature","properties":{"k":"neben","name":"Rütlistrasse"},"geometry":{"type":"LineString","coordinates":[[7.576277,47.554303],[7.576316,47.554313],[7.576349,47.554321],[7.576393,47.554333]]}},{"type":"Feature","properties":{"k":"haupt","name":"Steinentorberg"},"geometry":{"type":"LineString","coordinates":[[7.588138,47.549864],[7.588007,47.550227]]}},{"type":"Feature","properties":{"k":"neben","name":"Steinentorberg"},"geometry":{"type":"LineString","coordinates":[[7.587724,47.550839],[7.5877,47.551086]]}},{"type":"Feature","properties":{"k":"neben","name":"Sternengasse"},"geometry":{"type":"LineString","coordinates":[[7.593339,47.552429],[7.592832,47.551822]]}},{"type":"Feature","properties":{"k":"neben","name":"Wallstrasse"},"geometry":{"type":"LineString","coordinates":[[7.588991,47.550162],[7.588355,47.550423],[7.588335,47.550506]]}},{"type":"Feature","properties":{"k":"neben","name":"Sennheimerstrasse"},"geometry":{"type":"LineString","coordinates":[[7.572185,47.553339],[7.569339,47.554309],[7.568857,47.554278]]}},{"type":"Feature","properties":{"k":"haupt","name":"Markthallenbrücke"},"geometry":{"type":"LineString","coordinates":[[7.588274,47.54918],[7.588362,47.549278]]}},{"type":"Feature","properties":{"k":"neben","name":"Gotthelfplatz"},"geometry":{"type":"LineString","coordinates":[[7.568769,47.553683],[7.567407,47.553608]]}},{"type":"Feature","properties":{"k":"neben","name":"Steinenvorstadt"},"geometry":{"type":"LineString","coordinates":[[7.587181,47.551203],[7.587282,47.55135],[7.587436,47.551551]]}},{"type":"Feature","properties":{"k":"haupt","name":"Auberg"},"geometry":{"type":"LineString","coordinates":[[7.587346,47.551124],[7.587032,47.551264],[7.586597,47.551861],[7.585575,47.552175]]}},{"type":"Feature","properties":{"k":"haupt","name":"Heuwaage"},"geometry":{"type":"LineString","coordinates":[[7.586193,47.550918],[7.58566,47.550666],[7.585627,47.550538],[7.585801,47.550399]]}},{"type":"Feature","properties":{"k":"neben","name":"Gartenstrasse"},"geometry":{"type":"LineString","coordinates":[[7.592385,47.54735],[7.592208,47.547255],[7.592103,47.547026]]}},{"type":"Feature","properties":{"k":"haupt","name":"Steinenring"},"geometry":{"type":"LineString","coordinates":[[7.579783,47.55128],[7.578218,47.55233]]}},{"type":"Feature","properties":{"k":"haupt","name":"Viaduktstrasse"},"geometry":{"type":"LineString","coordinates":[[7.587329,47.548833],[7.586071,47.548977]]}},{"type":"Feature","properties":{"k":"neben","name":"Feierabendstrasse"},"geometry":{"type":"LineString","coordinates":[[7.580937,47.552457],[7.582085,47.551893],[7.583076,47.5514],[7.583174,47.551353]]}},{"type":"Feature","properties":{"k":"neben","name":"Feierabendstrasse"},"geometry":{"type":"LineString","coordinates":[[7.580937,47.552457],[7.58082,47.552517],[7.579733,47.553279]]}},{"type":"Feature","properties":{"k":"neben","name":"Byfangweg"},"geometry":{"type":"LineString","coordinates":[[7.583329,47.552963],[7.582085,47.551893]]}},{"type":"Feature","properties":{"k":"neben","name":"Tellstrasse"},"geometry":{"type":"LineString","coordinates":[[7.596872,47.543328],[7.596822,47.543207],[7.596641,47.543141],[7.594685,47.543009]]}},{"type":"Feature","properties":{"k":"neben","name":"Schillerstrasse"},"geometry":{"type":"LineString","coordinates":[[7.596872,47.543328],[7.594897,47.543903]]}},{"type":"Feature","properties":{"k":"haupt","name":"Markthallenbrücke"},"geometry":{"type":"LineString","coordinates":[[7.58764,47.548704],[7.587674,47.548721],[7.587697,47.548737]]}},{"type":"Feature","properties":{"k":"haupt","name":"Elisabethenanlage"},"geometry":{"type":"LineString","coordinates":[[7.589525,47.549192],[7.589742,47.549137],[7.589794,47.549127],[7.589986,47.549104]]}},{"type":"Feature","properties":{"k":"neben","name":"Hochstrasse"},"geometry":{"type":"LineString","coordinates":[[7.592632,47.545435],[7.592659,47.545425],[7.592874,47.545359]]}},{"type":"Feature","properties":{"k":"neben","name":"Solothurnerstrasse"},"geometry":{"type":"LineString","coordinates":[[7.591337,47.545283],[7.591474,47.545445]]}},{"type":"Feature","properties":{"k":"neben","name":"Güterstrasse"},"geometry":{"type":"LineString","coordinates":[[7.588071,47.545304],[7.587764,47.545424]]}},{"type":"Feature","properties":{"k":"neben","name":"Güterstrasse"},"geometry":{"type":"LineString","coordinates":[[7.587764,47.545424],[7.584352,47.546748]]}},{"type":"Feature","properties":{"k":"neben","name":"Solothurnerstrasse"},"geometry":{"type":"LineString","coordinates":[[7.589615,47.543255],[7.591337,47.545283]]}},{"type":"Feature","properties":{"k":"haupt","name":"Dornacherstrasse"},"geometry":{"type":"LineString","coordinates":[[7.589615,47.543255],[7.586833,47.544332]]}},{"type":"Feature","properties":{"k":"neben","name":"Bruderholzallee"},"geometry":{"type":"LineString","coordinates":[[7.587326,47.533653],[7.587847,47.533335],[7.589194,47.533165],[7.589552,47.533061],[7.589951,47.532802],[7.590324,47.532419],[7.590573,47.532334],[7.593473,47.532356],[7.594551,47.532518],[7.595586,47.532798],[7.597793,47.533709],[7.600071,47.534083],[7.601722,47.534644]]}},{"type":"Feature","properties":{"k":"neben","name":"Reservoirstrasse"},"geometry":{"type":"LineString","coordinates":[[7.589517,47.527974],[7.592088,47.527967],[7.593198,47.527828]]}},{"type":"Feature","properties":{"k":"neben","name":"Säntisstrasse"},"geometry":{"type":"LineString","coordinates":[[7.567767,47.551864],[7.567891,47.551884],[7.569252,47.552115]]}},{"type":"Feature","properties":{"k":"haupt","name":"Auberg"},"geometry":{"type":"LineString","coordinates":[[7.585531,47.552117],[7.586553,47.551781],[7.586889,47.551162]]}},{"type":"Feature","properties":{"k":"haupt","name":"Auberg"},"geometry":{"type":"LineString","coordinates":[[7.585575,47.552175],[7.584547,47.552488],[7.584466,47.552495],[7.584423,47.552496]]}},{"type":"Feature","properties":{"k":"neben","name":"Weiherweg"},"geometry":{"type":"LineString","coordinates":[[7.576756,47.553816],[7.576711,47.553809],[7.576674,47.553802],[7.576621,47.553793]]}},{"type":"Feature","properties":{"k":"haupt","name":"Viaduktstrasse"},"geometry":{"type":"LineString","coordinates":[[7.585966,47.548843],[7.58743,47.548659]]}},{"type":"Feature","properties":{"k":"haupt","name":"Viaduktstrasse"},"geometry":{"type":"LineString","coordinates":[[7.586071,47.548977],[7.585173,47.549087],[7.58435,47.549395]]}},{"type":"Feature","properties":{"k":"neben","name":"Langenhagweg"},"geometry":{"type":"LineString","coordinates":[[7.553522,47.548336],[7.557104,47.547548]]}},{"type":"Feature","properties":{"k":"neben","name":"Nufenenstrasse"},"geometry":{"type":"LineString","coordinates":[[7.56295,47.550105],[7.563371,47.549124]]}},{"type":"Feature","properties":{"k":"neben","name":"Therwilerstrasse"},"geometry":{"type":"LineString","coordinates":[[7.57671,47.549978],[7.577856,47.551401]]}},{"type":"Feature","properties":{"k":"neben","name":"Rotbergerstrasse"},"geometry":{"type":"LineString","coordinates":[[7.576139,47.549304],[7.5758,47.549424],[7.57576,47.549427],[7.575691,47.549413]]}},{"type":"Feature","properties":{"k":"neben","name":"Hirschgässlein"},"geometry":{"type":"LineString","coordinates":[[7.592546,47.550687],[7.592661,47.550785],[7.593478,47.551502]]}},{"type":"Feature","properties":{"k":"neben","name":"Bristenweg"},"geometry":{"type":"LineString","coordinates":[[7.56817,47.549946],[7.56804,47.550146]]}},{"type":"Feature","properties":{"k":"neben","name":"Im Heimgarten"},"geometry":{"type":"LineString","coordinates":[[7.565689,47.546452],[7.565942,47.546928],[7.565844,47.547171]]}},{"type":"Feature","properties":{"k":"neben","name":"St. Galler-Ring"},"geometry":{"type":"LineString","coordinates":[[7.567407,47.553608],[7.567417,47.553537],[7.56751,47.552654],[7.567549,47.552561]]}},{"type":"Feature","properties":{"k":"neben","name":"Hochstrasse"},"geometry":{"type":"LineString","coordinates":[[7.593612,47.545009],[7.592537,47.545327]]}},{"type":"Feature","properties":{"k":"neben","name":"Baumgartenweg"},"geometry":{"type":"LineString","coordinates":[[7.594961,47.542685],[7.594948,47.542664],[7.594933,47.542639],[7.594227,47.541562]]}},{"type":"Feature","properties":{"k":"neben","name":"Neubadrain"},"geometry":{"type":"LineString","coordinates":[[7.564533,47.545625],[7.564585,47.545726]]}},{"type":"Feature","properties":{"k":"neben","name":"Neubadstrasse"},"geometry":{"type":"LineString","coordinates":[[7.564608,47.545777],[7.564788,47.546645]]}},{"type":"Feature","properties":{"k":"neben","name":"Erdbeergraben"},"geometry":{"type":"LineString","coordinates":[[7.580702,47.546568],[7.580648,47.546851]]}},{"type":"Feature","properties":{"k":"neben","name":"Wielandplatz"},"geometry":{"type":"LineString","coordinates":[[7.571587,47.552766],[7.570933,47.552948]]}},{"type":"Feature","properties":{"k":"neben","name":"Leonhardsstrasse"},"geometry":{"type":"LineString","coordinates":[[7.582722,47.554142],[7.58431,47.553889],[7.584772,47.553924]]}},{"type":"Feature","properties":{"k":"neben","name":"Holbeinstrasse"},"geometry":{"type":"LineString","coordinates":[[7.584703,47.553002],[7.58469,47.553042],[7.584418,47.553885]]}},{"type":"Feature","properties":{"k":"neben","name":"Herrengrabenweg"},"geometry":{"type":"LineString","coordinates":[[7.570387,47.553178],[7.572816,47.556241]]}},{"type":"Feature","properties":{"k":"neben","name":"Centralbahnstrasse"},"geometry":{"type":"LineString","coordinates":[[7.592103,47.547026],[7.591926,47.546984]]}},{"type":"Feature","properties":{"k":"neben","name":"Güterstrasse"},"geometry":{"type":"LineString","coordinates":[[7.59425,47.542891],[7.588071,47.545304]]}},{"type":"Feature","properties":{"k":"neben","name":"Hermann Kinkelin-Strasse"},"geometry":{"type":"LineString","coordinates":[[7.591964,47.551081],[7.592546,47.550687]]}},{"type":"Feature","properties":{"k":"neben","name":"Centralbahnstrasse"},"geometry":{"type":"LineString","coordinates":[[7.591232,47.547177],[7.591926,47.546984]]}},{"type":"Feature","properties":{"k":"neben","name":"Centralbahnstrasse"},"geometry":{"type":"LineString","coordinates":[[7.58983,47.547975],[7.589781,47.548096]]}},{"type":"Feature","properties":{"k":"haupt","name":"St. Alban-Graben"},"geometry":{"type":"LineString","coordinates":[[7.594877,47.554774],[7.59491,47.55482]]}},{"type":"Feature","properties":{"k":"haupt","name":"Centralbahnstrasse"},"geometry":{"type":"LineString","coordinates":[[7.58764,47.548704],[7.587485,47.548781]]}},{"type":"Feature","properties":{"k":"neben","name":"General Guisan-Strasse"},"geometry":{"type":"LineString","coordinates":[[7.56712,47.550404],[7.56665,47.550947]]}},{"type":"Feature","properties":{"k":"neben","name":"Tiergartenrain"},"geometry":{"type":"LineString","coordinates":[[7.583062,47.54966],[7.58264,47.549831]]}},{"type":"Feature","properties":{"k":"neben","name":"Schöllenenstrasse"},"geometry":{"type":"LineString","coordinates":[[7.564769,47.551369],[7.564987,47.550504]]}},{"type":"Feature","properties":{"k":"neben","name":"Innere Margarethenstrasse"},"geometry":{"type":"LineString","coordinates":[[7.586071,47.548977],[7.586997,47.550673]]}},{"type":"Feature","properties":{"k":"neben","name":"Steinentorstrasse"},"geometry":{"type":"LineString","coordinates":[[7.589824,47.551904],[7.589127,47.551633],[7.588934,47.551679]]}},{"type":"Feature","properties":{"k":"neben","name":"Leimenstrasse"},"geometry":{"type":"LineString","coordinates":[[7.579783,47.55128],[7.579737,47.551236],[7.579716,47.551217],[7.579675,47.551179]]}},{"type":"Feature","properties":{"k":"neben","name":"Peter Merian-Strasse"},"geometry":{"type":"LineString","coordinates":[[7.59334,47.546275],[7.593367,47.546305]]}},{"type":"Feature","properties":{"k":"neben","name":"Peter Merian-Strasse"},"geometry":{"type":"LineString","coordinates":[[7.592701,47.545526],[7.59273,47.54556],[7.59334,47.546275]]}},{"type":"Feature","properties":{"k":"neben","name":"Meret Oppenheim-Strasse"},"geometry":{"type":"LineString","coordinates":[[7.584819,47.547219],[7.584741,47.54725],[7.584682,47.547273],[7.584666,47.547279]]}},{"type":"Feature","properties":{"k":"neben","name":"Hasenberg"},"geometry":{"type":"LineString","coordinates":[[7.582755,47.550567],[7.582738,47.550643],[7.583125,47.551019],[7.583174,47.551353]]}},{"type":"Feature","properties":{"k":"neben","name":"Giornicostrasse"},"geometry":{"type":"LineString","coordinates":[[7.601372,47.528448],[7.600196,47.527943],[7.598103,47.527379],[7.597176,47.526885],[7.596892,47.526812],[7.594615,47.526917],[7.593512,47.52678],[7.589968,47.526586]]}},{"type":"Feature","properties":{"k":"haupt","name":"Spalenring"},"geometry":{"type":"LineString","coordinates":[[7.576756,47.553816],[7.576714,47.553873],[7.576393,47.554333]]}},{"type":"Feature","properties":{"k":"haupt","name":"Schützenmattstrasse"},"geometry":{"type":"LineString","coordinates":[[7.577326,47.553168],[7.577284,47.55314]]}},{"type":"Feature","properties":{"k":"neben","name":"Elisabethenstrasse"},"geometry":{"type":"LineString","coordinates":[[7.5915,47.552809],[7.591483,47.552778],[7.591395,47.552612]]}},{"type":"Feature","properties":{"k":"neben","name":"Elisabethenstrasse"},"geometry":{"type":"LineString","coordinates":[[7.591395,47.552612],[7.59188,47.553362]]}},{"type":"Feature","properties":{"k":"neben","name":"Freie Strasse"},"geometry":{"type":"LineString","coordinates":[[7.592068,47.55387],[7.591295,47.554862]]}},{"type":"Feature","properties":{"k":"neben","name":"St. Alban-Graben"},"geometry":{"type":"LineString","coordinates":[[7.59223,47.553817],[7.594549,47.554578]]}},{"type":"Feature","properties":{"k":"neben","name":"Steinenberg"},"geometry":{"type":"LineString","coordinates":[[7.589007,47.554106],[7.589857,47.553981],[7.589943,47.553969],[7.590017,47.553958]]}},{"type":"Feature","properties":{"k":"neben","name":"Steinenberg"},"geometry":{"type":"LineString","coordinates":[[7.590052,47.554035],[7.589176,47.554195]]}},{"type":"Feature","properties":{"k":"neben","name":"Steinenberg"},"geometry":{"type":"LineString","coordinates":[[7.590017,47.553958],[7.590719,47.553867]]}},{"type":"Feature","properties":{"k":"neben","name":"Fasnachtsgasse"},"geometry":{"type":"LineString","coordinates":[[7.590643,47.554118],[7.590543,47.554111],[7.5905,47.554072]]}},{"type":"Feature","properties":{"k":"neben","name":"Barfüsserplatz"},"geometry":{"type":"LineString","coordinates":[[7.589233,47.554915],[7.588859,47.554883]]}},{"type":"Feature","properties":{"k":"neben","name":"Falknerstrasse"},"geometry":{"type":"LineString","coordinates":[[7.589343,47.555167],[7.589233,47.554915]]}},{"type":"Feature","properties":{"k":"neben","name":"Kohlenberg"},"geometry":{"type":"LineString","coordinates":[[7.588348,47.554148],[7.588779,47.55408],[7.588816,47.554077],[7.588968,47.554064]]}},{"type":"Feature","properties":{"k":"neben","name":"Brunngässlein"},"geometry":{"type":"LineString","coordinates":[[7.595034,47.553046],[7.593339,47.552429]]}},{"type":"Feature","properties":{"k":"haupt","name":"Dufourstrasse"},"geometry":{"type":"LineString","coordinates":[[7.595034,47.553046],[7.595003,47.553167],[7.594945,47.553405]]}},{"type":"Feature","properties":{"k":"neben","name":"Henric Petri-Strasse"},"geometry":{"type":"LineString","coordinates":[[7.594204,47.551152],[7.592832,47.551822]]}},{"type":"Feature","properties":{"k":"neben","name":"Holbeinstrasse"},"geometry":{"type":"LineString","coordinates":[[7.58123,47.550564],[7.581243,47.550572],[7.581285,47.550596]]}},{"type":"Feature","properties":{"k":"neben","name":"Holeerain"},"geometry":{"type":"LineString","coordinates":[[7.571384,47.544724],[7.571365,47.544683]]}},{"type":"Feature","properties":{"k":"neben","name":"In den Ziegelhöfen"},"geometry":{"type":"LineString","coordinates":[[7.564726,47.546185],[7.562696,47.54579],[7.556506,47.544901]]}},{"type":"Feature","properties":{"k":"haupt","name":"Steinenschanze"},"geometry":{"type":"LineString","coordinates":[[7.586318,47.55297],[7.586114,47.552958],[7.586006,47.552806]]}},{"type":"Feature","properties":{"k":"neben","name":"Sustenstrasse"},"geometry":{"type":"LineString","coordinates":[[7.559902,47.545394],[7.559695,47.54618]]}},{"type":"Feature","properties":{"k":"neben","name":"Birsigstrasse"},"geometry":{"type":"LineString","coordinates":[[7.586193,47.550918],[7.586145,47.550976]]}},{"type":"Feature","properties":{"k":"neben","name":"Barfüssergasse"},"geometry":{"type":"LineString","coordinates":[[7.591034,47.554523],[7.591374,47.554622]]}},{"type":"Feature","properties":{"k":"neben","name":"Barfüsserplatz"},"geometry":{"type":"LineString","coordinates":[[7.589328,47.554617],[7.589508,47.554613],[7.589692,47.554696],[7.589845,47.554764]]}},{"type":"Feature","properties":{"k":"neben","name":"Barfüsserplatz"},"geometry":{"type":"LineString","coordinates":[[7.589176,47.554195],[7.589141,47.554216],[7.589109,47.554246]]}},{"type":"Feature","properties":{"k":"neben","name":"Elisabethenstrasse"},"geometry":{"type":"LineString","coordinates":[[7.592068,47.55387],[7.592048,47.553823],[7.592027,47.553778]]}},{"type":"Feature","properties":{"k":"neben","name":"Falknerstrasse"},"geometry":{"type":"LineString","coordinates":[[7.589427,47.554995],[7.589402,47.555097],[7.589366,47.555137],[7.589343,47.555167]]}},{"type":"Feature","properties":{"k":"neben","name":"Kaufhausgasse"},"geometry":{"type":"LineString","coordinates":[[7.590524,47.554692],[7.591019,47.555091]]}},{"type":"Feature","properties":{"k":"neben","name":"Aeschenvorstadt"},"geometry":{"type":"LineString","coordinates":[[7.592378,47.553644],[7.592282,47.553683],[7.592219,47.55371],[7.59215,47.553741]]}},{"type":"Feature","properties":{"k":"neben","name":"Fasnachtsgasse"},"geometry":{"type":"LineString","coordinates":[[7.591034,47.554523],[7.591039,47.554229],[7.590643,47.554118]]}},{"type":"Feature","properties":{"k":"neben","name":"Im langen Loh"},"geometry":{"type":"LineString","coordinates":[[7.562644,47.553986],[7.561418,47.551871]]}},{"type":"Feature","properties":{"k":"neben","name":"Blauensteinerstrasse"},"geometry":{"type":"LineString","coordinates":[[7.582126,47.544572],[7.582788,47.544245],[7.583757,47.543936]]}},{"type":"Feature","properties":{"k":"neben","name":"Frobenstrasse"},"geometry":{"type":"LineString","coordinates":[[7.586781,47.545806],[7.586772,47.545795],[7.585863,47.544706]]}},{"type":"Feature","properties":{"k":"neben","name":"Gempenstrasse"},"geometry":{"type":"LineString","coordinates":[[7.587711,47.545363],[7.587735,47.545391],[7.587752,47.545411],[7.587764,47.545424]]}},{"type":"Feature","properties":{"k":"neben","name":"Klosterberg"},"geometry":{"type":"LineString","coordinates":[[7.591124,47.552066],[7.590408,47.552104],[7.589824,47.551904]]}},{"type":"Feature","properties":{"k":"neben","name":"Reichensteinerstrasse"},"geometry":{"type":"LineString","coordinates":[[7.583217,47.543321],[7.583268,47.543379],[7.583757,47.543936],[7.584778,47.545129]]}},{"type":"Feature","properties":{"k":"neben","name":"Theaterstrasse"},"geometry":{"type":"LineString","coordinates":[[7.589856,47.553534],[7.589759,47.552722]]}},{"type":"Feature","properties":{"k":"neben","name":"Beinwilerstrasse"},"geometry":{"type":"LineString","coordinates":[[7.591066,47.541616],[7.589808,47.542091]]}},{"type":"Feature","properties":{"k":"neben","name":"Feierabendstrasse"},"geometry":{"type":"LineString","coordinates":[[7.578617,47.554049],[7.579733,47.553279]]}},{"type":"Feature","properties":{"k":"neben","name":"Jurastrasse"},"geometry":{"type":"LineString","coordinates":[[7.590469,47.540914],[7.592691,47.543499]]}},{"type":"Feature","properties":{"k":"neben","name":"Peter Merian-Strasse"},"geometry":{"type":"LineString","coordinates":[[7.592632,47.545435],[7.592701,47.545526]]}},{"type":"Feature","properties":{"k":"neben","name":"Pfeffingerstrasse"},"geometry":{"type":"LineString","coordinates":[[7.592537,47.545327],[7.589167,47.541346]]}},{"type":"Feature","properties":{"k":"neben","name":"Schützenmattstrasse"},"geometry":{"type":"LineString","coordinates":[[7.579469,47.554637],[7.578617,47.554049]]}},{"type":"Feature","properties":{"k":"neben","name":"Tiergartenrain"},"geometry":{"type":"LineString","coordinates":[[7.583492,47.549493],[7.583062,47.54966]]}},{"type":"Feature","properties":{"k":"neben","name":"Weiherweg"},"geometry":{"type":"LineString","coordinates":[[7.578617,47.554049],[7.578405,47.554127],[7.577655,47.553985]]}},{"type":"Feature","properties":{"k":"neben","name":"Winkelriedplatz"},"geometry":{"type":"LineString","coordinates":[[7.58759,47.543507],[7.589271,47.542868]]}},{"type":"Feature","properties":{"k":"neben","name":"Zwingerstrasse"},"geometry":{"type":"LineString","coordinates":[[7.592691,47.543499],[7.593813,47.54495]]}},{"type":"Feature","properties":{"k":"neben","name":"Gartenstrasse"},"geometry":{"type":"LineString","coordinates":[[7.592103,47.547026],[7.592217,47.547055],[7.592385,47.54735]]}},{"type":"Feature","properties":{"k":"neben","name":"Neubadstrasse"},"geometry":{"type":"LineString","coordinates":[[7.574749,47.551145],[7.571275,47.549707],[7.569837,47.548991]]}},{"type":"Feature","properties":{"k":"neben","name":"Rudolfstrasse"},"geometry":{"type":"LineString","coordinates":[[7.575373,47.55358],[7.575357,47.553627],[7.57502,47.554518],[7.575026,47.555706]]}},{"type":"Feature","properties":{"k":"neben","name":"Thannerstrasse"},"geometry":{"type":"LineString","coordinates":[[7.570435,47.555367],[7.573856,47.554309],[7.576177,47.554706]]}},{"type":"Feature","properties":{"k":"neben","name":"Wanderstrasse"},"geometry":{"type":"LineString","coordinates":[[7.570933,47.552948],[7.566785,47.552474]]}},{"type":"Feature","properties":{"k":"neben","name":"Dittingerstrasse"},"geometry":{"type":"LineString","coordinates":[[7.589829,47.541128],[7.589798,47.541074],[7.589131,47.540171]]}},{"type":"Feature","properties":{"k":"haupt","name":"Margarethenstrasse"},"geometry":{"type":"LineString","coordinates":[[7.581551,47.544301],[7.581505,47.544257],[7.581414,47.544177]]}},{"type":"Feature","properties":{"k":"neben","name":"Wanderstrasse"},"geometry":{"type":"LineString","coordinates":[[7.564962,47.552279],[7.561867,47.551918]]}},{"type":"Feature","properties":{"k":"neben","name":"Barfüssergasse"},"geometry":{"type":"LineString","coordinates":[[7.590524,47.554692],[7.59091,47.554513],[7.591034,47.554523]]}},{"type":"Feature","properties":{"k":"neben","name":"Bachofenstrasse"},"geometry":{"type":"LineString","coordinates":[[7.589969,47.539617],[7.59115,47.539276],[7.59125,47.539253],[7.591309,47.53925]]}},{"type":"Feature","properties":{"k":"neben","name":"Röschenzerstrasse"},"geometry":{"type":"LineString","coordinates":[[7.586554,47.540301],[7.587272,47.54017],[7.588263,47.541646]]}},{"type":"Feature","properties":{"k":"neben","name":"Barfüsserplatz"},"geometry":{"type":"LineString","coordinates":[[7.588859,47.554883],[7.588868,47.554244]]}},{"type":"Feature","properties":{"k":"neben","name":"Barfüsserplatz"},"geometry":{"type":"LineString","coordinates":[[7.589419,47.554893],[7.589432,47.554942],[7.589427,47.554995]]}},{"type":"Feature","properties":{"k":"neben","name":"Kanonengasse"},"geometry":{"type":"LineString","coordinates":[[7.584703,47.553002],[7.585841,47.553313],[7.585872,47.553322],[7.585972,47.553353]]}},{"type":"Feature","properties":{"k":"neben","name":"Gotthardstrasse"},"geometry":{"type":"LineString","coordinates":[[7.561668,47.55091],[7.562199,47.549959],[7.56275,47.548953]]}},{"type":"Feature","properties":{"k":"neben","name":"Gotthardstrasse"},"geometry":{"type":"LineString","coordinates":[[7.56275,47.548953],[7.563264,47.548234]]}},{"type":"Feature","properties":{"k":"neben","name":"Gotthardstrasse"},"geometry":{"type":"LineString","coordinates":[[7.56456,47.547074],[7.564654,47.547006],[7.564685,47.546984]]}},{"type":"Feature","properties":{"k":"neben","name":"Reusstrasse"},"geometry":{"type":"LineString","coordinates":[[7.562199,47.549959],[7.565769,47.55065]]}},{"type":"Feature","properties":{"k":"neben","name":"Im langen Loh"},"geometry":{"type":"LineString","coordinates":[[7.561252,47.551534],[7.560152,47.54858],[7.559695,47.54618]]}},{"type":"Feature","properties":{"k":"neben","name":"Gotthardstrasse"},"geometry":{"type":"LineString","coordinates":[[7.563264,47.548234],[7.563924,47.547562]]}},{"type":"Feature","properties":{"k":"neben","name":"Reusstrasse"},"geometry":{"type":"LineString","coordinates":[[7.561415,47.549918],[7.562199,47.549959]]}},{"type":"Feature","properties":{"k":"neben","name":"Gotthardstrasse"},"geometry":{"type":"LineString","coordinates":[[7.561668,47.55091],[7.561335,47.551462],[7.561296,47.551499],[7.561252,47.551534]]}},{"type":"Feature","properties":{"k":"neben","name":"Burgunderstrasse"},"geometry":{"type":"LineString","coordinates":[[7.579733,47.553279],[7.579221,47.552948],[7.578289,47.552377],[7.578218,47.55233]]}},{"type":"Feature","properties":{"k":"neben","name":"Fasnachtsgasse"},"geometry":{"type":"LineString","coordinates":[[7.590672,47.554173],[7.590369,47.554399]]}},{"type":"Feature","properties":{"k":"neben","name":"Küchengasse"},"geometry":{"type":"LineString","coordinates":[[7.589369,47.548973],[7.589013,47.548152]]}},{"type":"Feature","properties":{"k":"neben","name":"Küchengasse"},"geometry":{"type":"LineString","coordinates":[[7.589472,47.549113],[7.589369,47.548973]]}},{"type":"Feature","properties":{"k":"neben","name":"Altkircherstrasse"},"geometry":{"type":"LineString","coordinates":[[7.570933,47.552948],[7.570834,47.553017],[7.570387,47.553178]]}},{"type":"Feature","properties":{"k":"neben","name":"Gartenstrasse"},"geometry":{"type":"LineString","coordinates":[[7.59835,47.551555],[7.596183,47.550033],[7.592791,47.547833]]}},{"type":"Feature","properties":{"k":"neben","name":"Gartenstrasse"},"geometry":{"type":"LineString","coordinates":[[7.592791,47.547833],[7.592707,47.547724],[7.592689,47.547703],[7.592627,47.54763]]}},{"type":"Feature","properties":{"k":"neben","name":"Rittergasse"},"geometry":{"type":"LineString","coordinates":[[7.594479,47.554739],[7.594429,47.554765]]}},{"type":"Feature","properties":{"k":"neben","name":"St. Alban-Graben"},"geometry":{"type":"LineString","coordinates":[[7.594443,47.554678],[7.592068,47.55387]]}},{"type":"Feature","properties":{"k":"neben","name":"Elisabethenstrasse"},"geometry":{"type":"LineString","coordinates":[[7.591952,47.553592],[7.591785,47.553303],[7.591556,47.552908],[7.5915,47.552809]]}},{"type":"Feature","properties":{"k":"haupt"},"geometry":{"type":"LineString","coordinates":[[7.575647,47.544269],[7.575404,47.544378],[7.575277,47.544291],[7.575315,47.544174],[7.575521,47.54408],[7.575663,47.544132],[7.575647,47.544269]]}},{"type":"Feature","properties":{"k":"haupt","name":"Bundesplatz"},"geometry":{"type":"LineString","coordinates":[[7.574824,47.551263],[7.574749,47.551145],[7.57488,47.55103],[7.575291,47.551179],[7.575162,47.551325],[7.574824,47.551263]]}},{"type":"Feature","properties":{"k":"neben","name":"Schützenmattstrasse"},"geometry":{"type":"LineString","coordinates":[[7.580368,47.555427],[7.579469,47.554637]]}},{"type":"Feature","properties":{"k":"neben","name":"Eulerstrasse"},"geometry":{"type":"LineString","coordinates":[[7.580368,47.555427],[7.582637,47.554178]]}},{"type":"Feature","properties":{"k":"neben","name":"Wanderstrasse"},"geometry":{"type":"LineString","coordinates":[[7.560979,47.551824],[7.55878,47.55236]]}},{"type":"Feature","properties":{"k":"haupt","name":"Spalenring"},"geometry":{"type":"LineString","coordinates":[[7.576621,47.553793],[7.577209,47.553085]]}},{"type":"Feature","properties":{"k":"neben","name":"St. Galler-Ring"},"geometry":{"type":"LineString","coordinates":[[7.567757,47.552589],[7.567747,47.552681],[7.567645,47.553546],[7.567637,47.553625]]}},{"type":"Feature","properties":{"k":"haupt","name":"Bundesstrasse"},"geometry":{"type":"LineString","coordinates":[[7.577209,47.553085],[7.575162,47.551325]]}},{"type":"Feature","properties":{"k":"neben","name":"Herrenweg"},"geometry":{"type":"LineString","coordinates":[[7.557372,47.545804],[7.557904,47.546011]]}},{"type":"Feature","properties":{"k":"neben","name":"Herrenweg"},"geometry":{"type":"LineString","coordinates":[[7.557372,47.545804],[7.557251,47.545968]]}},{"type":"Feature","properties":{"k":"haupt","name":"Aeschengraben"},"geometry":{"type":"LineString","coordinates":[[7.592997,47.550297],[7.591748,47.549371]]}},{"type":"Feature","properties":{"k":"haupt","name":"Aeschengraben"},"geometry":{"type":"LineString","coordinates":[[7.594204,47.551152],[7.59413,47.5511],[7.5931,47.550373]]}},{"type":"Feature","properties":{"k":"haupt","name":"Aeschengraben"},"geometry":{"type":"LineString","coordinates":[[7.594597,47.551428],[7.594334,47.551239]]}},{"type":"Feature","properties":{"k":"haupt","name":"Aeschengraben"},"geometry":{"type":"LineString","coordinates":[[7.593315,47.550143],[7.594754,47.551077]]}},{"type":"Feature","properties":{"k":"neben","name":"Centralbahnstrasse"},"geometry":{"type":"LineString","coordinates":[[7.588715,47.54817],[7.589522,47.547924]]}},{"type":"Feature","properties":{"k":"neben","name":"Weiherweg"},"geometry":{"type":"LineString","coordinates":[[7.576621,47.553793],[7.574222,47.553379],[7.572686,47.553199]]}},{"type":"Feature","properties":{"k":"haupt","name":"Elisabethenanlage"},"geometry":{"type":"LineString","coordinates":[[7.588138,47.549864],[7.587873,47.550077]]}},{"type":"Feature","properties":{"k":"neben","name":"Neuweilerstrasse"},"geometry":{"type":"LineString","coordinates":[[7.557251,47.545968],[7.557396,47.545978],[7.557649,47.546004]]}},{"type":"Feature","properties":{"k":"neben","name":"Im Margarethental"},"geometry":{"type":"LineString","coordinates":[[7.577379,47.543907],[7.576625,47.543955]]}},{"type":"Feature","properties":{"k":"neben","name":"St. Alban-Vorstadt"},"geometry":{"type":"LineString","coordinates":[[7.594968,47.554738],[7.595125,47.554713],[7.595685,47.554665],[7.597014,47.554552]]}},{"type":"Feature","properties":{"k":"neben","name":"Barfüsserplatz"},"geometry":{"type":"LineString","coordinates":[[7.589845,47.554764],[7.589825,47.554922]]}},{"type":"Feature","properties":{"k":"neben"},"geometry":{"type":"LineString","coordinates":[[7.567445,47.554202],[7.568857,47.554278]]}},{"type":"Feature","properties":{"k":"neben","name":"Sustenstrasse"},"geometry":{"type":"LineString","coordinates":[[7.560135,47.544962],[7.560054,47.544952],[7.559912,47.545366],[7.559902,47.545394]]}},{"type":"Feature","properties":{"k":"neben","name":"Kirschblütenweg"},"geometry":{"type":"LineString","coordinates":[[7.588267,47.536766],[7.588863,47.536402],[7.588615,47.535631]]}},{"type":"Feature","properties":{"k":"haupt","name":"Elisabethenanlage"},"geometry":{"type":"LineString","coordinates":[[7.589338,47.549371],[7.589986,47.549104]]}},{"type":"Feature","properties":{"k":"neben","name":"Tiergartenrain"},"geometry":{"type":"LineString","coordinates":[[7.583665,47.549425],[7.583522,47.549482],[7.583492,47.549493]]}},{"type":"Feature","properties":{"k":"neben","name":"Weiherweg"},"geometry":{"type":"LineString","coordinates":[[7.577655,47.553985],[7.576929,47.553848],[7.57689,47.55384]]}},{"type":"Feature","properties":{"k":"neben","name":"Herrengrabenweg"},"geometry":{"type":"LineString","coordinates":[[7.570324,47.552888],[7.570339,47.552954],[7.570387,47.553178]]}},{"type":"Feature","properties":{"k":"haupt","name":"Elisabethenanlage"},"geometry":{"type":"LineString","coordinates":[[7.590849,47.548701],[7.591262,47.548548]]}},{"type":"Feature","properties":{"k":"haupt","name":"Elisabethenanlage"},"geometry":{"type":"LineString","coordinates":[[7.590392,47.54892],[7.590849,47.548701]]}},{"type":"Feature","properties":{"k":"haupt","name":"Elisabethenanlage"},"geometry":{"type":"LineString","coordinates":[[7.589986,47.549104],[7.590298,47.548963],[7.590361,47.548934],[7.590392,47.54892]]}},{"type":"Feature","properties":{"k":"neben","name":"Centralbahnstrasse"},"geometry":{"type":"LineString","coordinates":[[7.589522,47.547924],[7.589708,47.547915]]}},{"type":"Feature","properties":{"k":"haupt","name":"Baslerstrasse"},"geometry":{"type":"LineString","coordinates":[[7.578333,47.543947],[7.578307,47.543835]]}},{"type":"Feature","properties":{"k":"neben"},"geometry":{"type":"LineString","coordinates":[[7.589635,47.524329],[7.590449,47.52434],[7.590606,47.524291]]}},{"type":"Feature","properties":{"k":"neben","name":"Oberalpstrasse"},"geometry":{"type":"LineString","coordinates":[[7.563924,47.547562],[7.56434,47.547778],[7.5646,47.548494],[7.564281,47.549362]]}},{"type":"Feature","properties":{"k":"haupt","name":"Aeschengraben"},"geometry":{"type":"LineString","coordinates":[[7.591206,47.548721],[7.593315,47.550143]]}},{"type":"Feature","properties":{"k":"neben","name":"Kastelstrasse"},"geometry":{"type":"LineString","coordinates":[[7.574795,47.545639],[7.573778,47.545895]]}},{"type":"Feature","properties":{"k":"haupt","name":"Gundeldingerstrasse"},"geometry":{"type":"LineString","coordinates":[[7.588263,47.541646],[7.588361,47.541613],[7.589157,47.541349],[7.589167,47.541346]]}},{"type":"Feature","properties":{"k":"neben","name":"Peter Ochs-Strasse"},"geometry":{"type":"LineString","coordinates":[[7.594591,47.532186],[7.594929,47.531973],[7.594981,47.531915]]}},{"type":"Feature","properties":{"k":"neben","name":"Centralbahnstrasse"},"geometry":{"type":"LineString","coordinates":[[7.589325,47.54806],[7.589013,47.548152]]}},{"type":"Feature","properties":{"k":"neben","name":"Oberwilerstrasse"},"geometry":{"type":"LineString","coordinates":[[7.579586,47.551089],[7.577443,47.548934],[7.576614,47.547794],[7.57639,47.547688]]}},{"type":"Feature","properties":{"k":"neben","name":"Arnold Böcklin-Strasse"},"geometry":{"type":"LineString","coordinates":[[7.579675,47.551179],[7.579416,47.551175]]}},{"type":"Feature","properties":{"k":"neben","name":"Arnold Böcklin-Strasse"},"geometry":{"type":"LineString","coordinates":[[7.57931,47.551174],[7.57941,47.551139],[7.579586,47.551089]]}},{"type":"Feature","properties":{"k":"haupt","name":"Steinenring"},"geometry":{"type":"LineString","coordinates":[[7.578218,47.55233],[7.577326,47.553168]]}},{"type":"Feature","properties":{"k":"neben","name":"Burgunderstrasse"},"geometry":{"type":"LineString","coordinates":[[7.578218,47.55233],[7.578191,47.552295],[7.578176,47.55227],[7.578154,47.552241]]}},{"type":"Feature","properties":{"k":"neben","name":"Arnold Böcklin-Strasse"},"geometry":{"type":"LineString","coordinates":[[7.579586,47.551089],[7.579839,47.551078]]}},{"type":"Feature","properties":{"k":"neben","name":"Leimenstrasse"},"geometry":{"type":"LineString","coordinates":[[7.580161,47.551658],[7.581657,47.553185]]}},{"type":"Feature","properties":{"k":"haupt","name":"Steinenring"},"geometry":{"type":"LineString","coordinates":[[7.580519,47.550942],[7.580016,47.551173],[7.579973,47.551193],[7.579783,47.55128]]}},{"type":"Feature","properties":{"k":"haupt","name":"Steinenring"},"geometry":{"type":"LineString","coordinates":[[7.57913,47.55154],[7.579443,47.551312],[7.579478,47.551288],[7.579675,47.551179]]}},{"type":"Feature","properties":{"k":"haupt","name":"Steinenring"},"geometry":{"type":"LineString","coordinates":[[7.579675,47.551179],[7.579839,47.551078]]}},{"type":"Feature","properties":{"k":"haupt","name":"Binningerstrasse"},"geometry":{"type":"LineString","coordinates":[[7.583954,47.54929],[7.585801,47.550399]]}},{"type":"Feature","properties":{"k":"haupt","name":"Binningerstrasse"},"geometry":{"type":"LineString","coordinates":[[7.58363,47.54909],[7.583739,47.549146]]}},{"type":"Feature","properties":{"k":"haupt","name":"Binningerstrasse"},"geometry":{"type":"LineString","coordinates":[[7.582979,47.54865],[7.583381,47.548938],[7.58363,47.54909]]}},{"type":"Feature","properties":{"k":"neben","name":"Erdbeergraben"},"geometry":{"type":"LineString","coordinates":[[7.583451,47.548786],[7.583524,47.548871],[7.583593,47.548986],[7.58363,47.54909]]}},{"type":"Feature","properties":{"k":"haupt","name":"Viaduktstrasse"},"geometry":{"type":"LineString","coordinates":[[7.585069,47.54902],[7.585966,47.548843]]}},{"type":"Feature","properties":{"k":"haupt","name":"Dorenbachviadukt"},"geometry":{"type":"LineString","coordinates":[[7.579,47.544083],[7.581286,47.543957]]}},{"type":"Feature","properties":{"k":"haupt","name":"Elisabethenanlage"},"geometry":{"type":"LineString","coordinates":[[7.588235,47.54967],[7.588476,47.549455],[7.589986,47.549104]]}},{"type":"Feature","properties":{"k":"haupt","name":"Heuwaage-Viadukt"},"geometry":{"type":"LineString","coordinates":[[7.587873,47.550077],[7.587839,47.550138]]}},{"type":"Feature","properties":{"k":"haupt","name":"Steinenschanze"},"geometry":{"type":"LineString","coordinates":[[7.585615,47.55223],[7.585575,47.552175]]}},{"type":"Feature","properties":{"k":"haupt","name":"Elisabethenanlage"},"geometry":{"type":"LineString","coordinates":[[7.589171,47.549451],[7.588867,47.549505]]}},{"type":"Feature","properties":{"k":"haupt","name":"Nauenstrasse"},"geometry":{"type":"LineString","coordinates":[[7.591584,47.548605],[7.591206,47.548721]]}},{"type":"Feature","properties":{"k":"haupt","name":"Nauenstrasse"},"geometry":{"type":"LineString","coordinates":[[7.592325,47.548276],[7.591584,47.548605]]}},{"type":"Feature","properties":{"k":"haupt","name":"Steinentorberg"},"geometry":{"type":"LineString","coordinates":[[7.588007,47.550227],[7.587957,47.550391],[7.587934,47.55047]]}},{"type":"Feature","properties":{"k":"haupt","name":"Steinentorberg"},"geometry":{"type":"LineString","coordinates":[[7.587616,47.550907],[7.58754,47.550957],[7.587459,47.551015]]}},{"type":"Feature","properties":{"k":"neben","name":"Innere Margarethenstrasse"},"geometry":{"type":"LineString","coordinates":[[7.586837,47.550849],[7.586997,47.550673]]}},{"type":"Feature","properties":{"k":"haupt","name":"Binningerstrasse"},"geometry":{"type":"LineString","coordinates":[[7.585801,47.550399],[7.586777,47.550835]]}},{"type":"Feature","properties":{"k":"neben","name":"Bachlettenstrasse"},"geometry":{"type":"LineString","coordinates":[[7.581001,47.550425],[7.580147,47.549845],[7.580058,47.549802]]}},{"type":"Feature","properties":{"k":"neben","name":"Bachlettenstrasse"},"geometry":{"type":"LineString","coordinates":[[7.581172,47.550532],[7.581054,47.550461],[7.581001,47.550425]]}},{"type":"Feature","properties":{"k":"haupt","name":"Steinenring"},"geometry":{"type":"LineString","coordinates":[[7.579839,47.551078],[7.581172,47.550532]]}},{"type":"Feature","properties":{"k":"haupt","name":"Elisabethenanlage"},"geometry":{"type":"LineString","coordinates":[[7.590668,47.548926],[7.590434,47.54903]]}},{"type":"Feature","properties":{"k":"neben","name":"Hochstrasse"},"geometry":{"type":"LineString","coordinates":[[7.598602,47.543481],[7.593612,47.545009]]}},{"type":"Feature","properties":{"k":"neben","name":"Bruderholzstrasse"},"geometry":{"type":"LineString","coordinates":[[7.594448,47.543181],[7.59425,47.542891]]}},{"type":"Feature","properties":{"k":"neben","name":"Tellstrasse"},"geometry":{"type":"LineString","coordinates":[[7.594685,47.543009],[7.594644,47.543006],[7.594323,47.542984]]}},{"type":"Feature","properties":{"k":"haupt","name":"Margarethenstrasse"},"geometry":{"type":"LineString","coordinates":[[7.584666,47.547279],[7.584746,47.547375]]}},{"type":"Feature","properties":{"k":"haupt","name":"Margarethenstrasse"},"geometry":{"type":"LineString","coordinates":[[7.584666,47.547279],[7.584332,47.546992]]}},{"type":"Feature","properties":{"k":"haupt","name":"Margarethenstrasse"},"geometry":{"type":"LineString","coordinates":[[7.584332,47.546992],[7.584494,47.546919]]}},{"type":"Feature","properties":{"k":"haupt","name":"Margarethenstrasse"},"geometry":{"type":"LineString","coordinates":[[7.584332,47.546992],[7.584169,47.546818]]}},{"type":"Feature","properties":{"k":"neben","name":"Frobenstrasse"},"geometry":{"type":"LineString","coordinates":[[7.585863,47.544706],[7.584415,47.542996],[7.584367,47.542937]]}},{"type":"Feature","properties":{"k":"haupt","name":"Markthallenbrücke"},"geometry":{"type":"LineString","coordinates":[[7.589598,47.54953],[7.589557,47.549605],[7.589524,47.549691],[7.589505,47.549728]]}},{"type":"Feature","properties":{"k":"neben","name":"Holbeinstrasse"},"geometry":{"type":"LineString","coordinates":[[7.581285,47.550596],[7.581458,47.550722],[7.58268,47.551086],[7.583091,47.551302],[7.583903,47.551985]]}},{"type":"Feature","properties":{"k":"haupt","name":"Nauenstrasse"},"geometry":{"type":"LineString","coordinates":[[7.595724,47.546258],[7.59484,47.546583]]}},{"type":"Feature","properties":{"k":"haupt","name":"Nauenstrasse"},"geometry":{"type":"LineString","coordinates":[[7.592791,47.547833],[7.592877,47.547767],[7.592905,47.547745],[7.593052,47.547627]]}},{"type":"Feature","properties":{"k":"neben","name":"Peter Merian-Strasse"},"geometry":{"type":"LineString","coordinates":[[7.593367,47.546305],[7.593904,47.546979]]}},{"type":"Feature","properties":{"k":"haupt","name":"Elisabethenanlage"},"geometry":{"type":"LineString","coordinates":[[7.588235,47.54967],[7.588189,47.5497]]}},{"type":"Feature","properties":{"k":"haupt","name":"Steinenring"},"geometry":{"type":"LineString","coordinates":[[7.578154,47.552241],[7.57913,47.55154]]}},{"type":"Feature","properties":{"k":"haupt","name":"Markthallenbrücke"},"geometry":{"type":"LineString","coordinates":[[7.587903,47.548861],[7.588104,47.549],[7.588161,47.549057],[7.588274,47.54918]]}},{"type":"Feature","properties":{"k":"haupt","name":"Elisabethenanlage"},"geometry":{"type":"LineString","coordinates":[[7.588044,47.549825],[7.587873,47.550077]]}},{"type":"Feature","properties":{"k":"haupt","name":"Steinengraben"},"geometry":{"type":"LineString","coordinates":[[7.58656,47.552447],[7.586492,47.552581],[7.586453,47.552651]]}},{"type":"Feature","properties":{"k":"haupt","name":"Steinengraben"},"geometry":{"type":"LineString","coordinates":[[7.586453,47.552651],[7.58637,47.55279]]}},{"type":"Feature","properties":{"k":"neben","name":"Innere Margarethenstrasse"},"geometry":{"type":"LineString","coordinates":[[7.586997,47.550673],[7.587272,47.550722]]}},{"type":"Feature","properties":{"k":"neben","name":"Aeschenvorstadt"},"geometry":{"type":"LineString","coordinates":[[7.592075,47.553647],[7.593339,47.552429]]}},{"type":"Feature","properties":{"k":"neben","name":"Elisabethenstrasse"},"geometry":{"type":"LineString","coordinates":[[7.592075,47.553647],[7.59215,47.553741]]}},{"type":"Feature","properties":{"k":"neben","name":"Elisabethenstrasse"},"geometry":{"type":"LineString","coordinates":[[7.591988,47.553675],[7.591952,47.553592]]}},{"type":"Feature","properties":{"k":"neben","name":"Steinenberg"},"geometry":{"type":"LineString","coordinates":[[7.591988,47.553675],[7.592025,47.553664],[7.592042,47.553659]]}},{"type":"Feature","properties":{"k":"neben","name":"Elisabethenstrasse"},"geometry":{"type":"LineString","coordinates":[[7.592027,47.553778],[7.592015,47.55375],[7.592005,47.553722],[7.591988,47.553675]]}},{"type":"Feature","properties":{"k":"neben","name":"Bruderholzstrasse"},"geometry":{"type":"LineString","coordinates":[[7.593191,47.54187],[7.591712,47.540504]]}},{"type":"Feature","properties":{"k":"neben","name":"Höhenweg"},"geometry":{"type":"LineString","coordinates":[[7.584169,47.546818],[7.583233,47.547174],[7.582879,47.547177],[7.582071,47.54701],[7.580807,47.546503]]}},{"type":"Feature","properties":{"k":"haupt","name":"Binningerstrasse"},"geometry":{"type":"LineString","coordinates":[[7.579155,47.546313],[7.582608,47.54835],[7.582979,47.54865]]}},{"type":"Feature","properties":{"k":"haupt","name":"Dufourstrasse"},"geometry":{"type":"LineString","coordinates":[[7.594945,47.553405],[7.594902,47.553579],[7.594857,47.553747],[7.594718,47.554254]]}},{"type":"Feature","properties":{"k":"haupt","name":"Steinenschanze"},"geometry":{"type":"LineString","coordinates":[[7.585575,47.552175],[7.585563,47.55216],[7.585547,47.552138],[7.585531,47.552117]]}},{"type":"Feature","properties":{"k":"neben","name":"Kanonengasse"},"geometry":{"type":"LineString","coordinates":[[7.586089,47.55339],[7.586162,47.553415],[7.58621,47.553426],[7.586255,47.553432]]}},{"type":"Feature","properties":{"k":"neben","name":"Birsigstrasse"},"geometry":{"type":"LineString","coordinates":[[7.585913,47.55121],[7.585864,47.551253],[7.585782,47.551386],[7.585751,47.55144]]}},{"type":"Feature","properties":{"k":"haupt","name":"Steinengraben"},"geometry":{"type":"LineString","coordinates":[[7.585816,47.553845],[7.585763,47.553933],[7.58568,47.55406]]}},{"type":"Feature","properties":{"k":"haupt","name":"Steinengraben"},"geometry":{"type":"LineString","coordinates":[[7.586089,47.55339],[7.585882,47.553738]]}},{"type":"Feature","properties":{"k":"haupt","name":"Steinengraben"},"geometry":{"type":"LineString","coordinates":[[7.586318,47.55297],[7.586089,47.55339]]}},{"type":"Feature","properties":{"k":"haupt","name":"Steinengraben"},"geometry":{"type":"LineString","coordinates":[[7.585972,47.553353],[7.586196,47.552982]]}},{"type":"Feature","properties":{"k":"haupt","name":"Aeschenplatz"},"geometry":{"type":"LineString","coordinates":[[7.594754,47.551077],[7.595214,47.551197]]}},{"type":"Feature","properties":{"k":"haupt","name":"Aeschenplatz"},"geometry":{"type":"LineString","coordinates":[[7.595198,47.551632],[7.595156,47.551624],[7.594836,47.551529]]}},{"type":"Feature","properties":{"k":"haupt","name":"Aeschengraben"},"geometry":{"type":"LineString","coordinates":[[7.5931,47.550373],[7.592997,47.550297]]}},{"type":"Feature","properties":{"k":"haupt","name":"Aeschengraben"},"geometry":{"type":"LineString","coordinates":[[7.591748,47.549371],[7.591544,47.549107],[7.590984,47.5488]]}},{"type":"Feature","properties":{"k":"haupt","name":"Elisabethenanlage"},"geometry":{"type":"LineString","coordinates":[[7.590252,47.549106],[7.589793,47.549308]]}},{"type":"Feature","properties":{"k":"haupt","name":"Steinenschanze"},"geometry":{"type":"LineString","coordinates":[[7.586006,47.552806],[7.586314,47.552836]]}},{"type":"Feature","properties":{"k":"neben","name":"Altkircherstrasse"},"geometry":{"type":"LineString","coordinates":[[7.570387,47.553178],[7.569044,47.553638],[7.568921,47.55369]]}},{"type":"Feature","properties":{"k":"haupt","name":"Elisabethenanlage"},"geometry":{"type":"LineString","coordinates":[[7.588116,47.548911],[7.588776,47.549229],[7.589525,47.549192]]}},{"type":"Feature","properties":{"k":"haupt","name":"Elisabethenanlage"},"geometry":{"type":"LineString","coordinates":[[7.591206,47.548721],[7.590984,47.5488]]}},{"type":"Feature","properties":{"k":"haupt","name":"Baslerstrasse"},"geometry":{"type":"LineString","coordinates":[[7.578307,47.543835],[7.577967,47.542835],[7.576448,47.540916],[7.575512,47.538859]]}},{"type":"Feature","properties":{"k":"haupt","name":"Hauptstrasse"},"geometry":{"type":"LineString","coordinates":[[7.575343,47.543641],[7.575574,47.544078]]}},{"type":"Feature","properties":{"k":"haupt","name":"Hauptstrasse"},"geometry":{"type":"LineString","coordinates":[[7.575338,47.544154],[7.575343,47.543641]]}},{"type":"Feature","properties":{"k":"neben","name":"Binningerstrasse"},"geometry":{"type":"LineString","coordinates":[[7.553607,47.546659],[7.556539,47.546051]]}},{"type":"Feature","properties":{"k":"haupt","name":"Dornacherstrasse"},"geometry":{"type":"LineString","coordinates":[[7.586833,47.544332],[7.583286,47.545712]]}},{"type":"Feature","properties":{"k":"haupt","name":"Margarethenstrasse"},"geometry":{"type":"LineString","coordinates":[[7.583286,47.545712],[7.584352,47.546748]]}},{"type":"Feature","properties":{"k":"haupt","name":"Dornacherstrasse"},"geometry":{"type":"LineString","coordinates":[[7.583286,47.545712],[7.58308,47.5458]]}},{"type":"Feature","properties":{"k":"neben","name":"Dachsfelderstrasse"},"geometry":{"type":"LineString","coordinates":[[7.580832,47.546444],[7.582277,47.546032]]}},{"type":"Feature","properties":{"k":"neben","name":"Erdbeergraben"},"geometry":{"type":"LineString","coordinates":[[7.580714,47.546521],[7.580702,47.546568]]}},{"type":"Feature","properties":{"k":"neben","name":"Höhenweg"},"geometry":{"type":"LineString","coordinates":[[7.580653,47.546424],[7.579462,47.545843],[7.579115,47.545535],[7.578956,47.545177]]}},{"type":"Feature","properties":{"k":"neben"},"geometry":{"type":"LineString","coordinates":[[7.580821,47.54649],[7.580686,47.546513],[7.580653,47.546424],[7.580774,47.546396],[7.580821,47.54649]]}},{"type":"Feature","properties":{"k":"haupt","name":"Margarethenstrasse"},"geometry":{"type":"LineString","coordinates":[[7.584352,47.546748],[7.584363,47.546761],[7.584395,47.546799],[7.584494,47.546919]]}},{"type":"Feature","properties":{"k":"neben","name":"Wielandplatz"},"geometry":{"type":"LineString","coordinates":[[7.571587,47.552766],[7.571629,47.552795],[7.571866,47.552959],[7.572071,47.5531]]}},{"type":"Feature","properties":{"k":"neben","name":"Centralbahnstrasse"},"geometry":{"type":"LineString","coordinates":[[7.589013,47.548152],[7.587672,47.54869]]}},{"type":"Feature","properties":{"k":"haupt","name":"Steinengraben"},"geometry":{"type":"LineString","coordinates":[[7.586814,47.551996],[7.58656,47.552447]]}},{"type":"Feature","properties":{"k":"haupt","name":"Heuwaage-Viadukt"},"geometry":{"type":"LineString","coordinates":[[7.587839,47.550138],[7.587516,47.550725],[7.586814,47.551996]]}},{"type":"Feature","properties":{"k":"neben","name":"Birsigstrasse"},"geometry":{"type":"LineString","coordinates":[[7.58613,47.550995],[7.585987,47.551148]]}},{"type":"Feature","properties":{"k":"neben","name":"Birsigstrasse"},"geometry":{"type":"LineString","coordinates":[[7.585987,47.551148],[7.58597,47.551162],[7.585913,47.55121]]}},{"type":"Feature","properties":{"k":"haupt","name":"Steinentorberg"},"geometry":{"type":"LineString","coordinates":[[7.587934,47.55047],[7.587724,47.550839]]}},{"type":"Feature","properties":{"k":"neben","name":"Meret Oppenheim-Strasse"},"geometry":{"type":"LineString","coordinates":[[7.589644,47.545828],[7.590702,47.545521]]}},{"type":"Feature","properties":{"k":"haupt","name":"Nauenstrasse"},"geometry":{"type":"LineString","coordinates":[[7.593283,47.547444],[7.593381,47.547365],[7.59361,47.547182],[7.593626,47.54717]]}},{"type":"Feature","properties":{"k":"neben","name":"Theater-Passage"},"geometry":{"type":"LineString","coordinates":[[7.590643,47.554118],[7.590649,47.55408],[7.590626,47.553995]]}},{"type":"Feature","properties":{"k":"neben","name":"Bäumleingasse"},"geometry":{"type":"LineString","coordinates":[[7.591454,47.554716],[7.591599,47.554758],[7.59162,47.554764],[7.591674,47.554793]]}},{"type":"Feature","properties":{"k":"neben","name":"Bäumleingasse"},"geometry":{"type":"LineString","coordinates":[[7.591674,47.554793],[7.591895,47.554826],[7.592831,47.555085]]}},{"type":"Feature","properties":{"k":"haupt","name":"Elisabethenanlage"},"geometry":{"type":"LineString","coordinates":[[7.588391,47.54931],[7.58892,47.549424],[7.589338,47.549371]]}},{"type":"Feature","properties":{"k":"haupt","name":"Markthallenbrücke"},"geometry":{"type":"LineString","coordinates":[[7.589505,47.549728],[7.589458,47.549774],[7.589405,47.549813]]}},{"type":"Feature","properties":{"k":"haupt","name":"Elisabethenanlage"},"geometry":{"type":"LineString","coordinates":[[7.590984,47.5488],[7.590825,47.548861],[7.590779,47.548879]]}},{"type":"Feature","properties":{"k":"haupt","name":"Elisabethenanlage"},"geometry":{"type":"LineString","coordinates":[[7.590434,47.54903],[7.590252,47.549106]]}},{"type":"Feature","properties":{"k":"neben","name":"Barfüsserplatz"},"geometry":{"type":"LineString","coordinates":[[7.58988,47.554751],[7.590016,47.554796]]}},{"type":"Feature","properties":{"k":"neben","name":"Birsigstrasse"},"geometry":{"type":"LineString","coordinates":[[7.581558,47.549431],[7.582187,47.549548],[7.58264,47.549831]]}},{"type":"Feature","properties":{"k":"neben","name":"Birsigstrasse"},"geometry":{"type":"LineString","coordinates":[[7.580959,47.549526],[7.581227,47.549461],[7.581558,47.549431]]}},{"type":"Feature","properties":{"k":"neben","name":"Dachsfelderstrasse"},"geometry":{"type":"LineString","coordinates":[[7.582277,47.546032],[7.582915,47.545856],[7.582963,47.545843]]}},{"type":"Feature","properties":{"k":"neben","name":"Steinenvorstadt"},"geometry":{"type":"LineString","coordinates":[[7.587436,47.551551],[7.587468,47.551589],[7.587496,47.551617],[7.587518,47.551636]]}},{"type":"Feature","properties":{"k":"neben","name":"Lohweg"},"geometry":{"type":"LineString","coordinates":[[7.585993,47.551234],[7.586594,47.551387]]}},{"type":"Feature","properties":{"k":"neben","name":"Gempenstrasse"},"geometry":{"type":"LineString","coordinates":[[7.586833,47.544332],[7.586299,47.543701],[7.585417,47.542665],[7.585369,47.542606]]}},{"type":"Feature","properties":{"k":"neben","name":"Pruntruterstrasse"},"geometry":{"type":"LineString","coordinates":[[7.580979,47.545088],[7.580939,47.545309],[7.580743,47.546391]]}},{"type":"Feature","properties":{"k":"neben","name":"Pruntruterstrasse"},"geometry":{"type":"LineString","coordinates":[[7.580979,47.545088],[7.581801,47.544567]]}},{"type":"Feature","properties":{"k":"neben","name":"Centralbahnstrasse"},"geometry":{"type":"LineString","coordinates":[[7.58743,47.548659],[7.587479,47.54864],[7.587742,47.548542],[7.588076,47.548417]]}},{"type":"Feature","properties":{"k":"neben","name":"Hohe Winde-Strasse"},"geometry":{"type":"LineString","coordinates":[[7.593604,47.533635],[7.593436,47.533119],[7.593172,47.532992],[7.590646,47.532997],[7.589754,47.533495],[7.589358,47.533591]]}},{"type":"Feature","properties":{"k":"neben","name":"Unterer Batterieweg"},"geometry":{"type":"LineString","coordinates":[[7.587804,47.539716],[7.587689,47.539458],[7.586386,47.539447],[7.586054,47.539369],[7.585794,47.539206]]}},{"type":"Feature","properties":{"k":"neben","name":"Unterer Batterieweg"},"geometry":{"type":"LineString","coordinates":[[7.587365,47.535664],[7.587407,47.535581],[7.587494,47.535421]]}},{"type":"Feature","properties":{"k":"neben","name":"Unterer Batterieweg"},"geometry":{"type":"LineString","coordinates":[[7.585961,47.537894],[7.586311,47.537662],[7.586487,47.53736],[7.586685,47.53676],[7.586711,47.536145],[7.587365,47.535664]]}},{"type":"Feature","properties":{"k":"neben","name":"Unterer Batterieweg"},"geometry":{"type":"LineString","coordinates":[[7.585751,47.539085],[7.585495,47.538427],[7.58565,47.538123],[7.585961,47.537894]]}},{"type":"Feature","properties":{"k":"neben","name":"Unterer Batterieweg"},"geometry":{"type":"LineString","coordinates":[[7.585794,47.539206],[7.585751,47.539085]]}},{"type":"Feature","properties":{"k":"neben","name":"Sternengasse"},"geometry":{"type":"LineString","coordinates":[[7.592832,47.551822],[7.592217,47.551293],[7.591964,47.551081]]}},{"type":"Feature","properties":{"k":"neben","name":"Elisabethenstrasse"},"geometry":{"type":"LineString","coordinates":[[7.591124,47.552066],[7.591045,47.551739]]}},{"type":"Feature","properties":{"k":"neben","name":"Elisabethenstrasse"},"geometry":{"type":"LineString","coordinates":[[7.591045,47.551739],[7.590957,47.550732],[7.59076,47.55048],[7.590136,47.550042]]}},{"type":"Feature","properties":{"k":"neben","name":"General Guisan-Strasse"},"geometry":{"type":"LineString","coordinates":[[7.565902,47.549813],[7.56752,47.550616]]}},{"type":"Feature","properties":{"k":"neben","name":"General Guisan-Strasse"},"geometry":{"type":"LineString","coordinates":[[7.56752,47.550616],[7.569461,47.551563]]}},{"type":"Feature","properties":{"k":"neben","name":"Barfüsserplatz"},"geometry":{"type":"LineString","coordinates":[[7.589109,47.554246],[7.589101,47.554485],[7.589419,47.554893]]}},{"type":"Feature","properties":{"k":"neben","name":"Barfüsserplatz"},"geometry":{"type":"LineString","coordinates":[[7.588868,47.554244],[7.588897,47.554189]]}},{"type":"Feature","properties":{"k":"neben","name":"Arbedostrasse"},"geometry":{"type":"LineString","coordinates":[[7.586481,47.529296],[7.586469,47.529194]]}},{"type":"Feature","properties":{"k":"neben","name":"Konzertgasse"},"geometry":{"type":"LineString","coordinates":[[7.589826,47.554465],[7.58971,47.554153]]}},{"type":"Feature","properties":{"k":"neben","name":"Blauenstrasse"},"geometry":{"type":"LineString","coordinates":[[7.572185,47.553339],[7.572071,47.5531]]}},{"type":"Feature","properties":{"k":"haupt","name":"Holeestrasse"},"geometry":{"type":"LineString","coordinates":[[7.574598,47.544408],[7.575113,47.544315],[7.575277,47.544291]]}},{"type":"Feature","properties":{"k":"haupt","name":"Oberwilerstrasse"},"geometry":{"type":"LineString","coordinates":[[7.57545,47.544847],[7.575404,47.544378]]}},{"type":"Feature","properties":{"k":"haupt","name":"Oberwilerstrasse"},"geometry":{"type":"LineString","coordinates":[[7.575487,47.54522],[7.57545,47.544847]]}},{"type":"Feature","properties":{"k":"haupt","name":"Laupenring"},"geometry":{"type":"LineString","coordinates":[[7.567167,47.54827],[7.56754,47.547842]]}},{"type":"Feature","properties":{"k":"haupt","name":"Laupenring"},"geometry":{"type":"LineString","coordinates":[[7.568022,47.547283],[7.569477,47.545578],[7.569783,47.545398]]}},{"type":"Feature","properties":{"k":"haupt","name":"Laupenring"},"geometry":{"type":"LineString","coordinates":[[7.56754,47.547842],[7.567603,47.547767],[7.567645,47.547717],[7.568022,47.547283]]}},{"type":"Feature","properties":{"k":"haupt","name":"Laupenring"},"geometry":{"type":"LineString","coordinates":[[7.566252,47.549364],[7.567167,47.54827]]}},{"type":"Feature","properties":{"k":"neben","name":"Wanderstrasse"},"geometry":{"type":"LineString","coordinates":[[7.565571,47.55234],[7.56546,47.552328],[7.565342,47.552316],[7.564962,47.552279]]}},{"type":"Feature","properties":{"k":"neben","name":"Wanderstrasse"},"geometry":{"type":"LineString","coordinates":[[7.566149,47.552405],[7.565693,47.552354],[7.565571,47.55234]]}},{"type":"Feature","properties":{"k":"neben","name":"Wanderstrasse"},"geometry":{"type":"LineString","coordinates":[[7.566265,47.552419],[7.566149,47.552405]]}},{"type":"Feature","properties":{"k":"haupt","name":"Morgartenring"},"geometry":{"type":"LineString","coordinates":[[7.565571,47.55234],[7.565581,47.552243],[7.565635,47.551746]]}},{"type":"Feature","properties":{"k":"haupt","name":"Morgartenring"},"geometry":{"type":"LineString","coordinates":[[7.565635,47.551746],[7.565902,47.549813]]}},{"type":"Feature","properties":{"k":"haupt","name":"Morgartenring"},"geometry":{"type":"LineString","coordinates":[[7.565493,47.552917],[7.565558,47.552435],[7.565571,47.55234]]}},{"type":"Feature","properties":{"k":"haupt","name":"Margarethenstrasse"},"geometry":{"type":"LineString","coordinates":[[7.581801,47.544567],[7.581551,47.544301]]}},{"type":"Feature","properties":{"k":"haupt","name":"Margarethenstrasse"},"geometry":{"type":"LineString","coordinates":[[7.582327,47.545055],[7.582113,47.544842],[7.581952,47.544693]]}},{"type":"Feature","properties":{"k":"neben","name":"Erdbeergraben"},"geometry":{"type":"LineString","coordinates":[[7.582955,47.548361],[7.583167,47.548537],[7.583316,47.548667],[7.583451,47.548786]]}},{"type":"Feature","properties":{"k":"neben","name":"Reservoirstrasse"},"geometry":{"type":"LineString","coordinates":[[7.593198,47.527828],[7.593424,47.527798]]}},{"type":"Feature","properties":{"k":"neben","name":"Reservoirstrasse"},"geometry":{"type":"LineString","coordinates":[[7.593424,47.527798],[7.594639,47.527661],[7.595185,47.527847],[7.595351,47.52807],[7.595356,47.528319],[7.595022,47.528863],[7.595043,47.529049],[7.595717,47.529389],[7.59607,47.529882],[7.59656,47.530323],[7.596604,47.53073],[7.59682,47.530954],[7.598021,47.531324],[7.598858,47.531894]]}},{"type":"Feature","properties":{"k":"neben","name":"Elisabethenstrasse"},"geometry":{"type":"LineString","coordinates":[[7.59215,47.553741],[7.592181,47.553775],[7.59223,47.553817]]}},{"type":"Feature","properties":{"k":"neben","name":"Elisabethenstrasse"},"geometry":{"type":"LineString","coordinates":[[7.59188,47.553362],[7.592018,47.553563],[7.592075,47.553647]]}},{"type":"Feature","properties":{"k":"neben","name":"Neubadstrasse"},"geometry":{"type":"LineString","coordinates":[[7.564788,47.546645],[7.564801,47.546722],[7.564806,47.546749]]}},{"type":"Feature","properties":{"k":"neben","name":"Neubadstrasse"},"geometry":{"type":"LineString","coordinates":[[7.565295,47.54701],[7.56522,47.54699],[7.565173,47.546979]]}},{"type":"Feature","properties":{"k":"haupt","name":"Gundeldingerstrasse"},"geometry":{"type":"LineString","coordinates":[[7.585369,47.542606],[7.585983,47.5424],[7.586413,47.542259],[7.586529,47.542222]]}},{"type":"Feature","properties":{"k":"haupt","name":"Gundeldingerstrasse"},"geometry":{"type":"LineString","coordinates":[[7.582031,47.543702],[7.582467,47.543566]]}},{"type":"Feature","properties":{"k":"neben","name":"Fasnachtsgasse"},"geometry":{"type":"LineString","coordinates":[[7.590124,47.554465],[7.589844,47.554514]]}},{"type":"Feature","properties":{"k":"neben","name":"Barfüssergasse"},"geometry":{"type":"LineString","coordinates":[[7.590173,47.554802],[7.590457,47.5547],[7.590524,47.554692]]}},{"type":"Feature","properties":{"k":"neben"},"geometry":{"type":"LineString","coordinates":[[7.589844,47.554514],[7.589846,47.554524],[7.589869,47.554677],[7.58988,47.554751]]}},{"type":"Feature","properties":{"k":"neben","name":"Achilles Bischoff-Strasse"},"geometry":{"type":"LineString","coordinates":[[7.594816,47.540794],[7.594918,47.540762]]}},{"type":"Feature","properties":{"k":"neben","name":"Achilles Bischoff-Strasse"},"geometry":{"type":"LineString","coordinates":[[7.594633,47.540845],[7.594816,47.540794]]}},{"type":"Feature","properties":{"k":"haupt","name":"Gundeldingerstrasse"},"geometry":{"type":"LineString","coordinates":[[7.581286,47.543957],[7.581525,47.543864]]}},{"type":"Feature","properties":{"k":"haupt","name":"Dorenbachviadukt"},"geometry":{"type":"LineString","coordinates":[[7.581002,47.544094],[7.579005,47.544163]]}},{"type":"Feature","properties":{"k":"haupt","name":"Margarethenstrasse"},"geometry":{"type":"LineString","coordinates":[[7.58308,47.5458],[7.58243,47.545169],[7.582327,47.545055]]}},{"type":"Feature","properties":{"k":"neben","name":"Centralbahnstrasse"},"geometry":{"type":"LineString","coordinates":[[7.589781,47.548096],[7.589325,47.54806]]}},{"type":"Feature","properties":{"k":"neben","name":"Wanderstrasse"},"geometry":{"type":"LineString","coordinates":[[7.561418,47.551871],[7.5613,47.551857],[7.560979,47.551824]]}},{"type":"Feature","properties":{"k":"neben","name":"Im langen Loh"},"geometry":{"type":"LineString","coordinates":[[7.561418,47.551871],[7.561364,47.551779],[7.561252,47.551534]]}},{"type":"Feature","properties":{"k":"neben","name":"Centralbahnstrasse"},"geometry":{"type":"LineString","coordinates":[[7.590175,47.547722],[7.590411,47.547511],[7.590967,47.54728]]}},{"type":"Feature","properties":{"k":"neben","name":"Neuweilerstrasse"},"geometry":{"type":"LineString","coordinates":[[7.556539,47.546051],[7.556847,47.54601],[7.557155,47.545969],[7.557251,47.545968]]}},{"type":"Feature","properties":{"k":"neben","name":"Theaterstrasse"},"geometry":{"type":"LineString","coordinates":[[7.589759,47.552722],[7.58973,47.552524],[7.589701,47.552454]]}},{"type":"Feature","properties":{"k":"neben","name":"Theaterstrasse"},"geometry":{"type":"LineString","coordinates":[[7.590017,47.553958],[7.589856,47.553534]]}},{"type":"Feature","properties":{"k":"neben","name":"Theaterstrasse"},"geometry":{"type":"LineString","coordinates":[[7.589759,47.552722],[7.589878,47.552995],[7.589856,47.553534]]}},{"type":"Feature","properties":{"k":"haupt","name":"Steinentorstrasse"},"geometry":{"type":"LineString","coordinates":[[7.587346,47.551124],[7.587119,47.55101]]}},{"type":"Feature","properties":{"k":"haupt","name":"Steinentorstrasse"},"geometry":{"type":"LineString","coordinates":[[7.587164,47.550939],[7.587215,47.550952],[7.587459,47.551015]]}},{"type":"Feature","properties":{"k":"haupt","name":"Binningerstrasse"},"geometry":{"type":"LineString","coordinates":[[7.586777,47.550835],[7.587164,47.550939]]}},{"type":"Feature","properties":{"k":"haupt","name":"Binningerstrasse"},"geometry":{"type":"LineString","coordinates":[[7.587119,47.55101],[7.586777,47.550835]]}},{"type":"Feature","properties":{"k":"haupt","name":"Steinentorberg"},"geometry":{"type":"LineString","coordinates":[[7.587724,47.550839],[7.587616,47.550907]]}},{"type":"Feature","properties":{"k":"neben","name":"Steinentorstrasse"},"geometry":{"type":"LineString","coordinates":[[7.5877,47.551086],[7.588609,47.55144],[7.588934,47.551679]]}},{"type":"Feature","properties":{"k":"neben","name":"Steinentorstrasse"},"geometry":{"type":"LineString","coordinates":[[7.588934,47.551679],[7.587346,47.551124]]}},{"type":"Feature","properties":{"k":"neben","name":"Rittergasse"},"geometry":{"type":"LineString","coordinates":[[7.594395,47.554778],[7.594323,47.554806]]}},{"type":"Feature","properties":{"k":"neben","name":"Rittergasse"},"geometry":{"type":"LineString","coordinates":[[7.594323,47.554806],[7.593771,47.555028],[7.593398,47.555272]]}},{"type":"Feature","properties":{"k":"neben","name":"Rütlistrasse"},"geometry":{"type":"LineString","coordinates":[[7.576393,47.554333],[7.57721,47.554568],[7.577624,47.555212]]}},{"type":"Feature","properties":{"k":"haupt","name":"Spalenring"},"geometry":{"type":"LineString","coordinates":[[7.576393,47.554333],[7.575781,47.555606]]}},{"type":"Feature","properties":{"k":"neben","name":"Weiherweg"},"geometry":{"type":"LineString","coordinates":[[7.572686,47.553199],[7.572253,47.553149],[7.572158,47.553128],[7.572071,47.5531]]}},{"type":"Feature","properties":{"k":"neben","name":"General Guisan-Strasse"},"geometry":{"type":"LineString","coordinates":[[7.569461,47.551563],[7.571366,47.552581]]}},{"type":"Feature","properties":{"k":"neben","name":"Blauenstrasse"},"geometry":{"type":"LineString","coordinates":[[7.573023,47.554564],[7.572201,47.553364],[7.572185,47.553339]]}},{"type":"Feature","properties":{"k":"neben","name":"Freie Strasse"},"geometry":{"type":"LineString","coordinates":[[7.591295,47.554862],[7.591019,47.555091]]}},{"type":"Feature","properties":{"k":"neben","name":"Leonhardsstrasse"},"geometry":{"type":"LineString","coordinates":[[7.586008,47.554255],[7.585755,47.554082]]}},{"type":"Feature","properties":{"k":"neben","name":"Unterer Batterieweg"},"geometry":{"type":"LineString","coordinates":[[7.587187,47.541693],[7.586559,47.540427],[7.586605,47.540123],[7.586708,47.539966],[7.587037,47.539792],[7.587804,47.539716]]}},{"type":"Feature","properties":{"k":"neben","name":"Unterer Batterieweg"},"geometry":{"type":"LineString","coordinates":[[7.58718,47.542004],[7.587187,47.541693]]}},{"type":"Feature","properties":{"k":"neben","name":"Steinbühlweg"},"geometry":{"type":"LineString","coordinates":[[7.548601,47.551478],[7.557404,47.548468],[7.559088,47.548181]]}},{"type":"Feature","properties":{"k":"neben","name":"Bernerring"},"geometry":{"type":"LineString","coordinates":[[7.575574,47.546333],[7.575395,47.546345],[7.575328,47.546349],[7.575219,47.546342]]}},{"type":"Feature","properties":{"k":"neben","name":"Bernerring"},"geometry":{"type":"LineString","coordinates":[[7.575219,47.546342],[7.575279,47.546298],[7.575385,47.546251],[7.575564,47.546192]]}},{"type":"Feature","properties":{"k":"neben","name":"Gerbergasse"},"geometry":{"type":"LineString","coordinates":[[7.588639,47.555945],[7.588866,47.555205],[7.588859,47.554883]]}},{"type":"Feature","properties":{"k":"neben","name":"Unterer Batterieweg"},"geometry":{"type":"LineString","coordinates":[[7.587194,47.535835],[7.587464,47.535798]]}},{"type":"Feature","properties":{"k":"neben","name":"Meret Oppenheim-Strasse"},"geometry":{"type":"LineString","coordinates":[[7.584973,47.547166],[7.585695,47.546932]]}},{"type":"Feature","properties":{"k":"haupt","name":"Margarethenstrasse"},"geometry":{"type":"LineString","coordinates":[[7.584494,47.546919],[7.584518,47.546955],[7.584625,47.547095]]}},{"type":"Feature","properties":{"k":"haupt","name":"Margarethenstrasse"},"geometry":{"type":"LineString","coordinates":[[7.584625,47.547095],[7.584662,47.547248],[7.584666,47.547279]]}},{"type":"Feature","properties":{"k":"neben","name":"Centralbahnstrasse"},"geometry":{"type":"LineString","coordinates":[[7.591281,47.547235],[7.590597,47.547514],[7.590383,47.547906],[7.590192,47.547884]]}},{"type":"Feature","properties":{"k":"neben","name":"Eichenstrasse"},"geometry":{"type":"LineString","coordinates":[[7.570072,47.555277],[7.569531,47.55456],[7.569339,47.554309]]}},{"type":"Feature","properties":{"k":"neben","name":"Meret Oppenheim-Strasse"},"geometry":{"type":"LineString","coordinates":[[7.588094,47.546088],[7.588476,47.545973]]}},{"type":"Feature","properties":{"k":"neben","name":"Meret Oppenheim-Strasse"},"geometry":{"type":"LineString","coordinates":[[7.588593,47.545948],[7.589644,47.545828]]}},{"type":"Feature","properties":{"k":"neben","name":"Meret Oppenheim-Strasse"},"geometry":{"type":"LineString","coordinates":[[7.585695,47.546932],[7.588046,47.546103]]}},{"type":"Feature","properties":{"k":"neben","name":"Kluserstrasse"},"geometry":{"type":"LineString","coordinates":[[7.57544,47.549092],[7.575772,47.548964],[7.575875,47.548985]]}},{"type":"Feature","properties":{"k":"neben"},"geometry":{"type":"LineString","coordinates":[[7.592627,47.54763],[7.593052,47.547627]]}},{"type":"Feature","properties":{"k":"neben","name":"Gartenstrasse"},"geometry":{"type":"LineString","coordinates":[[7.592627,47.54763],[7.592596,47.547594]]}},{"type":"Feature","properties":{"k":"haupt","name":"Nauenstrasse"},"geometry":{"type":"LineString","coordinates":[[7.593052,47.547627],[7.593283,47.547444]]}},{"type":"Feature","properties":{"k":"neben"},"geometry":{"type":"LineString","coordinates":[[7.592458,47.547964],[7.592625,47.547786],[7.592596,47.547594]]}},{"type":"Feature","properties":{"k":"haupt","name":"Nauenstrasse"},"geometry":{"type":"LineString","coordinates":[[7.59484,47.546583],[7.594645,47.546655],[7.594371,47.546756]]}},{"type":"Feature","properties":{"k":"haupt","name":"Nauenstrasse"},"geometry":{"type":"LineString","coordinates":[[7.593626,47.54717],[7.593904,47.546979]]}},{"type":"Feature","properties":{"k":"neben","name":"Gartenstrasse"},"geometry":{"type":"LineString","coordinates":[[7.592596,47.547594],[7.592385,47.54735]]}},{"type":"Feature","properties":{"k":"haupt","name":"Nauenstrasse"},"geometry":{"type":"LineString","coordinates":[[7.592458,47.547964],[7.592613,47.547899],[7.592791,47.547833]]}},{"type":"Feature","properties":{"k":"haupt","name":"Nauenstrasse"},"geometry":{"type":"LineString","coordinates":[[7.592573,47.547999],[7.592432,47.548189],[7.592325,47.548276]]}},{"type":"Feature","properties":{"k":"haupt","name":"Nauenstrasse"},"geometry":{"type":"LineString","coordinates":[[7.592791,47.547833],[7.592668,47.54793],[7.592573,47.547999]]}},{"type":"Feature","properties":{"k":"haupt","name":"Elisabethenanlage"},"geometry":{"type":"LineString","coordinates":[[7.588867,47.549505],[7.588138,47.549864]]}},{"type":"Feature","properties":{"k":"haupt","name":"Elisabethenanlage"},"geometry":{"type":"LineString","coordinates":[[7.588189,47.5497],[7.588139,47.549739],[7.588095,47.549776],[7.588044,47.549825]]}},{"type":"Feature","properties":{"k":"neben","name":"Elisabethenstrasse"},"geometry":{"type":"LineString","coordinates":[[7.589759,47.549758],[7.589788,47.549785],[7.589879,47.549867]]}},{"type":"Feature","properties":{"k":"haupt","name":"Markthallenbrücke"},"geometry":{"type":"LineString","coordinates":[[7.588391,47.54931],[7.588624,47.54958],[7.588738,47.549706]]}},{"type":"Feature","properties":{"k":"haupt","name":"Markthallenbrücke"},"geometry":{"type":"LineString","coordinates":[[7.589405,47.549813],[7.589013,47.549867],[7.588738,47.549706]]}},{"type":"Feature","properties":{"k":"neben","name":"Elisabethenstrasse"},"geometry":{"type":"LineString","coordinates":[[7.589617,47.549814],[7.589405,47.549813]]}},{"type":"Feature","properties":{"k":"haupt","name":"Markthallenbrücke"},"geometry":{"type":"LineString","coordinates":[[7.587772,47.548791],[7.587903,47.548861]]}},{"type":"Feature","properties":{"k":"haupt","name":"Centralbahnstrasse"},"geometry":{"type":"LineString","coordinates":[[7.587485,47.548781],[7.587451,47.548792]]}},{"type":"Feature","properties":{"k":"neben","name":"Centralbahnstrasse"},"geometry":{"type":"LineString","coordinates":[[7.590192,47.547884],[7.590175,47.547722]]}},{"type":"Feature","properties":{"k":"neben","name":"Solothurnerstrasse"},"geometry":{"type":"LineString","coordinates":[[7.591474,47.545445],[7.591619,47.545619]]}},{"type":"Feature","properties":{"k":"haupt","name":"Gundeldingerstrasse"},"geometry":{"type":"LineString","coordinates":[[7.582467,47.543566],[7.585369,47.542606]]}},{"type":"Feature","properties":{"k":"haupt","name":"Gundeldingerstrasse"},"geometry":{"type":"LineString","coordinates":[[7.587608,47.541864],[7.588263,47.541646]]}},{"type":"Feature","properties":{"k":"haupt","name":"Gundeldingerstrasse"},"geometry":{"type":"LineString","coordinates":[[7.586529,47.542222],[7.586703,47.542163],[7.58718,47.542004]]}},{"type":"Feature","properties":{"k":"haupt","name":"Gundeldingerstrasse"},"geometry":{"type":"LineString","coordinates":[[7.589167,47.541346],[7.589767,47.541148],[7.589829,47.541128]]}},{"type":"Feature","properties":{"k":"haupt","name":"Gundeldingerstrasse"},"geometry":{"type":"LineString","coordinates":[[7.589829,47.541128],[7.590469,47.540914]]}},{"type":"Feature","properties":{"k":"haupt","name":"Gundeldingerstrasse"},"geometry":{"type":"LineString","coordinates":[[7.590693,47.54084],[7.591561,47.540551],[7.591712,47.540504]]}},{"type":"Feature","properties":{"k":"haupt","name":"Gundeldingerstrasse"},"geometry":{"type":"LineString","coordinates":[[7.590469,47.540914],[7.590693,47.54084]]}},{"type":"Feature","properties":{"k":"haupt","name":"Gundeldingerstrasse"},"geometry":{"type":"LineString","coordinates":[[7.591712,47.540504],[7.593541,47.539965]]}},{"type":"Feature","properties":{"k":"haupt","name":"Gundeldingerstrasse"},"geometry":{"type":"LineString","coordinates":[[7.593541,47.539965],[7.593678,47.539924],[7.593806,47.539887],[7.594546,47.539668]]}},{"type":"Feature","properties":{"k":"haupt","name":"Gundeldingerstrasse"},"geometry":{"type":"LineString","coordinates":[[7.594546,47.539668],[7.595126,47.539494],[7.595276,47.539447]]}},{"type":"Feature","properties":{"k":"haupt","name":"Dornacherstrasse"},"geometry":{"type":"LineString","coordinates":[[7.597224,47.540676],[7.593208,47.541863],[7.589615,47.543255]]}},{"type":"Feature","properties":{"k":"haupt","name":"Morgartenring"},"geometry":{"type":"LineString","coordinates":[[7.565009,47.556738],[7.565493,47.552917]]}},{"type":"Feature","properties":{"k":"haupt","name":"Oberwilerstrasse"},"geometry":{"type":"LineString","coordinates":[[7.575688,47.546625],[7.57625,47.547335],[7.57639,47.547688]]}},{"type":"Feature","properties":{"k":"haupt","name":"Oberwilerstrasse"},"geometry":{"type":"LineString","coordinates":[[7.575574,47.546333],[7.575586,47.546416],[7.575639,47.546548],[7.575688,47.546625]]}},{"type":"Feature","properties":{"k":"haupt","name":"Holeestrasse"},"geometry":{"type":"LineString","coordinates":[[7.570801,47.545184],[7.574051,47.544519]]}},{"type":"Feature","properties":{"k":"neben","name":"Oberalpstrasse"},"geometry":{"type":"LineString","coordinates":[[7.564281,47.549362],[7.563918,47.550296]]}},{"type":"Feature","properties":{"k":"neben","name":"Oberalpstrasse"},"geometry":{"type":"LineString","coordinates":[[7.563918,47.550296],[7.563587,47.551195],[7.56328,47.551985],[7.563246,47.552073]]}},{"type":"Feature","properties":{"k":"neben","name":"Leonhardsstrasse"},"geometry":{"type":"LineString","coordinates":[[7.584772,47.553924],[7.585417,47.554],[7.585494,47.554013],[7.585569,47.554031]]}},{"type":"Feature","properties":{"k":"haupt","name":"Steinengraben"},"geometry":{"type":"LineString","coordinates":[[7.585882,47.553738],[7.585816,47.553845]]}},{"type":"Feature","properties":{"k":"haupt","name":"Spalenring"},"geometry":{"type":"LineString","coordinates":[[7.575591,47.555648],[7.576621,47.553793]]}},{"type":"Feature","properties":{"k":"neben","name":"Bruderholzweg"},"geometry":{"type":"LineString","coordinates":[[7.591865,47.540456],[7.591669,47.540154],[7.591564,47.539679],[7.591858,47.539599]]}},{"type":"Feature","properties":{"k":"neben","name":"Steinenberg"},"geometry":{"type":"LineString","coordinates":[[7.59215,47.553741],[7.592027,47.553778]]}},{"type":"Feature","properties":{"k":"neben","name":"Im Margarethental"},"geometry":{"type":"LineString","coordinates":[[7.576625,47.543955],[7.57558,47.543942]]}},{"type":"Feature","properties":{"k":"neben","name":"Gottfried Keller-Strasse"},"geometry":{"type":"LineString","coordinates":[[7.562857,47.554353],[7.563702,47.554152],[7.564362,47.554087]]}},{"type":"Feature","properties":{"k":"neben","name":"Centralbahnstrasse"},"geometry":{"type":"LineString","coordinates":[[7.589708,47.547915],[7.58983,47.547975]]}},{"type":"Feature","properties":{"k":"neben","name":"Blauenstrasse"},"geometry":{"type":"LineString","coordinates":[[7.573915,47.555948],[7.573023,47.554564]]}},{"type":"Feature","properties":{"k":"neben","name":"Mostackerstrasse"},"geometry":{"type":"LineString","coordinates":[[7.582031,47.55551],[7.581308,47.554917]]}},{"type":"Feature","properties":{"k":"neben","name":"Spalentorweg"},"geometry":{"type":"LineString","coordinates":[[7.578546,47.554932],[7.578556,47.554942],[7.578588,47.554978],[7.579392,47.555873]]}},{"type":"Feature","properties":{"k":"neben","name":"Kohlenberggasse"},"geometry":{"type":"LineString","coordinates":[[7.587609,47.554361],[7.587143,47.555223]]}},{"type":"Feature","properties":{"k":"neben","name":"Kohlenberggasse"},"geometry":{"type":"LineString","coordinates":[[7.588191,47.553676],[7.587609,47.554361]]}},{"type":"Feature","properties":{"k":"neben","name":"Gempenstrasse"},"geometry":{"type":"LineString","coordinates":[[7.586833,47.544332],[7.587711,47.545363]]}},{"type":"Feature","properties":{"k":"neben","name":"Thiersteinerrain"},"geometry":{"type":"LineString","coordinates":[[7.594994,47.535505],[7.595532,47.536182]]}},{"type":"Feature","properties":{"k":"neben","name":"Thiersteinerrain"},"geometry":{"type":"LineString","coordinates":[[7.59418,47.534348],[7.594994,47.535505]]}},{"type":"Feature","properties":{"k":"haupt","name":"Steinengraben"},"geometry":{"type":"LineString","coordinates":[[7.585922,47.553434],[7.585972,47.553353]]}},{"type":"Feature","properties":{"k":"neben","name":"Leonhardsstrasse"},"geometry":{"type":"LineString","coordinates":[[7.585569,47.554031],[7.58568,47.55406]]}},{"type":"Feature","properties":{"k":"haupt","name":"Steinengraben"},"geometry":{"type":"LineString","coordinates":[[7.585713,47.553782],[7.585918,47.553441],[7.585922,47.553434]]}},{"type":"Feature","properties":{"k":"haupt","name":"Steinengraben"},"geometry":{"type":"LineString","coordinates":[[7.585406,47.554407],[7.585713,47.553782]]}},{"type":"Feature","properties":{"k":"haupt","name":"Steinengraben"},"geometry":{"type":"LineString","coordinates":[[7.586196,47.552982],[7.586314,47.552836],[7.58637,47.55279]]}},{"type":"Feature","properties":{"k":"haupt","name":"Steinengraben"},"geometry":{"type":"LineString","coordinates":[[7.58637,47.55279],[7.586364,47.552849],[7.586346,47.552906],[7.586318,47.55297]]}},{"type":"Feature","properties":{"k":"neben","name":"Kanonengasse"},"geometry":{"type":"LineString","coordinates":[[7.585922,47.553434],[7.585977,47.553412],[7.586035,47.553398],[7.586089,47.55339]]}},{"type":"Feature","properties":{"k":"haupt","name":"Steinengraben"},"geometry":{"type":"LineString","coordinates":[[7.584971,47.555132],[7.585406,47.554407]]}},{"type":"Feature","properties":{"k":"haupt","name":"Steinengraben"},"geometry":{"type":"LineString","coordinates":[[7.58568,47.55406],[7.585406,47.554407]]}},{"type":"Feature","properties":{"k":"neben","name":"Steinenberg"},"geometry":{"type":"LineString","coordinates":[[7.590719,47.553867],[7.591988,47.553675]]}},{"type":"Feature","properties":{"k":"neben","name":"Steinenberg"},"geometry":{"type":"LineString","coordinates":[[7.590052,47.554035],[7.590041,47.55401],[7.590037,47.554002]]}},{"type":"Feature","properties":{"k":"haupt","name":"Auberg"},"geometry":{"type":"LineString","coordinates":[[7.587459,47.551015],[7.587426,47.551047],[7.587405,47.551067],[7.587402,47.55107]]}},{"type":"Feature","properties":{"k":"neben","name":"Steinentorstrasse"},"geometry":{"type":"LineString","coordinates":[[7.587459,47.551015],[7.587554,47.55104],[7.5877,47.551086]]}},{"type":"Feature","properties":{"k":"haupt","name":"Gundeldingerstrasse"},"geometry":{"type":"LineString","coordinates":[[7.58718,47.542004],[7.587608,47.541864]]}},{"type":"Feature","properties":{"k":"haupt","name":"Auberg"},"geometry":{"type":"LineString","coordinates":[[7.587402,47.55107],[7.587375,47.551097],[7.587346,47.551124]]}},{"type":"Feature","properties":{"k":"neben","name":"Aeschenvorstadt"},"geometry":{"type":"LineString","coordinates":[[7.594836,47.551529],[7.594636,47.551588]]}},{"type":"Feature","properties":{"k":"neben","name":"Bruderholzallee"},"geometry":{"type":"LineString","coordinates":[[7.587241,47.533759],[7.587265,47.533726],[7.587326,47.533653]]}},{"type":"Feature","properties":{"k":"neben","name":"Elisabethenstrasse"},"geometry":{"type":"LineString","coordinates":[[7.591395,47.552612],[7.591345,47.552521],[7.591243,47.552337],[7.591124,47.552066]]}},{"type":"Feature","properties":{"k":"neben","name":"Bruderholzallee"},"geometry":{"type":"LineString","coordinates":[[7.587209,47.53387],[7.587214,47.533827],[7.587227,47.53379],[7.587241,47.533759]]}},{"type":"Feature","properties":{"k":"neben","name":"Predigerhofstrasse"},"geometry":{"type":"LineString","coordinates":[[7.589517,47.527974],[7.589972,47.526688]]}},{"type":"Feature","properties":{"k":"neben","name":"Heumattstrasse"},"geometry":{"type":"LineString","coordinates":[[7.591109,47.548394],[7.591262,47.548548]]}},{"type":"Feature","properties":{"k":"neben","name":"Centralbahnstrasse"},"geometry":{"type":"LineString","coordinates":[[7.591926,47.546984],[7.591888,47.547006],[7.591281,47.547235]]}},{"type":"Feature","properties":{"k":"neben","name":"Centralbahnstrasse"},"geometry":{"type":"LineString","coordinates":[[7.590967,47.54728],[7.591232,47.547177]]}},{"type":"Feature","properties":{"k":"neben","name":"Neubadstrasse"},"geometry":{"type":"LineString","coordinates":[[7.564585,47.545726],[7.564608,47.545777]]}},{"type":"Feature","properties":{"k":"neben","name":"Unterer Batterieweg"},"geometry":{"type":"LineString","coordinates":[[7.587494,47.535421],[7.587519,47.535356]]}},{"type":"Feature","properties":{"k":"neben","name":"In den Ziegelhöfen"},"geometry":{"type":"LineString","coordinates":[[7.556506,47.544901],[7.556066,47.544821]]}},{"type":"Feature","properties":{"k":"neben","name":"Meret Oppenheim-Strasse"},"geometry":{"type":"LineString","coordinates":[[7.588046,47.546103],[7.588094,47.546088]]}},{"type":"Feature","properties":{"k":"haupt","name":"Steinenschanze"},"geometry":{"type":"LineString","coordinates":[[7.586006,47.552806],[7.585615,47.55223]]}},{"type":"Feature","properties":{"k":"neben","name":"Steinenvorstadt"},"geometry":{"type":"LineString","coordinates":[[7.587518,47.551636],[7.587555,47.551678],[7.587651,47.55179]]}},{"type":"Feature","properties":{"k":"neben","name":"Gundeldingerrain"},"geometry":{"type":"LineString","coordinates":[[7.594637,47.533235],[7.595255,47.533555]]}},{"type":"Feature","properties":{"k":"haupt","name":"Rütimeyerstrasse"},"geometry":{"type":"LineString","coordinates":[[7.57639,47.547688],[7.57639,47.547725],[7.576378,47.547818],[7.57631,47.547979]]}},{"type":"Feature","properties":{"k":"haupt","name":"Binningerstrasse"},"geometry":{"type":"LineString","coordinates":[[7.583739,47.549146],[7.583954,47.54929]]}},{"type":"Feature","properties":{"k":"haupt"},"geometry":{"type":"LineString","coordinates":[[7.594611,47.554774],[7.594562,47.554772],[7.594516,47.55476],[7.594479,47.554739]]}},{"type":"Feature","properties":{"k":"haupt"},"geometry":{"type":"LineString","coordinates":[[7.594677,47.554591],[7.594709,47.554612],[7.594731,47.554637],[7.594741,47.554667]]}},{"type":"Feature","properties":{"k":"haupt"},"geometry":{"type":"LineString","coordinates":[[7.594443,47.554678],[7.594549,47.554578]]}},{"type":"Feature","properties":{"k":"haupt","name":"Dufourstrasse"},"geometry":{"type":"LineString","coordinates":[[7.594549,47.554578],[7.594602,47.554483],[7.594718,47.554254]]}},{"type":"Feature","properties":{"k":"haupt","name":"Dufourstrasse"},"geometry":{"type":"LineString","coordinates":[[7.594718,47.554254],[7.594697,47.554505],[7.594677,47.554591]]}},{"type":"Feature","properties":{"k":"haupt"},"geometry":{"type":"LineString","coordinates":[[7.594593,47.554573],[7.594637,47.554578],[7.594677,47.554591]]}},{"type":"Feature","properties":{"k":"haupt"},"geometry":{"type":"LineString","coordinates":[[7.594741,47.554667],[7.594611,47.554774]]}},{"type":"Feature","properties":{"k":"haupt","name":"St. Alban-Graben"},"geometry":{"type":"LineString","coordinates":[[7.594741,47.554667],[7.594825,47.554727],[7.594877,47.554774]]}},{"type":"Feature","properties":{"k":"haupt","name":"St. Alban-Graben"},"geometry":{"type":"LineString","coordinates":[[7.594701,47.554842],[7.594611,47.554774]]}},{"type":"Feature","properties":{"k":"neben","name":"Rittergasse"},"geometry":{"type":"LineString","coordinates":[[7.594429,47.554765],[7.594395,47.554778]]}},{"type":"Feature","properties":{"k":"neben","name":"St. Alban-Vorstadt"},"geometry":{"type":"LineString","coordinates":[[7.594877,47.554774],[7.594968,47.554738]]}},{"type":"Feature","properties":{"k":"haupt"},"geometry":{"type":"LineString","coordinates":[[7.594549,47.554578],[7.594593,47.554573]]}},{"type":"Feature","properties":{"k":"haupt"},"geometry":{"type":"LineString","coordinates":[[7.594479,47.554739],[7.594454,47.554711],[7.594443,47.554678]]}},{"type":"Feature","properties":{"k":"neben","name":"Steinenberg"},"geometry":{"type":"LineString","coordinates":[[7.590037,47.554002],[7.588926,47.554151]]}},{"type":"Feature","properties":{"k":"neben","name":"Barfüsserplatz"},"geometry":{"type":"LineString","coordinates":[[7.588926,47.554151],[7.58894,47.554134],[7.588954,47.554126],[7.589007,47.554106]]}},{"type":"Feature","properties":{"k":"neben","name":"Kohlenberg"},"geometry":{"type":"LineString","coordinates":[[7.588926,47.554151],[7.588862,47.554159]]}},{"type":"Feature","properties":{"k":"neben","name":"Kohlenberg"},"geometry":{"type":"LineString","coordinates":[[7.588862,47.554159],[7.587797,47.554379],[7.587261,47.555353]]}},{"type":"Feature","properties":{"k":"neben","name":"Barfüsserplatz"},"geometry":{"type":"LineString","coordinates":[[7.588897,47.554189],[7.588918,47.554161],[7.588926,47.554151]]}},{"type":"Feature","properties":{"k":"neben","name":"Steinenberg"},"geometry":{"type":"LineString","coordinates":[[7.590037,47.554002],[7.590029,47.553984],[7.590017,47.553958]]}},{"type":"Feature","properties":{"k":"neben","name":"Wielandplatz"},"geometry":{"type":"LineString","coordinates":[[7.571834,47.552659],[7.571587,47.552766]]}},{"type":"Feature","properties":{"k":"neben","name":"Wielandplatz"},"geometry":{"type":"LineString","coordinates":[[7.571366,47.552581],[7.571547,47.552733],[7.571587,47.552766]]}},{"type":"Feature","properties":{"k":"haupt","name":"Centralbahnstrasse"},"geometry":{"type":"LineString","coordinates":[[7.587451,47.548792],[7.587329,47.548833]]}},{"type":"Feature","properties":{"k":"haupt","name":"Viaduktstrasse"},"geometry":{"type":"LineString","coordinates":[[7.58743,47.548659],[7.58764,47.548704]]}},{"type":"Feature","properties":{"k":"neben","name":"Holbeinstrasse"},"geometry":{"type":"LineString","coordinates":[[7.583903,47.551985],[7.584423,47.552496]]}},{"type":"Feature","properties":{"k":"neben","name":"Holbeinstrasse"},"geometry":{"type":"LineString","coordinates":[[7.584423,47.552496],[7.584431,47.552507],[7.58446,47.552561],[7.584703,47.553002]]}},{"type":"Feature","properties":{"k":"neben","name":"Rümelinbachweg"},"geometry":{"type":"LineString","coordinates":[[7.582704,47.55054],[7.582698,47.550411]]}},{"type":"Feature","properties":{"k":"neben","name":"Birsigstrasse"},"geometry":{"type":"LineString","coordinates":[[7.586145,47.550976],[7.58613,47.550995]]}},{"type":"Feature","properties":{"k":"neben","name":"Hochstrasse"},"geometry":{"type":"LineString","coordinates":[[7.592874,47.545359],[7.593391,47.54519],[7.593612,47.545009]]}},{"type":"Feature","properties":{"k":"neben","name":"Elisabethenstrasse"},"geometry":{"type":"LineString","coordinates":[[7.590136,47.550042],[7.589879,47.549867]]}},{"type":"Feature","properties":{"k":"neben","name":"Im langen Loh"},"geometry":{"type":"LineString","coordinates":[[7.563738,47.555707],[7.563092,47.554803],[7.562857,47.554353],[7.562644,47.553986]]}},{"type":"Feature","properties":{"k":"neben","name":"Pilatusstrasse"},"geometry":{"type":"LineString","coordinates":[[7.563101,47.552875],[7.563128,47.553022],[7.563148,47.553097],[7.563167,47.553149]]}},{"type":"Feature","properties":{"k":"neben","name":"Pilatusstrasse"},"geometry":{"type":"LineString","coordinates":[[7.563167,47.553149],[7.563702,47.554152]]}},{"type":"Feature","properties":{"k":"neben","name":"Pilatusstrasse"},"geometry":{"type":"LineString","coordinates":[[7.563702,47.554152],[7.563864,47.554428],[7.563976,47.554627],[7.564299,47.554609]]}},{"type":"Feature","properties":{"k":"neben","name":"Leonhardsstrasse"},"geometry":{"type":"LineString","coordinates":[[7.587143,47.555223],[7.586008,47.554255]]}},{"type":"Feature","properties":{"k":"neben","name":"J.J. Balmer-Strasse"},"geometry":{"type":"LineString","coordinates":[[7.594918,47.540762],[7.595193,47.541146],[7.595061,47.54132]]}},{"type":"Feature","properties":{"k":"neben","name":"J.J. Balmer-Strasse"},"geometry":{"type":"LineString","coordinates":[[7.59477,47.540442],[7.594739,47.540531],[7.594918,47.540762]]}},{"type":"Feature","properties":{"k":"neben","name":"Meret Oppenheim-Strasse"},"geometry":{"type":"LineString","coordinates":[[7.590702,47.545521],[7.591337,47.545283]]}},{"type":"Feature","properties":{"k":"neben","name":"Holeestrasse"},"geometry":{"type":"LineString","coordinates":[[7.565053,47.546801],[7.565077,47.546782],[7.565109,47.546755]]}},{"type":"Feature","properties":{"k":"neben","name":"Neuweilerstrasse"},"geometry":{"type":"LineString","coordinates":[[7.564444,47.546797],[7.564521,47.546817],[7.564569,47.54683]]}},{"type":"Feature","properties":{"k":"neben","name":"Reiterstrasse"},"geometry":{"type":"LineString","coordinates":[[7.564893,47.547048],[7.5649,47.547079],[7.564908,47.547109]]}},{"type":"Feature","properties":{"k":"neben","name":"Gotthardstrasse"},"geometry":{"type":"LineString","coordinates":[[7.563924,47.547562],[7.56456,47.547074]]}},{"type":"Feature","properties":{"k":"neben","name":"Schäublinstrasse"},"geometry":{"type":"LineString","coordinates":[[7.586073,47.537574],[7.586179,47.537753]]}},{"type":"Feature","properties":{"k":"neben","name":"Passwangstrasse"},"geometry":{"type":"LineString","coordinates":[[7.593272,47.534379],[7.594179,47.536149]]}},{"type":"Feature","properties":{"k":"neben","name":"Im tiefen Boden"},"geometry":{"type":"LineString","coordinates":[[7.590836,47.529845],[7.590783,47.528976],[7.59096,47.528769],[7.591151,47.528709],[7.591548,47.528761],[7.59212,47.529203]]}},{"type":"Feature","properties":{"k":"neben","name":"Unter der Batterie"},"geometry":{"type":"LineString","coordinates":[[7.588682,47.530284],[7.589212,47.530252],[7.589834,47.530154]]}},{"type":"Feature","properties":{"k":"neben","name":"Wilhelm Denz-Strasse"},"geometry":{"type":"LineString","coordinates":[[7.581343,47.535594],[7.582802,47.535303],[7.584338,47.534757]]}},{"type":"Feature","properties":{"k":"neben","name":"Weiherweg"},"geometry":{"type":"LineString","coordinates":[[7.57689,47.55384],[7.576756,47.553816]]}},{"type":"Feature","properties":{"k":"neben","name":"Leimenstrasse"},"geometry":{"type":"LineString","coordinates":[[7.582536,47.554078],[7.582637,47.554178]]}},{"type":"Feature","properties":{"k":"neben","name":"Leimenstrasse"},"geometry":{"type":"LineString","coordinates":[[7.58209,47.553625],[7.582113,47.553648],[7.582536,47.554078]]}},{"type":"Feature","properties":{"k":"neben","name":"Leimenstrasse"},"geometry":{"type":"LineString","coordinates":[[7.581939,47.553472],[7.58209,47.553625]]}},{"type":"Feature","properties":{"k":"neben","name":"Arnold Böcklin-Strasse"},"geometry":{"type":"LineString","coordinates":[[7.579416,47.551175],[7.57931,47.551174]]}},{"type":"Feature","properties":{"k":"neben","name":"Schweizergasse"},"geometry":{"type":"LineString","coordinates":[[7.57671,47.549978],[7.578129,47.549614]]}},{"type":"Feature","properties":{"k":"neben","name":"Therwilerstrasse"},"geometry":{"type":"LineString","coordinates":[[7.576139,47.549304],[7.57671,47.549978]]}},{"type":"Feature","properties":{"k":"neben","name":"Rotbergerstrasse"},"geometry":{"type":"LineString","coordinates":[[7.576196,47.549284],[7.576139,47.549304]]}},{"type":"Feature","properties":{"k":"neben","name":"Benkenstrasse"},"geometry":{"type":"LineString","coordinates":[[7.575217,47.547618],[7.574382,47.547981]]}},{"type":"Feature","properties":{"k":"neben","name":"Benkenstrasse"},"geometry":{"type":"LineString","coordinates":[[7.576147,47.547208],[7.576051,47.547251],[7.575217,47.547618]]}},{"type":"Feature","properties":{"k":"neben","name":"Marschalkenstrasse"},"geometry":{"type":"LineString","coordinates":[[7.57488,47.55103],[7.574865,47.551007],[7.57482,47.550942]]}},{"type":"Feature","properties":{"k":"neben","name":"Benkenstrasse"},"geometry":{"type":"LineString","coordinates":[[7.572689,47.548721],[7.571275,47.549707]]}},{"type":"Feature","properties":{"k":"neben","name":"Marschalkenstrasse"},"geometry":{"type":"LineString","coordinates":[[7.570843,47.547219],[7.570912,47.547271],[7.571717,47.547884]]}},{"type":"Feature","properties":{"k":"neben","name":"Bernerring"},"geometry":{"type":"LineString","coordinates":[[7.574444,47.546678],[7.575219,47.546342]]}},{"type":"Feature","properties":{"k":"neben","name":"Bernerring"},"geometry":{"type":"LineString","coordinates":[[7.571774,47.547852],[7.574444,47.546678]]}},{"type":"Feature","properties":{"k":"neben","name":"Neubadstrasse"},"geometry":{"type":"LineString","coordinates":[[7.56912,47.54864],[7.567677,47.547913]]}},{"type":"Feature","properties":{"k":"neben","name":"Kaltbrunnenstrasse"},"geometry":{"type":"LineString","coordinates":[[7.570465,47.546935],[7.571122,47.546551]]}},{"type":"Feature","properties":{"k":"neben","name":"Kaltbrunnenstrasse"},"geometry":{"type":"LineString","coordinates":[[7.573641,47.545474],[7.573795,47.545427],[7.574318,47.545288]]}},{"type":"Feature","properties":{"k":"neben","name":"Kaltbrunnenstrasse"},"geometry":{"type":"LineString","coordinates":[[7.571122,47.546551],[7.571553,47.546322],[7.571913,47.546146]]}},{"type":"Feature","properties":{"k":"neben","name":"Bristenweg"},"geometry":{"type":"LineString","coordinates":[[7.56804,47.550146],[7.567963,47.550266]]}},{"type":"Feature","properties":{"k":"neben","name":"Gotthelfplatz"},"geometry":{"type":"LineString","coordinates":[[7.568921,47.55369],[7.568769,47.553683]]}},{"type":"Feature","properties":{"k":"neben","name":"St. Galler-Ring"},"geometry":{"type":"LineString","coordinates":[[7.567549,47.552561],[7.568099,47.550979]]}},{"type":"Feature","properties":{"k":"neben","name":"General Guisan-Strasse"},"geometry":{"type":"LineString","coordinates":[[7.565902,47.549813],[7.564281,47.549362]]}},{"type":"Feature","properties":{"k":"haupt","name":"Margarethenstrasse"},"geometry":{"type":"LineString","coordinates":[[7.581286,47.543957],[7.581706,47.544166]]}},{"type":"Feature","properties":{"k":"neben","name":"Dachsfelderstrasse"},"geometry":{"type":"LineString","coordinates":[[7.582963,47.545843],[7.58308,47.5458]]}},{"type":"Feature","properties":{"k":"neben","name":"Meltingerstrasse"},"geometry":{"type":"LineString","coordinates":[[7.581233,47.545019],[7.581156,47.544945]]}},{"type":"Feature","properties":{"k":"neben","name":"Dittingerstrasse"},"geometry":{"type":"LineString","coordinates":[[7.589131,47.540171],[7.587535,47.540587]]}},{"type":"Feature","properties":{"k":"neben","name":"Predigerhofstrasse"},"geometry":{"type":"LineString","coordinates":[[7.589972,47.526688],[7.589968,47.526586]]}},{"type":"Feature","properties":{"k":"neben","name":"Fäschengasse"},"geometry":{"type":"LineString","coordinates":[[7.594262,47.530085],[7.594772,47.53001],[7.595014,47.529899],[7.595036,47.529793]]}},{"type":"Feature","properties":{"k":"neben","name":"Hochstrasse"},"geometry":{"type":"LineString","coordinates":[[7.592351,47.545518],[7.592632,47.545435]]}},{"type":"Feature","properties":{"k":"neben","name":"Meret Oppenheim-Strasse"},"geometry":{"type":"LineString","coordinates":[[7.584973,47.547166],[7.584819,47.547219]]}},{"type":"Feature","properties":{"k":"haupt","name":"Gundeldingerstrasse"},"geometry":{"type":"LineString","coordinates":[[7.581525,47.543864],[7.582031,47.543702]]}},{"type":"Feature","properties":{"k":"neben","name":"Achilles Bischoff-Strasse"},"geometry":{"type":"LineString","coordinates":[[7.59359,47.540043],[7.594163,47.540921]]}},{"type":"Feature","properties":{"k":"neben","name":"Achilles Bischoff-Strasse"},"geometry":{"type":"LineString","coordinates":[[7.593541,47.539965],[7.59359,47.540043]]}},{"type":"Feature","properties":{"k":"neben","name":"Parkweg"},"geometry":{"type":"LineString","coordinates":[[7.593353,47.5489],[7.592325,47.548276]]}},{"type":"Feature","properties":{"k":"neben","name":"Birsigstrasse"},"geometry":{"type":"LineString","coordinates":[[7.580058,47.549802],[7.580959,47.549526]]}},{"type":"Feature","properties":{"k":"neben","name":"Bachlettenstrasse"},"geometry":{"type":"LineString","coordinates":[[7.577791,47.548075],[7.57866,47.548399],[7.578985,47.548504]]}},{"type":"Feature","properties":{"k":"neben","name":"Bachlettenstrasse"},"geometry":{"type":"LineString","coordinates":[[7.577293,47.547898],[7.577579,47.547996],[7.577791,47.548075]]}},{"type":"Feature","properties":{"k":"neben","name":"Bachlettenstrasse"},"geometry":{"type":"LineString","coordinates":[[7.576521,47.547716],[7.576678,47.547686],[7.577029,47.547807],[7.577293,47.547898]]}},{"type":"Feature","properties":{"k":"neben","name":"Kastelstrasse"},"geometry":{"type":"LineString","coordinates":[[7.575517,47.545558],[7.574795,47.545639]]}},{"type":"Feature","properties":{"k":"neben","name":"Schönmattstrasse"},"geometry":{"type":"LineString","coordinates":[[7.575918,47.544553],[7.575966,47.545124]]}},{"type":"Feature","properties":{"k":"neben","name":"Steinengraben"},"geometry":{"type":"LineString","coordinates":[[7.58681,47.552618],[7.586936,47.552401],[7.586974,47.552329]]}},{"type":"Feature","properties":{"k":"neben","name":"Aeschenvorstadt"},"geometry":{"type":"LineString","coordinates":[[7.594636,47.551588],[7.59345,47.552495]]}},{"type":"Feature","properties":{"k":"haupt","name":"Elisabethenanlage"},"geometry":{"type":"LineString","coordinates":[[7.590779,47.548879],[7.590668,47.548926]]}},{"type":"Feature","properties":{"k":"neben","name":"Friedhofstrasse"},"geometry":{"type":"LineString","coordinates":[[7.581325,47.543789],[7.58134,47.543839],[7.581327,47.543901],[7.581286,47.543957]]}},{"type":"Feature","properties":{"k":"neben","name":"Im Margarethental"},"geometry":{"type":"LineString","coordinates":[[7.576341,47.543928],[7.576527,47.544026],[7.576625,47.543955]]}},{"type":"Feature","properties":{"k":"haupt","name":"Margarethenstrasse"},"geometry":{"type":"LineString","coordinates":[[7.58135,47.544096],[7.58134,47.544082],[7.581325,47.544047],[7.581286,47.543957]]}},{"type":"Feature","properties":{"k":"haupt"},"geometry":{"type":"LineString","coordinates":[[7.5851,47.547802],[7.585616,47.548421],[7.585664,47.548479]]}},{"type":"Feature","properties":{"k":"haupt"},"geometry":{"type":"LineString","coordinates":[[7.584746,47.547375],[7.584826,47.54747]]}},{"type":"Feature","properties":{"k":"neben","name":"Barfüssergasse"},"geometry":{"type":"LineString","coordinates":[[7.591374,47.554622],[7.591487,47.554656]]}},{"type":"Feature","properties":{"k":"haupt","name":"Margarethenstrasse"},"geometry":{"type":"LineString","coordinates":[[7.581952,47.544693],[7.581801,47.544567]]}},{"type":"Feature","properties":{"k":"neben","name":"Arnold Böcklin-Strasse"},"geometry":{"type":"LineString","coordinates":[[7.5775,47.551425],[7.578591,47.551324],[7.57931,47.551174]]}},{"type":"Feature","properties":{"k":"neben","name":"Leonhardsstrasse"},"geometry":{"type":"LineString","coordinates":[[7.582637,47.554178],[7.582722,47.554142]]}},{"type":"Feature","properties":{"k":"neben","name":"Leonhardsstrasse"},"geometry":{"type":"LineString","coordinates":[[7.585755,47.554082],[7.58568,47.55406]]}},{"type":"Feature","properties":{"k":"neben","name":"Neubadstrasse"},"geometry":{"type":"LineString","coordinates":[[7.567677,47.547913],[7.56754,47.547842]]}},{"type":"Feature","properties":{"k":"neben","name":"Bernerring"},"geometry":{"type":"LineString","coordinates":[[7.569837,47.548991],[7.569893,47.548959],[7.569931,47.548938]]}},{"type":"Feature","properties":{"k":"neben","name":"Neubadstrasse"},"geometry":{"type":"LineString","coordinates":[[7.569837,47.548991],[7.569748,47.548948],[7.56912,47.54864]]}},{"type":"Feature","properties":{"k":"neben","name":"Arnold Böcklin-Strasse"},"geometry":{"type":"LineString","coordinates":[[7.575289,47.551263],[7.575332,47.55127],[7.57544,47.551289]]}},{"type":"Feature","properties":{"k":"neben","name":"Meret Oppenheim-Strasse"},"geometry":{"type":"LineString","coordinates":[[7.588476,47.545973],[7.588511,47.545964],[7.588593,47.545948]]}},{"type":"Feature","properties":{"k":"neben","name":"Luftgässlein"},"geometry":{"type":"LineString","coordinates":[[7.592708,47.554515],[7.592831,47.555085]]}},{"type":"Feature","properties":{"k":"haupt","name":"Markthallenbrücke"},"geometry":{"type":"LineString","coordinates":[[7.588362,47.549278],[7.588391,47.54931]]}},{"type":"Feature","properties":{"k":"haupt","name":"Aeschengraben"},"geometry":{"type":"LineString","coordinates":[[7.594334,47.551239],[7.594204,47.551152]]}},{"type":"Feature","properties":{"k":"haupt","name":"Elisabethenanlage"},"geometry":{"type":"LineString","coordinates":[[7.587903,47.548861],[7.588011,47.548879],[7.588116,47.548911]]}},{"type":"Feature","properties":{"k":"haupt"},"geometry":{"type":"LineString","coordinates":[[7.588104,47.549],[7.588212,47.548958]]}},{"type":"Feature","properties":{"k":"neben","name":"Leimenstrasse"},"geometry":{"type":"LineString","coordinates":[[7.581657,47.553185],[7.581717,47.553246],[7.581912,47.553445],[7.581939,47.553472]]}},{"type":"Feature","properties":{"k":"neben","name":"Leimenstrasse"},"geometry":{"type":"LineString","coordinates":[[7.580012,47.55151],[7.580161,47.551658]]}},{"type":"Feature","properties":{"k":"neben","name":"Rümelinbachweg"},"geometry":{"type":"LineString","coordinates":[[7.582698,47.550411],[7.582717,47.550388],[7.582915,47.550155],[7.582961,47.5501]]}},{"type":"Feature","properties":{"k":"neben","name":"Rümelinbachweg"},"geometry":{"type":"LineString","coordinates":[[7.582755,47.550567],[7.582704,47.55054]]}},{"type":"Feature","properties":{"k":"neben","name":"Schützenmattstrasse"},"geometry":{"type":"LineString","coordinates":[[7.578547,47.554002],[7.577612,47.553359]]}},{"type":"Feature","properties":{"k":"neben","name":"Schützenmattstrasse"},"geometry":{"type":"LineString","coordinates":[[7.577612,47.553359],[7.57744,47.553245],[7.577391,47.553212],[7.577326,47.553168]]}},{"type":"Feature","properties":{"k":"neben","name":"Schützenmattstrasse"},"geometry":{"type":"LineString","coordinates":[[7.578617,47.554049],[7.578547,47.554002]]}},{"type":"Feature","properties":{"k":"haupt","name":"Holeestrasse"},"geometry":{"type":"LineString","coordinates":[[7.569978,47.545357],[7.570801,47.545184]]}},{"type":"Feature","properties":{"k":"haupt","name":"Holeestrasse"},"geometry":{"type":"LineString","coordinates":[[7.574051,47.544519],[7.574598,47.544408]]}},{"type":"Feature","properties":{"k":"neben","name":"Bachlettenstrasse"},"geometry":{"type":"LineString","coordinates":[[7.578985,47.548504],[7.579148,47.548573],[7.579201,47.548626]]}},{"type":"Feature","properties":{"k":"neben","name":"Wanderstrasse"},"geometry":{"type":"LineString","coordinates":[[7.561867,47.551918],[7.561522,47.551881],[7.561418,47.551871]]}},{"type":"Feature","properties":{"k":"haupt","name":"Markthallenbrücke"},"geometry":{"type":"LineString","coordinates":[[7.587697,47.548737],[7.587708,47.548744],[7.587772,47.548791]]}},{"type":"Feature","properties":{"k":"neben"},"geometry":{"type":"LineString","coordinates":[[7.587697,47.548737],[7.587684,47.548721],[7.587675,47.548704],[7.587672,47.54869]]}},{"type":"Feature","properties":{"k":"neben","name":"Centralbahnstrasse"},"geometry":{"type":"LineString","coordinates":[[7.587672,47.54869],[7.587742,47.548542]]}},{"type":"Feature","properties":{"k":"neben","name":"Centralbahnstrasse"},"geometry":{"type":"LineString","coordinates":[[7.587672,47.54869],[7.58764,47.548704]]}},{"type":"Feature","properties":{"k":"neben","name":"Markthallenbrücke"},"geometry":{"type":"LineString","coordinates":[[7.587772,47.548791],[7.587738,47.548771],[7.587705,47.548746],[7.587697,47.548737]]}},{"type":"Feature","properties":{"k":"neben","name":"Biascastrasse"},"geometry":{"type":"LineString","coordinates":[[7.592087,47.52793],[7.592088,47.527967]]}},{"type":"Feature","properties":{"k":"neben","name":"David Joris-Strasse"},"geometry":{"type":"LineString","coordinates":[[7.583223,47.533102],[7.583093,47.533122]]}},{"type":"Feature","properties":{"k":"neben","name":"Lohweg"},"geometry":{"type":"LineString","coordinates":[[7.585913,47.55121],[7.585993,47.551234]]}},{"type":"Feature","properties":{"k":"haupt","name":"St. Alban-Graben"},"geometry":{"type":"LineString","coordinates":[[7.594992,47.554963],[7.595117,47.555153],[7.595284,47.555384]]}},{"type":"Feature","properties":{"k":"haupt","name":"St. Alban-Graben"},"geometry":{"type":"LineString","coordinates":[[7.59491,47.55482],[7.594992,47.554963]]}},{"type":"Feature","properties":{"k":"haupt","name":"St. Alban-Graben"},"geometry":{"type":"LineString","coordinates":[[7.594958,47.555131],[7.594732,47.554874],[7.594701,47.554842]]}},{"type":"Feature","properties":{"k":"neben","name":"Barfüssergasse"},"geometry":{"type":"LineString","coordinates":[[7.590016,47.554796],[7.590173,47.554802]]}},{"type":"Feature","properties":{"k":"neben","name":"Konzertgasse"},"geometry":{"type":"LineString","coordinates":[[7.589844,47.554514],[7.589826,47.554465]]}},{"type":"Feature","properties":{"k":"neben","name":"Fasnachtsgasse"},"geometry":{"type":"LineString","coordinates":[[7.590369,47.554399],[7.590195,47.554452],[7.590124,47.554465]]}},{"type":"Feature","properties":{"k":"neben","name":"Barfüsserplatz"},"geometry":{"type":"LineString","coordinates":[[7.589467,47.554775],[7.589692,47.554696]]}},{"type":"Feature","properties":{"k":"neben","name":"Barfüsserplatz"},"geometry":{"type":"LineString","coordinates":[[7.589508,47.554613],[7.58971,47.554535]]}},{"type":"Feature","properties":{"k":"neben","name":"Barfüsserplatz"},"geometry":{"type":"LineString","coordinates":[[7.589747,47.554529],[7.589844,47.554514]]}},{"type":"Feature","properties":{"k":"neben","name":"Barfüsserplatz"},"geometry":{"type":"LineString","coordinates":[[7.589692,47.554696],[7.589783,47.554693]]}},{"type":"Feature","properties":{"k":"neben"},"geometry":{"type":"LineString","coordinates":[[7.589818,47.55468],[7.589869,47.554677]]}},{"type":"Feature","properties":{"k":"neben","name":"General Guisan-Strasse"},"geometry":{"type":"LineString","coordinates":[[7.564281,47.549362],[7.563371,47.549124],[7.56275,47.548953]]}},{"type":"Feature","properties":{"k":"neben","name":"Hochstrasse"},"geometry":{"type":"LineString","coordinates":[[7.592537,47.545327],[7.591709,47.545593],[7.591619,47.545619]]}},{"type":"Feature","properties":{"k":"neben","name":"Hardstrasse"},"geometry":{"type":"LineString","coordinates":[[7.600958,47.552403],[7.601045,47.552161],[7.601208,47.552093]]}},{"type":"Feature","properties":{"k":"neben","name":"Im Sesselacker"},"geometry":{"type":"LineString","coordinates":[[7.601523,47.535609],[7.601217,47.535585],[7.601017,47.53599],[7.600822,47.536119],[7.598626,47.536673],[7.59789,47.536597]]}},{"type":"Feature","properties":{"k":"neben","name":"Schönenbergstrasse"},"geometry":{"type":"LineString","coordinates":[[7.596036,47.534239],[7.595478,47.534707]]}},{"type":"Feature","properties":{"k":"neben","name":"Albert Schweitzer-Strasse"},"geometry":{"type":"LineString","coordinates":[[7.598021,47.536319],[7.598635,47.536284],[7.600033,47.535865]]}},{"type":"Feature","properties":{"k":"haupt","name":"Münchensteinerstrasse"},"geometry":{"type":"LineString","coordinates":[[7.598561,47.547913],[7.598323,47.5479],[7.598158,47.547795],[7.598076,47.547201]]}},{"type":"Feature","properties":{"k":"neben","name":"Bärschwilerstrasse"},"geometry":{"type":"LineString","coordinates":[[7.595061,47.54132],[7.595779,47.542445]]}},{"type":"Feature","properties":{"k":"neben","name":"Laufenstrasse"},"geometry":{"type":"LineString","coordinates":[[7.598152,47.539977],[7.598354,47.540287],[7.598386,47.540337]]}},{"type":"Feature","properties":{"k":"haupt","name":"Münchensteinerstrasse"},"geometry":{"type":"LineString","coordinates":[[7.59889,47.543559],[7.599038,47.543406]]}},{"type":"Feature","properties":{"k":"haupt","name":"St. Jakobs-Strasse"},"geometry":{"type":"LineString","coordinates":[[7.603809,47.544931],[7.603578,47.545044],[7.603513,47.545081],[7.603469,47.545107]]}},{"type":"Feature","properties":{"k":"neben","name":"Hagenbachstrasse"},"geometry":{"type":"LineString","coordinates":[[7.59948,47.5482],[7.600936,47.547414],[7.601502,47.547247],[7.602397,47.546785]]}},{"type":"Feature","properties":{"k":"neben","name":"Delsbergerallee"},"geometry":{"type":"LineString","coordinates":[[7.601122,47.542391],[7.598588,47.538497]]}},{"type":"Feature","properties":{"k":"neben","name":"Arlesheimerstrasse"},"geometry":{"type":"LineString","coordinates":[[7.600933,47.538703],[7.601082,47.53866],[7.601439,47.538555]]}},{"type":"Feature","properties":{"k":"neben","name":"Neuensteinerstrasse"},"geometry":{"type":"LineString","coordinates":[[7.599911,47.54057],[7.60001,47.540541],[7.601926,47.539976]]}},{"type":"Feature","properties":{"k":"neben","name":"Mönchsbergerstrasse"},"geometry":{"type":"LineString","coordinates":[[7.599215,47.538313],[7.599209,47.538302],[7.599179,47.538252],[7.598795,47.537577]]}},{"type":"Feature","properties":{"k":"neben","name":"Waldeckstrasse"},"geometry":{"type":"LineString","coordinates":[[7.600774,47.536986],[7.601197,47.537656],[7.601225,47.5377],[7.601235,47.537715]]}},{"type":"Feature","properties":{"k":"neben","name":"Giornicostrasse"},"geometry":{"type":"LineString","coordinates":[[7.605598,47.53036],[7.603722,47.529879],[7.603233,47.529652],[7.601372,47.528448]]}},{"type":"Feature","properties":{"k":"neben","name":"Zur Gempenfluh"},"geometry":{"type":"LineString","coordinates":[[7.599174,47.530681],[7.59921,47.530481],[7.599403,47.530343],[7.60061,47.530274],[7.601464,47.530018],[7.60154,47.529798],[7.601238,47.528695],[7.601372,47.528448]]}},{"type":"Feature","properties":{"k":"neben","name":"Birseckstrasse"},"geometry":{"type":"LineString","coordinates":[[7.600914,47.530219],[7.601076,47.530463],[7.602402,47.531172],[7.602944,47.531348],[7.603266,47.531309]]}},{"type":"Feature","properties":{"k":"neben","name":"Hochwaldstrasse"},"geometry":{"type":"LineString","coordinates":[[7.603266,47.531309],[7.603528,47.531189],[7.603592,47.530887],[7.602388,47.530133],[7.601387,47.528879]]}},{"type":"Feature","properties":{"k":"haupt"},"geometry":{"type":"LineString","coordinates":[[7.615684,47.5453],[7.615113,47.546034],[7.614883,47.546969],[7.614971,47.547537],[7.615541,47.549047]]}},{"type":"Feature","properties":{"k":"neben","name":"Hochstrasse"},"geometry":{"type":"LineString","coordinates":[[7.59889,47.543559],[7.59879,47.543482],[7.598602,47.543481]]}},{"type":"Feature","properties":{"k":"neben","name":"Uhlandstrasse"},"geometry":{"type":"LineString","coordinates":[[7.596872,47.543328],[7.597258,47.543888]]}},{"type":"Feature","properties":{"k":"neben","name":"Sevogelstrasse"},"geometry":{"type":"LineString","coordinates":[[7.605099,47.552614],[7.604227,47.550714]]}},{"type":"Feature","properties":{"k":"neben","name":"Anwilerstrasse"},"geometry":{"type":"LineString","coordinates":[[7.596131,47.529182],[7.596373,47.529136],[7.596838,47.529397]]}},{"type":"Feature","properties":{"k":"neben","name":"Daniel Fechter-Promenade"},"geometry":{"type":"LineString","coordinates":[[7.59598,47.532927],[7.596197,47.532631],[7.596204,47.532463],[7.596084,47.532203],[7.595435,47.531633],[7.595207,47.53131],[7.595122,47.530941],[7.595254,47.530176],[7.59504,47.529862]]}},{"type":"Feature","properties":{"k":"neben","name":"Thiersteinerrain"},"geometry":{"type":"LineString","coordinates":[[7.595532,47.536182],[7.596208,47.537299],[7.596766,47.53713],[7.596893,47.536602],[7.597308,47.536564]]}},{"type":"Feature","properties":{"k":"neben","name":"Spiegelbergstrasse"},"geometry":{"type":"LineString","coordinates":[[7.595707,47.533868],[7.595954,47.534183],[7.597872,47.535309],[7.597925,47.535409]]}},{"type":"Feature","properties":{"k":"neben","name":"Niklaus von Flüe-Strasse"},"geometry":{"type":"LineString","coordinates":[[7.59794,47.533749],[7.597925,47.533858]]}},{"type":"Feature","properties":{"k":"neben","name":"Eichhornstrasse"},"geometry":{"type":"LineString","coordinates":[[7.601043,47.534373],[7.599198,47.535271]]}},{"type":"Feature","properties":{"k":"neben","name":"Löwenbergstrasse"},"geometry":{"type":"LineString","coordinates":[[7.596646,47.535487],[7.59679,47.535507],[7.59793,47.536182],[7.598021,47.536319],[7.59789,47.536597]]}},{"type":"Feature","properties":{"k":"neben","name":"Hechtliacker"},"geometry":{"type":"LineString","coordinates":[[7.604104,47.5367],[7.603608,47.536505],[7.602799,47.536722],[7.602588,47.536618]]}},{"type":"Feature","properties":{"k":"neben","name":"Emil Angst-Strasse"},"geometry":{"type":"LineString","coordinates":[[7.604088,47.532172],[7.603412,47.532111],[7.603161,47.531989],[7.603114,47.531694],[7.603266,47.531309]]}},{"type":"Feature","properties":{"k":"neben","name":"Bürenfluhstrasse"},"geometry":{"type":"LineString","coordinates":[[7.599327,47.52913],[7.599268,47.529397],[7.599759,47.530299]]}},{"type":"Feature","properties":{"k":"neben","name":"Jakobsbergerweglein"},"geometry":{"type":"LineString","coordinates":[[7.599174,47.530681],[7.597501,47.529823]]}},{"type":"Feature","properties":{"k":"neben","name":"Im Spitzacker"},"geometry":{"type":"LineString","coordinates":[[7.598214,47.527972],[7.597304,47.528035],[7.596657,47.527971]]}},{"type":"Feature","properties":{"k":"neben","name":"Seltisbergerstrasse"},"geometry":{"type":"LineString","coordinates":[[7.596902,47.528646],[7.597283,47.528693],[7.598762,47.528577],[7.599731,47.528734],[7.6004,47.529145],[7.600914,47.530219]]}},{"type":"Feature","properties":{"k":"neben","name":"Wartenbergstrasse"},"geometry":{"type":"LineString","coordinates":[[7.608486,47.548501],[7.606206,47.54681]]}},{"type":"Feature","properties":{"k":"neben","name":"Jakobsbergerstrasse"},"geometry":{"type":"LineString","coordinates":[[7.599174,47.530681],[7.59931,47.530845],[7.600938,47.531866],[7.601885,47.532838],[7.603106,47.533841],[7.603592,47.534794],[7.604281,47.535429],[7.604598,47.535539]]}},{"type":"Feature","properties":{"k":"neben","name":"Scherkesselweg"},"geometry":{"type":"LineString","coordinates":[[7.616352,47.546045],[7.61666,47.545957],[7.616612,47.544879]]}},{"type":"Feature","properties":{"k":"neben","name":"Scherkesselweg"},"geometry":{"type":"LineString","coordinates":[[7.613992,47.54689],[7.614105,47.546914],[7.614166,47.546917],[7.61423,47.546897]]}},{"type":"Feature","properties":{"k":"neben","name":"Malzgasse"},"geometry":{"type":"LineString","coordinates":[[7.598283,47.55395],[7.59775,47.553404]]}},{"type":"Feature","properties":{"k":"neben","name":"Beim Goldenen Löwen"},"geometry":{"type":"LineString","coordinates":[[7.596011,47.553192],[7.596903,47.554123]]}},{"type":"Feature","properties":{"k":"neben","name":"Waldenburgerstrasse"},"geometry":{"type":"LineString","coordinates":[[7.608766,47.555697],[7.609362,47.554314],[7.609399,47.554229],[7.609404,47.554138]]}},{"type":"Feature","properties":{"k":"neben","name":"Weidengasse"},"geometry":{"type":"LineString","coordinates":[[7.609404,47.554138],[7.609301,47.554119]]}},{"type":"Feature","properties":{"k":"neben","name":"Beim Letziturm"},"geometry":{"type":"LineString","coordinates":[[7.60535,47.553701],[7.605316,47.553944],[7.605231,47.554553],[7.605131,47.555179]]}},{"type":"Feature","properties":{"k":"neben","name":"In den Klosterreben"},"geometry":{"type":"LineString","coordinates":[[7.607109,47.553726],[7.606945,47.554654],[7.605468,47.554569]]}},{"type":"Feature","properties":{"k":"neben","name":"Eptingerstrasse"},"geometry":{"type":"LineString","coordinates":[[7.608548,47.553985],[7.607861,47.555521]]}},{"type":"Feature","properties":{"k":"neben","name":"Lange Gasse"},"geometry":{"type":"LineString","coordinates":[[7.601208,47.552093],[7.600961,47.5519],[7.599507,47.550764]]}},{"type":"Feature","properties":{"k":"neben","name":"Kapellenstrasse"},"geometry":{"type":"LineString","coordinates":[[7.601013,47.549698],[7.601605,47.550064],[7.602852,47.551261],[7.602862,47.55127]]}},{"type":"Feature","properties":{"k":"neben","name":"Luftmattstrasse"},"geometry":{"type":"LineString","coordinates":[[7.601502,47.547247],[7.602978,47.548526]]}},{"type":"Feature","properties":{"k":"neben","name":"Adlerstrasse"},"geometry":{"type":"LineString","coordinates":[[7.609647,47.54763],[7.610841,47.54616]]}},{"type":"Feature","properties":{"k":"haupt","name":"Prattelertunnel"},"geometry":{"type":"LineString","coordinates":[[7.614472,47.546823],[7.614586,47.546338],[7.614881,47.545757],[7.615349,47.545143],[7.615929,47.544725]]}},{"type":"Feature","properties":{"k":"haupt"},"geometry":{"type":"LineString","coordinates":[[7.615929,47.544725],[7.617011,47.544243]]}},{"type":"Feature","properties":{"k":"neben","name":"Gellertstrasse"},"geometry":{"type":"LineString","coordinates":[[7.619048,47.544136],[7.618991,47.543937]]}},{"type":"Feature","properties":{"k":"neben","name":"Auf dem Wolf"},"geometry":{"type":"LineString","coordinates":[[7.613598,47.539979],[7.615178,47.540196],[7.615597,47.540574],[7.615542,47.540865],[7.615183,47.541082],[7.614639,47.541267],[7.614457,47.541236],[7.614123,47.540906],[7.613598,47.539979]]}},{"type":"Feature","properties":{"k":"neben","name":"Walkeweg"},"geometry":{"type":"LineString","coordinates":[[7.615488,47.540132],[7.615575,47.540182],[7.616251,47.54069],[7.616629,47.541024]]}},{"type":"Feature","properties":{"k":"haupt","name":"Münchensteinerstrasse"},"geometry":{"type":"LineString","coordinates":[[7.602225,47.541814],[7.604366,47.540807],[7.604923,47.540422]]}},{"type":"Feature","properties":{"k":"neben","name":"Gilgenbergerstrasse"},"geometry":{"type":"LineString","coordinates":[[7.60204,47.537484],[7.602999,47.538984]]}},{"type":"Feature","properties":{"k":"haupt","name":"Leimgrubenweg"},"geometry":{"type":"LineString","coordinates":[[7.605611,47.536722],[7.605929,47.536748],[7.606419,47.536792],[7.606934,47.536838]]}},{"type":"Feature","properties":{"k":"neben","name":"Duggingerhof"},"geometry":{"type":"LineString","coordinates":[[7.609697,47.537542],[7.60985,47.537458],[7.609977,47.537374],[7.610241,47.5372]]}},{"type":"Feature","properties":{"k":"neben","name":"Grellingerstrasse"},"geometry":{"type":"LineString","coordinates":[[7.607721,47.552222],[7.606456,47.5496],[7.604164,47.547907]]}},{"type":"Feature","properties":{"k":"neben","name":"Angensteinerstrasse"},"geometry":{"type":"LineString","coordinates":[[7.604978,47.550229],[7.604965,47.550219],[7.602849,47.548598]]}},{"type":"Feature","properties":{"k":"neben","name":"Rennweg"},"geometry":{"type":"LineString","coordinates":[[7.604522,47.551296],[7.610268,47.550041]]}},{"type":"Feature","properties":{"k":"neben","name":"Gellertstrasse"},"geometry":{"type":"LineString","coordinates":[[7.605442,47.55256],[7.609006,47.551809]]}},{"type":"Feature","properties":{"k":"neben","name":"Froburgstrasse"},"geometry":{"type":"LineString","coordinates":[[7.612176,47.554904],[7.612169,47.554927],[7.612162,47.554952],[7.612156,47.55497]]}},{"type":"Feature","properties":{"k":"neben","name":"Ramsteinerstrasse"},"geometry":{"type":"LineString","coordinates":[[7.610632,47.55607],[7.611317,47.554608]]}},{"type":"Feature","properties":{"k":"neben","name":"Lindenweg"},"geometry":{"type":"LineString","coordinates":[[7.606293,47.552359],[7.605665,47.551049]]}},{"type":"Feature","properties":{"k":"neben","name":"Picassoplatz"},"geometry":{"type":"LineString","coordinates":[[7.595034,47.553046],[7.595122,47.553132],[7.595263,47.553232]]}},{"type":"Feature","properties":{"k":"haupt","name":"Aeschenplatz"},"geometry":{"type":"LineString","coordinates":[[7.596375,47.551516],[7.596545,47.551631]]}},{"type":"Feature","properties":{"k":"haupt","name":"Aeschenplatz"},"geometry":{"type":"LineString","coordinates":[[7.596405,47.551838],[7.5954,47.551671]]}},{"type":"Feature","properties":{"k":"neben","name":"Thiersteinerallee"},"geometry":{"type":"LineString","coordinates":[[7.597958,47.541809],[7.59873,47.543031]]}},{"type":"Feature","properties":{"k":"neben","name":"Casinostrasse"},"geometry":{"type":"LineString","coordinates":[[7.599938,47.547029],[7.599595,47.546779],[7.598453,47.546357]]}},{"type":"Feature","properties":{"k":"haupt","name":"Münchensteinerstrasse"},"geometry":{"type":"LineString","coordinates":[[7.599085,47.545007],[7.599314,47.545241]]}},{"type":"Feature","properties":{"k":"haupt","name":"Münchensteinerbrücke"},"geometry":{"type":"LineString","coordinates":[[7.599143,47.543631],[7.599281,47.544219],[7.599292,47.544334],[7.59929,47.544382]]}},{"type":"Feature","properties":{"k":"haupt","name":"Münchensteinerstrasse"},"geometry":{"type":"LineString","coordinates":[[7.59928,47.544468],[7.599202,47.544727]]}},{"type":"Feature","properties":{"k":"haupt","name":"Münchensteinerbrücke"},"geometry":{"type":"LineString","coordinates":[[7.59909,47.544451],[7.59889,47.543559]]}},{"type":"Feature","properties":{"k":"neben","name":"Walkeweg"},"geometry":{"type":"LineString","coordinates":[[7.609399,47.537397],[7.609631,47.537503]]}},{"type":"Feature","properties":{"k":"neben","name":"Hardstrasse"},"geometry":{"type":"LineString","coordinates":[[7.600918,47.552667],[7.600932,47.552632],[7.600963,47.552559],[7.600985,47.55251]]}},{"type":"Feature","properties":{"k":"neben","name":"Farnsburgerstrasse"},"geometry":{"type":"LineString","coordinates":[[7.614323,47.553968],[7.613514,47.555289]]}},{"type":"Feature","properties":{"k":"neben","name":"Froburgstrasse"},"geometry":{"type":"LineString","coordinates":[[7.612483,47.553841],[7.612392,47.553901],[7.612176,47.554904]]}},{"type":"Feature","properties":{"k":"neben","name":"Nasenweg"},"geometry":{"type":"LineString","coordinates":[[7.618004,47.553444],[7.61733,47.552982],[7.617202,47.552259]]}},{"type":"Feature","properties":{"k":"neben","name":"Magnolienpark"},"geometry":{"type":"LineString","coordinates":[[7.610978,47.551488],[7.611308,47.55302],[7.611575,47.553118],[7.611655,47.553318]]}},{"type":"Feature","properties":{"k":"neben","name":"Stadionstrasse"},"geometry":{"type":"LineString","coordinates":[[7.621071,47.544892],[7.621122,47.544891],[7.621976,47.544863]]}},{"type":"Feature","properties":{"k":"neben","name":"Forellenweg"},"geometry":{"type":"LineString","coordinates":[[7.621706,47.551147],[7.621127,47.550928],[7.620708,47.550766],[7.620647,47.550742]]}},{"type":"Feature","properties":{"k":"neben","name":"St. Alban-Berg"},"geometry":{"type":"LineString","coordinates":[[7.602512,47.553436],[7.602528,47.553469],[7.602563,47.553538]]}},{"type":"Feature","properties":{"k":"neben","name":"St. Alban-Tal"},"geometry":{"type":"LineString","coordinates":[[7.603356,47.554166],[7.603165,47.554132],[7.603147,47.554035],[7.603454,47.554018],[7.603356,47.554166]]}},{"type":"Feature","properties":{"k":"neben","name":"St. Alban-Tal"},"geometry":{"type":"LineString","coordinates":[[7.603728,47.553615],[7.603681,47.553667]]}},{"type":"Feature","properties":{"k":"neben","name":"St. Alban-Talstrasse"},"geometry":{"type":"LineString","coordinates":[[7.603728,47.553615],[7.604042,47.553495],[7.604573,47.553486],[7.604935,47.5534],[7.605192,47.553047],[7.605154,47.552705]]}},{"type":"Feature","properties":{"k":"haupt","name":"Zürcherstrasse"},"geometry":{"type":"LineString","coordinates":[[7.613527,47.555469],[7.609481,47.554036]]}},{"type":"Feature","properties":{"k":"neben","name":"Lehenmattstrasse"},"geometry":{"type":"LineString","coordinates":[[7.615972,47.552337],[7.615685,47.552372],[7.615541,47.552474],[7.614323,47.553968]]}},{"type":"Feature","properties":{"k":"haupt","name":"St. Alban-Anlage"},"geometry":{"type":"LineString","coordinates":[[7.605154,47.552705],[7.603316,47.552802]]}},{"type":"Feature","properties":{"k":"haupt","name":"Zürcherstrasse"},"geometry":{"type":"LineString","coordinates":[[7.605099,47.552614],[7.605204,47.552617],[7.605312,47.552625]]}},{"type":"Feature","properties":{"k":"haupt","name":"Zürcherstrasse"},"geometry":{"type":"LineString","coordinates":[[7.609573,47.553933],[7.612009,47.554848],[7.613618,47.555313]]}},{"type":"Feature","properties":{"k":"haupt","name":"Zürcherstrasse"},"geometry":{"type":"LineString","coordinates":[[7.609481,47.554036],[7.609299,47.553894],[7.609248,47.553854]]}},{"type":"Feature","properties":{"k":"neben","name":"Birsstrasse"},"geometry":{"type":"LineString","coordinates":[[7.622344,47.547759],[7.622425,47.549728],[7.622269,47.550252],[7.621884,47.550924],[7.621357,47.551506],[7.620619,47.55205],[7.618152,47.55334],[7.617575,47.553832]]}},{"type":"Feature","properties":{"k":"neben","name":"Gellertstrasse"},"geometry":{"type":"LineString","coordinates":[[7.618575,47.547376],[7.61803,47.54844],[7.617749,47.548796],[7.616345,47.549743]]}},{"type":"Feature","properties":{"k":"neben","name":"Stadionstrasse"},"geometry":{"type":"LineString","coordinates":[[7.620733,47.544894],[7.619843,47.544868]]}},{"type":"Feature","properties":{"k":"neben","name":"St. Alban-Rheinweg"},"geometry":{"type":"LineString","coordinates":[[7.601546,47.554987],[7.600161,47.554934]]}},{"type":"Feature","properties":{"k":"haupt","name":"St. Jakobs-Strasse"},"geometry":{"type":"LineString","coordinates":[[7.604134,47.54479],[7.603976,47.544852]]}},{"type":"Feature","properties":{"k":"haupt","name":"Nauenstrasse"},"geometry":{"type":"LineString","coordinates":[[7.596378,47.546031],[7.596232,47.546083],[7.595724,47.546258]]}},{"type":"Feature","properties":{"k":"neben","name":"Birsstrasse"},"geometry":{"type":"LineString","coordinates":[[7.62182,47.540177],[7.621896,47.540561]]}},{"type":"Feature","properties":{"k":"haupt","name":"Lindenhofstrasse"},"geometry":{"type":"LineString","coordinates":[[7.597631,47.546897],[7.596378,47.546031]]}},{"type":"Feature","properties":{"k":"neben","name":"Gellertstrasse"},"geometry":{"type":"LineString","coordinates":[[7.618951,47.54484],[7.618575,47.547376]]}},{"type":"Feature","properties":{"k":"haupt","name":"Brüglingerstrasse"},"geometry":{"type":"LineString","coordinates":[[7.616339,47.540173],[7.615878,47.540041]]}},{"type":"Feature","properties":{"k":"haupt","name":"Brüglingerstrasse"},"geometry":{"type":"LineString","coordinates":[[7.615781,47.539883],[7.616046,47.539947]]}},{"type":"Feature","properties":{"k":"haupt","name":"Brüglingerstrasse"},"geometry":{"type":"LineString","coordinates":[[7.616847,47.540158],[7.617831,47.540667]]}},{"type":"Feature","properties":{"k":"neben","name":"Hardrain"},"geometry":{"type":"LineString","coordinates":[[7.617848,47.545879],[7.617936,47.54532]]}},{"type":"Feature","properties":{"k":"neben","name":"Liesbergerstrasse"},"geometry":{"type":"LineString","coordinates":[[7.596754,47.542161],[7.596747,47.542149],[7.596728,47.542118],[7.596053,47.541016]]}},{"type":"Feature","properties":{"k":"neben","name":"Malzgasse"},"geometry":{"type":"LineString","coordinates":[[7.597099,47.552728],[7.596214,47.551989]]}},{"type":"Feature","properties":{"k":"neben","name":"Frankfurt-Strasse"},"geometry":{"type":"LineString","coordinates":[[7.607252,47.534907],[7.607617,47.533022]]}},{"type":"Feature","properties":{"k":"neben","name":"Bordeaux-Strasse"},"geometry":{"type":"LineString","coordinates":[[7.60428,47.537095],[7.606988,47.537373],[7.607258,47.537732]]}},{"type":"Feature","properties":{"k":"neben","name":"Prag-Strasse"},"geometry":{"type":"LineString","coordinates":[[7.604062,47.537422],[7.606476,47.537642],[7.606647,47.537912]]}},{"type":"Feature","properties":{"k":"neben","name":"Krakaustrasse"},"geometry":{"type":"LineString","coordinates":[[7.603823,47.537973],[7.604818,47.538059],[7.605036,47.538385]]}},{"type":"Feature","properties":{"k":"neben","name":"Redingstrasse"},"geometry":{"type":"LineString","coordinates":[[7.619324,47.547386],[7.618725,47.547381],[7.618575,47.547376]]}},{"type":"Feature","properties":{"k":"neben","name":"Stadionstrasse"},"geometry":{"type":"LineString","coordinates":[[7.619569,47.544862],[7.6195,47.54486],[7.619124,47.544846],[7.618951,47.54484]]}},{"type":"Feature","properties":{"k":"neben","name":"Stadionstrasse"},"geometry":{"type":"LineString","coordinates":[[7.619843,47.544868],[7.619775,47.544866],[7.619569,47.544862]]}},{"type":"Feature","properties":{"k":"neben","name":"St. Alban-Tal"},"geometry":{"type":"LineString","coordinates":[[7.603649,47.553726],[7.603625,47.553768],[7.603527,47.553947],[7.603454,47.554018]]}},{"type":"Feature","properties":{"k":"neben","name":"St. Alban-Tal"},"geometry":{"type":"LineString","coordinates":[[7.603681,47.553667],[7.603649,47.553726]]}},{"type":"Feature","properties":{"k":"neben","name":"Fürstensteinerstrasse"},"geometry":{"type":"LineString","coordinates":[[7.597419,47.538841],[7.597256,47.538407],[7.597533,47.538046],[7.598257,47.537684],[7.599088,47.537506],[7.600774,47.536986]]}},{"type":"Feature","properties":{"k":"neben","name":"Fürstensteinerstrasse"},"geometry":{"type":"LineString","coordinates":[[7.602588,47.536618],[7.60168,47.536921],[7.600774,47.536986]]}},{"type":"Feature","properties":{"k":"neben","name":"Hirzbodenweg"},"geometry":{"type":"LineString","coordinates":[[7.609047,47.551932],[7.607635,47.54892],[7.605405,47.54725]]}},{"type":"Feature","properties":{"k":"neben","name":"Gellertpark"},"geometry":{"type":"LineString","coordinates":[[7.608457,47.552071],[7.608535,47.552294],[7.60849,47.55282],[7.608662,47.553007]]}},{"type":"Feature","properties":{"k":"neben","name":"Sevogelstrasse"},"geometry":{"type":"LineString","coordinates":[[7.599585,47.548246],[7.598827,47.54892]]}},{"type":"Feature","properties":{"k":"neben","name":"St. Alban-Tal"},"geometry":{"type":"LineString","coordinates":[[7.603356,47.554166],[7.6031,47.554462],[7.602971,47.555068]]}},{"type":"Feature","properties":{"k":"neben","name":"Rennweg"},"geometry":{"type":"LineString","coordinates":[[7.610268,47.550041],[7.610965,47.549891],[7.611152,47.549852],[7.611208,47.549841]]}},{"type":"Feature","properties":{"k":"neben","name":"Bechburgerstrasse"},"geometry":{"type":"LineString","coordinates":[[7.61601,47.553695],[7.6159,47.553673],[7.614799,47.553376]]}},{"type":"Feature","properties":{"k":"neben","name":"Lehenmattstrasse"},"geometry":{"type":"LineString","coordinates":[[7.617202,47.552259],[7.617271,47.552255],[7.617352,47.552249]]}},{"type":"Feature","properties":{"k":"haupt","name":"Nauenstrasse"},"geometry":{"type":"LineString","coordinates":[[7.598767,47.545289],[7.598661,47.545312],[7.598589,47.545329],[7.598407,47.545379]]}},{"type":"Feature","properties":{"k":"neben","name":"Thiersteinerallee"},"geometry":{"type":"LineString","coordinates":[[7.597958,47.541809],[7.597224,47.540676]]}},{"type":"Feature","properties":{"k":"neben","name":"Engelgasse"},"geometry":{"type":"LineString","coordinates":[[7.598207,47.550888],[7.59877,47.551276]]}},{"type":"Feature","properties":{"k":"neben","name":"In den Klostermatten"},"geometry":{"type":"LineString","coordinates":[[7.617352,47.552249],[7.617321,47.552088],[7.617266,47.551996],[7.617037,47.551663]]}},{"type":"Feature","properties":{"k":"neben","name":"Liestaleranlage"},"geometry":{"type":"LineString","coordinates":[[7.615096,47.554145],[7.614706,47.554763],[7.614427,47.55476],[7.614067,47.555418]]}},{"type":"Feature","properties":{"k":"neben","name":"Hechtweg"},"geometry":{"type":"LineString","coordinates":[[7.61803,47.550894],[7.618284,47.551243]]}},{"type":"Feature","properties":{"k":"neben","name":"Singerweg"},"geometry":{"type":"LineString","coordinates":[[7.613981,47.546697],[7.612818,47.546234],[7.612712,47.546039]]}},{"type":"Feature","properties":{"k":"neben","name":"Walkeweg"},"geometry":{"type":"LineString","coordinates":[[7.612371,47.53875],[7.612718,47.538905]]}},{"type":"Feature","properties":{"k":"neben","name":"Walkeweg"},"geometry":{"type":"LineString","coordinates":[[7.612718,47.538905],[7.613744,47.539743]]}},{"type":"Feature","properties":{"k":"neben","name":"Karpfenweg"},"geometry":{"type":"LineString","coordinates":[[7.618799,47.550705],[7.61899,47.550981],[7.618959,47.551008]]}},{"type":"Feature","properties":{"k":"neben","name":"Mathilde Paravicini-Strasse"},"geometry":{"type":"LineString","coordinates":[[7.603791,47.548114],[7.604138,47.548414],[7.604166,47.548503]]}},{"type":"Feature","properties":{"k":"haupt","name":"St. Jakobs-Strasse"},"geometry":{"type":"LineString","coordinates":[[7.62182,47.540177],[7.621916,47.54016],[7.621992,47.540146]]}},{"type":"Feature","properties":{"k":"neben","name":"Singerstrasse"},"geometry":{"type":"LineString","coordinates":[[7.606973,47.545226],[7.607056,47.545477],[7.606892,47.545547],[7.606019,47.545555],[7.605229,47.545395]]}},{"type":"Feature","properties":{"k":"haupt","name":"Münchensteinerstrasse"},"geometry":{"type":"LineString","coordinates":[[7.599038,47.543406],[7.59909,47.54337],[7.599206,47.543311]]}},{"type":"Feature","properties":{"k":"haupt","name":"Münchensteinerstrasse"},"geometry":{"type":"LineString","coordinates":[[7.599038,47.543406],[7.599102,47.543538]]}},{"type":"Feature","properties":{"k":"haupt","name":"Reinacherstrasse"},"geometry":{"type":"LineString","coordinates":[[7.602643,47.540528],[7.602153,47.541598],[7.602225,47.541814]]}},{"type":"Feature","properties":{"k":"neben","name":"Falkensteinerstrasse"},"geometry":{"type":"LineString","coordinates":[[7.601563,47.539407],[7.601587,47.539444],[7.601926,47.539976],[7.602285,47.540529]]}},{"type":"Feature","properties":{"k":"neben","name":"Falkensteinerstrasse"},"geometry":{"type":"LineString","coordinates":[[7.601483,47.539283],[7.601375,47.539114],[7.601148,47.538761]]}},{"type":"Feature","properties":{"k":"haupt"},"geometry":{"type":"LineString","coordinates":[[7.61545,47.555446],[7.615616,47.55512],[7.615732,47.554849]]}},{"type":"Feature","properties":{"k":"haupt"},"geometry":{"type":"LineString","coordinates":[[7.617847,47.544082],[7.616388,47.544797],[7.615684,47.5453]]}},{"type":"Feature","properties":{"k":"neben","name":"St. Alban-Rheinweg"},"geometry":{"type":"LineString","coordinates":[[7.601546,47.554987],[7.601548,47.554957],[7.601555,47.554841]]}},{"type":"Feature","properties":{"k":"haupt","name":"Lehenmattstrasse"},"geometry":{"type":"LineString","coordinates":[[7.618882,47.543512],[7.618943,47.543565],[7.618993,47.543597]]}},{"type":"Feature","properties":{"k":"haupt","name":"St. Jakobs-Strasse"},"geometry":{"type":"LineString","coordinates":[[7.616089,47.54261],[7.615805,47.542754],[7.615258,47.543015]]}},{"type":"Feature","properties":{"k":"haupt","name":"St. Jakobs-Strasse"},"geometry":{"type":"LineString","coordinates":[[7.615258,47.543015],[7.614156,47.543282]]}},{"type":"Feature","properties":{"k":"haupt","name":"St. Jakobs-Strasse"},"geometry":{"type":"LineString","coordinates":[[7.614156,47.543282],[7.611514,47.543714]]}},{"type":"Feature","properties":{"k":"neben","name":"St. Jakobs-Strasse"},"geometry":{"type":"LineString","coordinates":[[7.61014,47.543827],[7.608285,47.544012]]}},{"type":"Feature","properties":{"k":"neben","name":"Zeughausstrasse"},"geometry":{"type":"LineString","coordinates":[[7.610404,47.543837],[7.610417,47.544081]]}},{"type":"Feature","properties":{"k":"haupt","name":"St. Jakobs-Strasse"},"geometry":{"type":"LineString","coordinates":[[7.603568,47.544892],[7.603721,47.544835],[7.603782,47.544815],[7.603911,47.544772]]}},{"type":"Feature","properties":{"k":"neben","name":"St. Jakobs-Strasse"},"geometry":{"type":"LineString","coordinates":[[7.602802,47.545444],[7.602836,47.545401],[7.60281,47.545347],[7.602728,47.545278]]}},{"type":"Feature","properties":{"k":"haupt","name":"St. Jakobs-Strasse"},"geometry":{"type":"LineString","coordinates":[[7.602855,47.545483],[7.60265,47.545589]]}},{"type":"Feature","properties":{"k":"neben","name":"Sevogelstrasse"},"geometry":{"type":"LineString","coordinates":[[7.601389,47.549045],[7.59948,47.5482]]}},{"type":"Feature","properties":{"k":"neben","name":"Gellertstrasse"},"geometry":{"type":"LineString","coordinates":[[7.610978,47.551488],[7.609047,47.551932]]}},{"type":"Feature","properties":{"k":"haupt","name":"Reinacherstrasse"},"geometry":{"type":"LineString","coordinates":[[7.604614,47.535782],[7.604516,47.53655]]}},{"type":"Feature","properties":{"k":"neben","name":"Walkeweg"},"geometry":{"type":"LineString","coordinates":[[7.609697,47.537542],[7.612371,47.53875]]}},{"type":"Feature","properties":{"k":"neben","name":"St. Alban-Ring"},"geometry":{"type":"LineString","coordinates":[[7.607017,47.546392],[7.605128,47.545798]]}},{"type":"Feature","properties":{"k":"haupt","name":"Reinacherstrasse"},"geometry":{"type":"LineString","coordinates":[[7.604125,47.537285],[7.604062,47.537422]]}},{"type":"Feature","properties":{"k":"haupt","name":"St. Alban-Anlage"},"geometry":{"type":"LineString","coordinates":[[7.596727,47.551865],[7.596405,47.551838]]}},{"type":"Feature","properties":{"k":"haupt","name":"St. Alban-Anlage"},"geometry":{"type":"LineString","coordinates":[[7.598084,47.552126],[7.596727,47.551865]]}},{"type":"Feature","properties":{"k":"haupt","name":"St. Alban-Anlage"},"geometry":{"type":"LineString","coordinates":[[7.598187,47.55188],[7.600958,47.552403]]}},{"type":"Feature","properties":{"k":"neben","name":"Laufenstrasse"},"geometry":{"type":"LineString","coordinates":[[7.600366,47.542752],[7.599341,47.541841],[7.598386,47.540337]]}},{"type":"Feature","properties":{"k":"neben","name":"Hechtliacker"},"geometry":{"type":"LineString","coordinates":[[7.602588,47.536618],[7.603149,47.53628],[7.603502,47.535888],[7.603588,47.535652],[7.603159,47.535254],[7.602978,47.535185],[7.602593,47.535192],[7.602185,47.535449],[7.601645,47.5361],[7.60139,47.536106],[7.6013,47.535882],[7.601989,47.535017],[7.601909,47.534773],[7.601722,47.534644]]}},{"type":"Feature","properties":{"k":"neben","name":"Birsstrasse"},"geometry":{"type":"LineString","coordinates":[[7.616627,47.554315],[7.616589,47.55457],[7.616474,47.555]]}},{"type":"Feature","properties":{"k":"haupt"},"geometry":{"type":"LineString","coordinates":[[7.616663,47.552723],[7.616629,47.552901],[7.616599,47.553092]]}},{"type":"Feature","properties":{"k":"haupt"},"geometry":{"type":"LineString","coordinates":[[7.616059,47.554536],[7.615906,47.554816],[7.615754,47.555106],[7.615675,47.555258]]}},{"type":"Feature","properties":{"k":"haupt","name":"Brüglingerstrasse"},"geometry":{"type":"LineString","coordinates":[[7.618284,47.541327],[7.618572,47.542321]]}},{"type":"Feature","properties":{"k":"haupt"},"geometry":{"type":"LineString","coordinates":[[7.618268,47.541603],[7.618282,47.541566],[7.618297,47.541541]]}},{"type":"Feature","properties":{"k":"haupt","name":"Brüglingerstrasse"},"geometry":{"type":"LineString","coordinates":[[7.615569,47.539937],[7.615446,47.539894],[7.615212,47.539784]]}},{"type":"Feature","properties":{"k":"haupt"},"geometry":{"type":"LineString","coordinates":[[7.614606,47.548279],[7.614472,47.546823]]}},{"type":"Feature","properties":{"k":"haupt"},"geometry":{"type":"LineString","coordinates":[[7.615732,47.554849],[7.616221,47.553599],[7.616118,47.552273]]}},{"type":"Feature","properties":{"k":"neben","name":"Thiersteinerallee"},"geometry":{"type":"LineString","coordinates":[[7.59873,47.543031],[7.598982,47.543314]]}},{"type":"Feature","properties":{"k":"haupt","name":"Brüglingerstrasse"},"geometry":{"type":"LineString","coordinates":[[7.615795,47.539944],[7.616329,47.540089]]}},{"type":"Feature","properties":{"k":"haupt","name":"Aeschenplatz"},"geometry":{"type":"LineString","coordinates":[[7.595408,47.551619],[7.59545,47.551415],[7.595615,47.551374]]}},{"type":"Feature","properties":{"k":"neben","name":"Hardstrasse"},"geometry":{"type":"LineString","coordinates":[[7.601208,47.552093],[7.609282,47.548065]]}},{"type":"Feature","properties":{"k":"neben","name":"Hardstrasse"},"geometry":{"type":"LineString","coordinates":[[7.601141,47.552347],[7.600985,47.55251]]}},{"type":"Feature","properties":{"k":"neben","name":"Malzgasse"},"geometry":{"type":"LineString","coordinates":[[7.596214,47.551989],[7.596021,47.551822],[7.595978,47.551785]]}},{"type":"Feature","properties":{"k":"haupt","name":"St. Alban-Anlage"},"geometry":{"type":"LineString","coordinates":[[7.602839,47.552951],[7.602542,47.552976],[7.598084,47.552126]]}},{"type":"Feature","properties":{"k":"neben","name":"St. Alban-Vorstadt"},"geometry":{"type":"LineString","coordinates":[[7.602975,47.553068],[7.603032,47.553312]]}},{"type":"Feature","properties":{"k":"neben","name":"St. Alban-Vorstadt"},"geometry":{"type":"LineString","coordinates":[[7.602869,47.552745],[7.602952,47.553012]]}},{"type":"Feature","properties":{"k":"neben","name":"Walkeweg"},"geometry":{"type":"LineString","coordinates":[[7.615488,47.540132],[7.61508,47.540001],[7.614179,47.539935],[7.613744,47.539743]]}},{"type":"Feature","properties":{"k":"haupt"},"geometry":{"type":"LineString","coordinates":[[7.618443,47.541486],[7.618467,47.541491],[7.618488,47.541499]]}},{"type":"Feature","properties":{"k":"haupt"},"geometry":{"type":"LineString","coordinates":[[7.618297,47.541541],[7.618443,47.541486]]}},{"type":"Feature","properties":{"k":"neben","name":"Brunngässlein"},"geometry":{"type":"LineString","coordinates":[[7.596405,47.551838],[7.596214,47.551989]]}},{"type":"Feature","properties":{"k":"haupt","name":"Dufourstrasse"},"geometry":{"type":"LineString","coordinates":[[7.595034,47.553046],[7.595116,47.552619]]}},{"type":"Feature","properties":{"k":"neben","name":"Engelgasse"},"geometry":{"type":"LineString","coordinates":[[7.598187,47.55188],[7.59835,47.551555],[7.601718,47.549204]]}},{"type":"Feature","properties":{"k":"neben","name":"Lautengartenstrasse"},"geometry":{"type":"LineString","coordinates":[[7.597099,47.552728],[7.596289,47.553121],[7.595263,47.553232]]}},{"type":"Feature","properties":{"k":"haupt","name":"St. Alban-Anlage"},"geometry":{"type":"LineString","coordinates":[[7.59707,47.551663],[7.598034,47.551852],[7.598187,47.55188]]}},{"type":"Feature","properties":{"k":"haupt","name":"St. Jakobs-Strasse"},"geometry":{"type":"LineString","coordinates":[[7.598561,47.547913],[7.598108,47.54825],[7.597328,47.549059]]}},{"type":"Feature","properties":{"k":"neben","name":"Andreas Heusler-Strasse"},"geometry":{"type":"LineString","coordinates":[[7.602397,47.546785],[7.60246,47.546841],[7.603816,47.548015],[7.603876,47.548067]]}},{"type":"Feature","properties":{"k":"neben","name":"Emanuel Büchel-Strasse"},"geometry":{"type":"LineString","coordinates":[[7.614349,47.550743],[7.613186,47.549456],[7.612872,47.548844],[7.612765,47.547903],[7.612506,47.547312]]}},{"type":"Feature","properties":{"k":"neben","name":"Emanuel-Büchel-Strasse"},"geometry":{"type":"LineString","coordinates":[[7.613742,47.550121],[7.613234,47.550347],[7.61311,47.550376],[7.612986,47.550381]]}},{"type":"Feature","properties":{"k":"neben","name":"Gellertstrasse"},"geometry":{"type":"LineString","coordinates":[[7.615343,47.550325],[7.614163,47.550799],[7.610978,47.551488]]}},{"type":"Feature","properties":{"k":"neben","name":"Gellertstrasse"},"geometry":{"type":"LineString","coordinates":[[7.615977,47.549957],[7.615969,47.549961],[7.615361,47.550314]]}},{"type":"Feature","properties":{"k":"neben","name":"Hardrain"},"geometry":{"type":"LineString","coordinates":[[7.618731,47.546065],[7.618038,47.54601],[7.617273,47.545443],[7.617183,47.54509],[7.616606,47.545088]]}},{"type":"Feature","properties":{"k":"neben","name":"Hirzbodenpark"},"geometry":{"type":"LineString","coordinates":[[7.609047,47.551932],[7.609425,47.552472],[7.609219,47.552925],[7.609298,47.553197],[7.609478,47.553317]]}},{"type":"Feature","properties":{"k":"neben","name":"Homburgerstrasse"},"geometry":{"type":"LineString","coordinates":[[7.612799,47.555112],[7.61308,47.554071],[7.613129,47.553878]]}},{"type":"Feature","properties":{"k":"neben","name":"Karl Jaspers-Allee"},"geometry":{"type":"LineString","coordinates":[[7.613992,47.54689],[7.613673,47.547035],[7.611821,47.547472],[7.610139,47.547973]]}},{"type":"Feature","properties":{"k":"neben","name":"Lehenmattstrasse"},"geometry":{"type":"LineString","coordinates":[[7.612483,47.553841],[7.612557,47.553842],[7.613129,47.553878],[7.61374,47.553915]]}},{"type":"Feature","properties":{"k":"neben","name":"Prattelerstrasse"},"geometry":{"type":"LineString","coordinates":[[7.613992,47.54689],[7.614168,47.545816],[7.614081,47.545735],[7.612506,47.546068],[7.610947,47.546]]}},{"type":"Feature","properties":{"k":"neben","name":"Redingstrasse"},"geometry":{"type":"LineString","coordinates":[[7.621089,47.547389],[7.619324,47.547386]]}},{"type":"Feature","properties":{"k":"neben","name":"Salinenstrasse"},"geometry":{"type":"LineString","coordinates":[[7.609904,47.547311],[7.608803,47.5466],[7.608665,47.546251]]}},{"type":"Feature","properties":{"k":"neben","name":"Scherkesselweg"},"geometry":{"type":"LineString","coordinates":[[7.61423,47.546897],[7.615129,47.546503]]}},{"type":"Feature","properties":{"k":"neben","name":"Sissacherstrasse"},"geometry":{"type":"LineString","coordinates":[[7.608665,47.546251],[7.607327,47.546316],[7.607017,47.546392]]}},{"type":"Feature","properties":{"k":"neben","name":"Sissacherstrasse"},"geometry":{"type":"LineString","coordinates":[[7.608665,47.546251],[7.610345,47.546165],[7.610805,47.546205]]}},{"type":"Feature","properties":{"k":"neben","name":"Sonnenweg"},"geometry":{"type":"LineString","coordinates":[[7.607942,47.549507],[7.609822,47.549111]]}},{"type":"Feature","properties":{"k":"neben","name":"Speiserstrasse"},"geometry":{"type":"LineString","coordinates":[[7.611227,47.546044],[7.611821,47.547472]]}},{"type":"Feature","properties":{"k":"neben","name":"St. Alban-Ring"},"geometry":{"type":"LineString","coordinates":[[7.610978,47.551488],[7.609282,47.548065],[7.607017,47.546392]]}},{"type":"Feature","properties":{"k":"neben","name":"Karl Barth-Platz"},"geometry":{"type":"LineString","coordinates":[[7.609677,47.547593],[7.610139,47.547973]]}},{"type":"Feature","properties":{"k":"neben","name":"Güterstrasse"},"geometry":{"type":"LineString","coordinates":[[7.599114,47.541463],[7.602285,47.540529],[7.602643,47.540528]]}},{"type":"Feature","properties":{"k":"neben","name":"Redingbrücke"},"geometry":{"type":"LineString","coordinates":[[7.623242,47.547367],[7.623138,47.547369],[7.622444,47.547392]]}},{"type":"Feature","properties":{"k":"neben","name":"Redingbrücke"},"geometry":{"type":"LineString","coordinates":[[7.622444,47.547392],[7.622379,47.547394],[7.622324,47.547395]]}},{"type":"Feature","properties":{"k":"neben"},"geometry":{"type":"LineString","coordinates":[[7.619753,47.543745],[7.620438,47.543867]]}},{"type":"Feature","properties":{"k":"neben","name":"Duggingerhof"},"geometry":{"type":"LineString","coordinates":[[7.610739,47.536838],[7.611941,47.537338],[7.612048,47.537893],[7.611893,47.53792],[7.610241,47.5372]]}},{"type":"Feature","properties":{"k":"neben","name":"Jakobsbergerholzweg"},"geometry":{"type":"LineString","coordinates":[[7.603411,47.533657],[7.604878,47.534133]]}},{"type":"Feature","properties":{"k":"haupt","name":"Gellertstrasse"},"geometry":{"type":"LineString","coordinates":[[7.618899,47.543635],[7.618882,47.543512]]}},{"type":"Feature","properties":{"k":"haupt","name":"Dornacherstrasse"},"geometry":{"type":"LineString","coordinates":[[7.603414,47.538866],[7.603202,47.538926],[7.602999,47.538984],[7.601563,47.539407]]}},{"type":"Feature","properties":{"k":"haupt","name":"Reinacherstrasse"},"geometry":{"type":"LineString","coordinates":[[7.603414,47.538866],[7.602643,47.540528]]}},{"type":"Feature","properties":{"k":"neben","name":"Baldeggerstrasse"},"geometry":{"type":"LineString","coordinates":[[7.615333,47.555374],[7.615643,47.554933],[7.61595,47.554194]]}},{"type":"Feature","properties":{"k":"neben","name":"St. Alban-Kirchrain"},"geometry":{"type":"LineString","coordinates":[[7.601218,47.554252],[7.602563,47.553538]]}},{"type":"Feature","properties":{"k":"neben","name":"Walkeweg"},"geometry":{"type":"LineString","coordinates":[[7.609631,47.537503],[7.609697,47.537542]]}},{"type":"Feature","properties":{"k":"neben","name":"Wildensteinerstrasse"},"geometry":{"type":"LineString","coordinates":[[7.615056,47.555258],[7.615399,47.555138],[7.615714,47.554358],[7.614323,47.553968]]}},{"type":"Feature","properties":{"k":"neben"},"geometry":{"type":"LineString","coordinates":[[7.61751,47.541934],[7.617324,47.54184],[7.617228,47.541794]]}},{"type":"Feature","properties":{"k":"neben","name":"St. Jakobs-Strasse"},"geometry":{"type":"LineString","coordinates":[[7.61751,47.541934],[7.617998,47.542614]]}},{"type":"Feature","properties":{"k":"neben","name":"Weidengasse"},"geometry":{"type":"LineString","coordinates":[[7.609301,47.554119],[7.607061,47.55372],[7.60535,47.553701]]}},{"type":"Feature","properties":{"k":"neben","name":"Lehenmattstrasse"},"geometry":{"type":"LineString","coordinates":[[7.61374,47.553915],[7.614144,47.553939],[7.614323,47.553968]]}},{"type":"Feature","properties":{"k":"neben","name":"St. Alban-Berg"},"geometry":{"type":"LineString","coordinates":[[7.60296,47.553514],[7.603728,47.553615]]}},{"type":"Feature","properties":{"k":"neben","name":"St. Alban-Vorstadt"},"geometry":{"type":"LineString","coordinates":[[7.598418,47.554291],[7.597242,47.554504],[7.597014,47.554552]]}},{"type":"Feature","properties":{"k":"neben","name":"St. Alban-Vorstadt"},"geometry":{"type":"LineString","coordinates":[[7.602512,47.553436],[7.600123,47.55395]]}},{"type":"Feature","properties":{"k":"neben","name":"Hochstrasse"},"geometry":{"type":"LineString","coordinates":[[7.596872,47.543328],[7.597113,47.543248],[7.59719,47.543248],[7.597282,47.543246]]}},{"type":"Feature","properties":{"k":"neben","name":"St. Alban-Rheinweg"},"geometry":{"type":"LineString","coordinates":[[7.601555,47.554841],[7.602993,47.554898]]}},{"type":"Feature","properties":{"k":"neben","name":"Mühlenberg"},"geometry":{"type":"LineString","coordinates":[[7.597598,47.554647],[7.598245,47.554688],[7.599201,47.554698],[7.599431,47.554731]]}},{"type":"Feature","properties":{"k":"neben","name":"St. Alban-Tal"},"geometry":{"type":"LineString","coordinates":[[7.603147,47.554035],[7.603051,47.554012],[7.602829,47.554071],[7.602358,47.554197]]}},{"type":"Feature","properties":{"k":"neben","name":"St. Alban-Rheinweg"},"geometry":{"type":"LineString","coordinates":[[7.601473,47.554767],[7.601201,47.554736],[7.600858,47.554858]]}},{"type":"Feature","properties":{"k":"neben","name":"Dornacherstrasse"},"geometry":{"type":"LineString","coordinates":[[7.607419,47.537685],[7.604382,47.538578]]}},{"type":"Feature","properties":{"k":"neben","name":"Adlerstrasse"},"geometry":{"type":"LineString","coordinates":[[7.610841,47.54616],[7.610984,47.545907],[7.610987,47.545604]]}},{"type":"Feature","properties":{"k":"neben","name":"St. Jakobs-Strasse"},"geometry":{"type":"LineString","coordinates":[[7.60265,47.545589],[7.602708,47.545715],[7.60095,47.54664]]}},{"type":"Feature","properties":{"k":"neben","name":"St. Jakobs-Strasse"},"geometry":{"type":"LineString","coordinates":[[7.606244,47.544207],[7.60639,47.544186]]}},{"type":"Feature","properties":{"k":"haupt","name":"St. Jakobs-Strasse"},"geometry":{"type":"LineString","coordinates":[[7.603513,47.545081],[7.603505,47.545026],[7.603517,47.544949],[7.603568,47.544892]]}},{"type":"Feature","properties":{"k":"haupt","name":"Grosspeterstrasse"},"geometry":{"type":"LineString","coordinates":[[7.603419,47.545151],[7.602724,47.545224]]}},{"type":"Feature","properties":{"k":"neben","name":"St. Jakobs-Strasse"},"geometry":{"type":"LineString","coordinates":[[7.60639,47.544186],[7.606536,47.544205]]}},{"type":"Feature","properties":{"k":"neben","name":"Singerstrasse"},"geometry":{"type":"LineString","coordinates":[[7.605229,47.545395],[7.604436,47.545195],[7.603976,47.544852]]}},{"type":"Feature","properties":{"k":"haupt"},"geometry":{"type":"LineString","coordinates":[[7.615541,47.549047],[7.616247,47.550874]]}},{"type":"Feature","properties":{"k":"neben","name":"Hechtweg"},"geometry":{"type":"LineString","coordinates":[[7.618755,47.551876],[7.618284,47.551243]]}},{"type":"Feature","properties":{"k":"neben","name":"Gellertstrasse"},"geometry":{"type":"LineString","coordinates":[[7.609047,47.551932],[7.605613,47.552712]]}},{"type":"Feature","properties":{"k":"neben","name":"Lange Gasse"},"geometry":{"type":"LineString","coordinates":[[7.597328,47.549059],[7.599507,47.550764]]}},{"type":"Feature","properties":{"k":"neben"},"geometry":{"type":"LineString","coordinates":[[7.597242,47.548989],[7.597267,47.549009],[7.597292,47.54903],[7.597328,47.549059]]}},{"type":"Feature","properties":{"k":"haupt","name":"Reinacherstrasse"},"geometry":{"type":"LineString","coordinates":[[7.604598,47.535539],[7.604621,47.535686],[7.604614,47.535782]]}},{"type":"Feature","properties":{"k":"neben","name":"Froburgstrasse"},"geometry":{"type":"LineString","coordinates":[[7.612156,47.55497],[7.612133,47.555028],[7.611963,47.555384],[7.611532,47.556288]]}},{"type":"Feature","properties":{"k":"neben","name":"Schauenburgerstrasse"},"geometry":{"type":"LineString","coordinates":[[7.610328,47.554242],[7.60961,47.555864]]}},{"type":"Feature","properties":{"k":"haupt","name":"Leimgrubenweg"},"geometry":{"type":"LineString","coordinates":[[7.606934,47.536838],[7.607644,47.536903]]}},{"type":"Feature","properties":{"k":"neben","name":"Hamburg-Strasse"},"geometry":{"type":"LineString","coordinates":[[7.60652,47.536275],[7.606465,47.536553],[7.606431,47.536728],[7.606419,47.536792]]}},{"type":"Feature","properties":{"k":"neben","name":"St. Alban-Rheinweg"},"geometry":{"type":"LineString","coordinates":[[7.599922,47.554978],[7.59786,47.555106],[7.596072,47.555432]]}},{"type":"Feature","properties":{"k":"neben","name":"St. Alban-Rheinweg"},"geometry":{"type":"LineString","coordinates":[[7.601555,47.554841],[7.601473,47.554767],[7.601508,47.554581],[7.601789,47.554574],[7.601771,47.554454]]}},{"type":"Feature","properties":{"k":"neben","name":"Sternenbergerstrasse"},"geometry":{"type":"LineString","coordinates":[[7.597938,47.537844],[7.598395,47.538554]]}},{"type":"Feature","properties":{"k":"haupt","name":"Emil Frey-Strasse"},"geometry":{"type":"LineString","coordinates":[[7.610102,47.535572],[7.611165,47.533727]]}},{"type":"Feature","properties":{"k":"neben","name":"Christoph Merian-Platz"},"geometry":{"type":"LineString","coordinates":[[7.611746,47.549144],[7.611873,47.549134],[7.612037,47.549098],[7.612902,47.548908]]}},{"type":"Feature","properties":{"k":"neben","name":"Duggingerhof"},"geometry":{"type":"LineString","coordinates":[[7.610241,47.5372],[7.610471,47.537035],[7.610739,47.536838]]}},{"type":"Feature","properties":{"k":"neben","name":"Karl Barth-Platz"},"geometry":{"type":"LineString","coordinates":[[7.610139,47.547973],[7.609397,47.548228]]}},{"type":"Feature","properties":{"k":"neben","name":"Urs Graf-Strasse"},"geometry":{"type":"LineString","coordinates":[[7.610139,47.547973],[7.611746,47.549144]]}},{"type":"Feature","properties":{"k":"neben","name":"Kastanienweg"},"geometry":{"type":"LineString","coordinates":[[7.620804,47.550547],[7.620489,47.55045],[7.619967,47.550624],[7.619993,47.550702],[7.620089,47.550697],[7.6201,47.550579]]}},{"type":"Feature","properties":{"k":"neben","name":"Sevogelstrasse"},"geometry":{"type":"LineString","coordinates":[[7.604021,47.550585],[7.601941,47.549325],[7.601839,47.549266],[7.601718,47.549204]]}},{"type":"Feature","properties":{"k":"neben","name":"Sevogelstrasse"},"geometry":{"type":"LineString","coordinates":[[7.604227,47.550714],[7.604021,47.550585]]}},{"type":"Feature","properties":{"k":"haupt","name":"St. Jakobs-Strasse"},"geometry":{"type":"LineString","coordinates":[[7.617005,47.54197],[7.616414,47.542424]]}},{"type":"Feature","properties":{"k":"haupt","name":"Gellertstrasse"},"geometry":{"type":"LineString","coordinates":[[7.618655,47.542734],[7.618585,47.542635],[7.618538,47.542533],[7.618473,47.542353]]}},{"type":"Feature","properties":{"k":"neben","name":"St. Jakobs-Strasse"},"geometry":{"type":"LineString","coordinates":[[7.608285,47.544012],[7.608249,47.543997],[7.60821,47.543974],[7.608178,47.543949]]}},{"type":"Feature","properties":{"k":"haupt","name":"St. Jakobs-Strasse"},"geometry":{"type":"LineString","coordinates":[[7.604375,47.544711],[7.604683,47.544644]]}},{"type":"Feature","properties":{"k":"haupt","name":"Brüglingerstrasse"},"geometry":{"type":"LineString","coordinates":[[7.617831,47.540667],[7.618268,47.541103]]}},{"type":"Feature","properties":{"k":"haupt","name":"St. Jakobs-Strasse"},"geometry":{"type":"LineString","coordinates":[[7.617228,47.541794],[7.617372,47.541675]]}},{"type":"Feature","properties":{"k":"haupt","name":"Gellertstrasse"},"geometry":{"type":"LineString","coordinates":[[7.618381,47.541949],[7.618355,47.541853],[7.618326,47.541757],[7.618268,47.541603]]}},{"type":"Feature","properties":{"k":"haupt","name":"Gellertstrasse"},"geometry":{"type":"LineString","coordinates":[[7.618194,47.541468],[7.618048,47.54121]]}},{"type":"Feature","properties":{"k":"haupt","name":"Grosspeterstrasse"},"geometry":{"type":"LineString","coordinates":[[7.602054,47.545209],[7.602211,47.545182],[7.602583,47.545162],[7.60274,47.545154]]}},{"type":"Feature","properties":{"k":"haupt","name":"St. Jakobs-Strasse"},"geometry":{"type":"LineString","coordinates":[[7.603911,47.544772],[7.604375,47.544711]]}},{"type":"Feature","properties":{"k":"haupt","name":"St. Jakobs-Strasse"},"geometry":{"type":"LineString","coordinates":[[7.610155,47.543754],[7.610326,47.54375],[7.610385,47.543752]]}},{"type":"Feature","properties":{"k":"haupt","name":"St. Jakobs-Strasse"},"geometry":{"type":"LineString","coordinates":[[7.604375,47.544711],[7.604134,47.54479]]}},{"type":"Feature","properties":{"k":"haupt","name":"St. Jakobs-Strasse"},"geometry":{"type":"LineString","coordinates":[[7.603419,47.545151],[7.603385,47.54518],[7.603366,47.545192],[7.603312,47.545224]]}},{"type":"Feature","properties":{"k":"neben","name":"Lyon-Strasse"},"geometry":{"type":"LineString","coordinates":[[7.609005,47.536659],[7.608938,47.536633],[7.608879,47.536605],[7.608631,47.536479]]}},{"type":"Feature","properties":{"k":"haupt"},"geometry":{"type":"LineString","coordinates":[[7.615612,47.550612],[7.615031,47.549248],[7.614812,47.54875],[7.614606,47.548279]]}},{"type":"Feature","properties":{"k":"haupt"},"geometry":{"type":"LineString","coordinates":[[7.621376,47.542808],[7.617847,47.544082]]}},{"type":"Feature","properties":{"k":"haupt","name":"Gellertstrasse"},"geometry":{"type":"LineString","coordinates":[[7.618268,47.541603],[7.618231,47.541535],[7.618194,47.541468]]}},{"type":"Feature","properties":{"k":"haupt","name":"Münchensteinerstrasse"},"geometry":{"type":"LineString","coordinates":[[7.599079,47.544532],[7.599084,47.544504],[7.59909,47.544451]]}},{"type":"Feature","properties":{"k":"haupt","name":"Aeschenplatz"},"geometry":{"type":"LineString","coordinates":[[7.596375,47.551516],[7.596832,47.551611]]}},{"type":"Feature","properties":{"k":"haupt","name":"Brüglingerstrasse"},"geometry":{"type":"LineString","coordinates":[[7.61781,47.540784],[7.618284,47.541327]]}},{"type":"Feature","properties":{"k":"haupt","name":"Brüglingerstrasse"},"geometry":{"type":"LineString","coordinates":[[7.615212,47.539784],[7.61483,47.539689]]}},{"type":"Feature","properties":{"k":"haupt","name":"Brüglingerstrasse"},"geometry":{"type":"LineString","coordinates":[[7.615212,47.539784],[7.615674,47.539854],[7.615781,47.539883]]}},{"type":"Feature","properties":{"k":"haupt","name":"Brüglingerstrasse"},"geometry":{"type":"LineString","coordinates":[[7.610907,47.536635],[7.610732,47.53664],[7.610498,47.53665],[7.610284,47.536661]]}},{"type":"Feature","properties":{"k":"haupt","name":"Brüglingerstrasse"},"geometry":{"type":"LineString","coordinates":[[7.610284,47.536661],[7.609454,47.536726]]}},{"type":"Feature","properties":{"k":"haupt","name":"Münchensteinerstrasse"},"geometry":{"type":"LineString","coordinates":[[7.610102,47.535572],[7.610032,47.535653],[7.609959,47.535735],[7.60975,47.53596]]}},{"type":"Feature","properties":{"k":"neben","name":"Walkeweg"},"geometry":{"type":"LineString","coordinates":[[7.608859,47.537181],[7.609032,47.537251],[7.609281,47.537351],[7.609399,47.537397]]}},{"type":"Feature","properties":{"k":"haupt","name":"Münchensteinerstrasse"},"geometry":{"type":"LineString","coordinates":[[7.609005,47.536659],[7.608853,47.536778],[7.608599,47.536979],[7.608521,47.537037]]}},{"type":"Feature","properties":{"k":"haupt","name":"Münchensteinerstrasse"},"geometry":{"type":"LineString","coordinates":[[7.608521,47.537037],[7.607835,47.537607]]}},{"type":"Feature","properties":{"k":"haupt","name":"Münchensteinerstrasse"},"geometry":{"type":"LineString","coordinates":[[7.607835,47.537607],[7.607298,47.538099]]}},{"type":"Feature","properties":{"k":"haupt","name":"Leimgrubenweg"},"geometry":{"type":"LineString","coordinates":[[7.607644,47.536903],[7.608521,47.537037]]}},{"type":"Feature","properties":{"k":"neben","name":"Dornacherstrasse"},"geometry":{"type":"LineString","coordinates":[[7.607835,47.537607],[7.607419,47.537685]]}},{"type":"Feature","properties":{"k":"haupt","name":"Münchensteinerstrasse"},"geometry":{"type":"LineString","coordinates":[[7.606602,47.538722],[7.606818,47.538534],[7.607298,47.538099]]}},{"type":"Feature","properties":{"k":"neben","name":"Hochstrasse"},"geometry":{"type":"LineString","coordinates":[[7.598602,47.543481],[7.598815,47.543355]]}},{"type":"Feature","properties":{"k":"neben","name":"Thiersteinerallee"},"geometry":{"type":"LineString","coordinates":[[7.59889,47.543559],[7.598815,47.543355]]}},{"type":"Feature","properties":{"k":"neben","name":"Thiersteinerallee"},"geometry":{"type":"LineString","coordinates":[[7.598815,47.543355],[7.598799,47.543301],[7.598741,47.543083],[7.59873,47.543031]]}},{"type":"Feature","properties":{"k":"haupt","name":"Münchensteinerstrasse"},"geometry":{"type":"LineString","coordinates":[[7.599544,47.543163],[7.599393,47.543283]]}},{"type":"Feature","properties":{"k":"haupt","name":"Münchensteinerstrasse"},"geometry":{"type":"LineString","coordinates":[[7.599544,47.543163],[7.602225,47.541814]]}},{"type":"Feature","properties":{"k":"haupt","name":"Münchensteinerstrasse"},"geometry":{"type":"LineString","coordinates":[[7.599393,47.543283],[7.59917,47.543496]]}},{"type":"Feature","properties":{"k":"haupt","name":"Münchensteinerstrasse"},"geometry":{"type":"LineString","coordinates":[[7.599206,47.543311],[7.599544,47.543163]]}},{"type":"Feature","properties":{"k":"neben","name":"Thiersteinerallee"},"geometry":{"type":"LineString","coordinates":[[7.598982,47.543314],[7.599,47.543342],[7.599038,47.543406]]}},{"type":"Feature","properties":{"k":"neben","name":"Sonnenbergweglein"},"geometry":{"type":"LineString","coordinates":[[7.595879,47.535579],[7.595669,47.53566],[7.5953,47.535789],[7.595231,47.535812]]}},{"type":"Feature","properties":{"k":"haupt","name":"St. Jakobs-Strasse"},"geometry":{"type":"LineString","coordinates":[[7.597328,47.549059],[7.595483,47.551049]]}},{"type":"Feature","properties":{"k":"neben","name":"Walkeweg"},"geometry":{"type":"LineString","coordinates":[[7.608521,47.537037],[7.608656,47.537097],[7.608686,47.537111],[7.608779,47.53715]]}},{"type":"Feature","properties":{"k":"haupt","name":"Grosspeterstrasse"},"geometry":{"type":"LineString","coordinates":[[7.602054,47.545209],[7.599314,47.545241]]}},{"type":"Feature","properties":{"k":"neben","name":"Jacob Burckhardt-Strasse"},"geometry":{"type":"LineString","coordinates":[[7.599314,47.545241],[7.600775,47.546581]]}},{"type":"Feature","properties":{"k":"haupt","name":"Grosspeterstrasse"},"geometry":{"type":"LineString","coordinates":[[7.599314,47.545241],[7.59916,47.545246],[7.599065,47.545251],[7.598955,47.54526]]}},{"type":"Feature","properties":{"k":"haupt","name":"Grosspeterstrasse"},"geometry":{"type":"LineString","coordinates":[[7.598955,47.54526],[7.598881,47.54527],[7.598841,47.545276],[7.598767,47.545289]]}},{"type":"Feature","properties":{"k":"haupt","name":"Münchensteinerstrasse"},"geometry":{"type":"LineString","coordinates":[[7.598453,47.546357],[7.598261,47.54678],[7.598052,47.546933]]}},{"type":"Feature","properties":{"k":"haupt","name":"Münchensteinerstrasse"},"geometry":{"type":"LineString","coordinates":[[7.598767,47.545289],[7.599079,47.544532]]}},{"type":"Feature","properties":{"k":"haupt","name":"Nauenstrasse"},"geometry":{"type":"LineString","coordinates":[[7.59769,47.545593],[7.596624,47.545946],[7.596419,47.546016],[7.596378,47.546031]]}},{"type":"Feature","properties":{"k":"haupt","name":"St. Jakobs-Strasse"},"geometry":{"type":"LineString","coordinates":[[7.600775,47.546581],[7.60068,47.54663],[7.600221,47.546873],[7.599938,47.547029]]}},{"type":"Feature","properties":{"k":"haupt","name":"St. Jakobs-Strasse"},"geometry":{"type":"LineString","coordinates":[[7.602495,47.54565],[7.600775,47.546581]]}},{"type":"Feature","properties":{"k":"haupt","name":"St. Jakobs-Strasse"},"geometry":{"type":"LineString","coordinates":[[7.599118,47.547487],[7.598561,47.547913]]}},{"type":"Feature","properties":{"k":"haupt","name":"Münchensteinerstrasse"},"geometry":{"type":"LineString","coordinates":[[7.598052,47.546933],[7.598767,47.545289]]}},{"type":"Feature","properties":{"k":"haupt","name":"Lindenhofstrasse"},"geometry":{"type":"LineString","coordinates":[[7.598052,47.546933],[7.597731,47.546952]]}},{"type":"Feature","properties":{"k":"haupt","name":"Aeschenplatz"},"geometry":{"type":"LineString","coordinates":[[7.595214,47.551197],[7.595465,47.551318]]}},{"type":"Feature","properties":{"k":"haupt","name":"Aeschenplatz"},"geometry":{"type":"LineString","coordinates":[[7.5954,47.551671],[7.595298,47.551651]]}},{"type":"Feature","properties":{"k":"haupt","name":"Aeschenplatz"},"geometry":{"type":"LineString","coordinates":[[7.595408,47.551619],[7.595214,47.551197]]}},{"type":"Feature","properties":{"k":"neben","name":"Brunngässlein"},"geometry":{"type":"LineString","coordinates":[[7.596214,47.551989],[7.595034,47.553046]]}},{"type":"Feature","properties":{"k":"neben","name":"Thiersteinerallee"},"geometry":{"type":"LineString","coordinates":[[7.597224,47.540676],[7.597179,47.540609],[7.597156,47.540573],[7.596749,47.539935]]}},{"type":"Feature","properties":{"k":"haupt","name":"St. Jakobs-Strasse"},"geometry":{"type":"LineString","coordinates":[[7.603976,47.544852],[7.603809,47.544931]]}},{"type":"Feature","properties":{"k":"haupt"},"geometry":{"type":"LineString","coordinates":[[7.617327,47.544107],[7.621117,47.54277],[7.623057,47.54225]]}},{"type":"Feature","properties":{"k":"haupt","name":"Brüglingerstrasse"},"geometry":{"type":"LineString","coordinates":[[7.61483,47.539689],[7.613822,47.539381],[7.61318,47.538938],[7.612858,47.538375],[7.612702,47.537241],[7.612357,47.536844]]}},{"type":"Feature","properties":{"k":"haupt","name":"Brüglingerstrasse"},"geometry":{"type":"LineString","coordinates":[[7.616689,47.540191],[7.617338,47.540466],[7.61781,47.540784]]}},{"type":"Feature","properties":{"k":"haupt","name":"Gellertstrasse"},"geometry":{"type":"LineString","coordinates":[[7.618655,47.542734],[7.618777,47.543115],[7.618849,47.543368],[7.618882,47.543512]]}},{"type":"Feature","properties":{"k":"haupt","name":"Gellertstrasse"},"geometry":{"type":"LineString","coordinates":[[7.618268,47.541103],[7.618349,47.541241],[7.618367,47.541271],[7.618488,47.541499]]}},{"type":"Feature","properties":{"k":"haupt","name":"St. Jakobs-Strasse"},"geometry":{"type":"LineString","coordinates":[[7.618048,47.54121],[7.618268,47.541103]]}},{"type":"Feature","properties":{"k":"haupt","name":"St. Jakobs-Strasse"},"geometry":{"type":"LineString","coordinates":[[7.617732,47.541399],[7.617932,47.541271],[7.617962,47.541254],[7.618048,47.54121]]}},{"type":"Feature","properties":{"k":"haupt","name":"Brüglingerstrasse"},"geometry":{"type":"LineString","coordinates":[[7.618048,47.54121],[7.617422,47.540602],[7.616704,47.540275]]}},{"type":"Feature","properties":{"k":"haupt","name":"St. Jakobs-Strasse"},"geometry":{"type":"LineString","coordinates":[[7.621362,47.54027],[7.621384,47.540265],[7.621396,47.540262],[7.621644,47.540211]]}},{"type":"Feature","properties":{"k":"haupt","name":"St. Jakobs-Strasse"},"geometry":{"type":"LineString","coordinates":[[7.618268,47.541103],[7.618678,47.540923]]}},{"type":"Feature","properties":{"k":"haupt","name":"St. Jakobs-Strasse"},"geometry":{"type":"LineString","coordinates":[[7.617409,47.541644],[7.617732,47.541399]]}},{"type":"Feature","properties":{"k":"haupt","name":"St. Jakobs-Strasse"},"geometry":{"type":"LineString","coordinates":[[7.617372,47.541675],[7.617409,47.541644]]}},{"type":"Feature","properties":{"k":"neben","name":"St. Jakobs-Strasse"},"geometry":{"type":"LineString","coordinates":[[7.610155,47.543754],[7.610404,47.543837]]}},{"type":"Feature","properties":{"k":"neben","name":"Hardstrasse"},"geometry":{"type":"LineString","coordinates":[[7.600985,47.55251],[7.600974,47.552466],[7.600966,47.552436],[7.600958,47.552403]]}},{"type":"Feature","properties":{"k":"haupt","name":"St. Alban-Anlage"},"geometry":{"type":"LineString","coordinates":[[7.600958,47.552403],[7.602869,47.552745],[7.605099,47.552614]]}},{"type":"Feature","properties":{"k":"neben","name":"St. Jakobs-Strasse"},"geometry":{"type":"LineString","coordinates":[[7.608178,47.543949],[7.609618,47.543711],[7.610385,47.543752]]}},{"type":"Feature","properties":{"k":"neben","name":"St. Jakobs-Strasse"},"geometry":{"type":"LineString","coordinates":[[7.606536,47.544205],[7.608178,47.543949]]}},{"type":"Feature","properties":{"k":"neben","name":"Singerstrasse"},"geometry":{"type":"LineString","coordinates":[[7.606536,47.544205],[7.606973,47.545226]]}},{"type":"Feature","properties":{"k":"haupt","name":"Aeschenplatz"},"geometry":{"type":"LineString","coordinates":[[7.595615,47.551374],[7.596152,47.551475],[7.596375,47.551516]]}},{"type":"Feature","properties":{"k":"haupt","name":"Dufourstrasse"},"geometry":{"type":"LineString","coordinates":[[7.595197,47.552323],[7.595288,47.551936]]}},{"type":"Feature","properties":{"k":"haupt","name":"Zürcherstrasse"},"geometry":{"type":"LineString","coordinates":[[7.605838,47.552839],[7.608577,47.553602],[7.609248,47.553854]]}},{"type":"Feature","properties":{"k":"haupt","name":"Zürcherstrasse"},"geometry":{"type":"LineString","coordinates":[[7.605312,47.552625],[7.605396,47.552638],[7.605475,47.552659],[7.605613,47.552712]]}},{"type":"Feature","properties":{"k":"haupt","name":"Zürcherstrasse"},"geometry":{"type":"LineString","coordinates":[[7.605472,47.552759],[7.605154,47.552705]]}},{"type":"Feature","properties":{"k":"haupt","name":"Zürcherstrasse"},"geometry":{"type":"LineString","coordinates":[[7.605838,47.552839],[7.605634,47.552794],[7.605472,47.552759]]}},{"type":"Feature","properties":{"k":"neben","name":"Waldenburgerstrasse"},"geometry":{"type":"LineString","coordinates":[[7.609404,47.554138],[7.609427,47.554101],[7.609481,47.554036]]}},{"type":"Feature","properties":{"k":"haupt","name":"Brüglingerstrasse"},"geometry":{"type":"LineString","coordinates":[[7.609454,47.536726],[7.609005,47.536659]]}},{"type":"Feature","properties":{"k":"haupt","name":"Münchensteinerstrasse"},"geometry":{"type":"LineString","coordinates":[[7.60975,47.53596],[7.609637,47.536076],[7.609227,47.53645],[7.609194,47.536481]]}},{"type":"Feature","properties":{"k":"haupt","name":"St. Jakobs-Strasse"},"geometry":{"type":"LineString","coordinates":[[7.610916,47.54382],[7.610404,47.543837]]}},{"type":"Feature","properties":{"k":"neben","name":"St. Alban-Ring"},"geometry":{"type":"LineString","coordinates":[[7.605128,47.545798],[7.603312,47.545224]]}},{"type":"Feature","properties":{"k":"neben","name":"St. Jakobs-Strasse"},"geometry":{"type":"LineString","coordinates":[[7.599325,47.547512],[7.599118,47.547487]]}},{"type":"Feature","properties":{"k":"neben","name":"Jacob Burckhardt-Strasse"},"geometry":{"type":"LineString","coordinates":[[7.600857,47.546696],[7.601059,47.548311],[7.601232,47.548707]]}},{"type":"Feature","properties":{"k":"neben","name":"Adlerstrasse"},"geometry":{"type":"LineString","coordinates":[[7.609412,47.54792],[7.609647,47.54763]]}},{"type":"Feature","properties":{"k":"neben","name":"Adlerstrasse"},"geometry":{"type":"LineString","coordinates":[[7.609282,47.548065],[7.609365,47.547977],[7.609412,47.54792]]}},{"type":"Feature","properties":{"k":"haupt","name":"St. Jakobs-Strasse"},"geometry":{"type":"LineString","coordinates":[[7.595214,47.551197],[7.597627,47.548515]]}},{"type":"Feature","properties":{"k":"haupt","name":"Aeschenplatz"},"geometry":{"type":"LineString","coordinates":[[7.596545,47.551631],[7.596405,47.551838]]}},{"type":"Feature","properties":{"k":"haupt"},"geometry":{"type":"LineString","coordinates":[[7.603231,47.545028],[7.603568,47.544892]]}},{"type":"Feature","properties":{"k":"haupt","name":"Münchensteinerstrasse"},"geometry":{"type":"LineString","coordinates":[[7.59917,47.543496],[7.599153,47.543541],[7.599145,47.543586],[7.599143,47.543631]]}},{"type":"Feature","properties":{"k":"haupt"},"geometry":{"type":"LineString","coordinates":[[7.623061,47.542367],[7.621376,47.542808]]}},{"type":"Feature","properties":{"k":"neben","name":"Lehenmattstrasse"},"geometry":{"type":"LineString","coordinates":[[7.618993,47.543597],[7.619143,47.543602],[7.619884,47.543334],[7.620066,47.543344],[7.62026,47.543477]]}},{"type":"Feature","properties":{"k":"neben","name":"Lehenmattstrasse"},"geometry":{"type":"LineString","coordinates":[[7.615972,47.552337],[7.61619,47.552326]]}},{"type":"Feature","properties":{"k":"haupt"},"geometry":{"type":"LineString","coordinates":[[7.616247,47.550874],[7.616605,47.552253]]}},{"type":"Feature","properties":{"k":"haupt","name":"St. Jakobs-Strasse"},"geometry":{"type":"LineString","coordinates":[[7.610385,47.543752],[7.610654,47.54376]]}},{"type":"Feature","properties":{"k":"haupt","name":"St. Jakobs-Strasse"},"geometry":{"type":"LineString","coordinates":[[7.609139,47.543832],[7.609523,47.543775],[7.609803,47.543757],[7.610155,47.543754]]}},{"type":"Feature","properties":{"k":"haupt","name":"St. Jakobs-Strasse"},"geometry":{"type":"LineString","coordinates":[[7.610404,47.543837],[7.610318,47.543835],[7.61014,47.543827]]}},{"type":"Feature","properties":{"k":"neben","name":"St. Jakobs-Strasse"},"geometry":{"type":"LineString","coordinates":[[7.610404,47.543837],[7.610568,47.543758]]}},{"type":"Feature","properties":{"k":"haupt","name":"St. Jakobs-Strasse"},"geometry":{"type":"LineString","coordinates":[[7.611304,47.543749],[7.611203,47.54378],[7.611118,47.543795],[7.610916,47.54382]]}},{"type":"Feature","properties":{"k":"haupt","name":"St. Jakobs-Strasse"},"geometry":{"type":"LineString","coordinates":[[7.611514,47.543714],[7.611304,47.543749]]}},{"type":"Feature","properties":{"k":"haupt","name":"St. Jakobs-Strasse"},"geometry":{"type":"LineString","coordinates":[[7.61014,47.543827],[7.610001,47.543803],[7.609576,47.543806],[7.609139,47.543832]]}},{"type":"Feature","properties":{"k":"haupt","name":"St. Jakobs-Strasse"},"geometry":{"type":"LineString","coordinates":[[7.610654,47.54376],[7.611304,47.543749]]}},{"type":"Feature","properties":{"k":"neben","name":"Lehenmattstrasse"},"geometry":{"type":"LineString","coordinates":[[7.61619,47.552326],[7.61674,47.552283]]}},{"type":"Feature","properties":{"k":"haupt"},"geometry":{"type":"LineString","coordinates":[[7.616599,47.553092],[7.616233,47.554179]]}},{"type":"Feature","properties":{"k":"haupt","name":"Gundeldingerstrasse"},"geometry":{"type":"LineString","coordinates":[[7.600477,47.537939],[7.603272,47.537119]]}},{"type":"Feature","properties":{"k":"haupt","name":"Gundeldingerstrasse"},"geometry":{"type":"LineString","coordinates":[[7.59891,47.538404],[7.600477,47.537939]]}},{"type":"Feature","properties":{"k":"haupt","name":"Lindenhofstrasse"},"geometry":{"type":"LineString","coordinates":[[7.598076,47.547201],[7.597731,47.546952]]}},{"type":"Feature","properties":{"k":"haupt","name":"Brüglingerstrasse"},"geometry":{"type":"LineString","coordinates":[[7.611046,47.536635],[7.611002,47.536635],[7.610907,47.536635]]}},{"type":"Feature","properties":{"k":"neben","name":"St. Alban-Vorstadt"},"geometry":{"type":"LineString","coordinates":[[7.602952,47.553012],[7.602975,47.553068]]}},{"type":"Feature","properties":{"k":"neben","name":"St. Alban-Vorstadt"},"geometry":{"type":"LineString","coordinates":[[7.603032,47.553312],[7.602705,47.553392],[7.602512,47.553436]]}},{"type":"Feature","properties":{"k":"neben","name":"St. Alban-Berg"},"geometry":{"type":"LineString","coordinates":[[7.602563,47.553538],[7.602785,47.553515],[7.60296,47.553514]]}},{"type":"Feature","properties":{"k":"neben","name":"St. Alban-Rheinweg"},"geometry":{"type":"LineString","coordinates":[[7.602971,47.555068],[7.602652,47.555054],[7.601546,47.554987]]}},{"type":"Feature","properties":{"k":"neben","name":"St. Alban-Tal"},"geometry":{"type":"LineString","coordinates":[[7.601677,47.554374],[7.601771,47.554454]]}},{"type":"Feature","properties":{"k":"neben","name":"Mühlenberg"},"geometry":{"type":"LineString","coordinates":[[7.599431,47.554731],[7.599627,47.554781],[7.599871,47.554855],[7.600161,47.554934]]}},{"type":"Feature","properties":{"k":"neben","name":"Stadionstrasse"},"geometry":{"type":"LineString","coordinates":[[7.621976,47.544863],[7.62215,47.544969]]}},{"type":"Feature","properties":{"k":"neben","name":"Stadionstrasse"},"geometry":{"type":"LineString","coordinates":[[7.621976,47.544863],[7.622114,47.544731]]}},{"type":"Feature","properties":{"k":"haupt","name":"Münchensteinerstrasse"},"geometry":{"type":"LineString","coordinates":[[7.599085,47.545007],[7.599016,47.545125],[7.598998,47.545164],[7.598955,47.54526]]}},{"type":"Feature","properties":{"k":"neben","name":"Grosspeteranlage"},"geometry":{"type":"LineString","coordinates":[[7.60274,47.545154],[7.602692,47.544961],[7.602475,47.544852]]}},{"type":"Feature","properties":{"k":"neben","name":"Grosspeteranlage"},"geometry":{"type":"LineString","coordinates":[[7.600124,47.544541],[7.599202,47.544727]]}},{"type":"Feature","properties":{"k":"neben","name":"St. Jakobs-Strasse"},"geometry":{"type":"LineString","coordinates":[[7.602728,47.545278],[7.602724,47.545224]]}},{"type":"Feature","properties":{"k":"haupt","name":"Grosspeterstrasse"},"geometry":{"type":"LineString","coordinates":[[7.602789,47.545152],[7.60289,47.545141]]}},{"type":"Feature","properties":{"k":"neben","name":"Karpfenweg"},"geometry":{"type":"LineString","coordinates":[[7.618959,47.551008],[7.619423,47.551623]]}},{"type":"Feature","properties":{"k":"neben","name":"Emil Angst-Strasse"},"geometry":{"type":"LineString","coordinates":[[7.603266,47.531309],[7.603305,47.531106],[7.603189,47.530966],[7.602119,47.5304],[7.601521,47.529951]]}},{"type":"Feature","properties":{"k":"neben","name":"Im Sesselacker"},"geometry":{"type":"LineString","coordinates":[[7.59789,47.536597],[7.59752,47.536528],[7.597387,47.536532],[7.597308,47.536564]]}},{"type":"Feature","properties":{"k":"neben","name":"Thiersteinerrain"},"geometry":{"type":"LineString","coordinates":[[7.597308,47.536564],[7.597636,47.53748],[7.597005,47.537754],[7.596561,47.538194],[7.595795,47.53841],[7.595681,47.538672]]}},{"type":"Feature","properties":{"k":"haupt","name":"Lindenhofstrasse"},"geometry":{"type":"LineString","coordinates":[[7.597731,47.546952],[7.597631,47.546897]]}},{"type":"Feature","properties":{"k":"haupt","name":"Grosspeterstrasse"},"geometry":{"type":"LineString","coordinates":[[7.602651,47.545225],[7.602587,47.545227],[7.602213,47.545234],[7.602054,47.545209]]}},{"type":"Feature","properties":{"k":"neben"},"geometry":{"type":"LineString","coordinates":[[7.602724,47.545224],[7.60274,47.545154]]}},{"type":"Feature","properties":{"k":"neben","name":"Muttenzerweg"},"geometry":{"type":"LineString","coordinates":[[7.622005,47.54272],[7.620444,47.543167],[7.62026,47.543477]]}},{"type":"Feature","properties":{"k":"neben","name":"Lyon-Strasse"},"geometry":{"type":"LineString","coordinates":[[7.607252,47.534907],[7.607199,47.53484],[7.607158,47.534787],[7.605753,47.532994]]}},{"type":"Feature","properties":{"k":"neben","name":"Frankfurt-Strasse"},"geometry":{"type":"LineString","coordinates":[[7.607252,47.534907],[7.606934,47.536838]]}},{"type":"Feature","properties":{"k":"neben","name":"St. Alban-Ring"},"geometry":{"type":"LineString","coordinates":[[7.60976,47.54898],[7.609834,47.548964],[7.610586,47.548803]]}},{"type":"Feature","properties":{"k":"neben","name":"St. Alban-Tal"},"geometry":{"type":"LineString","coordinates":[[7.603045,47.554755],[7.603233,47.554749]]}},{"type":"Feature","properties":{"k":"neben","name":"St. Alban-Tal"},"geometry":{"type":"LineString","coordinates":[[7.603233,47.554749],[7.603332,47.554754]]}},{"type":"Feature","properties":{"k":"neben","name":"St. Alban-Tal"},"geometry":{"type":"LineString","coordinates":[[7.603332,47.554754],[7.60367,47.554781],[7.603783,47.554791]]}},{"type":"Feature","properties":{"k":"neben","name":"St. Jakobs-Strasse"},"geometry":{"type":"LineString","coordinates":[[7.602728,47.545278],[7.602651,47.545225]]}},{"type":"Feature","properties":{"k":"haupt","name":"Reinacherstrasse"},"geometry":{"type":"LineString","coordinates":[[7.604969,47.533591],[7.60479,47.534506]]}},{"type":"Feature","properties":{"k":"haupt","name":"Brüglingerstrasse"},"geometry":{"type":"LineString","coordinates":[[7.611706,47.536653],[7.611504,47.536646],[7.611193,47.536636],[7.611046,47.536635]]}},{"type":"Feature","properties":{"k":"neben","name":"Lehenmattstrasse"},"geometry":{"type":"LineString","coordinates":[[7.621089,47.547389],[7.620966,47.545384]]}},{"type":"Feature","properties":{"k":"neben","name":"Redingstrasse"},"geometry":{"type":"LineString","coordinates":[[7.622324,47.547395],[7.621089,47.547389]]}},{"type":"Feature","properties":{"k":"haupt","name":"Brüglingerstrasse"},"geometry":{"type":"LineString","coordinates":[[7.612068,47.536719],[7.611706,47.536653]]}},{"type":"Feature","properties":{"k":"haupt","name":"Brüglingerstrasse"},"geometry":{"type":"LineString","coordinates":[[7.612357,47.536844],[7.612263,47.536794],[7.612185,47.53676],[7.612068,47.536719]]}},{"type":"Feature","properties":{"k":"neben","name":"Birsstrasse"},"geometry":{"type":"LineString","coordinates":[[7.622114,47.544731],[7.62215,47.544969]]}},{"type":"Feature","properties":{"k":"haupt","name":"Aeschenplatz"},"geometry":{"type":"LineString","coordinates":[[7.596832,47.551611],[7.59707,47.551663]]}},{"type":"Feature","properties":{"k":"haupt","name":"St. Jakobs-Strasse"},"geometry":{"type":"LineString","coordinates":[[7.595483,47.551049],[7.595465,47.551318]]}},{"type":"Feature","properties":{"k":"haupt","name":"Aeschenplatz"},"geometry":{"type":"LineString","coordinates":[[7.595465,47.551318],[7.595516,47.551342],[7.595556,47.551358],[7.595615,47.551374]]}},{"type":"Feature","properties":{"k":"neben","name":"Engelgasse"},"geometry":{"type":"LineString","coordinates":[[7.598084,47.552126],[7.598187,47.55188]]}},{"type":"Feature","properties":{"k":"neben","name":"Sevogelstrasse"},"geometry":{"type":"LineString","coordinates":[[7.601718,47.549204],[7.601621,47.549157],[7.601389,47.549045]]}},{"type":"Feature","properties":{"k":"neben","name":"Engelgasse"},"geometry":{"type":"LineString","coordinates":[[7.601718,47.549204],[7.607017,47.546392]]}},{"type":"Feature","properties":{"k":"neben","name":"Birsstrasse"},"geometry":{"type":"LineString","coordinates":[[7.62215,47.544969],[7.622324,47.547395]]}},{"type":"Feature","properties":{"k":"neben","name":"Lehenmattstrasse"},"geometry":{"type":"LineString","coordinates":[[7.61674,47.552283],[7.616846,47.552278],[7.617142,47.552262],[7.617202,47.552259]]}},{"type":"Feature","properties":{"k":"haupt","name":"St. Jakobs-Strasse"},"geometry":{"type":"LineString","coordinates":[[7.619922,47.540563],[7.619989,47.540549],[7.62071,47.540406],[7.62112,47.540321]]}},{"type":"Feature","properties":{"k":"neben","name":"Birsstrasse"},"geometry":{"type":"LineString","coordinates":[[7.616474,47.555],[7.616454,47.555142],[7.616448,47.555185],[7.61644,47.555261]]}},{"type":"Feature","properties":{"k":"haupt","name":"Zürcherstrasse"},"geometry":{"type":"LineString","coordinates":[[7.605613,47.552712],[7.605791,47.552809],[7.605838,47.552839]]}},{"type":"Feature","properties":{"k":"haupt","name":"Zürcherstrasse"},"geometry":{"type":"LineString","coordinates":[[7.609248,47.553854],[7.609321,47.553872],[7.609573,47.553933]]}},{"type":"Feature","properties":{"k":"neben","name":"St. Alban-Vorstadt"},"geometry":{"type":"LineString","coordinates":[[7.602952,47.553012],[7.602906,47.552989],[7.602875,47.552963],[7.602858,47.552943]]}},{"type":"Feature","properties":{"k":"neben","name":"Malzgasse"},"geometry":{"type":"LineString","coordinates":[[7.59775,47.553404],[7.597597,47.553246]]}},{"type":"Feature","properties":{"k":"haupt","name":"Nauenstrasse"},"geometry":{"type":"LineString","coordinates":[[7.598407,47.545379],[7.59769,47.545593]]}},{"type":"Feature","properties":{"k":"haupt","name":"Münchensteinerstrasse"},"geometry":{"type":"LineString","coordinates":[[7.599202,47.544727],[7.599119,47.544917],[7.599085,47.545007]]}},{"type":"Feature","properties":{"k":"haupt","name":"Gellertstrasse"},"geometry":{"type":"LineString","coordinates":[[7.618488,47.541499],[7.618685,47.542302]]}},{"type":"Feature","properties":{"k":"haupt","name":"Gellertstrasse"},"geometry":{"type":"LineString","coordinates":[[7.618685,47.542302],[7.618683,47.542417],[7.618678,47.542468],[7.618655,47.542734]]}},{"type":"Feature","properties":{"k":"neben","name":"Zeughausstrasse"},"geometry":{"type":"LineString","coordinates":[[7.610417,47.544081],[7.610974,47.54556]]}},{"type":"Feature","properties":{"k":"haupt","name":"Gundeldingerstrasse"},"geometry":{"type":"LineString","coordinates":[[7.596228,47.539182],[7.59891,47.538404]]}},{"type":"Feature","properties":{"k":"neben","name":"St. Jakobs-Strasse"},"geometry":{"type":"LineString","coordinates":[[7.603248,47.545258],[7.60281,47.545347]]}},{"type":"Feature","properties":{"k":"neben","name":"Grosspeteranlage"},"geometry":{"type":"LineString","coordinates":[[7.602327,47.544802],[7.600838,47.544539],[7.600124,47.544541]]}},{"type":"Feature","properties":{"k":"neben","name":"Grosspeteranlage"},"geometry":{"type":"LineString","coordinates":[[7.602475,47.544852],[7.602327,47.544802]]}},{"type":"Feature","properties":{"k":"haupt","name":"St. Jakobs-Strasse"},"geometry":{"type":"LineString","coordinates":[[7.599938,47.547029],[7.599118,47.547487]]}},{"type":"Feature","properties":{"k":"haupt","name":"Grosspeterstrasse"},"geometry":{"type":"LineString","coordinates":[[7.60289,47.545141],[7.603278,47.545072],[7.603444,47.545127]]}},{"type":"Feature","properties":{"k":"haupt","name":"Grosspeterstrasse"},"geometry":{"type":"LineString","coordinates":[[7.60289,47.545141],[7.603177,47.545048],[7.603231,47.545028]]}},{"type":"Feature","properties":{"k":"haupt"},"geometry":{"type":"LineString","coordinates":[[7.615889,47.551349],[7.615789,47.551059]]}},{"type":"Feature","properties":{"k":"haupt"},"geometry":{"type":"LineString","coordinates":[[7.615789,47.551059],[7.615612,47.550612]]}},{"type":"Feature","properties":{"k":"haupt"},"geometry":{"type":"LineString","coordinates":[[7.616233,47.554179],[7.616171,47.554309]]}},{"type":"Feature","properties":{"k":"haupt"},"geometry":{"type":"LineString","coordinates":[[7.616171,47.554309],[7.616059,47.554536]]}},{"type":"Feature","properties":{"k":"neben","name":"Baldeggerstrasse"},"geometry":{"type":"LineString","coordinates":[[7.61595,47.554194],[7.615971,47.554064],[7.616005,47.553827],[7.61601,47.553695]]}},{"type":"Feature","properties":{"k":"neben","name":"Baldeggerstrasse"},"geometry":{"type":"LineString","coordinates":[[7.61601,47.553695],[7.615972,47.552337]]}},{"type":"Feature","properties":{"k":"haupt"},"geometry":{"type":"LineString","coordinates":[[7.616605,47.552253],[7.616617,47.55236],[7.616648,47.552602],[7.616663,47.552723]]}},{"type":"Feature","properties":{"k":"neben","name":"Thiersteinerallee"},"geometry":{"type":"LineString","coordinates":[[7.596228,47.539182],[7.596749,47.539935]]}},{"type":"Feature","properties":{"k":"neben","name":"Thiersteinerallee"},"geometry":{"type":"LineString","coordinates":[[7.596485,47.539684],[7.596228,47.539182]]}},{"type":"Feature","properties":{"k":"haupt","name":"Leimgrubenweg"},"geometry":{"type":"LineString","coordinates":[[7.605611,47.536722],[7.604659,47.53674]]}},{"type":"Feature","properties":{"k":"haupt","name":"Leimgrubenweg"},"geometry":{"type":"LineString","coordinates":[[7.60461,47.536591],[7.605436,47.536673]]}},{"type":"Feature","properties":{"k":"haupt","name":"Reinacherstrasse"},"geometry":{"type":"LineString","coordinates":[[7.604062,47.537422],[7.60401,47.537537],[7.603823,47.537973],[7.603713,47.538204]]}},{"type":"Feature","properties":{"k":"haupt","name":"Gundeldingerstrasse"},"geometry":{"type":"LineString","coordinates":[[7.595468,47.539401],[7.596007,47.539246],[7.596079,47.539225],[7.596228,47.539182]]}},{"type":"Feature","properties":{"k":"haupt","name":"Gundeldingerstrasse"},"geometry":{"type":"LineString","coordinates":[[7.595276,47.539447],[7.595468,47.539401]]}},{"type":"Feature","properties":{"k":"haupt","name":"Gundeldingerstrasse"},"geometry":{"type":"LineString","coordinates":[[7.603272,47.537119],[7.603899,47.536926]]}},{"type":"Feature","properties":{"k":"haupt","name":"Dornacherstrasse"},"geometry":{"type":"LineString","coordinates":[[7.601563,47.539407],[7.59955,47.539999]]}},{"type":"Feature","properties":{"k":"neben","name":"Dornacherstrasse"},"geometry":{"type":"LineString","coordinates":[[7.604382,47.538578],[7.603664,47.538789],[7.603618,47.538803],[7.603414,47.538866]]}},{"type":"Feature","properties":{"k":"haupt","name":"Reinacherstrasse"},"geometry":{"type":"LineString","coordinates":[[7.603713,47.538204],[7.603508,47.538648],[7.603497,47.538672],[7.603414,47.538866]]}},{"type":"Feature","properties":{"k":"haupt","name":"Münchensteinerstrasse"},"geometry":{"type":"LineString","coordinates":[[7.605597,47.539731],[7.606017,47.539281]]}},{"type":"Feature","properties":{"k":"haupt","name":"Münchensteinerstrasse"},"geometry":{"type":"LineString","coordinates":[[7.606017,47.539281],[7.606602,47.538722]]}},{"type":"Feature","properties":{"k":"haupt","name":"Münchensteinerstrasse"},"geometry":{"type":"LineString","coordinates":[[7.604923,47.540422],[7.605023,47.540337],[7.605235,47.540121],[7.605597,47.539731]]}},{"type":"Feature","properties":{"k":"neben","name":"Beim Goldenen Löwen"},"geometry":{"type":"LineString","coordinates":[[7.59699,47.554468],[7.597014,47.554552]]}},{"type":"Feature","properties":{"k":"neben","name":"Beim Goldenen Löwen"},"geometry":{"type":"LineString","coordinates":[[7.596961,47.554354],[7.59699,47.554468]]}},{"type":"Feature","properties":{"k":"haupt","name":"St. Jakobs-Strasse"},"geometry":{"type":"LineString","coordinates":[[7.621644,47.540211],[7.621699,47.540201],[7.62182,47.540177]]}},{"type":"Feature","properties":{"k":"neben","name":"Lehenmattstrasse"},"geometry":{"type":"LineString","coordinates":[[7.620966,47.545384],[7.620946,47.545036]]}},{"type":"Feature","properties":{"k":"neben","name":"Lehenmattstrasse"},"geometry":{"type":"LineString","coordinates":[[7.617352,47.552249],[7.617482,47.55224]]}},{"type":"Feature","properties":{"k":"haupt","name":"St. Jakobs-Strasse"},"geometry":{"type":"LineString","coordinates":[[7.618678,47.540923],[7.619525,47.540652]]}},{"type":"Feature","properties":{"k":"neben","name":"Lehenmattstrasse"},"geometry":{"type":"LineString","coordinates":[[7.617482,47.55224],[7.618048,47.552118],[7.61958,47.551548],[7.620358,47.551032],[7.620804,47.550547],[7.62108,47.55003],[7.621218,47.549427],[7.621089,47.547389]]}},{"type":"Feature","properties":{"k":"neben","name":"In den Klostermatten"},"geometry":{"type":"LineString","coordinates":[[7.617037,47.551663],[7.617077,47.551649],[7.618284,47.551243],[7.618959,47.551008]]}},{"type":"Feature","properties":{"k":"neben","name":"Birsstrasse"},"geometry":{"type":"LineString","coordinates":[[7.622005,47.54272],[7.622114,47.544731]]}},{"type":"Feature","properties":{"k":"neben","name":"Birsstrasse"},"geometry":{"type":"LineString","coordinates":[[7.621958,47.541602],[7.622005,47.54272]]}},{"type":"Feature","properties":{"k":"haupt","name":"St. Jakobs-Strasse"},"geometry":{"type":"LineString","coordinates":[[7.606757,47.544238],[7.609139,47.543832]]}},{"type":"Feature","properties":{"k":"haupt","name":"St. Jakobs-Strasse"},"geometry":{"type":"LineString","coordinates":[[7.603312,47.545224],[7.603248,47.545258]]}},{"type":"Feature","properties":{"k":"haupt","name":"St. Jakobs-Strasse"},"geometry":{"type":"LineString","coordinates":[[7.603248,47.545258],[7.602855,47.545483]]}},{"type":"Feature","properties":{"k":"neben","name":"Sonnenbergstrasse"},"geometry":{"type":"LineString","coordinates":[[7.595231,47.535812],[7.595188,47.535825],[7.59501,47.535892]]}},{"type":"Feature","properties":{"k":"neben","name":"Laufenstrasse"},"geometry":{"type":"LineString","coordinates":[[7.597419,47.538841],[7.597447,47.538886],[7.598152,47.539977]]}},{"type":"Feature","properties":{"k":"neben","name":"Falkensteinerstrasse"},"geometry":{"type":"LineString","coordinates":[[7.601082,47.53866],[7.600642,47.537977]]}},{"type":"Feature","properties":{"k":"neben","name":"Falkensteinerstrasse"},"geometry":{"type":"LineString","coordinates":[[7.601563,47.539407],[7.601541,47.539373],[7.601483,47.539283]]}},{"type":"Feature","properties":{"k":"neben","name":"Arlesheimerstrasse"},"geometry":{"type":"LineString","coordinates":[[7.601439,47.538555],[7.602521,47.538236]]}},{"type":"Feature","properties":{"k":"neben","name":"Arlesheimerstrasse"},"geometry":{"type":"LineString","coordinates":[[7.599068,47.539251],[7.599161,47.539224],[7.600933,47.538703]]}},{"type":"Feature","properties":{"k":"neben","name":"Im Spitzacker"},"geometry":{"type":"LineString","coordinates":[[7.599488,47.527737],[7.599159,47.528037],[7.598214,47.527972]]}},{"type":"Feature","properties":{"k":"neben","name":"In den Klosterreben"},"geometry":{"type":"LineString","coordinates":[[7.605468,47.554569],[7.605231,47.554553]]}},{"type":"Feature","properties":{"k":"neben","name":"Lyon-Strasse"},"geometry":{"type":"LineString","coordinates":[[7.608631,47.536479],[7.608595,47.536459],[7.60835,47.536307],[7.607252,47.534907]]}},{"type":"Feature","properties":{"k":"haupt","name":"Münchensteinerstrasse"},"geometry":{"type":"LineString","coordinates":[[7.609194,47.536481],[7.609162,47.536511],[7.609005,47.536659]]}},{"type":"Feature","properties":{"k":"haupt","name":"Dornacherstrasse"},"geometry":{"type":"LineString","coordinates":[[7.59955,47.539999],[7.597224,47.540676]]}},{"type":"Feature","properties":{"k":"neben","name":"Gellertstrasse"},"geometry":{"type":"LineString","coordinates":[[7.618951,47.54484],[7.618961,47.544783],[7.618977,47.544684],[7.618992,47.544586]]}},{"type":"Feature","properties":{"k":"neben","name":"Lehenmattstrasse"},"geometry":{"type":"LineString","coordinates":[[7.620621,47.544256],[7.620749,47.54453],[7.620842,47.544727]]}},{"type":"Feature","properties":{"k":"neben","name":"Lehenmattstrasse"},"geometry":{"type":"LineString","coordinates":[[7.62026,47.543477],[7.620621,47.544256]]}},{"type":"Feature","properties":{"k":"neben","name":"Brunngässlein"},"geometry":{"type":"LineString","coordinates":[[7.595347,47.552707],[7.595116,47.552619]]}},{"type":"Feature","properties":{"k":"neben","name":"St. Alban-Tal"},"geometry":{"type":"LineString","coordinates":[[7.601769,47.55435],[7.601677,47.554374]]}},{"type":"Feature","properties":{"k":"neben","name":"St. Alban-Tal"},"geometry":{"type":"LineString","coordinates":[[7.602358,47.554197],[7.60218,47.554244],[7.601769,47.55435]]}},{"type":"Feature","properties":{"k":"neben","name":"St. Alban-Rheinweg"},"geometry":{"type":"LineString","coordinates":[[7.600161,47.554934],[7.600133,47.554973],[7.599922,47.554978]]}},{"type":"Feature","properties":{"k":"haupt","name":"Grosspeterstrasse"},"geometry":{"type":"LineString","coordinates":[[7.60274,47.545154],[7.602789,47.545152]]}},{"type":"Feature","properties":{"k":"haupt","name":"Münchensteinerstrasse"},"geometry":{"type":"LineString","coordinates":[[7.59929,47.544382],[7.599282,47.544459],[7.59928,47.544468]]}},{"type":"Feature","properties":{"k":"haupt","name":"Brüglingerstrasse"},"geometry":{"type":"LineString","coordinates":[[7.618572,47.542321],[7.618588,47.542451],[7.618616,47.542589],[7.618655,47.542734]]}},{"type":"Feature","properties":{"k":"haupt","name":"St. Jakobs-Strasse"},"geometry":{"type":"LineString","coordinates":[[7.60265,47.545589],[7.602495,47.54565]]}},{"type":"Feature","properties":{"k":"haupt","name":"Grosspeterstrasse"},"geometry":{"type":"LineString","coordinates":[[7.602724,47.545224],[7.602651,47.545225]]}},{"type":"Feature","properties":{"k":"neben","name":"Falkensteinerstrasse"},"geometry":{"type":"LineString","coordinates":[[7.601148,47.538761],[7.601082,47.53866]]}},{"type":"Feature","properties":{"k":"haupt","name":"Viertelkreis"},"geometry":{"type":"LineString","coordinates":[[7.604235,47.536602],[7.604329,47.536567],[7.604372,47.536554],[7.604392,47.536549]]}},{"type":"Feature","properties":{"k":"haupt","name":"Reinacherstrasse"},"geometry":{"type":"LineString","coordinates":[[7.604367,47.537012],[7.604125,47.537285]]}},{"type":"Feature","properties":{"k":"haupt","name":"Reinacherstrasse"},"geometry":{"type":"LineString","coordinates":[[7.604125,47.537285],[7.604102,47.537064]]}},{"type":"Feature","properties":{"k":"haupt","name":"Reinacherstrasse"},"geometry":{"type":"LineString","coordinates":[[7.604235,47.536602],[7.604541,47.535614]]}},{"type":"Feature","properties":{"k":"haupt","name":"Leimgrubenweg"},"geometry":{"type":"LineString","coordinates":[[7.605436,47.536673],[7.605497,47.536687],[7.605611,47.536722]]}},{"type":"Feature","properties":{"k":"haupt","name":"Dufourstrasse"},"geometry":{"type":"LineString","coordinates":[[7.595288,47.551936],[7.5954,47.551671]]}},{"type":"Feature","properties":{"k":"haupt","name":"Dufourstrasse"},"geometry":{"type":"LineString","coordinates":[[7.595288,47.551936],[7.595298,47.551651]]}},{"type":"Feature","properties":{"k":"haupt","name":"Aeschenplatz"},"geometry":{"type":"LineString","coordinates":[[7.5954,47.551671],[7.595406,47.551637],[7.595408,47.551619]]}},{"type":"Feature","properties":{"k":"haupt","name":"Aeschenplatz"},"geometry":{"type":"LineString","coordinates":[[7.595298,47.551651],[7.595198,47.551632]]}},{"type":"Feature","properties":{"k":"haupt","name":"Dufourstrasse"},"geometry":{"type":"LineString","coordinates":[[7.595116,47.552619],[7.595197,47.552323]]}},{"type":"Feature","properties":{"k":"neben","name":"Sevogelstrasse"},"geometry":{"type":"LineString","coordinates":[[7.59948,47.5482],[7.598886,47.547949],[7.598561,47.547913]]}},{"type":"Feature","properties":{"k":"haupt","name":"Münchensteinerstrasse"},"geometry":{"type":"LineString","coordinates":[[7.598076,47.547201],[7.598059,47.547066],[7.598056,47.547036],[7.598052,47.546933]]}},{"type":"Feature","properties":{"k":"haupt","name":"Brüglingerstrasse"},"geometry":{"type":"LineString","coordinates":[[7.615212,47.539784],[7.615579,47.539886],[7.615795,47.539944]]}},{"type":"Feature","properties":{"k":"haupt","name":"Brüglingerstrasse"},"geometry":{"type":"LineString","coordinates":[[7.616329,47.540089],[7.616689,47.540191]]}},{"type":"Feature","properties":{"k":"haupt","name":"Brüglingerstrasse"},"geometry":{"type":"LineString","coordinates":[[7.615807,47.540015],[7.615735,47.539985],[7.615569,47.539937]]}},{"type":"Feature","properties":{"k":"haupt","name":"Brüglingerstrasse"},"geometry":{"type":"LineString","coordinates":[[7.616704,47.540275],[7.616339,47.540173]]}},{"type":"Feature","properties":{"k":"haupt","name":"Brüglingerstrasse"},"geometry":{"type":"LineString","coordinates":[[7.616273,47.540002],[7.616847,47.540158]]}},{"type":"Feature","properties":{"k":"haupt","name":"Gellertstrasse"},"geometry":{"type":"LineString","coordinates":[[7.618419,47.542131],[7.618401,47.542042],[7.618381,47.541949]]}},{"type":"Feature","properties":{"k":"neben","name":"Gellertstrasse"},"geometry":{"type":"LineString","coordinates":[[7.618991,47.543937],[7.618899,47.543635]]}},{"type":"Feature","properties":{"k":"neben","name":"Gellertstrasse"},"geometry":{"type":"LineString","coordinates":[[7.618992,47.544586],[7.619023,47.544377]]}},{"type":"Feature","properties":{"k":"haupt","name":"Viertelkreis"},"geometry":{"type":"LineString","coordinates":[[7.604659,47.53674],[7.604642,47.53676],[7.604614,47.536787],[7.604499,47.536892]]}},{"type":"Feature","properties":{"k":"haupt","name":"Viertelkreis"},"geometry":{"type":"LineString","coordinates":[[7.604516,47.53655],[7.60461,47.536591]]}},{"type":"Feature","properties":{"k":"haupt","name":"Viertelkreis"},"geometry":{"type":"LineString","coordinates":[[7.60461,47.536591],[7.604659,47.53674]]}},{"type":"Feature","properties":{"k":"haupt","name":"Viertelkreis"},"geometry":{"type":"LineString","coordinates":[[7.604367,47.537012],[7.604102,47.537064]]}},{"type":"Feature","properties":{"k":"haupt","name":"Viertelkreis"},"geometry":{"type":"LineString","coordinates":[[7.604102,47.537064],[7.603899,47.536926]]}},{"type":"Feature","properties":{"k":"haupt","name":"Viertelkreis"},"geometry":{"type":"LineString","coordinates":[[7.603899,47.536926],[7.604104,47.5367]]}},{"type":"Feature","properties":{"k":"haupt","name":"St. Jakobs-Strasse"},"geometry":{"type":"LineString","coordinates":[[7.616414,47.542424],[7.616387,47.542443],[7.616234,47.54253],[7.616089,47.54261]]}},{"type":"Feature","properties":{"k":"neben","name":"Birsstrasse"},"geometry":{"type":"LineString","coordinates":[[7.622324,47.547395],[7.622327,47.54752],[7.622343,47.547741],[7.622344,47.547759]]}},{"type":"Feature","properties":{"k":"neben","name":"Scherkesselweg"},"geometry":{"type":"LineString","coordinates":[[7.615129,47.546503],[7.616352,47.546045]]}},{"type":"Feature","properties":{"k":"neben","name":"Birsstrasse"},"geometry":{"type":"LineString","coordinates":[[7.617575,47.553832],[7.616627,47.554315]]}},{"type":"Feature","properties":{"k":"haupt"},"geometry":{"type":"LineString","coordinates":[[7.617011,47.544243],[7.617327,47.544107]]}},{"type":"Feature","properties":{"k":"neben","name":"Hochwaldstrasse"},"geometry":{"type":"LineString","coordinates":[[7.601387,47.528879],[7.601285,47.528829]]}},{"type":"Feature","properties":{"k":"neben","name":"Reservoirstrasse"},"geometry":{"type":"LineString","coordinates":[[7.598858,47.531894],[7.599089,47.531908],[7.599176,47.531822]]}},{"type":"Feature","properties":{"k":"neben","name":"Reservoirstrasse"},"geometry":{"type":"LineString","coordinates":[[7.599176,47.531822],[7.598685,47.53117],[7.598882,47.530907],[7.59931,47.530845]]}},{"type":"Feature","properties":{"k":"neben","name":"Anwilerstrasse"},"geometry":{"type":"LineString","coordinates":[[7.595627,47.529322],[7.595694,47.529265],[7.596131,47.529182]]}},{"type":"Feature","properties":{"k":"neben","name":"Niklaus von Flüe-Strasse"},"geometry":{"type":"LineString","coordinates":[[7.597925,47.533858],[7.599198,47.535271]]}},{"type":"Feature","properties":{"k":"neben","name":"Güterstrasse"},"geometry":{"type":"LineString","coordinates":[[7.597958,47.541809],[7.597984,47.541801],[7.598045,47.541783]]}},{"type":"Feature","properties":{"k":"neben","name":"Falkensteinerstrasse"},"geometry":{"type":"LineString","coordinates":[[7.600642,47.537977],[7.600626,47.537951],[7.600598,47.537904]]}},{"type":"Feature","properties":{"k":"neben","name":"Hardstrasse"},"geometry":{"type":"LineString","coordinates":[[7.601208,47.552093],[7.601141,47.552347]]}},{"type":"Feature","properties":{"k":"neben","name":"Jacob Burckhardt-Strasse"},"geometry":{"type":"LineString","coordinates":[[7.601232,47.548707],[7.601316,47.54888],[7.601389,47.549045]]}},{"type":"Feature","properties":{"k":"neben","name":"St. Jakobs-Strasse"},"geometry":{"type":"LineString","coordinates":[[7.602495,47.54565],[7.602604,47.545557],[7.602802,47.545444]]}},{"type":"Feature","properties":{"k":"haupt","name":"Münchensteinerstrasse"},"geometry":{"type":"LineString","coordinates":[[7.598872,47.545437],[7.598453,47.546357]]}},{"type":"Feature","properties":{"k":"haupt","name":"Münchensteinerstrasse"},"geometry":{"type":"LineString","coordinates":[[7.598955,47.54526],[7.598872,47.545437]]}},{"type":"Feature","properties":{"k":"neben","name":"Malzgasse"},"geometry":{"type":"LineString","coordinates":[[7.597597,47.553246],[7.597099,47.552728]]}},{"type":"Feature","properties":{"k":"neben","name":"Beim Goldenen Löwen"},"geometry":{"type":"LineString","coordinates":[[7.596903,47.554123],[7.596961,47.554354]]}},{"type":"Feature","properties":{"k":"neben","name":"St. Jakobs-Strasse"},"geometry":{"type":"LineString","coordinates":[[7.600857,47.546696],[7.599374,47.547488],[7.599325,47.547512]]}},{"type":"Feature","properties":{"k":"neben","name":"St. Jakobs-Strasse"},"geometry":{"type":"LineString","coordinates":[[7.60095,47.54664],[7.600857,47.546696]]}},{"type":"Feature","properties":{"k":"neben","name":"Gellertstrasse"},"geometry":{"type":"LineString","coordinates":[[7.605312,47.552625],[7.605345,47.552602],[7.605383,47.552583],[7.605442,47.55256]]}},{"type":"Feature","properties":{"k":"neben","name":"Frankfurt-Strasse"},"geometry":{"type":"LineString","coordinates":[[7.607617,47.533022],[7.607939,47.531025],[7.608199,47.530097],[7.608226,47.529491],[7.607718,47.528221],[7.607392,47.528101],[7.606792,47.52815],[7.606698,47.528104],[7.606049,47.526212]]}},{"type":"Feature","properties":{"k":"haupt","name":"Münchensteinerbrücke"},"geometry":{"type":"LineString","coordinates":[[7.599102,47.543538],[7.599122,47.543583],[7.599143,47.543631]]}},{"type":"Feature","properties":{"k":"neben","name":"Thiersteinerallee"},"geometry":{"type":"LineString","coordinates":[[7.596749,47.539935],[7.596616,47.539838],[7.59654,47.539754],[7.596485,47.539684]]}},{"type":"Feature","properties":{"k":"haupt","name":"Reinacherstrasse"},"geometry":{"type":"LineString","coordinates":[[7.604541,47.535614],[7.604555,47.535592],[7.604598,47.535539]]}},{"type":"Feature","properties":{"k":"haupt","name":"Viertelkreis"},"geometry":{"type":"LineString","coordinates":[[7.604392,47.536549],[7.604412,47.536546],[7.604462,47.536542],[7.604516,47.53655]]}},{"type":"Feature","properties":{"k":"haupt","name":"Reinacherstrasse"},"geometry":{"type":"LineString","coordinates":[[7.604654,47.535212],[7.604626,47.535416],[7.604598,47.535539]]}},{"type":"Feature","properties":{"k":"haupt","name":"Reinacherstrasse"},"geometry":{"type":"LineString","coordinates":[[7.60479,47.534506],[7.604654,47.535212]]}},{"type":"Feature","properties":{"k":"haupt","name":"Reinacherstrasse"},"geometry":{"type":"LineString","coordinates":[[7.605273,47.532108],[7.604969,47.533591]]}},{"type":"Feature","properties":{"k":"haupt","name":"Reinacherstrasse"},"geometry":{"type":"LineString","coordinates":[[7.605552,47.530717],[7.605428,47.531339]]}},{"type":"Feature","properties":{"k":"haupt","name":"Reinacherstrasse"},"geometry":{"type":"LineString","coordinates":[[7.605428,47.531339],[7.605369,47.531639],[7.605324,47.531863],[7.605273,47.532108]]}},{"type":"Feature","properties":{"k":"haupt","name":"Reinacherstrasse"},"geometry":{"type":"LineString","coordinates":[[7.605598,47.53036],[7.605585,47.53049],[7.605552,47.530717]]}},{"type":"Feature","properties":{"k":"neben","name":"Gellertstrasse"},"geometry":{"type":"LineString","coordinates":[[7.615361,47.550314],[7.615343,47.550325]]}},{"type":"Feature","properties":{"k":"neben","name":"Gellertstrasse"},"geometry":{"type":"LineString","coordinates":[[7.616345,47.549743],[7.615977,47.549957]]}},{"type":"Feature","properties":{"k":"haupt"},"geometry":{"type":"LineString","coordinates":[[7.616118,47.552273],[7.616058,47.551992],[7.616001,47.551755],[7.615889,47.551349]]}},{"type":"Feature","properties":{"k":"neben","name":"Mühlenberg"},"geometry":{"type":"LineString","coordinates":[[7.597014,47.554552],[7.597254,47.554597]]}},{"type":"Feature","properties":{"k":"haupt","name":"St. Jakobs-Strasse"},"geometry":{"type":"LineString","coordinates":[[7.606166,47.544351],[7.606757,47.544238]]}},{"type":"Feature","properties":{"k":"haupt","name":"St. Jakobs-Strasse"},"geometry":{"type":"LineString","coordinates":[[7.604683,47.544644],[7.606166,47.544351]]}},{"type":"Feature","properties":{"k":"neben","name":"Zeughausstrasse"},"geometry":{"type":"LineString","coordinates":[[7.610974,47.54556],[7.610987,47.545604]]}},{"type":"Feature","properties":{"k":"haupt","name":"St. Alban-Anlage"},"geometry":{"type":"LineString","coordinates":[[7.603316,47.552802],[7.602839,47.552951]]}},{"type":"Feature","properties":{"k":"haupt","name":"St. Jakobs-Strasse"},"geometry":{"type":"LineString","coordinates":[[7.603469,47.545107],[7.603444,47.545127],[7.603419,47.545151]]}},{"type":"Feature","properties":{"k":"haupt","name":"Viertelkreis"},"geometry":{"type":"LineString","coordinates":[[7.604499,47.536892],[7.604367,47.537012]]}},{"type":"Feature","properties":{"k":"haupt","name":"Viertelkreis"},"geometry":{"type":"LineString","coordinates":[[7.604104,47.5367],[7.604235,47.536602]]}},{"type":"Feature","properties":{"k":"neben","name":"Eidgenossenweg"},"geometry":{"type":"LineString","coordinates":[[7.615447,47.541776],[7.615869,47.541812],[7.616227,47.541689]]}},{"type":"Feature","properties":{"k":"neben","name":"Auf dem Wolf"},"geometry":{"type":"LineString","coordinates":[[7.613598,47.539979],[7.613744,47.539743]]}},{"type":"Feature","properties":{"k":"neben","name":"Walkeweg"},"geometry":{"type":"LineString","coordinates":[[7.616629,47.541024],[7.6169,47.541285],[7.617083,47.541642],[7.617372,47.541675]]}},{"type":"Feature","properties":{"k":"neben","name":"Eidgenossenweg"},"geometry":{"type":"LineString","coordinates":[[7.616227,47.541689],[7.616351,47.54157],[7.61644,47.5412],[7.616629,47.541024]]}},{"type":"Feature","properties":{"k":"neben","name":"Mühlenberg"},"geometry":{"type":"LineString","coordinates":[[7.597254,47.554597],[7.597598,47.554647]]}},{"type":"Feature","properties":{"k":"neben","name":"Güterstrasse"},"geometry":{"type":"LineString","coordinates":[[7.598045,47.541783],[7.599114,47.541463]]}},{"type":"Feature","properties":{"k":"neben","name":"Birsstrasse"},"geometry":{"type":"LineString","coordinates":[[7.621896,47.540561],[7.62195,47.541484]]}},{"type":"Feature","properties":{"k":"neben","name":"Birsstrasse"},"geometry":{"type":"LineString","coordinates":[[7.62195,47.541484],[7.621958,47.541602]]}},{"type":"Feature","properties":{"k":"haupt","name":"St. Jakobs-Strasse"},"geometry":{"type":"LineString","coordinates":[[7.617228,47.541794],[7.617005,47.54197]]}},{"type":"Feature","properties":{"k":"haupt","name":"St. Jakobs-Strasse"},"geometry":{"type":"LineString","coordinates":[[7.619525,47.540652],[7.619879,47.540572],[7.619893,47.540569],[7.619922,47.540563]]}},{"type":"Feature","properties":{"k":"haupt","name":"St. Jakobs-Strasse"},"geometry":{"type":"LineString","coordinates":[[7.62112,47.540321],[7.621362,47.54027]]}},{"type":"Feature","properties":{"k":"haupt","name":"St. Jakob-Strasse"},"geometry":{"type":"LineString","coordinates":[[7.621992,47.540146],[7.62203,47.540138],[7.622289,47.540084]]}},{"type":"Feature","properties":{"k":"haupt","name":"St. Jakob-Strasse"},"geometry":{"type":"LineString","coordinates":[[7.622289,47.540084],[7.622438,47.540053]]}},{"type":"Feature","properties":{"k":"haupt","name":"Gellertstrasse"},"geometry":{"type":"LineString","coordinates":[[7.618473,47.542353],[7.618454,47.542276],[7.618419,47.542131]]}},{"type":"Feature","properties":{"k":"neben","name":"Walkeweg"},"geometry":{"type":"LineString","coordinates":[[7.615397,47.540094],[7.615446,47.539894]]}},{"type":"Feature","properties":{"k":"haupt","name":"Brüglingerstrasse"},"geometry":{"type":"LineString","coordinates":[[7.616046,47.539947],[7.616273,47.540002]]}},{"type":"Feature","properties":{"k":"haupt","name":"Brüglingerstrasse"},"geometry":{"type":"LineString","coordinates":[[7.615878,47.540041],[7.615807,47.540015]]}},{"type":"Feature","properties":{"k":"neben","name":"Lehenmattstrasse"},"geometry":{"type":"LineString","coordinates":[[7.620842,47.544727],[7.621071,47.544892]]}},{"type":"Feature","properties":{"k":"neben","name":"Lehenmattstrasse"},"geometry":{"type":"LineString","coordinates":[[7.620946,47.545036],[7.621071,47.544892]]}},{"type":"Feature","properties":{"k":"neben","name":"Lehenmattstrasse"},"geometry":{"type":"LineString","coordinates":[[7.620946,47.545036],[7.620733,47.544894]]}},{"type":"Feature","properties":{"k":"neben","name":"Lehenmattstrasse"},"geometry":{"type":"LineString","coordinates":[[7.620842,47.544727],[7.620733,47.544894]]}},{"type":"Feature","properties":{"k":"neben","name":"Gellertstrasse"},"geometry":{"type":"LineString","coordinates":[[7.619023,47.544377],[7.619033,47.544316]]}},{"type":"Feature","properties":{"k":"neben","name":"Gellertstrasse"},"geometry":{"type":"LineString","coordinates":[[7.619033,47.544316],[7.619048,47.544136]]}},{"type":"Feature","properties":{"k":"neben","name":"Seltisbergerstrasse"},"geometry":{"type":"LineString","coordinates":[[7.596279,47.526811],[7.596288,47.527327],[7.596657,47.527971],[7.596693,47.528419],[7.596902,47.528646]]}},{"type":"Feature","properties":{"k":"neben","name":"St. Jakobs-Strasse"},"geometry":{"type":"LineString","coordinates":[[7.605782,47.544345],[7.605892,47.544275],[7.606244,47.544207]]}},{"type":"Feature","properties":{"k":"haupt","name":"St. Jakobs-Strasse"},"geometry":{"type":"LineString","coordinates":[[7.597627,47.548515],[7.598025,47.548068],[7.598142,47.547766]]}},{"type":"Feature","properties":{"k":"neben","name":"Walkeweg"},"geometry":{"type":"LineString","coordinates":[[7.608779,47.53715],[7.608825,47.537168],[7.608859,47.537181]]}},{"type":"Feature","properties":{"k":"neben","name":"Andreas Heusler-Strasse"},"geometry":{"type":"LineString","coordinates":[[7.602397,47.546785],[7.602211,47.546614],[7.601761,47.546225]]}},{"type":"Feature","properties":{"k":"neben","name":"St. Alban-Vorstadt"},"geometry":{"type":"LineString","coordinates":[[7.600123,47.55395],[7.598418,47.554291]]}},{"type":"Feature","properties":{"k":"neben","name":"Malzgasse"},"geometry":{"type":"LineString","coordinates":[[7.598418,47.554291],[7.59832,47.554002],[7.598283,47.55395]]}},{"type":"Feature","properties":{"k":"neben","name":"Elsässerstrasse"},"geometry":{"type":"LineString","coordinates":[[7.581694,47.566507],[7.581202,47.56728],[7.578665,47.569964]]}},{"type":"Feature","properties":{"k":"haupt"},"geometry":{"type":"LineString","coordinates":[[7.565645,47.574014],[7.567417,47.572764]]}},{"type":"Feature","properties":{"k":"haupt"},"geometry":{"type":"LineString","coordinates":[[7.565738,47.574095],[7.563306,47.575216]]}},{"type":"Feature","properties":{"k":"haupt","name":"Route Douanière"},"geometry":{"type":"LineString","coordinates":[[7.56238,47.574788],[7.56022,47.575771],[7.558988,47.576598],[7.548283,47.586162],[7.547419,47.586648],[7.545763,47.587347],[7.54493,47.587901],[7.544465,47.588415],[7.544161,47.589038],[7.544059,47.589648],[7.5442,47.590864]]}},{"type":"Feature","properties":{"k":"neben","name":"Oetlingerstrasse"},"geometry":{"type":"LineString","coordinates":[[7.597558,47.56816],[7.594845,47.567814]]}},{"type":"Feature","properties":{"k":"neben","name":"Offenburgerstrasse"},"geometry":{"type":"LineString","coordinates":[[7.590346,47.569312],[7.587856,47.569207]]}},{"type":"Feature","properties":{"k":"neben","name":"Müllheimerstrasse"},"geometry":{"type":"LineString","coordinates":[[7.592441,47.573781],[7.592343,47.571683]]}},{"type":"Feature","properties":{"k":"neben","name":"Bläsiring"},"geometry":{"type":"LineString","coordinates":[[7.594903,47.568579],[7.593417,47.568622]]}},{"type":"Feature","properties":{"k":"neben","name":"Bläsiring"},"geometry":{"type":"LineString","coordinates":[[7.586434,47.56845],[7.591896,47.568619]]}},{"type":"Feature","properties":{"k":"neben","name":"Bärenfelserstrasse"},"geometry":{"type":"LineString","coordinates":[[7.587616,47.568502],[7.587722,47.56736]]}},{"type":"Feature","properties":{"k":"neben","name":"Andlauerstrasse"},"geometry":{"type":"LineString","coordinates":[[7.587856,47.569207],[7.587917,47.568516]]}},{"type":"Feature","properties":{"k":"neben","name":"Flachsländerstrasse"},"geometry":{"type":"LineString","coordinates":[[7.589344,47.569266],[7.5894,47.56858]]}},{"type":"Feature","properties":{"k":"neben","name":"Breisacherstrasse"},"geometry":{"type":"LineString","coordinates":[[7.589068,47.566089],[7.589047,47.566187]]}},{"type":"Feature","properties":{"k":"neben","name":"Leuengasse"},"geometry":{"type":"LineString","coordinates":[[7.586906,47.566047],[7.588001,47.566219],[7.588999,47.566373]]}},{"type":"Feature","properties":{"k":"neben","name":"Zähringerstrasse"},"geometry":{"type":"LineString","coordinates":[[7.58866,47.570012],[7.588573,47.570032],[7.587559,47.570021],[7.587474,47.569996]]}},{"type":"Feature","properties":{"k":"neben","name":"Meisengasse"},"geometry":{"type":"LineString","coordinates":[[7.587474,47.569996],[7.587489,47.569195]]}},{"type":"Feature","properties":{"k":"neben","name":"Mörsbergerstrasse"},"geometry":{"type":"LineString","coordinates":[[7.593597,47.567192],[7.593706,47.566809],[7.593725,47.566738]]}},{"type":"Feature","properties":{"k":"neben","name":"Hammerstrasse"},"geometry":{"type":"LineString","coordinates":[[7.595185,47.567004],[7.59517,47.567061],[7.595163,47.56709],[7.594991,47.56782]]}},{"type":"Feature","properties":{"k":"neben","name":"Hammerstrasse"},"geometry":{"type":"LineString","coordinates":[[7.594991,47.56782],[7.594903,47.568579]]}},{"type":"Feature","properties":{"k":"neben","name":"Markgräflerstrasse"},"geometry":{"type":"LineString","coordinates":[[7.590366,47.57004],[7.592276,47.570053]]}},{"type":"Feature","properties":{"k":"haupt","name":"Johanniterbrücke"},"geometry":{"type":"LineString","coordinates":[[7.583855,47.564317],[7.584145,47.564412]]}},{"type":"Feature","properties":{"k":"neben","name":"Klybeckstrasse"},"geometry":{"type":"LineString","coordinates":[[7.591471,47.564318],[7.591011,47.566268]]}},{"type":"Feature","properties":{"k":"neben","name":"Matthäusstrasse"},"geometry":{"type":"LineString","coordinates":[[7.590823,47.566904],[7.59084,47.566906],[7.59248,47.567139]]}},{"type":"Feature","properties":{"k":"neben","name":"Badenweilerstrasse"},"geometry":{"type":"LineString","coordinates":[[7.590064,47.571709],[7.592343,47.571683]]}},{"type":"Feature","properties":{"k":"neben","name":"Erikastrasse"},"geometry":{"type":"LineString","coordinates":[[7.590865,47.571702],[7.590864,47.571656],[7.590845,47.571096]]}},{"type":"Feature","properties":{"k":"haupt","name":"Mauerstrasse"},"geometry":{"type":"LineString","coordinates":[[7.590368,47.573856],[7.592441,47.573781]]}},{"type":"Feature","properties":{"k":"neben","name":"Oetlingerstrasse"},"geometry":{"type":"LineString","coordinates":[[7.590696,47.567673],[7.586581,47.567251]]}},{"type":"Feature","properties":{"k":"neben","name":"Erasmusplatz"},"geometry":{"type":"LineString","coordinates":[[7.589366,47.565968],[7.58925,47.566042],[7.58914,47.566078],[7.589068,47.566089]]}},{"type":"Feature","properties":{"k":"neben","name":"Claraplatz"},"geometry":{"type":"LineString","coordinates":[[7.59341,47.561568],[7.59352,47.561587],[7.593664,47.56163],[7.593951,47.56173]]}},{"type":"Feature","properties":{"k":"neben","name":"Mülhauserstrasse"},"geometry":{"type":"LineString","coordinates":[[7.580063,47.568499],[7.580915,47.568862],[7.581707,47.569353],[7.582132,47.569734],[7.582208,47.57042]]}},{"type":"Feature","properties":{"k":"neben","name":"Landskronstrasse"},"geometry":{"type":"LineString","coordinates":[[7.573966,47.566872],[7.57391,47.566846],[7.573869,47.566827],[7.573809,47.566798]]}},{"type":"Feature","properties":{"k":"neben","name":"Mittlere Strasse"},"geometry":{"type":"LineString","coordinates":[[7.574214,47.565348],[7.574202,47.56516],[7.57453,47.564845]]}},{"type":"Feature","properties":{"k":"neben","name":"St. Johanns-Ring"},"geometry":{"type":"LineString","coordinates":[[7.574206,47.561938],[7.574153,47.561935],[7.574099,47.561936],[7.574018,47.561943]]}},{"type":"Feature","properties":{"k":"haupt","name":"Schanzenstrasse"},"geometry":{"type":"LineString","coordinates":[[7.583855,47.564317],[7.583327,47.563936]]}},{"type":"Feature","properties":{"k":"neben","name":"Hebelstrasse"},"geometry":{"type":"LineString","coordinates":[[7.576944,47.563836],[7.579014,47.562011]]}},{"type":"Feature","properties":{"k":"neben","name":"Murbacherstrasse"},"geometry":{"type":"LineString","coordinates":[[7.578665,47.569964],[7.57556,47.56855]]}},{"type":"Feature","properties":{"k":"neben","name":"Ryffstrasse"},"geometry":{"type":"LineString","coordinates":[[7.579599,47.568982],[7.576568,47.567651]]}},{"type":"Feature","properties":{"k":"neben","name":"Jungstrasse"},"geometry":{"type":"LineString","coordinates":[[7.580556,47.567985],[7.57861,47.567148]]}},{"type":"Feature","properties":{"k":"neben","name":"Immengasse"},"geometry":{"type":"LineString","coordinates":[[7.579514,47.566267],[7.580741,47.566762]]}},{"type":"Feature","properties":{"k":"neben","name":"St. Johanns-Platz"},"geometry":{"type":"LineString","coordinates":[[7.580741,47.566762],[7.58177,47.565688],[7.581906,47.565678],[7.582332,47.565902]]}},{"type":"Feature","properties":{"k":"neben","name":"Spitalstrasse"},"geometry":{"type":"LineString","coordinates":[[7.579873,47.565727],[7.580764,47.564937]]}},{"type":"Feature","properties":{"k":"neben","name":"Sommergasse"},"geometry":{"type":"LineString","coordinates":[[7.575612,47.56284],[7.57556,47.562887],[7.573815,47.564485]]}},{"type":"Feature","properties":{"k":"neben","name":"Hagentalerstrasse"},"geometry":{"type":"LineString","coordinates":[[7.567016,47.563901],[7.569087,47.562898]]}},{"type":"Feature","properties":{"k":"haupt","name":"Burgfelderstrasse"},"geometry":{"type":"LineString","coordinates":[[7.572434,47.562669],[7.572475,47.562637],[7.572599,47.562538],[7.573102,47.562283]]}},{"type":"Feature","properties":{"k":"neben","name":"Häsingerstrasse"},"geometry":{"type":"LineString","coordinates":[[7.570034,47.563823],[7.567894,47.561814]]}},{"type":"Feature","properties":{"k":"neben","name":"Muespacherstrasse"},"geometry":{"type":"LineString","coordinates":[[7.566635,47.561442],[7.566671,47.561601],[7.56837,47.563211]]}},{"type":"Feature","properties":{"k":"haupt","name":"Johanniterbrücke"},"geometry":{"type":"LineString","coordinates":[[7.584792,47.564611],[7.587332,47.565403]]}},{"type":"Feature","properties":{"k":"neben","name":"Klingental"},"geometry":{"type":"LineString","coordinates":[[7.590138,47.562111],[7.590332,47.561606],[7.590486,47.561528]]}},{"type":"Feature","properties":{"k":"neben","name":"Schafgässlein"},"geometry":{"type":"LineString","coordinates":[[7.591875,47.560249],[7.592203,47.560385],[7.592652,47.560549],[7.594051,47.560945]]}},{"type":"Feature","properties":{"k":"neben","name":"Lindenberg"},"geometry":{"type":"LineString","coordinates":[[7.594156,47.558706],[7.594288,47.558846],[7.594308,47.558892]]}},{"type":"Feature","properties":{"k":"neben","name":"Lindenberg"},"geometry":{"type":"LineString","coordinates":[[7.594308,47.558892],[7.59476,47.559007]]}},{"type":"Feature","properties":{"k":"neben","name":"Utengasse"},"geometry":{"type":"LineString","coordinates":[[7.59476,47.559007],[7.594437,47.559152],[7.593243,47.560034]]}},{"type":"Feature","properties":{"k":"neben","name":"Rheingasse"},"geometry":{"type":"LineString","coordinates":[[7.591177,47.560864],[7.591191,47.560851],[7.591236,47.560812],[7.591283,47.560774]]}},{"type":"Feature","properties":{"k":"neben","name":"Webergasse"},"geometry":{"type":"LineString","coordinates":[[7.592399,47.562449],[7.592379,47.56244],[7.592309,47.562415],[7.591783,47.562268]]}},{"type":"Feature","properties":{"k":"neben","name":"Klingental"},"geometry":{"type":"LineString","coordinates":[[7.591028,47.562098],[7.590858,47.562408],[7.590843,47.562435],[7.59071,47.562636]]}},{"type":"Feature","properties":{"k":"neben","name":"Klingentalgraben"},"geometry":{"type":"LineString","coordinates":[[7.591445,47.564093],[7.588573,47.563164]]}},{"type":"Feature","properties":{"k":"neben","name":"Sperrstrasse"},"geometry":{"type":"LineString","coordinates":[[7.591471,47.564318],[7.591489,47.564318],[7.591567,47.564319],[7.592619,47.564632]]}},{"type":"Feature","properties":{"k":"neben","name":"Florastrasse"},"geometry":{"type":"LineString","coordinates":[[7.589605,47.564457],[7.5913,47.564718],[7.591414,47.564735],[7.591429,47.564737]]}},{"type":"Feature","properties":{"k":"neben","name":"Untere Rebgasse"},"geometry":{"type":"LineString","coordinates":[[7.59341,47.561568],[7.592833,47.562113]]}},{"type":"Feature","properties":{"k":"neben","name":"Kandererstrasse"},"geometry":{"type":"LineString","coordinates":[[7.591145,47.565815],[7.591123,47.56581],[7.59045,47.565662]]}},{"type":"Feature","properties":{"k":"neben","name":"Breisacherstrasse"},"geometry":{"type":"LineString","coordinates":[[7.589163,47.56575],[7.589188,47.565687],[7.589241,47.56553],[7.589284,47.565401]]}},{"type":"Feature","properties":{"k":"neben","name":"Erasmusplatz"},"geometry":{"type":"LineString","coordinates":[[7.588776,47.565828],[7.588971,47.565785],[7.58908,47.565757],[7.589163,47.56575]]}},{"type":"Feature","properties":{"k":"neben","name":"Breisacherstrasse"},"geometry":{"type":"LineString","coordinates":[[7.588999,47.566373],[7.588773,47.567474],[7.58866,47.570012]]}},{"type":"Feature","properties":{"k":"neben","name":"Badenweilerstrasse"},"geometry":{"type":"LineString","coordinates":[[7.595066,47.571653],[7.592343,47.571683]]}},{"type":"Feature","properties":{"k":"neben","name":"Lindenberg"},"geometry":{"type":"LineString","coordinates":[[7.59476,47.559007],[7.595315,47.558894],[7.595491,47.558881]]}},{"type":"Feature","properties":{"k":"neben","name":"Riehentorstrasse"},"geometry":{"type":"LineString","coordinates":[[7.594802,47.55813],[7.595327,47.558607],[7.595491,47.558881]]}},{"type":"Feature","properties":{"k":"neben","name":"Klybeckstrasse"},"geometry":{"type":"LineString","coordinates":[[7.591445,47.564093],[7.591449,47.564166],[7.591471,47.564318]]}},{"type":"Feature","properties":{"k":"neben","name":"Petersgraben"},"geometry":{"type":"LineString","coordinates":[[7.584042,47.556788],[7.584129,47.556994]]}},{"type":"Feature","properties":{"k":"neben","name":"Wasserstrasse"},"geometry":{"type":"LineString","coordinates":[[7.579168,47.569429],[7.579186,47.569435],[7.579313,47.569485],[7.580956,47.569993]]}},{"type":"Feature","properties":{"k":"neben","name":"Wild Ma-Gässli"},"geometry":{"type":"LineString","coordinates":[[7.591553,47.560549],[7.591489,47.560512]]}},{"type":"Feature","properties":{"k":"haupt","name":"Elsässerstrasse"},"geometry":{"type":"LineString","coordinates":[[7.572554,47.576482],[7.572513,47.576526],[7.572351,47.576707]]}},{"type":"Feature","properties":{"k":"neben","name":"Leonhardsgraben"},"geometry":{"type":"LineString","coordinates":[[7.584134,47.556612],[7.584098,47.556653],[7.584071,47.556712],[7.584042,47.556788]]}},{"type":"Feature","properties":{"k":"neben","name":"Leonhardsstrasse"},"geometry":{"type":"LineString","coordinates":[[7.587261,47.555353],[7.587242,47.555335],[7.587176,47.555255],[7.587143,47.555223]]}},{"type":"Feature","properties":{"k":"neben","name":"Herbergsgasse"},"geometry":{"type":"LineString","coordinates":[[7.585095,47.560516],[7.58534,47.560392],[7.586098,47.560007],[7.586191,47.559967]]}},{"type":"Feature","properties":{"k":"neben","name":"Peterskirchplatz"},"geometry":{"type":"LineString","coordinates":[[7.584883,47.559131],[7.584773,47.559188],[7.584776,47.559426],[7.584523,47.559454]]}},{"type":"Feature","properties":{"k":"neben","name":"Stiftsgasse"},"geometry":{"type":"LineString","coordinates":[[7.584883,47.559131],[7.584885,47.559076],[7.584894,47.55877],[7.585609,47.558832]]}},{"type":"Feature","properties":{"k":"neben","name":"Rosshofgasse"},"geometry":{"type":"LineString","coordinates":[[7.585535,47.557338],[7.58425,47.557381]]}},{"type":"Feature","properties":{"k":"neben","name":"Rosshofgasse"},"geometry":{"type":"LineString","coordinates":[[7.584541,47.556947],[7.584494,47.557379]]}},{"type":"Feature","properties":{"k":"neben","name":"Spalen-Durchgang"},"geometry":{"type":"LineString","coordinates":[[7.58472,47.556378],[7.58473,47.556386],[7.584755,47.556409],[7.584853,47.556497]]}},{"type":"Feature","properties":{"k":"neben","name":"Gemsberg"},"geometry":{"type":"LineString","coordinates":[[7.586323,47.556572],[7.586273,47.556762],[7.586237,47.556839],[7.586129,47.557001]]}},{"type":"Feature","properties":{"k":"neben","name":"Ringgässlein"},"geometry":{"type":"LineString","coordinates":[[7.58978,47.555454],[7.590451,47.555611]]}},{"type":"Feature","properties":{"k":"neben","name":"Glockengasse"},"geometry":{"type":"LineString","coordinates":[[7.587043,47.55806],[7.587169,47.557912],[7.587242,47.55782],[7.587359,47.557597]]}},{"type":"Feature","properties":{"k":"neben","name":"Münsterplatz"},"geometry":{"type":"LineString","coordinates":[[7.591271,47.556861],[7.591679,47.557078],[7.592261,47.556692]]}},{"type":"Feature","properties":{"k":"neben","name":"Münsterplatz"},"geometry":{"type":"LineString","coordinates":[[7.592261,47.556692],[7.591667,47.556419]]}},{"type":"Feature","properties":{"k":"neben","name":"Gerbergasse"},"geometry":{"type":"LineString","coordinates":[[7.588531,47.556654],[7.588523,47.55664],[7.58862,47.556044]]}},{"type":"Feature","properties":{"k":"neben","name":"Gerbergasse"},"geometry":{"type":"LineString","coordinates":[[7.588531,47.556654],[7.588283,47.556942],[7.587903,47.557688]]}},{"type":"Feature","properties":{"k":"neben","name":"Rümelinsplatz"},"geometry":{"type":"LineString","coordinates":[[7.587217,47.556821],[7.587666,47.556596],[7.58782,47.55659]]}},{"type":"Feature","properties":{"k":"neben","name":"Leonhardskirchplatz"},"geometry":{"type":"LineString","coordinates":[[7.587621,47.555422],[7.587332,47.555371]]}},{"type":"Feature","properties":{"k":"haupt","name":"Luzernerring"},"geometry":{"type":"LineString","coordinates":[[7.567462,47.568454],[7.568562,47.568836]]}},{"type":"Feature","properties":{"k":"haupt","name":"Wasgenring"},"geometry":{"type":"LineString","coordinates":[[7.564438,47.560876],[7.564794,47.558157]]}},{"type":"Feature","properties":{"k":"neben","name":"Blotzheimerstrasse"},"geometry":{"type":"LineString","coordinates":[[7.568323,47.561623],[7.568108,47.561463],[7.566635,47.561442]]}},{"type":"Feature","properties":{"k":"haupt","name":"Morgartenring"},"geometry":{"type":"LineString","coordinates":[[7.564945,47.557127],[7.565009,47.556738]]}},{"type":"Feature","properties":{"k":"haupt","name":"Allschwilerstrasse"},"geometry":{"type":"LineString","coordinates":[[7.56621,47.557192],[7.56513,47.557198],[7.564945,47.557127]]}},{"type":"Feature","properties":{"k":"neben","name":"Rüdengasse"},"geometry":{"type":"LineString","coordinates":[[7.589335,47.556923],[7.589257,47.556897],[7.589121,47.55685],[7.588816,47.556744]]}},{"type":"Feature","properties":{"k":"neben","name":"Schützenmattstrasse"},"geometry":{"type":"LineString","coordinates":[[7.581188,47.556141],[7.581313,47.55626]]}},{"type":"Feature","properties":{"k":"neben","name":"Im langen Loh"},"geometry":{"type":"LineString","coordinates":[[7.565009,47.556738],[7.56423,47.556341]]}},{"type":"Feature","properties":{"k":"neben","name":"Passwangstrasse"},"geometry":{"type":"LineString","coordinates":[[7.563016,47.555991],[7.563613,47.555752],[7.563738,47.555707]]}},{"type":"Feature","properties":{"k":"neben","name":"Wiesendamm"},"geometry":{"type":"LineString","coordinates":[[7.591794,47.581395],[7.589916,47.581819]]}},{"type":"Feature","properties":{"k":"neben","name":"Uferstrasse"},"geometry":{"type":"LineString","coordinates":[[7.587439,47.582461],[7.587103,47.582391],[7.586824,47.582147],[7.586366,47.580723],[7.586127,47.579114],[7.586078,47.578228],[7.58619,47.576918],[7.586809,47.573856]]}},{"type":"Feature","properties":{"k":"neben","name":"Uferstrasse"},"geometry":{"type":"LineString","coordinates":[[7.587223,47.573763],[7.586921,47.573795]]}},{"type":"Feature","properties":{"k":"neben","name":"Dorfstrasse"},"geometry":{"type":"LineString","coordinates":[[7.592682,47.582765],[7.592656,47.582623]]}},{"type":"Feature","properties":{"k":"neben","name":"Hochbergerplatz"},"geometry":{"type":"LineString","coordinates":[[7.592238,47.581826],[7.592277,47.581811],[7.592344,47.581785],[7.592464,47.581739]]}},{"type":"Feature","properties":{"k":"neben","name":"Kleinhüningerstrasse"},"geometry":{"type":"LineString","coordinates":[[7.591719,47.581258],[7.589563,47.577231]]}},{"type":"Feature","properties":{"k":"neben","name":"Kleinhüningerstrasse"},"geometry":{"type":"LineString","coordinates":[[7.588857,47.575939],[7.588471,47.575381],[7.588303,47.575373]]}},{"type":"Feature","properties":{"k":"neben","name":"Giessliweg"},"geometry":{"type":"LineString","coordinates":[[7.591169,47.580278],[7.591047,47.580308],[7.589402,47.580715],[7.589312,47.580737]]}},{"type":"Feature","properties":{"k":"neben","name":"Ackerstrasse"},"geometry":{"type":"LineString","coordinates":[[7.591768,47.577727],[7.588288,47.578582]]}},{"type":"Feature","properties":{"k":"neben","name":"Rastatterstrasse"},"geometry":{"type":"LineString","coordinates":[[7.590504,47.579007],[7.588609,47.579414]]}},{"type":"Feature","properties":{"k":"neben","name":"Inselstrasse"},"geometry":{"type":"LineString","coordinates":[[7.589623,47.577357],[7.587944,47.577644]]}},{"type":"Feature","properties":{"k":"neben","name":"Schlossgasse"},"geometry":{"type":"LineString","coordinates":[[7.589262,47.576672],[7.587756,47.577006]]}},{"type":"Feature","properties":{"k":"neben","name":"Holderstrasse"},"geometry":{"type":"LineString","coordinates":[[7.589136,47.576433],[7.591104,47.575969]]}},{"type":"Feature","properties":{"k":"neben","name":"Klybeckstrasse"},"geometry":{"type":"LineString","coordinates":[[7.587614,47.576443],[7.587829,47.576412],[7.588857,47.575939]]}},{"type":"Feature","properties":{"k":"neben","name":"Gottesackerstrasse"},"geometry":{"type":"LineString","coordinates":[[7.595066,47.572185],[7.594982,47.572186],[7.592435,47.572249]]}},{"type":"Feature","properties":{"k":"neben","name":"Westquaistrasse"},"geometry":{"type":"LineString","coordinates":[[7.589688,47.58243],[7.587975,47.582794]]}},{"type":"Feature","properties":{"k":"haupt"},"geometry":{"type":"LineString","coordinates":[[7.583152,47.57068],[7.586817,47.570631]]}},{"type":"Feature","properties":{"k":"haupt"},"geometry":{"type":"LineString","coordinates":[[7.586817,47.570631],[7.587635,47.570633],[7.589008,47.570636]]}},{"type":"Feature","properties":{"k":"haupt"},"geometry":{"type":"LineString","coordinates":[[7.583285,47.57081],[7.580979,47.570816],[7.579258,47.570847]]}},{"type":"Feature","properties":{"k":"haupt"},"geometry":{"type":"LineString","coordinates":[[7.586871,47.570762],[7.583285,47.57081]]}},{"type":"Feature","properties":{"k":"neben","name":"Claragraben"},"geometry":{"type":"LineString","coordinates":[[7.591427,47.566338],[7.591532,47.566283],[7.591914,47.566138],[7.592229,47.565481]]}},{"type":"Feature","properties":{"k":"neben","name":"Claragraben"},"geometry":{"type":"LineString","coordinates":[[7.592164,47.566466],[7.592115,47.566388],[7.591914,47.566138]]}},{"type":"Feature","properties":{"k":"neben","name":"Totentanz"},"geometry":{"type":"LineString","coordinates":[[7.586131,47.561547],[7.585937,47.561761],[7.585606,47.562126],[7.585514,47.562241]]}},{"type":"Feature","properties":{"k":"neben","name":"Petersgraben"},"geometry":{"type":"LineString","coordinates":[[7.585693,47.561213],[7.585095,47.560516],[7.584523,47.559454],[7.584325,47.558099]]}},{"type":"Feature","properties":{"k":"neben","name":"Klingentalstrasse"},"geometry":{"type":"LineString","coordinates":[[7.593472,47.56349],[7.591973,47.563031]]}},{"type":"Feature","properties":{"k":"neben","name":"Wiesenplatz"},"geometry":{"type":"LineString","coordinates":[[7.591951,47.576747],[7.591999,47.577142]]}},{"type":"Feature","properties":{"k":"neben","name":"Wiesenstrasse"},"geometry":{"type":"LineString","coordinates":[[7.591999,47.577142],[7.593469,47.577547]]}},{"type":"Feature","properties":{"k":"neben","name":"Bändelgasse"},"geometry":{"type":"LineString","coordinates":[[7.592443,47.57954],[7.59282,47.579466],[7.593387,47.57951],[7.593776,47.579625]]}},{"type":"Feature","properties":{"k":"neben","name":"Wiesendamm"},"geometry":{"type":"LineString","coordinates":[[7.592858,47.580651],[7.592467,47.580994],[7.591794,47.581395]]}},{"type":"Feature","properties":{"k":"neben","name":"Bonergasse"},"geometry":{"type":"LineString","coordinates":[[7.592583,47.584785],[7.592525,47.584824],[7.592444,47.584842],[7.591681,47.584854]]}},{"type":"Feature","properties":{"k":"neben","name":"Friedlingerstrasse"},"geometry":{"type":"LineString","coordinates":[[7.592527,47.586444],[7.592585,47.585863],[7.59221,47.585569],[7.591681,47.584854]]}},{"type":"Feature","properties":{"k":"neben","name":"Bonergasse"},"geometry":{"type":"LineString","coordinates":[[7.591681,47.584854],[7.591302,47.584399],[7.590987,47.583786]]}},{"type":"Feature","properties":{"k":"neben","name":"Weilerweg"},"geometry":{"type":"LineString","coordinates":[[7.592583,47.584785],[7.593745,47.584961]]}},{"type":"Feature","properties":{"k":"neben","name":"Schäferweg"},"geometry":{"type":"LineString","coordinates":[[7.594941,47.585121],[7.595072,47.584004],[7.594779,47.5825]]}},{"type":"Feature","properties":{"k":"neben","name":"Färberstrasse"},"geometry":{"type":"LineString","coordinates":[[7.591951,47.576747],[7.593039,47.576125]]}},{"type":"Feature","properties":{"k":"neben","name":"Schulgasse"},"geometry":{"type":"LineString","coordinates":[[7.592202,47.583385],[7.592506,47.583362],[7.592795,47.583341]]}},{"type":"Feature","properties":{"k":"neben","name":"Schulgasse"},"geometry":{"type":"LineString","coordinates":[[7.592202,47.583385],[7.591395,47.583364]]}},{"type":"Feature","properties":{"k":"neben","name":"Pfarrgasse"},"geometry":{"type":"LineString","coordinates":[[7.592682,47.582765],[7.592054,47.582842],[7.592143,47.583157],[7.592202,47.583385]]}},{"type":"Feature","properties":{"k":"neben","name":"Dorfstrasse"},"geometry":{"type":"LineString","coordinates":[[7.592682,47.582765],[7.592795,47.583341]]}},{"type":"Feature","properties":{"k":"neben","name":"Friedhofgasse"},"geometry":{"type":"LineString","coordinates":[[7.592848,47.583612],[7.592273,47.583637]]}},{"type":"Feature","properties":{"k":"neben","name":"Unterer Rheinweg"},"geometry":{"type":"LineString","coordinates":[[7.58667,47.570786],[7.587123,47.573346]]}},{"type":"Feature","properties":{"k":"neben","name":"Altrheinweg"},"geometry":{"type":"LineString","coordinates":[[7.589916,47.581819],[7.588653,47.579527],[7.587756,47.577006]]}},{"type":"Feature","properties":{"k":"neben","name":"Gärtnerstrasse"},"geometry":{"type":"LineString","coordinates":[[7.593166,47.581403],[7.593121,47.581288],[7.593109,47.581258],[7.593097,47.581226]]}},{"type":"Feature","properties":{"k":"neben","name":"Pilgerstrasse"},"geometry":{"type":"LineString","coordinates":[[7.576224,47.558815],[7.577728,47.559716],[7.577783,47.559749],[7.577796,47.559759]]}},{"type":"Feature","properties":{"k":"neben","name":"Nonnenweg"},"geometry":{"type":"LineString","coordinates":[[7.577464,47.556329],[7.574809,47.559934],[7.574504,47.560088]]}},{"type":"Feature","properties":{"k":"neben","name":"Eulerstrasse"},"geometry":{"type":"LineString","coordinates":[[7.578413,47.556522],[7.579454,47.555942],[7.580256,47.55549],[7.580368,47.555427]]}},{"type":"Feature","properties":{"k":"neben","name":"Birmannsgasse"},"geometry":{"type":"LineString","coordinates":[[7.57997,47.558725],[7.579957,47.558714],[7.579934,47.558696],[7.5799,47.55867]]}},{"type":"Feature","properties":{"k":"neben","name":"Socinstrasse"},"geometry":{"type":"LineString","coordinates":[[7.576236,47.5555],[7.576301,47.555629],[7.577591,47.556392],[7.578413,47.556522],[7.579623,47.558473]]}},{"type":"Feature","properties":{"k":"neben","name":"Heinrichsgasse"},"geometry":{"type":"LineString","coordinates":[[7.575434,47.55627],[7.575735,47.556312]]}},{"type":"Feature","properties":{"k":"neben","name":"Socinstrasse"},"geometry":{"type":"LineString","coordinates":[[7.577554,47.555654],[7.577018,47.556056]]}},{"type":"Feature","properties":{"k":"neben","name":"Schützengraben"},"geometry":{"type":"LineString","coordinates":[[7.581313,47.55626],[7.583515,47.555681],[7.583838,47.555396]]}},{"type":"Feature","properties":{"k":"neben","name":"Mostackerstrasse"},"geometry":{"type":"LineString","coordinates":[[7.582345,47.555966],[7.582175,47.555634],[7.582031,47.55551]]}},{"type":"Feature","properties":{"k":"neben","name":"Maiengasse"},"geometry":{"type":"LineString","coordinates":[[7.57659,47.560406],[7.576772,47.560458],[7.579014,47.562011]]}},{"type":"Feature","properties":{"k":"neben","name":"Friedensgasse"},"geometry":{"type":"LineString","coordinates":[[7.579721,47.563582],[7.577554,47.562083]]}},{"type":"Feature","properties":{"k":"neben","name":"Rheinländerstrasse"},"geometry":{"type":"LineString","coordinates":[[7.577498,47.563324],[7.5787,47.563954],[7.578723,47.563978],[7.57874,47.564002]]}},{"type":"Feature","properties":{"k":"neben","name":"Metzerstrasse"},"geometry":{"type":"LineString","coordinates":[[7.579156,47.564053],[7.578859,47.563971],[7.577575,47.564355]]}},{"type":"Feature","properties":{"k":"neben","name":"Davidsrain"},"geometry":{"type":"LineString","coordinates":[[7.575829,47.564899],[7.57602,47.565043],[7.577078,47.56563]]}},{"type":"Feature","properties":{"k":"neben","name":"Am Krayenrain"},"geometry":{"type":"LineString","coordinates":[[7.576496,47.566044],[7.575267,47.565374],[7.575057,47.565131]]}},{"type":"Feature","properties":{"k":"neben","name":"Vogesenstrasse"},"geometry":{"type":"LineString","coordinates":[[7.576989,47.566247],[7.577738,47.566657]]}},{"type":"Feature","properties":{"k":"neben","name":"Südquaistrasse"},"geometry":{"type":"LineString","coordinates":[[7.59348,47.586625],[7.593462,47.586745],[7.593263,47.586726],[7.593299,47.586606],[7.59348,47.586625]]}},{"type":"Feature","properties":{"k":"neben","name":"Salmenweg"},"geometry":{"type":"LineString","coordinates":[[7.593764,47.580987],[7.594211,47.581287],[7.59464,47.581593]]}},{"type":"Feature","properties":{"k":"neben","name":"Hunnenstrasse"},"geometry":{"type":"LineString","coordinates":[[7.59427,47.581765],[7.59464,47.581593]]}},{"type":"Feature","properties":{"k":"neben","name":"Hunnenstrasse"},"geometry":{"type":"LineString","coordinates":[[7.593354,47.581904],[7.59427,47.581765]]}},{"type":"Feature","properties":{"k":"neben","name":"Hafenstrasse"},"geometry":{"type":"LineString","coordinates":[[7.593252,47.586647],[7.593194,47.586635],[7.593137,47.586623],[7.592644,47.58648]]}},{"type":"Feature","properties":{"k":"neben","name":"Südquaistrasse"},"geometry":{"type":"LineString","coordinates":[[7.60165,47.583496],[7.593911,47.586607],[7.593506,47.586677]]}},{"type":"Feature","properties":{"k":"neben","name":"Wiesendamm"},"geometry":{"type":"LineString","coordinates":[[7.587439,47.582461],[7.587497,47.582385],[7.588041,47.58224],[7.589321,47.581965],[7.589355,47.582009]]}},{"type":"Feature","properties":{"k":"neben","name":"Schönbeinstrasse"},"geometry":{"type":"LineString","coordinates":[[7.580613,47.559629],[7.581298,47.56103]]}},{"type":"Feature","properties":{"k":"neben","name":"Hebelstrasse"},"geometry":{"type":"LineString","coordinates":[[7.58476,47.559985],[7.581298,47.56103]]}},{"type":"Feature","properties":{"k":"neben","name":"Rappoltshof"},"geometry":{"type":"LineString","coordinates":[[7.592469,47.563175],[7.592939,47.562558],[7.593952,47.562848]]}},{"type":"Feature","properties":{"k":"neben","name":"Untere Rheingasse"},"geometry":{"type":"LineString","coordinates":[[7.590719,47.56147],[7.59109,47.56094]]}},{"type":"Feature","properties":{"k":"neben","name":"Ochsengasse"},"geometry":{"type":"LineString","coordinates":[[7.592072,47.561175],[7.592058,47.561192],[7.591668,47.561657]]}},{"type":"Feature","properties":{"k":"neben","name":"Teichgässlein"},"geometry":{"type":"LineString","coordinates":[[7.591668,47.561657],[7.592217,47.561856],[7.592699,47.562054]]}},{"type":"Feature","properties":{"k":"neben","name":"Sägergässlein"},"geometry":{"type":"LineString","coordinates":[[7.591668,47.561657],[7.590792,47.561317]]}},{"type":"Feature","properties":{"k":"neben","name":"Drahtzugstrasse"},"geometry":{"type":"LineString","coordinates":[[7.593952,47.562848],[7.598788,47.564292]]}},{"type":"Feature","properties":{"k":"neben","name":"Claramattweg"},"geometry":{"type":"LineString","coordinates":[[7.594947,47.563147],[7.595171,47.562796],[7.59612,47.562896],[7.596565,47.563033]]}},{"type":"Feature","properties":{"k":"neben","name":"Ochsengasse"},"geometry":{"type":"LineString","coordinates":[[7.591298,47.562151],[7.591668,47.561657]]}},{"type":"Feature","properties":{"k":"neben","name":"Bärenfelserstrasse"},"geometry":{"type":"LineString","coordinates":[[7.587722,47.56736],[7.588001,47.566219]]}},{"type":"Feature","properties":{"k":"neben","name":"Mythenstrasse"},"geometry":{"type":"LineString","coordinates":[[7.563738,47.555707],[7.56439,47.555494],[7.565052,47.555529],[7.565169,47.555535]]}},{"type":"Feature","properties":{"k":"neben","name":"Näfelserstrasse"},"geometry":{"type":"LineString","coordinates":[[7.566656,47.558964],[7.566599,47.558951],[7.566542,47.55893],[7.566469,47.558887]]}},{"type":"Feature","properties":{"k":"neben","name":"Nidwaldnerstrasse"},"geometry":{"type":"LineString","coordinates":[[7.5628,47.561105],[7.563135,47.558972],[7.563294,47.558917],[7.564682,47.55899]]}},{"type":"Feature","properties":{"k":"neben","name":"Helvetiaplatz"},"geometry":{"type":"LineString","coordinates":[[7.567137,47.560082],[7.566656,47.558964]]}},{"type":"Feature","properties":{"k":"neben","name":"Obwaldnerstrasse"},"geometry":{"type":"LineString","coordinates":[[7.56454,47.560127],[7.56666,47.560194]]}},{"type":"Feature","properties":{"k":"neben","name":"Rufacherstrasse"},"geometry":{"type":"LineString","coordinates":[[7.567619,47.559986],[7.571194,47.558443]]}},{"type":"Feature","properties":{"k":"neben","name":"Rixheimerstrasse"},"geometry":{"type":"LineString","coordinates":[[7.569646,47.561207],[7.568283,47.559711]]}},{"type":"Feature","properties":{"k":"neben","name":"Sierenzerstrasse"},"geometry":{"type":"LineString","coordinates":[[7.568035,47.557275],[7.567977,47.557918],[7.568475,47.559002],[7.570599,47.560906]]}},{"type":"Feature","properties":{"k":"neben","name":"Bartenheimerstrasse"},"geometry":{"type":"LineString","coordinates":[[7.571239,47.560696],[7.569479,47.55919],[7.56899,47.558693],[7.568897,47.558496]]}},{"type":"Feature","properties":{"k":"neben","name":"Colmarerstrasse"},"geometry":{"type":"LineString","coordinates":[[7.568523,47.557298],[7.570127,47.558899],[7.571819,47.56033]]}},{"type":"Feature","properties":{"k":"neben","name":"Eichenstrasse"},"geometry":{"type":"LineString","coordinates":[[7.570216,47.557379],[7.570218,47.557362],[7.570224,47.557295],[7.570228,47.557254]]}},{"type":"Feature","properties":{"k":"neben","name":"St. Galler-Ring"},"geometry":{"type":"LineString","coordinates":[[7.567315,47.556543],[7.567252,47.557239]]}},{"type":"Feature","properties":{"k":"neben","name":"Sängergasse"},"geometry":{"type":"LineString","coordinates":[[7.572318,47.556352],[7.572309,47.55634],[7.572283,47.556296]]}},{"type":"Feature","properties":{"k":"neben","name":"Blauenstrasse"},"geometry":{"type":"LineString","coordinates":[[7.573948,47.555999],[7.57394,47.555987],[7.573915,47.555948]]}},{"type":"Feature","properties":{"k":"haupt","name":"Allschwilerstrasse"},"geometry":{"type":"LineString","coordinates":[[7.564945,47.557127],[7.565919,47.557112],[7.56621,47.557192]]}},{"type":"Feature","properties":{"k":"neben","name":"Grenzstrasse"},"geometry":{"type":"LineString","coordinates":[[7.601803,47.585492],[7.60111,47.586177],[7.598426,47.587397],[7.596091,47.588046],[7.594979,47.58813]]}},{"type":"Feature","properties":{"k":"haupt","name":"Hiltalingerstrasse"},"geometry":{"type":"LineString","coordinates":[[7.593745,47.584961],[7.593705,47.585071],[7.593621,47.585248]]}},{"type":"Feature","properties":{"k":"neben","name":"Gärtnerstrasse"},"geometry":{"type":"LineString","coordinates":[[7.590368,47.573856],[7.591553,47.577163]]}},{"type":"Feature","properties":{"k":"haupt","name":"Klingelbergstrasse"},"geometry":{"type":"LineString","coordinates":[[7.579996,47.560338],[7.580038,47.560047]]}},{"type":"Feature","properties":{"k":"neben","name":"Bernoullistrasse"},"geometry":{"type":"LineString","coordinates":[[7.582706,47.559531],[7.580102,47.560135]]}},{"type":"Feature","properties":{"k":"neben","name":"Pestalozzistrasse"},"geometry":{"type":"LineString","coordinates":[[7.579852,47.564448],[7.579156,47.564053]]}},{"type":"Feature","properties":{"k":"haupt","name":"Mittlere Strasse"},"geometry":{"type":"LineString","coordinates":[[7.580038,47.560047],[7.580074,47.560018],[7.580184,47.559953]]}},{"type":"Feature","properties":{"k":"haupt","name":"Mittlere Strasse"},"geometry":{"type":"LineString","coordinates":[[7.580184,47.559953],[7.580613,47.559629]]}},{"type":"Feature","properties":{"k":"neben","name":"Auf der Lyss"},"geometry":{"type":"LineString","coordinates":[[7.584143,47.555671],[7.584464,47.555941],[7.584432,47.556315]]}},{"type":"Feature","properties":{"k":"neben","name":"Kornhausgasse"},"geometry":{"type":"LineString","coordinates":[[7.583824,47.556722],[7.584042,47.556788]]}},{"type":"Feature","properties":{"k":"neben","name":"Grünpfahlgasse"},"geometry":{"type":"LineString","coordinates":[[7.58782,47.55659],[7.588384,47.556765],[7.588405,47.556772]]}},{"type":"Feature","properties":{"k":"neben","name":"Leonhardsgraben"},"geometry":{"type":"LineString","coordinates":[[7.58456,47.55644],[7.586933,47.555572],[7.587261,47.555353]]}},{"type":"Feature","properties":{"k":"neben","name":"Marktplatz"},"geometry":{"type":"LineString","coordinates":[[7.587259,47.558605],[7.58728,47.558609],[7.587315,47.558618],[7.587554,47.558678]]}},{"type":"Feature","properties":{"k":"neben","name":"Marktplatz"},"geometry":{"type":"LineString","coordinates":[[7.587873,47.55774],[7.587514,47.558241]]}},{"type":"Feature","properties":{"k":"neben","name":"Klybeckstrasse"},"geometry":{"type":"LineString","coordinates":[[7.591973,47.563031],[7.591445,47.564093]]}},{"type":"Feature","properties":{"k":"neben","name":"Marktplatz"},"geometry":{"type":"LineString","coordinates":[[7.587903,47.557688],[7.588287,47.5578]]}},{"type":"Feature","properties":{"k":"neben","name":"Klybeckstrasse"},"geometry":{"type":"LineString","coordinates":[[7.588857,47.575939],[7.589489,47.575245]]}},{"type":"Feature","properties":{"k":"neben","name":"Greifengasse"},"geometry":{"type":"LineString","coordinates":[[7.592072,47.561175],[7.59341,47.561568]]}},{"type":"Feature","properties":{"k":"neben","name":"Türkheimerstrasse"},"geometry":{"type":"LineString","coordinates":[[7.571819,47.56033],[7.573389,47.559372],[7.574428,47.558065]]}},{"type":"Feature","properties":{"k":"haupt","name":"Allschwilerplatz"},"geometry":{"type":"LineString","coordinates":[[7.570216,47.557379],[7.5703,47.557381],[7.570579,47.557395]]}},{"type":"Feature","properties":{"k":"neben","name":"Birkenstrasse"},"geometry":{"type":"LineString","coordinates":[[7.574428,47.558065],[7.573735,47.557436]]}},{"type":"Feature","properties":{"k":"neben","name":"Birkenstrasse"},"geometry":{"type":"LineString","coordinates":[[7.572572,47.556293],[7.572577,47.556303],[7.572596,47.556343]]}},{"type":"Feature","properties":{"k":"neben","name":"Türkheimerstrasse"},"geometry":{"type":"LineString","coordinates":[[7.574652,47.557262],[7.574628,47.557348],[7.574595,47.557466]]}},{"type":"Feature","properties":{"k":"neben","name":"Palmenstrasse"},"geometry":{"type":"LineString","coordinates":[[7.574519,47.557284],[7.574445,47.557209]]}},{"type":"Feature","properties":{"k":"neben","name":"Petersgraben"},"geometry":{"type":"LineString","coordinates":[[7.584325,47.558099],[7.584128,47.557062]]}},{"type":"Feature","properties":{"k":"neben","name":"Gärtnerstrasse"},"geometry":{"type":"LineString","coordinates":[[7.592924,47.580821],[7.592912,47.58079],[7.592879,47.580706],[7.592858,47.580651]]}},{"type":"Feature","properties":{"k":"neben","name":"Pfeffelstrasse"},"geometry":{"type":"LineString","coordinates":[[7.570761,47.558631],[7.572349,47.560004]]}},{"type":"Feature","properties":{"k":"neben","name":"Stöberstrasse"},"geometry":{"type":"LineString","coordinates":[[7.572357,47.559267],[7.572855,47.559689]]}},{"type":"Feature","properties":{"k":"neben","name":"Schlettstadterstrasse"},"geometry":{"type":"LineString","coordinates":[[7.572018,47.558085],[7.573389,47.559372]]}},{"type":"Feature","properties":{"k":"neben","name":"St. Galler-Ring"},"geometry":{"type":"LineString","coordinates":[[7.567032,47.557228],[7.567096,47.556614],[7.567228,47.556542]]}},{"type":"Feature","properties":{"k":"neben","name":"Hegenheimerstrasse"},"geometry":{"type":"LineString","coordinates":[[7.572528,47.5599],[7.572681,47.56005],[7.572765,47.560394]]}},{"type":"Feature","properties":{"k":"neben","name":"Kleinhüningerstrasse"},"geometry":{"type":"LineString","coordinates":[[7.59183,47.581447],[7.591981,47.581675],[7.592029,47.58174],[7.592032,47.581745]]}},{"type":"Feature","properties":{"k":"neben","name":"Uferstrasse"},"geometry":{"type":"LineString","coordinates":[[7.587941,47.582726],[7.587487,47.582474]]}},{"type":"Feature","properties":{"k":"neben","name":"Uferstrasse"},"geometry":{"type":"LineString","coordinates":[[7.587487,47.582474],[7.587439,47.582461]]}},{"type":"Feature","properties":{"k":"neben","name":"Gärtnerstrasse"},"geometry":{"type":"LineString","coordinates":[[7.593097,47.581226],[7.592944,47.580874],[7.592924,47.580821]]}},{"type":"Feature","properties":{"k":"neben","name":"Kleinhüningerstrasse"},"geometry":{"type":"LineString","coordinates":[[7.59183,47.581447],[7.591794,47.581395]]}},{"type":"Feature","properties":{"k":"neben","name":"Klingental"},"geometry":{"type":"LineString","coordinates":[[7.590315,47.562197],[7.590439,47.562322],[7.590843,47.562435]]}},{"type":"Feature","properties":{"k":"neben","name":"Klingental"},"geometry":{"type":"LineString","coordinates":[[7.590843,47.562435],[7.59127,47.56256],[7.591135,47.562787]]}},{"type":"Feature","properties":{"k":"neben","name":"Strassburgerallee"},"geometry":{"type":"LineString","coordinates":[[7.572995,47.565044],[7.572867,47.564824]]}},{"type":"Feature","properties":{"k":"haupt","name":"Spalenring"},"geometry":{"type":"LineString","coordinates":[[7.574504,47.560088],[7.574474,47.560199],[7.574394,47.560469],[7.574373,47.560539]]}},{"type":"Feature","properties":{"k":"haupt","name":"Kannenfeldstrasse"},"geometry":{"type":"LineString","coordinates":[[7.572995,47.565044],[7.573651,47.562662]]}},{"type":"Feature","properties":{"k":"haupt","name":"Kannenfeldstrasse"},"geometry":{"type":"LineString","coordinates":[[7.574045,47.56181],[7.574036,47.56185],[7.574028,47.561888],[7.574018,47.561943]]}},{"type":"Feature","properties":{"k":"neben","name":"Wintergasse"},"geometry":{"type":"LineString","coordinates":[[7.57453,47.564845],[7.573225,47.564233]]}},{"type":"Feature","properties":{"k":"neben","name":"Felsplattenstrasse"},"geometry":{"type":"LineString","coordinates":[[7.558149,47.564718],[7.560693,47.564025]]}},{"type":"Feature","properties":{"k":"haupt","name":"Schlachthofstrasse"},"geometry":{"type":"LineString","coordinates":[[7.563999,47.575433],[7.563708,47.575236]]}},{"type":"Feature","properties":{"k":"haupt","name":"Flughafenstrasse"},"geometry":{"type":"LineString","coordinates":[[7.565519,47.57365],[7.566347,47.573308],[7.567199,47.572837],[7.568364,47.571928]]}},{"type":"Feature","properties":{"k":"neben","name":"Neudorfstrasse"},"geometry":{"type":"LineString","coordinates":[[7.568364,47.571928],[7.568486,47.572085],[7.568439,47.572189],[7.56675,47.573535]]}},{"type":"Feature","properties":{"k":"neben","name":"Oekolampadstrasse"},"geometry":{"type":"LineString","coordinates":[[7.570216,47.557379],[7.570214,47.557387],[7.570212,47.557429],[7.570208,47.557468]]}},{"type":"Feature","properties":{"k":"haupt","name":"Missionsstrasse"},"geometry":{"type":"LineString","coordinates":[[7.579508,47.558919],[7.579522,47.558899],[7.579558,47.55886],[7.5799,47.55867]]}},{"type":"Feature","properties":{"k":"haupt","name":"Burgfelderstrasse"},"geometry":{"type":"LineString","coordinates":[[7.561027,47.568714],[7.563558,47.567123]]}},{"type":"Feature","properties":{"k":"neben","name":"Allschwilerstrasse"},"geometry":{"type":"LineString","coordinates":[[7.571237,47.556939],[7.572318,47.556352],[7.575591,47.555648]]}},{"type":"Feature","properties":{"k":"neben","name":"Allschwilerstrasse"},"geometry":{"type":"LineString","coordinates":[[7.571237,47.556939],[7.571138,47.55742]]}},{"type":"Feature","properties":{"k":"neben","name":"Buschweilerweg"},"geometry":{"type":"LineString","coordinates":[[7.561556,47.559224],[7.56204,47.56017],[7.5628,47.561105]]}},{"type":"Feature","properties":{"k":"neben","name":"Mülhauserstrasse"},"geometry":{"type":"LineString","coordinates":[[7.573531,47.565308],[7.573712,47.565353],[7.573803,47.565377],[7.573881,47.565405]]}},{"type":"Feature","properties":{"k":"neben","name":"St. Johanns-Vorstadt"},"geometry":{"type":"LineString","coordinates":[[7.581694,47.566507],[7.582668,47.565669]]}},{"type":"Feature","properties":{"k":"haupt","name":"Flughafenstrasse"},"geometry":{"type":"LineString","coordinates":[[7.572745,47.566156],[7.572847,47.565782],[7.572903,47.565624]]}},{"type":"Feature","properties":{"k":"haupt","name":"Spalenring"},"geometry":{"type":"LineString","coordinates":[[7.575151,47.557173],[7.575591,47.555648]]}},{"type":"Feature","properties":{"k":"haupt","name":"Missionsstrasse"},"geometry":{"type":"LineString","coordinates":[[7.574045,47.56181],[7.574509,47.561583]]}},{"type":"Feature","properties":{"k":"haupt","name":"Schlachthofstrasse"},"geometry":{"type":"LineString","coordinates":[[7.563216,47.574695],[7.563175,47.574655],[7.56315,47.574631]]}},{"type":"Feature","properties":{"k":"haupt"},"geometry":{"type":"LineString","coordinates":[[7.563151,47.575165],[7.565645,47.574014]]}},{"type":"Feature","properties":{"k":"neben","name":"Lichtstrasse"},"geometry":{"type":"LineString","coordinates":[[7.578941,47.572385],[7.578729,47.572319]]}},{"type":"Feature","properties":{"k":"neben","name":"Kraftstrasse"},"geometry":{"type":"LineString","coordinates":[[7.577037,47.57307],[7.577407,47.572892],[7.57798,47.572071]]}},{"type":"Feature","properties":{"k":"neben","name":"Allschwilerstrasse"},"geometry":{"type":"LineString","coordinates":[[7.570216,47.557379],[7.571237,47.556939]]}},{"type":"Feature","properties":{"k":"neben","name":"Webergasse"},"geometry":{"type":"LineString","coordinates":[[7.591028,47.562098],[7.590918,47.562076],[7.590719,47.56147]]}},{"type":"Feature","properties":{"k":"neben","name":"Greifengasse"},"geometry":{"type":"LineString","coordinates":[[7.591177,47.560864],[7.591079,47.560821],[7.590808,47.560694]]}},{"type":"Feature","properties":{"k":"neben","name":"Gustav Wenk-Strasse"},"geometry":{"type":"LineString","coordinates":[[7.567462,47.568454],[7.566442,47.569283],[7.56755,47.569828],[7.568617,47.570152],[7.569339,47.570272]]}},{"type":"Feature","properties":{"k":"neben","name":"Wilhelm Klein-Strasse"},"geometry":{"type":"LineString","coordinates":[[7.566522,47.570945],[7.566257,47.570765],[7.56755,47.569828]]}},{"type":"Feature","properties":{"k":"neben","name":"Glaserbergstrasse"},"geometry":{"type":"LineString","coordinates":[[7.568197,47.566128],[7.570686,47.567836]]}},{"type":"Feature","properties":{"k":"neben","name":"Largitzenstrasse"},"geometry":{"type":"LineString","coordinates":[[7.569534,47.56832],[7.569498,47.568012],[7.566382,47.565569]]}},{"type":"Feature","properties":{"k":"neben","name":"Lachenstrasse"},"geometry":{"type":"LineString","coordinates":[[7.56999,47.568365],[7.569534,47.56832]]}},{"type":"Feature","properties":{"k":"neben","name":"Dammerkirchstrasse"},"geometry":{"type":"LineString","coordinates":[[7.568453,47.568332],[7.568162,47.56789]]}},{"type":"Feature","properties":{"k":"neben","name":"Septerstrasse"},"geometry":{"type":"LineString","coordinates":[[7.568217,47.567934],[7.568975,47.56758],[7.569653,47.567181]]}},{"type":"Feature","properties":{"k":"neben","name":"Bungestrasse"},"geometry":{"type":"LineString","coordinates":[[7.563406,47.567213],[7.563727,47.567521],[7.565106,47.568404],[7.565372,47.56866]]}},{"type":"Feature","properties":{"k":"neben","name":"Sundgauerstrasse"},"geometry":{"type":"LineString","coordinates":[[7.562694,47.56552],[7.563182,47.564609],[7.563532,47.564511]]}},{"type":"Feature","properties":{"k":"neben","name":"Markircherstrasse"},"geometry":{"type":"LineString","coordinates":[[7.563226,47.566017],[7.563162,47.565957],[7.562694,47.56552]]}},{"type":"Feature","properties":{"k":"neben","name":"Oltingerstrasse"},"geometry":{"type":"LineString","coordinates":[[7.562761,47.567604],[7.561656,47.566721]]}},{"type":"Feature","properties":{"k":"neben","name":"Belforterstrasse"},"geometry":{"type":"LineString","coordinates":[[7.558264,47.56489],[7.557433,47.563677]]}},{"type":"Feature","properties":{"k":"neben","name":"Waldighoferstrasse"},"geometry":{"type":"LineString","coordinates":[[7.561629,47.568314],[7.559514,47.567276],[7.559368,47.56727]]}},{"type":"Feature","properties":{"k":"neben","name":"Ziegelstrasse"},"geometry":{"type":"LineString","coordinates":[[7.564212,47.565425],[7.564071,47.565496],[7.563162,47.565957]]}},{"type":"Feature","properties":{"k":"neben","name":"Kaysersbergerstrasse"},"geometry":{"type":"LineString","coordinates":[[7.56025,47.565396],[7.561012,47.565175],[7.561085,47.565172]]}},{"type":"Feature","properties":{"k":"neben","name":"Kaysersbergerstrasse"},"geometry":{"type":"LineString","coordinates":[[7.56166,47.566064],[7.56199,47.566381]]}},{"type":"Feature","properties":{"k":"neben","name":"Bollweilerstrasse"},"geometry":{"type":"LineString","coordinates":[[7.560747,47.567869],[7.561372,47.567501],[7.562119,47.567129]]}},{"type":"Feature","properties":{"k":"neben","name":"Volkensbergerstrasse"},"geometry":{"type":"LineString","coordinates":[[7.560047,47.567523],[7.561656,47.566721]]}},{"type":"Feature","properties":{"k":"neben","name":"Bonfolstrasse"},"geometry":{"type":"LineString","coordinates":[[7.558847,47.565993],[7.560366,47.565515]]}},{"type":"Feature","properties":{"k":"neben","name":"Rodersdorferstrasse"},"geometry":{"type":"LineString","coordinates":[[7.559062,47.566511],[7.559851,47.566282],[7.560753,47.565897]]}},{"type":"Feature","properties":{"k":"neben","name":"Michelbacherstrasse"},"geometry":{"type":"LineString","coordinates":[[7.561119,47.566315],[7.559297,47.567079]]}},{"type":"Feature","properties":{"k":"neben","name":"Theodor Herzl-Strasse"},"geometry":{"type":"LineString","coordinates":[[7.559368,47.56727],[7.560171,47.569182],[7.560284,47.569256]]}},{"type":"Feature","properties":{"k":"neben","name":"Wasensträsschen"},"geometry":{"type":"LineString","coordinates":[[7.569175,47.570808],[7.569623,47.570874],[7.570074,47.570233],[7.570353,47.569482]]}},{"type":"Feature","properties":{"k":"neben","name":"Roggenburgstrasse"},"geometry":{"type":"LineString","coordinates":[[7.557841,47.5642],[7.560212,47.563523],[7.560426,47.563589],[7.560693,47.564025]]}},{"type":"Feature","properties":{"k":"neben","name":"Welschmattstrasse"},"geometry":{"type":"LineString","coordinates":[[7.562488,47.563296],[7.563225,47.561221]]}},{"type":"Feature","properties":{"k":"neben","name":"Grienstrasse"},"geometry":{"type":"LineString","coordinates":[[7.565677,47.559041],[7.565333,47.561414],[7.564619,47.56327],[7.564775,47.563691]]}},{"type":"Feature","properties":{"k":"neben","name":"Appenzellerstrasse"},"geometry":{"type":"LineString","coordinates":[[7.566635,47.561442],[7.56666,47.560194]]}},{"type":"Feature","properties":{"k":"neben","name":"Rämelstrasse"},"geometry":{"type":"LineString","coordinates":[[7.566259,47.563003],[7.566188,47.56297],[7.565377,47.562542],[7.564971,47.562459]]}},{"type":"Feature","properties":{"k":"neben","name":"Lenzgasse"},"geometry":{"type":"LineString","coordinates":[[7.571144,47.567514],[7.571685,47.567863],[7.571708,47.568011],[7.570524,47.56892],[7.570194,47.568978]]}},{"type":"Feature","properties":{"k":"neben","name":"Wilhelm His-Strasse"},"geometry":{"type":"LineString","coordinates":[[7.583459,47.564698],[7.582633,47.564397],[7.581999,47.56402]]}},{"type":"Feature","properties":{"k":"neben","name":"Johanniterstrasse"},"geometry":{"type":"LineString","coordinates":[[7.58287,47.565521],[7.58181,47.565054]]}},{"type":"Feature","properties":{"k":"neben","name":"St. Johanns-Platz"},"geometry":{"type":"LineString","coordinates":[[7.580741,47.566762],[7.581142,47.566927],[7.581205,47.566953]]}},{"type":"Feature","properties":{"k":"neben","name":"Fatiostrasse"},"geometry":{"type":"LineString","coordinates":[[7.579775,47.567641],[7.580126,47.567261],[7.580117,47.567225],[7.579345,47.566888]]}},{"type":"Feature","properties":{"k":"neben","name":"Friedrich Miescher-Strasse"},"geometry":{"type":"LineString","coordinates":[[7.564736,47.573938],[7.564405,47.573627],[7.561361,47.571633],[7.561182,47.571609]]}},{"type":"Feature","properties":{"k":"neben","name":"Im Burgfelderhof"},"geometry":{"type":"LineString","coordinates":[[7.557968,47.571635],[7.558652,47.570566],[7.558563,47.570441]]}},{"type":"Feature","properties":{"k":"neben","name":"Spalentorweg"},"geometry":{"type":"LineString","coordinates":[[7.579392,47.555873],[7.58073,47.557398],[7.581024,47.557497]]}},{"type":"Feature","properties":{"k":"haupt","name":"Elsässerstrasse"},"geometry":{"type":"LineString","coordinates":[[7.577886,47.570843],[7.576401,47.572536]]}},{"type":"Feature","properties":{"k":"neben","name":"Buchenstrasse"},"geometry":{"type":"LineString","coordinates":[[7.567349,47.556071],[7.57107,47.556217],[7.571817,47.556008]]}},{"type":"Feature","properties":{"k":"haupt"},"geometry":{"type":"LineString","coordinates":[[7.579258,47.570847],[7.578506,47.570918]]}},{"type":"Feature","properties":{"k":"haupt","name":"Luzernerring"},"geometry":{"type":"LineString","coordinates":[[7.57027,47.569318],[7.569967,47.569245],[7.569878,47.569227],[7.569845,47.56922]]}},{"type":"Feature","properties":{"k":"neben","name":"Vogesenstrasse"},"geometry":{"type":"LineString","coordinates":[[7.573737,47.570117],[7.574933,47.569106],[7.57556,47.56855]]}},{"type":"Feature","properties":{"k":"neben","name":"Hüningerstrasse"},"geometry":{"type":"LineString","coordinates":[[7.573737,47.570117],[7.574699,47.570924]]}},{"type":"Feature","properties":{"k":"haupt","name":"Elsässerstrasse"},"geometry":{"type":"LineString","coordinates":[[7.576401,47.572536],[7.574109,47.574777]]}},{"type":"Feature","properties":{"k":"haupt","name":"Hüningerstrasse"},"geometry":{"type":"LineString","coordinates":[[7.574881,47.571202],[7.576401,47.572536]]}},{"type":"Feature","properties":{"k":"haupt","name":"Luzernerring"},"geometry":{"type":"LineString","coordinates":[[7.574565,47.570969],[7.574082,47.570648]]}},{"type":"Feature","properties":{"k":"haupt","name":"Lothringerplatz"},"geometry":{"type":"LineString","coordinates":[[7.574559,47.571174],[7.57449,47.571057],[7.574597,47.570953],[7.574803,47.57092],[7.575006,47.570988],[7.575034,47.571094],[7.574924,47.571188],[7.574559,47.571174]]}},{"type":"Feature","properties":{"k":"neben","name":"Friedrichstrasse"},"geometry":{"type":"LineString","coordinates":[[7.575233,47.55692],[7.574937,47.556828],[7.574384,47.556266],[7.574233,47.555998]]}},{"type":"Feature","properties":{"k":"haupt","name":"Luzernerring"},"geometry":{"type":"LineString","coordinates":[[7.569352,47.569194],[7.568131,47.568833],[7.567571,47.568576],[7.567462,47.568454]]}},{"type":"Feature","properties":{"k":"haupt","name":"Luzernerring"},"geometry":{"type":"LineString","coordinates":[[7.567462,47.568454],[7.567299,47.568356]]}},{"type":"Feature","properties":{"k":"neben","name":"Spalenring"},"geometry":{"type":"LineString","coordinates":[[7.574233,47.560502],[7.574191,47.560383],[7.575013,47.557625]]}},{"type":"Feature","properties":{"k":"neben","name":"Hüningerstrasse"},"geometry":{"type":"LineString","coordinates":[[7.576401,47.572536],[7.577058,47.573126]]}},{"type":"Feature","properties":{"k":"neben","name":"Neuhausstrasse"},"geometry":{"type":"LineString","coordinates":[[7.592656,47.582623],[7.593412,47.582581],[7.593573,47.582575],[7.593592,47.582574]]}},{"type":"Feature","properties":{"k":"neben","name":"Lützelstrasse"},"geometry":{"type":"LineString","coordinates":[[7.569363,47.563181],[7.567305,47.564171]]}},{"type":"Feature","properties":{"k":"neben","name":"Weilerweg"},"geometry":{"type":"LineString","coordinates":[[7.593745,47.584961],[7.594941,47.585121]]}},{"type":"Feature","properties":{"k":"neben","name":"Dolderweg"},"geometry":{"type":"LineString","coordinates":[[7.594587,47.560502],[7.594658,47.560538],[7.595565,47.560972],[7.59561,47.560994]]}},{"type":"Feature","properties":{"k":"neben","name":"Lothringerstrasse"},"geometry":{"type":"LineString","coordinates":[[7.574678,47.571211],[7.574668,47.571233],[7.57464,47.571294],[7.57417,47.571835]]}},{"type":"Feature","properties":{"k":"neben","name":"Beckenstrasse"},"geometry":{"type":"LineString","coordinates":[[7.57417,47.571835],[7.57503,47.572171],[7.575649,47.571891]]}},{"type":"Feature","properties":{"k":"neben","name":"Kasernenstrasse"},"geometry":{"type":"LineString","coordinates":[[7.59071,47.562636],[7.590795,47.562684],[7.591135,47.562787],[7.591768,47.562971]]}},{"type":"Feature","properties":{"k":"haupt","name":"Kleinhüningeranlage"},"geometry":{"type":"LineString","coordinates":[[7.593592,47.582574],[7.59352,47.582356],[7.593354,47.581904]]}},{"type":"Feature","properties":{"k":"neben","name":"Unterer Rheinweg"},"geometry":{"type":"LineString","coordinates":[[7.58933,47.56214],[7.588597,47.563024],[7.588573,47.563164]]}},{"type":"Feature","properties":{"k":"neben","name":"Kembserweg"},"geometry":{"type":"LineString","coordinates":[[7.571075,47.561355],[7.572323,47.56075]]}},{"type":"Feature","properties":{"k":"neben","name":"Föhrenstrasse"},"geometry":{"type":"LineString","coordinates":[[7.570072,47.555277],[7.570036,47.55536],[7.569907,47.555402]]}},{"type":"Feature","properties":{"k":"neben","name":"Im Ettingerhof"},"geometry":{"type":"LineString","coordinates":[[7.563023,47.559637],[7.563717,47.55967]]}},{"type":"Feature","properties":{"k":"neben","name":"Bündnerstrasse"},"geometry":{"type":"LineString","coordinates":[[7.564682,47.55899],[7.56604,47.559059],[7.566656,47.558964]]}},{"type":"Feature","properties":{"k":"neben","name":"Strassburgerallee"},"geometry":{"type":"LineString","coordinates":[[7.569428,47.56197],[7.569549,47.561914],[7.569927,47.561737],[7.570049,47.561732]]}},{"type":"Feature","properties":{"k":"haupt","name":"Burgfelderstrasse"},"geometry":{"type":"LineString","coordinates":[[7.560284,47.569256],[7.561027,47.568714]]}},{"type":"Feature","properties":{"k":"haupt","name":"Elsässerstrasse"},"geometry":{"type":"LineString","coordinates":[[7.574109,47.574777],[7.573925,47.575081],[7.573419,47.575556]]}},{"type":"Feature","properties":{"k":"haupt","name":"Kleinhüningeranlage"},"geometry":{"type":"LineString","coordinates":[[7.593745,47.584961],[7.593866,47.584115],[7.593592,47.582574]]}},{"type":"Feature","properties":{"k":"neben","name":"Hegenheimerstrasse"},"geometry":{"type":"LineString","coordinates":[[7.55733,47.565101],[7.558577,47.565379]]}},{"type":"Feature","properties":{"k":"neben","name":"Klingentalstrasse"},"geometry":{"type":"LineString","coordinates":[[7.595767,47.564212],[7.594492,47.56382]]}},{"type":"Feature","properties":{"k":"neben","name":"Im Witterswilerhof"},"geometry":{"type":"LineString","coordinates":[[7.562912,47.560395],[7.563633,47.560422]]}},{"type":"Feature","properties":{"k":"haupt","name":"Kohlenstrasse"},"geometry":{"type":"LineString","coordinates":[[7.57362,47.576008],[7.574552,47.575836]]}},{"type":"Feature","properties":{"k":"haupt","name":"Elsässerstrasse"},"geometry":{"type":"LineString","coordinates":[[7.572818,47.576189],[7.572843,47.575986],[7.573151,47.575617],[7.573777,47.574992],[7.574109,47.574777]]}},{"type":"Feature","properties":{"k":"neben","name":"Neuhausstrasse"},"geometry":{"type":"LineString","coordinates":[[7.593592,47.582574],[7.596844,47.582329]]}},{"type":"Feature","properties":{"k":"haupt","name":"Burgfelderstrasse"},"geometry":{"type":"LineString","coordinates":[[7.55757,47.571674],[7.557397,47.572012]]}},{"type":"Feature","properties":{"k":"neben","name":"Wiesendamm"},"geometry":{"type":"LineString","coordinates":[[7.592858,47.580651],[7.593776,47.579625],[7.594769,47.577937]]}},{"type":"Feature","properties":{"k":"neben","name":"Allschwilerstrasse"},"geometry":{"type":"LineString","coordinates":[[7.565966,47.55723],[7.566052,47.557884]]}},{"type":"Feature","properties":{"k":"neben","name":"Sarnerstrasse"},"geometry":{"type":"LineString","coordinates":[[7.565606,47.559606],[7.566389,47.559648]]}},{"type":"Feature","properties":{"k":"neben","name":"Wild Ma-Gässli"},"geometry":{"type":"LineString","coordinates":[[7.591489,47.560512],[7.591284,47.560406]]}},{"type":"Feature","properties":{"k":"neben","name":"Wild Ma-Gässli"},"geometry":{"type":"LineString","coordinates":[[7.591284,47.560406],[7.591171,47.560355]]}},{"type":"Feature","properties":{"k":"haupt","name":"Voltastrasse"},"geometry":{"type":"LineString","coordinates":[[7.577886,47.570843],[7.575437,47.571023],[7.575024,47.571114]]}},{"type":"Feature","properties":{"k":"neben","name":"Allschwilerplatz"},"geometry":{"type":"LineString","coordinates":[[7.570259,47.557023],[7.570798,47.557056],[7.570876,47.55706],[7.570931,47.557064]]}},{"type":"Feature","properties":{"k":"haupt","name":"Ahornstrasse"},"geometry":{"type":"LineString","coordinates":[[7.571138,47.55742],[7.572946,47.557507],[7.57306,47.557511]]}},{"type":"Feature","properties":{"k":"haupt","name":"Burgfelderstrasse"},"geometry":{"type":"LineString","coordinates":[[7.55757,47.571674],[7.55807,47.570948],[7.558563,47.570441],[7.560284,47.569256]]}},{"type":"Feature","properties":{"k":"neben","name":"Rittergasse"},"geometry":{"type":"LineString","coordinates":[[7.593207,47.555417],[7.593433,47.555527],[7.593455,47.555538],[7.593945,47.5557]]}},{"type":"Feature","properties":{"k":"neben","name":"Claragraben"},"geometry":{"type":"LineString","coordinates":[[7.593472,47.56349],[7.593529,47.563405],[7.593903,47.562911],[7.593952,47.562848]]}},{"type":"Feature","properties":{"k":"neben","name":"Im Burgfelderhof"},"geometry":{"type":"LineString","coordinates":[[7.558483,47.571965],[7.557721,47.572858]]}},{"type":"Feature","properties":{"k":"neben","name":"Felsplattenstrasse"},"geometry":{"type":"LineString","coordinates":[[7.56198,47.564464],[7.561548,47.563851],[7.56134,47.563845],[7.560693,47.564025]]}},{"type":"Feature","properties":{"k":"neben","name":"St. Galler-Ring"},"geometry":{"type":"LineString","coordinates":[[7.567266,47.558873],[7.567066,47.55723]]}},{"type":"Feature","properties":{"k":"neben","name":"Müllheimerstrasse"},"geometry":{"type":"LineString","coordinates":[[7.592503,47.56706],[7.592623,47.566657],[7.59316,47.565683],[7.594021,47.565029]]}},{"type":"Feature","properties":{"k":"neben","name":"Müllheimerstrasse"},"geometry":{"type":"LineString","coordinates":[[7.592276,47.570053],[7.592276,47.570634],[7.592276,47.570692]]}},{"type":"Feature","properties":{"k":"neben","name":"Müllheimerstrasse"},"geometry":{"type":"LineString","coordinates":[[7.592287,47.568884],[7.59229,47.569322]]}},{"type":"Feature","properties":{"k":"neben","name":"Müllheimerstrasse"},"geometry":{"type":"LineString","coordinates":[[7.592276,47.570053],[7.59229,47.569322]]}},{"type":"Feature","properties":{"k":"neben","name":"Amerbachstrasse"},"geometry":{"type":"LineString","coordinates":[[7.59229,47.569322],[7.590346,47.569312]]}},{"type":"Feature","properties":{"k":"neben","name":"Amerbachstrasse"},"geometry":{"type":"LineString","coordinates":[[7.594982,47.569314],[7.59229,47.569322]]}},{"type":"Feature","properties":{"k":"neben","name":"Amerbachstrasse"},"geometry":{"type":"LineString","coordinates":[[7.594982,47.569314],[7.596281,47.569405]]}},{"type":"Feature","properties":{"k":"neben","name":"Markgräflerstrasse"},"geometry":{"type":"LineString","coordinates":[[7.592276,47.570053],[7.592357,47.570053],[7.595077,47.570052]]}},{"type":"Feature","properties":{"k":"neben","name":"Hammerstrasse"},"geometry":{"type":"LineString","coordinates":[[7.595077,47.570052],[7.594982,47.569314]]}},{"type":"Feature","properties":{"k":"neben","name":"Hammerstrasse"},"geometry":{"type":"LineString","coordinates":[[7.594982,47.569314],[7.594932,47.568781],[7.595023,47.568736]]}},{"type":"Feature","properties":{"k":"neben","name":"Müllheimerstrasse"},"geometry":{"type":"LineString","coordinates":[[7.592343,47.571683],[7.592283,47.57084],[7.592279,47.570785]]}},{"type":"Feature","properties":{"k":"neben","name":"Kohlenstrasse"},"geometry":{"type":"LineString","coordinates":[[7.574552,47.575836],[7.576419,47.575319]]}},{"type":"Feature","properties":{"k":"haupt","name":"Hiltalingerstrasse"},"geometry":{"type":"LineString","coordinates":[[7.593106,47.586094],[7.592909,47.586381]]}},{"type":"Feature","properties":{"k":"neben","name":"Erasmusplatz"},"geometry":{"type":"LineString","coordinates":[[7.589163,47.56575],[7.589366,47.565968]]}},{"type":"Feature","properties":{"k":"neben","name":"Erasmusplatz"},"geometry":{"type":"LineString","coordinates":[[7.589068,47.566089],[7.588776,47.565828]]}},{"type":"Feature","properties":{"k":"neben","name":"Horburgstrasse"},"geometry":{"type":"LineString","coordinates":[[7.59514,47.570654],[7.594822,47.570758],[7.591222,47.570782]]}},{"type":"Feature","properties":{"k":"haupt","name":"Dreirosenstrasse"},"geometry":{"type":"LineString","coordinates":[[7.590278,47.570789],[7.590047,47.570792]]}},{"type":"Feature","properties":{"k":"neben","name":"Horburgstrasse"},"geometry":{"type":"LineString","coordinates":[[7.59032,47.570646],[7.590881,47.570682]]}},{"type":"Feature","properties":{"k":"neben","name":"Müllheimerstrasse"},"geometry":{"type":"LineString","coordinates":[[7.592279,47.570785],[7.592278,47.570757],[7.592278,47.570726],[7.592276,47.570692]]}},{"type":"Feature","properties":{"k":"haupt","name":"Voltastrasse"},"geometry":{"type":"LineString","coordinates":[[7.577994,47.570722],[7.579626,47.570711]]}},{"type":"Feature","properties":{"k":"haupt","name":"Dreirosenstrasse"},"geometry":{"type":"LineString","coordinates":[[7.588647,47.570627],[7.588858,47.570624],[7.589076,47.570625],[7.589357,47.570614]]}},{"type":"Feature","properties":{"k":"haupt","name":"Voltastrasse"},"geometry":{"type":"LineString","coordinates":[[7.582353,47.570816],[7.58176,47.570827],[7.58152,47.57084],[7.581314,47.570853]]}},{"type":"Feature","properties":{"k":"neben","name":"Marktgasse"},"geometry":{"type":"LineString","coordinates":[[7.587128,47.559086],[7.587259,47.558605]]}},{"type":"Feature","properties":{"k":"haupt","name":"Voltastrasse"},"geometry":{"type":"LineString","coordinates":[[7.574974,47.570959],[7.577101,47.570794]]}},{"type":"Feature","properties":{"k":"haupt","name":"Missionsstrasse"},"geometry":{"type":"LineString","coordinates":[[7.574509,47.561583],[7.574217,47.561815]]}},{"type":"Feature","properties":{"k":"haupt","name":"Burgfelderstrasse"},"geometry":{"type":"LineString","coordinates":[[7.571925,47.562913],[7.572434,47.562669]]}},{"type":"Feature","properties":{"k":"haupt","name":"Burgfelderstrasse"},"geometry":{"type":"LineString","coordinates":[[7.566382,47.565569],[7.570034,47.563823]]}},{"type":"Feature","properties":{"k":"haupt","name":"Burgfelderstrasse"},"geometry":{"type":"LineString","coordinates":[[7.571106,47.563272],[7.571787,47.562955],[7.571872,47.562925],[7.571925,47.562913]]}},{"type":"Feature","properties":{"k":"haupt","name":"Burgfelderstrasse"},"geometry":{"type":"LineString","coordinates":[[7.570843,47.563512],[7.570034,47.563823]]}},{"type":"Feature","properties":{"k":"neben","name":"Colmarerstrasse"},"geometry":{"type":"LineString","coordinates":[[7.573206,47.561432],[7.573883,47.561881]]}},{"type":"Feature","properties":{"k":"neben","name":"Ensisheimerstrasse"},"geometry":{"type":"LineString","coordinates":[[7.567968,47.564803],[7.567016,47.563901],[7.565887,47.56331]]}},{"type":"Feature","properties":{"k":"neben","name":"Habsburgerstrasse"},"geometry":{"type":"LineString","coordinates":[[7.572434,47.562669],[7.570599,47.560906]]}},{"type":"Feature","properties":{"k":"neben","name":"Leonhardsgraben"},"geometry":{"type":"LineString","coordinates":[[7.583908,47.556748],[7.584134,47.556612]]}},{"type":"Feature","properties":{"k":"haupt","name":"Luzernerring"},"geometry":{"type":"LineString","coordinates":[[7.563502,47.564424],[7.563529,47.564501],[7.563532,47.564511]]}},{"type":"Feature","properties":{"k":"haupt","name":"Missionsstrasse"},"geometry":{"type":"LineString","coordinates":[[7.577796,47.559759],[7.579508,47.558919]]}},{"type":"Feature","properties":{"k":"haupt","name":"Missionsstrasse"},"geometry":{"type":"LineString","coordinates":[[7.57659,47.560406],[7.576614,47.560374],[7.576646,47.560339],[7.577154,47.560062]]}},{"type":"Feature","properties":{"k":"haupt","name":"Missionsstrasse"},"geometry":{"type":"LineString","coordinates":[[7.574509,47.561583],[7.57659,47.560406]]}},{"type":"Feature","properties":{"k":"haupt","name":"Missionsstrasse"},"geometry":{"type":"LineString","coordinates":[[7.577796,47.559759],[7.576734,47.560397],[7.57659,47.560406]]}},{"type":"Feature","properties":{"k":"haupt","name":"Missionsstrasse"},"geometry":{"type":"LineString","coordinates":[[7.580978,47.558309],[7.580578,47.558417],[7.579508,47.558919]]}},{"type":"Feature","properties":{"k":"neben","name":"Petersgraben"},"geometry":{"type":"LineString","coordinates":[[7.584128,47.557062],[7.583908,47.556748]]}},{"type":"Feature","properties":{"k":"haupt","name":"Missionsstrasse"},"geometry":{"type":"LineString","coordinates":[[7.577154,47.560062],[7.577637,47.559795]]}},{"type":"Feature","properties":{"k":"haupt","name":"Missionsstrasse"},"geometry":{"type":"LineString","coordinates":[[7.577637,47.559795],[7.577754,47.559764],[7.577796,47.559759]]}},{"type":"Feature","properties":{"k":"haupt","name":"Burgfelderstrasse"},"geometry":{"type":"LineString","coordinates":[[7.564985,47.566257],[7.566047,47.565734]]}},{"type":"Feature","properties":{"k":"haupt","name":"Burgfelderstrasse"},"geometry":{"type":"LineString","coordinates":[[7.556913,47.572548],[7.557089,47.572222]]}},{"type":"Feature","properties":{"k":"neben","name":"St. Johanns-Parkweg"},"geometry":{"type":"LineString","coordinates":[[7.582394,47.569089],[7.58184,47.569088],[7.581703,47.569128],[7.581544,47.569224]]}},{"type":"Feature","properties":{"k":"neben","name":"Michelbacherstrasse"},"geometry":{"type":"LineString","coordinates":[[7.561261,47.566261],[7.56166,47.566064]]}},{"type":"Feature","properties":{"k":"neben","name":"Claragraben"},"geometry":{"type":"LineString","coordinates":[[7.594621,47.561938],[7.594649,47.561898],[7.594818,47.56174]]}},{"type":"Feature","properties":{"k":"neben","name":"Claragraben"},"geometry":{"type":"LineString","coordinates":[[7.593409,47.563563],[7.593472,47.56349]]}},{"type":"Feature","properties":{"k":"neben","name":"Clarastrasse"},"geometry":{"type":"LineString","coordinates":[[7.594621,47.561938],[7.599074,47.56343]]}},{"type":"Feature","properties":{"k":"haupt","name":"Allschwilerstrasse"},"geometry":{"type":"LineString","coordinates":[[7.566859,47.55722],[7.570216,47.557379]]}},{"type":"Feature","properties":{"k":"neben","name":"St. Johanns-Rheinweg"},"geometry":{"type":"LineString","coordinates":[[7.586444,47.561772],[7.585094,47.56329],[7.584144,47.564572]]}},{"type":"Feature","properties":{"k":"neben","name":"Heuberg"},"geometry":{"type":"LineString","coordinates":[[7.58636,47.556155],[7.587085,47.5559]]}},{"type":"Feature","properties":{"k":"neben","name":"Heuberg"},"geometry":{"type":"LineString","coordinates":[[7.587085,47.5559],[7.587424,47.55575],[7.587561,47.555579]]}},{"type":"Feature","properties":{"k":"neben","name":"Heuberg"},"geometry":{"type":"LineString","coordinates":[[7.58497,47.556766],[7.585318,47.556521],[7.58636,47.556155]]}},{"type":"Feature","properties":{"k":"neben","name":"Hutgasse"},"geometry":{"type":"LineString","coordinates":[[7.58681,47.557474],[7.587359,47.557597]]}},{"type":"Feature","properties":{"k":"neben","name":"Marktplatz"},"geometry":{"type":"LineString","coordinates":[[7.587514,47.558241],[7.587334,47.558486],[7.587259,47.558605]]}},{"type":"Feature","properties":{"k":"neben","name":"Marktplatz"},"geometry":{"type":"LineString","coordinates":[[7.588287,47.5578],[7.587554,47.558678]]}},{"type":"Feature","properties":{"k":"neben","name":"Eisengasse"},"geometry":{"type":"LineString","coordinates":[[7.58852,47.559506],[7.58856,47.559629]]}},{"type":"Feature","properties":{"k":"neben","name":"Mittlere Rheinbrücke"},"geometry":{"type":"LineString","coordinates":[[7.588712,47.559653],[7.590808,47.560694]]}},{"type":"Feature","properties":{"k":"neben","name":"Münzgasse"},"geometry":{"type":"LineString","coordinates":[[7.58681,47.557474],[7.587293,47.556948],[7.587217,47.556821]]}},{"type":"Feature","properties":{"k":"neben","name":"Schneidergasse"},"geometry":{"type":"LineString","coordinates":[[7.586753,47.558023],[7.58677,47.557677],[7.586757,47.557568]]}},{"type":"Feature","properties":{"k":"neben","name":"Rheingasse"},"geometry":{"type":"LineString","coordinates":[[7.591875,47.560249],[7.592895,47.559399],[7.593362,47.559109],[7.594308,47.558892]]}},{"type":"Feature","properties":{"k":"neben","name":"Sattelgasse"},"geometry":{"type":"LineString","coordinates":[[7.586755,47.558059],[7.587043,47.55806],[7.587514,47.558241]]}},{"type":"Feature","properties":{"k":"neben","name":"Schneidergasse"},"geometry":{"type":"LineString","coordinates":[[7.586822,47.558612],[7.586753,47.558023]]}},{"type":"Feature","properties":{"k":"neben","name":"Spalenberg"},"geometry":{"type":"LineString","coordinates":[[7.586129,47.557001],[7.586757,47.557568]]}},{"type":"Feature","properties":{"k":"neben","name":"Stadthausgasse"},"geometry":{"type":"LineString","coordinates":[[7.586822,47.558612],[7.586863,47.558606],[7.587134,47.558599]]}},{"type":"Feature","properties":{"k":"neben","name":"Unterer Heuberg"},"geometry":{"type":"LineString","coordinates":[[7.586595,47.556447],[7.587283,47.556218],[7.587085,47.5559]]}},{"type":"Feature","properties":{"k":"neben"},"geometry":{"type":"LineString","coordinates":[[7.590918,47.560589],[7.591088,47.560444],[7.591109,47.560455],[7.591118,47.560447]]}},{"type":"Feature","properties":{"k":"neben","name":"Rheinschanze"},"geometry":{"type":"LineString","coordinates":[[7.582066,47.566145],[7.583069,47.566411]]}},{"type":"Feature","properties":{"k":"neben","name":"Lothringerstrasse"},"geometry":{"type":"LineString","coordinates":[[7.57417,47.571835],[7.573683,47.572395],[7.57354,47.572564]]}},{"type":"Feature","properties":{"k":"neben","name":"Lysbüchelstrasse"},"geometry":{"type":"LineString","coordinates":[[7.570494,47.576608],[7.570468,47.576378],[7.570779,47.576191],[7.571813,47.575061]]}},{"type":"Feature","properties":{"k":"neben","name":"Lysbüchelstrasse"},"geometry":{"type":"LineString","coordinates":[[7.571776,47.5729],[7.572212,47.572274],[7.572319,47.572129],[7.572366,47.57207]]}},{"type":"Feature","properties":{"k":"neben","name":"Voltastrasse"},"geometry":{"type":"LineString","coordinates":[[7.573266,47.569711],[7.572823,47.570628],[7.572841,47.570799]]}},{"type":"Feature","properties":{"k":"neben"},"geometry":{"type":"LineString","coordinates":[[7.564502,47.576081],[7.564606,47.576008],[7.564773,47.57593],[7.564799,47.575903]]}},{"type":"Feature","properties":{"k":"neben","name":"Entenweidstrasse"},"geometry":{"type":"LineString","coordinates":[[7.573639,47.565782],[7.573966,47.566872]]}},{"type":"Feature","properties":{"k":"neben","name":"Entenweidstrasse"},"geometry":{"type":"LineString","coordinates":[[7.573266,47.569711],[7.573541,47.568958],[7.573859,47.567177],[7.573641,47.566183],[7.573313,47.565876]]}},{"type":"Feature","properties":{"k":"haupt","name":"Flughafenstrasse"},"geometry":{"type":"LineString","coordinates":[[7.572745,47.566156],[7.572515,47.566546],[7.56999,47.568365],[7.569689,47.569059]]}},{"type":"Feature","properties":{"k":"haupt","name":"Flughafenstrasse"},"geometry":{"type":"LineString","coordinates":[[7.573313,47.565876],[7.572745,47.566156]]}},{"type":"Feature","properties":{"k":"neben"},"geometry":{"type":"LineString","coordinates":[[7.573739,47.568101],[7.573787,47.568105],[7.573824,47.568108],[7.57387,47.568114]]}},{"type":"Feature","properties":{"k":"neben","name":"Landskronstrasse"},"geometry":{"type":"LineString","coordinates":[[7.576096,47.568069],[7.574923,47.56741],[7.574877,47.567384],[7.573966,47.566872]]}},{"type":"Feature","properties":{"k":"neben","name":"Metzerstrasse"},"geometry":{"type":"LineString","coordinates":[[7.573881,47.565405],[7.574003,47.565378],[7.574103,47.56536],[7.574214,47.565348]]}},{"type":"Feature","properties":{"k":"neben","name":"Metzerstrasse"},"geometry":{"type":"LineString","coordinates":[[7.574214,47.565348],[7.57412,47.565429],[7.574059,47.565471]]}},{"type":"Feature","properties":{"k":"neben","name":"Strassburgerallee"},"geometry":{"type":"LineString","coordinates":[[7.571,47.563429],[7.570958,47.563405],[7.570923,47.563384],[7.570875,47.563356]]}},{"type":"Feature","properties":{"k":"neben","name":"Strassburgerallee"},"geometry":{"type":"LineString","coordinates":[[7.572637,47.564616],[7.573151,47.564959]]}},{"type":"Feature","properties":{"k":"neben","name":"Davidsbodenstrasse"},"geometry":{"type":"LineString","coordinates":[[7.574877,47.567384],[7.575823,47.566536],[7.575869,47.566496]]}},{"type":"Feature","properties":{"k":"neben","name":"Nadelberg"},"geometry":{"type":"LineString","coordinates":[[7.585569,47.556866],[7.585547,47.557028],[7.585535,47.557338]]}},{"type":"Feature","properties":{"k":"neben","name":"Schnabelgasse"},"geometry":{"type":"LineString","coordinates":[[7.586912,47.556892],[7.586245,47.55706]]}},{"type":"Feature","properties":{"k":"neben","name":"Schnabelgasse"},"geometry":{"type":"LineString","coordinates":[[7.586912,47.556892],[7.587217,47.556821]]}},{"type":"Feature","properties":{"k":"neben","name":"Schützenmattstrasse"},"geometry":{"type":"LineString","coordinates":[[7.582871,47.557339],[7.581906,47.556737]]}},{"type":"Feature","properties":{"k":"neben","name":"Spalen-Durchgang"},"geometry":{"type":"LineString","coordinates":[[7.585033,47.55666],[7.585059,47.556683],[7.585079,47.556701]]}},{"type":"Feature","properties":{"k":"neben","name":"Spalen-Durchgang"},"geometry":{"type":"LineString","coordinates":[[7.584853,47.556497],[7.584865,47.556508],[7.585033,47.55666]]}},{"type":"Feature","properties":{"k":"neben","name":"Spalenberg"},"geometry":{"type":"LineString","coordinates":[[7.58497,47.556766],[7.585168,47.556774],[7.585569,47.556866],[7.586129,47.557001]]}},{"type":"Feature","properties":{"k":"neben","name":"Spalenberg"},"geometry":{"type":"LineString","coordinates":[[7.584128,47.557062],[7.58497,47.556766]]}},{"type":"Feature","properties":{"k":"neben","name":"Spalenvorstadt"},"geometry":{"type":"LineString","coordinates":[[7.583294,47.557233],[7.58295,47.557331],[7.582871,47.557339]]}},{"type":"Feature","properties":{"k":"neben","name":"Unterer Heuberg"},"geometry":{"type":"LineString","coordinates":[[7.586331,47.556541],[7.586595,47.556447]]}},{"type":"Feature","properties":{"k":"haupt","name":"Kannenfeldplatz"},"geometry":{"type":"LineString","coordinates":[[7.572969,47.565424],[7.573235,47.565292],[7.573531,47.565308]]}},{"type":"Feature","properties":{"k":"neben","name":"Spitalstrasse"},"geometry":{"type":"LineString","coordinates":[[7.580764,47.564937],[7.582696,47.563477]]}},{"type":"Feature","properties":{"k":"haupt"},"geometry":{"type":"LineString","coordinates":[[7.569689,47.569059],[7.569845,47.56922],[7.56962,47.569313],[7.569474,47.569158],[7.569689,47.569059]]}},{"type":"Feature","properties":{"k":"neben","name":"Metzerstrasse"},"geometry":{"type":"LineString","coordinates":[[7.573946,47.56555],[7.573774,47.565663]]}},{"type":"Feature","properties":{"k":"neben","name":"Mülhauserstrasse"},"geometry":{"type":"LineString","coordinates":[[7.574162,47.565517],[7.577189,47.56724],[7.580063,47.568499]]}},{"type":"Feature","properties":{"k":"neben","name":"Blumenrain"},"geometry":{"type":"LineString","coordinates":[[7.586552,47.561166],[7.586387,47.561283],[7.586286,47.561372]]}},{"type":"Feature","properties":{"k":"neben","name":"Blumenrain"},"geometry":{"type":"LineString","coordinates":[[7.587271,47.56057],[7.587433,47.560343]]}},{"type":"Feature","properties":{"k":"neben","name":"Blumenrain"},"geometry":{"type":"LineString","coordinates":[[7.587271,47.56057],[7.586791,47.561012]]}},{"type":"Feature","properties":{"k":"neben","name":"Petersplatz"},"geometry":{"type":"LineString","coordinates":[[7.582706,47.559531],[7.582701,47.559492],[7.582661,47.559166]]}},{"type":"Feature","properties":{"k":"neben","name":"Spalenvorstadt"},"geometry":{"type":"LineString","coordinates":[[7.581622,47.55787],[7.581626,47.557909]]}},{"type":"Feature","properties":{"k":"neben","name":"Spalenvorstadt"},"geometry":{"type":"LineString","coordinates":[[7.581626,47.557909],[7.58162,47.558113]]}},{"type":"Feature","properties":{"k":"neben","name":"Spalenvorstadt"},"geometry":{"type":"LineString","coordinates":[[7.58162,47.558113],[7.581232,47.558266]]}},{"type":"Feature","properties":{"k":"haupt","name":"Schlachthofstrasse"},"geometry":{"type":"LineString","coordinates":[[7.57362,47.576008],[7.572818,47.576189]]}},{"type":"Feature","properties":{"k":"neben","name":"Freie Strasse"},"geometry":{"type":"LineString","coordinates":[[7.58983,47.556409],[7.589474,47.556778],[7.589335,47.556923]]}},{"type":"Feature","properties":{"k":"neben","name":"Martinsgasse"},"geometry":{"type":"LineString","coordinates":[[7.59033,47.557947],[7.590005,47.557792],[7.589882,47.557732],[7.589806,47.557683]]}},{"type":"Feature","properties":{"k":"neben","name":"Augustinergasse"},"geometry":{"type":"LineString","coordinates":[[7.591155,47.557038],[7.591079,47.557214],[7.591064,47.557283]]}},{"type":"Feature","properties":{"k":"neben","name":"Münsterplatz"},"geometry":{"type":"LineString","coordinates":[[7.591271,47.556861],[7.591469,47.55664],[7.591667,47.556419],[7.591974,47.556106]]}},{"type":"Feature","properties":{"k":"neben","name":"Oberer Rheinweg"},"geometry":{"type":"LineString","coordinates":[[7.591171,47.560355],[7.592713,47.559251],[7.594802,47.55813]]}},{"type":"Feature","properties":{"k":"neben","name":"Unterer Rheinweg"},"geometry":{"type":"LineString","coordinates":[[7.590401,47.561034],[7.58933,47.56214]]}},{"type":"Feature","properties":{"k":"neben","name":"Unterer Rheinweg"},"geometry":{"type":"LineString","coordinates":[[7.591171,47.560355],[7.591088,47.560392],[7.591058,47.560399]]}},{"type":"Feature","properties":{"k":"neben","name":"Falknerstrasse"},"geometry":{"type":"LineString","coordinates":[[7.589343,47.555167],[7.588925,47.55644]]}},{"type":"Feature","properties":{"k":"neben","name":"Freie Strasse"},"geometry":{"type":"LineString","coordinates":[[7.59006,47.556181],[7.58983,47.556409]]}},{"type":"Feature","properties":{"k":"neben","name":"Freie Strasse"},"geometry":{"type":"LineString","coordinates":[[7.591019,47.555091],[7.590854,47.555234],[7.590785,47.555293]]}},{"type":"Feature","properties":{"k":"neben","name":"Freie Strasse"},"geometry":{"type":"LineString","coordinates":[[7.590785,47.555293],[7.59006,47.556181]]}},{"type":"Feature","properties":{"k":"neben","name":"Münsterberg"},"geometry":{"type":"LineString","coordinates":[[7.591117,47.555331],[7.591181,47.555594],[7.591525,47.555844]]}},{"type":"Feature","properties":{"k":"neben","name":"Schlüsselberg"},"geometry":{"type":"LineString","coordinates":[[7.590198,47.556714],[7.589923,47.556989],[7.589809,47.557115],[7.589589,47.557286]]}},{"type":"Feature","properties":{"k":"neben","name":"Eisengasse"},"geometry":{"type":"LineString","coordinates":[[7.587554,47.558678],[7.587765,47.559081]]}},{"type":"Feature","properties":{"k":"neben","name":"Leonhardskirchplatz"},"geometry":{"type":"LineString","coordinates":[[7.587621,47.555422],[7.587695,47.555391],[7.58786,47.555324],[7.58792,47.555295]]}},{"type":"Feature","properties":{"k":"neben","name":"Pfluggässlein"},"geometry":{"type":"LineString","coordinates":[[7.589476,47.556043],[7.589128,47.555996],[7.58904,47.555984],[7.589021,47.555983]]}},{"type":"Feature","properties":{"k":"neben","name":"Pfluggässlein"},"geometry":{"type":"LineString","coordinates":[[7.59006,47.556181],[7.58998,47.55616],[7.589806,47.556114],[7.589476,47.556043]]}},{"type":"Feature","properties":{"k":"neben","name":"Pfluggässlein"},"geometry":{"type":"LineString","coordinates":[[7.589021,47.555983],[7.589003,47.555981],[7.588639,47.555945]]}},{"type":"Feature","properties":{"k":"neben","name":"Rheinsprung"},"geometry":{"type":"LineString","coordinates":[[7.588591,47.559448],[7.588711,47.559325]]}},{"type":"Feature","properties":{"k":"neben","name":"Rheinsprung"},"geometry":{"type":"LineString","coordinates":[[7.589199,47.558845],[7.589434,47.558634],[7.589541,47.558565]]}},{"type":"Feature","properties":{"k":"neben","name":"Rheinsprung"},"geometry":{"type":"LineString","coordinates":[[7.588711,47.559325],[7.589199,47.558845]]}},{"type":"Feature","properties":{"k":"neben","name":"Schlüsselberg"},"geometry":{"type":"LineString","coordinates":[[7.589589,47.557286],[7.589483,47.557208]]}},{"type":"Feature","properties":{"k":"neben","name":"Weisse Gasse"},"geometry":{"type":"LineString","coordinates":[[7.589476,47.556043],[7.589884,47.555117]]}},{"type":"Feature","properties":{"k":"neben","name":"Rümelins-Passage"},"geometry":{"type":"LineString","coordinates":[[7.588058,47.557184],[7.587658,47.557118],[7.587457,47.557055],[7.587347,47.556982]]}},{"type":"Feature","properties":{"k":"haupt"},"geometry":{"type":"LineString","coordinates":[[7.575007,47.576161],[7.575219,47.576168],[7.575254,47.576291]]}},{"type":"Feature","properties":{"k":"haupt","name":"Kohlenstrasse"},"geometry":{"type":"LineString","coordinates":[[7.575007,47.576161],[7.574736,47.575939],[7.574623,47.575866],[7.574552,47.575836]]}},{"type":"Feature","properties":{"k":"neben","name":"Oberer Rheinweg"},"geometry":{"type":"LineString","coordinates":[[7.597463,47.557162],[7.595643,47.557766],[7.594802,47.55813]]}},{"type":"Feature","properties":{"k":"neben","name":"Klingelbergstrasse"},"geometry":{"type":"LineString","coordinates":[[7.58061,47.562489],[7.579849,47.563474],[7.579156,47.564053]]}},{"type":"Feature","properties":{"k":"neben","name":"Petersgasse"},"geometry":{"type":"LineString","coordinates":[[7.585675,47.559417],[7.586191,47.559967]]}},{"type":"Feature","properties":{"k":"neben","name":"Petersgasse"},"geometry":{"type":"LineString","coordinates":[[7.586191,47.559967],[7.586357,47.560642],[7.586791,47.561012]]}},{"type":"Feature","properties":{"k":"neben","name":"Martinskirchplatz"},"geometry":{"type":"LineString","coordinates":[[7.588756,47.558856],[7.588372,47.558776],[7.588207,47.558995],[7.588451,47.559089]]}},{"type":"Feature","properties":{"k":"neben","name":"Blumenrain"},"geometry":{"type":"LineString","coordinates":[[7.587849,47.559946],[7.587433,47.560343]]}},{"type":"Feature","properties":{"k":"neben","name":"Marktgasse"},"geometry":{"type":"LineString","coordinates":[[7.587127,47.559118],[7.587238,47.559357]]}},{"type":"Feature","properties":{"k":"neben","name":"Spiegelgasse"},"geometry":{"type":"LineString","coordinates":[[7.587271,47.56057],[7.586972,47.560269],[7.586888,47.559957]]}},{"type":"Feature","properties":{"k":"neben","name":"Leonhardskirchplatz"},"geometry":{"type":"LineString","coordinates":[[7.58792,47.555295],[7.587942,47.555276],[7.587993,47.555245],[7.58803,47.555219]]}},{"type":"Feature","properties":{"k":"haupt","name":"Hiltalingerstrasse"},"geometry":{"type":"LineString","coordinates":[[7.592816,47.588426],[7.593092,47.588608]]}},{"type":"Feature","properties":{"k":"neben","name":"Klingentalstrasse"},"geometry":{"type":"LineString","coordinates":[[7.594492,47.56382],[7.593834,47.56361],[7.593636,47.563546],[7.593472,47.56349]]}},{"type":"Feature","properties":{"k":"neben","name":"Rebgasse"},"geometry":{"type":"LineString","coordinates":[[7.595984,47.559453],[7.594587,47.560502],[7.593557,47.56141]]}},{"type":"Feature","properties":{"k":"neben","name":"Greifengasse"},"geometry":{"type":"LineString","coordinates":[[7.591177,47.560864],[7.591313,47.56091],[7.591975,47.561144],[7.592072,47.561175]]}},{"type":"Feature","properties":{"k":"neben","name":"Untere Rebgasse"},"geometry":{"type":"LineString","coordinates":[[7.592399,47.562449],[7.591973,47.563031]]}},{"type":"Feature","properties":{"k":"neben","name":"Unterer Rheinweg"},"geometry":{"type":"LineString","coordinates":[[7.591058,47.560399],[7.590961,47.560491],[7.590572,47.560862],[7.590528,47.560904]]}},{"type":"Feature","properties":{"k":"neben","name":"Lothringerstrasse"},"geometry":{"type":"LineString","coordinates":[[7.579987,47.565785],[7.577605,47.568156]]}},{"type":"Feature","properties":{"k":"neben","name":"Hafenstrasse"},"geometry":{"type":"LineString","coordinates":[[7.59182,47.586139],[7.591803,47.586121],[7.59063,47.584108],[7.590101,47.583188]]}},{"type":"Feature","properties":{"k":"haupt","name":"Feldbergstrasse"},"geometry":{"type":"LineString","coordinates":[[7.591011,47.566268],[7.58984,47.566056]]}},{"type":"Feature","properties":{"k":"neben","name":"Klybeckstrasse"},"geometry":{"type":"LineString","coordinates":[[7.591011,47.566268],[7.590983,47.566371],[7.59097,47.566414],[7.590861,47.566791]]}},{"type":"Feature","properties":{"k":"haupt","name":"Feldbergstrasse"},"geometry":{"type":"LineString","coordinates":[[7.591427,47.566338],[7.591011,47.566268]]}},{"type":"Feature","properties":{"k":"haupt","name":"Feldbergstrasse"},"geometry":{"type":"LineString","coordinates":[[7.588776,47.565828],[7.5881,47.565629],[7.587445,47.565439],[7.587332,47.565403]]}},{"type":"Feature","properties":{"k":"haupt","name":"Feldbergstrasse"},"geometry":{"type":"LineString","coordinates":[[7.589366,47.565968],[7.588776,47.565828]]}},{"type":"Feature","properties":{"k":"neben","name":"Haltingerstrasse"},"geometry":{"type":"LineString","coordinates":[[7.59592,47.566295],[7.591309,47.565265]]}},{"type":"Feature","properties":{"k":"neben","name":"Claragraben"},"geometry":{"type":"LineString","coordinates":[[7.593952,47.562848],[7.594621,47.561938]]}},{"type":"Feature","properties":{"k":"neben","name":"Münsterplatz"},"geometry":{"type":"LineString","coordinates":[[7.591155,47.557038],[7.591271,47.556861]]}},{"type":"Feature","properties":{"k":"neben","name":"Schlüsselberg"},"geometry":{"type":"LineString","coordinates":[[7.591155,47.557038],[7.590959,47.556956],[7.590781,47.556865]]}},{"type":"Feature","properties":{"k":"neben","name":"Spalenvorstadt"},"geometry":{"type":"LineString","coordinates":[[7.582871,47.557339],[7.581622,47.55787]]}},{"type":"Feature","properties":{"k":"neben","name":"Sperrstrasse"},"geometry":{"type":"LineString","coordinates":[[7.592619,47.564632],[7.595557,47.5655]]}},{"type":"Feature","properties":{"k":"neben","name":"Claragraben"},"geometry":{"type":"LineString","coordinates":[[7.592619,47.564632],[7.592681,47.564541],[7.593409,47.563563]]}},{"type":"Feature","properties":{"k":"haupt","name":"Schlachthofstrasse"},"geometry":{"type":"LineString","coordinates":[[7.568836,47.577012],[7.567852,47.577],[7.566672,47.576597]]}},{"type":"Feature","properties":{"k":"neben","name":"Hafenstrasse"},"geometry":{"type":"LineString","coordinates":[[7.589873,47.582791],[7.589688,47.58243]]}},{"type":"Feature","properties":{"k":"neben","name":"Hafenstrasse"},"geometry":{"type":"LineString","coordinates":[[7.590101,47.583188],[7.589873,47.582791]]}},{"type":"Feature","properties":{"k":"neben","name":"Altrheinweg"},"geometry":{"type":"LineString","coordinates":[[7.587614,47.576443],[7.587473,47.575819]]}},{"type":"Feature","properties":{"k":"haupt","name":"Klybeckstrasse"},"geometry":{"type":"LineString","coordinates":[[7.590278,47.570789],[7.590241,47.570903],[7.590225,47.570966],[7.590217,47.570996]]}},{"type":"Feature","properties":{"k":"haupt"},"geometry":{"type":"LineString","coordinates":[[7.588646,47.570757],[7.587715,47.570756],[7.58316,47.570815]]}},{"type":"Feature","properties":{"k":"haupt"},"geometry":{"type":"LineString","coordinates":[[7.582351,47.570676],[7.583154,47.570719],[7.588647,47.570627]]}},{"type":"Feature","properties":{"k":"neben","name":"Gärtnerstrasse"},"geometry":{"type":"LineString","coordinates":[[7.591768,47.577727],[7.592858,47.580651]]}},{"type":"Feature","properties":{"k":"haupt","name":"Zollstraße"},"geometry":{"type":"LineString","coordinates":[[7.593282,47.588944],[7.593341,47.589083]]}},{"type":"Feature","properties":{"k":"haupt"},"geometry":{"type":"LineString","coordinates":[[7.597839,47.571148],[7.597026,47.570899],[7.596261,47.570836],[7.586871,47.570762]]}},{"type":"Feature","properties":{"k":"haupt"},"geometry":{"type":"LineString","coordinates":[[7.577547,47.570867],[7.579178,47.57074],[7.583152,47.57068]]}},{"type":"Feature","properties":{"k":"haupt"},"geometry":{"type":"LineString","coordinates":[[7.570687,47.571434],[7.56945,47.571718],[7.56859,47.572071],[7.567393,47.57294]]}},{"type":"Feature","properties":{"k":"haupt"},"geometry":{"type":"LineString","coordinates":[[7.574383,47.57123],[7.571249,47.571379],[7.570687,47.571434]]}},{"type":"Feature","properties":{"k":"haupt"},"geometry":{"type":"LineString","coordinates":[[7.569815,47.571497],[7.571229,47.571275],[7.575348,47.571073]]}},{"type":"Feature","properties":{"k":"neben","name":"Mülhauserstrasse"},"geometry":{"type":"LineString","coordinates":[[7.573881,47.565405],[7.573954,47.565432],[7.574027,47.565459],[7.574059,47.565471]]}},{"type":"Feature","properties":{"k":"neben","name":"Strassburgerallee"},"geometry":{"type":"LineString","coordinates":[[7.568879,47.561451],[7.567838,47.560364],[7.567619,47.559986]]}},{"type":"Feature","properties":{"k":"neben","name":"Hegenheimerstrasse"},"geometry":{"type":"LineString","coordinates":[[7.568879,47.561451],[7.571893,47.560463]]}},{"type":"Feature","properties":{"k":"haupt","name":"Kannenfeldstrasse"},"geometry":{"type":"LineString","coordinates":[[7.573151,47.564959],[7.573531,47.565308]]}},{"type":"Feature","properties":{"k":"neben","name":"Schifflände"},"geometry":{"type":"LineString","coordinates":[[7.587849,47.559946],[7.588443,47.559646]]}},{"type":"Feature","properties":{"k":"neben","name":"Stadthausgasse"},"geometry":{"type":"LineString","coordinates":[[7.586807,47.559056],[7.586815,47.558892],[7.5868,47.55863],[7.586822,47.558612]]}},{"type":"Feature","properties":{"k":"haupt","name":"Schanzenstrasse"},"geometry":{"type":"LineString","coordinates":[[7.582184,47.563159],[7.581548,47.562671]]}},{"type":"Feature","properties":{"k":"neben","name":"Spitalstrasse"},"geometry":{"type":"LineString","coordinates":[[7.582696,47.563477],[7.583704,47.56259],[7.584515,47.562033],[7.585792,47.561558],[7.586131,47.561547]]}},{"type":"Feature","properties":{"k":"haupt"},"geometry":{"type":"LineString","coordinates":[[7.563187,47.574487],[7.56315,47.574631],[7.562919,47.574593],[7.562979,47.574455],[7.563187,47.574487]]}},{"type":"Feature","properties":{"k":"neben","name":"Mittlere Strasse"},"geometry":{"type":"LineString","coordinates":[[7.579712,47.560289],[7.580038,47.560047]]}},{"type":"Feature","properties":{"k":"neben","name":"Bernoullistrasse"},"geometry":{"type":"LineString","coordinates":[[7.579966,47.560245],[7.580015,47.560199],[7.580064,47.560157],[7.580102,47.560135]]}},{"type":"Feature","properties":{"k":"haupt","name":"Mittlere Strasse"},"geometry":{"type":"LineString","coordinates":[[7.580184,47.559953],[7.580128,47.560044],[7.580112,47.560088],[7.580102,47.560135]]}},{"type":"Feature","properties":{"k":"haupt","name":"Klingelbergstrasse"},"geometry":{"type":"LineString","coordinates":[[7.580924,47.562134],[7.580449,47.561242]]}},{"type":"Feature","properties":{"k":"neben","name":"Mittlere Strasse"},"geometry":{"type":"LineString","coordinates":[[7.579996,47.560338],[7.579712,47.560289]]}},{"type":"Feature","properties":{"k":"neben","name":"Belforterstrasse"},"geometry":{"type":"LineString","coordinates":[[7.557316,47.563549],[7.557273,47.563502],[7.557186,47.563415]]}},{"type":"Feature","properties":{"k":"neben","name":"Belforterstrasse"},"geometry":{"type":"LineString","coordinates":[[7.557186,47.563415],[7.556989,47.563238]]}},{"type":"Feature","properties":{"k":"neben","name":"Hegenheimermattweg"},"geometry":{"type":"LineString","coordinates":[[7.549188,47.558576],[7.556989,47.563238]]}},{"type":"Feature","properties":{"k":"neben","name":"Landskronstrasse"},"geometry":{"type":"LineString","coordinates":[[7.576096,47.568069],[7.579168,47.569429]]}},{"type":"Feature","properties":{"k":"neben","name":"Vogesenstrasse"},"geometry":{"type":"LineString","coordinates":[[7.57556,47.56855],[7.579229,47.565446]]}},{"type":"Feature","properties":{"k":"neben","name":"Archivgässlein"},"geometry":{"type":"LineString","coordinates":[[7.588845,47.558718],[7.589199,47.558845]]}},{"type":"Feature","properties":{"k":"neben","name":"Stapfelberg"},"geometry":{"type":"LineString","coordinates":[[7.589553,47.557533],[7.589764,47.557639],[7.589806,47.557683]]}},{"type":"Feature","properties":{"k":"neben","name":"Saint-Louis-Strasse"},"geometry":{"type":"LineString","coordinates":[[7.572841,47.570799],[7.572574,47.570915],[7.57204,47.572007]]}},{"type":"Feature","properties":{"k":"neben","name":"Elsässerstrasse"},"geometry":{"type":"LineString","coordinates":[[7.578279,47.570401],[7.578163,47.57053],[7.578045,47.570664],[7.577994,47.570722]]}},{"type":"Feature","properties":{"k":"neben","name":"Gasstrasse"},"geometry":{"type":"LineString","coordinates":[[7.577319,47.570324],[7.577994,47.570722]]}},{"type":"Feature","properties":{"k":"haupt","name":"Klingelbergstrasse"},"geometry":{"type":"LineString","coordinates":[[7.580102,47.560135],[7.580547,47.561073]]}},{"type":"Feature","properties":{"k":"neben","name":"Rheingasse"},"geometry":{"type":"LineString","coordinates":[[7.591553,47.560549],[7.591875,47.560249]]}},{"type":"Feature","properties":{"k":"neben","name":"Im Wasenboden"},"geometry":{"type":"LineString","coordinates":[[7.570353,47.569482],[7.571084,47.569623],[7.571482,47.569827],[7.571702,47.569492]]}},{"type":"Feature","properties":{"k":"neben","name":"Hagenaustrasse"},"geometry":{"type":"LineString","coordinates":[[7.568914,47.573529],[7.569189,47.573669],[7.569106,47.574035]]}},{"type":"Feature","properties":{"k":"neben","name":"Im Wasenboden"},"geometry":{"type":"LineString","coordinates":[[7.571084,47.569623],[7.570367,47.570917],[7.570261,47.570949],[7.569623,47.570874]]}},{"type":"Feature","properties":{"k":"neben","name":"St. Johanns-Ring"},"geometry":{"type":"LineString","coordinates":[[7.579873,47.565727],[7.579987,47.565785]]}},{"type":"Feature","properties":{"k":"neben","name":"Petersplatz"},"geometry":{"type":"LineString","coordinates":[[7.584353,47.558616],[7.584268,47.558622],[7.583903,47.55868]]}},{"type":"Feature","properties":{"k":"neben","name":"Spalengraben"},"geometry":{"type":"LineString","coordinates":[[7.582324,47.558271],[7.582215,47.558247],[7.58162,47.558113]]}},{"type":"Feature","properties":{"k":"neben","name":"Am Bachgraben"},"geometry":{"type":"LineString","coordinates":[[7.565885,47.576276],[7.565736,47.576521],[7.566407,47.577459],[7.566534,47.57752],[7.566795,47.577459],[7.567124,47.577]]}},{"type":"Feature","properties":{"k":"neben","name":"Hagenaustrasse"},"geometry":{"type":"LineString","coordinates":[[7.568291,47.573305],[7.569399,47.571967]]}},{"type":"Feature","properties":{"k":"neben","name":"Julia Gauss-Strasse"},"geometry":{"type":"LineString","coordinates":[[7.565841,47.567419],[7.56541,47.567667],[7.564912,47.567995]]}},{"type":"Feature","properties":{"k":"neben","name":"Julia Gauss-Strasse"},"geometry":{"type":"LineString","coordinates":[[7.56541,47.567667],[7.564602,47.567059],[7.564544,47.567015]]}},{"type":"Feature","properties":{"k":"neben","name":"Knöringerstrasse"},"geometry":{"type":"LineString","coordinates":[[7.567634,47.563593],[7.567051,47.563087]]}},{"type":"Feature","properties":{"k":"neben","name":"St. Johanns-Vorstadt"},"geometry":{"type":"LineString","coordinates":[[7.585514,47.562241],[7.583855,47.564317]]}},{"type":"Feature","properties":{"k":"neben","name":"Schiffmühlestrasse"},"geometry":{"type":"LineString","coordinates":[[7.575248,47.576192],[7.57565,47.57616],[7.576154,47.576332],[7.577131,47.576481]]}},{"type":"Feature","properties":{"k":"neben"},"geometry":{"type":"LineString","coordinates":[[7.577131,47.576481],[7.577267,47.576492]]}},{"type":"Feature","properties":{"k":"neben","name":"Schiffmühlestrasse"},"geometry":{"type":"LineString","coordinates":[[7.577267,47.576492],[7.579056,47.576557],[7.580553,47.576271]]}},{"type":"Feature","properties":{"k":"neben","name":"Herbstgasse"},"geometry":{"type":"LineString","coordinates":[[7.575915,47.564581],[7.575203,47.564239]]}},{"type":"Feature","properties":{"k":"neben","name":"Allschwilerstrasse"},"geometry":{"type":"LineString","coordinates":[[7.57567,47.555631],[7.575591,47.555648]]}},{"type":"Feature","properties":{"k":"neben","name":"St. Johanns-Rheinweg"},"geometry":{"type":"LineString","coordinates":[[7.583219,47.566463],[7.583499,47.565827],[7.583666,47.565449]]}},{"type":"Feature","properties":{"k":"neben","name":"St. Johanns-Ring"},"geometry":{"type":"LineString","coordinates":[[7.581694,47.566507],[7.58298,47.567043]]}},{"type":"Feature","properties":{"k":"neben","name":"Elsässerrheinweg"},"geometry":{"type":"LineString","coordinates":[[7.582937,47.567632],[7.582816,47.5677],[7.582704,47.56763],[7.58298,47.567043]]}},{"type":"Feature","properties":{"k":"neben","name":"Wattstrasse"},"geometry":{"type":"LineString","coordinates":[[7.577319,47.570324],[7.577408,47.570252],[7.578038,47.56968]]}},{"type":"Feature","properties":{"k":"neben","name":"Wattstrasse"},"geometry":{"type":"LineString","coordinates":[[7.578038,47.56968],[7.578541,47.56916]]}},{"type":"Feature","properties":{"k":"neben","name":"St. Johanns-Ring"},"geometry":{"type":"LineString","coordinates":[[7.581694,47.566507],[7.579987,47.565785]]}},{"type":"Feature","properties":{"k":"neben","name":"Klingelbergstrasse"},"geometry":{"type":"LineString","coordinates":[[7.580894,47.561822],[7.580922,47.561947],[7.580942,47.562034],[7.580924,47.562134]]}},{"type":"Feature","properties":{"k":"haupt","name":"Klingelbergstrasse"},"geometry":{"type":"LineString","coordinates":[[7.580894,47.561822],[7.580979,47.561923],[7.581108,47.562076],[7.581167,47.562142]]}},{"type":"Feature","properties":{"k":"neben","name":"Schanzenstrasse"},"geometry":{"type":"LineString","coordinates":[[7.580924,47.562134],[7.581024,47.562123],[7.581167,47.562142]]}},{"type":"Feature","properties":{"k":"haupt","name":"Schanzenstrasse"},"geometry":{"type":"LineString","coordinates":[[7.581167,47.562142],[7.581341,47.562292],[7.581732,47.562631],[7.582062,47.562928]]}},{"type":"Feature","properties":{"k":"haupt"},"geometry":{"type":"LineString","coordinates":[[7.563381,47.564194],[7.563343,47.564188],[7.563309,47.564176]]}},{"type":"Feature","properties":{"k":"neben"},"geometry":{"type":"LineString","coordinates":[[7.564281,47.557642],[7.564513,47.557674],[7.56454,47.557748],[7.564443,47.557774]]}},{"type":"Feature","properties":{"k":"neben","name":"Peterskirchplatz"},"geometry":{"type":"LineString","coordinates":[[7.584773,47.559188],[7.584515,47.559202],[7.584444,47.559206]]}},{"type":"Feature","properties":{"k":"haupt"},"geometry":{"type":"LineString","coordinates":[[7.567393,47.57294],[7.566714,47.573466],[7.566237,47.573786],[7.565738,47.574095]]}},{"type":"Feature","properties":{"k":"haupt"},"geometry":{"type":"LineString","coordinates":[[7.589008,47.570636],[7.596071,47.570718],[7.597511,47.570867]]}},{"type":"Feature","properties":{"k":"neben","name":"Teichgässlein"},"geometry":{"type":"LineString","coordinates":[[7.594126,47.562621],[7.593437,47.562409],[7.593259,47.562354]]}},{"type":"Feature","properties":{"k":"neben","name":"Offenburgerstrasse"},"geometry":{"type":"LineString","coordinates":[[7.587856,47.569207],[7.587489,47.569195]]}},{"type":"Feature","properties":{"k":"neben","name":"Offenburgerstrasse"},"geometry":{"type":"LineString","coordinates":[[7.587489,47.569195],[7.586556,47.569169],[7.586507,47.569159],[7.586466,47.569133]]}},{"type":"Feature","properties":{"k":"haupt","name":"Flughafenstrasse"},"geometry":{"type":"LineString","coordinates":[[7.569208,47.570729],[7.569303,47.570397],[7.569311,47.57037],[7.569339,47.570272]]}},{"type":"Feature","properties":{"k":"haupt","name":"Flughafenstrasse"},"geometry":{"type":"LineString","coordinates":[[7.568364,47.571928],[7.568929,47.571248],[7.569208,47.570729]]}},{"type":"Feature","properties":{"k":"neben","name":"St. Johanns-Parkweg"},"geometry":{"type":"LineString","coordinates":[[7.582433,47.568408],[7.582516,47.568454],[7.582509,47.569297],[7.582752,47.569587]]}},{"type":"Feature","properties":{"k":"haupt","name":"Spalenring"},"geometry":{"type":"LineString","coordinates":[[7.574373,47.560539],[7.574045,47.56181]]}},{"type":"Feature","properties":{"k":"neben","name":"Hegenheimerstrasse"},"geometry":{"type":"LineString","coordinates":[[7.574373,47.560539],[7.574513,47.56058],[7.575146,47.561208]]}},{"type":"Feature","properties":{"k":"neben","name":"Saint-Louis-Strasse"},"geometry":{"type":"LineString","coordinates":[[7.57204,47.572007],[7.572243,47.572047],[7.572366,47.57207]]}},{"type":"Feature","properties":{"k":"haupt","name":"Hiltalingerstrasse"},"geometry":{"type":"LineString","coordinates":[[7.593102,47.588991],[7.59304,47.588858]]}},{"type":"Feature","properties":{"k":"haupt","name":"Hiltalingerstrasse"},"geometry":{"type":"LineString","coordinates":[[7.592794,47.588377],[7.5928,47.58839],[7.592816,47.588426]]}},{"type":"Feature","properties":{"k":"neben","name":"Klybeckstrasse"},"geometry":{"type":"LineString","coordinates":[[7.590061,47.574503],[7.590368,47.573856]]}},{"type":"Feature","properties":{"k":"haupt","name":"Steinengraben"},"geometry":{"type":"LineString","coordinates":[[7.584403,47.555619],[7.584481,47.555603],[7.584544,47.555587],[7.584603,47.555568]]}},{"type":"Feature","properties":{"k":"neben","name":"Auf der Lyss"},"geometry":{"type":"LineString","coordinates":[[7.584401,47.556414],[7.584383,47.556471],[7.584373,47.556502],[7.584367,47.556521]]}},{"type":"Feature","properties":{"k":"neben","name":"Schützenmattstrasse"},"geometry":{"type":"LineString","coordinates":[[7.581906,47.556737],[7.581794,47.556649],[7.58164,47.556529],[7.581601,47.556498]]}},{"type":"Feature","properties":{"k":"haupt","name":"Schützengraben"},"geometry":{"type":"LineString","coordinates":[[7.581384,47.556328],[7.58288,47.55595]]}},{"type":"Feature","properties":{"k":"haupt","name":"Schützengraben"},"geometry":{"type":"LineString","coordinates":[[7.581177,47.55649],[7.581199,47.556466],[7.58129,47.556385],[7.581384,47.556328]]}},{"type":"Feature","properties":{"k":"haupt","name":"Schützengraben"},"geometry":{"type":"LineString","coordinates":[[7.58104,47.556894],[7.581177,47.55649]]}},{"type":"Feature","properties":{"k":"neben","name":"Schützenmattstrasse"},"geometry":{"type":"LineString","coordinates":[[7.581177,47.55649],[7.581189,47.556342],[7.581188,47.556253],[7.581188,47.556141]]}},{"type":"Feature","properties":{"k":"neben","name":"Schützenmattstrasse"},"geometry":{"type":"LineString","coordinates":[[7.581188,47.556141],[7.581078,47.556049]]}},{"type":"Feature","properties":{"k":"neben","name":"Hochbergerplatz"},"geometry":{"type":"LineString","coordinates":[[7.592812,47.581588],[7.593166,47.581403]]}},{"type":"Feature","properties":{"k":"neben","name":"Eisengasse"},"geometry":{"type":"LineString","coordinates":[[7.587765,47.559081],[7.587937,47.559249],[7.588338,47.559426]]}},{"type":"Feature","properties":{"k":"haupt","name":"Schützengraben"},"geometry":{"type":"LineString","coordinates":[[7.580989,47.558234],[7.58099,47.558223],[7.581001,47.558092]]}},{"type":"Feature","properties":{"k":"haupt","name":"Schützengraben"},"geometry":{"type":"LineString","coordinates":[[7.580978,47.558309],[7.580987,47.558249],[7.580987,47.558239],[7.580989,47.558234]]}},{"type":"Feature","properties":{"k":"neben","name":"Birmannsgasse"},"geometry":{"type":"LineString","coordinates":[[7.579623,47.558473],[7.575783,47.557169]]}},{"type":"Feature","properties":{"k":"neben","name":"Birmannsgasse"},"geometry":{"type":"LineString","coordinates":[[7.5799,47.55867],[7.579859,47.558637],[7.579623,47.558473]]}},{"type":"Feature","properties":{"k":"haupt","name":"Missionsstrasse"},"geometry":{"type":"LineString","coordinates":[[7.5799,47.55867],[7.580459,47.558387],[7.580513,47.55836]]}},{"type":"Feature","properties":{"k":"neben","name":"Colmarerstrasse"},"geometry":{"type":"LineString","coordinates":[[7.573883,47.561881],[7.574018,47.561943]]}},{"type":"Feature","properties":{"k":"haupt","name":"Luzernerring"},"geometry":{"type":"LineString","coordinates":[[7.565358,47.566617],[7.565292,47.566555],[7.565116,47.566387],[7.565078,47.566348]]}},{"type":"Feature","properties":{"k":"haupt","name":"Holbeinplatz"},"geometry":{"type":"LineString","coordinates":[[7.584143,47.555671],[7.584214,47.555657],[7.584309,47.555639],[7.584403,47.555619]]}},{"type":"Feature","properties":{"k":"haupt","name":"Schützengraben"},"geometry":{"type":"LineString","coordinates":[[7.583337,47.555841],[7.583879,47.55572],[7.5839,47.555715],[7.584143,47.555671]]}},{"type":"Feature","properties":{"k":"haupt","name":"Schützengraben"},"geometry":{"type":"LineString","coordinates":[[7.58288,47.55595],[7.583073,47.555905],[7.583337,47.555841]]}},{"type":"Feature","properties":{"k":"haupt","name":"Schützengraben"},"geometry":{"type":"LineString","coordinates":[[7.581001,47.558092],[7.581004,47.558048],[7.581012,47.557749],[7.581024,47.557497]]}},{"type":"Feature","properties":{"k":"haupt","name":"Schützengraben"},"geometry":{"type":"LineString","coordinates":[[7.581024,47.557497],[7.581033,47.557372],[7.581038,47.557073],[7.58104,47.556894]]}},{"type":"Feature","properties":{"k":"haupt","name":"Schönbeinstrasse"},"geometry":{"type":"LineString","coordinates":[[7.580933,47.558534],[7.580959,47.558427],[7.580966,47.558393],[7.580978,47.558309]]}},{"type":"Feature","properties":{"k":"haupt","name":"Schönbeinstrasse"},"geometry":{"type":"LineString","coordinates":[[7.580613,47.559629],[7.580933,47.558534]]}},{"type":"Feature","properties":{"k":"neben","name":"Rüdengasse"},"geometry":{"type":"LineString","coordinates":[[7.588816,47.556744],[7.588555,47.556661],[7.588531,47.556654]]}},{"type":"Feature","properties":{"k":"neben","name":"Eisengasse"},"geometry":{"type":"LineString","coordinates":[[7.588391,47.559448],[7.58852,47.559506]]}},{"type":"Feature","properties":{"k":"neben","name":"Entenweidstrasse"},"geometry":{"type":"LineString","coordinates":[[7.573966,47.566872],[7.57387,47.568114]]}},{"type":"Feature","properties":{"k":"neben","name":"Gasstrasse"},"geometry":{"type":"LineString","coordinates":[[7.57387,47.568114],[7.574933,47.569106],[7.577319,47.570324]]}},{"type":"Feature","properties":{"k":"neben","name":"Entenweidstrasse"},"geometry":{"type":"LineString","coordinates":[[7.57387,47.568114],[7.573643,47.569041],[7.573266,47.569711]]}},{"type":"Feature","properties":{"k":"neben","name":"Westquaistrasse"},"geometry":{"type":"LineString","coordinates":[[7.589172,47.58714],[7.589293,47.587356],[7.589185,47.587402],[7.589098,47.587339]]}},{"type":"Feature","properties":{"k":"neben"},"geometry":{"type":"LineString","coordinates":[[7.589365,47.582029],[7.589537,47.582375]]}},{"type":"Feature","properties":{"k":"neben","name":"Wiesendamm"},"geometry":{"type":"LineString","coordinates":[[7.589355,47.582009],[7.589365,47.582029]]}},{"type":"Feature","properties":{"k":"neben"},"geometry":{"type":"LineString","coordinates":[[7.589537,47.582375],[7.589583,47.582452]]}},{"type":"Feature","properties":{"k":"neben","name":"Uferstrasse"},"geometry":{"type":"LineString","coordinates":[[7.587975,47.582794],[7.58795,47.582743],[7.587941,47.582726]]}},{"type":"Feature","properties":{"k":"neben","name":"St. Galler-Ring"},"geometry":{"type":"LineString","coordinates":[[7.567315,47.556543],[7.567349,47.556071]]}},{"type":"Feature","properties":{"k":"neben","name":"Voltastrasse"},"geometry":{"type":"LineString","coordinates":[[7.572841,47.570799],[7.573246,47.57097],[7.57449,47.571057]]}},{"type":"Feature","properties":{"k":"neben","name":"Eisengasse"},"geometry":{"type":"LineString","coordinates":[[7.58856,47.559629],[7.588624,47.559632],[7.588662,47.55964],[7.588712,47.559653]]}},{"type":"Feature","properties":{"k":"haupt","name":"Luzernerring"},"geometry":{"type":"LineString","coordinates":[[7.566908,47.568081],[7.566652,47.567879],[7.566443,47.567684],[7.566143,47.567386]]}},{"type":"Feature","properties":{"k":"haupt","name":"Luzernerring"},"geometry":{"type":"LineString","coordinates":[[7.567299,47.568356],[7.567188,47.568284],[7.566908,47.568081]]}},{"type":"Feature","properties":{"k":"neben","name":"Schneidergasse"},"geometry":{"type":"LineString","coordinates":[[7.586757,47.558132],[7.586602,47.558134]]}},{"type":"Feature","properties":{"k":"haupt","name":"Klybeckstrasse"},"geometry":{"type":"LineString","coordinates":[[7.59032,47.570646],[7.590278,47.570789]]}},{"type":"Feature","properties":{"k":"haupt","name":"Luzernerring"},"geometry":{"type":"LineString","coordinates":[[7.563532,47.564511],[7.563742,47.564905]]}},{"type":"Feature","properties":{"k":"haupt","name":"Luzernerring"},"geometry":{"type":"LineString","coordinates":[[7.563742,47.564905],[7.563994,47.565195]]}},{"type":"Feature","properties":{"k":"haupt","name":"Wasgenring"},"geometry":{"type":"LineString","coordinates":[[7.563491,47.563596],[7.563635,47.563248]]}},{"type":"Feature","properties":{"k":"haupt","name":"Wasgenring"},"geometry":{"type":"LineString","coordinates":[[7.563454,47.563693],[7.563466,47.563659],[7.563491,47.563596]]}},{"type":"Feature","properties":{"k":"haupt","name":"Wasgenring"},"geometry":{"type":"LineString","coordinates":[[7.564874,47.55768],[7.564945,47.557127]]}},{"type":"Feature","properties":{"k":"neben","name":"Schönenbuchstrasse"},"geometry":{"type":"LineString","coordinates":[[7.571138,47.55742],[7.571134,47.557478],[7.571131,47.557512],[7.571054,47.558262]]}},{"type":"Feature","properties":{"k":"neben","name":"Bündnerstrasse"},"geometry":{"type":"LineString","coordinates":[[7.571194,47.558443],[7.57112,47.558348],[7.571054,47.558262]]}},{"type":"Feature","properties":{"k":"neben","name":"Bündnerstrasse"},"geometry":{"type":"LineString","coordinates":[[7.571054,47.558262],[7.571221,47.558272],[7.571541,47.558293]]}},{"type":"Feature","properties":{"k":"haupt","name":"Burgfelderstrasse"},"geometry":{"type":"LineString","coordinates":[[7.573778,47.562104],[7.572434,47.562669]]}},{"type":"Feature","properties":{"k":"neben","name":"St. Johanns-Ring"},"geometry":{"type":"LineString","coordinates":[[7.574217,47.561815],[7.574206,47.561938]]}},{"type":"Feature","properties":{"k":"neben","name":"St. Johanns-Ring"},"geometry":{"type":"LineString","coordinates":[[7.574206,47.561938],[7.574231,47.561954],[7.575612,47.56284],[7.576259,47.563276]]}},{"type":"Feature","properties":{"k":"haupt","name":"Kannenfeldstrasse"},"geometry":{"type":"LineString","coordinates":[[7.573889,47.562351],[7.573151,47.564959]]}},{"type":"Feature","properties":{"k":"neben","name":"Markircherstrasse"},"geometry":{"type":"LineString","coordinates":[[7.561607,47.564569],[7.56249,47.56541],[7.562694,47.56552]]}},{"type":"Feature","properties":{"k":"neben","name":"Marktgasse"},"geometry":{"type":"LineString","coordinates":[[7.587127,47.559118],[7.587128,47.559086]]}},{"type":"Feature","properties":{"k":"haupt","name":"Elsässerstrasse"},"geometry":{"type":"LineString","coordinates":[[7.573419,47.575556],[7.572818,47.576189]]}},{"type":"Feature","properties":{"k":"haupt","name":"Elsässerstrasse"},"geometry":{"type":"LineString","coordinates":[[7.573419,47.575556],[7.57362,47.576008]]}},{"type":"Feature","properties":{"k":"neben","name":"Petersgraben"},"geometry":{"type":"LineString","coordinates":[[7.586131,47.561547],[7.586117,47.561535],[7.585921,47.561368]]}},{"type":"Feature","properties":{"k":"haupt","name":"Allschwilerstrasse"},"geometry":{"type":"LineString","coordinates":[[7.56621,47.557192],[7.566511,47.557204]]}},{"type":"Feature","properties":{"k":"neben","name":"Freie Strasse"},"geometry":{"type":"LineString","coordinates":[[7.589335,47.556923],[7.588287,47.5578]]}},{"type":"Feature","properties":{"k":"neben","name":"Blotzheimerstrasse"},"geometry":{"type":"LineString","coordinates":[[7.564339,47.561354],[7.563225,47.561221],[7.559897,47.560385]]}},{"type":"Feature","properties":{"k":"neben","name":"Gottesackerstrasse"},"geometry":{"type":"LineString","coordinates":[[7.592246,47.57226],[7.589959,47.572326]]}},{"type":"Feature","properties":{"k":"neben","name":"Oltingerstrasse"},"geometry":{"type":"LineString","coordinates":[[7.559989,47.565022],[7.56025,47.565396],[7.561144,47.566257]]}},{"type":"Feature","properties":{"k":"neben","name":"Bündnerstrasse"},"geometry":{"type":"LineString","coordinates":[[7.566656,47.558964],[7.566731,47.558969],[7.567146,47.558892],[7.567266,47.558873]]}},{"type":"Feature","properties":{"k":"neben","name":"Bündnerstrasse"},"geometry":{"type":"LineString","coordinates":[[7.567266,47.558873],[7.570139,47.558223],[7.571054,47.558262]]}},{"type":"Feature","properties":{"k":"haupt","name":"Schlachthofstrasse"},"geometry":{"type":"LineString","coordinates":[[7.564858,47.575822],[7.56472,47.57576],[7.564105,47.575485],[7.563999,47.575433]]}},{"type":"Feature","properties":{"k":"neben","name":"Kaysersbergerstrasse"},"geometry":{"type":"LineString","coordinates":[[7.56199,47.566381],[7.562662,47.567076],[7.562357,47.567303]]}},{"type":"Feature","properties":{"k":"neben","name":"Michelbacherstrasse"},"geometry":{"type":"LineString","coordinates":[[7.56166,47.566064],[7.561933,47.565921],[7.562694,47.56552]]}},{"type":"Feature","properties":{"k":"neben","name":"Oltingerstrasse"},"geometry":{"type":"LineString","coordinates":[[7.561656,47.566721],[7.561415,47.566496],[7.561248,47.56634]]}},{"type":"Feature","properties":{"k":"neben","name":"Lichtstrasse"},"geometry":{"type":"LineString","coordinates":[[7.578729,47.572319],[7.577063,47.571772]]}},{"type":"Feature","properties":{"k":"neben","name":"Hegenheimerstrasse"},"geometry":{"type":"LineString","coordinates":[[7.564039,47.563899],[7.565658,47.563441],[7.566259,47.563003]]}},{"type":"Feature","properties":{"k":"neben","name":"Hegenheimerstrasse"},"geometry":{"type":"LineString","coordinates":[[7.562849,47.564219],[7.559989,47.565022]]}},{"type":"Feature","properties":{"k":"neben","name":"Rümelins-Passage"},"geometry":{"type":"LineString","coordinates":[[7.587293,47.556948],[7.587347,47.556982]]}},{"type":"Feature","properties":{"k":"neben","name":"Rümelins-Passage"},"geometry":{"type":"LineString","coordinates":[[7.588155,47.557206],[7.588144,47.557203],[7.588058,47.557184]]}},{"type":"Feature","properties":{"k":"neben","name":"Unterer Rheinweg"},"geometry":{"type":"LineString","coordinates":[[7.588573,47.563164],[7.587357,47.565022],[7.586906,47.566047]]}},{"type":"Feature","properties":{"k":"haupt","name":"Hiltalingerstrasse"},"geometry":{"type":"LineString","coordinates":[[7.593092,47.588608],[7.593155,47.588664],[7.593225,47.588821]]}},{"type":"Feature","properties":{"k":"neben","name":"Münsterplatz"},"geometry":{"type":"LineString","coordinates":[[7.590959,47.556956],[7.590924,47.556985],[7.59083,47.557046]]}},{"type":"Feature","properties":{"k":"neben","name":"Lachenstrasse"},"geometry":{"type":"LineString","coordinates":[[7.569534,47.56832],[7.569319,47.568321],[7.568453,47.568332]]}},{"type":"Feature","properties":{"k":"neben","name":"Türkheimerstrasse"},"geometry":{"type":"LineString","coordinates":[[7.574555,47.557612],[7.574519,47.55774],[7.574497,47.557817],[7.574428,47.558065]]}},{"type":"Feature","properties":{"k":"neben","name":"Türkheimerstrasse"},"geometry":{"type":"LineString","coordinates":[[7.574595,47.557466],[7.574555,47.557612]]}},{"type":"Feature","properties":{"k":"neben","name":"Schlettstadterstrasse"},"geometry":{"type":"LineString","coordinates":[[7.573389,47.559372],[7.574443,47.559506]]}},{"type":"Feature","properties":{"k":"neben","name":"Marktgasse"},"geometry":{"type":"LineString","coordinates":[[7.587238,47.559357],[7.587849,47.559946]]}},{"type":"Feature","properties":{"k":"haupt","name":"Hiltalingerstrasse"},"geometry":{"type":"LineString","coordinates":[[7.592909,47.586381],[7.59278,47.586594],[7.592696,47.586767]]}},{"type":"Feature","properties":{"k":"neben"},"geometry":{"type":"LineString","coordinates":[[7.593248,47.586702],[7.59264,47.586591],[7.592527,47.586444]]}},{"type":"Feature","properties":{"k":"neben","name":"Hafenstrasse"},"geometry":{"type":"LineString","coordinates":[[7.592527,47.586444],[7.59182,47.586139]]}},{"type":"Feature","properties":{"k":"neben","name":"Hafenstrasse"},"geometry":{"type":"LineString","coordinates":[[7.592644,47.58648],[7.592527,47.586444]]}},{"type":"Feature","properties":{"k":"haupt","name":"Hiltalingerstrasse"},"geometry":{"type":"LineString","coordinates":[[7.592735,47.58824],[7.592794,47.588377]]}},{"type":"Feature","properties":{"k":"haupt","name":"Hiltalingerstrasse"},"geometry":{"type":"LineString","coordinates":[[7.592645,47.588011],[7.59269,47.588127],[7.592735,47.58824]]}},{"type":"Feature","properties":{"k":"haupt","name":"Hiltalingerstrasse"},"geometry":{"type":"LineString","coordinates":[[7.592561,47.587485],[7.592645,47.588011]]}},{"type":"Feature","properties":{"k":"haupt","name":"Hiltalingerstrasse"},"geometry":{"type":"LineString","coordinates":[[7.592581,47.58721],[7.592573,47.587301],[7.592561,47.587485]]}},{"type":"Feature","properties":{"k":"haupt","name":"Hiltalingerstrasse"},"geometry":{"type":"LineString","coordinates":[[7.592696,47.586767],[7.592581,47.58721]]}},{"type":"Feature","properties":{"k":"neben","name":"Südquaistrasse"},"geometry":{"type":"LineString","coordinates":[[7.593552,47.585779],[7.593846,47.585197],[7.593867,47.585147],[7.593942,47.584981]]}},{"type":"Feature","properties":{"k":"neben","name":"Allschwilerplatz"},"geometry":{"type":"LineString","coordinates":[[7.570981,47.557045],[7.571155,47.557139]]}},{"type":"Feature","properties":{"k":"haupt","name":"Baslerstrasse"},"geometry":{"type":"LineString","coordinates":[[7.564205,47.557105],[7.564945,47.557127]]}},{"type":"Feature","properties":{"k":"haupt","name":"Spalenring"},"geometry":{"type":"LineString","coordinates":[[7.575013,47.557625],[7.575088,47.557336],[7.575102,47.557289],[7.575151,47.557173]]}},{"type":"Feature","properties":{"k":"haupt","name":"Spalenring"},"geometry":{"type":"LineString","coordinates":[[7.573883,47.561881],[7.573917,47.561712],[7.573975,47.561449],[7.574212,47.560588]]}},{"type":"Feature","properties":{"k":"neben","name":"Birmannsgasse"},"geometry":{"type":"LineString","coordinates":[[7.575783,47.557169],[7.575337,47.557142]]}},{"type":"Feature","properties":{"k":"haupt","name":"Spalenring"},"geometry":{"type":"LineString","coordinates":[[7.575471,47.556609],[7.575385,47.556985],[7.575377,47.557013],[7.575337,47.557142]]}},{"type":"Feature","properties":{"k":"haupt","name":"Ahornstrasse"},"geometry":{"type":"LineString","coordinates":[[7.575151,47.557173],[7.575229,47.557157],[7.575268,47.55715],[7.575337,47.557142]]}},{"type":"Feature","properties":{"k":"haupt","name":"Ahornstrasse"},"geometry":{"type":"LineString","coordinates":[[7.574519,47.557284],[7.575151,47.557173]]}},{"type":"Feature","properties":{"k":"haupt","name":"Kannenfeldstrasse"},"geometry":{"type":"LineString","coordinates":[[7.572957,47.565348],[7.572995,47.565044]]}},{"type":"Feature","properties":{"k":"haupt","name":"Kannenfeldstrasse"},"geometry":{"type":"LineString","coordinates":[[7.572969,47.565424],[7.572957,47.565348]]}},{"type":"Feature","properties":{"k":"haupt","name":"Voltastrasse"},"geometry":{"type":"LineString","coordinates":[[7.580808,47.570699],[7.580982,47.570695],[7.581033,47.570694],[7.581259,47.570691]]}},{"type":"Feature","properties":{"k":"haupt","name":"Voltastrasse"},"geometry":{"type":"LineString","coordinates":[[7.579626,47.570711],[7.580472,47.570708]]}},{"type":"Feature","properties":{"k":"neben","name":"Elsässerstrasse"},"geometry":{"type":"LineString","coordinates":[[7.578665,47.569964],[7.578279,47.570401]]}},{"type":"Feature","properties":{"k":"haupt","name":"Voltastrasse"},"geometry":{"type":"LineString","coordinates":[[7.580552,47.57083],[7.577886,47.570843]]}},{"type":"Feature","properties":{"k":"haupt","name":"Burgfelderstrasse"},"geometry":{"type":"LineString","coordinates":[[7.573572,47.562058],[7.573624,47.562033]]}},{"type":"Feature","properties":{"k":"haupt","name":"Burgfelderstrasse"},"geometry":{"type":"LineString","coordinates":[[7.573102,47.562283],[7.573572,47.562058]]}},{"type":"Feature","properties":{"k":"neben","name":"Strassburgerallee"},"geometry":{"type":"LineString","coordinates":[[7.570548,47.563047],[7.568879,47.561451]]}},{"type":"Feature","properties":{"k":"neben","name":"Strassburgerallee"},"geometry":{"type":"LineString","coordinates":[[7.571321,47.563668],[7.571124,47.563527],[7.57108,47.563495]]}},{"type":"Feature","properties":{"k":"neben","name":"Strassburgerallee"},"geometry":{"type":"LineString","coordinates":[[7.572637,47.564616],[7.572108,47.564236],[7.571643,47.563902],[7.571321,47.563668]]}},{"type":"Feature","properties":{"k":"haupt","name":"Burgfelderstrasse"},"geometry":{"type":"LineString","coordinates":[[7.570034,47.563823],[7.570744,47.563419]]}},{"type":"Feature","properties":{"k":"haupt","name":"Wasgenring"},"geometry":{"type":"LineString","coordinates":[[7.56422,47.561727],[7.564339,47.561354]]}},{"type":"Feature","properties":{"k":"haupt","name":"Wasgenring"},"geometry":{"type":"LineString","coordinates":[[7.563635,47.563248],[7.56422,47.561727]]}},{"type":"Feature","properties":{"k":"haupt","name":"Voltastrasse"},"geometry":{"type":"LineString","coordinates":[[7.58316,47.570815],[7.582793,47.570819],[7.582353,47.570816]]}},{"type":"Feature","properties":{"k":"neben","name":"Müllheimerstrasse"},"geometry":{"type":"LineString","coordinates":[[7.592435,47.572249],[7.592354,47.572254],[7.592246,47.57226]]}},{"type":"Feature","properties":{"k":"haupt","name":"Kleinhüningeranlage"},"geometry":{"type":"LineString","coordinates":[[7.593354,47.581904],[7.593166,47.581403]]}},{"type":"Feature","properties":{"k":"haupt","name":"Hochbergerstrasse"},"geometry":{"type":"LineString","coordinates":[[7.59367,47.581073],[7.593166,47.581403]]}},{"type":"Feature","properties":{"k":"haupt","name":"Luzernerring"},"geometry":{"type":"LineString","coordinates":[[7.568562,47.568836],[7.568786,47.568905],[7.56899,47.568957],[7.569039,47.568969]]}},{"type":"Feature","properties":{"k":"neben","name":"Neudorfstrasse"},"geometry":{"type":"LineString","coordinates":[[7.566185,47.574193],[7.565175,47.575449]]}},{"type":"Feature","properties":{"k":"neben","name":"Neudorfstrasse"},"geometry":{"type":"LineString","coordinates":[[7.566289,47.574081],[7.566185,47.574193]]}},{"type":"Feature","properties":{"k":"neben","name":"Leonhardskirchplatz"},"geometry":{"type":"LineString","coordinates":[[7.587893,47.555124],[7.587755,47.555095]]}},{"type":"Feature","properties":{"k":"neben","name":"Theodor Herzl-Strasse"},"geometry":{"type":"LineString","coordinates":[[7.559297,47.567079],[7.558577,47.565379]]}},{"type":"Feature","properties":{"k":"neben"},"geometry":{"type":"LineString","coordinates":[[7.561144,47.566257],[7.561131,47.566286],[7.561119,47.566315]]}},{"type":"Feature","properties":{"k":"neben"},"geometry":{"type":"LineString","coordinates":[[7.561248,47.56634],[7.561255,47.566301],[7.561261,47.566261]]}},{"type":"Feature","properties":{"k":"haupt"},"geometry":{"type":"LineString","coordinates":[[7.575348,47.571073],[7.577547,47.570867]]}},{"type":"Feature","properties":{"k":"haupt"},"geometry":{"type":"LineString","coordinates":[[7.578506,47.570918],[7.575309,47.571141],[7.574383,47.57123]]}},{"type":"Feature","properties":{"k":"neben","name":"Julia Gauss-Strasse"},"geometry":{"type":"LineString","coordinates":[[7.56479,47.568076],[7.564745,47.568105],[7.564705,47.568131]]}},{"type":"Feature","properties":{"k":"neben","name":"Julia Gauss-Strasse"},"geometry":{"type":"LineString","coordinates":[[7.564912,47.567995],[7.56479,47.568076]]}},{"type":"Feature","properties":{"k":"neben","name":"Lindenstrasse"},"geometry":{"type":"LineString","coordinates":[[7.560348,47.558481],[7.561442,47.559118],[7.561491,47.559152],[7.561556,47.559224]]}},{"type":"Feature","properties":{"k":"haupt","name":"Luzernerring"},"geometry":{"type":"LineString","coordinates":[[7.565715,47.566953],[7.565358,47.566617]]}},{"type":"Feature","properties":{"k":"neben","name":"Eisengasse"},"geometry":{"type":"LineString","coordinates":[[7.588338,47.559426],[7.588391,47.559448]]}},{"type":"Feature","properties":{"k":"neben"},"geometry":{"type":"LineString","coordinates":[[7.592157,47.581922],[7.592,47.581862],[7.592084,47.581765],[7.592238,47.581826],[7.592157,47.581922]]}},{"type":"Feature","properties":{"k":"neben","name":"Leonhardsgraben"},"geometry":{"type":"LineString","coordinates":[[7.584367,47.556521],[7.58456,47.55644]]}},{"type":"Feature","properties":{"k":"neben","name":"Auf der Lyss"},"geometry":{"type":"LineString","coordinates":[[7.584432,47.556315],[7.58456,47.55644]]}},{"type":"Feature","properties":{"k":"haupt","name":"Schanzenstrasse"},"geometry":{"type":"LineString","coordinates":[[7.582696,47.563477],[7.582184,47.563159]]}},{"type":"Feature","properties":{"k":"neben","name":"Klingelbergstrasse"},"geometry":{"type":"LineString","coordinates":[[7.579156,47.564053],[7.579119,47.564083],[7.578756,47.564372],[7.578171,47.564838]]}},{"type":"Feature","properties":{"k":"neben","name":"Horburgstrasse"},"geometry":{"type":"LineString","coordinates":[[7.592276,47.570692],[7.59514,47.570654]]}},{"type":"Feature","properties":{"k":"haupt","name":"Mauerstrasse"},"geometry":{"type":"LineString","coordinates":[[7.592441,47.573781],[7.59369,47.573742],[7.595036,47.573695]]}},{"type":"Feature","properties":{"k":"haupt","name":"Schlachthofstrasse"},"geometry":{"type":"LineString","coordinates":[[7.572818,47.576189],[7.571784,47.576378]]}},{"type":"Feature","properties":{"k":"haupt","name":"Elsässerstrasse"},"geometry":{"type":"LineString","coordinates":[[7.572818,47.576189],[7.572554,47.576482]]}},{"type":"Feature","properties":{"k":"neben","name":"Klybeckstrasse"},"geometry":{"type":"LineString","coordinates":[[7.589489,47.575245],[7.590061,47.574503]]}},{"type":"Feature","properties":{"k":"neben","name":"Peterskirchplatz"},"geometry":{"type":"LineString","coordinates":[[7.584776,47.559426],[7.585675,47.559417]]}},{"type":"Feature","properties":{"k":"neben","name":"Peterskirchplatz"},"geometry":{"type":"LineString","coordinates":[[7.584998,47.559588],[7.584981,47.559516],[7.58496,47.559429]]}},{"type":"Feature","properties":{"k":"haupt","name":"Hiltalingerstrasse"},"geometry":{"type":"LineString","coordinates":[[7.593621,47.585248],[7.593483,47.5855],[7.593341,47.585729],[7.593214,47.585927]]}},{"type":"Feature","properties":{"k":"haupt","name":"St. Alban-Graben"},"geometry":{"type":"LineString","coordinates":[[7.595091,47.55531],[7.594958,47.555131]]}},{"type":"Feature","properties":{"k":"haupt","name":"Hiltalingerstrasse"},"geometry":{"type":"LineString","coordinates":[[7.592931,47.588645],[7.592816,47.588426]]}},{"type":"Feature","properties":{"k":"haupt","name":"Flughafenstrasse"},"geometry":{"type":"LineString","coordinates":[[7.569339,47.570272],[7.56962,47.569313]]}},{"type":"Feature","properties":{"k":"neben","name":"Rittergasse"},"geometry":{"type":"LineString","coordinates":[[7.593398,47.555272],[7.593339,47.555315],[7.593268,47.55537]]}},{"type":"Feature","properties":{"k":"neben","name":"Rittergasse"},"geometry":{"type":"LineString","coordinates":[[7.592535,47.555989],[7.591974,47.556106]]}},{"type":"Feature","properties":{"k":"neben","name":"Rittergasse"},"geometry":{"type":"LineString","coordinates":[[7.593268,47.55537],[7.592535,47.555989]]}},{"type":"Feature","properties":{"k":"haupt","name":"Dreirosenstrasse"},"geometry":{"type":"LineString","coordinates":[[7.589357,47.570614],[7.589664,47.570619]]}},{"type":"Feature","properties":{"k":"neben","name":"Klybeckstrasse"},"geometry":{"type":"LineString","coordinates":[[7.5903,47.569866],[7.590317,47.569908],[7.590366,47.57004]]}},{"type":"Feature","properties":{"k":"neben","name":"Klybeckstrasse"},"geometry":{"type":"LineString","coordinates":[[7.590082,47.570631],[7.590099,47.570555]]}},{"type":"Feature","properties":{"k":"haupt","name":"Klybeckstrasse"},"geometry":{"type":"LineString","coordinates":[[7.589959,47.571977],[7.589952,47.57219],[7.589956,47.572244]]}},{"type":"Feature","properties":{"k":"haupt","name":"Klybeckstrasse"},"geometry":{"type":"LineString","coordinates":[[7.589959,47.571977],[7.589899,47.571729],[7.58998,47.571117]]}},{"type":"Feature","properties":{"k":"haupt","name":"Dreirosenstrasse"},"geometry":{"type":"LineString","coordinates":[[7.589334,47.570781],[7.588994,47.570763],[7.588646,47.570757]]}},{"type":"Feature","properties":{"k":"neben","name":"Horburgstrasse"},"geometry":{"type":"LineString","coordinates":[[7.591222,47.570782],[7.590278,47.570789]]}},{"type":"Feature","properties":{"k":"haupt","name":"Klybeckstrasse"},"geometry":{"type":"LineString","coordinates":[[7.590018,47.570922],[7.590047,47.570792]]}},{"type":"Feature","properties":{"k":"haupt","name":"Dreirosenstrasse"},"geometry":{"type":"LineString","coordinates":[[7.589664,47.570619],[7.590082,47.570631]]}},{"type":"Feature","properties":{"k":"neben","name":"Klybeckstrasse"},"geometry":{"type":"LineString","coordinates":[[7.590366,47.57004],[7.590352,47.570532]]}},{"type":"Feature","properties":{"k":"haupt","name":"Dreirosenstrasse"},"geometry":{"type":"LineString","coordinates":[[7.590047,47.570792],[7.589862,47.570793]]}},{"type":"Feature","properties":{"k":"haupt","name":"Klybeckstrasse"},"geometry":{"type":"LineString","coordinates":[[7.590047,47.570792],[7.590082,47.570631]]}},{"type":"Feature","properties":{"k":"haupt","name":"Dreirosenstrasse"},"geometry":{"type":"LineString","coordinates":[[7.589862,47.570793],[7.589773,47.570792],[7.589334,47.570781]]}},{"type":"Feature","properties":{"k":"haupt","name":"Klybeckstrasse"},"geometry":{"type":"LineString","coordinates":[[7.590064,47.571709],[7.590038,47.57179],[7.589984,47.571927],[7.589959,47.571977]]}},{"type":"Feature","properties":{"k":"haupt","name":"Klybeckstrasse"},"geometry":{"type":"LineString","coordinates":[[7.589956,47.572244],[7.590368,47.573856]]}},{"type":"Feature","properties":{"k":"neben","name":"Klybeckstrasse"},"geometry":{"type":"LineString","coordinates":[[7.590346,47.569312],[7.590327,47.569587],[7.5903,47.569866]]}},{"type":"Feature","properties":{"k":"haupt","name":"Dreirosenstrasse"},"geometry":{"type":"LineString","coordinates":[[7.590082,47.570631],[7.59032,47.570646]]}},{"type":"Feature","properties":{"k":"neben","name":"Horburgstrasse"},"geometry":{"type":"LineString","coordinates":[[7.590881,47.570682],[7.591525,47.5707],[7.592158,47.570695],[7.592276,47.570692]]}},{"type":"Feature","properties":{"k":"neben","name":"Friedrichstrasse"},"geometry":{"type":"LineString","coordinates":[[7.574233,47.555998],[7.57422,47.555975],[7.574209,47.555955],[7.574204,47.555944]]}},{"type":"Feature","properties":{"k":"neben","name":"Sängergasse"},"geometry":{"type":"LineString","coordinates":[[7.572283,47.556296],[7.572099,47.556171],[7.571817,47.556008],[7.571138,47.555151]]}},{"type":"Feature","properties":{"k":"neben","name":"Birkenstrasse"},"geometry":{"type":"LineString","coordinates":[[7.572596,47.556343],[7.573679,47.557381],[7.573735,47.557436]]}},{"type":"Feature","properties":{"k":"neben","name":"Eichenstrasse"},"geometry":{"type":"LineString","coordinates":[[7.570259,47.557023],[7.570364,47.556215],[7.570435,47.555367]]}},{"type":"Feature","properties":{"k":"neben","name":"Oekolampadstrasse"},"geometry":{"type":"LineString","coordinates":[[7.570165,47.557943],[7.570139,47.558223]]}},{"type":"Feature","properties":{"k":"neben","name":"Oekolampadstrasse"},"geometry":{"type":"LineString","coordinates":[[7.57019,47.557666],[7.570165,47.557943]]}},{"type":"Feature","properties":{"k":"neben","name":"Oekolampadstrasse"},"geometry":{"type":"LineString","coordinates":[[7.570208,47.557468],[7.57019,47.557666]]}},{"type":"Feature","properties":{"k":"haupt","name":"Ahornstrasse"},"geometry":{"type":"LineString","coordinates":[[7.57306,47.557511],[7.574198,47.557346]]}},{"type":"Feature","properties":{"k":"neben","name":"Rufacherstrasse"},"geometry":{"type":"LineString","coordinates":[[7.573023,47.557612],[7.573051,47.557549],[7.57306,47.557511]]}},{"type":"Feature","properties":{"k":"neben","name":"Palmenstrasse"},"geometry":{"type":"LineString","coordinates":[[7.574445,47.557209],[7.573357,47.556183],[7.573337,47.556141],[7.573332,47.55613]]}},{"type":"Feature","properties":{"k":"neben","name":"Rudolfstrasse"},"geometry":{"type":"LineString","coordinates":[[7.575026,47.555706],[7.575027,47.555755],[7.575027,47.555767]]}},{"type":"Feature","properties":{"k":"haupt","name":"Burgfelderstrasse"},"geometry":{"type":"LineString","coordinates":[[7.574018,47.561943],[7.573919,47.562013],[7.573873,47.562045],[7.573778,47.562104]]}},{"type":"Feature","properties":{"k":"haupt","name":"Missionsstrasse"},"geometry":{"type":"LineString","coordinates":[[7.573883,47.561881],[7.574045,47.56181]]}},{"type":"Feature","properties":{"k":"haupt","name":"Kannenfeldstrasse"},"geometry":{"type":"LineString","coordinates":[[7.573778,47.562104],[7.573883,47.561881]]}},{"type":"Feature","properties":{"k":"haupt","name":"Kannenfeldstrasse"},"geometry":{"type":"LineString","coordinates":[[7.573651,47.562662],[7.573778,47.562104]]}},{"type":"Feature","properties":{"k":"haupt","name":"Klybeckstrasse"},"geometry":{"type":"LineString","coordinates":[[7.58998,47.571117],[7.590018,47.570922]]}},{"type":"Feature","properties":{"k":"neben","name":"Unterer Rheinweg"},"geometry":{"type":"LineString","coordinates":[[7.586466,47.569133],[7.586501,47.567645],[7.586906,47.566047]]}},{"type":"Feature","properties":{"k":"neben","name":"Altrheinweg"},"geometry":{"type":"LineString","coordinates":[[7.587756,47.577006],[7.587614,47.576443]]}},{"type":"Feature","properties":{"k":"haupt","name":"Hochbergerstrasse"},"geometry":{"type":"LineString","coordinates":[[7.595536,47.578519],[7.594297,47.580415]]}},{"type":"Feature","properties":{"k":"neben","name":"Augustinergasse"},"geometry":{"type":"LineString","coordinates":[[7.591064,47.557283],[7.59033,47.557947]]}},{"type":"Feature","properties":{"k":"neben","name":"Rheinsprung"},"geometry":{"type":"LineString","coordinates":[[7.589541,47.558565],[7.589937,47.55827],[7.590143,47.558107],[7.59033,47.557947]]}},{"type":"Feature","properties":{"k":"neben","name":"Martinsgasse"},"geometry":{"type":"LineString","coordinates":[[7.589806,47.557683],[7.589244,47.558111],[7.588756,47.558856]]}},{"type":"Feature","properties":{"k":"neben","name":"Schlüsselberg"},"geometry":{"type":"LineString","coordinates":[[7.590781,47.556865],[7.590553,47.556787],[7.590198,47.556714]]}},{"type":"Feature","properties":{"k":"neben","name":"Münsterberg"},"geometry":{"type":"LineString","coordinates":[[7.591525,47.555844],[7.591717,47.555969],[7.591974,47.556106]]}},{"type":"Feature","properties":{"k":"neben","name":"Leonhardsgraben"},"geometry":{"type":"LineString","coordinates":[[7.584367,47.556521],[7.584134,47.556612]]}},{"type":"Feature","properties":{"k":"neben","name":"St. Galler-Ring"},"geometry":{"type":"LineString","coordinates":[[7.567619,47.559986],[7.567266,47.558873]]}},{"type":"Feature","properties":{"k":"haupt","name":"Burgfelderstrasse"},"geometry":{"type":"LineString","coordinates":[[7.557397,47.572012],[7.557219,47.572236],[7.557201,47.572259]]}},{"type":"Feature","properties":{"k":"haupt","name":"Burgfelderstrasse"},"geometry":{"type":"LineString","coordinates":[[7.557201,47.572259],[7.556913,47.572548]]}},{"type":"Feature","properties":{"k":"haupt","name":"Burgfelderstrasse"},"geometry":{"type":"LineString","coordinates":[[7.557089,47.572222],[7.557111,47.572194],[7.557203,47.572078],[7.557288,47.571972]]}},{"type":"Feature","properties":{"k":"haupt","name":"Burgfelderstrasse"},"geometry":{"type":"LineString","coordinates":[[7.557288,47.571972],[7.55757,47.571674]]}},{"type":"Feature","properties":{"k":"haupt","name":"Steinengraben"},"geometry":{"type":"LineString","coordinates":[[7.584764,47.555468],[7.584791,47.555432],[7.584844,47.555343],[7.584971,47.555132]]}},{"type":"Feature","properties":{"k":"neben","name":"Davidsbodenstrasse"},"geometry":{"type":"LineString","coordinates":[[7.576852,47.565793],[7.577078,47.56563],[7.577695,47.565183],[7.578171,47.564838]]}},{"type":"Feature","properties":{"k":"haupt","name":"Kannenfeldplatz"},"geometry":{"type":"LineString","coordinates":[[7.572903,47.565624],[7.572969,47.565424]]}},{"type":"Feature","properties":{"k":"haupt","name":"Kannenfeldplatz"},"geometry":{"type":"LineString","coordinates":[[7.573313,47.565876],[7.57307,47.565812],[7.572903,47.565624]]}},{"type":"Feature","properties":{"k":"haupt","name":"Kannenfeldplatz"},"geometry":{"type":"LineString","coordinates":[[7.573639,47.565782],[7.573313,47.565876]]}},{"type":"Feature","properties":{"k":"haupt","name":"Kannenfeldplatz"},"geometry":{"type":"LineString","coordinates":[[7.573531,47.565308],[7.573769,47.565452],[7.573774,47.565663]]}},{"type":"Feature","properties":{"k":"haupt","name":"Voltastrasse"},"geometry":{"type":"LineString","coordinates":[[7.577101,47.570794],[7.577994,47.570722]]}},{"type":"Feature","properties":{"k":"neben","name":"Elsässerstrasse"},"geometry":{"type":"LineString","coordinates":[[7.577994,47.570722],[7.577886,47.570843]]}},{"type":"Feature","properties":{"k":"neben","name":"Gerbergasse"},"geometry":{"type":"LineString","coordinates":[[7.58862,47.556044],[7.588639,47.555945]]}},{"type":"Feature","properties":{"k":"haupt","name":"Voltastrasse"},"geometry":{"type":"LineString","coordinates":[[7.581259,47.570691],[7.582351,47.570676]]}},{"type":"Feature","properties":{"k":"haupt","name":"Voltastrasse"},"geometry":{"type":"LineString","coordinates":[[7.581314,47.570853],[7.581088,47.570847],[7.581031,47.570845],[7.580986,47.570844]]}},{"type":"Feature","properties":{"k":"haupt","name":"Voltastrasse"},"geometry":{"type":"LineString","coordinates":[[7.580472,47.570708],[7.580616,47.570704],[7.580808,47.570699]]}},{"type":"Feature","properties":{"k":"haupt","name":"Elsässerstrasse"},"geometry":{"type":"LineString","coordinates":[[7.572351,47.576707],[7.572258,47.576814]]}},{"type":"Feature","properties":{"k":"haupt","name":"Spalenring"},"geometry":{"type":"LineString","coordinates":[[7.574359,47.560044],[7.574429,47.559868]]}},{"type":"Feature","properties":{"k":"haupt","name":"Spalenring"},"geometry":{"type":"LineString","coordinates":[[7.574212,47.560588],[7.574233,47.560502],[7.574244,47.560446],[7.574255,47.560402]]}},{"type":"Feature","properties":{"k":"haupt","name":"Spalenring"},"geometry":{"type":"LineString","coordinates":[[7.574255,47.560402],[7.574295,47.560242]]}},{"type":"Feature","properties":{"k":"haupt","name":"Spalenring"},"geometry":{"type":"LineString","coordinates":[[7.574429,47.559868],[7.574548,47.559461],[7.575006,47.557796],[7.575013,47.557625]]}},{"type":"Feature","properties":{"k":"haupt","name":"Spalenring"},"geometry":{"type":"LineString","coordinates":[[7.574295,47.560242],[7.574312,47.56017],[7.57433,47.560114],[7.574359,47.560044]]}},{"type":"Feature","properties":{"k":"neben","name":"Föhrenstrasse"},"geometry":{"type":"LineString","coordinates":[[7.569907,47.555402],[7.569187,47.55537],[7.568748,47.555351]]}},{"type":"Feature","properties":{"k":"neben","name":"Eichenstrasse"},"geometry":{"type":"LineString","coordinates":[[7.570228,47.557254],[7.570259,47.557023]]}},{"type":"Feature","properties":{"k":"neben","name":"Eichenstrasse"},"geometry":{"type":"LineString","coordinates":[[7.570435,47.555367],[7.570072,47.555277]]}},{"type":"Feature","properties":{"k":"neben","name":"Schützenmattstrasse"},"geometry":{"type":"LineString","coordinates":[[7.581078,47.556049],[7.580368,47.555427]]}},{"type":"Feature","properties":{"k":"neben","name":"Schützenmattstrasse"},"geometry":{"type":"LineString","coordinates":[[7.581313,47.55626],[7.581384,47.556328]]}},{"type":"Feature","properties":{"k":"neben","name":"Schiffmühlestrasse"},"geometry":{"type":"LineString","coordinates":[[7.580553,47.576271],[7.581551,47.576105]]}},{"type":"Feature","properties":{"k":"haupt","name":"Luzernerring"},"geometry":{"type":"LineString","coordinates":[[7.572806,47.569895],[7.572735,47.569871],[7.572505,47.56981]]}},{"type":"Feature","properties":{"k":"neben","name":"Stadthausgasse"},"geometry":{"type":"LineString","coordinates":[[7.586809,47.559299],[7.586804,47.559226],[7.586805,47.559134]]}},{"type":"Feature","properties":{"k":"haupt"},"geometry":{"type":"LineString","coordinates":[[7.575254,47.576291],[7.575001,47.576328],[7.575007,47.576161]]}},{"type":"Feature","properties":{"k":"haupt","name":"Zollstraße"},"geometry":{"type":"LineString","coordinates":[[7.593186,47.589132],[7.593102,47.588991]]}},{"type":"Feature","properties":{"k":"haupt","name":"Hiltalingerstrasse"},"geometry":{"type":"LineString","coordinates":[[7.59304,47.588858],[7.593016,47.588806],[7.592968,47.588715],[7.592931,47.588645]]}},{"type":"Feature","properties":{"k":"haupt","name":"Hiltalingerstrasse"},"geometry":{"type":"LineString","coordinates":[[7.593225,47.588821],[7.593282,47.588944]]}},{"type":"Feature","properties":{"k":"neben","name":"Strassburgerallee"},"geometry":{"type":"LineString","coordinates":[[7.570875,47.563356],[7.570805,47.56329],[7.570767,47.563254],[7.570548,47.563047]]}},{"type":"Feature","properties":{"k":"haupt","name":"Wasgenring"},"geometry":{"type":"LineString","coordinates":[[7.564438,47.560876],[7.564339,47.561354]]}},{"type":"Feature","properties":{"k":"haupt","name":"Wasgenring"},"geometry":{"type":"LineString","coordinates":[[7.564794,47.558157],[7.564874,47.55768]]}},{"type":"Feature","properties":{"k":"haupt","name":"Spalenring"},"geometry":{"type":"LineString","coordinates":[[7.575337,47.557142],[7.5753,47.557271],[7.574513,47.560056],[7.574504,47.560088]]}},{"type":"Feature","properties":{"k":"haupt","name":"Missionsstrasse"},"geometry":{"type":"LineString","coordinates":[[7.580726,47.558225],[7.580989,47.558234]]}},{"type":"Feature","properties":{"k":"haupt","name":"Missionsstrasse"},"geometry":{"type":"LineString","coordinates":[[7.580513,47.55836],[7.580692,47.558242],[7.580726,47.558225]]}},{"type":"Feature","properties":{"k":"neben","name":"Leimenstrasse"},"geometry":{"type":"LineString","coordinates":[[7.583838,47.555396],[7.584143,47.555671]]}},{"type":"Feature","properties":{"k":"haupt","name":"Elsässerstrasse"},"geometry":{"type":"LineString","coordinates":[[7.572023,47.576984],[7.57211,47.576891],[7.572258,47.576814]]}},{"type":"Feature","properties":{"k":"haupt","name":"Avenue de Bâle"},"geometry":{"type":"LineString","coordinates":[[7.572188,47.576951],[7.57207,47.577088],[7.572046,47.577117],[7.571897,47.577209]]}},{"type":"Feature","properties":{"k":"haupt","name":"Avenue de Bâle"},"geometry":{"type":"LineString","coordinates":[[7.571897,47.577209],[7.571937,47.577074],[7.571967,47.577042],[7.572023,47.576984]]}},{"type":"Feature","properties":{"k":"haupt","name":"Elsässerstrasse"},"geometry":{"type":"LineString","coordinates":[[7.572258,47.576814],[7.57221,47.576926],[7.572188,47.576951]]}},{"type":"Feature","properties":{"k":"neben","name":"Dorfstrasse"},"geometry":{"type":"LineString","coordinates":[[7.592795,47.583341],[7.592833,47.583893],[7.592583,47.584785]]}},{"type":"Feature","properties":{"k":"neben","name":"Kleinhüningerstrasse"},"geometry":{"type":"LineString","coordinates":[[7.592032,47.581745],[7.592054,47.581774]]}},{"type":"Feature","properties":{"k":"neben","name":"Altrheinweg"},"geometry":{"type":"LineString","coordinates":[[7.587473,47.575819],[7.587353,47.574888],[7.587335,47.574724],[7.587223,47.573763]]}},{"type":"Feature","properties":{"k":"neben","name":"Claragraben"},"geometry":{"type":"LineString","coordinates":[[7.592229,47.565481],[7.592564,47.564719],[7.592619,47.564632]]}},{"type":"Feature","properties":{"k":"neben","name":"Austrasse"},"geometry":{"type":"LineString","coordinates":[[7.575781,47.555606],[7.57571,47.555622],[7.57567,47.555631]]}},{"type":"Feature","properties":{"k":"haupt","name":"Spalenring"},"geometry":{"type":"LineString","coordinates":[[7.575781,47.555606],[7.575471,47.556609]]}},{"type":"Feature","properties":{"k":"haupt","name":"Schanzenstrasse"},"geometry":{"type":"LineString","coordinates":[[7.581548,47.562671],[7.58105,47.562266],[7.580924,47.562134]]}},{"type":"Feature","properties":{"k":"neben","name":"Lothringerstrasse"},"geometry":{"type":"LineString","coordinates":[[7.57607,47.569694],[7.574937,47.570943]]}},{"type":"Feature","properties":{"k":"haupt","name":"Klingelbergstrasse"},"geometry":{"type":"LineString","coordinates":[[7.580218,47.560782],[7.580013,47.56037],[7.579996,47.560338]]}},{"type":"Feature","properties":{"k":"haupt","name":"Klingelbergstrasse"},"geometry":{"type":"LineString","coordinates":[[7.580449,47.561242],[7.580332,47.561011],[7.58024,47.560826],[7.580218,47.560782]]}},{"type":"Feature","properties":{"k":"neben","name":"Klingelbergstrasse"},"geometry":{"type":"LineString","coordinates":[[7.580924,47.562134],[7.580834,47.562217],[7.58061,47.562489]]}},{"type":"Feature","properties":{"k":"neben","name":"Spiegelgasse"},"geometry":{"type":"LineString","coordinates":[[7.586888,47.559957],[7.586809,47.559299]]}},{"type":"Feature","properties":{"k":"neben","name":"Hebelstrasse"},"geometry":{"type":"LineString","coordinates":[[7.576944,47.563836],[7.576114,47.564575]]}},{"type":"Feature","properties":{"k":"neben","name":"Hegenheimerstrasse"},"geometry":{"type":"LineString","coordinates":[[7.562849,47.564219],[7.563227,47.564063]]}},{"type":"Feature","properties":{"k":"neben","name":"Hegenheimerstrasse"},"geometry":{"type":"LineString","coordinates":[[7.563296,47.56417],[7.562849,47.564219]]}},{"type":"Feature","properties":{"k":"haupt","name":"Luzernerring"},"geometry":{"type":"LineString","coordinates":[[7.563549,47.564147],[7.563537,47.564182],[7.563532,47.564295],[7.563502,47.564424]]}},{"type":"Feature","properties":{"k":"haupt","name":"Luzernerring"},"geometry":{"type":"LineString","coordinates":[[7.563502,47.564424],[7.563309,47.564176]]}},{"type":"Feature","properties":{"k":"haupt","name":"Luzernerring"},"geometry":{"type":"LineString","coordinates":[[7.564594,47.565838],[7.564709,47.565963],[7.56484,47.566111],[7.564881,47.566155]]}},{"type":"Feature","properties":{"k":"haupt","name":"Burgfelderstrasse"},"geometry":{"type":"LineString","coordinates":[[7.566047,47.565734],[7.566382,47.565569]]}},{"type":"Feature","properties":{"k":"haupt","name":"Burgfelderstrasse"},"geometry":{"type":"LineString","coordinates":[[7.564214,47.566708],[7.564784,47.566367],[7.56483,47.56634],[7.564985,47.566257]]}},{"type":"Feature","properties":{"k":"haupt","name":"Luzernerring"},"geometry":{"type":"LineString","coordinates":[[7.564212,47.565425],[7.564408,47.565638]]}},{"type":"Feature","properties":{"k":"haupt","name":"Luzernerring"},"geometry":{"type":"LineString","coordinates":[[7.563994,47.565195],[7.564212,47.565425]]}},{"type":"Feature","properties":{"k":"neben","name":"Hegenheimerstrasse"},"geometry":{"type":"LineString","coordinates":[[7.563527,47.563985],[7.564039,47.563899]]}},{"type":"Feature","properties":{"k":"haupt","name":"Wasgenring"},"geometry":{"type":"LineString","coordinates":[[7.563257,47.564007],[7.563454,47.563693]]}},{"type":"Feature","properties":{"k":"haupt","name":"Wasgenring"},"geometry":{"type":"LineString","coordinates":[[7.563454,47.563693],[7.563513,47.563977]]}},{"type":"Feature","properties":{"k":"neben","name":"Hegenheimerstrasse"},"geometry":{"type":"LineString","coordinates":[[7.564039,47.563899],[7.563872,47.563967],[7.563744,47.564007]]}},{"type":"Feature","properties":{"k":"neben","name":"Utengasse"},"geometry":{"type":"LineString","coordinates":[[7.593243,47.560034],[7.592072,47.561175]]}},{"type":"Feature","properties":{"k":"neben","name":"Müllheimerstrasse"},"geometry":{"type":"LineString","coordinates":[[7.592285,47.568622],[7.592287,47.568884]]}},{"type":"Feature","properties":{"k":"neben","name":"Oetlingerstrasse"},"geometry":{"type":"LineString","coordinates":[[7.592293,47.567799],[7.590696,47.567673]]}},{"type":"Feature","properties":{"k":"neben","name":"Müllheimerstrasse"},"geometry":{"type":"LineString","coordinates":[[7.592293,47.567799],[7.592465,47.567188],[7.59248,47.567139]]}},{"type":"Feature","properties":{"k":"neben","name":"Bläsiring"},"geometry":{"type":"LineString","coordinates":[[7.591896,47.568619],[7.592028,47.56862],[7.592203,47.568621],[7.592285,47.568622]]}},{"type":"Feature","properties":{"k":"neben","name":"Oetlingerstrasse"},"geometry":{"type":"LineString","coordinates":[[7.594845,47.567814],[7.593424,47.567814]]}},{"type":"Feature","properties":{"k":"neben","name":"Mörsbergerstrasse"},"geometry":{"type":"LineString","coordinates":[[7.593417,47.568622],[7.593417,47.567918],[7.593424,47.567814]]}},{"type":"Feature","properties":{"k":"neben","name":"Florastrasse"},"geometry":{"type":"LineString","coordinates":[[7.588596,47.564061],[7.589605,47.564457]]}},{"type":"Feature","properties":{"k":"neben","name":"Florastrasse"},"geometry":{"type":"LineString","coordinates":[[7.588089,47.563862],[7.588596,47.564061]]}},{"type":"Feature","properties":{"k":"neben","name":"Kandererstrasse"},"geometry":{"type":"LineString","coordinates":[[7.59045,47.565662],[7.589284,47.565401]]}},{"type":"Feature","properties":{"k":"neben","name":"Rheingasse"},"geometry":{"type":"LineString","coordinates":[[7.591283,47.560774],[7.591553,47.560549]]}},{"type":"Feature","properties":{"k":"neben","name":"Kasernenstrasse"},"geometry":{"type":"LineString","coordinates":[[7.591768,47.562971],[7.591802,47.562981],[7.591957,47.563026],[7.591973,47.563031]]}},{"type":"Feature","properties":{"k":"neben","name":"Untere Rheingasse"},"geometry":{"type":"LineString","coordinates":[[7.59109,47.56094],[7.591111,47.560921],[7.591161,47.560877],[7.591177,47.560864]]}},{"type":"Feature","properties":{"k":"neben","name":"Webergasse"},"geometry":{"type":"LineString","coordinates":[[7.591783,47.562268],[7.591443,47.56218],[7.591298,47.562151]]}},{"type":"Feature","properties":{"k":"neben","name":"Teichgässlein"},"geometry":{"type":"LineString","coordinates":[[7.592699,47.562054],[7.592784,47.562089],[7.592815,47.562104],[7.592833,47.562113]]}},{"type":"Feature","properties":{"k":"neben","name":"Herbstgasse"},"geometry":{"type":"LineString","coordinates":[[7.576062,47.564621],[7.575987,47.564616],[7.575915,47.564581]]}},{"type":"Feature","properties":{"k":"neben","name":"Hebelstrasse"},"geometry":{"type":"LineString","coordinates":[[7.576114,47.564575],[7.576062,47.564621]]}},{"type":"Feature","properties":{"k":"neben","name":"Lothringerstrasse"},"geometry":{"type":"LineString","coordinates":[[7.57724,47.568516],[7.577199,47.568556],[7.576694,47.569072],[7.57607,47.569694]]}},{"type":"Feature","properties":{"k":"neben","name":"Lothringerstrasse"},"geometry":{"type":"LineString","coordinates":[[7.577605,47.568156],[7.57724,47.568516]]}},{"type":"Feature","properties":{"k":"neben","name":"Fatiostrasse"},"geometry":{"type":"LineString","coordinates":[[7.579345,47.566888],[7.579027,47.56675]]}},{"type":"Feature","properties":{"k":"neben","name":"Jungstrasse"},"geometry":{"type":"LineString","coordinates":[[7.57861,47.567148],[7.577647,47.566739]]}},{"type":"Feature","properties":{"k":"neben","name":"Markircherstrasse"},"geometry":{"type":"LineString","coordinates":[[7.563984,47.56673],[7.563574,47.566341],[7.563226,47.566017]]}},{"type":"Feature","properties":{"k":"neben","name":"Markircherstrasse"},"geometry":{"type":"LineString","coordinates":[[7.564058,47.566801],[7.563984,47.56673]]}},{"type":"Feature","properties":{"k":"neben","name":"Dammerkirchstrasse"},"geometry":{"type":"LineString","coordinates":[[7.566993,47.566971],[7.565721,47.565895]]}},{"type":"Feature","properties":{"k":"neben","name":"Dammerkirchstrasse"},"geometry":{"type":"LineString","coordinates":[[7.568162,47.56789],[7.566993,47.566971]]}},{"type":"Feature","properties":{"k":"neben","name":"Glaserbergstrasse"},"geometry":{"type":"LineString","coordinates":[[7.567056,47.565244],[7.568197,47.566128]]}},{"type":"Feature","properties":{"k":"neben","name":"Hagentalerstrasse"},"geometry":{"type":"LineString","coordinates":[[7.569942,47.562463],[7.572772,47.561098]]}},{"type":"Feature","properties":{"k":"neben","name":"Hagentalerstrasse"},"geometry":{"type":"LineString","coordinates":[[7.569087,47.562898],[7.56984,47.562514],[7.569942,47.562463]]}},{"type":"Feature","properties":{"k":"neben","name":"Friedensgasse"},"geometry":{"type":"LineString","coordinates":[[7.576703,47.561491],[7.576202,47.561142]]}},{"type":"Feature","properties":{"k":"neben","name":"Friedensgasse"},"geometry":{"type":"LineString","coordinates":[[7.577554,47.562083],[7.577509,47.562053],[7.576703,47.561491]]}},{"type":"Feature","properties":{"k":"neben","name":"Heinrichsgasse"},"geometry":{"type":"LineString","coordinates":[[7.575735,47.556312],[7.575979,47.556341],[7.576232,47.556425],[7.577148,47.556732]]}},{"type":"Feature","properties":{"k":"neben","name":"Stöberstrasse"},"geometry":{"type":"LineString","coordinates":[[7.571318,47.558389],[7.572357,47.559267]]}},{"type":"Feature","properties":{"k":"neben","name":"Schneidergasse"},"geometry":{"type":"LineString","coordinates":[[7.586757,47.557568],[7.58681,47.557474]]}},{"type":"Feature","properties":{"k":"neben","name":"Nadelberg"},"geometry":{"type":"LineString","coordinates":[[7.585535,47.557338],[7.585607,47.559075]]}},{"type":"Feature","properties":{"k":"neben","name":"Gemsberg"},"geometry":{"type":"LineString","coordinates":[[7.586323,47.556572],[7.58636,47.556155]]}},{"type":"Feature","properties":{"k":"neben","name":"Leonhardskirchplatz"},"geometry":{"type":"LineString","coordinates":[[7.588133,47.555119],[7.588066,47.555186],[7.58803,47.555219]]}},{"type":"Feature","properties":{"k":"neben","name":"Leonhardskirchplatz"},"geometry":{"type":"LineString","coordinates":[[7.588066,47.555186],[7.587893,47.555124]]}},{"type":"Feature","properties":{"k":"neben","name":"Bäumleingasse"},"geometry":{"type":"LineString","coordinates":[[7.592831,47.555085],[7.59309,47.555194],[7.593339,47.555315]]}},{"type":"Feature","properties":{"k":"neben","name":"Näfelserstrasse"},"geometry":{"type":"LineString","coordinates":[[7.565199,47.557759],[7.565126,47.557717],[7.565043,47.557698]]}},{"type":"Feature","properties":{"k":"neben","name":"Dorfstrasse"},"geometry":{"type":"LineString","coordinates":[[7.592656,47.582623],[7.59222,47.582021],[7.592202,47.581997]]}},{"type":"Feature","properties":{"k":"neben","name":"Klingental"},"geometry":{"type":"LineString","coordinates":[[7.590486,47.561528],[7.590719,47.56147]]}},{"type":"Feature","properties":{"k":"neben","name":"Belforterstrasse"},"geometry":{"type":"LineString","coordinates":[[7.557433,47.563677],[7.557316,47.563549]]}},{"type":"Feature","properties":{"k":"haupt","name":"Kannenfeldplatz"},"geometry":{"type":"LineString","coordinates":[[7.573774,47.565663],[7.573721,47.565719],[7.573639,47.565782]]}},{"type":"Feature","properties":{"k":"neben"},"geometry":{"type":"LineString","coordinates":[[7.58991,47.571802],[7.590064,47.571709]]}},{"type":"Feature","properties":{"k":"neben","name":"Westquaistrasse"},"geometry":{"type":"LineString","coordinates":[[7.587619,47.582873],[7.587209,47.583033],[7.587282,47.58351],[7.587598,47.58429],[7.588746,47.586393]]}},{"type":"Feature","properties":{"k":"neben","name":"Westquaistrasse"},"geometry":{"type":"LineString","coordinates":[[7.588746,47.586393],[7.589172,47.58714]]}},{"type":"Feature","properties":{"k":"neben","name":"Westquaistrasse"},"geometry":{"type":"LineString","coordinates":[[7.589098,47.587339],[7.589172,47.58714]]}},{"type":"Feature","properties":{"k":"neben","name":"Falknerstrasse"},"geometry":{"type":"LineString","coordinates":[[7.588925,47.55644],[7.588531,47.556654]]}},{"type":"Feature","properties":{"k":"neben","name":"Falknerstrasse"},"geometry":{"type":"LineString","coordinates":[[7.588816,47.556744],[7.588916,47.556485],[7.588925,47.55644]]}},{"type":"Feature","properties":{"k":"neben","name":"Claraplatz"},"geometry":{"type":"LineString","coordinates":[[7.593951,47.56173],[7.59421,47.56181]]}},{"type":"Feature","properties":{"k":"neben","name":"Claraplatz"},"geometry":{"type":"LineString","coordinates":[[7.59421,47.56181],[7.594552,47.561909],[7.594621,47.561938]]}},{"type":"Feature","properties":{"k":"neben","name":"St. Johanns-Vorstadt"},"geometry":{"type":"LineString","coordinates":[[7.583855,47.564317],[7.583802,47.564386],[7.583539,47.564727],[7.583379,47.564936]]}},{"type":"Feature","properties":{"k":"neben","name":"St. Johanns-Vorstadt"},"geometry":{"type":"LineString","coordinates":[[7.583379,47.564936],[7.583699,47.564373],[7.583855,47.564317]]}},{"type":"Feature","properties":{"k":"haupt","name":"Steinengraben"},"geometry":{"type":"LineString","coordinates":[[7.584603,47.555568],[7.584764,47.555468]]}},{"type":"Feature","properties":{"k":"neben","name":"Webergasse"},"geometry":{"type":"LineString","coordinates":[[7.591298,47.562151],[7.591028,47.562098]]}},{"type":"Feature","properties":{"k":"neben","name":"Untere Rebgasse"},"geometry":{"type":"LineString","coordinates":[[7.592833,47.562113],[7.592551,47.562325],[7.592399,47.562449]]}},{"type":"Feature","properties":{"k":"neben","name":"Hegenheimerstrasse"},"geometry":{"type":"LineString","coordinates":[[7.559248,47.565229],[7.558577,47.565379]]}},{"type":"Feature","properties":{"k":"neben","name":"Belforterstrasse"},"geometry":{"type":"LineString","coordinates":[[7.558577,47.565379],[7.558477,47.56521],[7.558264,47.56489]]}},{"type":"Feature","properties":{"k":"neben","name":"Claragraben"},"geometry":{"type":"LineString","coordinates":[[7.594818,47.56174],[7.595467,47.561136]]}},{"type":"Feature","properties":{"k":"haupt","name":"Schanzenstrasse"},"geometry":{"type":"LineString","coordinates":[[7.583327,47.563936],[7.582813,47.563562],[7.582786,47.563543],[7.582696,47.563477]]}},{"type":"Feature","properties":{"k":"neben","name":"Rheinsprung"},"geometry":{"type":"LineString","coordinates":[[7.58855,47.559484],[7.588591,47.559448]]}},{"type":"Feature","properties":{"k":"neben","name":"Hutgasse"},"geometry":{"type":"LineString","coordinates":[[7.587359,47.557597],[7.587903,47.557688]]}},{"type":"Feature","properties":{"k":"neben","name":"Lysbüchelplatz"},"geometry":{"type":"LineString","coordinates":[[7.573378,47.573566],[7.573588,47.573319],[7.573686,47.573204]]}},{"type":"Feature","properties":{"k":"neben","name":"Backstubenweg"},"geometry":{"type":"LineString","coordinates":[[7.573378,47.573566],[7.574667,47.574062],[7.5748,47.574113]]}},{"type":"Feature","properties":{"k":"neben","name":"Kaysersbergerstrasse"},"geometry":{"type":"LineString","coordinates":[[7.561085,47.565172],[7.56114,47.565194],[7.561933,47.565921]]}},{"type":"Feature","properties":{"k":"neben","name":"Johanniterstrasse"},"geometry":{"type":"LineString","coordinates":[[7.58181,47.565054],[7.582534,47.564475],[7.582633,47.564397]]}},{"type":"Feature","properties":{"k":"neben","name":"Unterer Rheinweg"},"geometry":{"type":"LineString","coordinates":[[7.590528,47.560904],[7.590401,47.561034]]}},{"type":"Feature","properties":{"k":"neben","name":"Petersplatz"},"geometry":{"type":"LineString","coordinates":[[7.582601,47.558765],[7.582536,47.558394]]}},{"type":"Feature","properties":{"k":"neben","name":"St. Johanns-Vorstadt"},"geometry":{"type":"LineString","coordinates":[[7.582668,47.565669],[7.583379,47.564936]]}},{"type":"Feature","properties":{"k":"neben","name":"Pestalozzistrasse"},"geometry":{"type":"LineString","coordinates":[[7.580764,47.564937],[7.579852,47.564448]]}},{"type":"Feature","properties":{"k":"neben","name":"St. Johanns-Parkweg"},"geometry":{"type":"LineString","coordinates":[[7.582433,47.568408],[7.58242,47.569003],[7.582394,47.569089]]}},{"type":"Feature","properties":{"k":"neben","name":"Knöringerstrasse"},"geometry":{"type":"LineString","coordinates":[[7.566503,47.562799],[7.566558,47.56283],[7.567051,47.563087]]}},{"type":"Feature","properties":{"k":"neben","name":"Hebelstrasse"},"geometry":{"type":"LineString","coordinates":[[7.579014,47.562011],[7.579536,47.561598],[7.580449,47.561242]]}},{"type":"Feature","properties":{"k":"neben","name":"Maiengasse"},"geometry":{"type":"LineString","coordinates":[[7.579014,47.562011],[7.579786,47.562407],[7.580492,47.562632]]}},{"type":"Feature","properties":{"k":"haupt","name":"Feldbergstrasse"},"geometry":{"type":"LineString","coordinates":[[7.592164,47.566466],[7.591427,47.566338]]}},{"type":"Feature","properties":{"k":"haupt","name":"Feldbergstrasse"},"geometry":{"type":"LineString","coordinates":[[7.593725,47.566738],[7.592681,47.566555]]}},{"type":"Feature","properties":{"k":"neben","name":"Saint-Louis-Strasse"},"geometry":{"type":"LineString","coordinates":[[7.572347,47.571371],[7.572901,47.57145],[7.573331,47.571701],[7.573156,47.571936]]}},{"type":"Feature","properties":{"k":"neben","name":"Weinlagerstrasse"},"geometry":{"type":"LineString","coordinates":[[7.574112,47.572924],[7.575025,47.573301],[7.575311,47.573437],[7.575437,47.573492]]}},{"type":"Feature","properties":{"k":"neben","name":"Beckenweg"},"geometry":{"type":"LineString","coordinates":[[7.574343,47.572886],[7.574969,47.572164]]}},{"type":"Feature","properties":{"k":"haupt","name":"Hochbergerstrasse"},"geometry":{"type":"LineString","coordinates":[[7.594297,47.580415],[7.59367,47.581073]]}},{"type":"Feature","properties":{"k":"haupt","name":"Schlachthofstrasse"},"geometry":{"type":"LineString","coordinates":[[7.570494,47.576608],[7.570392,47.576632],[7.570248,47.576664]]}},{"type":"Feature","properties":{"k":"haupt","name":"Schlachthofstrasse"},"geometry":{"type":"LineString","coordinates":[[7.571784,47.576378],[7.57082,47.576545],[7.570617,47.576584],[7.570494,47.576608]]}},{"type":"Feature","properties":{"k":"haupt","name":"Schlachthofstrasse"},"geometry":{"type":"LineString","coordinates":[[7.570248,47.576664],[7.569143,47.576943],[7.568955,47.57699],[7.568836,47.577012]]}},{"type":"Feature","properties":{"k":"haupt","name":"Schlachthofstrasse"},"geometry":{"type":"LineString","coordinates":[[7.566672,47.576597],[7.566095,47.576368]]}},{"type":"Feature","properties":{"k":"haupt","name":"Schlachthofstrasse"},"geometry":{"type":"LineString","coordinates":[[7.566095,47.576368],[7.565885,47.576276]]}},{"type":"Feature","properties":{"k":"haupt","name":"Schlachthofstrasse"},"geometry":{"type":"LineString","coordinates":[[7.565885,47.576276],[7.565641,47.576169]]}},{"type":"Feature","properties":{"k":"haupt","name":"Schlachthofstrasse"},"geometry":{"type":"LineString","coordinates":[[7.565641,47.576169],[7.565083,47.575924],[7.565039,47.575903],[7.564858,47.575822]]}},{"type":"Feature","properties":{"k":"neben","name":"Rufacherstrasse"},"geometry":{"type":"LineString","coordinates":[[7.571541,47.558293],[7.573023,47.557612]]}},{"type":"Feature","properties":{"k":"neben","name":"Rufacherstrasse"},"geometry":{"type":"LineString","coordinates":[[7.571194,47.558443],[7.571318,47.558389],[7.571541,47.558293]]}},{"type":"Feature","properties":{"k":"neben","name":"Näfelserstrasse"},"geometry":{"type":"LineString","coordinates":[[7.566469,47.558887],[7.565415,47.557996],[7.565199,47.557759]]}},{"type":"Feature","properties":{"k":"neben","name":"Obwaldnerstrasse"},"geometry":{"type":"LineString","coordinates":[[7.56666,47.560194],[7.567137,47.560082]]}},{"type":"Feature","properties":{"k":"neben","name":"Obwaldnerstrasse"},"geometry":{"type":"LineString","coordinates":[[7.567137,47.560082],[7.567461,47.560017],[7.567619,47.559986]]}},{"type":"Feature","properties":{"k":"neben","name":"St. Galler-Ring"},"geometry":{"type":"LineString","coordinates":[[7.567228,47.556542],[7.567315,47.556543]]}},{"type":"Feature","properties":{"k":"haupt","name":"Allschwilerplatz"},"geometry":{"type":"LineString","coordinates":[[7.570579,47.557395],[7.571138,47.55742]]}},{"type":"Feature","properties":{"k":"neben","name":"Poststrasse"},"geometry":{"type":"LineString","coordinates":[[7.561308,47.558452],[7.561486,47.558585],[7.562074,47.558888]]}},{"type":"Feature","properties":{"k":"neben","name":"Im langen Loh"},"geometry":{"type":"LineString","coordinates":[[7.56423,47.556341],[7.563738,47.555707]]}},{"type":"Feature","properties":{"k":"neben","name":"Schützenmattstrasse"},"geometry":{"type":"LineString","coordinates":[[7.581601,47.556498],[7.581384,47.556328]]}},{"type":"Feature","properties":{"k":"neben","name":"Pilgerstrasse"},"geometry":{"type":"LineString","coordinates":[[7.576062,47.558718],[7.576224,47.558815]]}},{"type":"Feature","properties":{"k":"neben","name":"Pilgerstrasse"},"geometry":{"type":"LineString","coordinates":[[7.575802,47.558562],[7.576062,47.558718]]}},{"type":"Feature","properties":{"k":"neben","name":"Eulerstrasse"},"geometry":{"type":"LineString","coordinates":[[7.577501,47.557736],[7.578244,47.556747],[7.578413,47.556522]]}},{"type":"Feature","properties":{"k":"neben","name":"Hegenheimerstrasse"},"geometry":{"type":"LineString","coordinates":[[7.566259,47.563003],[7.566503,47.562799],[7.56727,47.562169]]}},{"type":"Feature","properties":{"k":"neben","name":"Hegenheimerstrasse"},"geometry":{"type":"LineString","coordinates":[[7.56727,47.562169],[7.56816,47.561683],[7.568879,47.561451]]}},{"type":"Feature","properties":{"k":"neben","name":"Lenzgasse"},"geometry":{"type":"LineString","coordinates":[[7.570194,47.568978],[7.570058,47.56857],[7.569895,47.568491]]}},{"type":"Feature","properties":{"k":"haupt","name":"Kannenfeldstrasse"},"geometry":{"type":"LineString","coordinates":[[7.573976,47.562074],[7.573889,47.562351]]}},{"type":"Feature","properties":{"k":"haupt","name":"Kannenfeldstrasse"},"geometry":{"type":"LineString","coordinates":[[7.574018,47.561943],[7.573976,47.562074]]}},{"type":"Feature","properties":{"k":"neben","name":"St. Johanns-Rheinweg"},"geometry":{"type":"LineString","coordinates":[[7.58298,47.567043],[7.583219,47.566463]]}},{"type":"Feature","properties":{"k":"neben","name":"Klybeckstrasse"},"geometry":{"type":"LineString","coordinates":[[7.590352,47.570532],[7.59032,47.570646]]}},{"type":"Feature","properties":{"k":"neben","name":"Klybeckstrasse"},"geometry":{"type":"LineString","coordinates":[[7.590099,47.570555],[7.5903,47.569866]]}},{"type":"Feature","properties":{"k":"haupt","name":"Voltastrasse"},"geometry":{"type":"LineString","coordinates":[[7.580986,47.570844],[7.580809,47.570839],[7.580552,47.57083]]}},{"type":"Feature","properties":{"k":"neben","name":"Peterskirchplatz"},"geometry":{"type":"LineString","coordinates":[[7.585625,47.559149],[7.585574,47.559149],[7.585054,47.559138]]}},{"type":"Feature","properties":{"k":"neben","name":"Peterskirchplatz"},"geometry":{"type":"LineString","coordinates":[[7.585054,47.559138],[7.584913,47.559133]]}},{"type":"Feature","properties":{"k":"neben","name":"Petersplatz"},"geometry":{"type":"LineString","coordinates":[[7.583903,47.55868],[7.582601,47.558765]]}},{"type":"Feature","properties":{"k":"neben","name":"Petersplatz"},"geometry":{"type":"LineString","coordinates":[[7.582652,47.559086],[7.582601,47.558765]]}},{"type":"Feature","properties":{"k":"neben","name":"Petersplatz"},"geometry":{"type":"LineString","coordinates":[[7.582661,47.559166],[7.582657,47.559138],[7.582652,47.559086]]}},{"type":"Feature","properties":{"k":"neben","name":"Im Burgfelderhof"},"geometry":{"type":"LineString","coordinates":[[7.558575,47.571867],[7.558543,47.5719],[7.558483,47.571965]]}},{"type":"Feature","properties":{"k":"neben","name":"Im Burgfelderhof"},"geometry":{"type":"LineString","coordinates":[[7.558355,47.571911],[7.558026,47.571772]]}},{"type":"Feature","properties":{"k":"neben","name":"Im Burgfelderhof"},"geometry":{"type":"LineString","coordinates":[[7.558483,47.571965],[7.558355,47.571911]]}},{"type":"Feature","properties":{"k":"neben","name":"Im Burgfelderhof"},"geometry":{"type":"LineString","coordinates":[[7.558026,47.571772],[7.557968,47.571635]]}},{"type":"Feature","properties":{"k":"neben","name":"Im Burgfelderhof"},"geometry":{"type":"LineString","coordinates":[[7.559682,47.57074],[7.559627,47.570797],[7.558949,47.571486],[7.558575,47.571867]]}},{"type":"Feature","properties":{"k":"neben","name":"Poststrasse"},"geometry":{"type":"LineString","coordinates":[[7.562285,47.558353],[7.562466,47.558633]]}},{"type":"Feature","properties":{"k":"neben","name":"Auf der Lyss"},"geometry":{"type":"LineString","coordinates":[[7.584432,47.556315],[7.584401,47.556414]]}},{"type":"Feature","properties":{"k":"neben","name":"Spalenvorstadt"},"geometry":{"type":"LineString","coordinates":[[7.583958,47.557106],[7.583436,47.557234]]}},{"type":"Feature","properties":{"k":"neben","name":"Spalenvorstadt"},"geometry":{"type":"LineString","coordinates":[[7.584128,47.557062],[7.583958,47.557106]]}},{"type":"Feature","properties":{"k":"neben","name":"Petersgraben"},"geometry":{"type":"LineString","coordinates":[[7.584129,47.556994],[7.584131,47.557026],[7.584128,47.557062]]}},{"type":"Feature","properties":{"k":"neben","name":"Kornhausgasse"},"geometry":{"type":"LineString","coordinates":[[7.58288,47.55595],[7.582955,47.556054],[7.583182,47.556229],[7.583824,47.556722]]}},{"type":"Feature","properties":{"k":"haupt","name":"Luzernerring"},"geometry":{"type":"LineString","coordinates":[[7.565078,47.566348],[7.565011,47.566282],[7.564985,47.566257]]}},{"type":"Feature","properties":{"k":"haupt","name":"Luzernerring"},"geometry":{"type":"LineString","coordinates":[[7.564881,47.566155],[7.564951,47.566225],[7.564985,47.566257]]}},{"type":"Feature","properties":{"k":"haupt","name":"Burgfelderstrasse"},"geometry":{"type":"LineString","coordinates":[[7.570744,47.563419],[7.570875,47.563356]]}},{"type":"Feature","properties":{"k":"haupt","name":"Burgfelderstrasse"},"geometry":{"type":"LineString","coordinates":[[7.571173,47.563336],[7.571,47.563429]]}},{"type":"Feature","properties":{"k":"haupt","name":"Burgfelderstrasse"},"geometry":{"type":"LineString","coordinates":[[7.570875,47.563356],[7.571106,47.563272]]}},{"type":"Feature","properties":{"k":"haupt","name":"Burgfelderstrasse"},"geometry":{"type":"LineString","coordinates":[[7.571925,47.562913],[7.571173,47.563336]]}},{"type":"Feature","properties":{"k":"haupt","name":"Burgfelderstrasse"},"geometry":{"type":"LineString","coordinates":[[7.573624,47.562033],[7.573883,47.561881]]}},{"type":"Feature","properties":{"k":"neben","name":"Näfelserstrasse"},"geometry":{"type":"LineString","coordinates":[[7.565043,47.557698],[7.564957,47.557687],[7.564874,47.55768]]}},{"type":"Feature","properties":{"k":"neben","name":"Dorfstrasse"},"geometry":{"type":"LineString","coordinates":[[7.592202,47.581997],[7.592175,47.581951],[7.592157,47.581922]]}},{"type":"Feature","properties":{"k":"neben","name":"Wiesenstrasse"},"geometry":{"type":"LineString","coordinates":[[7.593469,47.577547],[7.594692,47.577894],[7.594769,47.577937]]}},{"type":"Feature","properties":{"k":"neben","name":"Wiesenstrasse"},"geometry":{"type":"LineString","coordinates":[[7.591659,47.577046],[7.591999,47.577142]]}},{"type":"Feature","properties":{"k":"neben","name":"Inselstrasse"},"geometry":{"type":"LineString","coordinates":[[7.591357,47.577065],[7.589623,47.577357]]}},{"type":"Feature","properties":{"k":"neben","name":"Wiesenstrasse"},"geometry":{"type":"LineString","coordinates":[[7.591503,47.57704],[7.591659,47.577046]]}},{"type":"Feature","properties":{"k":"neben","name":"Inselstrasse"},"geometry":{"type":"LineString","coordinates":[[7.591503,47.57704],[7.591357,47.577065]]}},{"type":"Feature","properties":{"k":"neben","name":"Gärtnerstrasse"},"geometry":{"type":"LineString","coordinates":[[7.591553,47.577163],[7.591611,47.577317],[7.591684,47.577506],[7.591768,47.577727]]}},{"type":"Feature","properties":{"k":"neben","name":"Hochbergerstrasse"},"geometry":{"type":"LineString","coordinates":[[7.591862,47.581929],[7.589688,47.58243]]}},{"type":"Feature","properties":{"k":"neben","name":"Westquaistrasse"},"geometry":{"type":"LineString","coordinates":[[7.592014,47.581885],[7.591962,47.581901],[7.591862,47.581929]]}},{"type":"Feature","properties":{"k":"neben","name":"Westquaistrasse"},"geometry":{"type":"LineString","coordinates":[[7.587975,47.582794],[7.587619,47.582873]]}},{"type":"Feature","properties":{"k":"neben","name":"Hegenheimerstrasse"},"geometry":{"type":"LineString","coordinates":[[7.559989,47.565022],[7.559248,47.565229]]}},{"type":"Feature","properties":{"k":"neben","name":"Hegenheimerstrasse"},"geometry":{"type":"LineString","coordinates":[[7.563744,47.564007],[7.563674,47.564038],[7.563582,47.564098]]}},{"type":"Feature","properties":{"k":"neben","name":"Strassburgerallee"},"geometry":{"type":"LineString","coordinates":[[7.57108,47.563495],[7.571,47.563429]]}},{"type":"Feature","properties":{"k":"neben","name":"Strassburgerallee"},"geometry":{"type":"LineString","coordinates":[[7.572867,47.564824],[7.572779,47.564747],[7.572637,47.564616]]}},{"type":"Feature","properties":{"k":"neben","name":"Mülhauserstrasse"},"geometry":{"type":"LineString","coordinates":[[7.574059,47.565471],[7.574162,47.565517]]}},{"type":"Feature","properties":{"k":"haupt","name":"Luzernerring"},"geometry":{"type":"LineString","coordinates":[[7.56948,47.56923],[7.56937,47.569198],[7.569352,47.569194]]}},{"type":"Feature","properties":{"k":"haupt","name":"Luzernerring"},"geometry":{"type":"LineString","coordinates":[[7.569039,47.568969],[7.569415,47.569048],[7.569536,47.569068],[7.56957,47.569073]]}},{"type":"Feature","properties":{"k":"neben","name":"Lysbüchelstrasse"},"geometry":{"type":"LineString","coordinates":[[7.571813,47.575061],[7.573046,47.573641],[7.573071,47.573516],[7.572931,47.573377],[7.571776,47.5729]]}},{"type":"Feature","properties":{"k":"neben"},"geometry":{"type":"LineString","coordinates":[[7.564799,47.575903],[7.564858,47.575822]]}},{"type":"Feature","properties":{"k":"neben","name":"Hagenaustrasse"},"geometry":{"type":"LineString","coordinates":[[7.569106,47.574035],[7.568918,47.574423],[7.568676,47.574617]]}},{"type":"Feature","properties":{"k":"neben","name":"Hagenaustrasse"},"geometry":{"type":"LineString","coordinates":[[7.567545,47.573037],[7.568914,47.573529]]}},{"type":"Feature","properties":{"k":"neben","name":"Hagenaustrasse"},"geometry":{"type":"LineString","coordinates":[[7.567394,47.572983],[7.567513,47.573025],[7.567545,47.573037]]}},{"type":"Feature","properties":{"k":"neben","name":"Neudorfstrasse"},"geometry":{"type":"LineString","coordinates":[[7.56675,47.573535],[7.566551,47.573771],[7.566484,47.57385],[7.566289,47.574081]]}},{"type":"Feature","properties":{"k":"neben","name":"Neudorfstrasse"},"geometry":{"type":"LineString","coordinates":[[7.565175,47.575449],[7.565123,47.57551],[7.564961,47.5757],[7.564858,47.575822]]}},{"type":"Feature","properties":{"k":"haupt","name":"Schlachthofstrasse"},"geometry":{"type":"LineString","coordinates":[[7.563708,47.575236],[7.563216,47.574695]]}},{"type":"Feature","properties":{"k":"neben","name":"Kleinhüningerstrasse"},"geometry":{"type":"LineString","coordinates":[[7.591794,47.581395],[7.591749,47.581313],[7.591719,47.581258]]}},{"type":"Feature","properties":{"k":"neben","name":"Kleinhüningerstrasse"},"geometry":{"type":"LineString","coordinates":[[7.589563,47.577231],[7.589187,47.576534]]}},{"type":"Feature","properties":{"k":"neben","name":"Kleinhüningerstrasse"},"geometry":{"type":"LineString","coordinates":[[7.589187,47.576534],[7.589136,47.576433]]}},{"type":"Feature","properties":{"k":"neben","name":"Kleinhüningerstrasse"},"geometry":{"type":"LineString","coordinates":[[7.589136,47.576433],[7.588857,47.575939]]}},{"type":"Feature","properties":{"k":"haupt","name":"Klybeckstrasse"},"geometry":{"type":"LineString","coordinates":[[7.590217,47.570996],[7.590175,47.571209],[7.590064,47.571709]]}},{"type":"Feature","properties":{"k":"neben","name":"Müllheimerstrasse"},"geometry":{"type":"LineString","coordinates":[[7.592285,47.568622],[7.592293,47.567859],[7.592293,47.567799]]}},{"type":"Feature","properties":{"k":"neben","name":"Mörsbergerstrasse"},"geometry":{"type":"LineString","coordinates":[[7.593725,47.566738],[7.594043,47.56589]]}},{"type":"Feature","properties":{"k":"neben","name":"Mörsbergerstrasse"},"geometry":{"type":"LineString","coordinates":[[7.593424,47.567814],[7.593564,47.567309],[7.593597,47.567192]]}},{"type":"Feature","properties":{"k":"neben","name":"Breisacherstrasse"},"geometry":{"type":"LineString","coordinates":[[7.589047,47.566187],[7.588999,47.566373]]}},{"type":"Feature","properties":{"k":"neben","name":"Uferstrasse"},"geometry":{"type":"LineString","coordinates":[[7.586921,47.573795],[7.586859,47.573826],[7.586809,47.573856]]}},{"type":"Feature","properties":{"k":"neben","name":"Grenzstrasse"},"geometry":{"type":"LineString","coordinates":[[7.594979,47.58813],[7.5947,47.587963],[7.594557,47.588019],[7.594602,47.588102],[7.594979,47.58813]]}},{"type":"Feature","properties":{"k":"haupt","name":"Klingelbergstrasse"},"geometry":{"type":"LineString","coordinates":[[7.580547,47.561073],[7.580894,47.561822]]}},{"type":"Feature","properties":{"k":"neben","name":"Heuberg"},"geometry":{"type":"LineString","coordinates":[[7.587561,47.555579],[7.58758,47.55551],[7.587621,47.555422]]}},{"type":"Feature","properties":{"k":"haupt","name":"Schanzenstrasse"},"geometry":{"type":"LineString","coordinates":[[7.582062,47.562928],[7.582696,47.563477]]}},{"type":"Feature","properties":{"k":"neben","name":"Blumenrain"},"geometry":{"type":"LineString","coordinates":[[7.586791,47.561012],[7.586552,47.561166]]}},{"type":"Feature","properties":{"k":"haupt","name":"Feldbergstrasse"},"geometry":{"type":"LineString","coordinates":[[7.58984,47.566056],[7.589485,47.565992],[7.589366,47.565968]]}},{"type":"Feature","properties":{"k":"haupt","name":"Feldbergstrasse"},"geometry":{"type":"LineString","coordinates":[[7.592681,47.566555],[7.592581,47.566537],[7.592534,47.566529],[7.592164,47.566466]]}},{"type":"Feature","properties":{"k":"haupt","name":"Feldbergstrasse"},"geometry":{"type":"LineString","coordinates":[[7.594883,47.56695],[7.594855,47.566945],[7.594841,47.566942],[7.593987,47.566786]]}},{"type":"Feature","properties":{"k":"haupt","name":"Feldbergstrasse"},"geometry":{"type":"LineString","coordinates":[[7.593987,47.566786],[7.59386,47.566763],[7.593725,47.566738]]}},{"type":"Feature","properties":{"k":"haupt","name":"Johanniterbrücke"},"geometry":{"type":"LineString","coordinates":[[7.584145,47.564412],[7.584309,47.564461],[7.584792,47.564611]]}},{"type":"Feature","properties":{"k":"haupt","name":"Feldbergstrasse"},"geometry":{"type":"LineString","coordinates":[[7.595185,47.567004],[7.595087,47.566986],[7.595001,47.566971],[7.594883,47.56695]]}},{"type":"Feature","properties":{"k":"neben","name":"Mittlere Strasse"},"geometry":{"type":"LineString","coordinates":[[7.576259,47.563276],[7.578196,47.561474],[7.579712,47.560289]]}},{"type":"Feature","properties":{"k":"neben","name":"St. Johanns-Ring"},"geometry":{"type":"LineString","coordinates":[[7.576259,47.563276],[7.578171,47.564838],[7.579873,47.565727]]}},{"type":"Feature","properties":{"k":"neben","name":"Mittlere Strasse"},"geometry":{"type":"LineString","coordinates":[[7.576259,47.563276],[7.575998,47.563514],[7.575203,47.564239],[7.57453,47.564845]]}},{"type":"Feature","properties":{"k":"neben","name":"Schlüsselberg"},"geometry":{"type":"LineString","coordinates":[[7.589483,47.557208],[7.58939,47.557153],[7.589294,47.557094]]}},{"type":"Feature","properties":{"k":"haupt","name":"Hiltalingerstrasse"},"geometry":{"type":"LineString","coordinates":[[7.593214,47.585927],[7.593148,47.586031],[7.593106,47.586094]]}},{"type":"Feature","properties":{"k":"haupt","name":"Burgfelderstrasse"},"geometry":{"type":"LineString","coordinates":[[7.571,47.563429],[7.570843,47.563512]]}},{"type":"Feature","properties":{"k":"haupt","name":"Missionsstrasse"},"geometry":{"type":"LineString","coordinates":[[7.574217,47.561815],[7.574018,47.561943]]}},{"type":"Feature","properties":{"k":"neben","name":"Blotzheimerstrasse"},"geometry":{"type":"LineString","coordinates":[[7.566635,47.561442],[7.564339,47.561354]]}},{"type":"Feature","properties":{"k":"neben","name":"Colmarerstrasse"},"geometry":{"type":"LineString","coordinates":[[7.57205,47.560495],[7.573206,47.561432]]}},{"type":"Feature","properties":{"k":"neben","name":"Hegenheimerstrasse"},"geometry":{"type":"LineString","coordinates":[[7.57205,47.560495],[7.572765,47.560394],[7.574373,47.560539]]}},{"type":"Feature","properties":{"k":"neben","name":"Colmarerstrasse"},"geometry":{"type":"LineString","coordinates":[[7.571819,47.56033],[7.57189,47.560425],[7.571895,47.560439],[7.571893,47.560463]]}},{"type":"Feature","properties":{"k":"haupt"},"geometry":{"type":"LineString","coordinates":[[7.563306,47.575216],[7.563239,47.575246]]}},{"type":"Feature","properties":{"k":"haupt"},"geometry":{"type":"LineString","coordinates":[[7.563102,47.575185],[7.563151,47.575165]]}},{"type":"Feature","properties":{"k":"haupt"},"geometry":{"type":"LineString","coordinates":[[7.567417,47.572764],[7.568537,47.571971],[7.569815,47.571497]]}},{"type":"Feature","properties":{"k":"neben","name":"Ringgässlein"},"geometry":{"type":"LineString","coordinates":[[7.590451,47.555611],[7.590525,47.555623]]}},{"type":"Feature","properties":{"k":"neben","name":"Streitgasse"},"geometry":{"type":"LineString","coordinates":[[7.590785,47.555293],[7.590702,47.555277]]}},{"type":"Feature","properties":{"k":"neben","name":"Münsterberg"},"geometry":{"type":"LineString","coordinates":[[7.591019,47.555091],[7.591106,47.55527],[7.591115,47.555319],[7.591117,47.555331]]}},{"type":"Feature","properties":{"k":"neben","name":"Münsterberg"},"geometry":{"type":"LineString","coordinates":[[7.591115,47.555319],[7.591068,47.555293],[7.590961,47.555259],[7.590854,47.555234]]}},{"type":"Feature","properties":{"k":"neben","name":"Schlüsselberg"},"geometry":{"type":"LineString","coordinates":[[7.589294,47.557094],[7.589213,47.557041]]}},{"type":"Feature","properties":{"k":"neben","name":"Klybeckstrasse"},"geometry":{"type":"LineString","coordinates":[[7.590823,47.566904],[7.590488,47.568005],[7.590346,47.569312]]}},{"type":"Feature","properties":{"k":"neben","name":"Klybeckstrasse"},"geometry":{"type":"LineString","coordinates":[[7.590861,47.566791],[7.590823,47.566904]]}},{"type":"Feature","properties":{"k":"neben","name":"Leonhardskirchplatz"},"geometry":{"type":"LineString","coordinates":[[7.587332,47.555371],[7.587284,47.55536],[7.587261,47.555353]]}},{"type":"Feature","properties":{"k":"neben","name":"Welschmattstrasse"},"geometry":{"type":"LineString","coordinates":[[7.563491,47.563596],[7.562623,47.563428],[7.562488,47.563296]]}},{"type":"Feature","properties":{"k":"haupt","name":"Flughafenstrasse"},"geometry":{"type":"LineString","coordinates":[[7.563187,47.574487],[7.564402,47.574052]]}},{"type":"Feature","properties":{"k":"haupt","name":"Flughafenstrasse"},"geometry":{"type":"LineString","coordinates":[[7.564402,47.574052],[7.565519,47.57365]]}},{"type":"Feature","properties":{"k":"neben","name":"Friedensgasse"},"geometry":{"type":"LineString","coordinates":[[7.576202,47.561142],[7.575776,47.560839]]}},{"type":"Feature","properties":{"k":"neben","name":"Giessliweg"},"geometry":{"type":"LineString","coordinates":[[7.592579,47.57991],[7.591169,47.580278]]}},{"type":"Feature","properties":{"k":"neben","name":"Petersgraben"},"geometry":{"type":"LineString","coordinates":[[7.585921,47.561368],[7.585774,47.561271],[7.585693,47.561213]]}},{"type":"Feature","properties":{"k":"neben","name":"Blumenrain"},"geometry":{"type":"LineString","coordinates":[[7.586286,47.561372],[7.58618,47.561486]]}},{"type":"Feature","properties":{"k":"neben","name":"Blumenrain"},"geometry":{"type":"LineString","coordinates":[[7.58618,47.561486],[7.586131,47.561547]]}},{"type":"Feature","properties":{"k":"neben","name":"Davidsbodenstrasse"},"geometry":{"type":"LineString","coordinates":[[7.575869,47.566496],[7.575926,47.566455],[7.576496,47.566044],[7.576852,47.565793]]}},{"type":"Feature","properties":{"k":"haupt","name":"Route Douanière"},"geometry":{"type":"LineString","coordinates":[[7.562919,47.574593],[7.56288,47.574607],[7.562756,47.574652],[7.56238,47.574788]]}},{"type":"Feature","properties":{"k":"neben","name":"Spalenvorstadt"},"geometry":{"type":"LineString","coordinates":[[7.581232,47.558266],[7.581144,47.558285],[7.580978,47.558309]]}},{"type":"Feature","properties":{"k":"neben","name":"Petersplatz"},"geometry":{"type":"LineString","coordinates":[[7.582536,47.558394],[7.582324,47.558271]]}},{"type":"Feature","properties":{"k":"neben","name":"Bläsiring"},"geometry":{"type":"LineString","coordinates":[[7.592285,47.568622],[7.59236,47.568622],[7.593417,47.568622]]}},{"type":"Feature","properties":{"k":"neben","name":"Müllheimerstrasse"},"geometry":{"type":"LineString","coordinates":[[7.59248,47.567139],[7.592503,47.56706]]}},{"type":"Feature","properties":{"k":"neben","name":"Metzerstrasse"},"geometry":{"type":"LineString","coordinates":[[7.574059,47.565471],[7.574001,47.565512],[7.573946,47.56555]]}},{"type":"Feature","properties":{"k":"neben","name":"Petersgasse"},"geometry":{"type":"LineString","coordinates":[[7.585607,47.559075],[7.585625,47.559149],[7.585652,47.559277],[7.585675,47.559417]]}},{"type":"Feature","properties":{"k":"neben","name":"Unterer Rheinweg"},"geometry":{"type":"LineString","coordinates":[[7.587123,47.573346],[7.587223,47.573763]]}},{"type":"Feature","properties":{"k":"neben","name":"St. Johanns-Rheinweg"},"geometry":{"type":"LineString","coordinates":[[7.583666,47.565449],[7.58407,47.564683]]}},{"type":"Feature","properties":{"k":"neben","name":"St. Johanns-Rheinweg"},"geometry":{"type":"LineString","coordinates":[[7.584144,47.564572],[7.58407,47.564683]]}},{"type":"Feature","properties":{"k":"neben","name":"Elsässerrheinweg"},"geometry":{"type":"LineString","coordinates":[[7.58298,47.567043],[7.582937,47.567632]]}},{"type":"Feature","properties":{"k":"haupt"},"geometry":{"type":"LineString","coordinates":[[7.563227,47.564063],[7.563237,47.564034],[7.563257,47.564007]]}},{"type":"Feature","properties":{"k":"haupt"},"geometry":{"type":"LineString","coordinates":[[7.563257,47.564007],[7.563513,47.563977]]}},{"type":"Feature","properties":{"k":"haupt"},"geometry":{"type":"LineString","coordinates":[[7.563513,47.563977],[7.563527,47.563985]]}},{"type":"Feature","properties":{"k":"haupt"},"geometry":{"type":"LineString","coordinates":[[7.563309,47.564176],[7.563296,47.56417]]}},{"type":"Feature","properties":{"k":"haupt"},"geometry":{"type":"LineString","coordinates":[[7.563296,47.56417],[7.563227,47.564063]]}},{"type":"Feature","properties":{"k":"haupt"},"geometry":{"type":"LineString","coordinates":[[7.563527,47.563985],[7.563582,47.564098]]}},{"type":"Feature","properties":{"k":"haupt"},"geometry":{"type":"LineString","coordinates":[[7.563582,47.564098],[7.56357,47.564124],[7.563549,47.564147]]}},{"type":"Feature","properties":{"k":"haupt"},"geometry":{"type":"LineString","coordinates":[[7.563549,47.564147],[7.563381,47.564194]]}},{"type":"Feature","properties":{"k":"haupt","name":"Luzernerring"},"geometry":{"type":"LineString","coordinates":[[7.572505,47.56981],[7.572233,47.56975],[7.571874,47.569674],[7.57027,47.569318]]}},{"type":"Feature","properties":{"k":"haupt","name":"Luzernerring"},"geometry":{"type":"LineString","coordinates":[[7.574082,47.570648],[7.573565,47.570271],[7.572806,47.569895]]}},{"type":"Feature","properties":{"k":"neben","name":"Rebgasse"},"geometry":{"type":"LineString","coordinates":[[7.593557,47.56141],[7.59341,47.561568]]}},{"type":"Feature","properties":{"k":"neben","name":"Breisacherstrasse"},"geometry":{"type":"LineString","coordinates":[[7.589284,47.565401],[7.589756,47.564076],[7.590072,47.563647]]}},{"type":"Feature","properties":{"k":"neben","name":"Metzerstrasse"},"geometry":{"type":"LineString","coordinates":[[7.577112,47.564499],[7.574214,47.565348]]}},{"type":"Feature","properties":{"k":"neben","name":"Metzerstrasse"},"geometry":{"type":"LineString","coordinates":[[7.577575,47.564355],[7.577461,47.564391],[7.577112,47.564499]]}},{"type":"Feature","properties":{"k":"neben","name":"Leimenstrasse"},"geometry":{"type":"LineString","coordinates":[[7.583574,47.555125],[7.58379,47.555342],[7.583838,47.555396]]}},{"type":"Feature","properties":{"k":"neben","name":"Hochbergerplatz"},"geometry":{"type":"LineString","coordinates":[[7.592464,47.581739],[7.592584,47.581693],[7.592812,47.581588]]}},{"type":"Feature","properties":{"k":"neben","name":"Spalenvorstadt"},"geometry":{"type":"LineString","coordinates":[[7.583436,47.557234],[7.583294,47.557233]]}},{"type":"Feature","properties":{"k":"neben","name":"St. Johanns-Rheinweg"},"geometry":{"type":"LineString","coordinates":[[7.586131,47.561547],[7.586479,47.561632],[7.586444,47.561772]]}},{"type":"Feature","properties":{"k":"neben","name":"Schifflände"},"geometry":{"type":"LineString","coordinates":[[7.588443,47.559646],[7.588516,47.559631],[7.58856,47.559629]]}},{"type":"Feature","properties":{"k":"neben","name":"Hebelstrasse"},"geometry":{"type":"LineString","coordinates":[[7.581298,47.56103],[7.580632,47.561238]]}},{"type":"Feature","properties":{"k":"neben","name":"Peterskirchplatz"},"geometry":{"type":"LineString","coordinates":[[7.584913,47.559133],[7.584883,47.559131]]}},{"type":"Feature","properties":{"k":"neben","name":"Stapfelberg"},"geometry":{"type":"LineString","coordinates":[[7.589553,47.557533],[7.589497,47.557516],[7.589404,47.557468]]}},{"type":"Feature","properties":{"k":"neben","name":"Fahnengässlein"},"geometry":{"type":"LineString","coordinates":[[7.590198,47.556714],[7.590146,47.556696],[7.590149,47.556688]]}},{"type":"Feature","properties":{"k":"neben","name":"Stapfelberg"},"geometry":{"type":"LineString","coordinates":[[7.589589,47.557286],[7.589577,47.557301]]}},{"type":"Feature","properties":{"k":"neben","name":"Martinskirchplatz"},"geometry":{"type":"LineString","coordinates":[[7.588663,47.558783],[7.588756,47.558856]]}},{"type":"Feature","properties":{"k":"haupt","name":"Ahornstrasse"},"geometry":{"type":"LineString","coordinates":[[7.574198,47.557346],[7.574438,47.557299],[7.574519,47.557284]]}},{"type":"Feature","properties":{"k":"haupt","name":"Allschwilerstrasse"},"geometry":{"type":"LineString","coordinates":[[7.566511,47.557204],[7.566859,47.55722]]}},{"type":"Feature","properties":{"k":"haupt","name":"Luzernerring"},"geometry":{"type":"LineString","coordinates":[[7.564408,47.565638],[7.564594,47.565838]]}},{"type":"Feature","properties":{"k":"haupt","name":"Burgfelderstrasse"},"geometry":{"type":"LineString","coordinates":[[7.563558,47.567123],[7.564058,47.566801],[7.564214,47.566708]]}},{"type":"Feature","properties":{"k":"haupt","name":"Luzernerring"},"geometry":{"type":"LineString","coordinates":[[7.566143,47.567386],[7.565772,47.567006],[7.565715,47.566953]]}},{"type":"Feature","properties":{"k":"neben","name":"Stadthausgasse"},"geometry":{"type":"LineString","coordinates":[[7.587134,47.558599],[7.58717,47.558598],[7.587242,47.558603],[7.587259,47.558605]]}},{"type":"Feature","properties":{"k":"neben","name":"Stadthausgasse"},"geometry":{"type":"LineString","coordinates":[[7.586805,47.559134],[7.586806,47.559084],[7.586807,47.559056]]}},{"type":"Feature","properties":{"k":"neben","name":"Marktplatz"},"geometry":{"type":"LineString","coordinates":[[7.587903,47.557688],[7.587873,47.55774]]}},{"type":"Feature","properties":{"k":"haupt"},"geometry":{"type":"LineString","coordinates":[[7.59855,47.573078],[7.598544,47.573242],[7.598577,47.573378]]}},{"type":"Feature","properties":{"k":"haupt"},"geometry":{"type":"LineString","coordinates":[[7.60247,47.572964],[7.602208,47.573362],[7.60206,47.573576],[7.601916,47.57375]]}},{"type":"Feature","properties":{"k":"haupt"},"geometry":{"type":"LineString","coordinates":[[7.603613,47.571179],[7.60351,47.571409],[7.603218,47.571839]]}},{"type":"Feature","properties":{"k":"haupt"},"geometry":{"type":"LineString","coordinates":[[7.598513,47.572569],[7.598586,47.572095],[7.598504,47.571767],[7.598253,47.571424],[7.597839,47.571148]]}},{"type":"Feature","properties":{"k":"haupt","name":"Wettsteinallee"},"geometry":{"type":"LineString","coordinates":[[7.602695,47.561051],[7.602935,47.560991],[7.602995,47.561156],[7.602765,47.561185],[7.602695,47.561051]]}},{"type":"Feature","properties":{"k":"neben","name":"Rheinfelderstrasse"},"geometry":{"type":"LineString","coordinates":[[7.600213,47.558915],[7.60016,47.559148],[7.598432,47.560891]]}},{"type":"Feature","properties":{"k":"haupt","name":"Wettsteinallee"},"geometry":{"type":"LineString","coordinates":[[7.602996,47.561027],[7.603963,47.561079],[7.60415,47.561148]]}},{"type":"Feature","properties":{"k":"haupt","name":"Riehenstrasse"},"geometry":{"type":"LineString","coordinates":[[7.59782,47.560541],[7.598432,47.560891],[7.599978,47.562015]]}},{"type":"Feature","properties":{"k":"neben","name":"Erlenmattstrasse"},"geometry":{"type":"LineString","coordinates":[[7.600161,47.568352],[7.600091,47.568397],[7.600069,47.570144]]}},{"type":"Feature","properties":{"k":"neben","name":"Allmendstrasse"},"geometry":{"type":"LineString","coordinates":[[7.624925,47.562047],[7.624045,47.563396],[7.622533,47.564864]]}},{"type":"Feature","properties":{"k":"neben","name":"Im Surinam"},"geometry":{"type":"LineString","coordinates":[[7.608976,47.56987],[7.608099,47.570908],[7.607789,47.571018]]}},{"type":"Feature","properties":{"k":"neben","name":"Amerbachstrasse"},"geometry":{"type":"LineString","coordinates":[[7.597615,47.569472],[7.597591,47.569473],[7.597476,47.569476],[7.596281,47.569405]]}},{"type":"Feature","properties":{"k":"neben","name":"Hammerstrasse"},"geometry":{"type":"LineString","coordinates":[[7.59782,47.560541],[7.596748,47.56276]]}},{"type":"Feature","properties":{"k":"neben","name":"Alemannengasse"},"geometry":{"type":"LineString","coordinates":[[7.605037,47.558082],[7.605106,47.558123],[7.605723,47.558196]]}},{"type":"Feature","properties":{"k":"neben","name":"Stachelrain"},"geometry":{"type":"LineString","coordinates":[[7.605212,47.557438],[7.605037,47.558082]]}},{"type":"Feature","properties":{"k":"neben","name":"Alemannengasse"},"geometry":{"type":"LineString","coordinates":[[7.605037,47.558082],[7.604713,47.558044]]}},{"type":"Feature","properties":{"k":"neben","name":"Burgweg"},"geometry":{"type":"LineString","coordinates":[[7.60082,47.557029],[7.60083,47.557752],[7.601111,47.558846]]}},{"type":"Feature","properties":{"k":"neben","name":"Römergasse"},"geometry":{"type":"LineString","coordinates":[[7.600106,47.558924],[7.599037,47.557013]]}},{"type":"Feature","properties":{"k":"neben","name":"Schönaustrasse"},"geometry":{"type":"LineString","coordinates":[[7.598086,47.567501],[7.600414,47.567875]]}},{"type":"Feature","properties":{"k":"neben","name":"Efringerstrasse"},"geometry":{"type":"LineString","coordinates":[[7.596567,47.567252],[7.596453,47.568005],[7.596437,47.568136]]}},{"type":"Feature","properties":{"k":"neben","name":"Horburgstrasse"},"geometry":{"type":"LineString","coordinates":[[7.595113,47.571087],[7.596466,47.571602]]}},{"type":"Feature","properties":{"k":"haupt","name":"Wiesenkreisel"},"geometry":{"type":"LineString","coordinates":[[7.598786,47.57369],[7.59879,47.573714],[7.598789,47.573737]]}},{"type":"Feature","properties":{"k":"haupt","name":"Riehenring"},"geometry":{"type":"LineString","coordinates":[[7.598327,47.573622],[7.598283,47.573365]]}},{"type":"Feature","properties":{"k":"neben","name":"Brombacherstrasse"},"geometry":{"type":"LineString","coordinates":[[7.596333,47.570281],[7.59514,47.570654]]}},{"type":"Feature","properties":{"k":"neben","name":"Kartausgasse"},"geometry":{"type":"LineString","coordinates":[[7.596564,47.55876],[7.596594,47.558781],[7.596716,47.558923]]}},{"type":"Feature","properties":{"k":"neben","name":"Im Surinam"},"geometry":{"type":"LineString","coordinates":[[7.609161,47.569656],[7.610281,47.568052]]}},{"type":"Feature","properties":{"k":"neben","name":"St. Alban-Rheinweg"},"geometry":{"type":"LineString","coordinates":[[7.612785,47.556593],[7.612152,47.556435]]}},{"type":"Feature","properties":{"k":"neben","name":"Bläsiring"},"geometry":{"type":"LineString","coordinates":[[7.595023,47.568736],[7.596347,47.568886]]}},{"type":"Feature","properties":{"k":"neben","name":"Kartausgasse"},"geometry":{"type":"LineString","coordinates":[[7.595491,47.558881],[7.595637,47.558881],[7.596526,47.558754],[7.596564,47.55876]]}},{"type":"Feature","properties":{"k":"neben","name":"Rebgasse"},"geometry":{"type":"LineString","coordinates":[[7.596716,47.558923],[7.596685,47.558945],[7.595984,47.559453]]}},{"type":"Feature","properties":{"k":"neben","name":"Eimeldingerweg"},"geometry":{"type":"LineString","coordinates":[[7.596466,47.571602],[7.596443,47.573711]]}},{"type":"Feature","properties":{"k":"neben","name":"Rheinweilerweg"},"geometry":{"type":"LineString","coordinates":[[7.595069,47.572279],[7.595673,47.572279],[7.596456,47.572282]]}},{"type":"Feature","properties":{"k":"neben","name":"Bellingerweg"},"geometry":{"type":"LineString","coordinates":[[7.59566,47.572985],[7.596464,47.572994]]}},{"type":"Feature","properties":{"k":"neben","name":"Schliengerweg"},"geometry":{"type":"LineString","coordinates":[[7.59566,47.572985],[7.595656,47.573311]]}},{"type":"Feature","properties":{"k":"neben","name":"Schliengerweg"},"geometry":{"type":"LineString","coordinates":[[7.595687,47.571299],[7.595683,47.571367],[7.595673,47.572279],[7.59566,47.572985]]}},{"type":"Feature","properties":{"k":"neben","name":"Hammerstrasse"},"geometry":{"type":"LineString","coordinates":[[7.595077,47.570052],[7.59514,47.570654]]}},{"type":"Feature","properties":{"k":"haupt","name":"Mauerstrasse"},"geometry":{"type":"LineString","coordinates":[[7.595523,47.573697],[7.595653,47.573698],[7.596443,47.573711]]}},{"type":"Feature","properties":{"k":"haupt"},"geometry":{"type":"LineString","coordinates":[[7.60229,47.572772],[7.602588,47.572337],[7.602873,47.571906]]}},{"type":"Feature","properties":{"k":"haupt","name":"Schwarzwaldstrasse"},"geometry":{"type":"LineString","coordinates":[[7.610615,47.562297],[7.611488,47.561368],[7.611958,47.560667]]}},{"type":"Feature","properties":{"k":"haupt"},"geometry":{"type":"LineString","coordinates":[[7.613262,47.558897],[7.613377,47.558724],[7.613644,47.558324],[7.614534,47.556971]]}},{"type":"Feature","properties":{"k":"haupt"},"geometry":{"type":"LineString","coordinates":[[7.613382,47.558923],[7.613136,47.559304],[7.613052,47.55946]]}},{"type":"Feature","properties":{"k":"haupt"},"geometry":{"type":"LineString","coordinates":[[7.61288,47.559082],[7.613608,47.558173]]}},{"type":"Feature","properties":{"k":"haupt"},"geometry":{"type":"LineString","coordinates":[[7.614534,47.556971],[7.614813,47.556542],[7.615071,47.556117],[7.615238,47.555824]]}},{"type":"Feature","properties":{"k":"haupt"},"geometry":{"type":"LineString","coordinates":[[7.614649,47.556998],[7.613746,47.558363],[7.613382,47.558923]]}},{"type":"Feature","properties":{"k":"haupt","name":"Schwarzwaldbrücke"},"geometry":{"type":"LineString","coordinates":[[7.614754,47.557027],[7.614574,47.557295],[7.614515,47.557414]]}},{"type":"Feature","properties":{"k":"neben","name":"Eisenbahnweg"},"geometry":{"type":"LineString","coordinates":[[7.614742,47.560409],[7.614863,47.560388],[7.615042,47.56022]]}},{"type":"Feature","properties":{"k":"neben","name":"Sperrstrasse"},"geometry":{"type":"LineString","coordinates":[[7.595557,47.5655],[7.597614,47.566135],[7.597721,47.566168],[7.597738,47.566173]]}},{"type":"Feature","properties":{"k":"haupt","name":"Schwarzwaldtunnel"},"geometry":{"type":"LineString","coordinates":[[7.602976,47.571756],[7.603665,47.570802]]}},{"type":"Feature","properties":{"k":"haupt"},"geometry":{"type":"LineString","coordinates":[[7.603111,47.571809],[7.60304,47.571913],[7.602422,47.572814]]}},{"type":"Feature","properties":{"k":"haupt"},"geometry":{"type":"LineString","coordinates":[[7.603202,47.571869],[7.602843,47.572399],[7.60247,47.572964]]}},{"type":"Feature","properties":{"k":"neben","name":"Brantgasse"},"geometry":{"type":"LineString","coordinates":[[7.597093,47.564627],[7.597565,47.563921]]}},{"type":"Feature","properties":{"k":"neben","name":"Grenzstrasse"},"geometry":{"type":"LineString","coordinates":[[7.600986,47.581774],[7.601513,47.583093],[7.601586,47.583302],[7.60165,47.583496]]}},{"type":"Feature","properties":{"k":"neben","name":"Neuhausstrasse"},"geometry":{"type":"LineString","coordinates":[[7.603787,47.580344],[7.604009,47.581182],[7.603871,47.581291]]}},{"type":"Feature","properties":{"k":"neben","name":"Maulbeerstrasse"},"geometry":{"type":"LineString","coordinates":[[7.597738,47.566173],[7.600989,47.567104]]}},{"type":"Feature","properties":{"k":"neben","name":"Wittlingerstrasse"},"geometry":{"type":"LineString","coordinates":[[7.618717,47.563802],[7.617276,47.563162],[7.616364,47.562872]]}},{"type":"Feature","properties":{"k":"neben","name":"Hirzbrunnenstrasse"},"geometry":{"type":"LineString","coordinates":[[7.61737,47.565231],[7.617417,47.565191],[7.617468,47.565146]]}},{"type":"Feature","properties":{"k":"haupt"},"geometry":{"type":"LineString","coordinates":[[7.614172,47.557309],[7.614253,47.557222],[7.614434,47.556928]]}},{"type":"Feature","properties":{"k":"haupt","name":"Schwarzwaldtunnel"},"geometry":{"type":"LineString","coordinates":[[7.608432,47.565213],[7.604664,47.569798]]}},{"type":"Feature","properties":{"k":"haupt"},"geometry":{"type":"LineString","coordinates":[[7.608281,47.565147],[7.608612,47.564762],[7.6087,47.564652]]}},{"type":"Feature","properties":{"k":"neben","name":"Augsterweg"},"geometry":{"type":"LineString","coordinates":[[7.623181,47.56613],[7.622084,47.565607]]}},{"type":"Feature","properties":{"k":"neben","name":"Olsbergerweg"},"geometry":{"type":"LineString","coordinates":[[7.623577,47.565753],[7.623181,47.56613],[7.623124,47.566184],[7.622774,47.566518]]}},{"type":"Feature","properties":{"k":"neben","name":"Giebenacherweg"},"geometry":{"type":"LineString","coordinates":[[7.62249,47.565224],[7.623577,47.565753]]}},{"type":"Feature","properties":{"k":"neben","name":"St. Alban-Rheinweg"},"geometry":{"type":"LineString","coordinates":[[7.603805,47.555118],[7.604101,47.555185],[7.605131,47.555179]]}},{"type":"Feature","properties":{"k":"neben","name":"Rosentalstrasse"},"geometry":{"type":"LineString","coordinates":[[7.603296,47.564662],[7.601824,47.564064]]}},{"type":"Feature","properties":{"k":"neben","name":"Riehentorstrasse"},"geometry":{"type":"LineString","coordinates":[[7.596968,47.559999],[7.596897,47.559957],[7.596839,47.559922]]}},{"type":"Feature","properties":{"k":"haupt","name":"Riehenring"},"geometry":{"type":"LineString","coordinates":[[7.597635,47.569881],[7.597568,47.567907]]}},{"type":"Feature","properties":{"k":"neben","name":"Isteinerstrasse"},"geometry":{"type":"LineString","coordinates":[[7.598416,47.568425],[7.598355,47.568028]]}},{"type":"Feature","properties":{"k":"neben","name":"Isteinerstrasse"},"geometry":{"type":"LineString","coordinates":[[7.598355,47.568028],[7.598359,47.567892],[7.598534,47.567567]]}},{"type":"Feature","properties":{"k":"neben","name":"Erlenstrasse"},"geometry":{"type":"LineString","coordinates":[[7.598355,47.568028],[7.598609,47.568057],[7.598803,47.568112]]}},{"type":"Feature","properties":{"k":"neben","name":"Bleichestrasse"},"geometry":{"type":"LineString","coordinates":[[7.5997,47.565583],[7.601859,47.566205]]}},{"type":"Feature","properties":{"k":"neben","name":"Isteinerstrasse"},"geometry":{"type":"LineString","coordinates":[[7.5997,47.565583],[7.599744,47.565512],[7.600179,47.564795]]}},{"type":"Feature","properties":{"k":"neben","name":"Riehenteichstrasse"},"geometry":{"type":"LineString","coordinates":[[7.602797,47.565184],[7.602905,47.565262],[7.603553,47.565723],[7.603608,47.565831]]}},{"type":"Feature","properties":{"k":"neben","name":"Schwarzwaldallee"},"geometry":{"type":"LineString","coordinates":[[7.611015,47.561236],[7.61098,47.561296],[7.610858,47.561511]]}},{"type":"Feature","properties":{"k":"neben","name":"Schwarzwaldallee"},"geometry":{"type":"LineString","coordinates":[[7.610858,47.561511],[7.610594,47.561946],[7.610206,47.561842]]}},{"type":"Feature","properties":{"k":"neben","name":"Schwarzwaldallee"},"geometry":{"type":"LineString","coordinates":[[7.611015,47.561236],[7.611258,47.560819]]}},{"type":"Feature","properties":{"k":"neben","name":"Schwarzwaldallee"},"geometry":{"type":"LineString","coordinates":[[7.611258,47.560819],[7.611653,47.560052]]}},{"type":"Feature","properties":{"k":"neben","name":"Zum Bischofstein"},"geometry":{"type":"LineString","coordinates":[[7.605259,47.560836],[7.60542,47.559947],[7.604442,47.559872],[7.60432,47.559863]]}},{"type":"Feature","properties":{"k":"neben","name":"Itelpfad"},"geometry":{"type":"LineString","coordinates":[[7.605968,47.562938],[7.606415,47.561745]]}},{"type":"Feature","properties":{"k":"haupt","name":"Wettsteinallee"},"geometry":{"type":"LineString","coordinates":[[7.60415,47.561148],[7.603011,47.561131]]}},{"type":"Feature","properties":{"k":"neben","name":"Peter-Rot-Strasse"},"geometry":{"type":"LineString","coordinates":[[7.604008,47.559839],[7.603874,47.560984],[7.603963,47.561079]]}},{"type":"Feature","properties":{"k":"neben","name":"Bannwartweg"},"geometry":{"type":"LineString","coordinates":[[7.60192,47.559498],[7.601865,47.559528],[7.601595,47.559936]]}},{"type":"Feature","properties":{"k":"neben","name":"Rosengartenweg"},"geometry":{"type":"LineString","coordinates":[[7.603325,47.558773],[7.603322,47.558824],[7.603268,47.559736]]}},{"type":"Feature","properties":{"k":"neben","name":"Klingnaustrasse"},"geometry":{"type":"LineString","coordinates":[[7.599084,47.561381],[7.599792,47.560679],[7.599005,47.560316]]}},{"type":"Feature","properties":{"k":"neben","name":"Mattenstrasse"},"geometry":{"type":"LineString","coordinates":[[7.600161,47.568352],[7.600414,47.567875]]}},{"type":"Feature","properties":{"k":"neben","name":"Signalstrasse"},"geometry":{"type":"LineString","coordinates":[[7.601142,47.574234],[7.600937,47.574232]]}},{"type":"Feature","properties":{"k":"haupt","name":"Riehenring"},"geometry":{"type":"LineString","coordinates":[[7.597738,47.566173],[7.598656,47.564607]]}},{"type":"Feature","properties":{"k":"neben","name":"Farnsburgerstrasse"},"geometry":{"type":"LineString","coordinates":[[7.613514,47.555289],[7.613475,47.555357],[7.613463,47.555381],[7.613438,47.555432]]}},{"type":"Feature","properties":{"k":"haupt","name":"Zürcherstrasse"},"geometry":{"type":"LineString","coordinates":[[7.614906,47.555482],[7.615169,47.555461]]}},{"type":"Feature","properties":{"k":"neben","name":"Maulbeerstrasse"},"geometry":{"type":"LineString","coordinates":[[7.608287,47.569419],[7.6085,47.569482],[7.608941,47.569605],[7.609032,47.569631]]}},{"type":"Feature","properties":{"k":"neben","name":"Maulbeerstrasse"},"geometry":{"type":"LineString","coordinates":[[7.606158,47.568656],[7.607155,47.569018],[7.607539,47.569156],[7.607625,47.569187]]}},{"type":"Feature","properties":{"k":"neben","name":"Egliseestrasse"},"geometry":{"type":"LineString","coordinates":[[7.609161,47.569656],[7.609547,47.569716],[7.609607,47.569731],[7.60965,47.569753]]}},{"type":"Feature","properties":{"k":"neben","name":"Schopfheimerstrasse"},"geometry":{"type":"LineString","coordinates":[[7.610653,47.568187],[7.61113,47.568218],[7.611273,47.568088]]}},{"type":"Feature","properties":{"k":"neben","name":"Laufenburgerstrasse"},"geometry":{"type":"LineString","coordinates":[[7.610653,47.568187],[7.61084,47.568756]]}},{"type":"Feature","properties":{"k":"neben","name":"Innerer Egliseeweg"},"geometry":{"type":"LineString","coordinates":[[7.613372,47.570074],[7.613746,47.569146]]}},{"type":"Feature","properties":{"k":"neben","name":"Innerer Egliseeweg"},"geometry":{"type":"LineString","coordinates":[[7.613677,47.569262],[7.613214,47.568961],[7.61303,47.568922],[7.612849,47.569363]]}},{"type":"Feature","properties":{"k":"neben","name":"Innerer Egliseeweg"},"geometry":{"type":"LineString","coordinates":[[7.61303,47.568922],[7.613074,47.568799],[7.612778,47.568661],[7.612873,47.568416]]}},{"type":"Feature","properties":{"k":"neben","name":"Egliseestrasse"},"geometry":{"type":"LineString","coordinates":[[7.612225,47.569898],[7.609844,47.569688],[7.60965,47.569753]]}},{"type":"Feature","properties":{"k":"neben","name":"Säckingerstrasse"},"geometry":{"type":"LineString","coordinates":[[7.612225,47.569898],[7.612249,47.569829],[7.612351,47.569513]]}},{"type":"Feature","properties":{"k":"neben","name":"In den Schorenmatten"},"geometry":{"type":"LineString","coordinates":[[7.609407,47.570852],[7.608649,47.572083],[7.608311,47.572235]]}},{"type":"Feature","properties":{"k":"neben","name":"In den Schorenmatten"},"geometry":{"type":"LineString","coordinates":[[7.608518,47.570397],[7.609031,47.571448]]}},{"type":"Feature","properties":{"k":"neben","name":"Am Bahndamm"},"geometry":{"type":"LineString","coordinates":[[7.607445,47.572466],[7.60703,47.57134]]}},{"type":"Feature","properties":{"k":"neben","name":"In den Schorenmatten"},"geometry":{"type":"LineString","coordinates":[[7.608544,47.572144],[7.608161,47.571022],[7.608099,47.570908]]}},{"type":"Feature","properties":{"k":"neben","name":"In den Schorenmatten"},"geometry":{"type":"LineString","coordinates":[[7.608311,47.572235],[7.608208,47.572278]]}},{"type":"Feature","properties":{"k":"neben","name":"In den Schorenmatten"},"geometry":{"type":"LineString","coordinates":[[7.608208,47.572278],[7.60812,47.572327],[7.607445,47.572466]]}},{"type":"Feature","properties":{"k":"neben","name":"Im Surinam"},"geometry":{"type":"LineString","coordinates":[[7.607789,47.571018],[7.607491,47.571034]]}},{"type":"Feature","properties":{"k":"neben","name":"Im Surinam"},"geometry":{"type":"LineString","coordinates":[[7.607491,47.571034],[7.604999,47.573007],[7.604961,47.573164]]}},{"type":"Feature","properties":{"k":"neben","name":"Im Surinam"},"geometry":{"type":"LineString","coordinates":[[7.610281,47.568052],[7.610887,47.5672],[7.610914,47.567161]]}},{"type":"Feature","properties":{"k":"neben","name":"St. Alban-Rheinweg"},"geometry":{"type":"LineString","coordinates":[[7.602971,47.555068],[7.603178,47.555077],[7.603687,47.555104]]}},{"type":"Feature","properties":{"k":"neben","name":"Hirzbrunnenallee"},"geometry":{"type":"LineString","coordinates":[[7.611623,47.567362],[7.61352,47.5667]]}},{"type":"Feature","properties":{"k":"neben","name":"Kleinriehenstrasse"},"geometry":{"type":"LineString","coordinates":[[7.61224,47.565598],[7.61352,47.5667]]}},{"type":"Feature","properties":{"k":"neben","name":"Paracelsusstrasse"},"geometry":{"type":"LineString","coordinates":[[7.611395,47.566209],[7.612021,47.565725],[7.614334,47.564477],[7.614937,47.564075]]}},{"type":"Feature","properties":{"k":"neben","name":"Eugen Wullschleger-Strasse"},"geometry":{"type":"LineString","coordinates":[[7.612779,47.565318],[7.612091,47.564729],[7.613356,47.564052],[7.614035,47.564638]]}},{"type":"Feature","properties":{"k":"neben","name":"Eugen Wullschleger-Strasse"},"geometry":{"type":"LineString","coordinates":[[7.612716,47.564396],[7.613406,47.56498]]}},{"type":"Feature","properties":{"k":"neben","name":"Im Heimatland"},"geometry":{"type":"LineString","coordinates":[[7.614334,47.564477],[7.616789,47.565686]]}},{"type":"Feature","properties":{"k":"neben","name":"Hirzbrunnenstrasse"},"geometry":{"type":"LineString","coordinates":[[7.613266,47.568322],[7.61737,47.565231]]}},{"type":"Feature","properties":{"k":"neben","name":"Käferholzstrasse"},"geometry":{"type":"LineString","coordinates":[[7.618817,47.56592],[7.618931,47.565831]]}},{"type":"Feature","properties":{"k":"neben","name":"Hirzbrunnenschanze"},"geometry":{"type":"LineString","coordinates":[[7.617446,47.566102],[7.615818,47.567276]]}},{"type":"Feature","properties":{"k":"neben","name":"Hirzbrunnenschanze"},"geometry":{"type":"LineString","coordinates":[[7.616246,47.566076],[7.616911,47.566488]]}},{"type":"Feature","properties":{"k":"neben","name":"Hirzbrunnenschanze"},"geometry":{"type":"LineString","coordinates":[[7.615707,47.566461],[7.616362,47.566884]]}},{"type":"Feature","properties":{"k":"neben","name":"Kleinriehenstrasse"},"geometry":{"type":"LineString","coordinates":[[7.61352,47.5667],[7.614059,47.567037],[7.614523,47.567327]]}},{"type":"Feature","properties":{"k":"neben","name":"Lukas Legrand-Strasse"},"geometry":{"type":"LineString","coordinates":[[7.615383,47.569507],[7.616581,47.568509]]}},{"type":"Feature","properties":{"k":"neben","name":"Käferholzstrasse"},"geometry":{"type":"LineString","coordinates":[[7.615981,47.568171],[7.618817,47.56592]]}},{"type":"Feature","properties":{"k":"neben","name":"Binzenstrasse"},"geometry":{"type":"LineString","coordinates":[[7.617706,47.566805],[7.619652,47.567919]]}},{"type":"Feature","properties":{"k":"neben","name":"Thumringerstrasse"},"geometry":{"type":"LineString","coordinates":[[7.617148,47.56725],[7.618233,47.567877],[7.618993,47.568332]]}},{"type":"Feature","properties":{"k":"neben","name":"Tüllingerstrasse"},"geometry":{"type":"LineString","coordinates":[[7.61709,47.568768],[7.61765,47.568333],[7.618233,47.567877]]}},{"type":"Feature","properties":{"k":"neben","name":"Tüllingerstrasse"},"geometry":{"type":"LineString","coordinates":[[7.61765,47.568333],[7.61657,47.56771]]}},{"type":"Feature","properties":{"k":"neben","name":"Im Heimatland"},"geometry":{"type":"LineString","coordinates":[[7.61505,47.564834],[7.615539,47.564364]]}},{"type":"Feature","properties":{"k":"neben","name":"Im Heimatland"},"geometry":{"type":"LineString","coordinates":[[7.615632,47.565119],[7.616126,47.564638]]}},{"type":"Feature","properties":{"k":"neben","name":"Im Heimatland"},"geometry":{"type":"LineString","coordinates":[[7.616208,47.565393],[7.61671,47.564916]]}},{"type":"Feature","properties":{"k":"neben","name":"Bäumlihofstrasse"},"geometry":{"type":"LineString","coordinates":[[7.618817,47.56592],[7.614937,47.564075],[7.615037,47.563978]]}},{"type":"Feature","properties":{"k":"neben","name":"Rankstrasse"},"geometry":{"type":"LineString","coordinates":[[7.616364,47.562872],[7.61627,47.562014]]}},{"type":"Feature","properties":{"k":"neben","name":"Rankstrasse"},"geometry":{"type":"LineString","coordinates":[[7.616257,47.561931],[7.61624,47.561819],[7.616231,47.561761]]}},{"type":"Feature","properties":{"k":"neben","name":"Magdenstrasse"},"geometry":{"type":"LineString","coordinates":[[7.618036,47.564572],[7.615858,47.56352],[7.616364,47.562872]]}},{"type":"Feature","properties":{"k":"neben","name":"Gotenwegli"},"geometry":{"type":"LineString","coordinates":[[7.625839,47.567977],[7.625937,47.568012]]}},{"type":"Feature","properties":{"k":"neben","name":"Zu den drei Linden"},"geometry":{"type":"LineString","coordinates":[[7.621678,47.56599],[7.621548,47.565935],[7.621542,47.565933],[7.621469,47.565905]]}},{"type":"Feature","properties":{"k":"neben","name":"Allmendstrasse"},"geometry":{"type":"LineString","coordinates":[[7.621678,47.56599],[7.62249,47.565224]]}},{"type":"Feature","properties":{"k":"neben","name":"Käferholzstrasse"},"geometry":{"type":"LineString","coordinates":[[7.618931,47.565831],[7.619036,47.565745],[7.619275,47.565557],[7.620488,47.5646]]}},{"type":"Feature","properties":{"k":"neben","name":"Rümmingerstrasse"},"geometry":{"type":"LineString","coordinates":[[7.619853,47.566271],[7.619912,47.566212],[7.621196,47.564923]]}},{"type":"Feature","properties":{"k":"neben","name":"Ormalingerweg"},"geometry":{"type":"LineString","coordinates":[[7.622533,47.564864],[7.62213,47.56469],[7.621649,47.564483]]}},{"type":"Feature","properties":{"k":"neben","name":"Allmendstrasse"},"geometry":{"type":"LineString","coordinates":[[7.622062,47.565315],[7.621469,47.565905]]}},{"type":"Feature","properties":{"k":"neben","name":"Im Rheinacker"},"geometry":{"type":"LineString","coordinates":[[7.627305,47.563348],[7.626668,47.563474]]}},{"type":"Feature","properties":{"k":"neben","name":"Landauerstrasse"},"geometry":{"type":"LineString","coordinates":[[7.627096,47.562627],[7.627119,47.562943],[7.627305,47.563348],[7.627771,47.563828],[7.629378,47.565096],[7.629536,47.565959],[7.629676,47.566174],[7.631072,47.566916]]}},{"type":"Feature","properties":{"k":"neben","name":"Landauerstrasse"},"geometry":{"type":"LineString","coordinates":[[7.631146,47.566962],[7.631408,47.567153]]}},{"type":"Feature","properties":{"k":"neben","name":"Landauerhofweg"},"geometry":{"type":"LineString","coordinates":[[7.631072,47.566916],[7.632128,47.566048],[7.632169,47.565924],[7.632007,47.565905],[7.629893,47.566303]]}},{"type":"Feature","properties":{"k":"neben","name":"Wittlingerstrasse"},"geometry":{"type":"LineString","coordinates":[[7.621676,47.565143],[7.622062,47.565315]]}},{"type":"Feature","properties":{"k":"neben","name":"Riburgstrasse"},"geometry":{"type":"LineString","coordinates":[[7.618248,47.565503],[7.619614,47.564203]]}},{"type":"Feature","properties":{"k":"neben","name":"Hersbergerweg"},"geometry":{"type":"LineString","coordinates":[[7.619295,47.563071],[7.620192,47.56348],[7.620266,47.563514]]}},{"type":"Feature","properties":{"k":"neben","name":"Zeglingerweg"},"geometry":{"type":"LineString","coordinates":[[7.619068,47.563313],[7.618935,47.563251],[7.618538,47.563065],[7.618498,47.563046]]}},{"type":"Feature","properties":{"k":"neben","name":"Hirzbrunnenstrasse"},"geometry":{"type":"LineString","coordinates":[[7.617468,47.565146],[7.618717,47.563802]]}},{"type":"Feature","properties":{"k":"neben","name":"Wittlingerstrasse"},"geometry":{"type":"LineString","coordinates":[[7.618717,47.563802],[7.621676,47.565143]]}},{"type":"Feature","properties":{"k":"neben","name":"Maispracherweg"},"geometry":{"type":"LineString","coordinates":[[7.617289,47.564215],[7.618007,47.563478]]}},{"type":"Feature","properties":{"k":"neben","name":"Wintersingerweg"},"geometry":{"type":"LineString","coordinates":[[7.616582,47.563887],[7.617276,47.563162]]}},{"type":"Feature","properties":{"k":"neben","name":"Hirzbrunnenstrasse"},"geometry":{"type":"LineString","coordinates":[[7.618717,47.563802],[7.619068,47.563313],[7.619118,47.56326],[7.619295,47.563071]]}},{"type":"Feature","properties":{"k":"neben","name":"Jägerstrasse"},"geometry":{"type":"LineString","coordinates":[[7.602624,47.567574],[7.60192,47.568911]]}},{"type":"Feature","properties":{"k":"neben","name":"Birsfelderstrasse"},"geometry":{"type":"LineString","coordinates":[[7.616288,47.555508],[7.616218,47.555611],[7.616136,47.555778]]}},{"type":"Feature","properties":{"k":"neben","name":"St. Alban-Rheinweg"},"geometry":{"type":"LineString","coordinates":[[7.615444,47.557242],[7.615235,47.557277],[7.614158,47.556952]]}},{"type":"Feature","properties":{"k":"haupt","name":"Freiburgerstrasse"},"geometry":{"type":"LineString","coordinates":[[7.604167,47.580384],[7.604185,47.580406],[7.604209,47.580435]]}},{"type":"Feature","properties":{"k":"neben","name":"Schorenweg"},"geometry":{"type":"LineString","coordinates":[[7.611648,47.5726],[7.612182,47.573596]]}},{"type":"Feature","properties":{"k":"neben","name":"An der hohlen Gasse"},"geometry":{"type":"LineString","coordinates":[[7.610664,47.572833],[7.610145,47.572011]]}},{"type":"Feature","properties":{"k":"haupt","name":"Riehenring"},"geometry":{"type":"LineString","coordinates":[[7.598656,47.564607],[7.59882,47.564213],[7.60005,47.562334]]}},{"type":"Feature","properties":{"k":"haupt","name":"Riehenring"},"geometry":{"type":"LineString","coordinates":[[7.600296,47.5622],[7.601492,47.561566],[7.602727,47.561162]]}},{"type":"Feature","properties":{"k":"neben","name":"Neuhausstrasse"},"geometry":{"type":"LineString","coordinates":[[7.602789,47.581394],[7.602128,47.581458]]}},{"type":"Feature","properties":{"k":"neben","name":"Neuhausstrasse"},"geometry":{"type":"LineString","coordinates":[[7.596844,47.582329],[7.597395,47.582204]]}},{"type":"Feature","properties":{"k":"neben","name":"Theodorsgraben"},"geometry":{"type":"LineString","coordinates":[[7.598256,47.558164],[7.597822,47.557627],[7.597463,47.557162]]}},{"type":"Feature","properties":{"k":"neben","name":"Clarahofweg"},"geometry":{"type":"LineString","coordinates":[[7.598769,47.563329],[7.59893,47.56304],[7.597216,47.561895],[7.595467,47.561136]]}},{"type":"Feature","properties":{"k":"neben","name":"Schorenweg"},"geometry":{"type":"LineString","coordinates":[[7.60965,47.569753],[7.610309,47.57045],[7.611648,47.5726]]}},{"type":"Feature","properties":{"k":"haupt","name":"Bäumlihofstrasse"},"geometry":{"type":"LineString","coordinates":[[7.611897,47.562758],[7.611926,47.562769],[7.612649,47.563031]]}},{"type":"Feature","properties":{"k":"haupt","name":"Bäumlihofstrasse"},"geometry":{"type":"LineString","coordinates":[[7.611303,47.562542],[7.611897,47.562758]]}},{"type":"Feature","properties":{"k":"haupt","name":"Grenzacherstrasse"},"geometry":{"type":"LineString","coordinates":[[7.624925,47.562047],[7.618837,47.560363]]}},{"type":"Feature","properties":{"k":"haupt","name":"Freiburgerstrasse"},"geometry":{"type":"LineString","coordinates":[[7.604438,47.58128],[7.604428,47.580946]]}},{"type":"Feature","properties":{"k":"haupt","name":"Riehenstrasse"},"geometry":{"type":"LineString","coordinates":[[7.609734,47.566522],[7.610694,47.566874],[7.611027,47.567029]]}},{"type":"Feature","properties":{"k":"haupt","name":"Riehenring"},"geometry":{"type":"LineString","coordinates":[[7.598682,47.57386],[7.598751,47.574302]]}},{"type":"Feature","properties":{"k":"haupt","name":"Riehenring"},"geometry":{"type":"LineString","coordinates":[[7.598751,47.574302],[7.598912,47.574957]]}},{"type":"Feature","properties":{"k":"haupt","name":"Riehenring"},"geometry":{"type":"LineString","coordinates":[[7.598912,47.574957],[7.598958,47.575103]]}},{"type":"Feature","properties":{"k":"haupt","name":"Riehenring"},"geometry":{"type":"LineString","coordinates":[[7.598768,47.574968],[7.598597,47.57431]]}},{"type":"Feature","properties":{"k":"haupt","name":"Riehenring"},"geometry":{"type":"LineString","coordinates":[[7.598597,47.57431],[7.598375,47.573853]]}},{"type":"Feature","properties":{"k":"neben","name":"Am Umschlagbahnhof"},"geometry":{"type":"LineString","coordinates":[[7.601809,47.581489],[7.601963,47.582421]]}},{"type":"Feature","properties":{"k":"haupt"},"geometry":{"type":"LineString","coordinates":[[7.601633,47.573501],[7.60229,47.572772]]}},{"type":"Feature","properties":{"k":"haupt"},"geometry":{"type":"LineString","coordinates":[[7.603613,47.571179],[7.603406,47.57139],[7.603111,47.571809]]}},{"type":"Feature","properties":{"k":"haupt","name":"Riehenstrasse"},"geometry":{"type":"LineString","coordinates":[[7.618133,47.570989],[7.618947,47.571357],[7.621181,47.5718]]}},{"type":"Feature","properties":{"k":"haupt","name":"Riehenstrasse"},"geometry":{"type":"LineString","coordinates":[[7.61691,47.570309],[7.617114,47.570396],[7.617171,47.570429],[7.617719,47.570748]]}},{"type":"Feature","properties":{"k":"haupt","name":"Riehenstrasse"},"geometry":{"type":"LineString","coordinates":[[7.611027,47.567029],[7.611623,47.567362]]}},{"type":"Feature","properties":{"k":"haupt"},"geometry":{"type":"LineString","coordinates":[[7.613052,47.55946],[7.61142,47.561748]]}},{"type":"Feature","properties":{"k":"haupt"},"geometry":{"type":"LineString","coordinates":[[7.61052,47.562649],[7.610202,47.562979],[7.609809,47.56345],[7.609434,47.563927]]}},{"type":"Feature","properties":{"k":"haupt"},"geometry":{"type":"LineString","coordinates":[[7.609322,47.563899],[7.610939,47.562054]]}},{"type":"Feature","properties":{"k":"haupt"},"geometry":{"type":"LineString","coordinates":[[7.610939,47.562054],[7.611346,47.561609]]}},{"type":"Feature","properties":{"k":"neben","name":"Klingentalstrasse"},"geometry":{"type":"LineString","coordinates":[[7.59839,47.565028],[7.595767,47.564212]]}},{"type":"Feature","properties":{"k":"neben","name":"Wollbacherstrasse"},"geometry":{"type":"LineString","coordinates":[[7.618285,47.566348],[7.618375,47.566401],[7.620196,47.567467]]}},{"type":"Feature","properties":{"k":"neben","name":"Schönaustrasse"},"geometry":{"type":"LineString","coordinates":[[7.600414,47.567875],[7.602303,47.568176],[7.604864,47.568905]]}},{"type":"Feature","properties":{"k":"haupt","name":"Schwarzwaldallee"},"geometry":{"type":"LineString","coordinates":[[7.606937,47.566679],[7.607048,47.566545]]}},{"type":"Feature","properties":{"k":"haupt","name":"Schwarzwaldallee"},"geometry":{"type":"LineString","coordinates":[[7.605551,47.568437],[7.604657,47.569694]]}},{"type":"Feature","properties":{"k":"neben","name":"Mattenstrasse"},"geometry":{"type":"LineString","coordinates":[[7.603296,47.564662],[7.603991,47.563929]]}},{"type":"Feature","properties":{"k":"neben","name":"Mattenstrasse"},"geometry":{"type":"LineString","coordinates":[[7.600989,47.567104],[7.603296,47.564662]]}},{"type":"Feature","properties":{"k":"haupt","name":"Zürcherstrasse"},"geometry":{"type":"LineString","coordinates":[[7.61733,47.555203],[7.616288,47.555508]]}},{"type":"Feature","properties":{"k":"haupt","name":"Zürcherstrasse"},"geometry":{"type":"LineString","coordinates":[[7.617821,47.555118],[7.61733,47.555203]]}},{"type":"Feature","properties":{"k":"neben","name":"Clarahofweg"},"geometry":{"type":"LineString","coordinates":[[7.598236,47.562587],[7.598124,47.562734],[7.597903,47.563031],[7.597895,47.563041]]}},{"type":"Feature","properties":{"k":"neben","name":"Riehentorstrasse"},"geometry":{"type":"LineString","coordinates":[[7.595491,47.558881],[7.595984,47.559453]]}},{"type":"Feature","properties":{"k":"haupt"},"geometry":{"type":"LineString","coordinates":[[7.599567,47.579145],[7.600375,47.580433]]}},{"type":"Feature","properties":{"k":"haupt"},"geometry":{"type":"LineString","coordinates":[[7.59923,47.575939],[7.599549,47.5754]]}},{"type":"Feature","properties":{"k":"haupt","name":"Riehenring"},"geometry":{"type":"LineString","coordinates":[[7.598956,47.575621],[7.598893,47.575394]]}},{"type":"Feature","properties":{"k":"haupt"},"geometry":{"type":"LineString","coordinates":[[7.600244,47.580405],[7.599384,47.579022],[7.598985,47.578036]]}},{"type":"Feature","properties":{"k":"haupt","name":"Riehenstrasse"},"geometry":{"type":"LineString","coordinates":[[7.607632,47.565779],[7.607856,47.565849]]}},{"type":"Feature","properties":{"k":"haupt","name":"Schwarzwaldallee"},"geometry":{"type":"LineString","coordinates":[[7.606055,47.567766],[7.606409,47.567307],[7.606503,47.567195]]}},{"type":"Feature","properties":{"k":"haupt","name":"Schwarzwaldallee"},"geometry":{"type":"LineString","coordinates":[[7.602261,47.573363],[7.602174,47.573425],[7.60201,47.573535],[7.601716,47.573697]]}},{"type":"Feature","properties":{"k":"haupt"},"geometry":{"type":"LineString","coordinates":[[7.604664,47.569798],[7.603883,47.570798]]}},{"type":"Feature","properties":{"k":"haupt"},"geometry":{"type":"LineString","coordinates":[[7.6087,47.564652],[7.60882,47.564531],[7.609162,47.564104]]}},{"type":"Feature","properties":{"k":"haupt"},"geometry":{"type":"LineString","coordinates":[[7.608495,47.565139],[7.608432,47.565213]]}},{"type":"Feature","properties":{"k":"haupt"},"geometry":{"type":"LineString","coordinates":[[7.602873,47.571906],[7.602976,47.571756]]}},{"type":"Feature","properties":{"k":"haupt"},"geometry":{"type":"LineString","coordinates":[[7.609434,47.563927],[7.609276,47.564139]]}},{"type":"Feature","properties":{"k":"haupt","name":"Schwarzwaldstrasse"},"geometry":{"type":"LineString","coordinates":[[7.610847,47.562377],[7.609498,47.564009]]}},{"type":"Feature","properties":{"k":"haupt","name":"Schwarzwaldallee"},"geometry":{"type":"LineString","coordinates":[[7.612443,47.559921],[7.612513,47.55979]]}},{"type":"Feature","properties":{"k":"haupt","name":"Schwarzwaldstrasse"},"geometry":{"type":"LineString","coordinates":[[7.612483,47.56038],[7.612247,47.560675]]}},{"type":"Feature","properties":{"k":"haupt","name":"Grenzacherstrasse"},"geometry":{"type":"LineString","coordinates":[[7.612765,47.560022],[7.612582,47.559965]]}},{"type":"Feature","properties":{"k":"haupt","name":"Schwarzwaldallee"},"geometry":{"type":"LineString","coordinates":[[7.600659,47.574763],[7.600678,47.574713],[7.600703,47.574659],[7.600796,47.574483]]}},{"type":"Feature","properties":{"k":"haupt"},"geometry":{"type":"LineString","coordinates":[[7.615675,47.555258],[7.61535,47.555857]]}},{"type":"Feature","properties":{"k":"haupt"},"geometry":{"type":"LineString","coordinates":[[7.61535,47.555857],[7.614649,47.556998]]}},{"type":"Feature","properties":{"k":"haupt"},"geometry":{"type":"LineString","coordinates":[[7.615238,47.555824],[7.61545,47.555446]]}},{"type":"Feature","properties":{"k":"neben","name":"Innerer Egliseeweg"},"geometry":{"type":"LineString","coordinates":[[7.613074,47.568799],[7.613128,47.568665]]}},{"type":"Feature","properties":{"k":"neben","name":"Im Grenzacherhof"},"geometry":{"type":"LineString","coordinates":[[7.616266,47.560867],[7.616398,47.560764],[7.61636,47.560425]]}},{"type":"Feature","properties":{"k":"neben","name":"Grenzacherstrasse"},"geometry":{"type":"LineString","coordinates":[[7.61614,47.560832],[7.616055,47.560675],[7.61506,47.560376],[7.615042,47.56022]]}},{"type":"Feature","properties":{"k":"neben","name":"Im Rankhof"},"geometry":{"type":"LineString","coordinates":[[7.616398,47.560764],[7.616834,47.56088],[7.617866,47.560829]]}},{"type":"Feature","properties":{"k":"neben","name":"Grenzacherstrasse"},"geometry":{"type":"LineString","coordinates":[[7.614863,47.560388],[7.61506,47.560376]]}},{"type":"Feature","properties":{"k":"neben","name":"Brombacherstrasse"},"geometry":{"type":"LineString","coordinates":[[7.596333,47.570281],[7.597465,47.569913],[7.597526,47.569898],[7.597635,47.569881]]}},{"type":"Feature","properties":{"k":"neben","name":"Efringerstrasse"},"geometry":{"type":"LineString","coordinates":[[7.596281,47.569405],[7.596256,47.569628],[7.596311,47.570058]]}},{"type":"Feature","properties":{"k":"neben","name":"Efringerstrasse"},"geometry":{"type":"LineString","coordinates":[[7.596311,47.570058],[7.596324,47.570206],[7.596331,47.570268],[7.596333,47.570281]]}},{"type":"Feature","properties":{"k":"neben","name":"Efringerstrasse"},"geometry":{"type":"LineString","coordinates":[[7.596333,47.570281],[7.596466,47.571602]]}},{"type":"Feature","properties":{"k":"neben","name":"Efringerstrasse"},"geometry":{"type":"LineString","coordinates":[[7.596347,47.568886],[7.596281,47.569405]]}},{"type":"Feature","properties":{"k":"neben","name":"Markgräflerstrasse"},"geometry":{"type":"LineString","coordinates":[[7.595077,47.570052],[7.596311,47.570058]]}},{"type":"Feature","properties":{"k":"haupt","name":"Grenzacherstrasse"},"geometry":{"type":"LineString","coordinates":[[7.604536,47.558849],[7.606547,47.558929]]}},{"type":"Feature","properties":{"k":"haupt","name":"Grenzacherstrasse"},"geometry":{"type":"LineString","coordinates":[[7.612443,47.559921],[7.611635,47.559722]]}},{"type":"Feature","properties":{"k":"haupt","name":"Grenzacherstrasse"},"geometry":{"type":"LineString","coordinates":[[7.612887,47.55989],[7.613256,47.559996]]}},{"type":"Feature","properties":{"k":"haupt","name":"Grenzacherstrasse"},"geometry":{"type":"LineString","coordinates":[[7.616155,47.560936],[7.615201,47.560675]]}},{"type":"Feature","properties":{"k":"haupt","name":"Grenzacherstrasse"},"geometry":{"type":"LineString","coordinates":[[7.61169,47.559569],[7.612025,47.559658],[7.612082,47.559674]]}},{"type":"Feature","properties":{"k":"haupt","name":"Grenzacherstrasse"},"geometry":{"type":"LineString","coordinates":[[7.612513,47.55979],[7.612568,47.559804]]}},{"type":"Feature","properties":{"k":"haupt","name":"Grenzacherstrasse"},"geometry":{"type":"LineString","coordinates":[[7.613339,47.560099],[7.614471,47.560424]]}},{"type":"Feature","properties":{"k":"haupt","name":"Grenzacherstrasse"},"geometry":{"type":"LineString","coordinates":[[7.612052,47.559742],[7.613339,47.560099]]}},{"type":"Feature","properties":{"k":"haupt","name":"Grenzacherstrasse"},"geometry":{"type":"LineString","coordinates":[[7.612052,47.559742],[7.610567,47.559482]]}},{"type":"Feature","properties":{"k":"haupt","name":"Grenzacherstrasse"},"geometry":{"type":"LineString","coordinates":[[7.633051,47.562604],[7.631823,47.562728],[7.629381,47.562839],[7.62818,47.562775]]}},{"type":"Feature","properties":{"k":"haupt","name":"Grenzacherstrasse"},"geometry":{"type":"LineString","coordinates":[[7.610018,47.559364],[7.610339,47.559396],[7.610722,47.559442],[7.611206,47.559505]]}},{"type":"Feature","properties":{"k":"neben","name":"Wiesenschanzweg"},"geometry":{"type":"LineString","coordinates":[[7.595113,47.571087],[7.595069,47.572279]]}},{"type":"Feature","properties":{"k":"haupt","name":"Fasanenstrasse"},"geometry":{"type":"LineString","coordinates":[[7.616761,47.57047],[7.616429,47.570747]]}},{"type":"Feature","properties":{"k":"neben","name":"Rosentalstrasse"},"geometry":{"type":"LineString","coordinates":[[7.607048,47.566545],[7.606876,47.56645],[7.60682,47.566391]]}},{"type":"Feature","properties":{"k":"haupt"},"geometry":{"type":"LineString","coordinates":[[7.613608,47.558173],[7.614172,47.557309]]}},{"type":"Feature","properties":{"k":"haupt"},"geometry":{"type":"LineString","coordinates":[[7.615157,47.555761],[7.615215,47.555671]]}},{"type":"Feature","properties":{"k":"neben","name":"Peter Rot-Strasse"},"geometry":{"type":"LineString","coordinates":[[7.60413,47.561274],[7.603771,47.563817]]}},{"type":"Feature","properties":{"k":"haupt","name":"Schwarzwaldallee"},"geometry":{"type":"LineString","coordinates":[[7.608732,47.56437],[7.608788,47.56434],[7.609223,47.563817],[7.609324,47.563729]]}},{"type":"Feature","properties":{"k":"haupt"},"geometry":{"type":"LineString","coordinates":[[7.614935,47.556052],[7.615093,47.555846],[7.615157,47.555761]]}},{"type":"Feature","properties":{"k":"neben","name":"Eisenbahnweg"},"geometry":{"type":"LineString","coordinates":[[7.615042,47.56022],[7.615209,47.56006],[7.615536,47.559748],[7.615638,47.559616]]}},{"type":"Feature","properties":{"k":"haupt","name":"Schwarzwaldallee"},"geometry":{"type":"LineString","coordinates":[[7.612513,47.55979],[7.612547,47.559715],[7.612605,47.559594]]}},{"type":"Feature","properties":{"k":"haupt"},"geometry":{"type":"LineString","coordinates":[[7.615456,47.555893],[7.615357,47.556063],[7.615266,47.556204],[7.615044,47.556574]]}},{"type":"Feature","properties":{"k":"haupt","name":"Schwarzwaldstrasse"},"geometry":{"type":"LineString","coordinates":[[7.613413,47.559203],[7.613295,47.559389]]}},{"type":"Feature","properties":{"k":"haupt","name":"Zürcherstrasse"},"geometry":{"type":"LineString","coordinates":[[7.614071,47.55563],[7.613527,47.555469]]}},{"type":"Feature","properties":{"k":"haupt","name":"Zürcherstrasse"},"geometry":{"type":"LineString","coordinates":[[7.615169,47.555461],[7.61521,47.555461],[7.615273,47.55546]]}},{"type":"Feature","properties":{"k":"haupt"},"geometry":{"type":"LineString","coordinates":[[7.602422,47.572814],[7.60183,47.573478],[7.60093,47.574195]]}},{"type":"Feature","properties":{"k":"neben","name":"Allmendstrasse"},"geometry":{"type":"LineString","coordinates":[[7.61691,47.570309],[7.617899,47.569066],[7.619944,47.567722],[7.620718,47.566817]]}},{"type":"Feature","properties":{"k":"neben","name":"Bergalingerstrasse"},"geometry":{"type":"LineString","coordinates":[[7.610853,47.559584],[7.610266,47.560874],[7.610235,47.560942]]}},{"type":"Feature","properties":{"k":"neben","name":"Beuggenstrasse"},"geometry":{"type":"LineString","coordinates":[[7.611488,47.561368],[7.61132,47.561321]]}},{"type":"Feature","properties":{"k":"haupt","name":"Bäumlihofstrasse"},"geometry":{"type":"LineString","coordinates":[[7.610615,47.562297],[7.610725,47.562335]]}},{"type":"Feature","properties":{"k":"neben","name":"Chrischonastrasse"},"geometry":{"type":"LineString","coordinates":[[7.60432,47.559863],[7.604167,47.559852]]}},{"type":"Feature","properties":{"k":"neben","name":"Egliseestrasse"},"geometry":{"type":"LineString","coordinates":[[7.616295,47.570793],[7.614785,47.570377]]}},{"type":"Feature","properties":{"k":"haupt","name":"Schwarzwaldallee"},"geometry":{"type":"LineString","coordinates":[[7.601001,47.57449],[7.600761,47.57491]]}},{"type":"Feature","properties":{"k":"haupt","name":"Fasanenstrasse"},"geometry":{"type":"LineString","coordinates":[[7.61691,47.570309],[7.616868,47.570365],[7.616846,47.570394],[7.616761,47.57047]]}},{"type":"Feature","properties":{"k":"haupt","name":"Schwarzwaldallee"},"geometry":{"type":"LineString","coordinates":[[7.600761,47.57491],[7.60071,47.574934]]}},{"type":"Feature","properties":{"k":"haupt","name":"Freiburgerstrasse"},"geometry":{"type":"LineString","coordinates":[[7.600888,47.575109],[7.600947,47.575156],[7.601006,47.575204],[7.601178,47.575336]]}},{"type":"Feature","properties":{"k":"haupt","name":"Grenzacherstrasse"},"geometry":{"type":"LineString","coordinates":[[7.598537,47.559021],[7.599025,47.55909]]}},{"type":"Feature","properties":{"k":"haupt","name":"Hammerstrasse"},"geometry":{"type":"LineString","coordinates":[[7.59827,47.559414],[7.598264,47.55943],[7.598231,47.559524],[7.597944,47.560238]]}},{"type":"Feature","properties":{"k":"neben","name":"Hermann Albrecht-Strasse"},"geometry":{"type":"LineString","coordinates":[[7.614031,47.568778],[7.614078,47.568741],[7.615261,47.567808],[7.615303,47.567775]]}},{"type":"Feature","properties":{"k":"haupt","name":"Hochbergerstrasse"},"geometry":{"type":"LineString","coordinates":[[7.60071,47.574934],[7.600361,47.575048]]}},{"type":"Feature","properties":{"k":"neben","name":"Kienbergstrasse"},"geometry":{"type":"LineString","coordinates":[[7.607527,47.561922],[7.607643,47.561629],[7.607653,47.561603],[7.607667,47.561567]]}},{"type":"Feature","properties":{"k":"neben","name":"Kienbergstrasse"},"geometry":{"type":"LineString","coordinates":[[7.606959,47.563115],[7.607246,47.562522],[7.607527,47.561922]]}},{"type":"Feature","properties":{"k":"neben","name":"Kirchgasse"},"geometry":{"type":"LineString","coordinates":[[7.598045,47.559154],[7.597972,47.559131],[7.597907,47.559114],[7.59774,47.55908]]}},{"type":"Feature","properties":{"k":"neben","name":"Kleinriehenstrasse"},"geometry":{"type":"LineString","coordinates":[[7.617899,47.569066],[7.616581,47.568509],[7.614523,47.567327]]}},{"type":"Feature","properties":{"k":"neben","name":"Maulbeerstrasse"},"geometry":{"type":"LineString","coordinates":[[7.605775,47.568518],[7.606158,47.568656]]}},{"type":"Feature","properties":{"k":"haupt","name":"Riehenring"},"geometry":{"type":"LineString","coordinates":[[7.600194,47.562352],[7.599996,47.562287],[7.600107,47.56214],[7.600309,47.562229],[7.600194,47.562352]]}},{"type":"Feature","properties":{"k":"haupt","name":"Riehenstrasse"},"geometry":{"type":"LineString","coordinates":[[7.600299,47.562288],[7.602432,47.563212]]}},{"type":"Feature","properties":{"k":"haupt","name":"Riehenstrasse"},"geometry":{"type":"LineString","coordinates":[[7.599978,47.562015],[7.60014,47.562129],[7.60015,47.562136]]}},{"type":"Feature","properties":{"k":"haupt","name":"Riehenstrasse"},"geometry":{"type":"LineString","coordinates":[[7.599987,47.562228],[7.599979,47.562056],[7.599978,47.562027],[7.599978,47.562015]]}},{"type":"Feature","properties":{"k":"haupt","name":"Riehenstrasse"},"geometry":{"type":"LineString","coordinates":[[7.608372,47.566034],[7.609734,47.566522]]}},{"type":"Feature","properties":{"k":"neben","name":"Röttelerstrasse"},"geometry":{"type":"LineString","coordinates":[[7.617265,47.568843],[7.617231,47.568879],[7.61703,47.569093],[7.61643,47.569604]]}},{"type":"Feature","properties":{"k":"neben","name":"Rührbergerstrasse"},"geometry":{"type":"LineString","coordinates":[[7.603082,47.559784],[7.602926,47.560907],[7.602931,47.560957],[7.602935,47.560991]]}},{"type":"Feature","properties":{"k":"neben","name":"Sandgrubenstrasse"},"geometry":{"type":"LineString","coordinates":[[7.604693,47.565353],[7.604719,47.565326],[7.605274,47.564763],[7.605335,47.564701]]}},{"type":"Feature","properties":{"k":"neben","name":"Schleifenbergstrasse"},"geometry":{"type":"LineString","coordinates":[[7.607527,47.561922],[7.605284,47.561623]]}},{"type":"Feature","properties":{"k":"haupt","name":"Schwarzwaldallee"},"geometry":{"type":"LineString","coordinates":[[7.600796,47.574483],[7.600834,47.574409],[7.60086,47.574359]]}},{"type":"Feature","properties":{"k":"haupt","name":"Schwarzwaldstrasse"},"geometry":{"type":"LineString","coordinates":[[7.613906,47.558346],[7.613724,47.558665],[7.61357,47.558948],[7.613521,47.559032]]}},{"type":"Feature","properties":{"k":"neben","name":"Schwörstadterstrasse"},"geometry":{"type":"LineString","coordinates":[[7.610235,47.560942],[7.610021,47.560939],[7.609477,47.561941]]}},{"type":"Feature","properties":{"k":"neben","name":"Schönaustrasse"},"geometry":{"type":"LineString","coordinates":[[7.604864,47.568905],[7.604955,47.56893],[7.605071,47.568962]]}},{"type":"Feature","properties":{"k":"neben","name":"Turnerstrasse"},"geometry":{"type":"LineString","coordinates":[[7.599665,47.561804],[7.600955,47.560409]]}},{"type":"Feature","properties":{"k":"neben","name":"Vogelsangstrasse"},"geometry":{"type":"LineString","coordinates":[[7.603948,47.562746],[7.604075,47.562752],[7.605004,47.562826]]}},{"type":"Feature","properties":{"k":"neben","name":"Waldshuterstrasse"},"geometry":{"type":"LineString","coordinates":[[7.613586,47.569496],[7.614223,47.569628],[7.614349,47.569652]]}},{"type":"Feature","properties":{"k":"neben","name":"Wettsteinallee"},"geometry":{"type":"LineString","coordinates":[[7.59865,47.559342],[7.601222,47.560523],[7.602737,47.56101]]}},{"type":"Feature","properties":{"k":"haupt","name":"Wettsteinstrasse"},"geometry":{"type":"LineString","coordinates":[[7.597547,47.558119],[7.597733,47.558311]]}},{"type":"Feature","properties":{"k":"haupt","name":"Wettsteinstrasse"},"geometry":{"type":"LineString","coordinates":[[7.597733,47.558311],[7.597833,47.558445],[7.597925,47.558564]]}},{"type":"Feature","properties":{"k":"haupt","name":"Wettsteinstrasse"},"geometry":{"type":"LineString","coordinates":[[7.598011,47.558939],[7.597986,47.558872],[7.597965,47.558821],[7.597945,47.558788]]}},{"type":"Feature","properties":{"k":"haupt","name":"Wettsteinbrücke"},"geometry":{"type":"LineString","coordinates":[[7.595284,47.555384],[7.595478,47.555623],[7.597547,47.558119]]}},{"type":"Feature","properties":{"k":"haupt","name":"Wettsteinbrücke"},"geometry":{"type":"LineString","coordinates":[[7.597429,47.558164],[7.595348,47.555659],[7.595173,47.555424]]}},{"type":"Feature","properties":{"k":"haupt","name":"Wettsteinplatz"},"geometry":{"type":"LineString","coordinates":[[7.598148,47.558845],[7.598185,47.558849],[7.598221,47.558859],[7.598537,47.559021]]}},{"type":"Feature","properties":{"k":"haupt"},"geometry":{"type":"LineString","coordinates":[[7.602072,47.586119],[7.60162,47.583605],[7.600897,47.581689]]}},{"type":"Feature","properties":{"k":"neben","name":"Hammerstrasse"},"geometry":{"type":"LineString","coordinates":[[7.596748,47.56276],[7.595582,47.56458],[7.595557,47.5655],[7.595384,47.566179]]}},{"type":"Feature","properties":{"k":"neben","name":"Hammerstrasse"},"geometry":{"type":"LineString","coordinates":[[7.595384,47.566179],[7.595265,47.566678]]}},{"type":"Feature","properties":{"k":"neben","name":"Homburgerstrasse"},"geometry":{"type":"LineString","coordinates":[[7.612152,47.556435],[7.612799,47.555112]]}},{"type":"Feature","properties":{"k":"haupt","name":"Zürcherstrasse"},"geometry":{"type":"LineString","coordinates":[[7.617315,47.555124],[7.617802,47.555038]]}},{"type":"Feature","properties":{"k":"haupt","name":"Zürcherstrasse"},"geometry":{"type":"LineString","coordinates":[[7.615272,47.555587],[7.615544,47.555457]]}},{"type":"Feature","properties":{"k":"neben","name":"Erlenstrasse"},"geometry":{"type":"LineString","coordinates":[[7.600161,47.568352],[7.598803,47.568112],[7.598272,47.568507],[7.597558,47.568525]]}},{"type":"Feature","properties":{"k":"haupt","name":"Schwarzwaldallee"},"geometry":{"type":"LineString","coordinates":[[7.604509,47.569648],[7.604556,47.569618],[7.60461,47.569552],[7.605071,47.568962]]}},{"type":"Feature","properties":{"k":"neben","name":"Erlenmattstrasse"},"geometry":{"type":"LineString","coordinates":[[7.602024,47.570249],[7.603535,47.569428]]}},{"type":"Feature","properties":{"k":"neben","name":"Erlenmattweg"},"geometry":{"type":"LineString","coordinates":[[7.601733,47.570233],[7.601851,47.569214]]}},{"type":"Feature","properties":{"k":"haupt","name":"Fasanenstrasse"},"geometry":{"type":"LineString","coordinates":[[7.611648,47.5726],[7.610899,47.572797],[7.609883,47.572917],[7.607531,47.572771]]}},{"type":"Feature","properties":{"k":"haupt","name":"Zürcherstrasse"},"geometry":{"type":"LineString","coordinates":[[7.616288,47.555508],[7.615835,47.555574]]}},{"type":"Feature","properties":{"k":"neben","name":"Maulbeerstrasse"},"geometry":{"type":"LineString","coordinates":[[7.605551,47.568437],[7.602624,47.567574]]}},{"type":"Feature","properties":{"k":"haupt","name":"Schwarzwaldallee"},"geometry":{"type":"LineString","coordinates":[[7.611958,47.560667],[7.612362,47.560049],[7.612367,47.560042],[7.612443,47.559921]]}},{"type":"Feature","properties":{"k":"haupt","name":"Schwarzwaldallee"},"geometry":{"type":"LineString","coordinates":[[7.605551,47.568437],[7.60565,47.568315],[7.605667,47.568292],[7.606055,47.567766]]}},{"type":"Feature","properties":{"k":"neben","name":"Eisenbahnweg"},"geometry":{"type":"LineString","coordinates":[[7.615638,47.559616],[7.615459,47.559587],[7.614214,47.559394],[7.614129,47.559382]]}},{"type":"Feature","properties":{"k":"haupt","name":"Grenzacherstrasse"},"geometry":{"type":"LineString","coordinates":[[7.618837,47.560363],[7.618431,47.560453],[7.618225,47.560688]]}},{"type":"Feature","properties":{"k":"neben"},"geometry":{"type":"LineString","coordinates":[[7.602337,47.583677],[7.602397,47.583914]]}},{"type":"Feature","properties":{"k":"neben"},"geometry":{"type":"LineString","coordinates":[[7.602397,47.583914],[7.602424,47.584043],[7.60244,47.584174],[7.602461,47.584475]]}},{"type":"Feature","properties":{"k":"neben","name":"Neuhausstrasse"},"geometry":{"type":"LineString","coordinates":[[7.601576,47.581513],[7.600998,47.581573]]}},{"type":"Feature","properties":{"k":"neben","name":"Neuhausstrasse"},"geometry":{"type":"LineString","coordinates":[[7.601809,47.581489],[7.601576,47.581513]]}},{"type":"Feature","properties":{"k":"neben","name":"Peter Rot-Strasse"},"geometry":{"type":"LineString","coordinates":[[7.604713,47.558044],[7.604553,47.558771],[7.604536,47.558849]]}},{"type":"Feature","properties":{"k":"neben","name":"Fischerweg"},"geometry":{"type":"LineString","coordinates":[[7.60235,47.558754],[7.602324,47.557735]]}},{"type":"Feature","properties":{"k":"neben","name":"Schaffhauserrheinweg"},"geometry":{"type":"LineString","coordinates":[[7.60082,47.557029],[7.602472,47.557077],[7.605127,47.55734],[7.605212,47.557438]]}},{"type":"Feature","properties":{"k":"haupt","name":"St. Alban-Graben"},"geometry":{"type":"LineString","coordinates":[[7.595173,47.555424],[7.595091,47.55531]]}},{"type":"Feature","properties":{"k":"haupt","name":"Grenzacherstrasse"},"geometry":{"type":"LineString","coordinates":[[7.599025,47.55909],[7.600106,47.558924],[7.602222,47.558756],[7.604536,47.558849]]}},{"type":"Feature","properties":{"k":"haupt","name":"Grenzacherstrasse"},"geometry":{"type":"LineString","coordinates":[[7.606539,47.559011],[7.605792,47.558965],[7.60474,47.558891]]}},{"type":"Feature","properties":{"k":"haupt","name":"Grenzacherstrasse"},"geometry":{"type":"LineString","coordinates":[[7.607782,47.559135],[7.606539,47.559011]]}},{"type":"Feature","properties":{"k":"haupt","name":"Grenzacherstrasse"},"geometry":{"type":"LineString","coordinates":[[7.607802,47.559056],[7.609252,47.559261]]}},{"type":"Feature","properties":{"k":"haupt","name":"Grenzacherstrasse"},"geometry":{"type":"LineString","coordinates":[[7.606547,47.558929],[7.607802,47.559056]]}},{"type":"Feature","properties":{"k":"haupt"},"geometry":{"type":"LineString","coordinates":[[7.599062,47.57689],[7.5991,47.578029]]}},{"type":"Feature","properties":{"k":"haupt","name":"Feldbergstrasse"},"geometry":{"type":"LineString","coordinates":[[7.5967,47.567277],[7.595185,47.567004]]}},{"type":"Feature","properties":{"k":"haupt","name":"Riehenring"},"geometry":{"type":"LineString","coordinates":[[7.597765,47.566267],[7.597756,47.566394],[7.597722,47.56667],[7.597686,47.566955]]}},{"type":"Feature","properties":{"k":"haupt","name":"Riehenring"},"geometry":{"type":"LineString","coordinates":[[7.597583,47.567428],[7.597593,47.566656],[7.597738,47.566173]]}},{"type":"Feature","properties":{"k":"haupt","name":"Hochbergerstrasse"},"geometry":{"type":"LineString","coordinates":[[7.595782,47.578369],[7.595714,47.57839],[7.595629,47.578444],[7.595536,47.578519]]}},{"type":"Feature","properties":{"k":"neben","name":"Badenstrasse"},"geometry":{"type":"LineString","coordinates":[[7.595932,47.578269],[7.596062,47.578518]]}},{"type":"Feature","properties":{"k":"neben","name":"Peter Rot-Strasse"},"geometry":{"type":"LineString","coordinates":[[7.60432,47.559863],[7.60415,47.561148]]}},{"type":"Feature","properties":{"k":"neben","name":"Isteinerstrasse"},"geometry":{"type":"LineString","coordinates":[[7.598534,47.567567],[7.599099,47.566659],[7.599109,47.566574]]}},{"type":"Feature","properties":{"k":"neben","name":"Theodorsgraben"},"geometry":{"type":"LineString","coordinates":[[7.599025,47.55909],[7.598256,47.558164]]}},{"type":"Feature","properties":{"k":"neben","name":"Fischerweg"},"geometry":{"type":"LineString","coordinates":[[7.602324,47.557735],[7.602343,47.557072]]}},{"type":"Feature","properties":{"k":"neben","name":"Chrischonastrasse"},"geometry":{"type":"LineString","coordinates":[[7.604008,47.559839],[7.602829,47.55975],[7.60192,47.559498]]}},{"type":"Feature","properties":{"k":"haupt","name":"Fasanenstrasse"},"geometry":{"type":"LineString","coordinates":[[7.604454,47.573291],[7.604216,47.573355],[7.604141,47.573375]]}},{"type":"Feature","properties":{"k":"haupt","name":"Fasanenstrasse"},"geometry":{"type":"LineString","coordinates":[[7.602499,47.573804],[7.601409,47.574256]]}},{"type":"Feature","properties":{"k":"haupt","name":"Mauerstrasse"},"geometry":{"type":"LineString","coordinates":[[7.601198,47.574304],[7.600925,47.574341],[7.600648,47.574351],[7.600477,47.574351]]}},{"type":"Feature","properties":{"k":"haupt","name":"Mauerstrasse"},"geometry":{"type":"LineString","coordinates":[[7.600477,47.574351],[7.600213,47.574348],[7.599954,47.574337]]}},{"type":"Feature","properties":{"k":"haupt","name":"Mauerstrasse"},"geometry":{"type":"LineString","coordinates":[[7.599954,47.574337],[7.599568,47.574312]]}},{"type":"Feature","properties":{"k":"haupt","name":"Mauerstrasse"},"geometry":{"type":"LineString","coordinates":[[7.599568,47.574312],[7.599325,47.574195]]}},{"type":"Feature","properties":{"k":"haupt","name":"Mauerstrasse"},"geometry":{"type":"LineString","coordinates":[[7.599325,47.574195],[7.599188,47.574049]]}},{"type":"Feature","properties":{"k":"haupt","name":"Hochbergerstrasse"},"geometry":{"type":"LineString","coordinates":[[7.59882,47.575719],[7.598749,47.575761],[7.598548,47.575872]]}},{"type":"Feature","properties":{"k":"neben","name":"Neuhausstrasse"},"geometry":{"type":"LineString","coordinates":[[7.600998,47.581573],[7.599385,47.58172],[7.597899,47.582085]]}},{"type":"Feature","properties":{"k":"neben","name":"Horburgstrasse"},"geometry":{"type":"LineString","coordinates":[[7.596466,47.571602],[7.597442,47.571959],[7.597988,47.571936]]}},{"type":"Feature","properties":{"k":"haupt","name":"Mauerstrasse"},"geometry":{"type":"LineString","coordinates":[[7.596443,47.573711],[7.596656,47.573713],[7.597719,47.573723],[7.597917,47.573726]]}},{"type":"Feature","properties":{"k":"haupt","name":"Riehenring"},"geometry":{"type":"LineString","coordinates":[[7.597899,47.571629],[7.597654,47.570139]]}},{"type":"Feature","properties":{"k":"haupt","name":"Riehenring"},"geometry":{"type":"LineString","coordinates":[[7.597738,47.566173],[7.597749,47.566201],[7.597765,47.566267]]}},{"type":"Feature","properties":{"k":"neben","name":"Rosentalstrasse"},"geometry":{"type":"LineString","coordinates":[[7.603296,47.564662],[7.604693,47.565353]]}},{"type":"Feature","properties":{"k":"neben"},"geometry":{"type":"LineString","coordinates":[[7.600228,47.579412],[7.600519,47.57997],[7.601384,47.580979]]}},{"type":"Feature","properties":{"k":"neben"},"geometry":{"type":"LineString","coordinates":[[7.601384,47.580979],[7.6017,47.581256]]}},{"type":"Feature","properties":{"k":"haupt"},"geometry":{"type":"LineString","coordinates":[[7.598609,47.571581],[7.598737,47.572161],[7.598665,47.572591]]}},{"type":"Feature","properties":{"k":"haupt"},"geometry":{"type":"LineString","coordinates":[[7.597511,47.570867],[7.598297,47.571238],[7.598609,47.571581]]}},{"type":"Feature","properties":{"k":"haupt"},"geometry":{"type":"LineString","coordinates":[[7.598985,47.578036],[7.598939,47.576883]]}},{"type":"Feature","properties":{"k":"haupt"},"geometry":{"type":"LineString","coordinates":[[7.601002,47.581654],[7.601428,47.582651],[7.601725,47.58351]]}},{"type":"Feature","properties":{"k":"haupt"},"geometry":{"type":"LineString","coordinates":[[7.601725,47.58351],[7.602177,47.58607]]}},{"type":"Feature","properties":{"k":"haupt"},"geometry":{"type":"LineString","coordinates":[[7.600897,47.581689],[7.60051,47.580884]]}},{"type":"Feature","properties":{"k":"haupt"},"geometry":{"type":"LineString","coordinates":[[7.614515,47.557414],[7.613906,47.558346]]}},{"type":"Feature","properties":{"k":"haupt"},"geometry":{"type":"LineString","coordinates":[[7.5991,47.578029],[7.599567,47.579145]]}},{"type":"Feature","properties":{"k":"neben","name":"Peter Rot-Strasse"},"geometry":{"type":"LineString","coordinates":[[7.60415,47.561148],[7.60413,47.561274]]}},{"type":"Feature","properties":{"k":"haupt","name":"Grenzacherstrasse"},"geometry":{"type":"LineString","coordinates":[[7.617523,47.561234],[7.616155,47.560936]]}},{"type":"Feature","properties":{"k":"neben","name":"Claragraben"},"geometry":{"type":"LineString","coordinates":[[7.596839,47.559922],[7.597825,47.559459],[7.598062,47.559257]]}},{"type":"Feature","properties":{"k":"haupt","name":"Grenzacherstrasse"},"geometry":{"type":"LineString","coordinates":[[7.599025,47.55909],[7.598698,47.55925]]}},{"type":"Feature","properties":{"k":"haupt","name":"Zürcherstrasse"},"geometry":{"type":"LineString","coordinates":[[7.61625,47.555302],[7.61644,47.555261],[7.616766,47.555214],[7.617315,47.555124]]}},{"type":"Feature","properties":{"k":"neben","name":"Baldeggerstrasse"},"geometry":{"type":"LineString","coordinates":[[7.615169,47.555461],[7.615271,47.555411],[7.615333,47.555374]]}},{"type":"Feature","properties":{"k":"neben","name":"Riehentorstrasse"},"geometry":{"type":"LineString","coordinates":[[7.595984,47.559453],[7.596839,47.559922]]}},{"type":"Feature","properties":{"k":"neben","name":"St. Alban-Rheinweg"},"geometry":{"type":"LineString","coordinates":[[7.611532,47.556288],[7.612152,47.556435]]}},{"type":"Feature","properties":{"k":"neben","name":"St. Alban-Rheinweg"},"geometry":{"type":"LineString","coordinates":[[7.611532,47.556288],[7.610632,47.55607]]}},{"type":"Feature","properties":{"k":"neben","name":"Farnsburgerstrasse"},"geometry":{"type":"LineString","coordinates":[[7.613438,47.555432],[7.61341,47.555483],[7.612785,47.556593]]}},{"type":"Feature","properties":{"k":"neben","name":"St. Alban-Rheinweg"},"geometry":{"type":"LineString","coordinates":[[7.60961,47.555864],[7.610483,47.55604],[7.610632,47.55607]]}},{"type":"Feature","properties":{"k":"neben","name":"St. Alban-Rheinweg"},"geometry":{"type":"LineString","coordinates":[[7.60961,47.555864],[7.608766,47.555697]]}},{"type":"Feature","properties":{"k":"neben","name":"St. Alban-Rheinweg"},"geometry":{"type":"LineString","coordinates":[[7.614158,47.556952],[7.612785,47.556593]]}},{"type":"Feature","properties":{"k":"neben","name":"St. Alban-Rheinweg"},"geometry":{"type":"LineString","coordinates":[[7.605131,47.555179],[7.606896,47.55534],[7.608766,47.555697]]}},{"type":"Feature","properties":{"k":"haupt"},"geometry":{"type":"LineString","coordinates":[[7.601916,47.57375],[7.601557,47.5741],[7.600997,47.574388],[7.600301,47.574504],[7.599842,47.574477],[7.599175,47.574268],[7.598734,47.573945],[7.598452,47.573497],[7.598405,47.573073]]}},{"type":"Feature","properties":{"k":"haupt","name":"Bäumlihofstrasse"},"geometry":{"type":"LineString","coordinates":[[7.620801,47.566705],[7.621568,47.567069]]}},{"type":"Feature","properties":{"k":"haupt","name":"Freiburgerstrasse"},"geometry":{"type":"LineString","coordinates":[[7.604312,47.580602],[7.60444,47.580715]]}},{"type":"Feature","properties":{"k":"haupt","name":"Schwarzwaldallee"},"geometry":{"type":"LineString","coordinates":[[7.61271,47.559373],[7.612785,47.559226],[7.61288,47.559082]]}},{"type":"Feature","properties":{"k":"neben","name":"Badenstrasse"},"geometry":{"type":"LineString","coordinates":[[7.596693,47.579797],[7.596938,47.58014]]}},{"type":"Feature","properties":{"k":"haupt"},"geometry":{"type":"LineString","coordinates":[[7.598577,47.573378],[7.59882,47.57375],[7.59936,47.57407]]}},{"type":"Feature","properties":{"k":"haupt"},"geometry":{"type":"LineString","coordinates":[[7.611346,47.561609],[7.612841,47.559496]]}},{"type":"Feature","properties":{"k":"haupt"},"geometry":{"type":"LineString","coordinates":[[7.612841,47.559496],[7.612957,47.559364],[7.613262,47.558897]]}},{"type":"Feature","properties":{"k":"neben","name":"Neuhausstrasse"},"geometry":{"type":"LineString","coordinates":[[7.602966,47.581378],[7.602789,47.581394]]}},{"type":"Feature","properties":{"k":"neben","name":"Neuhausstrasse"},"geometry":{"type":"LineString","coordinates":[[7.603614,47.581316],[7.602966,47.581378]]}},{"type":"Feature","properties":{"k":"neben"},"geometry":{"type":"LineString","coordinates":[[7.6017,47.581256],[7.601809,47.581489]]}},{"type":"Feature","properties":{"k":"neben","name":"Im Surinam"},"geometry":{"type":"LineString","coordinates":[[7.610914,47.567161],[7.610961,47.567104],[7.610982,47.567082],[7.611027,47.567029]]}},{"type":"Feature","properties":{"k":"haupt","name":"Zürcherstrasse"},"geometry":{"type":"LineString","coordinates":[[7.613618,47.555313],[7.613841,47.55537],[7.614067,47.555418],[7.614137,47.555431]]}},{"type":"Feature","properties":{"k":"haupt","name":"Schwarzwaldallee"},"geometry":{"type":"LineString","coordinates":[[7.607746,47.56557],[7.607826,47.56547]]}},{"type":"Feature","properties":{"k":"haupt","name":"Schwarzwaldallee"},"geometry":{"type":"LineString","coordinates":[[7.603456,47.571235],[7.603154,47.5724],[7.602667,47.57306],[7.602261,47.573363]]}},{"type":"Feature","properties":{"k":"haupt","name":"Schwarzwaldallee"},"geometry":{"type":"LineString","coordinates":[[7.603456,47.571235],[7.603788,47.570783],[7.604333,47.570087],[7.604366,47.570045]]}},{"type":"Feature","properties":{"k":"haupt","name":"Schwarzwaldallee"},"geometry":{"type":"LineString","coordinates":[[7.607505,47.566009],[7.607581,47.565871],[7.607632,47.565779]]}},{"type":"Feature","properties":{"k":"haupt","name":"Riehenstrasse"},"geometry":{"type":"LineString","coordinates":[[7.607318,47.565635],[7.607453,47.565692],[7.607499,47.565712],[7.607632,47.565779]]}},{"type":"Feature","properties":{"k":"haupt","name":"Riehenstrasse"},"geometry":{"type":"LineString","coordinates":[[7.60654,47.565331],[7.606877,47.56548]]}},{"type":"Feature","properties":{"k":"haupt","name":"Riehenstrasse"},"geometry":{"type":"LineString","coordinates":[[7.603598,47.563734],[7.60654,47.565331]]}},{"type":"Feature","properties":{"k":"haupt","name":"Riehenstrasse"},"geometry":{"type":"LineString","coordinates":[[7.606877,47.56548],[7.607318,47.565635]]}},{"type":"Feature","properties":{"k":"haupt","name":"Riehenstrasse"},"geometry":{"type":"LineString","coordinates":[[7.607856,47.565849],[7.607986,47.565884],[7.608025,47.565898],[7.608172,47.565956]]}},{"type":"Feature","properties":{"k":"haupt","name":"Schwarzwaldstrasse"},"geometry":{"type":"LineString","coordinates":[[7.608542,47.565318],[7.608369,47.56548],[7.608287,47.56555]]}},{"type":"Feature","properties":{"k":"haupt","name":"Schwarzwaldstrasse"},"geometry":{"type":"LineString","coordinates":[[7.608083,47.565719],[7.608022,47.565761],[7.607998,47.565778],[7.607856,47.565849]]}},{"type":"Feature","properties":{"k":"haupt","name":"Schwarzwaldstrasse"},"geometry":{"type":"LineString","coordinates":[[7.607856,47.565849],[7.607699,47.565921],[7.607686,47.565927],[7.607505,47.566009]]}},{"type":"Feature","properties":{"k":"haupt","name":"Schwarzwaldallee"},"geometry":{"type":"LineString","coordinates":[[7.607505,47.566009],[7.607474,47.566046],[7.607178,47.566387],[7.607141,47.566432]]}},{"type":"Feature","properties":{"k":"haupt","name":"Schwarzwaldallee"},"geometry":{"type":"LineString","coordinates":[[7.609324,47.563729],[7.609715,47.563232],[7.609852,47.563062]]}},{"type":"Feature","properties":{"k":"haupt","name":"Schwarzwaldstrasse"},"geometry":{"type":"LineString","coordinates":[[7.609498,47.564009],[7.609466,47.564073],[7.60922,47.564418],[7.609192,47.564493]]}},{"type":"Feature","properties":{"k":"haupt","name":"Schwarzwaldstrasse"},"geometry":{"type":"LineString","coordinates":[[7.609192,47.564493],[7.609031,47.564694]]}},{"type":"Feature","properties":{"k":"haupt","name":"Wettsteinallee"},"geometry":{"type":"LineString","coordinates":[[7.609477,47.561941],[7.610615,47.562297]]}},{"type":"Feature","properties":{"k":"haupt","name":"Bäumlihofstrasse"},"geometry":{"type":"LineString","coordinates":[[7.610847,47.562377],[7.610978,47.562423],[7.611303,47.562542]]}},{"type":"Feature","properties":{"k":"haupt","name":"Wettsteinallee"},"geometry":{"type":"LineString","coordinates":[[7.609477,47.561941],[7.607963,47.561614],[7.605154,47.561212]]}},{"type":"Feature","properties":{"k":"haupt","name":"Schwarzwaldallee"},"geometry":{"type":"LineString","coordinates":[[7.609852,47.563062],[7.610016,47.562886],[7.610203,47.562686]]}},{"type":"Feature","properties":{"k":"haupt","name":"Schwarzwaldallee"},"geometry":{"type":"LineString","coordinates":[[7.610203,47.562686],[7.61044,47.56244],[7.610615,47.562297]]}},{"type":"Feature","properties":{"k":"haupt","name":"Bäumlihofstrasse"},"geometry":{"type":"LineString","coordinates":[[7.610725,47.562335],[7.610847,47.562377]]}},{"type":"Feature","properties":{"k":"haupt","name":"Schwarzwaldstrasse"},"geometry":{"type":"LineString","coordinates":[[7.612247,47.560675],[7.611383,47.56182],[7.610847,47.562377]]}},{"type":"Feature","properties":{"k":"haupt","name":"Grenzacherstrasse"},"geometry":{"type":"LineString","coordinates":[[7.610853,47.559584],[7.610469,47.559528],[7.610338,47.559506],[7.610144,47.559474]]}},{"type":"Feature","properties":{"k":"haupt","name":"Grenzacherstrasse"},"geometry":{"type":"LineString","coordinates":[[7.613865,47.560353],[7.612848,47.560047],[7.612765,47.560022]]}},{"type":"Feature","properties":{"k":"haupt","name":"Schwarzwaldallee"},"geometry":{"type":"LineString","coordinates":[[7.606503,47.567195],[7.606548,47.567142],[7.606737,47.566916],[7.606848,47.566783]]}},{"type":"Feature","properties":{"k":"haupt"},"geometry":{"type":"LineString","coordinates":[[7.600038,47.574157],[7.600848,47.573978],[7.601633,47.573501]]}},{"type":"Feature","properties":{"k":"neben","name":"Tangentenweg"},"geometry":{"type":"LineString","coordinates":[[7.598416,47.568425],[7.599248,47.57314]]}},{"type":"Feature","properties":{"k":"neben","name":"Badenstrasse"},"geometry":{"type":"LineString","coordinates":[[7.597656,47.582021],[7.59765,47.581813]]}},{"type":"Feature","properties":{"k":"neben","name":"Badenstrasse"},"geometry":{"type":"LineString","coordinates":[[7.59765,47.581813],[7.596848,47.580293],[7.596693,47.579797]]}},{"type":"Feature","properties":{"k":"neben","name":"Neuhausstrasse"},"geometry":{"type":"LineString","coordinates":[[7.597522,47.582171],[7.597535,47.582168],[7.597581,47.582156]]}},{"type":"Feature","properties":{"k":"neben","name":"Neuhausstrasse"},"geometry":{"type":"LineString","coordinates":[[7.597395,47.582204],[7.597449,47.582189],[7.597522,47.582171]]}},{"type":"Feature","properties":{"k":"neben","name":"Neuhausstrasse"},"geometry":{"type":"LineString","coordinates":[[7.597843,47.582031],[7.597883,47.582176],[7.597636,47.582208],[7.597615,47.582043],[7.597843,47.582031]]}},{"type":"Feature","properties":{"k":"neben","name":"Max Kämpf-Platz"},"geometry":{"type":"LineString","coordinates":[[7.600033,47.569898],[7.59881,47.569889],[7.598781,47.569884],[7.598655,47.56986]]}},{"type":"Feature","properties":{"k":"haupt"},"geometry":{"type":"LineString","coordinates":[[7.595923,47.578236],[7.595833,47.578363],[7.595644,47.578302],[7.595736,47.578175],[7.595923,47.578236]]}},{"type":"Feature","properties":{"k":"haupt","name":"Zürcherstrasse"},"geometry":{"type":"LineString","coordinates":[[7.61537,47.555644],[7.615215,47.555671]]}},{"type":"Feature","properties":{"k":"haupt"},"geometry":{"type":"LineString","coordinates":[[7.615215,47.555671],[7.615243,47.555631],[7.615272,47.555587]]}},{"type":"Feature","properties":{"k":"haupt","name":"Zürcherstrasse"},"geometry":{"type":"LineString","coordinates":[[7.615215,47.555671],[7.6151,47.555689]]}},{"type":"Feature","properties":{"k":"haupt","name":"Zürcherstrasse"},"geometry":{"type":"LineString","coordinates":[[7.6151,47.555689],[7.614071,47.55563]]}},{"type":"Feature","properties":{"k":"haupt","name":"Schwarzwaldallee"},"geometry":{"type":"LineString","coordinates":[[7.601142,47.574234],[7.601029,47.574438]]}},{"type":"Feature","properties":{"k":"haupt"},"geometry":{"type":"LineString","coordinates":[[7.59936,47.57407],[7.600038,47.574157]]}},{"type":"Feature","properties":{"k":"haupt","name":"Schwarzwaldallee"},"geometry":{"type":"LineString","coordinates":[[7.607632,47.565779],[7.6077,47.565649],[7.607746,47.56557]]}},{"type":"Feature","properties":{"k":"neben","name":"Am Bahndamm"},"geometry":{"type":"LineString","coordinates":[[7.607531,47.572771],[7.607445,47.572466]]}},{"type":"Feature","properties":{"k":"neben","name":"Egliseestrasse"},"geometry":{"type":"LineString","coordinates":[[7.614785,47.570377],[7.612225,47.569898]]}},{"type":"Feature","properties":{"k":"haupt","name":"Fasanenstrasse"},"geometry":{"type":"LineString","coordinates":[[7.605044,47.573143],[7.604961,47.573164]]}},{"type":"Feature","properties":{"k":"haupt","name":"Fasanenstrasse"},"geometry":{"type":"LineString","coordinates":[[7.613434,47.572115],[7.611648,47.5726]]}},{"type":"Feature","properties":{"k":"haupt","name":"Fasanenstrasse"},"geometry":{"type":"LineString","coordinates":[[7.607531,47.572771],[7.606477,47.57281],[7.605458,47.573035]]}},{"type":"Feature","properties":{"k":"neben","name":"Im Surinam"},"geometry":{"type":"LineString","coordinates":[[7.609161,47.569656],[7.60911,47.569717],[7.609078,47.569755]]}},{"type":"Feature","properties":{"k":"neben","name":"Im Surinam"},"geometry":{"type":"LineString","coordinates":[[7.609078,47.569755],[7.608976,47.56987]]}},{"type":"Feature","properties":{"k":"neben","name":"Maulbeerstrasse"},"geometry":{"type":"LineString","coordinates":[[7.609032,47.569631],[7.609161,47.569656]]}},{"type":"Feature","properties":{"k":"neben","name":"Schwarzwaldallee"},"geometry":{"type":"LineString","coordinates":[[7.610615,47.562297],[7.610305,47.562443],[7.609673,47.563054]]}},{"type":"Feature","properties":{"k":"neben","name":"Zu den drei Linden"},"geometry":{"type":"LineString","coordinates":[[7.625839,47.567977],[7.625818,47.5681],[7.625115,47.568761]]}},{"type":"Feature","properties":{"k":"haupt","name":"Zürcherstrasse"},"geometry":{"type":"LineString","coordinates":[[7.615835,47.555574],[7.61537,47.555644]]}},{"type":"Feature","properties":{"k":"haupt"},"geometry":{"type":"LineString","coordinates":[[7.615835,47.555574],[7.615456,47.555893]]}},{"type":"Feature","properties":{"k":"haupt","name":"Freiburgerstrasse"},"geometry":{"type":"LineString","coordinates":[[7.602876,47.576837],[7.602954,47.577289],[7.602986,47.577474],[7.603013,47.577635]]}},{"type":"Feature","properties":{"k":"haupt"},"geometry":{"type":"LineString","coordinates":[[7.600375,47.580433],[7.600588,47.58079],[7.600831,47.581268],[7.601002,47.581654]]}},{"type":"Feature","properties":{"k":"neben","name":"St. Alban-Rheinweg"},"geometry":{"type":"LineString","coordinates":[[7.603687,47.555104],[7.603805,47.555118]]}},{"type":"Feature","properties":{"k":"neben","name":"Birsfelderstrasse"},"geometry":{"type":"LineString","coordinates":[[7.615444,47.557242],[7.616136,47.555778]]}},{"type":"Feature","properties":{"k":"neben","name":"Beuggenstrasse"},"geometry":{"type":"LineString","coordinates":[[7.611047,47.561173],[7.610906,47.561129],[7.610786,47.561096]]}},{"type":"Feature","properties":{"k":"neben","name":"Grenzstrasse"},"geometry":{"type":"LineString","coordinates":[[7.60165,47.583496],[7.601973,47.584988],[7.601803,47.585492]]}},{"type":"Feature","properties":{"k":"haupt","name":"Hochbergerstrasse"},"geometry":{"type":"LineString","coordinates":[[7.598956,47.575621],[7.59882,47.575719]]}},{"type":"Feature","properties":{"k":"haupt","name":"Riehenring"},"geometry":{"type":"LineString","coordinates":[[7.598958,47.575103],[7.599035,47.575358],[7.599089,47.575536]]}},{"type":"Feature","properties":{"k":"neben","name":"Neuhausstrasse"},"geometry":{"type":"LineString","coordinates":[[7.602128,47.581458],[7.601809,47.581489]]}},{"type":"Feature","properties":{"k":"haupt"},"geometry":{"type":"LineString","coordinates":[[7.598962,47.576743],[7.59923,47.575939]]}},{"type":"Feature","properties":{"k":"haupt"},"geometry":{"type":"LineString","coordinates":[[7.599842,47.575025],[7.600838,47.57414]]}},{"type":"Feature","properties":{"k":"haupt"},"geometry":{"type":"LineString","coordinates":[[7.599621,47.575454],[7.599327,47.575971]]}},{"type":"Feature","properties":{"k":"neben"},"geometry":{"type":"LineString","coordinates":[[7.600149,47.579251],[7.600228,47.579412]]}},{"type":"Feature","properties":{"k":"neben","name":"Laufenburgerstrasse"},"geometry":{"type":"LineString","coordinates":[[7.612351,47.569513],[7.612812,47.569674],[7.613463,47.569831]]}},{"type":"Feature","properties":{"k":"neben","name":"Säckingerstrasse"},"geometry":{"type":"LineString","coordinates":[[7.612351,47.569513],[7.61259,47.568939],[7.612255,47.568876]]}},{"type":"Feature","properties":{"k":"neben","name":"Laufenburgerstrasse"},"geometry":{"type":"LineString","coordinates":[[7.61084,47.568756],[7.610994,47.569205],[7.612351,47.569513]]}},{"type":"Feature","properties":{"k":"neben","name":"Waldshuterstrasse"},"geometry":{"type":"LineString","coordinates":[[7.614349,47.569652],[7.61427,47.569816]]}},{"type":"Feature","properties":{"k":"haupt","name":"Hochbergerstrasse"},"geometry":{"type":"LineString","coordinates":[[7.599089,47.575536],[7.598956,47.575621]]}},{"type":"Feature","properties":{"k":"haupt","name":"Schwarzwaldallee"},"geometry":{"type":"LineString","coordinates":[[7.60071,47.574934],[7.600688,47.574899]]}},{"type":"Feature","properties":{"k":"haupt","name":"Schwarzwaldallee"},"geometry":{"type":"LineString","coordinates":[[7.600688,47.574899],[7.600665,47.574854],[7.600655,47.574817],[7.600659,47.574763]]}},{"type":"Feature","properties":{"k":"haupt","name":"Schwarzwaldallee"},"geometry":{"type":"LineString","coordinates":[[7.601029,47.574438],[7.601001,47.57449]]}},{"type":"Feature","properties":{"k":"haupt","name":"Schwarzwaldallee"},"geometry":{"type":"LineString","coordinates":[[7.60086,47.574359],[7.600937,47.574232]]}},{"type":"Feature","properties":{"k":"neben","name":"Signalstrasse"},"geometry":{"type":"LineString","coordinates":[[7.600937,47.574232],[7.600817,47.574232],[7.600582,47.574237]]}},{"type":"Feature","properties":{"k":"haupt","name":"Schwarzwaldallee"},"geometry":{"type":"LineString","coordinates":[[7.600937,47.574232],[7.601632,47.573325]]}},{"type":"Feature","properties":{"k":"neben"},"geometry":{"type":"LineString","coordinates":[[7.601963,47.582421],[7.601932,47.582799],[7.602337,47.583677]]}},{"type":"Feature","properties":{"k":"haupt","name":"Riehenring"},"geometry":{"type":"LineString","coordinates":[[7.59826,47.573202],[7.598195,47.572896]]}},{"type":"Feature","properties":{"k":"haupt","name":"Riehenring"},"geometry":{"type":"LineString","coordinates":[[7.598038,47.572127],[7.598016,47.572038],[7.597988,47.571936]]}},{"type":"Feature","properties":{"k":"haupt","name":"Riehenring"},"geometry":{"type":"LineString","coordinates":[[7.598195,47.572896],[7.598169,47.572773],[7.598038,47.572127]]}},{"type":"Feature","properties":{"k":"haupt","name":"Riehenring"},"geometry":{"type":"LineString","coordinates":[[7.597988,47.571936],[7.597945,47.571832]]}},{"type":"Feature","properties":{"k":"haupt"},"geometry":{"type":"LineString","coordinates":[[7.603218,47.571839],[7.603202,47.571869]]}},{"type":"Feature","properties":{"k":"haupt","name":"Schwarzwaldallee"},"geometry":{"type":"LineString","coordinates":[[7.601933,47.572905],[7.602733,47.571888],[7.603456,47.571235]]}},{"type":"Feature","properties":{"k":"haupt","name":"Hochbergerstrasse"},"geometry":{"type":"LineString","coordinates":[[7.600361,47.575048],[7.600117,47.575117],[7.599955,47.575168],[7.599862,47.575201]]}},{"type":"Feature","properties":{"k":"haupt","name":"Hochbergerstrasse"},"geometry":{"type":"LineString","coordinates":[[7.597972,47.576177],[7.597223,47.576655]]}},{"type":"Feature","properties":{"k":"haupt","name":"Hochbergerstrasse"},"geometry":{"type":"LineString","coordinates":[[7.599862,47.575201],[7.599588,47.575293]]}},{"type":"Feature","properties":{"k":"haupt","name":"Freiburgerstrasse"},"geometry":{"type":"LineString","coordinates":[[7.601653,47.575589],[7.602681,47.576164],[7.602876,47.576837]]}},{"type":"Feature","properties":{"k":"haupt","name":"Freiburgerstrasse"},"geometry":{"type":"LineString","coordinates":[[7.601392,47.575457],[7.601489,47.575506],[7.601653,47.575589]]}},{"type":"Feature","properties":{"k":"haupt","name":"Freiburgerstrasse"},"geometry":{"type":"LineString","coordinates":[[7.601178,47.575336],[7.601296,47.575403],[7.601392,47.575457]]}},{"type":"Feature","properties":{"k":"haupt","name":"Bäumlihofstrasse"},"geometry":{"type":"LineString","coordinates":[[7.61323,47.563237],[7.614931,47.563928],[7.619853,47.566271]]}},{"type":"Feature","properties":{"k":"haupt","name":"Wettsteinallee"},"geometry":{"type":"LineString","coordinates":[[7.60415,47.561148],[7.605154,47.561212]]}},{"type":"Feature","properties":{"k":"haupt","name":"Wettsteinallee"},"geometry":{"type":"LineString","coordinates":[[7.605154,47.561212],[7.606524,47.56132],[7.607826,47.561512],[7.609202,47.561813],[7.609477,47.561941]]}},{"type":"Feature","properties":{"k":"haupt","name":"Grenzacherstrasse"},"geometry":{"type":"LineString","coordinates":[[7.615001,47.560505],[7.615908,47.560766],[7.61614,47.560832]]}},{"type":"Feature","properties":{"k":"haupt","name":"Grenzacherstrasse"},"geometry":{"type":"LineString","coordinates":[[7.614728,47.560544],[7.614463,47.560508],[7.613865,47.560353]]}},{"type":"Feature","properties":{"k":"haupt","name":"Grenzacherstrasse"},"geometry":{"type":"LineString","coordinates":[[7.612082,47.559674],[7.612513,47.55979]]}},{"type":"Feature","properties":{"k":"haupt","name":"Grenzacherstrasse"},"geometry":{"type":"LineString","coordinates":[[7.611206,47.559505],[7.61169,47.559569]]}},{"type":"Feature","properties":{"k":"haupt"},"geometry":{"type":"LineString","coordinates":[[7.61142,47.561748],[7.611039,47.562126],[7.61052,47.562649]]}},{"type":"Feature","properties":{"k":"neben","name":"Signalstrasse"},"geometry":{"type":"LineString","coordinates":[[7.600582,47.574237],[7.600302,47.574144],[7.600299,47.573999],[7.600431,47.573917],[7.601032,47.573831],[7.604102,47.569939],[7.60433,47.569797]]}},{"type":"Feature","properties":{"k":"haupt","name":"Schwarzwaldtunnel"},"geometry":{"type":"LineString","coordinates":[[7.603665,47.570802],[7.60674,47.566969]]}},{"type":"Feature","properties":{"k":"haupt"},"geometry":{"type":"LineString","coordinates":[[7.603883,47.570798],[7.603613,47.571179]]}},{"type":"Feature","properties":{"k":"haupt"},"geometry":{"type":"LineString","coordinates":[[7.60051,47.580884],[7.600332,47.580553],[7.600244,47.580405]]}},{"type":"Feature","properties":{"k":"haupt","name":"Schwarzwaldallee"},"geometry":{"type":"LineString","coordinates":[[7.601474,47.573856],[7.601142,47.574234]]}},{"type":"Feature","properties":{"k":"haupt","name":"Schwarzwaldallee"},"geometry":{"type":"LineString","coordinates":[[7.601716,47.573697],[7.601593,47.573771]]}},{"type":"Feature","properties":{"k":"haupt","name":"Schwarzwaldallee"},"geometry":{"type":"LineString","coordinates":[[7.601593,47.573771],[7.601474,47.573856]]}},{"type":"Feature","properties":{"k":"neben","name":"Allmendstrasse"},"geometry":{"type":"LineString","coordinates":[[7.620801,47.566705],[7.62074,47.566787],[7.620718,47.566817]]}},{"type":"Feature","properties":{"k":"haupt","name":"Riehenring"},"geometry":{"type":"LineString","coordinates":[[7.598893,47.575394],[7.598768,47.574968]]}},{"type":"Feature","properties":{"k":"neben","name":"Clarastrasse"},"geometry":{"type":"LineString","coordinates":[[7.599074,47.56343],[7.599289,47.563488]]}},{"type":"Feature","properties":{"k":"haupt","name":"Riehenstrasse"},"geometry":{"type":"LineString","coordinates":[[7.611623,47.567362],[7.614031,47.568778],[7.61691,47.570309]]}},{"type":"Feature","properties":{"k":"haupt","name":"Freiburgerstrasse"},"geometry":{"type":"LineString","coordinates":[[7.604428,47.580946],[7.60439,47.580845],[7.60435,47.58073]]}},{"type":"Feature","properties":{"k":"haupt","name":"Freiburgerstrasse"},"geometry":{"type":"LineString","coordinates":[[7.604528,47.580927],[7.604556,47.581026],[7.604573,47.581109],[7.604598,47.581234]]}},{"type":"Feature","properties":{"k":"haupt","name":"Freiburgerstrasse"},"geometry":{"type":"LineString","coordinates":[[7.60444,47.580715],[7.604528,47.580927]]}},{"type":"Feature","properties":{"k":"haupt","name":"Freiburgerstrasse"},"geometry":{"type":"LineString","coordinates":[[7.60435,47.58073],[7.604312,47.580602]]}},{"type":"Feature","properties":{"k":"neben","name":"Alemannengasse"},"geometry":{"type":"LineString","coordinates":[[7.603905,47.557911],[7.603035,47.557723]]}},{"type":"Feature","properties":{"k":"neben","name":"Alemannengasse"},"geometry":{"type":"LineString","coordinates":[[7.603035,47.557723],[7.60083,47.557752],[7.598256,47.558164]]}},{"type":"Feature","properties":{"k":"neben","name":"Beuggenstrasse"},"geometry":{"type":"LineString","coordinates":[[7.61132,47.561321],[7.611091,47.561257],[7.611015,47.561236]]}},{"type":"Feature","properties":{"k":"neben","name":"Beuggenstrasse"},"geometry":{"type":"LineString","coordinates":[[7.610786,47.561096],[7.610235,47.560942]]}},{"type":"Feature","properties":{"k":"haupt","name":"Wettsteinstrasse"},"geometry":{"type":"LineString","coordinates":[[7.597945,47.558788],[7.597429,47.558164]]}},{"type":"Feature","properties":{"k":"haupt","name":"Wettsteinstrasse"},"geometry":{"type":"LineString","coordinates":[[7.597925,47.558564],[7.598127,47.558819],[7.598148,47.558845]]}},{"type":"Feature","properties":{"k":"haupt","name":"Schwarzwaldallee"},"geometry":{"type":"LineString","coordinates":[[7.604562,47.569842],[7.604366,47.570045]]}},{"type":"Feature","properties":{"k":"haupt","name":"Schwarzwaldallee"},"geometry":{"type":"LineString","coordinates":[[7.604366,47.570045],[7.604413,47.569848]]}},{"type":"Feature","properties":{"k":"neben","name":"Erlenstrasse"},"geometry":{"type":"LineString","coordinates":[[7.600161,47.568352],[7.604027,47.569587]]}},{"type":"Feature","properties":{"k":"haupt"},"geometry":{"type":"LineString","coordinates":[[7.604509,47.569648],[7.604657,47.569694],[7.604671,47.569777],[7.604413,47.569848],[7.604323,47.569725],[7.604509,47.569648]]}},{"type":"Feature","properties":{"k":"neben","name":"Erlenstrasse"},"geometry":{"type":"LineString","coordinates":[[7.604317,47.569749],[7.604202,47.569681],[7.604027,47.569587]]}},{"type":"Feature","properties":{"k":"neben","name":"Erlenstrasse"},"geometry":{"type":"LineString","coordinates":[[7.604027,47.569587],[7.604231,47.569631],[7.604313,47.569654],[7.604381,47.569675]]}},{"type":"Feature","properties":{"k":"haupt","name":"Wettsteinplatz"},"geometry":{"type":"LineString","coordinates":[[7.59865,47.559342],[7.598491,47.559419],[7.59827,47.559414]]}},{"type":"Feature","properties":{"k":"haupt","name":"Wettsteinplatz"},"geometry":{"type":"LineString","coordinates":[[7.598537,47.559021],[7.598698,47.55925]]}},{"type":"Feature","properties":{"k":"haupt","name":"Wettsteinplatz"},"geometry":{"type":"LineString","coordinates":[[7.598011,47.558939],[7.598148,47.558845]]}},{"type":"Feature","properties":{"k":"haupt","name":"Wettsteinplatz"},"geometry":{"type":"LineString","coordinates":[[7.598062,47.559257],[7.598057,47.559227],[7.598045,47.559154]]}},{"type":"Feature","properties":{"k":"haupt","name":"Wettsteinplatz"},"geometry":{"type":"LineString","coordinates":[[7.598045,47.559154],[7.598017,47.558979],[7.598011,47.558939]]}},{"type":"Feature","properties":{"k":"haupt","name":"Wettsteinplatz"},"geometry":{"type":"LineString","coordinates":[[7.598178,47.559375],[7.598062,47.559257]]}},{"type":"Feature","properties":{"k":"haupt","name":"Wettsteinplatz"},"geometry":{"type":"LineString","coordinates":[[7.598698,47.55925],[7.598692,47.559281],[7.598675,47.559312],[7.59865,47.559342]]}},{"type":"Feature","properties":{"k":"haupt","name":"Mauerstrasse"},"geometry":{"type":"LineString","coordinates":[[7.597917,47.573726],[7.598293,47.573669]]}},{"type":"Feature","properties":{"k":"haupt","name":"Mauerstrasse"},"geometry":{"type":"LineString","coordinates":[[7.598317,47.573807],[7.597917,47.573726]]}},{"type":"Feature","properties":{"k":"haupt","name":"Mauerstrasse"},"geometry":{"type":"LineString","coordinates":[[7.599113,47.573978],[7.598937,47.573891],[7.598821,47.573851],[7.598726,47.573833]]}},{"type":"Feature","properties":{"k":"haupt","name":"Mauerstrasse"},"geometry":{"type":"LineString","coordinates":[[7.598789,47.573737],[7.599113,47.573978]]}},{"type":"Feature","properties":{"k":"haupt","name":"Riehenring"},"geometry":{"type":"LineString","coordinates":[[7.598283,47.573365],[7.59826,47.573202]]}},{"type":"Feature","properties":{"k":"haupt","name":"Riehenring"},"geometry":{"type":"LineString","coordinates":[[7.598283,47.573365],[7.598491,47.573551]]}},{"type":"Feature","properties":{"k":"haupt","name":"Schwarzwaldstrasse"},"geometry":{"type":"LineString","coordinates":[[7.609031,47.564694],[7.608905,47.564855],[7.608542,47.565318]]}},{"type":"Feature","properties":{"k":"haupt","name":"Riehenstrasse"},"geometry":{"type":"LineString","coordinates":[[7.602432,47.563212],[7.603598,47.563734]]}},{"type":"Feature","properties":{"k":"haupt","name":"Schwarzwaldstrasse"},"geometry":{"type":"LineString","coordinates":[[7.608287,47.56555],[7.608163,47.565656],[7.608083,47.565719]]}},{"type":"Feature","properties":{"k":"haupt","name":"Riehenstrasse"},"geometry":{"type":"LineString","coordinates":[[7.608172,47.565956],[7.608372,47.566034]]}},{"type":"Feature","properties":{"k":"haupt","name":"Schwarzwaldtunnel"},"geometry":{"type":"LineString","coordinates":[[7.60674,47.566969],[7.606969,47.566688],[7.607109,47.566523],[7.608281,47.565147]]}},{"type":"Feature","properties":{"k":"haupt","name":"Hochbergerstrasse"},"geometry":{"type":"LineString","coordinates":[[7.595536,47.578519],[7.595575,47.578425],[7.595622,47.578342],[7.595638,47.578285]]}},{"type":"Feature","properties":{"k":"neben","name":"Badenstrasse"},"geometry":{"type":"LineString","coordinates":[[7.596446,47.579286],[7.596693,47.579797]]}},{"type":"Feature","properties":{"k":"neben","name":"Badenstrasse"},"geometry":{"type":"LineString","coordinates":[[7.596062,47.578518],[7.595833,47.578363]]}},{"type":"Feature","properties":{"k":"haupt","name":"Hochbergerstrasse"},"geometry":{"type":"LineString","coordinates":[[7.596015,47.577738],[7.595923,47.578236]]}},{"type":"Feature","properties":{"k":"haupt","name":"Hochbergerstrasse"},"geometry":{"type":"LineString","coordinates":[[7.595673,47.578204],[7.596015,47.577738]]}},{"type":"Feature","properties":{"k":"neben","name":"Schwarzwaldallee"},"geometry":{"type":"LineString","coordinates":[[7.609673,47.563054],[7.609732,47.563056],[7.609852,47.563062]]}},{"type":"Feature","properties":{"k":"haupt","name":"Grenzacherstrasse"},"geometry":{"type":"LineString","coordinates":[[7.611424,47.559678],[7.610853,47.559584]]}},{"type":"Feature","properties":{"k":"neben","name":"Eisenbahnweg"},"geometry":{"type":"LineString","coordinates":[[7.614129,47.559382],[7.613943,47.559387],[7.613865,47.559461]]}},{"type":"Feature","properties":{"k":"haupt"},"geometry":{"type":"LineString","coordinates":[[7.600695,47.574371],[7.599621,47.575454]]}},{"type":"Feature","properties":{"k":"haupt","name":"Schwarzwaldallee"},"geometry":{"type":"LineString","coordinates":[[7.607826,47.56547],[7.607919,47.565354],[7.608419,47.564739],[7.608732,47.56437]]}},{"type":"Feature","properties":{"k":"neben","name":"Rosengartenweg"},"geometry":{"type":"LineString","coordinates":[[7.603268,47.559736],[7.603265,47.559793]]}},{"type":"Feature","properties":{"k":"neben","name":"Chrischonastrasse"},"geometry":{"type":"LineString","coordinates":[[7.604167,47.559852],[7.604008,47.559839]]}},{"type":"Feature","properties":{"k":"neben","name":"Rosentalstrasse"},"geometry":{"type":"LineString","coordinates":[[7.60682,47.566391],[7.604693,47.565353]]}},{"type":"Feature","properties":{"k":"haupt","name":"Schwarzwaldallee"},"geometry":{"type":"LineString","coordinates":[[7.607141,47.566432],[7.607127,47.566449],[7.607089,47.566496],[7.607048,47.566545]]}},{"type":"Feature","properties":{"k":"haupt","name":"Grenzacherstrasse"},"geometry":{"type":"LineString","coordinates":[[7.611635,47.559722],[7.611424,47.559678]]}},{"type":"Feature","properties":{"k":"haupt","name":"Grenzacherstrasse"},"geometry":{"type":"LineString","coordinates":[[7.60827,47.559187],[7.607782,47.559135]]}},{"type":"Feature","properties":{"k":"haupt","name":"Grenzacherstrasse"},"geometry":{"type":"LineString","coordinates":[[7.609252,47.559261],[7.610018,47.559364]]}},{"type":"Feature","properties":{"k":"haupt","name":"Grenzacherstrasse"},"geometry":{"type":"LineString","coordinates":[[7.612568,47.559804],[7.612672,47.559832]]}},{"type":"Feature","properties":{"k":"haupt","name":"Grenzacherstrasse"},"geometry":{"type":"LineString","coordinates":[[7.612582,47.559965],[7.612443,47.559921]]}},{"type":"Feature","properties":{"k":"haupt","name":"Grenzacherstrasse"},"geometry":{"type":"LineString","coordinates":[[7.612672,47.559832],[7.612887,47.55989]]}},{"type":"Feature","properties":{"k":"haupt","name":"Schwarzwaldstrasse"},"geometry":{"type":"LineString","coordinates":[[7.612887,47.55989],[7.612765,47.560022]]}},{"type":"Feature","properties":{"k":"haupt","name":"Schwarzwaldstrasse"},"geometry":{"type":"LineString","coordinates":[[7.61321,47.559528],[7.613174,47.559586]]}},{"type":"Feature","properties":{"k":"haupt","name":"Schwarzwaldstrasse"},"geometry":{"type":"LineString","coordinates":[[7.613295,47.559389],[7.61321,47.559528]]}},{"type":"Feature","properties":{"k":"haupt","name":"Schwarzwaldstrasse"},"geometry":{"type":"LineString","coordinates":[[7.613521,47.559032],[7.613413,47.559203]]}},{"type":"Feature","properties":{"k":"haupt","name":"Schwarzwaldstrasse"},"geometry":{"type":"LineString","coordinates":[[7.613174,47.559586],[7.612939,47.559836],[7.612887,47.55989]]}},{"type":"Feature","properties":{"k":"haupt"},"geometry":{"type":"LineString","coordinates":[[7.614434,47.556928],[7.614669,47.556492]]}},{"type":"Feature","properties":{"k":"haupt"},"geometry":{"type":"LineString","coordinates":[[7.614669,47.556492],[7.614935,47.556052]]}},{"type":"Feature","properties":{"k":"haupt"},"geometry":{"type":"LineString","coordinates":[[7.615044,47.556574],[7.614754,47.557027]]}},{"type":"Feature","properties":{"k":"haupt","name":"Zürcherstrasse"},"geometry":{"type":"LineString","coordinates":[[7.614137,47.555431],[7.614906,47.555482]]}},{"type":"Feature","properties":{"k":"haupt","name":"Zürcherstrasse"},"geometry":{"type":"LineString","coordinates":[[7.615273,47.55546],[7.615544,47.555457]]}},{"type":"Feature","properties":{"k":"neben","name":"Signalstrasse"},"geometry":{"type":"LineString","coordinates":[[7.600796,47.574483],[7.600582,47.574237]]}},{"type":"Feature","properties":{"k":"haupt"},"geometry":{"type":"LineString","coordinates":[[7.604463,47.581842],[7.604436,47.581296],[7.604438,47.58128]]}},{"type":"Feature","properties":{"k":"haupt","name":"Freiburgerstrasse"},"geometry":{"type":"LineString","coordinates":[[7.603013,47.577635],[7.60363,47.579506]]}},{"type":"Feature","properties":{"k":"haupt","name":"Hochbergerstrasse"},"geometry":{"type":"LineString","coordinates":[[7.599588,47.575293],[7.599089,47.575536]]}},{"type":"Feature","properties":{"k":"haupt","name":"Hochbergerstrasse"},"geometry":{"type":"LineString","coordinates":[[7.598548,47.575872],[7.597972,47.576177]]}},{"type":"Feature","properties":{"k":"haupt","name":"Hochbergerstrasse"},"geometry":{"type":"LineString","coordinates":[[7.597223,47.576655],[7.597148,47.576705],[7.596921,47.576852]]}},{"type":"Feature","properties":{"k":"haupt","name":"Hochbergerstrasse"},"geometry":{"type":"LineString","coordinates":[[7.596921,47.576852],[7.596385,47.57729],[7.596015,47.577738]]}},{"type":"Feature","properties":{"k":"haupt","name":"Schwarzwaldallee"},"geometry":{"type":"LineString","coordinates":[[7.605071,47.568962],[7.605551,47.568437]]}},{"type":"Feature","properties":{"k":"neben","name":"Claragraben"},"geometry":{"type":"LineString","coordinates":[[7.59561,47.560994],[7.596601,47.560065],[7.596751,47.559969],[7.596839,47.559922]]}},{"type":"Feature","properties":{"k":"haupt","name":"Hammerstrasse"},"geometry":{"type":"LineString","coordinates":[[7.597944,47.560238],[7.59788,47.560396],[7.597862,47.56044],[7.59782,47.560541]]}},{"type":"Feature","properties":{"k":"neben","name":"Isteinerstrasse"},"geometry":{"type":"LineString","coordinates":[[7.60021,47.564745],[7.600819,47.563775]]}},{"type":"Feature","properties":{"k":"neben","name":"Isteinerstrasse"},"geometry":{"type":"LineString","coordinates":[[7.600179,47.564795],[7.60021,47.564745]]}},{"type":"Feature","properties":{"k":"haupt","name":"Wiesenkreisel"},"geometry":{"type":"LineString","coordinates":[[7.598789,47.573737],[7.598726,47.573833]]}},{"type":"Feature","properties":{"k":"haupt","name":"Wiesenkreisel"},"geometry":{"type":"LineString","coordinates":[[7.598317,47.573807],[7.598293,47.573669]]}},{"type":"Feature","properties":{"k":"haupt","name":"Riehenring"},"geometry":{"type":"LineString","coordinates":[[7.597945,47.571832],[7.597899,47.571629]]}},{"type":"Feature","properties":{"k":"haupt","name":"Wiesenkreisel"},"geometry":{"type":"LineString","coordinates":[[7.598682,47.57386],[7.598375,47.573853]]}},{"type":"Feature","properties":{"k":"haupt","name":"Riehenring"},"geometry":{"type":"LineString","coordinates":[[7.597654,47.570139],[7.597639,47.569966],[7.597635,47.569881]]}},{"type":"Feature","properties":{"k":"haupt","name":"Wiesenkreisel"},"geometry":{"type":"LineString","coordinates":[[7.598565,47.573549],[7.598786,47.57369]]}},{"type":"Feature","properties":{"k":"neben","name":"Badenstrasse"},"geometry":{"type":"LineString","coordinates":[[7.596938,47.58014],[7.5978,47.582014]]}},{"type":"Feature","properties":{"k":"neben","name":"Wiesenschanzweg"},"geometry":{"type":"LineString","coordinates":[[7.595069,47.572279],[7.595036,47.573695]]}},{"type":"Feature","properties":{"k":"haupt","name":"Grenzacherstrasse"},"geometry":{"type":"LineString","coordinates":[[7.613256,47.559996],[7.61371,47.560122],[7.614742,47.560409],[7.615001,47.560505]]}},{"type":"Feature","properties":{"k":"neben","name":"Kirchgasse"},"geometry":{"type":"LineString","coordinates":[[7.59774,47.55908],[7.596418,47.559701]]}},{"type":"Feature","properties":{"k":"haupt","name":"Grenzacherstrasse"},"geometry":{"type":"LineString","coordinates":[[7.616266,47.560867],[7.617523,47.561234]]}},{"type":"Feature","properties":{"k":"haupt","name":"Grenzacherstrasse"},"geometry":{"type":"LineString","coordinates":[[7.615201,47.560675],[7.614728,47.560544]]}},{"type":"Feature","properties":{"k":"haupt","name":"Grenzacherstrasse"},"geometry":{"type":"LineString","coordinates":[[7.627096,47.562627],[7.626876,47.562566],[7.626614,47.562488]]}},{"type":"Feature","properties":{"k":"haupt","name":"Grenzacherstrasse"},"geometry":{"type":"LineString","coordinates":[[7.625834,47.562286],[7.6251,47.562093],[7.624925,47.562047]]}},{"type":"Feature","properties":{"k":"haupt","name":"Grenzacherstrasse"},"geometry":{"type":"LineString","coordinates":[[7.618225,47.560688],[7.61797,47.561081],[7.617523,47.561234]]}},{"type":"Feature","properties":{"k":"haupt","name":"Grenzacherstrasse"},"geometry":{"type":"LineString","coordinates":[[7.62818,47.562775],[7.627096,47.562627]]}},{"type":"Feature","properties":{"k":"haupt","name":"Bäumlihofstrasse"},"geometry":{"type":"LineString","coordinates":[[7.625115,47.568761],[7.625293,47.568843],[7.625476,47.568927],[7.625594,47.568984]]}},{"type":"Feature","properties":{"k":"haupt","name":"Bäumlihofstrasse"},"geometry":{"type":"LineString","coordinates":[[7.621955,47.567254],[7.625115,47.568761]]}},{"type":"Feature","properties":{"k":"haupt","name":"Bäumlihofstrasse"},"geometry":{"type":"LineString","coordinates":[[7.621568,47.567069],[7.621573,47.567071],[7.621955,47.567254]]}},{"type":"Feature","properties":{"k":"haupt","name":"Bäumlihofstrasse"},"geometry":{"type":"LineString","coordinates":[[7.619853,47.566271],[7.620801,47.566705]]}},{"type":"Feature","properties":{"k":"haupt","name":"Grenzacherstrasse"},"geometry":{"type":"LineString","coordinates":[[7.626614,47.562488],[7.625834,47.562286]]}},{"type":"Feature","properties":{"k":"haupt","name":"Grenzacherstrasse"},"geometry":{"type":"LineString","coordinates":[[7.610144,47.559474],[7.60827,47.559187]]}},{"type":"Feature","properties":{"k":"neben","name":"Alemannengasse"},"geometry":{"type":"LineString","coordinates":[[7.604713,47.558044],[7.604018,47.557931],[7.603905,47.557911]]}},{"type":"Feature","properties":{"k":"neben","name":"Zu den drei Linden"},"geometry":{"type":"LineString","coordinates":[[7.625427,47.567778],[7.624454,47.567316],[7.622774,47.566518]]}},{"type":"Feature","properties":{"k":"neben","name":"Zu den drei Linden"},"geometry":{"type":"LineString","coordinates":[[7.625839,47.567977],[7.625698,47.567909],[7.625427,47.567778]]}},{"type":"Feature","properties":{"k":"neben","name":"Im Rheinacker"},"geometry":{"type":"LineString","coordinates":[[7.625247,47.563151],[7.62439,47.562921]]}},{"type":"Feature","properties":{"k":"neben","name":"Im Rheinacker"},"geometry":{"type":"LineString","coordinates":[[7.626668,47.563474],[7.625247,47.563151]]}},{"type":"Feature","properties":{"k":"neben","name":"Efringerstrasse"},"geometry":{"type":"LineString","coordinates":[[7.596437,47.568136],[7.596403,47.568407],[7.596347,47.568886]]}},{"type":"Feature","properties":{"k":"neben","name":"Haltingerstrasse"},"geometry":{"type":"LineString","coordinates":[[7.597593,47.566656],[7.597519,47.566643],[7.59592,47.566295]]}},{"type":"Feature","properties":{"k":"haupt","name":"Fasanenstrasse"},"geometry":{"type":"LineString","coordinates":[[7.604961,47.573164],[7.604668,47.573236]]}},{"type":"Feature","properties":{"k":"haupt","name":"Fasanenstrasse"},"geometry":{"type":"LineString","coordinates":[[7.604668,47.573236],[7.604569,47.57326]]}},{"type":"Feature","properties":{"k":"haupt"},"geometry":{"type":"LineString","coordinates":[[7.609276,47.564139],[7.608553,47.56504],[7.608495,47.565139]]}},{"type":"Feature","properties":{"k":"haupt"},"geometry":{"type":"LineString","coordinates":[[7.609162,47.564104],[7.609322,47.563899]]}},{"type":"Feature","properties":{"k":"haupt"},"geometry":{"type":"LineString","coordinates":[[7.599549,47.5754],[7.5997,47.575196],[7.599842,47.575025]]}},{"type":"Feature","properties":{"k":"haupt","name":"Grenzacherstrasse"},"geometry":{"type":"LineString","coordinates":[[7.61614,47.560832],[7.616266,47.560867]]}},{"type":"Feature","properties":{"k":"haupt","name":"Wiesenkreisel"},"geometry":{"type":"LineString","coordinates":[[7.598375,47.573853],[7.598343,47.573832],[7.598317,47.573807]]}},{"type":"Feature","properties":{"k":"haupt","name":"Wiesenkreisel"},"geometry":{"type":"LineString","coordinates":[[7.598726,47.573833],[7.598705,47.573848],[7.598682,47.57386]]}},{"type":"Feature","properties":{"k":"haupt","name":"Bäumlihofstrasse"},"geometry":{"type":"LineString","coordinates":[[7.625594,47.568984],[7.626122,47.569235]]}},{"type":"Feature","properties":{"k":"haupt","name":"Wiesenkreisel"},"geometry":{"type":"LineString","coordinates":[[7.598491,47.573551],[7.598528,47.573548],[7.598565,47.573549]]}},{"type":"Feature","properties":{"k":"haupt","name":"Wiesenkreisel"},"geometry":{"type":"LineString","coordinates":[[7.598327,47.573622],[7.598371,47.573589],[7.598427,47.573565],[7.598491,47.573551]]}},{"type":"Feature","properties":{"k":"neben","name":"Wiesenschanzweg"},"geometry":{"type":"LineString","coordinates":[[7.59514,47.570654],[7.59514,47.570671],[7.595107,47.570847],[7.595113,47.571087]]}},{"type":"Feature","properties":{"k":"haupt"},"geometry":{"type":"LineString","coordinates":[[7.598939,47.576883],[7.598962,47.576743]]}},{"type":"Feature","properties":{"k":"haupt"},"geometry":{"type":"LineString","coordinates":[[7.599327,47.575971],[7.599062,47.57689]]}},{"type":"Feature","properties":{"k":"haupt","name":"Fasanenstrasse"},"geometry":{"type":"LineString","coordinates":[[7.601409,47.574256],[7.601198,47.574304]]}},{"type":"Feature","properties":{"k":"haupt"},"geometry":{"type":"LineString","coordinates":[[7.598405,47.573073],[7.598413,47.573007],[7.598513,47.572569]]}},{"type":"Feature","properties":{"k":"haupt"},"geometry":{"type":"LineString","coordinates":[[7.598665,47.572591],[7.598558,47.573011],[7.59855,47.573078]]}},{"type":"Feature","properties":{"k":"haupt"},"geometry":{"type":"LineString","coordinates":[[7.60093,47.574195],[7.600695,47.574371]]}},{"type":"Feature","properties":{"k":"haupt"},"geometry":{"type":"LineString","coordinates":[[7.600838,47.57414],[7.601633,47.573501]]}},{"type":"Feature","properties":{"k":"neben","name":"Maulbeerstrasse"},"geometry":{"type":"LineString","coordinates":[[7.605551,47.568437],[7.605695,47.56849],[7.605775,47.568518]]}},{"type":"Feature","properties":{"k":"neben","name":"Egliseestrasse"},"geometry":{"type":"LineString","coordinates":[[7.616334,47.570807],[7.616295,47.570793]]}},{"type":"Feature","properties":{"k":"neben","name":"Landauerstrasse"},"geometry":{"type":"LineString","coordinates":[[7.631072,47.566916],[7.631146,47.566962]]}},{"type":"Feature","properties":{"k":"haupt","name":"Freiburgerstrasse"},"geometry":{"type":"LineString","coordinates":[[7.60071,47.574934],[7.600888,47.575109]]}},{"type":"Feature","properties":{"k":"haupt","name":"Schwarzwaldallee"},"geometry":{"type":"LineString","coordinates":[[7.601632,47.573325],[7.60171,47.573191],[7.60175,47.57315]]}},{"type":"Feature","properties":{"k":"haupt","name":"Schwarzwaldallee"},"geometry":{"type":"LineString","coordinates":[[7.60175,47.57315],[7.601933,47.572905]]}},{"type":"Feature","properties":{"k":"haupt","name":"Riehenstrasse"},"geometry":{"type":"LineString","coordinates":[[7.607632,47.565779],[7.607347,47.565736],[7.606877,47.56548]]}},{"type":"Feature","properties":{"k":"neben","name":"Allmendstrasse"},"geometry":{"type":"LineString","coordinates":[[7.621469,47.565905],[7.620801,47.566705]]}},{"type":"Feature","properties":{"k":"neben","name":"Allmendstrasse"},"geometry":{"type":"LineString","coordinates":[[7.622533,47.564864],[7.62247,47.564923],[7.622148,47.56523],[7.622062,47.565315]]}},{"type":"Feature","properties":{"k":"haupt","name":"Bäumlihofstrasse"},"geometry":{"type":"LineString","coordinates":[[7.612649,47.563031],[7.613063,47.563176],[7.613144,47.563206],[7.61323,47.563237]]}},{"type":"Feature","properties":{"k":"haupt","name":"Schwarzwaldallee"},"geometry":{"type":"LineString","coordinates":[[7.612605,47.559594],[7.612609,47.559586],[7.612671,47.559449],[7.61271,47.559373]]}},{"type":"Feature","properties":{"k":"neben","name":"Maulbeerstrasse"},"geometry":{"type":"LineString","coordinates":[[7.600989,47.567104],[7.602504,47.567538],[7.602624,47.567574]]}},{"type":"Feature","properties":{"k":"neben","name":"Mattenstrasse"},"geometry":{"type":"LineString","coordinates":[[7.600414,47.567875],[7.600989,47.567104]]}},{"type":"Feature","properties":{"k":"neben","name":"Erlenmattstrasse"},"geometry":{"type":"LineString","coordinates":[[7.600069,47.570144],[7.600889,47.570188],[7.601733,47.570233],[7.602024,47.570249]]}},{"type":"Feature","properties":{"k":"neben","name":"Claragraben"},"geometry":{"type":"LineString","coordinates":[[7.595467,47.561136],[7.595546,47.561058],[7.59561,47.560994]]}},{"type":"Feature","properties":{"k":"neben","name":"St. Alban-Rheinweg"},"geometry":{"type":"LineString","coordinates":[[7.596072,47.555432],[7.595522,47.555571]]}},{"type":"Feature","properties":{"k":"neben","name":"Riehenstrasse"},"geometry":{"type":"LineString","coordinates":[[7.59768,47.560452],[7.596968,47.559999]]}},{"type":"Feature","properties":{"k":"neben","name":"Riehentorstrasse"},"geometry":{"type":"LineString","coordinates":[[7.59782,47.560541],[7.59768,47.560452]]}},{"type":"Feature","properties":{"k":"haupt","name":"Wettsteinplatz"},"geometry":{"type":"LineString","coordinates":[[7.59827,47.559414],[7.598251,47.559409],[7.598213,47.559394],[7.598178,47.559375]]}},{"type":"Feature","properties":{"k":"neben","name":"Peter Rot-Strasse"},"geometry":{"type":"LineString","coordinates":[[7.604536,47.558849],[7.604518,47.558957],[7.604332,47.559792],[7.60432,47.559863]]}},{"type":"Feature","properties":{"k":"neben","name":"Sandgrubenstrasse"},"geometry":{"type":"LineString","coordinates":[[7.603965,47.566065],[7.604073,47.566044],[7.604693,47.565353]]}},{"type":"Feature","properties":{"k":"neben","name":"Riehenteichstrasse"},"geometry":{"type":"LineString","coordinates":[[7.603965,47.566065],[7.603735,47.565969],[7.603608,47.565831]]}},{"type":"Feature","properties":{"k":"neben","name":"Vogelsangstrasse"},"geometry":{"type":"LineString","coordinates":[[7.605004,47.562826],[7.605968,47.562938]]}},{"type":"Feature","properties":{"k":"neben","name":"Vogelsangstrasse"},"geometry":{"type":"LineString","coordinates":[[7.605968,47.562938],[7.606014,47.562944],[7.60652,47.563035],[7.606959,47.563115]]}},{"type":"Feature","properties":{"k":"neben","name":"Rankstrasse"},"geometry":{"type":"LineString","coordinates":[[7.616231,47.561761],[7.616154,47.561252],[7.61615,47.561053],[7.616155,47.560936]]}},{"type":"Feature","properties":{"k":"haupt","name":"Riehenstrasse"},"geometry":{"type":"LineString","coordinates":[[7.617719,47.570748],[7.618133,47.570989]]}},{"type":"Feature","properties":{"k":"neben","name":"Innerer Egliseeweg"},"geometry":{"type":"LineString","coordinates":[[7.61386,47.568847],[7.613769,47.569066],[7.613746,47.569146]]}},{"type":"Feature","properties":{"k":"haupt","name":"Fasanenstrasse"},"geometry":{"type":"LineString","coordinates":[[7.616429,47.570747],[7.615174,47.57154],[7.613434,47.572115]]}},{"type":"Feature","properties":{"k":"neben","name":"Schaffhauserrheinweg"},"geometry":{"type":"LineString","coordinates":[[7.599037,47.557013],[7.599227,47.557006],[7.600214,47.557021],[7.60082,47.557029]]}},{"type":"Feature","properties":{"k":"neben","name":"Schaffhauserrheinweg"},"geometry":{"type":"LineString","coordinates":[[7.597463,47.557162],[7.597605,47.557145],[7.599037,47.557013]]}},{"type":"Feature","properties":{"k":"neben","name":"Schleifenbergstrasse"},"geometry":{"type":"LineString","coordinates":[[7.605284,47.561623],[7.605004,47.562826]]}},{"type":"Feature","properties":{"k":"haupt","name":"Grenzacherstrasse"},"geometry":{"type":"LineString","coordinates":[[7.60474,47.558891],[7.604672,47.558881],[7.604536,47.558849]]}},{"type":"Feature","properties":{"k":"haupt","name":"Mauerstrasse"},"geometry":{"type":"LineString","coordinates":[[7.595036,47.573695],[7.595523,47.573697]]}},{"type":"Feature","properties":{"k":"neben"},"geometry":{"type":"LineString","coordinates":[[7.62249,47.565224],[7.622564,47.565154]]}},{"type":"Feature","properties":{"k":"neben","name":"Zu den drei Linden"},"geometry":{"type":"LineString","coordinates":[[7.622774,47.566518],[7.621678,47.56599]]}},{"type":"Feature","properties":{"k":"neben","name":"Rankstrasse"},"geometry":{"type":"LineString","coordinates":[[7.61627,47.562014],[7.616257,47.561931]]}},{"type":"Feature","properties":{"k":"neben","name":"Gotenwegli"},"geometry":{"type":"LineString","coordinates":[[7.625937,47.568012],[7.62628,47.568137],[7.626589,47.568084]]}},{"type":"Feature","properties":{"k":"neben","name":"Hirzbrunnenschanze"},"geometry":{"type":"LineString","coordinates":[[7.616789,47.565686],[7.617446,47.566102]]}},{"type":"Feature","properties":{"k":"neben","name":"Hirzbrunnenschanze"},"geometry":{"type":"LineString","coordinates":[[7.615818,47.567276],[7.615157,47.566858]]}},{"type":"Feature","properties":{"k":"neben","name":"In den Schorenmatten"},"geometry":{"type":"LineString","coordinates":[[7.608976,47.56987],[7.609101,47.569951],[7.609401,47.570824],[7.609407,47.570852]]}},{"type":"Feature","properties":{"k":"neben","name":"Schopfheimerstrasse"},"geometry":{"type":"LineString","coordinates":[[7.610281,47.568052],[7.610552,47.568149],[7.610653,47.568187]]}},{"type":"Feature","properties":{"k":"neben","name":"Badenstrasse"},"geometry":{"type":"LineString","coordinates":[[7.596435,47.579263],[7.596446,47.579286]]}},{"type":"Feature","properties":{"k":"neben","name":"Badenstrasse"},"geometry":{"type":"LineString","coordinates":[[7.596062,47.578518],[7.596342,47.57907],[7.596435,47.579263]]}},{"type":"Feature","properties":{"k":"haupt","name":"Mauerstrasse"},"geometry":{"type":"LineString","coordinates":[[7.599188,47.574049],[7.599113,47.573978]]}},{"type":"Feature","properties":{"k":"neben","name":"Maulbeerstrasse"},"geometry":{"type":"LineString","coordinates":[[7.60775,47.569232],[7.607812,47.569254]]}},{"type":"Feature","properties":{"k":"neben","name":"Maulbeerstrasse"},"geometry":{"type":"LineString","coordinates":[[7.607625,47.569187],[7.60775,47.569232]]}},{"type":"Feature","properties":{"k":"neben","name":"Maulbeerstrasse"},"geometry":{"type":"LineString","coordinates":[[7.607812,47.569254],[7.608128,47.569367]]}},{"type":"Feature","properties":{"k":"neben","name":"Maulbeerstrasse"},"geometry":{"type":"LineString","coordinates":[[7.608128,47.569367],[7.608171,47.569382]]}},{"type":"Feature","properties":{"k":"neben","name":"Maulbeerstrasse"},"geometry":{"type":"LineString","coordinates":[[7.608171,47.569382],[7.608287,47.569419]]}},{"type":"Feature","properties":{"k":"haupt","name":"Fasanenstrasse"},"geometry":{"type":"LineString","coordinates":[[7.604569,47.57326],[7.604454,47.573291]]}},{"type":"Feature","properties":{"k":"haupt","name":"Fasanenstrasse"},"geometry":{"type":"LineString","coordinates":[[7.605458,47.573035],[7.605044,47.573143]]}},{"type":"Feature","properties":{"k":"neben","name":"Neuhausstrasse"},"geometry":{"type":"LineString","coordinates":[[7.603871,47.581291],[7.603658,47.581311]]}},{"type":"Feature","properties":{"k":"neben","name":"Neuhausstrasse"},"geometry":{"type":"LineString","coordinates":[[7.603658,47.581311],[7.603614,47.581316]]}},{"type":"Feature","properties":{"k":"haupt","name":"Fasanenstrasse"},"geometry":{"type":"LineString","coordinates":[[7.604141,47.573375],[7.603316,47.573595],[7.60262,47.573772],[7.602499,47.573804]]}},{"type":"Feature","properties":{"k":"haupt"},"geometry":{"type":"LineString","coordinates":[[7.603994,47.580081],[7.604082,47.580194],[7.603926,47.58025],[7.603835,47.580143],[7.603994,47.580081]]}},{"type":"Feature","properties":{"k":"haupt","name":"Feldbergstrasse"},"geometry":{"type":"LineString","coordinates":[[7.597583,47.567428],[7.5967,47.567277]]}},{"type":"Feature","properties":{"k":"neben","name":"Hammerstrasse"},"geometry":{"type":"LineString","coordinates":[[7.595265,47.566678],[7.595222,47.566866],[7.595205,47.566931],[7.595185,47.567004]]}},{"type":"Feature","properties":{"k":"haupt","name":"Riehenring"},"geometry":{"type":"LineString","coordinates":[[7.597568,47.567907],[7.597581,47.567586],[7.597582,47.567561],[7.597583,47.567428]]}},{"type":"Feature","properties":{"k":"haupt","name":"Riehenring"},"geometry":{"type":"LineString","coordinates":[[7.597686,47.566955],[7.597583,47.567428]]}},{"type":"Feature","properties":{"k":"neben","name":"Schönaustrasse"},"geometry":{"type":"LineString","coordinates":[[7.597583,47.567428],[7.598086,47.567501]]}},{"type":"Feature","properties":{"k":"haupt","name":"Zürcherstrasse"},"geometry":{"type":"LineString","coordinates":[[7.615544,47.555457],[7.615877,47.555384],[7.61625,47.555302]]}},{"type":"Feature","properties":{"k":"haupt","name":"Wiesenkreisel"},"geometry":{"type":"LineString","coordinates":[[7.598293,47.573669],[7.598307,47.573645],[7.598327,47.573622]]}},{"type":"Feature","properties":{"k":"haupt","name":"Freiburgerstrasse"},"geometry":{"type":"LineString","coordinates":[[7.603848,47.580122],[7.603805,47.579887]]}},{"type":"Feature","properties":{"k":"haupt","name":"Freiburgerstrasse"},"geometry":{"type":"LineString","coordinates":[[7.603805,47.579887],[7.603972,47.580079]]}},{"type":"Feature","properties":{"k":"neben","name":"Neuhausstrasse"},"geometry":{"type":"LineString","coordinates":[[7.603787,47.580344],[7.603834,47.580187]]}},{"type":"Feature","properties":{"k":"neben","name":"Neuhausstrasse"},"geometry":{"type":"LineString","coordinates":[[7.603926,47.58025],[7.60389,47.580267],[7.603882,47.580272]]}},{"type":"Feature","properties":{"k":"haupt","name":"Freiburgerstrasse"},"geometry":{"type":"LineString","coordinates":[[7.604076,47.580205],[7.604167,47.580384]]}},{"type":"Feature","properties":{"k":"haupt","name":"Freiburgerstrasse"},"geometry":{"type":"LineString","coordinates":[[7.604078,47.58032],[7.604016,47.58027],[7.603974,47.580253]]}},{"type":"Feature","properties":{"k":"neben","name":"Neuhausstrasse"},"geometry":{"type":"LineString","coordinates":[[7.603882,47.580272],[7.603847,47.580294],[7.603787,47.580344]]}},{"type":"Feature","properties":{"k":"haupt","name":"Freiburgerstrasse"},"geometry":{"type":"LineString","coordinates":[[7.604209,47.580435],[7.604312,47.580602]]}},{"type":"Feature","properties":{"k":"haupt","name":"Freiburgerstrasse"},"geometry":{"type":"LineString","coordinates":[[7.60363,47.579506],[7.603726,47.579712],[7.603805,47.579887]]}},{"type":"Feature","properties":{"k":"haupt","name":"Freiburgerstrasse"},"geometry":{"type":"LineString","coordinates":[[7.604167,47.580384],[7.604105,47.580343],[7.604078,47.58032]]}},{"type":"Feature","properties":{"k":"haupt","name":"Schwarzwaldallee"},"geometry":{"type":"LineString","coordinates":[[7.606848,47.566783],[7.60693,47.566687],[7.606937,47.566679]]}},{"type":"Feature","properties":{"k":"haupt","name":"Riehenstrasse"},"geometry":{"type":"LineString","coordinates":[[7.621181,47.5718],[7.621477,47.571862]]}},{"type":"Feature","properties":{"k":"haupt","name":"Schwarzwaldstrasse"},"geometry":{"type":"LineString","coordinates":[[7.612765,47.560022],[7.612677,47.560138],[7.612483,47.56038]]}},{"type":"Feature","properties":{"k":"neben","name":"Isteinerstrasse"},"geometry":{"type":"LineString","coordinates":[[7.5997,47.565583],[7.599123,47.566495],[7.599109,47.566574]]}},{"type":"Feature","properties":{"k":"neben","name":"Bäumlihofstrasse"},"geometry":{"type":"LineString","coordinates":[[7.618817,47.56592],[7.620718,47.566817]]}},{"type":"Feature","properties":{"k":"neben","name":"Grenzstrasse"},"geometry":{"type":"LineString","coordinates":[[7.600883,47.581584],[7.600986,47.581774]]}}]}