{"type":"FeatureCollection","features":[{"type":"Feature","properties":{"art":"buehne","name":"Schiffbau"},"geometry":{"type":"Point","coordinates":[8.519126,47.388813]}},{"type":"Feature","properties":{"art":"buehne","name":"Neues Theater Spirgarten"},"geometry":{"type":"Point","coordinates":[8.485307,47.387623]}},{"type":"Feature","properties":{"art":"cafe","name":"moana"},"geometry":{"type":"Point","coordinates":[8.529785,47.343952]}},{"type":"Feature","properties":{"art":"bar","name":"O'Callaghans Shamrock Pub"},"geometry":{"type":"Point","coordinates":[8.530324,47.338907]}},{"type":"Feature","properties":{"art":"bar","name":"Mellow Bar"},"geometry":{"type":"Point","coordinates":[8.529813,47.340611]}},{"type":"Feature","properties":{"art":"restaurant","name":"Il Grappolo"},"geometry":{"type":"Point","coordinates":[8.532241,47.336138]}},{"type":"Feature","properties":{"art":"treff","name":"Gemeinschaftszentrum Wollishofen, Standort Neubühl"},"geometry":{"type":"Point","coordinates":[8.532612,47.332164]}},{"type":"Feature","properties":{"art":"restaurant","name":"Yan-Ruyi"},"geometry":{"type":"Point","coordinates":[8.53266,47.344109]}},{"type":"Feature","properties":{"art":"museum","name":"Galerie Anna Bushumova"},"geometry":{"type":"Point","coordinates":[8.533103,47.344184]}},{"type":"Feature","properties":{"art":"restaurant","name":"Boom"},"geometry":{"type":"Point","coordinates":[8.529209,47.326615]}},{"type":"Feature","properties":{"art":"restaurant","name":"Ziegel oh Lac"},"geometry":{"type":"Point","coordinates":[8.536856,47.343559]}},{"type":"Feature","properties":{"art":"museum","name":"Ortsmuseum Wollishofen"},"geometry":{"type":"Point","coordinates":[8.537309,47.338261]}},{"type":"Feature","properties":{"art":"restaurant","name":"UBS Restaurant Flur"},"geometry":{"type":"Point","coordinates":[8.492941,47.382807]}},{"type":"Feature","properties":{"art":"restaurant","name":"Freihof Pizzeria Etna"},"geometry":{"type":"Point","coordinates":[8.499595,47.383491]}},{"type":"Feature","properties":{"art":"restaurant","name":"Signor Giuseppe"},"geometry":{"type":"Point","coordinates":[8.501103,47.382668]}},{"type":"Feature","properties":{"art":"restaurant","name":"Pizza Züri"},"geometry":{"type":"Point","coordinates":[8.497827,47.384242]}},{"type":"Feature","properties":{"art":"restaurant","name":"Turbinenhalle"},"geometry":{"type":"Point","coordinates":[8.496403,47.384101]}},{"type":"Feature","properties":{"art":"cafe","name":"Onno"},"geometry":{"type":"Point","coordinates":[8.511279,47.37651]}},{"type":"Feature","properties":{"art":"museum","name":"KOBO Art Space"},"geometry":{"type":"Point","coordinates":[8.522375,47.361834]}},{"type":"Feature","properties":{"art":"restaurant","name":"Gabbiano"},"geometry":{"type":"Point","coordinates":[8.537479,47.409767]}},{"type":"Feature","properties":{"art":"restaurant","name":"Zeughauskeller"},"geometry":{"type":"Point","coordinates":[8.539923,47.370373]}},{"type":"Feature","properties":{"art":"cafe","name":"Sprüngli Café-Bar"},"geometry":{"type":"Point","coordinates":[8.539216,47.369294]}},{"type":"Feature","properties":{"art":"restaurant","name":"Zum Alten Löwen"},"geometry":{"type":"Point","coordinates":[8.548247,47.38498]}},{"type":"Feature","properties":{"art":"cafe"},"geometry":{"type":"Point","coordinates":[8.562481,47.347186]}},{"type":"Feature","properties":{"art":"restaurant","name":"Cafe Medina"},"geometry":{"type":"Point","coordinates":[8.530461,47.342041]}},{"type":"Feature","properties":{"art":"restaurant","name":"Haus Hiltl"},"geometry":{"type":"Point","coordinates":[8.53675,47.373304]}},{"type":"Feature","properties":{"art":"bibliothek","name":"PBZ Bibliothek Oerlikon"},"geometry":{"type":"Point","coordinates":[8.54522,47.411789]}},{"type":"Feature","properties":{"art":"museum","name":"Museum für Gestaltung"},"geometry":{"type":"Point","coordinates":[8.535799,47.382982]}},{"type":"Feature","properties":{"art":"cafe","name":"Kafi Öfeli"},"geometry":{"type":"Point","coordinates":[8.477296,47.384599]}},{"type":"Feature","properties":{"art":"restaurant","name":"Ristorante Culmann"},"geometry":{"type":"Point","coordinates":[8.54702,47.379442]}},{"type":"Feature","properties":{"art":"restaurant","name":"La Fontana"},"geometry":{"type":"Point","coordinates":[8.546926,47.37972]}},{"type":"Feature","properties":{"art":"restaurant","name":"Peking Garden"},"geometry":{"type":"Point","coordinates":[8.488886,47.391096]}},{"type":"Feature","properties":{"art":"restaurant","name":"Waldhaus Katzensee"},"geometry":{"type":"Point","coordinates":[8.489375,47.429251]}},{"type":"Feature","properties":{"art":"restaurant","name":"Oberhof"},"geometry":{"type":"Point","coordinates":[8.553472,47.373463]}},{"type":"Feature","properties":{"art":"restaurant","name":"Dar"},"geometry":{"type":"Point","coordinates":[8.523964,47.369368]}},{"type":"Feature","properties":{"art":"restaurant","name":"Rosengarten"},"geometry":{"type":"Point","coordinates":[8.556389,47.369788]}},{"type":"Feature","properties":{"art":"kino","name":"Pathe"},"geometry":{"type":"Point","coordinates":[8.622487,47.414034]}},{"type":"Feature","properties":{"art":"restaurant","name":"Grain"},"geometry":{"type":"Point","coordinates":[8.559374,47.37615]}},{"type":"Feature","properties":{"art":"restaurant","name":"Wirtschaft Ziegelhütte"},"geometry":{"type":"Point","coordinates":[8.572776,47.399532]}},{"type":"Feature","properties":{"art":"restaurant","name":"Gebeta äthiopische und eritreische Spezialitäten"},"geometry":{"type":"Point","coordinates":[8.513009,47.377311]}},{"type":"Feature","properties":{"art":"bar","name":"Légère"},"geometry":{"type":"Point","coordinates":[8.514381,47.376338]}},{"type":"Feature","properties":{"art":"restaurant","name":"Taverne da Angelo"},"geometry":{"type":"Point","coordinates":[8.514767,47.376158]}},{"type":"Feature","properties":{"art":"restaurant","name":"Lok Lak Asian Eatery"},"geometry":{"type":"Point","coordinates":[8.509611,47.378329]}},{"type":"Feature","properties":{"art":"restaurant","name":"Restaurant Waldmannsburg"},"geometry":{"type":"Point","coordinates":[8.616682,47.379154]}},{"type":"Feature","properties":{"art":"restaurant","name":"Pizzeria Il Faro"},"geometry":{"type":"Point","coordinates":[8.613805,47.396894]}},{"type":"Feature","properties":{"art":"bar","name":"Club P1"},"geometry":{"type":"Point","coordinates":[8.605652,47.401008]}},{"type":"Feature","properties":{"art":"restaurant","name":"Tasteria"},"geometry":{"type":"Point","coordinates":[8.533015,47.414507]}},{"type":"Feature","properties":{"art":"restaurant","name":"Kai Sushi"},"geometry":{"type":"Point","coordinates":[8.539455,47.414392]}},{"type":"Feature","properties":{"art":"restaurant","name":"Imone"},"geometry":{"type":"Point","coordinates":[8.520116,47.36395]}},{"type":"Feature","properties":{"art":"buehne","name":"Moods (im Schiffbau)"},"geometry":{"type":"Point","coordinates":[8.518345,47.388999]}},{"type":"Feature","properties":{"art":"restaurant","name":"Soho"},"geometry":{"type":"Point","coordinates":[8.520804,47.388435]}},{"type":"Feature","properties":{"art":"bar","name":"Big Ben Westside Pub"},"geometry":{"type":"Point","coordinates":[8.519462,47.387234]}},{"type":"Feature","properties":{"art":"bar","name":"Hive"},"geometry":{"type":"Point","coordinates":[8.52024,47.384874]}},{"type":"Feature","properties":{"art":"bar","name":"Labor5 Bar"},"geometry":{"type":"Point","coordinates":[8.518944,47.388438]}},{"type":"Feature","properties":{"art":"bar","name":"Billiardino"},"geometry":{"type":"Point","coordinates":[8.52235,47.388361]}},{"type":"Feature","properties":{"art":"restaurant","name":"Shangrila Tibet"},"geometry":{"type":"Point","coordinates":[8.51007,47.369741]}},{"type":"Feature","properties":{"art":"cafe","name":"Walter Buchmann"},"geometry":{"type":"Point","coordinates":[8.519104,47.362584]}},{"type":"Feature","properties":{"art":"restaurant","name":"AnaMiRa"},"geometry":{"type":"Point","coordinates":[8.520423,47.364186]}},{"type":"Feature","properties":{"art":"restaurant","name":"Hopfenau"},"geometry":{"type":"Point","coordinates":[8.520002,47.365142]}},{"type":"Feature","properties":{"art":"restaurant","name":"Jane Fine Food"},"geometry":{"type":"Point","coordinates":[8.520036,47.367343]}},{"type":"Feature","properties":{"art":"restaurant","name":"Swaad"},"geometry":{"type":"Point","coordinates":[8.516229,47.359221]}},{"type":"Feature","properties":{"art":"restaurant","name":"Hotel Seegarten"},"geometry":{"type":"Point","coordinates":[8.549412,47.361387]}},{"type":"Feature","properties":{"art":"restaurant","name":"Ginger"},"geometry":{"type":"Point","coordinates":[8.550687,47.361839]}},{"type":"Feature","properties":{"art":"restaurant","name":"Tiffins"},"geometry":{"type":"Point","coordinates":[8.551033,47.361893]}},{"type":"Feature","properties":{"art":"restaurant","name":"Suan Long"},"geometry":{"type":"Point","coordinates":[8.549528,47.363011]}},{"type":"Feature","properties":{"art":"restaurant","name":"Kronenhalle"},"geometry":{"type":"Point","coordinates":[8.545719,47.367551]}},{"type":"Feature","properties":{"art":"restaurant","name":"Terrasse Restaurant"},"geometry":{"type":"Point","coordinates":[8.544388,47.367887]}},{"type":"Feature","properties":{"art":"restaurant","name":"Café Bar ODEON"},"geometry":{"type":"Point","coordinates":[8.545145,47.367794]}},{"type":"Feature","properties":{"art":"restaurant","name":"Rosaly's"},"geometry":{"type":"Point","coordinates":[8.545854,47.367384]}},{"type":"Feature","properties":{"art":"restaurant","name":"Yume Ramen"},"geometry":{"type":"Point","coordinates":[8.546245,47.367048]}},{"type":"Feature","properties":{"art":"restaurant","name":"Yooji's"},"geometry":{"type":"Point","coordinates":[8.546484,47.367187]}},{"type":"Feature","properties":{"art":"restaurant","name":"Commercio"},"geometry":{"type":"Point","coordinates":[8.549084,47.365931]}},{"type":"Feature","properties":{"art":"restaurant","name":"Restaurant Hotel Europe"},"geometry":{"type":"Point","coordinates":[8.547223,47.364169]}},{"type":"Feature","properties":{"art":"restaurant","name":"Hatecke du Théâtre"},"geometry":{"type":"Point","coordinates":[8.547385,47.363996]}},{"type":"Feature","properties":{"art":"restaurant","name":"Co Chin Chin"},"geometry":{"type":"Point","coordinates":[8.550863,47.36209]}},{"type":"Feature","properties":{"art":"restaurant","name":"Amalfi"},"geometry":{"type":"Point","coordinates":[8.549992,47.36067]}},{"type":"Feature","properties":{"art":"kunst","name":"Heureka"},"geometry":{"type":"Point","coordinates":[8.552309,47.353016]}},{"type":"Feature","properties":{"art":"buehne","name":"Lebewohlfabrik"},"geometry":{"type":"Point","coordinates":[8.554924,47.353806]}},{"type":"Feature","properties":{"art":"restaurant","name":"Restaurant Pumpstation"},"geometry":{"type":"Point","coordinates":[8.546378,47.363644]}},{"type":"Feature","properties":{"art":"bar","name":"Drinx Bar db"},"geometry":{"type":"Point","coordinates":[8.547619,47.363713]}},{"type":"Feature","properties":{"art":"restaurant","name":"Bohemia"},"geometry":{"type":"Point","coordinates":[8.554894,47.364789]}},{"type":"Feature","properties":{"art":"restaurant","name":"Nooba"},"geometry":{"type":"Point","coordinates":[8.554528,47.36517]}},{"type":"Feature","properties":{"art":"restaurant","name":"Yooji's"},"geometry":{"type":"Point","coordinates":[8.554167,47.358288]}},{"type":"Feature","properties":{"art":"cafe","name":"Cafe Black"},"geometry":{"type":"Point","coordinates":[8.548549,47.361735]}},{"type":"Feature","properties":{"art":"restaurant","name":"Bimi"},"geometry":{"type":"Point","coordinates":[8.54828,47.365058]}},{"type":"Feature","properties":{"art":"restaurant","name":"Gesundheitszentrum für das Alter Wildbach"},"geometry":{"type":"Point","coordinates":[8.557584,47.357582]}},{"type":"Feature","properties":{"art":"restaurant","name":"Ländli"},"geometry":{"type":"Point","coordinates":[8.554562,47.36273]}},{"type":"Feature","properties":{"art":"restaurant","name":"Santa Lucia"},"geometry":{"type":"Point","coordinates":[8.546737,47.36632]}},{"type":"Feature","properties":{"art":"restaurant","name":"Lulu"},"geometry":{"type":"Point","coordinates":[8.546064,47.364987]}},{"type":"Feature","properties":{"art":"restaurant","name":"Grünwald"},"geometry":{"type":"Point","coordinates":[8.482606,47.417917]}},{"type":"Feature","properties":{"art":"restaurant","name":"Gasthof Hirschen"},"geometry":{"type":"Point","coordinates":[8.465486,47.430042]}},{"type":"Feature","properties":{"art":"restaurant","name":"House of Ren"},"geometry":{"type":"Point","coordinates":[8.531182,47.363861]}},{"type":"Feature","properties":{"art":"restaurant","name":"Restaurant Dübi Ice"},"geometry":{"type":"Point","coordinates":[8.627177,47.389591]}},{"type":"Feature","properties":{"art":"restaurant","name":"Weisse Rose"},"geometry":{"type":"Point","coordinates":[8.545665,47.368206]}},{"type":"Feature","properties":{"art":"restaurant","name":"Minine"},"geometry":{"type":"Point","coordinates":[8.550049,47.369003]}},{"type":"Feature","properties":{"art":"restaurant","name":"NA081"},"geometry":{"type":"Point","coordinates":[8.552486,47.359754]}},{"type":"Feature","properties":{"art":"restaurant","name":"Sonnenberg"},"geometry":{"type":"Point","coordinates":[8.567509,47.367348]}},{"type":"Feature","properties":{"art":"restaurant","name":"Aroma"},"geometry":{"type":"Point","coordinates":[8.563657,47.36547]}},{"type":"Feature","properties":{"art":"bar","name":"Sol"},"geometry":{"type":"Point","coordinates":[8.564854,47.365282]}},{"type":"Feature","properties":{"art":"cafe","name":"Villa Böcklin"},"geometry":{"type":"Point","coordinates":[8.560634,47.364072]}},{"type":"Feature","properties":{"art":"cafe","name":"Alters- & Pflegewohnheim Neumünster"},"geometry":{"type":"Point","coordinates":[8.559451,47.362982]}},{"type":"Feature","properties":{"art":"restaurant","name":"Restaurant Zauberberg"},"geometry":{"type":"Point","coordinates":[8.559992,47.363217]}},{"type":"Feature","properties":{"art":"restaurant","name":"ButchersTable"},"geometry":{"type":"Point","coordinates":[8.560365,47.36156]}},{"type":"Feature","properties":{"art":"restaurant","name":"Neumünster"},"geometry":{"type":"Point","coordinates":[8.558505,47.359621]}},{"type":"Feature","properties":{"art":"restaurant","name":"Strand-Restaurant Tiefenbrunnen"},"geometry":{"type":"Point","coordinates":[8.558048,47.35197]}},{"type":"Feature","properties":{"art":"buehne","name":"Piccola Commedia dell'Arte"},"geometry":{"type":"Point","coordinates":[8.550208,47.36884]}},{"type":"Feature","properties":{"art":"restaurant","name":"Wolfbach"},"geometry":{"type":"Point","coordinates":[8.552204,47.370344]}},{"type":"Feature","properties":{"art":"restaurant","name":"Afghan Anar"},"geometry":{"type":"Point","coordinates":[8.552981,47.369792]}},{"type":"Feature","properties":{"art":"cafe","name":"Café Berner"},"geometry":{"type":"Point","coordinates":[8.554054,47.369559]}},{"type":"Feature","properties":{"art":"cafe","name":"Mühlebach"},"geometry":{"type":"Point","coordinates":[8.551773,47.363992]}},{"type":"Feature","properties":{"art":"restaurant","name":"Blockhus"},"geometry":{"type":"Point","coordinates":[8.545181,47.368183]}},{"type":"Feature","properties":{"art":"bar","name":"Hotel Hechtplatz Bar"},"geometry":{"type":"Point","coordinates":[8.54525,47.368215]}},{"type":"Feature","properties":{"art":"buehne","name":"Theater am Hechtplatz"},"geometry":{"type":"Point","coordinates":[8.544754,47.368249]}},{"type":"Feature","properties":{"art":"restaurant","name":"Weisser Wind"},"geometry":{"type":"Point","coordinates":[8.545509,47.368825]}},{"type":"Feature","properties":{"art":"cafe","name":"Oberdorf Beck"},"geometry":{"type":"Point","coordinates":[8.545625,47.368669]}},{"type":"Feature","properties":{"art":"restaurant","name":"Papa Joe's Zürich"},"geometry":{"type":"Point","coordinates":[8.544574,47.36876]}},{"type":"Feature","properties":{"art":"restaurant","name":"Molino"},"geometry":{"type":"Point","coordinates":[8.543959,47.369047]}},{"type":"Feature","properties":{"art":"cafe","name":"Conditorei schober"},"geometry":{"type":"Point","coordinates":[8.541824,47.370869]}},{"type":"Feature","properties":{"art":"restaurant","name":"Zunfthaus zur Meisen"},"geometry":{"type":"Point","coordinates":[8.541695,47.370061]}},{"type":"Feature","properties":{"art":"restaurant","name":"Bei Moudi am Kunsthaus"},"geometry":{"type":"Point","coordinates":[8.547986,47.370735]}},{"type":"Feature","properties":{"art":"restaurant","name":"Orsini"},"geometry":{"type":"Point","coordinates":[8.540124,47.370103]}},{"type":"Feature","properties":{"art":"restaurant","name":"Santa Lucia"},"geometry":{"type":"Point","coordinates":[8.539826,47.37006]}},{"type":"Feature","properties":{"art":"restaurant","name":"Heugümper"},"geometry":{"type":"Point","coordinates":[8.540131,47.370272]}},{"type":"Feature","properties":{"art":"restaurant","name":"Zunfthaus zur Waag"},"geometry":{"type":"Point","coordinates":[8.540312,47.37024]}},{"type":"Feature","properties":{"art":"restaurant","name":"Münsterhöfli"},"geometry":{"type":"Point","coordinates":[8.54036,47.370018]}},{"type":"Feature","properties":{"art":"restaurant","name":"Ăn Ăn"},"geometry":{"type":"Point","coordinates":[8.540569,47.3693]}},{"type":"Feature","properties":{"art":"restaurant","name":"Milchbar"},"geometry":{"type":"Point","coordinates":[8.540234,47.368996]}},{"type":"Feature","properties":{"art":"bar","name":"Old Fashion Bar"},"geometry":{"type":"Point","coordinates":[8.540752,47.368663]}},{"type":"Feature","properties":{"art":"restaurant","name":"Outback Lodge"},"geometry":{"type":"Point","coordinates":[8.547702,47.367079]}},{"type":"Feature","properties":{"art":"restaurant","name":"Negishi sushi bar"},"geometry":{"type":"Point","coordinates":[8.547428,47.367151]}},{"type":"Feature","properties":{"art":"restaurant","name":"Weisses Kreuz"},"geometry":{"type":"Point","coordinates":[8.548651,47.366111]}},{"type":"Feature","properties":{"art":"restaurant","name":"Migros Restaurant"},"geometry":{"type":"Point","coordinates":[8.547876,47.365432]}},{"type":"Feature","properties":{"art":"restaurant","name":"Outpost"},"geometry":{"type":"Point","coordinates":[8.574152,47.3842]}},{"type":"Feature","properties":{"art":"restaurant","name":"Zoo Caffè & Ristorante"},"geometry":{"type":"Point","coordinates":[8.575184,47.384397]}},{"type":"Feature","properties":{"art":"bar","name":"Bar Lounge Tietzes"},"geometry":{"type":"Point","coordinates":[8.567072,47.344055]}},{"type":"Feature","properties":{"art":"restaurant","name":"La Trattoria Blumenau"},"geometry":{"type":"Point","coordinates":[8.563195,47.349034]}},{"type":"Feature","properties":{"art":"cafe","name":"Pflegezentrum Rehalp"},"geometry":{"type":"Point","coordinates":[8.577866,47.351557]}},{"type":"Feature","properties":{"art":"restaurant","name":"Burgwies"},"geometry":{"type":"Point","coordinates":[8.572418,47.357827]}},{"type":"Feature","properties":{"art":"cafe","name":"Cafeteria"},"geometry":{"type":"Point","coordinates":[8.570722,47.358326]}},{"type":"Feature","properties":{"art":"museum"},"geometry":{"type":"Point","coordinates":[8.567649,47.360424]}},{"type":"Feature","properties":{"art":"restaurant","name":"Antiquaria da marco"},"geometry":{"type":"Point","coordinates":[8.566561,47.36085]}},{"type":"Feature","properties":{"art":"cafe","name":"Stiftung Perla Park"},"geometry":{"type":"Point","coordinates":[8.565983,47.360813]}},{"type":"Feature","properties":{"art":"restaurant","name":"Marcellino Pane e Vino"},"geometry":{"type":"Point","coordinates":[8.56574,47.360208]}},{"type":"Feature","properties":{"art":"restaurant","name":"Royal Panda"},"geometry":{"type":"Point","coordinates":[8.554574,47.364332]}},{"type":"Feature","properties":{"art":"restaurant","name":"Restaurant Schipfe 16"},"geometry":{"type":"Point","coordinates":[8.54179,47.373118]}},{"type":"Feature","properties":{"art":"restaurant","name":"Brasserie Lipp"},"geometry":{"type":"Point","coordinates":[8.539467,47.374375]}},{"type":"Feature","properties":{"art":"restaurant","name":"Lotti"},"geometry":{"type":"Point","coordinates":[8.539712,47.375174]}},{"type":"Feature","properties":{"art":"bar","name":"The Lion"},"geometry":{"type":"Point","coordinates":[8.539369,47.374038]}},{"type":"Feature","properties":{"art":"cafe","name":"Starbucks"},"geometry":{"type":"Point","coordinates":[8.539219,47.373664]}},{"type":"Feature","properties":{"art":"cafe","name":"Confiserie Honold"},"geometry":{"type":"Point","coordinates":[8.538956,47.373603]}},{"type":"Feature","properties":{"art":"restaurant","name":"Silk"},"geometry":{"type":"Point","coordinates":[8.547093,47.364341]}},{"type":"Feature","properties":{"art":"cafe","name":"Belcafe"},"geometry":{"type":"Point","coordinates":[8.545149,47.367091]}},{"type":"Feature","properties":{"art":"bar","name":"Nachtflug"},"geometry":{"type":"Point","coordinates":[8.543407,47.372588]}},{"type":"Feature","properties":{"art":"cafe","name":"Valentino"},"geometry":{"type":"Point","coordinates":[8.550781,47.360171]}},{"type":"Feature","properties":{"art":"restaurant","name":"Trinity"},"geometry":{"type":"Point","coordinates":[8.537287,47.36768]}},{"type":"Feature","properties":{"art":"bar","name":"Oak Bar"},"geometry":{"type":"Point","coordinates":[8.537552,47.36755]}},{"type":"Feature","properties":{"art":"restaurant","name":"Cheti's Curry"},"geometry":{"type":"Point","coordinates":[8.548664,47.365049]}},{"type":"Feature","properties":{"art":"cafe","name":"Starbucks"},"geometry":{"type":"Point","coordinates":[8.546984,47.366172]}},{"type":"Feature","properties":{"art":"buehne","name":"Theater Stok"},"geometry":{"type":"Point","coordinates":[8.547535,47.373158]}},{"type":"Feature","properties":{"art":"restaurant","name":"Dupont Brasserie & Bar"},"geometry":{"type":"Point","coordinates":[8.541341,47.376186]}},{"type":"Feature","properties":{"art":"bar","name":"Schminkbar"},"geometry":{"type":"Point","coordinates":[8.540273,47.375762]}},{"type":"Feature","properties":{"art":"bar","name":"Nelson"},"geometry":{"type":"Point","coordinates":[8.540072,47.375761]}},{"type":"Feature","properties":{"art":"restaurant","name":"Sala of Tokyo"},"geometry":{"type":"Point","coordinates":[8.540213,47.376182]}},{"type":"Feature","properties":{"art":"bar","name":"Mini Market"},"geometry":{"type":"Point","coordinates":[8.540783,47.376822]}},{"type":"Feature","properties":{"art":"restaurant","name":"Santa Lucia"},"geometry":{"type":"Point","coordinates":[8.543744,47.372206]}},{"type":"Feature","properties":{"art":"restaurant","name":"Walliser Kanne"},"geometry":{"type":"Point","coordinates":[8.538837,47.376697]}},{"type":"Feature","properties":{"art":"cafe","name":"Café Felix"},"geometry":{"type":"Point","coordinates":[8.538374,47.375293]}},{"type":"Feature","properties":{"art":"cafe","name":"Piazzetta"},"geometry":{"type":"Point","coordinates":[8.539384,47.37639]}},{"type":"Feature","properties":{"art":"restaurant","name":"SAM'S Pizza Land"},"geometry":{"type":"Point","coordinates":[8.538483,47.376027]}},{"type":"Feature","properties":{"art":"bar","name":"Baryton"},"geometry":{"type":"Point","coordinates":[8.538325,47.37605]}},{"type":"Feature","properties":{"art":"restaurant","name":"Schützengasse"},"geometry":{"type":"Point","coordinates":[8.537525,47.377131]}},{"type":"Feature","properties":{"art":"restaurant","name":"Astra"},"geometry":{"type":"Point","coordinates":[8.535549,47.374393]}},{"type":"Feature","properties":{"art":"bar","name":"4. Akt"},"geometry":{"type":"Point","coordinates":[8.521725,47.389523]}},{"type":"Feature","properties":{"art":"restaurant","name":"Pizza Bros"},"geometry":{"type":"Point","coordinates":[8.537357,47.409774]}},{"type":"Feature","properties":{"art":"restaurant","name":"Glogge-Egge"},"geometry":{"type":"Point","coordinates":[8.536686,47.372906]}},{"type":"Feature","properties":{"art":"restaurant","name":"James Joyce"},"geometry":{"type":"Point","coordinates":[8.537178,47.372204]}},{"type":"Feature","properties":{"art":"restaurant","name":"Aurora"},"geometry":{"type":"Point","coordinates":[8.537982,47.373204]}},{"type":"Feature","properties":{"art":"restaurant","name":"Café Zähringer"},"geometry":{"type":"Point","coordinates":[8.544795,47.3736]}},{"type":"Feature","properties":{"art":"restaurant","name":"Il Tartufo"},"geometry":{"type":"Point","coordinates":[8.533395,47.360198]}},{"type":"Feature","properties":{"art":"restaurant","name":"L'Altro"},"geometry":{"type":"Point","coordinates":[8.534079,47.360065]}},{"type":"Feature","properties":{"art":"restaurant","name":"Sternen Da Guido"},"geometry":{"type":"Point","coordinates":[8.531843,47.359705]}},{"type":"Feature","properties":{"art":"restaurant","name":"Amara"},"geometry":{"type":"Point","coordinates":[8.532308,47.363508]}},{"type":"Feature","properties":{"art":"restaurant","name":"Ruen Tai"},"geometry":{"type":"Point","coordinates":[8.532511,47.363742]}},{"type":"Feature","properties":{"art":"restaurant","name":"La Mimosa"},"geometry":{"type":"Point","coordinates":[8.5339,47.363515]}},{"type":"Feature","properties":{"art":"buehne","name":"Theater Purpur"},"geometry":{"type":"Point","coordinates":[8.530805,47.362158]}},{"type":"Feature","properties":{"art":"bar","name":"Supermarket"},"geometry":{"type":"Point","coordinates":[8.519944,47.385504]}},{"type":"Feature","properties":{"art":"bar","name":"Almodo Bar"},"geometry":{"type":"Point","coordinates":[8.533387,47.366977]}},{"type":"Feature","properties":{"art":"bar","name":"Barfly'z"},"geometry":{"type":"Point","coordinates":[8.536789,47.365884]}},{"type":"Feature","properties":{"art":"restaurant","name":"Old Inn"},"geometry":{"type":"Point","coordinates":[8.532561,47.365841]}},{"type":"Feature","properties":{"art":"restaurant","name":"McDonald's"},"geometry":{"type":"Point","coordinates":[8.53213,47.364335]}},{"type":"Feature","properties":{"art":"bar","name":"Seebad Enge"},"geometry":{"type":"Point","coordinates":[8.53705,47.361735]}},{"type":"Feature","properties":{"art":"restaurant","name":"greperey - crêpes & drinks"},"geometry":{"type":"Point","coordinates":[8.543739,47.372313]}},{"type":"Feature","properties":{"art":"bar","name":"Plaza Klub"},"geometry":{"type":"Point","coordinates":[8.5248,47.374151]}},{"type":"Feature","properties":{"art":"bar","name":"Plaza Bar"},"geometry":{"type":"Point","coordinates":[8.524726,47.374167]}},{"type":"Feature","properties":{"art":"restaurant","name":"Don Weber"},"geometry":{"type":"Point","coordinates":[8.52444,47.387861]}},{"type":"Feature","properties":{"art":"bar","name":"Palais Mascotte"},"geometry":{"type":"Point","coordinates":[8.546772,47.366294]}},{"type":"Feature","properties":{"art":"restaurant","name":"Quartier 5 Restaurant & Bar"},"geometry":{"type":"Point","coordinates":[8.51322,47.393791]}},{"type":"Feature","properties":{"art":"restaurant","name":"Cucina"},"geometry":{"type":"Point","coordinates":[8.507804,47.39362]}},{"type":"Feature","properties":{"art":"cafe","name":"Hotz"},"geometry":{"type":"Point","coordinates":[8.639475,47.370856]}},{"type":"Feature","properties":{"art":"bar","name":"KWEER"},"geometry":{"type":"Point","coordinates":[8.544624,47.373554]}},{"type":"Feature","properties":{"art":"bar","name":"Kaufleuten Klubsaal"},"geometry":{"type":"Point","coordinates":[8.536424,47.37181]}},{"type":"Feature","properties":{"art":"buehne","name":"Tremonte Catering & Events"},"geometry":{"type":"Point","coordinates":[8.52081,47.369884]}},{"type":"Feature","properties":{"art":"restaurant","name":"OKO"},"geometry":{"type":"Point","coordinates":[8.528216,47.372671]}},{"type":"Feature","properties":{"art":"cafe","name":"St. Jakob Beck"},"geometry":{"type":"Point","coordinates":[8.52784,47.373805]}},{"type":"Feature","properties":{"art":"restaurant","name":"Primitivo"},"geometry":{"type":"Point","coordinates":[8.536237,47.385114]}},{"type":"Feature","properties":{"art":"restaurant","name":"Hang's"},"geometry":{"type":"Point","coordinates":[8.540876,47.397205]}},{"type":"Feature","properties":{"art":"cafe","name":"Starbucks"},"geometry":{"type":"Point","coordinates":[8.531771,47.364702]}},{"type":"Feature","properties":{"art":"restaurant","name":"Les Halles"},"geometry":{"type":"Point","coordinates":[8.518645,47.387863]}},{"type":"Feature","properties":{"art":"restaurant","name":"Toscano im Puls 5"},"geometry":{"type":"Point","coordinates":[8.51791,47.390056]}},{"type":"Feature","properties":{"art":"bar","name":"Sphères"},"geometry":{"type":"Point","coordinates":[8.518795,47.391926]}},{"type":"Feature","properties":{"art":"cafe","name":"Juni"},"geometry":{"type":"Point","coordinates":[8.538914,47.369699]}},{"type":"Feature","properties":{"art":"restaurant","name":"Fusio"},"geometry":{"type":"Point","coordinates":[8.540353,47.414333]}},{"type":"Feature","properties":{"art":"restaurant","name":"Die Waid"},"geometry":{"type":"Point","coordinates":[8.515406,47.399962]}},{"type":"Feature","properties":{"art":"restaurant","name":"Dông Quê"},"geometry":{"type":"Point","coordinates":[8.54843,47.42025]}},{"type":"Feature","properties":{"art":"bar","name":"Machiavelli"},"geometry":{"type":"Point","coordinates":[8.54953,47.420771]}},{"type":"Feature","properties":{"art":"treff","name":"Jugendarbeit"},"geometry":{"type":"Point","coordinates":[8.549335,47.42155]}},{"type":"Feature","properties":{"art":"restaurant","name":"I Cugini"},"geometry":{"type":"Point","coordinates":[8.546909,47.419484]}},{"type":"Feature","properties":{"art":"restaurant","name":"Metzgerhalle"},"geometry":{"type":"Point","coordinates":[8.546478,47.410062]}},{"type":"Feature","properties":{"art":"restaurant","name":"Rolli's Steakhouse"},"geometry":{"type":"Point","coordinates":[8.546421,47.409826]}},{"type":"Feature","properties":{"art":"restaurant","name":"Bellucci"},"geometry":{"type":"Point","coordinates":[8.546991,47.410939]}},{"type":"Feature","properties":{"art":"restaurant","name":"Kobal"},"geometry":{"type":"Point","coordinates":[8.524375,47.375669]}},{"type":"Feature","properties":{"art":"bar","name":"Sport"},"geometry":{"type":"Point","coordinates":[8.524557,47.375605]}},{"type":"Feature","properties":{"art":"restaurant","name":"Huberta"},"geometry":{"type":"Point","coordinates":[8.498344,47.377552]}},{"type":"Feature","properties":{"art":"restaurant","name":"Casa Helvetia"},"geometry":{"type":"Point","coordinates":[8.525964,47.376529]}},{"type":"Feature","properties":{"art":"restaurant","name":"Tenz Momo"},"geometry":{"type":"Point","coordinates":[8.526297,47.377552]}},{"type":"Feature","properties":{"art":"restaurant","name":"Jaime El Barco"},"geometry":{"type":"Point","coordinates":[8.540897,47.414817]}},{"type":"Feature","properties":{"art":"restaurant","name":"Kitchen & Bar by Courtyard"},"geometry":{"type":"Point","coordinates":[8.540855,47.414313]}},{"type":"Feature","properties":{"art":"restaurant","name":"Santa Lucia"},"geometry":{"type":"Point","coordinates":[8.546233,47.409205]}},{"type":"Feature","properties":{"art":"restaurant","name":"Cheyenne"},"geometry":{"type":"Point","coordinates":[8.545706,47.40993]}},{"type":"Feature","properties":{"art":"restaurant","name":"Il Salento"},"geometry":{"type":"Point","coordinates":[8.494874,47.379283]}},{"type":"Feature","properties":{"art":"restaurant","name":"La Baracca"},"geometry":{"type":"Point","coordinates":[8.522301,47.376174]}},{"type":"Feature","properties":{"art":"restaurant","name":"Chichería Cantina"},"geometry":{"type":"Point","coordinates":[8.522225,47.373982]}},{"type":"Feature","properties":{"art":"restaurant","name":"Fribourger Stübli"},"geometry":{"type":"Point","coordinates":[8.528181,47.375039]}},{"type":"Feature","properties":{"art":"restaurant","name":"LILY'S"},"geometry":{"type":"Point","coordinates":[8.529604,47.38254]}},{"type":"Feature","properties":{"art":"restaurant","name":"Saravanaa Bhavan"},"geometry":{"type":"Point","coordinates":[8.535575,47.381888]}},{"type":"Feature","properties":{"art":"restaurant","name":"FiveSpice"},"geometry":{"type":"Point","coordinates":[8.516428,47.37583]}},{"type":"Feature","properties":{"art":"bar","name":"Garibaldi"},"geometry":{"type":"Point","coordinates":[8.532356,47.364839]}},{"type":"Feature","properties":{"art":"restaurant","name":"Suan Long"},"geometry":{"type":"Point","coordinates":[8.524404,47.374859]}},{"type":"Feature","properties":{"art":"restaurant","name":"Yuma"},"geometry":{"type":"Point","coordinates":[8.523973,47.374422]}},{"type":"Feature","properties":{"art":"bar","name":"Elisaburg"},"geometry":{"type":"Point","coordinates":[8.523207,47.372409]}},{"type":"Feature","properties":{"art":"restaurant","name":"Le Cèdre"},"geometry":{"type":"Point","coordinates":[8.526495,47.373883]}},{"type":"Feature","properties":{"art":"restaurant","name":"Sarajevska Ćevabdžinica"},"geometry":{"type":"Point","coordinates":[8.492623,47.377994]}},{"type":"Feature","properties":{"art":"bar","name":"Trattoria Neumarkt"},"geometry":{"type":"Point","coordinates":[8.54563,47.372581]}},{"type":"Feature","properties":{"art":"restaurant","name":"Derby"},"geometry":{"type":"Point","coordinates":[8.516335,47.37612]}},{"type":"Feature","properties":{"art":"restaurant","name":"Bunzai"},"geometry":{"type":"Point","coordinates":[8.51627,47.376432]}},{"type":"Feature","properties":{"art":"restaurant","name":"EquiTable"},"geometry":{"type":"Point","coordinates":[8.521149,47.377861]}},{"type":"Feature","properties":{"art":"bar","name":"Dali's Bar"},"geometry":{"type":"Point","coordinates":[8.517806,47.374823]}},{"type":"Feature","properties":{"art":"restaurant","name":"L'Artista"},"geometry":{"type":"Point","coordinates":[8.517831,47.375093]}},{"type":"Feature","properties":{"art":"bar","name":"Bar Stadio"},"geometry":{"type":"Point","coordinates":[8.518544,47.37489]}},{"type":"Feature","properties":{"art":"restaurant","name":"The Butcher"},"geometry":{"type":"Point","coordinates":[8.622286,47.414181]}},{"type":"Feature","properties":{"art":"bar","name":"Raygrodski"},"geometry":{"type":"Point","coordinates":[8.516751,47.374717]}},{"type":"Feature","properties":{"art":"restaurant","name":"Miki Ramen"},"geometry":{"type":"Point","coordinates":[8.516591,47.375274]}},{"type":"Feature","properties":{"art":"restaurant","name":"Masala"},"geometry":{"type":"Point","coordinates":[8.528978,47.373019]}},{"type":"Feature","properties":{"art":"restaurant","name":"Migros Restaurant"},"geometry":{"type":"Point","coordinates":[8.508576,47.420226]}},{"type":"Feature","properties":{"art":"bar","name":"2. Akt"},"geometry":{"type":"Point","coordinates":[8.533639,47.36983]}},{"type":"Feature","properties":{"art":"restaurant","name":"Antica Roma"},"geometry":{"type":"Point","coordinates":[8.531828,47.370223]}},{"type":"Feature","properties":{"art":"cafe","name":"CaBaRe"},"geometry":{"type":"Point","coordinates":[8.477457,47.413889]}},{"type":"Feature","properties":{"art":"restaurant","name":"S-Family"},"geometry":{"type":"Point","coordinates":[8.517765,47.374375]}},{"type":"Feature","properties":{"art":"bar","name":"Brick"},"geometry":{"type":"Point","coordinates":[8.524477,47.375436]}},{"type":"Feature","properties":{"art":"cafe","name":"Starbucks"},"geometry":{"type":"Point","coordinates":[8.544195,47.37658]}},{"type":"Feature","properties":{"art":"bar","name":"Gräbli-Bar"},"geometry":{"type":"Point","coordinates":[8.544109,47.375597]}},{"type":"Feature","properties":{"art":"restaurant","name":"10' dieci"},"geometry":{"type":"Point","coordinates":[8.543925,47.37453]}},{"type":"Feature","properties":{"art":"restaurant","name":"Rheinfelder Bierhalle"},"geometry":{"type":"Point","coordinates":[8.544156,47.375908]}},{"type":"Feature","properties":{"art":"bar","name":"Kon-Tiki"},"geometry":{"type":"Point","coordinates":[8.543771,47.373828]}},{"type":"Feature","properties":{"art":"restaurant","name":"Karl der Grosse"},"geometry":{"type":"Point","coordinates":[8.544585,47.369781]}},{"type":"Feature","properties":{"art":"restaurant","name":"Restaurant Werdinsel"},"geometry":{"type":"Point","coordinates":[8.489363,47.399358]}},{"type":"Feature","properties":{"art":"bar","name":"Play Bar"},"geometry":{"type":"Point","coordinates":[8.514632,47.376228]}},{"type":"Feature","properties":{"art":"restaurant","name":"Camino"},"geometry":{"type":"Point","coordinates":[8.532729,47.377071]}},{"type":"Feature","properties":{"art":"restaurant","name":"Ooki Pavillon Letzigrund"},"geometry":{"type":"Point","coordinates":[8.504059,47.380755]}},{"type":"Feature","properties":{"art":"bar","name":"La Catedral"},"geometry":{"type":"Point","coordinates":[8.523804,47.370758]}},{"type":"Feature","properties":{"art":"restaurant","name":"Stazione Paradiso"},"geometry":{"type":"Point","coordinates":[8.534033,47.386737]}},{"type":"Feature","properties":{"art":"cafe","name":"bQm Kulturcafé & Bar"},"geometry":{"type":"Point","coordinates":[8.54664,47.375925]}},{"type":"Feature","properties":{"art":"restaurant","name":"SV Mensa Polyterrasse"},"geometry":{"type":"Point","coordinates":[8.546537,47.376303]}},{"type":"Feature","properties":{"art":"cafe","name":"Tannenbar"},"geometry":{"type":"Point","coordinates":[8.547867,47.377395]}},{"type":"Feature","properties":{"art":"restaurant","name":"Clausiusbar"},"geometry":{"type":"Point","coordinates":[8.547,47.377256]}},{"type":"Feature","properties":{"art":"restaurant","name":"food&lab"},"geometry":{"type":"Point","coordinates":[8.548805,47.378314]}},{"type":"Feature","properties":{"art":"museum","name":"Zivilschutzmuseum"},"geometry":{"type":"Point","coordinates":[8.526978,47.391959]}},{"type":"Feature","properties":{"art":"restaurant","name":"Bernerhof"},"geometry":{"type":"Point","coordinates":[8.532059,47.374599]}},{"type":"Feature","properties":{"art":"restaurant","name":"Ristorante Italia"},"geometry":{"type":"Point","coordinates":[8.529295,47.376373]}},{"type":"Feature","properties":{"art":"restaurant","name":"Gonzalez"},"geometry":{"type":"Point","coordinates":[8.540288,47.396265]}},{"type":"Feature","properties":{"art":"cafe","name":"Rathaus-Café"},"geometry":{"type":"Point","coordinates":[8.542608,47.372079]}},{"type":"Feature","properties":{"art":"restaurant","name":"Johanniter"},"geometry":{"type":"Point","coordinates":[8.544143,47.375751]}},{"type":"Feature","properties":{"art":"restaurant","name":"Bierhalle Wolf"},"geometry":{"type":"Point","coordinates":[8.543866,47.375826]}},{"type":"Feature","properties":{"art":"restaurant","name":"Tao's"},"geometry":{"type":"Point","coordinates":[8.540148,47.371451]}},{"type":"Feature","properties":{"art":"restaurant","name":"Kropf"},"geometry":{"type":"Point","coordinates":[8.540216,47.370652]}},{"type":"Feature","properties":{"art":"restaurant","name":"Bindella"},"geometry":{"type":"Point","coordinates":[8.540643,47.370685]}},{"type":"Feature","properties":{"art":"restaurant","name":"Aargauerhof"},"geometry":{"type":"Point","coordinates":[8.526169,47.377367]}},{"type":"Feature","properties":{"art":"bibliothek","name":"PBZ Bibliothek Unterstrass"},"geometry":{"type":"Point","coordinates":[8.542541,47.394619]}},{"type":"Feature","properties":{"art":"bar","name":"Kauz"},"geometry":{"type":"Point","coordinates":[8.53697,47.381565]}},{"type":"Feature","properties":{"art":"bibliothek","name":"Bibliothek Ebmatingen"},"geometry":{"type":"Point","coordinates":[8.637601,47.352684]}},{"type":"Feature","properties":{"art":"cafe","name":"Caffé Handelshof"},"geometry":{"type":"Point","coordinates":[8.535587,47.373082]}},{"type":"Feature","properties":{"art":"restaurant","name":"Zunfthaus zur Schmiden"},"geometry":{"type":"Point","coordinates":[8.543908,47.372183]}},{"type":"Feature","properties":{"art":"bar","name":"Cranberry"},"geometry":{"type":"Point","coordinates":[8.543208,47.372162]}},{"type":"Feature","properties":{"art":"cafe","name":"Gran Café Motta"},"geometry":{"type":"Point","coordinates":[8.542959,47.372316]}},{"type":"Feature","properties":{"art":"restaurant","name":"Kantorei"},"geometry":{"type":"Point","coordinates":[8.545533,47.372428]}},{"type":"Feature","properties":{"art":"bar","name":"Wystube Isebähnli"},"geometry":{"type":"Point","coordinates":[8.544838,47.373164]}},{"type":"Feature","properties":{"art":"restaurant","name":"Beke"},"geometry":{"type":"Point","coordinates":[8.515,47.37486]}},{"type":"Feature","properties":{"art":"restaurant","name":"Et Cetera"},"geometry":{"type":"Point","coordinates":[8.510437,47.372333]}},{"type":"Feature","properties":{"art":"restaurant","name":"Treffpunkt"},"geometry":{"type":"Point","coordinates":[8.509914,47.370498]}},{"type":"Feature","properties":{"art":"bar","name":"Paddy Reilly's"},"geometry":{"type":"Point","coordinates":[8.534629,47.372152]}},{"type":"Feature","properties":{"art":"bar","name":"UrbanVior"},"geometry":{"type":"Point","coordinates":[8.5347,47.372851]}},{"type":"Feature","properties":{"art":"restaurant","name":"Gotthard Bar"},"geometry":{"type":"Point","coordinates":[8.525836,47.376913]}},{"type":"Feature","properties":{"art":"restaurant","name":"Frohsinn"},"geometry":{"type":"Point","coordinates":[8.573201,47.431759]}},{"type":"Feature","properties":{"art":"restaurant","name":"Bababobo"},"geometry":{"type":"Point","coordinates":[8.630546,47.375753]}},{"type":"Feature","properties":{"art":"restaurant","name":"Sternen"},"geometry":{"type":"Point","coordinates":[8.639063,47.37043]}},{"type":"Feature","properties":{"art":"restaurant","name":"Yu-An"},"geometry":{"type":"Point","coordinates":[8.527387,47.372601]}},{"type":"Feature","properties":{"art":"restaurant","name":"Ristorante Bar Certo"},"geometry":{"type":"Point","coordinates":[8.528974,47.372245]}},{"type":"Feature","properties":{"art":"restaurant","name":"Köchlistube"},"geometry":{"type":"Point","coordinates":[8.52377,47.373224]}},{"type":"Feature","properties":{"art":"bar","name":"Pelikanbar"},"geometry":{"type":"Point","coordinates":[8.536494,47.371751]}},{"type":"Feature","properties":{"art":"restaurant","name":"Kaufleuten Restaurant"},"geometry":{"type":"Point","coordinates":[8.536357,47.371632]}},{"type":"Feature","properties":{"art":"cafe","name":"Mops"},"geometry":{"type":"Point","coordinates":[8.548887,47.37047]}},{"type":"Feature","properties":{"art":"restaurant","name":"Shilla"},"geometry":{"type":"Point","coordinates":[8.533809,47.381874]}},{"type":"Feature","properties":{"art":"restaurant","name":"Vulkan"},"geometry":{"type":"Point","coordinates":[8.533633,47.381998]}},{"type":"Feature","properties":{"art":"restaurant","name":"Bäckerei-Café Betschart"},"geometry":{"type":"Point","coordinates":[8.468243,47.315384]}},{"type":"Feature","properties":{"art":"buehne","name":"Sogar Theater"},"geometry":{"type":"Point","coordinates":[8.530284,47.383756]}},{"type":"Feature","properties":{"art":"bar","name":"Stall 6"},"geometry":{"type":"Point","coordinates":[8.534926,47.375144]}},{"type":"Feature","properties":{"art":"bar","name":"El Lokal"},"geometry":{"type":"Point","coordinates":[8.533673,47.374407]}},{"type":"Feature","properties":{"art":"bar","name":"Kir Royal"},"geometry":{"type":"Point","coordinates":[8.52612,47.376802]}},{"type":"Feature","properties":{"art":"restaurant","name":"Restaurant B"},"geometry":{"type":"Point","coordinates":[8.524436,47.377747]}},{"type":"Feature","properties":{"art":"buehne","name":"Theater am Neumarkt"},"geometry":{"type":"Point","coordinates":[8.545755,47.372645]}},{"type":"Feature","properties":{"art":"buehne","name":"Theater Stadelhofen"},"geometry":{"type":"Point","coordinates":[8.547387,47.366947]}},{"type":"Feature","properties":{"art":"buehne","name":"ComedyHaus"},"geometry":{"type":"Point","coordinates":[8.508589,47.378206]}},{"type":"Feature","properties":{"art":"buehne","name":"Maag Music Hall"},"geometry":{"type":"Point","coordinates":[8.516915,47.386856]}},{"type":"Feature","properties":{"art":"buehne","name":"Kulturmarkt"},"geometry":{"type":"Point","coordinates":[8.5154,47.3716]}},{"type":"Feature","properties":{"art":"cafe","name":"Plüsch"},"geometry":{"type":"Point","coordinates":[8.516336,47.371335]}},{"type":"Feature","properties":{"art":"buehne","name":"Tanzhaus Zürich"},"geometry":{"type":"Point","coordinates":[8.530099,47.38901]}},{"type":"Feature","properties":{"art":"buehne","name":"Theater Rigiblick"},"geometry":{"type":"Point","coordinates":[8.553528,47.388144]}},{"type":"Feature","properties":{"art":"buehne","name":"Theater Weisser Wind"},"geometry":{"type":"Point","coordinates":[8.545618,47.368861]}},{"type":"Feature","properties":{"art":"buehne","name":"Keller62"},"geometry":{"type":"Point","coordinates":[8.550602,47.371497]}},{"type":"Feature","properties":{"art":"buehne","name":"Fabriktheater"},"geometry":{"type":"Point","coordinates":[8.536296,47.343707]}},{"type":"Feature","properties":{"art":"buehne","name":"Dock18"},"geometry":{"type":"Point","coordinates":[8.535763,47.343416]}},{"type":"Feature","properties":{"art":"buehne","name":"Theater Winkelwiese"},"geometry":{"type":"Point","coordinates":[8.546732,47.37016]}},{"type":"Feature","properties":{"art":"buehne","name":"estia Home of Taste"},"geometry":{"type":"Point","coordinates":[8.508447,47.384859]}},{"type":"Feature","properties":{"art":"buehne","name":"Theaterhaus Gessnerallee"},"geometry":{"type":"Point","coordinates":[8.53488,47.37495]}},{"type":"Feature","properties":{"art":"restaurant","name":"Pizzeria Corallo"},"geometry":{"type":"Point","coordinates":[8.54146,47.38654]}},{"type":"Feature","properties":{"art":"restaurant","name":"Kreis 6"},"geometry":{"type":"Point","coordinates":[8.545285,47.386113]}},{"type":"Feature","properties":{"art":"bar","name":"Werk 21"},"geometry":{"type":"Point","coordinates":[8.539406,47.383225]}},{"type":"Feature","properties":{"art":"restaurant","name":"Chuchi am Wasser"},"geometry":{"type":"Point","coordinates":[8.539664,47.383027]}},{"type":"Feature","properties":{"art":"buehne","name":"Tonhalle"},"geometry":{"type":"Point","coordinates":[8.53786,47.366094]}},{"type":"Feature","properties":{"art":"buehne","name":"Casino-Saal Aussersihl"},"geometry":{"type":"Point","coordinates":[8.526808,47.37407]}},{"type":"Feature","properties":{"art":"restaurant","name":"Pizzeria La Fontana"},"geometry":{"type":"Point","coordinates":[8.634558,47.416267]}},{"type":"Feature","properties":{"art":"bar","name":"Rösslibar"},"geometry":{"type":"Point","coordinates":[8.544368,47.369246]}},{"type":"Feature","properties":{"art":"restaurant","name":"zum Grünen Glas"},"geometry":{"type":"Point","coordinates":[8.545772,47.371533]}},{"type":"Feature","properties":{"art":"restaurant","name":"Piadina Bar"},"geometry":{"type":"Point","coordinates":[8.54384,47.37272]}},{"type":"Feature","properties":{"art":"restaurant","name":"Haus zum Rüden"},"geometry":{"type":"Point","coordinates":[8.543202,47.370857]}},{"type":"Feature","properties":{"art":"restaurant","name":"Mère Catherine"},"geometry":{"type":"Point","coordinates":[8.543806,47.370866]}},{"type":"Feature","properties":{"art":"cafe","name":"Le Pain Quotidien"},"geometry":{"type":"Point","coordinates":[8.560598,47.36837]}},{"type":"Feature","properties":{"art":"restaurant","name":"Arcade Pizzeria"},"geometry":{"type":"Point","coordinates":[8.524349,47.371054]}},{"type":"Feature","properties":{"art":"restaurant","name":"Weinstube 1923"},"geometry":{"type":"Point","coordinates":[8.544126,47.37642]}},{"type":"Feature","properties":{"art":"cafe","name":"Schurter"},"geometry":{"type":"Point","coordinates":[8.544037,47.37633]}},{"type":"Feature","properties":{"art":"restaurant","name":"La Pasta"},"geometry":{"type":"Point","coordinates":[8.544109,47.376013]}},{"type":"Feature","properties":{"art":"restaurant","name":"Da Raffaele"},"geometry":{"type":"Point","coordinates":[8.544127,47.375826]}},{"type":"Feature","properties":{"art":"restaurant","name":"N-68"},"geometry":{"type":"Point","coordinates":[8.544118,47.375666]}},{"type":"Feature","properties":{"art":"bar","name":"5. Akt"},"geometry":{"type":"Point","coordinates":[8.544079,47.375494]}},{"type":"Feature","properties":{"art":"bar","name":"Big Ben Pub"},"geometry":{"type":"Point","coordinates":[8.543933,47.375158]}},{"type":"Feature","properties":{"art":"restaurant","name":"Iberia"},"geometry":{"type":"Point","coordinates":[8.543734,47.374898]}},{"type":"Feature","properties":{"art":"bar","name":"Cana Bar"},"geometry":{"type":"Point","coordinates":[8.543906,47.374669]}},{"type":"Feature","properties":{"art":"restaurant","name":"Osteria Borgo"},"geometry":{"type":"Point","coordinates":[8.543737,47.374659]}},{"type":"Feature","properties":{"art":"bar","name":"Züri Bar"},"geometry":{"type":"Point","coordinates":[8.543775,47.373907]}},{"type":"Feature","properties":{"art":"bar","name":"Hotel Schäfli"},"geometry":{"type":"Point","coordinates":[8.543359,47.373807]}},{"type":"Feature","properties":{"art":"restaurant","name":"Steakhouse Old Town"},"geometry":{"type":"Point","coordinates":[8.543641,47.373697]}},{"type":"Feature","properties":{"art":"restaurant","name":"Vallocaia"},"geometry":{"type":"Point","coordinates":[8.543635,47.373487]}},{"type":"Feature","properties":{"art":"restaurant","name":"Brasserie Louis"},"geometry":{"type":"Point","coordinates":[8.54386,47.373]}},{"type":"Feature","properties":{"art":"restaurant","name":"Spaghetti Factory"},"geometry":{"type":"Point","coordinates":[8.54366,47.372906]}},{"type":"Feature","properties":{"art":"restaurant","name":"Trattoria Sempre"},"geometry":{"type":"Point","coordinates":[8.543659,47.372988]}},{"type":"Feature","properties":{"art":"bar","name":"Edi's Weinstube"},"geometry":{"type":"Point","coordinates":[8.543507,47.37233]}},{"type":"Feature","properties":{"art":"restaurant","name":"Raclette Factory"},"geometry":{"type":"Point","coordinates":[8.54393,47.372381]}},{"type":"Feature","properties":{"art":"restaurant","name":"Rheinfelder Bierhaus"},"geometry":{"type":"Point","coordinates":[8.543735,47.37213]}},{"type":"Feature","properties":{"art":"bar","name":"BarMünster"},"geometry":{"type":"Point","coordinates":[8.543887,47.371675]}},{"type":"Feature","properties":{"art":"buehne","name":"cabaret voltaire"},"geometry":{"type":"Point","coordinates":[8.543931,47.371609]}},{"type":"Feature","properties":{"art":"cafe","name":"Café & Conditorei 1842"},"geometry":{"type":"Point","coordinates":[8.54437,47.371489]}},{"type":"Feature","properties":{"art":"cafe","name":"Andorra"},"geometry":{"type":"Point","coordinates":[8.544304,47.371264]}},{"type":"Feature","properties":{"art":"restaurant","name":"Bodega Española"},"geometry":{"type":"Point","coordinates":[8.544161,47.371221]}},{"type":"Feature","properties":{"art":"restaurant","name":"Cucina"},"geometry":{"type":"Point","coordinates":[8.544541,47.370856]}},{"type":"Feature","properties":{"art":"museum","name":"Ortsmuseum Weid"},"geometry":{"type":"Point","coordinates":[8.456145,47.414584]}},{"type":"Feature","properties":{"art":"restaurant","name":"Wöschi"},"geometry":{"type":"Point","coordinates":[8.538102,47.340577]}},{"type":"Feature","properties":{"art":"treff","name":"Internationalhof Seebach"},"geometry":{"type":"Point","coordinates":[8.54734,47.419094]}},{"type":"Feature","properties":{"art":"restaurant","name":"Restaurant Sunneberg"},"geometry":{"type":"Point","coordinates":[8.543927,47.419508]}},{"type":"Feature","properties":{"art":"restaurant","name":"Restaurant zu den zwei Raben"},"geometry":{"type":"Point","coordinates":[8.43968,47.408467]}},{"type":"Feature","properties":{"art":"restaurant","name":"Vapiano"},"geometry":{"type":"Point","coordinates":[8.522994,47.358483]}},{"type":"Feature","properties":{"art":"restaurant","name":"Hong-Kong Food Paradise"},"geometry":{"type":"Point","coordinates":[8.523365,47.358522]}},{"type":"Feature","properties":{"art":"restaurant","name":"LaSalle"},"geometry":{"type":"Point","coordinates":[8.519117,47.388669]}},{"type":"Feature","properties":{"art":"restaurant","name":"Paprika"},"geometry":{"type":"Point","coordinates":[8.506555,47.378694]}},{"type":"Feature","properties":{"art":"restaurant","name":"Piccolo Giardino"},"geometry":{"type":"Point","coordinates":[8.525709,47.380803]}},{"type":"Feature","properties":{"art":"cafe","name":"Kafischnaps"},"geometry":{"type":"Point","coordinates":[8.535997,47.391225]}},{"type":"Feature","properties":{"art":"restaurant","name":"RestaurantBar"},"geometry":{"type":"Point","coordinates":[8.546413,47.408526]}},{"type":"Feature","properties":{"art":"buehne","name":"Tanzschule Läderach"},"geometry":{"type":"Point","coordinates":[8.547226,47.407628]}},{"type":"Feature","properties":{"art":"restaurant","name":"Restaurant Linde"},"geometry":{"type":"Point","coordinates":[8.469024,47.314756]}},{"type":"Feature","properties":{"art":"restaurant","name":"Restaurant Bahnhof Wiedikon"},"geometry":{"type":"Point","coordinates":[8.523364,47.370904]}},{"type":"Feature","properties":{"art":"restaurant","name":"Da Carlo"},"geometry":{"type":"Point","coordinates":[8.607545,47.395658]}},{"type":"Feature","properties":{"art":"restaurant","name":"zur Trotte"},"geometry":{"type":"Point","coordinates":[8.628606,47.356232]}},{"type":"Feature","properties":{"art":"bar","name":"Löwen"},"geometry":{"type":"Point","coordinates":[8.525829,47.395342]}},{"type":"Feature","properties":{"art":"bar","name":"Jolly Bar"},"geometry":{"type":"Point","coordinates":[8.550392,47.421583]}},{"type":"Feature","properties":{"art":"restaurant","name":"Al Dente"},"geometry":{"type":"Point","coordinates":[8.558704,47.423877]}},{"type":"Feature","properties":{"art":"restaurant","name":"BurnHeart's Schmankerl Dorfbeiz Kreuz"},"geometry":{"type":"Point","coordinates":[8.639397,47.370964]}},{"type":"Feature","properties":{"art":"cafe","name":"Alumni Lounge"},"geometry":{"type":"Point","coordinates":[8.506734,47.408257]}},{"type":"Feature","properties":{"art":"restaurant","name":"Fusion meal & coffee"},"geometry":{"type":"Point","coordinates":[8.507858,47.407748]}},{"type":"Feature","properties":{"art":"cafe"},"geometry":{"type":"Point","coordinates":[8.53366,47.312364]}},{"type":"Feature","properties":{"art":"restaurant","name":"Zen"},"geometry":{"type":"Point","coordinates":[8.521668,47.321727]}},{"type":"Feature","properties":{"art":"restaurant","name":"Restaurant & Pizzaria TOMATE"},"geometry":{"type":"Point","coordinates":[8.521807,47.31976]}},{"type":"Feature","properties":{"art":"bar","name":"Pot Belly's"},"geometry":{"type":"Point","coordinates":[8.521121,47.320029]}},{"type":"Feature","properties":{"art":"bibliothek","name":"PBZ Bibliothek Höngg"},"geometry":{"type":"Point","coordinates":[8.500155,47.40091]}},{"type":"Feature","properties":{"art":"museum","name":"Ortsmuseum Höngg"},"geometry":{"type":"Point","coordinates":[8.500175,47.403084]}},{"type":"Feature","properties":{"art":"cafe","name":"Soodmatte"},"geometry":{"type":"Point","coordinates":[8.524189,47.318556]}},{"type":"Feature","properties":{"art":"restaurant","name":"Bistro 909"},"geometry":{"type":"Point","coordinates":[8.527311,47.31118]}},{"type":"Feature","properties":{"art":"restaurant","name":"Al Ponte"},"geometry":{"type":"Point","coordinates":[8.526914,47.312031]}},{"type":"Feature","properties":{"art":"restaurant","name":"Capri"},"geometry":{"type":"Point","coordinates":[8.527908,47.311902]}},{"type":"Feature","properties":{"art":"restaurant","name":"barfüsser"},"geometry":{"type":"Point","coordinates":[8.527419,47.31246]}},{"type":"Feature","properties":{"art":"cafe","name":"Café Disler"},"geometry":{"type":"Point","coordinates":[8.525694,47.311598]}},{"type":"Feature","properties":{"art":"restaurant","name":"threeOfive"},"geometry":{"type":"Point","coordinates":[8.521282,47.389932]}},{"type":"Feature","properties":{"art":"cafe","name":"Bar & Kiosk Flussbad Unterer Letten"},"geometry":{"type":"Point","coordinates":[8.529742,47.389365]}},{"type":"Feature","properties":{"art":"treff","name":"Treff Ofenhalle"},"geometry":{"type":"Point","coordinates":[8.500347,47.422938]}},{"type":"Feature","properties":{"art":"cafe","name":"Bistro Park Stadelhofen"},"geometry":{"type":"Point","coordinates":[8.547757,47.366293]}},{"type":"Feature","properties":{"art":"restaurant","name":"Zur Au"},"geometry":{"type":"Point","coordinates":[8.440593,47.439878]}},{"type":"Feature","properties":{"art":"bar","name":"Matahari Bar"},"geometry":{"type":"Point","coordinates":[8.530931,47.384052]}},{"type":"Feature","properties":{"art":"restaurant","name":"Dal Boungustaio"},"geometry":{"type":"Point","coordinates":[8.545026,47.321601]}},{"type":"Feature","properties":{"art":"restaurant","name":"Oberer Mönchhof"},"geometry":{"type":"Point","coordinates":[8.544815,47.325901]}},{"type":"Feature","properties":{"art":"restaurant","name":"LA Brea SoCal Tacos"},"geometry":{"type":"Point","coordinates":[8.531724,47.382198]}},{"type":"Feature","properties":{"art":"restaurant","name":"Spicy Box"},"geometry":{"type":"Point","coordinates":[8.531247,47.382624]}},{"type":"Feature","properties":{"art":"restaurant","name":"cue"},"geometry":{"type":"Point","coordinates":[8.544905,47.373457]}},{"type":"Feature","properties":{"art":"museum","name":"Museum Rietberg"},"geometry":{"type":"Point","coordinates":[8.529735,47.358918]}},{"type":"Feature","properties":{"art":"restaurant","name":"Nooch Asian Kitchen"},"geometry":{"type":"Point","coordinates":[8.521379,47.388727]}},{"type":"Feature","properties":{"art":"restaurant","name":"Tibetasia"},"geometry":{"type":"Point","coordinates":[8.527837,47.384465]}},{"type":"Feature","properties":{"art":"bibliothek","name":"PBZ Bibliothek Sihlcity"},"geometry":{"type":"Point","coordinates":[8.522143,47.358039]}},{"type":"Feature","properties":{"art":"restaurant","name":"Der Wilde Kaiser"},"geometry":{"type":"Point","coordinates":[8.52259,47.358157]}},{"type":"Feature","properties":{"art":"restaurant","name":"Anemoia"},"geometry":{"type":"Point","coordinates":[8.528018,47.386361]}},{"type":"Feature","properties":{"art":"cafe","name":"Bistro Limmat"},"geometry":{"type":"Point","coordinates":[8.52999,47.38705]}},{"type":"Feature","properties":{"art":"restaurant","name":"Damas"},"geometry":{"type":"Point","coordinates":[8.527578,47.384599]}},{"type":"Feature","properties":{"art":"restaurant","name":"Werd"},"geometry":{"type":"Point","coordinates":[8.527024,47.37208]}},{"type":"Feature","properties":{"art":"restaurant","name":"Paneolio"},"geometry":{"type":"Point","coordinates":[8.52611,47.373159]}},{"type":"Feature","properties":{"art":"restaurant","name":"Saigon"},"geometry":{"type":"Point","coordinates":[8.532753,47.372992]}},{"type":"Feature","properties":{"art":"restaurant","name":"Choupette"},"geometry":{"type":"Point","coordinates":[8.532282,47.363839]}},{"type":"Feature","properties":{"art":"restaurant","name":"Eisenhof"},"geometry":{"type":"Point","coordinates":[8.52873,47.383628]}},{"type":"Feature","properties":{"art":"cafe","name":"Felix"},"geometry":{"type":"Point","coordinates":[8.544578,47.367453]}},{"type":"Feature","properties":{"art":"bar","name":"provitreff"},"geometry":{"type":"Point","coordinates":[8.530257,47.38746]}},{"type":"Feature","properties":{"art":"restaurant","name":"60 Seconds to Napoli"},"geometry":{"type":"Point","coordinates":[8.533862,47.37617]}},{"type":"Feature","properties":{"art":"restaurant","name":"Roter Stein"},"geometry":{"type":"Point","coordinates":[8.48477,47.388573]}},{"type":"Feature","properties":{"art":"restaurant","name":"Nordbrücke"},"geometry":{"type":"Point","coordinates":[8.529437,47.39337]}},{"type":"Feature","properties":{"art":"restaurant","name":"The Artisan"},"geometry":{"type":"Point","coordinates":[8.529676,47.393584]}},{"type":"Feature","properties":{"art":"restaurant","name":"Bowl & Wok"},"geometry":{"type":"Point","coordinates":[8.520783,47.364542]}},{"type":"Feature","properties":{"art":"restaurant","name":"Vietnam"},"geometry":{"type":"Point","coordinates":[8.517954,47.360678]}},{"type":"Feature","properties":{"art":"restaurant","name":"Utoburg"},"geometry":{"type":"Point","coordinates":[8.518016,47.361604]}},{"type":"Feature","properties":{"art":"restaurant","name":"Fallender Brunnenhof"},"geometry":{"type":"Point","coordinates":[8.535561,47.402817]}},{"type":"Feature","properties":{"art":"restaurant","name":"Zum Weissen Rössli"},"geometry":{"type":"Point","coordinates":[8.484182,47.375036]}},{"type":"Feature","properties":{"art":"cafe","name":"Café Max-Bill"},"geometry":{"type":"Point","coordinates":[8.540143,47.414347]}},{"type":"Feature","properties":{"art":"restaurant","name":"Hong-Kong Food Paradise"},"geometry":{"type":"Point","coordinates":[8.538789,47.413529]}},{"type":"Feature","properties":{"art":"restaurant","name":"Stripped Pizza"},"geometry":{"type":"Point","coordinates":[8.552136,47.360252]}},{"type":"Feature","properties":{"art":"museum","name":"Uhrenmuseum Beyer Zürich"},"geometry":{"type":"Point","coordinates":[8.538542,47.370925]}},{"type":"Feature","properties":{"art":"kunst","name":"Blumenuhr Bürkliplatz"},"geometry":{"type":"Point","coordinates":[8.540282,47.365891]}},{"type":"Feature","properties":{"art":"restaurant","name":"Spiga"},"geometry":{"type":"Point","coordinates":[8.595351,47.408562]}},{"type":"Feature","properties":{"art":"bar","name":"Xenix Bar"},"geometry":{"type":"Point","coordinates":[8.526056,47.375227]}},{"type":"Feature","properties":{"art":"restaurant","name":"Zum Guten Glück"},"geometry":{"type":"Point","coordinates":[8.519818,47.372707]}},{"type":"Feature","properties":{"art":"cafe","name":"Kafi für Dich"},"geometry":{"type":"Point","coordinates":[8.523006,47.377216]}},{"type":"Feature","properties":{"art":"museum","name":"Ortsmuseum Altstetten"},"geometry":{"type":"Point","coordinates":[8.480677,47.388622]}},{"type":"Feature","properties":{"art":"restaurant","name":"enso"},"geometry":{"type":"Point","coordinates":[8.483893,47.38221]}},{"type":"Feature","properties":{"art":"restaurant","name":"Villa Grillhaus"},"geometry":{"type":"Point","coordinates":[8.482307,47.396389]}},{"type":"Feature","properties":{"art":"cafe","name":"Kafi Tintefisch"},"geometry":{"type":"Point","coordinates":[8.51974,47.393034]}},{"type":"Feature","properties":{"art":"museum","name":"Haus Konstruktiv"},"geometry":{"type":"Point","coordinates":[8.525269,47.38913]}},{"type":"Feature","properties":{"art":"bibliothek","name":"Schweizerische Bibliothek für Blinde und Seh- und Lesebehinderte"},"geometry":{"type":"Point","coordinates":[8.516448,47.361977]}},{"type":"Feature","properties":{"art":"restaurant","name":"Drei Stuben"},"geometry":{"type":"Point","coordinates":[8.541645,47.383254]}},{"type":"Feature","properties":{"art":"restaurant","name":"Pizzeria Veneziana"},"geometry":{"type":"Point","coordinates":[8.541333,47.383118]}},{"type":"Feature","properties":{"art":"bar","name":"DoubleU Bar"},"geometry":{"type":"Point","coordinates":[8.543484,47.373781]}},{"type":"Feature","properties":{"art":"cafe","name":"Marea"},"geometry":{"type":"Point","coordinates":[8.543263,47.374564]}},{"type":"Feature","properties":{"art":"cafe","name":"Grande"},"geometry":{"type":"Point","coordinates":[8.543539,47.375372]}},{"type":"Feature","properties":{"art":"bar","name":"Grande Cafe & Bar"},"geometry":{"type":"Point","coordinates":[8.543598,47.375418]}},{"type":"Feature","properties":{"art":"cafe","name":"Topolino Plaza"},"geometry":{"type":"Point","coordinates":[8.613889,47.396555]}},{"type":"Feature","properties":{"art":"restaurant","name":"Miglio"},"geometry":{"type":"Point","coordinates":[8.61321,47.396434]}},{"type":"Feature","properties":{"art":"restaurant","name":"Safran"},"geometry":{"type":"Point","coordinates":[8.613568,47.396255]}},{"type":"Feature","properties":{"art":"restaurant","name":"Villa Barone"},"geometry":{"type":"Point","coordinates":[8.617397,47.396879]}},{"type":"Feature","properties":{"art":"cafe","name":"Cafe Mühle"},"geometry":{"type":"Point","coordinates":[8.623976,47.395227]}},{"type":"Feature","properties":{"art":"cafe","name":"Starbucks"},"geometry":{"type":"Point","coordinates":[8.537453,47.380125]}},{"type":"Feature","properties":{"art":"restaurant","name":"Asia Lena Take Away"},"geometry":{"type":"Point","coordinates":[8.638791,47.370915]}},{"type":"Feature","properties":{"art":"restaurant","name":"Thai Erawan"},"geometry":{"type":"Point","coordinates":[8.535807,47.368106]}},{"type":"Feature","properties":{"art":"bar","name":"Central"},"geometry":{"type":"Point","coordinates":[8.525839,47.374968]}},{"type":"Feature","properties":{"art":"restaurant","name":"Hardhof"},"geometry":{"type":"Point","coordinates":[8.510934,47.378165]}},{"type":"Feature","properties":{"art":"bar","name":"Meyer's"},"geometry":{"type":"Point","coordinates":[8.517591,47.375274]}},{"type":"Feature","properties":{"art":"cafe","name":"Kafi Dihei"},"geometry":{"type":"Point","coordinates":[8.513259,47.375256]}},{"type":"Feature","properties":{"art":"bar","name":"SI O NO"},"geometry":{"type":"Point","coordinates":[8.52395,47.372551]}},{"type":"Feature","properties":{"art":"bar","name":"Total Bar"},"geometry":{"type":"Point","coordinates":[8.528803,47.378787]}},{"type":"Feature","properties":{"art":"bar","name":"Mars Bar"},"geometry":{"type":"Point","coordinates":[8.527049,47.380473]}},{"type":"Feature","properties":{"art":"restaurant","name":"Gambrinus"},"geometry":{"type":"Point","coordinates":[8.527037,47.378758]}},{"type":"Feature","properties":{"art":"cafe","name":"Café Lang"},"geometry":{"type":"Point","coordinates":[8.531477,47.385108]}},{"type":"Feature","properties":{"art":"bar","name":"Hafenkneipe"},"geometry":{"type":"Point","coordinates":[8.533298,47.37633]}},{"type":"Feature","properties":{"art":"restaurant","name":"Pak Lok Haus"},"geometry":{"type":"Point","coordinates":[8.600189,47.414172]}},{"type":"Feature","properties":{"art":"restaurant","name":"La Perla Del Sud"},"geometry":{"type":"Point","coordinates":[8.515591,47.330759]}},{"type":"Feature","properties":{"art":"restaurant","name":"Live sushi fusion restaurant"},"geometry":{"type":"Point","coordinates":[8.536128,47.374089]}},{"type":"Feature","properties":{"art":"cafe","name":"Babu's Bakery & Coffeehouse"},"geometry":{"type":"Point","coordinates":[8.534363,47.373094]}},{"type":"Feature","properties":{"art":"bar","name":"Aktionshalle"},"geometry":{"type":"Point","coordinates":[8.53606,47.343371]}},{"type":"Feature","properties":{"art":"buehne","name":"Clubraum"},"geometry":{"type":"Point","coordinates":[8.535994,47.34363]}},{"type":"Feature","properties":{"art":"buehne","name":"Shedhalle"},"geometry":{"type":"Point","coordinates":[8.536425,47.343447]}},{"type":"Feature","properties":{"art":"bar","name":"Kasheme"},"geometry":{"type":"Point","coordinates":[8.529541,47.382793]}},{"type":"Feature","properties":{"art":"restaurant","name":"Akara‘s"},"geometry":{"type":"Point","coordinates":[8.488736,47.390686]}},{"type":"Feature","properties":{"art":"restaurant","name":"Brasserie Spirgarten"},"geometry":{"type":"Point","coordinates":[8.485459,47.387399]}},{"type":"Feature","properties":{"art":"bar","name":"Satay Bar"},"geometry":{"type":"Point","coordinates":[8.500108,47.383161]}},{"type":"Feature","properties":{"art":"bibliothek","name":"Bibliothek Zollikon"},"geometry":{"type":"Point","coordinates":[8.575812,47.338196]}},{"type":"Feature","properties":{"art":"bar","name":"Cha Cha Cha"},"geometry":{"type":"Point","coordinates":[8.543499,47.374691]}},{"type":"Feature","properties":{"art":"restaurant","name":"Restaurant Singapore"},"geometry":{"type":"Point","coordinates":[8.500056,47.383192]}},{"type":"Feature","properties":{"art":"restaurant","name":"Schumacher Bistro"},"geometry":{"type":"Point","coordinates":[8.599397,47.398344]}},{"type":"Feature","properties":{"art":"restaurant","name":"Salmen"},"geometry":{"type":"Point","coordinates":[8.448256,47.396041]}},{"type":"Feature","properties":{"art":"restaurant","name":"Zhong Hua"},"geometry":{"type":"Point","coordinates":[8.54474,47.375217]}},{"type":"Feature","properties":{"art":"restaurant","name":"Restaurant Haldenbach"},"geometry":{"type":"Point","coordinates":[8.546925,47.379967]}},{"type":"Feature","properties":{"art":"restaurant","name":"Ristorante Al Forno da Angelo"},"geometry":{"type":"Point","coordinates":[8.548337,47.380574]}},{"type":"Feature","properties":{"art":"cafe","name":"Café Oberstrass"},"geometry":{"type":"Point","coordinates":[8.547961,47.378251]}},{"type":"Feature","properties":{"art":"restaurant","name":"Hot Pasta"},"geometry":{"type":"Point","coordinates":[8.547952,47.378685]}},{"type":"Feature","properties":{"art":"bar","name":"The Alehouse Palmhof"},"geometry":{"type":"Point","coordinates":[8.54788,47.379083]}},{"type":"Feature","properties":{"art":"cafe","name":"Henrici"},"geometry":{"type":"Point","coordinates":[8.543682,47.372678]}},{"type":"Feature","properties":{"art":"cafe","name":"s' Werkstattkafi"},"geometry":{"type":"Point","coordinates":[8.616534,47.399313]}},{"type":"Feature","properties":{"art":"restaurant","name":"Wien Zeile"},"geometry":{"type":"Point","coordinates":[8.544474,47.374036]}},{"type":"Feature","properties":{"art":"bar","name":"Predigerhof"},"geometry":{"type":"Point","coordinates":[8.544464,47.374283]}},{"type":"Feature","properties":{"art":"cafe","name":"Raffael's Cafe & Bistro"},"geometry":{"type":"Point","coordinates":[8.545381,47.368076]}},{"type":"Feature","properties":{"art":"cafe","name":"Starbucks"},"geometry":{"type":"Point","coordinates":[8.54487,47.368049]}},{"type":"Feature","properties":{"art":"restaurant","name":"Bianchi"},"geometry":{"type":"Point","coordinates":[8.543012,47.373527]}},{"type":"Feature","properties":{"art":"restaurant","name":"Weinschenke"},"geometry":{"type":"Point","coordinates":[8.543461,47.373401]}},{"type":"Feature","properties":{"art":"restaurant","name":"Simon's Steakhouse"},"geometry":{"type":"Point","coordinates":[8.543634,47.373383]}},{"type":"Feature","properties":{"art":"cafe","name":"Colibri Bar"},"geometry":{"type":"Point","coordinates":[8.544051,47.373391]}},{"type":"Feature","properties":{"art":"restaurant","name":"Zum Königstuhl"},"geometry":{"type":"Point","coordinates":[8.543256,47.372575]}},{"type":"Feature","properties":{"art":"bar","name":"six"},"geometry":{"type":"Point","coordinates":[8.543163,47.373139]}},{"type":"Feature","properties":{"art":"bar","name":"Regenbogen"},"geometry":{"type":"Point","coordinates":[8.543285,47.373135]}},{"type":"Feature","properties":{"art":"restaurant","name":"Madrid"},"geometry":{"type":"Point","coordinates":[8.544683,47.373185]}},{"type":"Feature","properties":{"art":"bar","name":"Oliver Twist Pub"},"geometry":{"type":"Point","coordinates":[8.544277,47.372296]}},{"type":"Feature","properties":{"art":"restaurant","name":"Bauern Schänke"},"geometry":{"type":"Point","coordinates":[8.54521,47.372424]}},{"type":"Feature","properties":{"art":"bar","name":"01bar"},"geometry":{"type":"Point","coordinates":[8.543038,47.373723]}},{"type":"Feature","properties":{"art":"restaurant","name":"Restaurant Gasthof Hirschen"},"geometry":{"type":"Point","coordinates":[8.571762,47.404062]}},{"type":"Feature","properties":{"art":"bar","name":"Saatlen Pub"},"geometry":{"type":"Point","coordinates":[8.571009,47.405264]}},{"type":"Feature","properties":{"art":"restaurant","name":"Peking Garden"},"geometry":{"type":"Point","coordinates":[8.621131,47.399229]}},{"type":"Feature","properties":{"art":"restaurant","name":"Coco Grill & Bar"},"geometry":{"type":"Point","coordinates":[8.538439,47.368952]}},{"type":"Feature","properties":{"art":"restaurant","name":"Nagasui"},"geometry":{"type":"Point","coordinates":[8.532892,47.370233]}},{"type":"Feature","properties":{"art":"bar","name":"La Stanza"},"geometry":{"type":"Point","coordinates":[8.536786,47.368466]}},{"type":"Feature","properties":{"art":"cafe","name":"Nocciolina"},"geometry":{"type":"Point","coordinates":[8.536332,47.36826]}},{"type":"Feature","properties":{"art":"cafe","name":"Caffè Spettacolo"},"geometry":{"type":"Point","coordinates":[8.488457,47.39155]}},{"type":"Feature","properties":{"art":"restaurant","name":"Angkor"},"geometry":{"type":"Point","coordinates":[8.51724,47.390292]}},{"type":"Feature","properties":{"art":"bar","name":"Heaven Club"},"geometry":{"type":"Point","coordinates":[8.544106,47.373552]}},{"type":"Feature","properties":{"art":"restaurant","name":"toscano"},"geometry":{"type":"Point","coordinates":[8.543543,47.374778]}},{"type":"Feature","properties":{"art":"cafe","name":"YAMAN Café-Bar"},"geometry":{"type":"Point","coordinates":[8.543396,47.37469]}},{"type":"Feature","properties":{"art":"restaurant","name":"friskfisk.ch"},"geometry":{"type":"Point","coordinates":[8.543731,47.374567]}},{"type":"Feature","properties":{"art":"bar","name":"Alexis Bar"},"geometry":{"type":"Point","coordinates":[8.543916,47.374626]}},{"type":"Feature","properties":{"art":"restaurant","name":"Walliser Keller"},"geometry":{"type":"Point","coordinates":[8.544511,47.37498]}},{"type":"Feature","properties":{"art":"bar","name":"Fumoir"},"geometry":{"type":"Point","coordinates":[8.544164,47.375515]}},{"type":"Feature","properties":{"art":"bar","name":"Safari Bar"},"geometry":{"type":"Point","coordinates":[8.544479,47.375507]}},{"type":"Feature","properties":{"art":"bar","name":"Kame-Haus"},"geometry":{"type":"Point","coordinates":[8.544563,47.374443]}},{"type":"Feature","properties":{"art":"restaurant","name":"Dumpling Delights"},"geometry":{"type":"Point","coordinates":[8.544782,47.37453]}},{"type":"Feature","properties":{"art":"restaurant","name":"Raclette Stube"},"geometry":{"type":"Point","coordinates":[8.544783,47.374762]}},{"type":"Feature","properties":{"art":"restaurant","name":"The Bite"},"geometry":{"type":"Point","coordinates":[8.52779,47.377312]}},{"type":"Feature","properties":{"art":"restaurant","name":"Volkshaus"},"geometry":{"type":"Point","coordinates":[8.527125,47.375577]}},{"type":"Feature","properties":{"art":"bar","name":"Puschkin Club"},"geometry":{"type":"Point","coordinates":[8.527818,47.376864]}},{"type":"Feature","properties":{"art":"bar","name":"Amazonia Bar"},"geometry":{"type":"Point","coordinates":[8.526715,47.379768]}},{"type":"Feature","properties":{"art":"bar","name":"Roxy"},"geometry":{"type":"Point","coordinates":[8.526179,47.379617]}},{"type":"Feature","properties":{"art":"bar","name":"Lambada Bar Club"},"geometry":{"type":"Point","coordinates":[8.526863,47.378447]}},{"type":"Feature","properties":{"art":"bar","name":"Longstreet Bar Club"},"geometry":{"type":"Point","coordinates":[8.526942,47.378131]}},{"type":"Feature","properties":{"art":"restaurant","name":"Bossa Nova"},"geometry":{"type":"Point","coordinates":[8.527494,47.377075]}},{"type":"Feature","properties":{"art":"bar","name":"raedli"},"geometry":{"type":"Point","coordinates":[8.527658,47.377216]}},{"type":"Feature","properties":{"art":"cafe","name":"Kiosk Semal"},"geometry":{"type":"Point","coordinates":[8.528224,47.376537]}},{"type":"Feature","properties":{"art":"restaurant","name":"Brasserie Café de Paris"},"geometry":{"type":"Point","coordinates":[8.527878,47.376328]}},{"type":"Feature","properties":{"art":"cafe","name":"Green Mango Internet Cafe Bar"},"geometry":{"type":"Point","coordinates":[8.52652,47.377434]}},{"type":"Feature","properties":{"art":"restaurant","name":"Ach'i"},"geometry":{"type":"Point","coordinates":[8.528778,47.377044]}},{"type":"Feature","properties":{"art":"restaurant","name":"Thai-Food-Corner"},"geometry":{"type":"Point","coordinates":[8.52848,47.376926]}},{"type":"Feature","properties":{"art":"bar","name":"Norden"},"geometry":{"type":"Point","coordinates":[8.528498,47.376751]}},{"type":"Feature","properties":{"art":"restaurant","name":"Stubä"},"geometry":{"type":"Point","coordinates":[8.527082,47.377908]}},{"type":"Feature","properties":{"art":"restaurant","name":"Trübli Bar"},"geometry":{"type":"Point","coordinates":[8.529003,47.376564]}},{"type":"Feature","properties":{"art":"bar","name":"Red Light"},"geometry":{"type":"Point","coordinates":[8.527398,47.377473]}},{"type":"Feature","properties":{"art":"bar","name":"Monroe"},"geometry":{"type":"Point","coordinates":[8.527908,47.377466]}},{"type":"Feature","properties":{"art":"restaurant","name":"Baba Baos"},"geometry":{"type":"Point","coordinates":[8.524672,47.374761]}},{"type":"Feature","properties":{"art":"bar","name":"Lugano Bar"},"geometry":{"type":"Point","coordinates":[8.527312,47.378784]}},{"type":"Feature","properties":{"art":"restaurant","name":"Schweizerdegen El Papi"},"geometry":{"type":"Point","coordinates":[8.52718,47.378496]}},{"type":"Feature","properties":{"art":"cafe","name":"Lingo"},"geometry":{"type":"Point","coordinates":[8.531897,47.370901]}},{"type":"Feature","properties":{"art":"restaurant","name":"Grepery"},"geometry":{"type":"Point","coordinates":[8.527306,47.373587]}},{"type":"Feature","properties":{"art":"restaurant","name":"Geeren"},"geometry":{"type":"Point","coordinates":[8.607945,47.375581]}},{"type":"Feature","properties":{"art":"restaurant","name":"Bahnhöfli"},"geometry":{"type":"Point","coordinates":[8.621417,47.399461]}},{"type":"Feature","properties":{"art":"bar","name":"Coconut Bar"},"geometry":{"type":"Point","coordinates":[8.606612,47.400599]}},{"type":"Feature","properties":{"art":"restaurant","name":"Lunch & More"},"geometry":{"type":"Point","coordinates":[8.60562,47.400173]}},{"type":"Feature","properties":{"art":"kino","name":"Arena Filmcity"},"geometry":{"type":"Point","coordinates":[8.522567,47.358476]}},{"type":"Feature","properties":{"art":"restaurant","name":"Namaste"},"geometry":{"type":"Point","coordinates":[8.5395,47.414893]}},{"type":"Feature","properties":{"art":"treff","name":"Kafi Plus"},"geometry":{"type":"Point","coordinates":[8.539748,47.414903]}},{"type":"Feature","properties":{"art":"bar","name":"planet5"},"geometry":{"type":"Point","coordinates":[8.530413,47.387341]}},{"type":"Feature","properties":{"art":"restaurant","name":"Don Paco"},"geometry":{"type":"Point","coordinates":[8.52573,47.388451]}},{"type":"Feature","properties":{"art":"treff","name":"Jenseits Ruhepol"},"geometry":{"type":"Point","coordinates":[8.522448,47.386366]}},{"type":"Feature","properties":{"art":"cafe","name":"Jenseits Wohnzimmer"},"geometry":{"type":"Point","coordinates":[8.522346,47.386318]}},{"type":"Feature","properties":{"art":"buehne","name":"Club el Social"},"geometry":{"type":"Point","coordinates":[8.522229,47.386263]}},{"type":"Feature","properties":{"art":"treff","name":"Kindertreff Viadukt"},"geometry":{"type":"Point","coordinates":[8.522917,47.386563]}},{"type":"Feature","properties":{"art":"treff","name":"Kindertreff Viadukt"},"geometry":{"type":"Point","coordinates":[8.522799,47.386518]}},{"type":"Feature","properties":{"art":"cafe","name":"Ambrosi"},"geometry":{"type":"Point","coordinates":[8.524374,47.387049]}},{"type":"Feature","properties":{"art":"kunst","name":"Schwester Mond"},"geometry":{"type":"Point","coordinates":[8.545174,47.396949]}},{"type":"Feature","properties":{"art":"kunst","name":"Stier"},"geometry":{"type":"Point","coordinates":[8.53632,47.414251]}},{"type":"Feature","properties":{"art":"museum","name":"WOW Museum"},"geometry":{"type":"Point","coordinates":[8.54033,47.375022]}},{"type":"Feature","properties":{"art":"bar","name":"D-Vino"},"geometry":{"type":"Point","coordinates":[8.540071,47.376387]}},{"type":"Feature","properties":{"art":"cafe","name":"ViCafe"},"geometry":{"type":"Point","coordinates":[8.539582,47.376828]}},{"type":"Feature","properties":{"art":"cafe","name":"Bachmann"},"geometry":{"type":"Point","coordinates":[8.539449,47.376541]}},{"type":"Feature","properties":{"art":"cafe","name":"Starbucks"},"geometry":{"type":"Point","coordinates":[8.540148,47.376762]}},{"type":"Feature","properties":{"art":"bar","name":"Bar Zürichberg"},"geometry":{"type":"Point","coordinates":[8.567144,47.382455]}},{"type":"Feature","properties":{"art":"bibliothek","name":"PBZ Bibliothek Schwamendingen"},"geometry":{"type":"Point","coordinates":[8.573298,47.404486]}},{"type":"Feature","properties":{"art":"restaurant","name":"Sonnental"},"geometry":{"type":"Point","coordinates":[8.604321,47.395879]}},{"type":"Feature","properties":{"art":"cafe","name":"Hotz"},"geometry":{"type":"Point","coordinates":[8.617169,47.397728]}},{"type":"Feature","properties":{"art":"restaurant","name":"Punto 9"},"geometry":{"type":"Point","coordinates":[8.618727,47.398316]}},{"type":"Feature","properties":{"art":"restaurant","name":"Ototo - Sushi Dining"},"geometry":{"type":"Point","coordinates":[8.53082,47.392557]}},{"type":"Feature","properties":{"art":"restaurant","name":"Bistro Hà Nôi"},"geometry":{"type":"Point","coordinates":[8.617902,47.398554]}},{"type":"Feature","properties":{"art":"restaurant","name":"Golden India"},"geometry":{"type":"Point","coordinates":[8.545762,47.414823]}},{"type":"Feature","properties":{"art":"restaurant","name":"Zentral"},"geometry":{"type":"Point","coordinates":[8.543258,47.379929]}},{"type":"Feature","properties":{"art":"restaurant","name":"Casa Ferlin"},"geometry":{"type":"Point","coordinates":[8.54335,47.379769]}},{"type":"Feature","properties":{"art":"cafe","name":"Treffcafé"},"geometry":{"type":"Point","coordinates":[8.529454,47.359411]}},{"type":"Feature","properties":{"art":"restaurant","name":"Limmathof"},"geometry":{"type":"Point","coordinates":[8.52728,47.387496]}},{"type":"Feature","properties":{"art":"restaurant","name":"Alpenrose"},"geometry":{"type":"Point","coordinates":[8.528489,47.387163]}},{"type":"Feature","properties":{"art":"restaurant","name":"A Fatt"},"geometry":{"type":"Point","coordinates":[8.528949,47.386305]}},{"type":"Feature","properties":{"art":"cafe","name":"Caffetteria am Limmatplatz"},"geometry":{"type":"Point","coordinates":[8.53215,47.384711]}},{"type":"Feature","properties":{"art":"restaurant","name":"Tadka"},"geometry":{"type":"Point","coordinates":[8.533234,47.383255]}},{"type":"Feature","properties":{"art":"restaurant","name":"Chifa Izakaya"},"geometry":{"type":"Point","coordinates":[8.535758,47.382157]}},{"type":"Feature","properties":{"art":"buehne","name":"X-TRA"},"geometry":{"type":"Point","coordinates":[8.532934,47.384081]}},{"type":"Feature","properties":{"art":"restaurant","name":"Millennium"},"geometry":{"type":"Point","coordinates":[8.531922,47.384226]}},{"type":"Feature","properties":{"art":"kunst","name":"Elefant"},"geometry":{"type":"Point","coordinates":[8.578847,47.363098]}},{"type":"Feature","properties":{"art":"restaurant","name":"marktküche"},"geometry":{"type":"Point","coordinates":[8.523354,47.378717]}},{"type":"Feature","properties":{"art":"restaurant","name":"Carlton"},"geometry":{"type":"Point","coordinates":[8.537801,47.371459]}},{"type":"Feature","properties":{"art":"cafe","name":"Röschibach"},"geometry":{"type":"Point","coordinates":[8.524656,47.392737]}},{"type":"Feature","properties":{"art":"restaurant","name":"Coop Restaurant"},"geometry":{"type":"Point","coordinates":[8.541075,47.413689]}},{"type":"Feature","properties":{"art":"cafe","name":"Einstein & Zweistein"},"geometry":{"type":"Point","coordinates":[8.546603,47.376075]}},{"type":"Feature","properties":{"art":"restaurant","name":"Osteria Otto"},"geometry":{"type":"Point","coordinates":[8.540065,47.39018]}},{"type":"Feature","properties":{"art":"cafe","name":"Sorell Rex"},"geometry":{"type":"Point","coordinates":[8.543148,47.384786]}},{"type":"Feature","properties":{"art":"bar","name":"Rimini Bar"},"geometry":{"type":"Point","coordinates":[8.532904,47.371554]}},{"type":"Feature","properties":{"art":"bar","name":"Galactic Dance"},"geometry":{"type":"Point","coordinates":[8.493334,47.387915]}},{"type":"Feature","properties":{"art":"restaurant","name":"Gamper"},"geometry":{"type":"Point","coordinates":[8.525093,47.379131]}},{"type":"Feature","properties":{"art":"restaurant","name":"Za'atar"},"geometry":{"type":"Point","coordinates":[8.524946,47.379007]}},{"type":"Feature","properties":{"art":"restaurant","name":"Peking Garden"},"geometry":{"type":"Point","coordinates":[8.524534,47.37503]}},{"type":"Feature","properties":{"art":"restaurant","name":"Celia"},"geometry":{"type":"Point","coordinates":[8.525113,47.375865]}},{"type":"Feature","properties":{"art":"bar","name":"Il Tappo"},"geometry":{"type":"Point","coordinates":[8.524002,47.375841]}},{"type":"Feature","properties":{"art":"restaurant","name":"Pergola"},"geometry":{"type":"Point","coordinates":[8.520741,47.376737]}},{"type":"Feature","properties":{"art":"restaurant","name":"Brera"},"geometry":{"type":"Point","coordinates":[8.520211,47.377147]}},{"type":"Feature","properties":{"art":"restaurant","name":"Hot Wok"},"geometry":{"type":"Point","coordinates":[8.472907,47.435725]}},{"type":"Feature","properties":{"art":"restaurant","name":"Libanès"},"geometry":{"type":"Point","coordinates":[8.545822,47.416432]}},{"type":"Feature","properties":{"art":"cafe","name":"Hasan's Sandwich"},"geometry":{"type":"Point","coordinates":[8.544922,47.416393]}},{"type":"Feature","properties":{"art":"restaurant","name":"Kiosk / Restaurant"},"geometry":{"type":"Point","coordinates":[8.537935,47.404865]}},{"type":"Feature","properties":{"art":"restaurant","name":"Zebra Bistro"},"geometry":{"type":"Point","coordinates":[8.52254,47.377392]}},{"type":"Feature","properties":{"art":"restaurant","name":"Werkhof"},"geometry":{"type":"Point","coordinates":[8.523779,47.379427]}},{"type":"Feature","properties":{"art":"restaurant","name":"Burgermeister"},"geometry":{"type":"Point","coordinates":[8.524538,47.374566]}},{"type":"Feature","properties":{"art":"restaurant","name":"SO Pizza"},"geometry":{"type":"Point","coordinates":[8.525034,47.375242]}},{"type":"Feature","properties":{"art":"restaurant","name":"Queen Idia African Restaurant"},"geometry":{"type":"Point","coordinates":[8.523487,47.374202]}},{"type":"Feature","properties":{"art":"restaurant","name":"di Lenardo"},"geometry":{"type":"Point","coordinates":[8.521825,47.373701]}},{"type":"Feature","properties":{"art":"cafe","name":"Cafe Letzistübli"},"geometry":{"type":"Point","coordinates":[8.498589,47.377332]}},{"type":"Feature","properties":{"art":"cafe","name":"Bakery Bakery"},"geometry":{"type":"Point","coordinates":[8.539101,47.392057]}},{"type":"Feature","properties":{"art":"cafe","name":"Café Unterstrass"},"geometry":{"type":"Point","coordinates":[8.538627,47.392117]}},{"type":"Feature","properties":{"art":"bar","name":"Privé"},"geometry":{"type":"Point","coordinates":[8.525053,47.376849]}},{"type":"Feature","properties":{"art":"cafe","name":"Treff-Point Kiosk"},"geometry":{"type":"Point","coordinates":[8.525658,47.376614]}},{"type":"Feature","properties":{"art":"bar","name":"Karaoke 4 You Thai Kitchen"},"geometry":{"type":"Point","coordinates":[8.525124,47.376519]}},{"type":"Feature","properties":{"art":"restaurant","name":"Molino"},"geometry":{"type":"Point","coordinates":[8.528716,47.373485]}},{"type":"Feature","properties":{"art":"museum","name":"Blue Velvet Projects"},"geometry":{"type":"Point","coordinates":[8.524017,47.370768]}},{"type":"Feature","properties":{"art":"restaurant","name":"Ichizen"},"geometry":{"type":"Point","coordinates":[8.527454,47.373798]}},{"type":"Feature","properties":{"art":"cafe","name":"Cafe Neumärt"},"geometry":{"type":"Point","coordinates":[8.546731,47.372784]}},{"type":"Feature","properties":{"art":"museum","name":"Museum der Kulturen"},"geometry":{"type":"Point","coordinates":[8.544737,47.371967]}},{"type":"Feature","properties":{"art":"cafe","name":"Rare street coffee"},"geometry":{"type":"Point","coordinates":[8.543781,47.371689]}},{"type":"Feature","properties":{"art":"restaurant","name":"Hôtel Bourbon"},"geometry":{"type":"Point","coordinates":[8.544664,47.371692]}},{"type":"Feature","properties":{"art":"museum","name":"Python Gallery"},"geometry":{"type":"Point","coordinates":[8.545324,47.37023]}},{"type":"Feature","properties":{"art":"restaurant","name":"Le Dézaley Restaurant Vaudois"},"geometry":{"type":"Point","coordinates":[8.543866,47.370596]}},{"type":"Feature","properties":{"art":"restaurant","name":"Style Thai"},"geometry":{"type":"Point","coordinates":[8.543362,47.371076]}},{"type":"Feature","properties":{"art":"cafe","name":"Café Museum Rietberg"},"geometry":{"type":"Point","coordinates":[8.530052,47.358866]}},{"type":"Feature","properties":{"art":"restaurant","name":"La Côte"},"geometry":{"type":"Point","coordinates":[8.515938,47.37175]}},{"type":"Feature","properties":{"art":"bar","name":"Berta Bar"},"geometry":{"type":"Point","coordinates":[8.514193,47.374415]}},{"type":"Feature","properties":{"art":"restaurant","name":"Santa Lucia"},"geometry":{"type":"Point","coordinates":[8.549103,47.370095]}},{"type":"Feature","properties":{"art":"restaurant","name":"Don Leone"},"geometry":{"type":"Point","coordinates":[8.529097,47.374659]}},{"type":"Feature","properties":{"art":"restaurant","name":"Accademia del Gusto"},"geometry":{"type":"Point","coordinates":[8.528657,47.375334]}},{"type":"Feature","properties":{"art":"bar","name":"E.X. 4"},"geometry":{"type":"Point","coordinates":[8.528867,47.375737]}},{"type":"Feature","properties":{"art":"restaurant","name":"Ikoo"},"geometry":{"type":"Point","coordinates":[8.528796,47.374893]}},{"type":"Feature","properties":{"art":"restaurant","name":"D'Aurora"},"geometry":{"type":"Point","coordinates":[8.528416,47.375169]}},{"type":"Feature","properties":{"art":"bar","name":"Daniel H."},"geometry":{"type":"Point","coordinates":[8.529303,47.375427]}},{"type":"Feature","properties":{"art":"restaurant","name":"Osteria Santo Bevitore"},"geometry":{"type":"Point","coordinates":[8.528481,47.37548]}},{"type":"Feature","properties":{"art":"bar","name":"Vasco's Bar"},"geometry":{"type":"Point","coordinates":[8.529801,47.37443]}},{"type":"Feature","properties":{"art":"restaurant","name":"Meat Me"},"geometry":{"type":"Point","coordinates":[8.53079,47.374202]}},{"type":"Feature","properties":{"art":"bar","name":"Sherif's Bar"},"geometry":{"type":"Point","coordinates":[8.529984,47.374276]}},{"type":"Feature","properties":{"art":"restaurant","name":"Sweet Basil"},"geometry":{"type":"Point","coordinates":[8.529554,47.374345]}},{"type":"Feature","properties":{"art":"restaurant","name":"Real"},"geometry":{"type":"Point","coordinates":[8.530609,47.374345]}},{"type":"Feature","properties":{"art":"restaurant","name":"Akaraka"},"geometry":{"type":"Point","coordinates":[8.529476,47.374689]}},{"type":"Feature","properties":{"art":"restaurant","name":"Puci's"},"geometry":{"type":"Point","coordinates":[8.545951,47.368266]}},{"type":"Feature","properties":{"art":"museum","name":"Tobias Mueller Modern Art"},"geometry":{"type":"Point","coordinates":[8.546667,47.368668]}},{"type":"Feature","properties":{"art":"museum","name":"Galerie Eva Presenhuber"},"geometry":{"type":"Point","coordinates":[8.546742,47.368609]}},{"type":"Feature","properties":{"art":"bar","name":"Wüste"},"geometry":{"type":"Point","coordinates":[8.545612,47.368548]}},{"type":"Feature","properties":{"art":"bar","name":"After Dark"},"geometry":{"type":"Point","coordinates":[8.528167,47.37658]}},{"type":"Feature","properties":{"art":"bar","name":"Leeward"},"geometry":{"type":"Point","coordinates":[8.525932,47.377004]}},{"type":"Feature","properties":{"art":"restaurant","name":"Lou's Restaurant & Bar"},"geometry":{"type":"Point","coordinates":[8.521418,47.371727]}},{"type":"Feature","properties":{"art":"restaurant","name":"Schnitzelhuus Oerlikon"},"geometry":{"type":"Point","coordinates":[8.550721,47.40674]}},{"type":"Feature","properties":{"art":"bar","name":"Art 4 Bar"},"geometry":{"type":"Point","coordinates":[8.529276,47.377424]}},{"type":"Feature","properties":{"art":"bar","name":"Love Story"},"geometry":{"type":"Point","coordinates":[8.528422,47.376472]}},{"type":"Feature","properties":{"art":"restaurant","name":"Restaurant Dorflinde"},"geometry":{"type":"Point","coordinates":[8.549803,47.40739]}},{"type":"Feature","properties":{"art":"kunst"},"geometry":{"type":"Point","coordinates":[8.549996,47.407365]}},{"type":"Feature","properties":{"art":"cafe","name":"Hausammann"},"geometry":{"type":"Point","coordinates":[8.548393,47.383288]}},{"type":"Feature","properties":{"art":"bar","name":"Aelpli Bar"},"geometry":{"type":"Point","coordinates":[8.543551,47.371387]}},{"type":"Feature","properties":{"art":"restaurant","name":"Omis Knödel"},"geometry":{"type":"Point","coordinates":[8.545427,47.368869]}},{"type":"Feature","properties":{"art":"restaurant","name":"Migros Restaurant"},"geometry":{"type":"Point","coordinates":[8.531204,47.385524]}},{"type":"Feature","properties":{"art":"cafe","name":"St. Jakob Beck"},"geometry":{"type":"Point","coordinates":[8.484545,47.374645]}},{"type":"Feature","properties":{"art":"restaurant","name":"Palette"},"geometry":{"type":"Point","coordinates":[8.540069,47.376215]}},{"type":"Feature","properties":{"art":"restaurant","name":"Long Huang"},"geometry":{"type":"Point","coordinates":[8.534024,47.372174]}},{"type":"Feature","properties":{"art":"cafe","name":"Café Noir"},"geometry":{"type":"Point","coordinates":[8.53053,47.381969]}},{"type":"Feature","properties":{"art":"cafe"},"geometry":{"type":"Point","coordinates":[8.535206,47.38089]}},{"type":"Feature","properties":{"art":"restaurant","name":"Smeiley's"},"geometry":{"type":"Point","coordinates":[8.547166,47.403442]}},{"type":"Feature","properties":{"art":"restaurant","name":"Pho 50"},"geometry":{"type":"Point","coordinates":[8.525262,47.37648]}},{"type":"Feature","properties":{"art":"bar","name":"Bagatelle §93"},"geometry":{"type":"Point","coordinates":[8.526662,47.378126]}},{"type":"Feature","properties":{"art":"restaurant","name":"House of Mezze"},"geometry":{"type":"Point","coordinates":[8.545775,47.409017]}},{"type":"Feature","properties":{"art":"kino","name":"Corso"},"geometry":{"type":"Point","coordinates":[8.546744,47.366393]}},{"type":"Feature","properties":{"art":"kino","name":"Capitol"},"geometry":{"type":"Point","coordinates":[8.544113,47.377875]}},{"type":"Feature","properties":{"art":"restaurant","name":"The Sacred"},"geometry":{"type":"Point","coordinates":[8.52887,47.376062]}},{"type":"Feature","properties":{"art":"restaurant","name":"Burgermeister"},"geometry":{"type":"Point","coordinates":[8.545962,47.410989]}},{"type":"Feature","properties":{"art":"cafe","name":"Polysnack"},"geometry":{"type":"Point","coordinates":[8.548106,47.376178]}},{"type":"Feature","properties":{"art":"cafe","name":"CafeBar"},"geometry":{"type":"Point","coordinates":[8.548037,47.37632]}},{"type":"Feature","properties":{"art":"kino","name":"Filmpodium"},"geometry":{"type":"Point","coordinates":[8.536859,47.371491]}},{"type":"Feature","properties":{"art":"kino","name":"Xenix"},"geometry":{"type":"Point","coordinates":[8.526123,47.375254]}},{"type":"Feature","properties":{"art":"kino","name":"Arthouse Movie"},"geometry":{"type":"Point","coordinates":[8.543626,47.370736]}},{"type":"Feature","properties":{"art":"kino","name":"Metropol"},"geometry":{"type":"Point","coordinates":[8.530715,47.373756]}},{"type":"Feature","properties":{"art":"kino","name":"Riffraff 3 + 4"},"geometry":{"type":"Point","coordinates":[8.528986,47.382811]}},{"type":"Feature","properties":{"art":"kino","name":"Arthouse Piccadilly 1"},"geometry":{"type":"Point","coordinates":[8.548859,47.365968]}},{"type":"Feature","properties":{"art":"kino","name":"Arthouse Piccadilly 2"},"geometry":{"type":"Point","coordinates":[8.548983,47.365987]}},{"type":"Feature","properties":{"art":"kino","name":"Arthouse Le Paris"},"geometry":{"type":"Point","coordinates":[8.547426,47.366352]}},{"type":"Feature","properties":{"art":"kino","name":"Abaton"},"geometry":{"type":"Point","coordinates":[8.521513,47.389262]}},{"type":"Feature","properties":{"art":"bibliothek","name":"Bibliothek der Sekundarschule Stägenbuck"},"geometry":{"type":"Point","coordinates":[8.620034,47.403017]}},{"type":"Feature","properties":{"art":"restaurant","name":"Neela"},"geometry":{"type":"Point","coordinates":[8.529812,47.377949]}},{"type":"Feature","properties":{"art":"restaurant","name":"Le Cèdre"},"geometry":{"type":"Point","coordinates":[8.544406,47.368628]}},{"type":"Feature","properties":{"art":"cafe","name":"Bäckerei Café Pfyl"},"geometry":{"type":"Point","coordinates":[8.474506,47.337838]}},{"type":"Feature","properties":{"art":"restaurant","name":"Royal Palace"},"geometry":{"type":"Point","coordinates":[8.474798,47.337306]}},{"type":"Feature","properties":{"art":"restaurant","name":"Savoy Brasserie & Bar"},"geometry":{"type":"Point","coordinates":[8.53968,47.36996]}},{"type":"Feature","properties":{"art":"cafe","name":"Al Leone"},"geometry":{"type":"Point","coordinates":[8.539004,47.370951]}},{"type":"Feature","properties":{"art":"museum","name":"Galerie Gmurzynska"},"geometry":{"type":"Point","coordinates":[8.538949,47.369446]}},{"type":"Feature","properties":{"art":"restaurant","name":"Giesserei Oerlikon"},"geometry":{"type":"Point","coordinates":[8.537603,47.408614]}},{"type":"Feature","properties":{"art":"bar","name":"Exil"},"geometry":{"type":"Point","coordinates":[8.519526,47.388184]}},{"type":"Feature","properties":{"art":"bibliothek","name":"PBZ Bibliothek Aussersihl"},"geometry":{"type":"Point","coordinates":[8.524458,47.372627]}},{"type":"Feature","properties":{"art":"restaurant","name":"Lele"},"geometry":{"type":"Point","coordinates":[8.530352,47.378475]}},{"type":"Feature","properties":{"art":"restaurant","name":"Indian BBQ"},"geometry":{"type":"Point","coordinates":[8.521017,47.393164]}},{"type":"Feature","properties":{"art":"restaurant","name":"Vapiano"},"geometry":{"type":"Point","coordinates":[8.546144,47.367722]}},{"type":"Feature","properties":{"art":"restaurant","name":"Restaurant Ochsen Michael"},"geometry":{"type":"Point","coordinates":[8.549171,47.32266]}},{"type":"Feature","properties":{"art":"bar","name":"Enfant terrible"},"geometry":{"type":"Point","coordinates":[8.514639,47.373001]}},{"type":"Feature","properties":{"art":"restaurant","name":"Suwannaphum"},"geometry":{"type":"Point","coordinates":[8.451272,47.398292]}},{"type":"Feature","properties":{"art":"bar","name":"La Strega"},"geometry":{"type":"Point","coordinates":[8.525204,47.37956]}},{"type":"Feature","properties":{"art":"bar","name":"Gamper Bar"},"geometry":{"type":"Point","coordinates":[8.525277,47.379299]}},{"type":"Feature","properties":{"art":"bar","name":"Hotel Bar"},"geometry":{"type":"Point","coordinates":[8.525227,47.380526]}},{"type":"Feature","properties":{"art":"bar","name":"Old Gregory Pub"},"geometry":{"type":"Point","coordinates":[8.527401,47.379926]}},{"type":"Feature","properties":{"art":"restaurant","name":"Khujug"},"geometry":{"type":"Point","coordinates":[8.527067,47.37983]}},{"type":"Feature","properties":{"art":"bar","name":"Schickeria"},"geometry":{"type":"Point","coordinates":[8.527784,47.380447]}},{"type":"Feature","properties":{"art":"bar","name":"The Spot Bar"},"geometry":{"type":"Point","coordinates":[8.52604,47.379506]}},{"type":"Feature","properties":{"art":"restaurant","name":"Restaurant Schnupf / Rangierbahnhof"},"geometry":{"type":"Point","coordinates":[8.526201,47.380876]}},{"type":"Feature","properties":{"art":"restaurant","name":"Biondi"},"geometry":{"type":"Point","coordinates":[8.525866,47.379385]}},{"type":"Feature","properties":{"art":"bar","name":"Toro Bar"},"geometry":{"type":"Point","coordinates":[8.526153,47.380336]}},{"type":"Feature","properties":{"art":"bar","name":"Bar 63 chez Sylvia"},"geometry":{"type":"Point","coordinates":[8.526093,47.379285]}},{"type":"Feature","properties":{"art":"bar","name":"Midway"},"geometry":{"type":"Point","coordinates":[8.526265,47.379397]}},{"type":"Feature","properties":{"art":"restaurant","name":"Eichhörnli"},"geometry":{"type":"Point","coordinates":[8.525707,47.379694]}},{"type":"Feature","properties":{"art":"bar","name":"Tipsy Tiger"},"geometry":{"type":"Point","coordinates":[8.52765,47.379845]}},{"type":"Feature","properties":{"art":"bar","name":"Golden Gate Bar"},"geometry":{"type":"Point","coordinates":[8.52672,47.379998]}},{"type":"Feature","properties":{"art":"bar","name":"Sudaka"},"geometry":{"type":"Point","coordinates":[8.528262,47.379453]}},{"type":"Feature","properties":{"art":"bar","name":"Club HW"},"geometry":{"type":"Point","coordinates":[8.526894,47.380748]}},{"type":"Feature","properties":{"art":"bar","name":"Strauss"},"geometry":{"type":"Point","coordinates":[8.527849,47.379674]}},{"type":"Feature","properties":{"art":"restaurant","name":"Thach"},"geometry":{"type":"Point","coordinates":[8.529916,47.378674]}},{"type":"Feature","properties":{"art":"bar","name":"Ka3an"},"geometry":{"type":"Point","coordinates":[8.529817,47.378722]}},{"type":"Feature","properties":{"art":"restaurant","name":"Pizzeria Milano"},"geometry":{"type":"Point","coordinates":[8.528397,47.379154]}},{"type":"Feature","properties":{"art":"buehne","name":"ZEOT - Tanzschule für orientalischen Tanz"},"geometry":{"type":"Point","coordinates":[8.52898,47.379582]}},{"type":"Feature","properties":{"art":"restaurant","name":"Morgenstern da Mario"},"geometry":{"type":"Point","coordinates":[8.528422,47.378428]}},{"type":"Feature","properties":{"art":"bar","name":"Exer"},"geometry":{"type":"Point","coordinates":[8.528608,47.378334]}},{"type":"Feature","properties":{"art":"bar","name":"Locarno 2000"},"geometry":{"type":"Point","coordinates":[8.526691,47.378557]}},{"type":"Feature","properties":{"art":"restaurant","name":"Stella Alpina"},"geometry":{"type":"Point","coordinates":[8.526566,47.378799]}},{"type":"Feature","properties":{"art":"restaurant","name":"Hongxi"},"geometry":{"type":"Point","coordinates":[8.529668,47.37779]}},{"type":"Feature","properties":{"art":"bar","name":"Macuto's Bar"},"geometry":{"type":"Point","coordinates":[8.526582,47.378616]}},{"type":"Feature","properties":{"art":"bar","name":"Negresco"},"geometry":{"type":"Point","coordinates":[8.527753,47.378012]}},{"type":"Feature","properties":{"art":"bar","name":"Thai Tirak"},"geometry":{"type":"Point","coordinates":[8.527761,47.378173]}},{"type":"Feature","properties":{"art":"restaurant","name":"Tanukiya"},"geometry":{"type":"Point","coordinates":[8.52924,47.378201]}},{"type":"Feature","properties":{"art":"bar","name":"Amboss Rampe"},"geometry":{"type":"Point","coordinates":[8.531888,47.381164]}},{"type":"Feature","properties":{"art":"restaurant","name":"Tant Pis"},"geometry":{"type":"Point","coordinates":[8.53329,47.382024]}},{"type":"Feature","properties":{"art":"restaurant","name":"Casa Nostrana"},"geometry":{"type":"Point","coordinates":[8.531731,47.344018]}},{"type":"Feature","properties":{"art":"bibliothek","name":"Universitätsbibliothek, Völkerkundemuseum"},"geometry":{"type":"Point","coordinates":[8.534269,47.370778]}},{"type":"Feature","properties":{"art":"cafe","name":"Kiosk am Katzensee"},"geometry":{"type":"Point","coordinates":[8.493474,47.430929]}},{"type":"Feature","properties":{"art":"restaurant","name":"Coop Restaurant"},"geometry":{"type":"Point","coordinates":[8.448832,47.397397]}},{"type":"Feature","properties":{"art":"buehne","name":"Tanz und Gymnastikschule"},"geometry":{"type":"Point","coordinates":[8.448999,47.397418]}},{"type":"Feature","properties":{"art":"restaurant","name":"Kusang's Tibetan Kitchen"},"geometry":{"type":"Point","coordinates":[8.450966,47.397974]}},{"type":"Feature","properties":{"art":"bar","name":"Firefighter Club"},"geometry":{"type":"Point","coordinates":[8.450678,47.398157]}},{"type":"Feature","properties":{"art":"buehne","name":"Jugendraum KUBE Schlieren"},"geometry":{"type":"Point","coordinates":[8.450732,47.398424]}},{"type":"Feature","properties":{"art":"restaurant","name":"Lotus Garden"},"geometry":{"type":"Point","coordinates":[8.449694,47.399167]}},{"type":"Feature","properties":{"art":"bar","name":"Don Miguel"},"geometry":{"type":"Point","coordinates":[8.528666,47.376179]}},{"type":"Feature","properties":{"art":"restaurant","name":"Brasserie Bits & Bites"},"geometry":{"type":"Point","coordinates":[8.552502,47.410535]}},{"type":"Feature","properties":{"art":"buehne","name":"Club Silbando"},"geometry":{"type":"Point","coordinates":[8.514551,47.392173]}},{"type":"Feature","properties":{"art":"restaurant","name":"Brasserie zum Vorbahnhof"},"geometry":{"type":"Point","coordinates":[8.5372,47.37973]}},{"type":"Feature","properties":{"art":"restaurant","name":"Pizzeria Corona"},"geometry":{"type":"Point","coordinates":[8.448006,47.39889]}},{"type":"Feature","properties":{"art":"restaurant","name":"Suan Long"},"geometry":{"type":"Point","coordinates":[8.543778,47.375207]}},{"type":"Feature","properties":{"art":"restaurant","name":"Masoala"},"geometry":{"type":"Point","coordinates":[8.577939,47.384337]}},{"type":"Feature","properties":{"art":"restaurant","name":"Pantanal"},"geometry":{"type":"Point","coordinates":[8.573979,47.384349]}},{"type":"Feature","properties":{"art":"restaurant","name":"Damas"},"geometry":{"type":"Point","coordinates":[8.52631,47.393352]}},{"type":"Feature","properties":{"art":"cafe","name":"Miró"},"geometry":{"type":"Point","coordinates":[8.554153,47.364945]}},{"type":"Feature","properties":{"art":"restaurant","name":"Napoli (da Gerardo)"},"geometry":{"type":"Point","coordinates":[8.521249,47.366227]}},{"type":"Feature","properties":{"art":"restaurant","name":"Nido"},"geometry":{"type":"Point","coordinates":[8.521252,47.36518]}},{"type":"Feature","properties":{"art":"restaurant","name":"Uramakiya"},"geometry":{"type":"Point","coordinates":[8.521233,47.365897]}},{"type":"Feature","properties":{"art":"cafe","name":"Summergarte im Zeughaushof"},"geometry":{"type":"Point","coordinates":[8.530529,47.377224]}},{"type":"Feature","properties":{"art":"restaurant","name":"Tabula Rasa"},"geometry":{"type":"Point","coordinates":[8.529477,47.377911]}},{"type":"Feature","properties":{"art":"restaurant","name":"Zeughaushof"},"geometry":{"type":"Point","coordinates":[8.530453,47.377827]}},{"type":"Feature","properties":{"art":"buehne","name":"Kunstraum Walcheturm"},"geometry":{"type":"Point","coordinates":[8.530803,47.37757]}},{"type":"Feature","properties":{"art":"restaurant","name":"Viet-Thai"},"geometry":{"type":"Point","coordinates":[8.529936,47.378056]}},{"type":"Feature","properties":{"art":"restaurant","name":"Riithalle"},"geometry":{"type":"Point","coordinates":[8.534541,47.374593]}},{"type":"Feature","properties":{"art":"restaurant","name":"Luca²"},"geometry":{"type":"Point","coordinates":[8.5617,47.366784]}},{"type":"Feature","properties":{"art":"restaurant","name":"Dieci Restaurant"},"geometry":{"type":"Point","coordinates":[8.621222,47.414147]}},{"type":"Feature","properties":{"art":"restaurant","name":"Rosengarten"},"geometry":{"type":"Point","coordinates":[8.618414,47.423333]}},{"type":"Feature","properties":{"art":"restaurant","name":"Peking Garden"},"geometry":{"type":"Point","coordinates":[8.619231,47.41477]}},{"type":"Feature","properties":{"art":"cafe","name":"Cafe Miyuko"},"geometry":{"type":"Point","coordinates":[8.536579,47.36975]}},{"type":"Feature","properties":{"art":"restaurant","name":"Yume Ramen"},"geometry":{"type":"Point","coordinates":[8.530327,47.382366]}},{"type":"Feature","properties":{"art":"restaurant","name":"Soul Köfte"},"geometry":{"type":"Point","coordinates":[8.529691,47.381862]}},{"type":"Feature","properties":{"art":"restaurant","name":"St. Gallerhof"},"geometry":{"type":"Point","coordinates":[8.537394,47.379998]}},{"type":"Feature","properties":{"art":"restaurant","name":"Sham"},"geometry":{"type":"Point","coordinates":[8.537095,47.380079]}},{"type":"Feature","properties":{"art":"restaurant","name":"Babo's Restaurant"},"geometry":{"type":"Point","coordinates":[8.52943,47.381964]}},{"type":"Feature","properties":{"art":"restaurant","name":"Don’t Worry Eat Curry"},"geometry":{"type":"Point","coordinates":[8.53077,47.382858]}},{"type":"Feature","properties":{"art":"cafe","name":"Soul"},"geometry":{"type":"Point","coordinates":[8.543211,47.374129]}},{"type":"Feature","properties":{"art":"restaurant","name":"Casa da Picanha"},"geometry":{"type":"Point","coordinates":[8.530096,47.382094]}},{"type":"Feature","properties":{"art":"bar","name":"Dune Shisha Club"},"geometry":{"type":"Point","coordinates":[8.533106,47.381287]}},{"type":"Feature","properties":{"art":"restaurant","name":"Restaurant Neugasshof"},"geometry":{"type":"Point","coordinates":[8.530358,47.382013]}},{"type":"Feature","properties":{"art":"restaurant","name":"Restaurant Römerblick"},"geometry":{"type":"Point","coordinates":[8.559799,47.368077]}},{"type":"Feature","properties":{"art":"restaurant","name":"Co Chin Chin"},"geometry":{"type":"Point","coordinates":[8.528469,47.38376]}},{"type":"Feature","properties":{"art":"restaurant","name":"Zekis World"},"geometry":{"type":"Point","coordinates":[8.530799,47.3839]}},{"type":"Feature","properties":{"art":"restaurant","name":"Hiestand"},"geometry":{"type":"Point","coordinates":[8.455806,47.401362]}},{"type":"Feature","properties":{"art":"restaurant","name":"Apollo Taverna"},"geometry":{"type":"Point","coordinates":[8.55714,47.404032]}},{"type":"Feature","properties":{"art":"restaurant","name":"La Taqueria"},"geometry":{"type":"Point","coordinates":[8.522825,47.374456]}},{"type":"Feature","properties":{"art":"restaurant","name":"Barranco"},"geometry":{"type":"Point","coordinates":[8.515802,47.37923]}},{"type":"Feature","properties":{"art":"bibliothek","name":"Bibliothek Zollikerberg"},"geometry":{"type":"Point","coordinates":[8.604481,47.346193]}},{"type":"Feature","properties":{"art":"restaurant","name":"Rosengarten"},"geometry":{"type":"Point","coordinates":[8.603781,47.346179]}},{"type":"Feature","properties":{"art":"restaurant","name":"Hangar 11"},"geometry":{"type":"Point","coordinates":[8.639174,47.406913]}},{"type":"Feature","properties":{"art":"restaurant","name":"Bottega Berta"},"geometry":{"type":"Point","coordinates":[8.513641,47.374117]}},{"type":"Feature","properties":{"art":"restaurant","name":"Ah-Hua"},"geometry":{"type":"Point","coordinates":[8.527852,47.37609]}},{"type":"Feature","properties":{"art":"treff","name":"Kafi Klick"},"geometry":{"type":"Point","coordinates":[8.502791,47.374435]}},{"type":"Feature","properties":{"art":"restaurant","name":"Ristorante Lilienthal"},"geometry":{"type":"Point","coordinates":[8.562404,47.423809]}},{"type":"Feature","properties":{"art":"bar","name":"Narjil Shisha Lounge"},"geometry":{"type":"Point","coordinates":[8.524536,47.393577]}},{"type":"Feature","properties":{"art":"restaurant","name":"Ristorante Pizzeria 99"},"geometry":{"type":"Point","coordinates":[8.526044,47.36151]}},{"type":"Feature","properties":{"art":"bar","name":"Bederbar"},"geometry":{"type":"Point","coordinates":[8.526751,47.362484]}},{"type":"Feature","properties":{"art":"restaurant","name":"Bederhof"},"geometry":{"type":"Point","coordinates":[8.526656,47.362414]}},{"type":"Feature","properties":{"art":"restaurant","name":"Le Rendez-Vous"},"geometry":{"type":"Point","coordinates":[8.532108,47.36543]}},{"type":"Feature","properties":{"art":"restaurant","name":"La Fonte"},"geometry":{"type":"Point","coordinates":[8.585914,47.400557]}},{"type":"Feature","properties":{"art":"restaurant","name":"Öpfelchammer"},"geometry":{"type":"Point","coordinates":[8.544576,47.372346]}},{"type":"Feature","properties":{"art":"museum","name":"nano - Raum für Kunst"},"geometry":{"type":"Point","coordinates":[8.526702,47.393632]}},{"type":"Feature","properties":{"art":"restaurant","name":"Peking Garden"},"geometry":{"type":"Point","coordinates":[8.545041,47.411405]}},{"type":"Feature","properties":{"art":"restaurant","name":"Wirtschaft zum Doktorhaus"},"geometry":{"type":"Point","coordinates":[8.589102,47.41574]}},{"type":"Feature","properties":{"art":"restaurant","name":"Restaurant Markthalle"},"geometry":{"type":"Point","coordinates":[8.526029,47.387604]}},{"type":"Feature","properties":{"art":"restaurant","name":"Misoga"},"geometry":{"type":"Point","coordinates":[8.560886,47.361407]}},{"type":"Feature","properties":{"art":"cafe","name":"Kiosk Café Schloss"},"geometry":{"type":"Point","coordinates":[8.519509,47.369038]}},{"type":"Feature","properties":{"art":"bar","name":"Bar Basso"},"geometry":{"type":"Point","coordinates":[8.533478,47.372591]}},{"type":"Feature","properties":{"art":"cafe","name":"Kafi Ferdinand"},"geometry":{"type":"Point","coordinates":[8.510412,47.370173]}},{"type":"Feature","properties":{"art":"restaurant","name":"Bei Fouad"},"geometry":{"type":"Point","coordinates":[8.573963,47.403975]}},{"type":"Feature","properties":{"art":"restaurant","name":"Restaurant Blume"},"geometry":{"type":"Point","coordinates":[8.573319,47.404165]}},{"type":"Feature","properties":{"art":"restaurant","name":"Taj Palace"},"geometry":{"type":"Point","coordinates":[8.526532,47.391024]}},{"type":"Feature","properties":{"art":"restaurant","name":"Il Basilico H10"},"geometry":{"type":"Point","coordinates":[8.527282,47.390951]}},{"type":"Feature","properties":{"art":"restaurant","name":"Garhwal"},"geometry":{"type":"Point","coordinates":[8.56787,47.404016]}},{"type":"Feature","properties":{"art":"restaurant","name":"DA NOI"},"geometry":{"type":"Point","coordinates":[8.52513,47.391582]}},{"type":"Feature","properties":{"art":"cafe","name":"Belmondo"},"geometry":{"type":"Point","coordinates":[8.528453,47.393331]}},{"type":"Feature","properties":{"art":"restaurant","name":"Don Leone"},"geometry":{"type":"Point","coordinates":[8.526684,47.361187]}},{"type":"Feature","properties":{"art":"restaurant","name":"Weisses Rössli"},"geometry":{"type":"Point","coordinates":[8.526163,47.361886]}},{"type":"Feature","properties":{"art":"restaurant","name":"Winit's"},"geometry":{"type":"Point","coordinates":[8.531469,47.34398]}},{"type":"Feature","properties":{"art":"restaurant","name":"Allegro"},"geometry":{"type":"Point","coordinates":[8.528768,47.346844]}},{"type":"Feature","properties":{"art":"restaurant","name":"Peking Garden"},"geometry":{"type":"Point","coordinates":[8.533488,47.347426]}},{"type":"Feature","properties":{"art":"cafe","name":"Restaurant Herzli"},"geometry":{"type":"Point","coordinates":[8.573172,47.406994]}},{"type":"Feature","properties":{"art":"restaurant","name":"Olympic Lounge"},"geometry":{"type":"Point","coordinates":[8.582631,47.40776]}},{"type":"Feature","properties":{"art":"restaurant","name":"Restaurant Jasmin"},"geometry":{"type":"Point","coordinates":[8.572919,47.404743]}},{"type":"Feature","properties":{"art":"bar","name":"The Mixt"},"geometry":{"type":"Point","coordinates":[8.529159,47.375538]}},{"type":"Feature","properties":{"art":"restaurant","name":"Filfl"},"geometry":{"type":"Point","coordinates":[8.515409,47.375292]}},{"type":"Feature","properties":{"art":"museum","name":"Ortsmuseum Albisrieden"},"geometry":{"type":"Point","coordinates":[8.483144,47.374303]}},{"type":"Feature","properties":{"art":"restaurant","name":"Nordlicht"},"geometry":{"type":"Point","coordinates":[8.538269,47.413772]}},{"type":"Feature","properties":{"art":"restaurant","name":"Tertianum"},"geometry":{"type":"Point","coordinates":[8.607695,47.346367]}},{"type":"Feature","properties":{"art":"bar","name":"Club Mundwerk"},"geometry":{"type":"Point","coordinates":[8.550581,47.408978]}},{"type":"Feature","properties":{"art":"cafe","name":"Porta D‘Oro"},"geometry":{"type":"Point","coordinates":[8.545952,47.408929]}},{"type":"Feature","properties":{"art":"restaurant","name":"Tres Amigos"},"geometry":{"type":"Point","coordinates":[8.544372,47.409849]}},{"type":"Feature","properties":{"art":"restaurant","name":"Hirschberg"},"geometry":{"type":"Point","coordinates":[8.546658,47.373525]}},{"type":"Feature","properties":{"art":"bar","name":"Petra's Tip Top Bar"},"geometry":{"type":"Point","coordinates":[8.546581,47.373598]}},{"type":"Feature","properties":{"art":"restaurant","name":"Rechberg"},"geometry":{"type":"Point","coordinates":[8.546249,47.373969]}},{"type":"Feature","properties":{"art":"restaurant","name":"Timeout"},"geometry":{"type":"Point","coordinates":[8.545795,47.375358]}},{"type":"Feature","properties":{"art":"restaurant","name":"Okay Italia"},"geometry":{"type":"Point","coordinates":[8.555571,47.379193]}},{"type":"Feature","properties":{"art":"restaurant","name":"Barcelona Restaurant"},"geometry":{"type":"Point","coordinates":[8.535319,47.402048]}},{"type":"Feature","properties":{"art":"bar","name":"Clouds"},"geometry":{"type":"Point","coordinates":[8.517188,47.386021]}},{"type":"Feature","properties":{"art":"treff","name":"Zentrum ELCH Regensbergstrasse"},"geometry":{"type":"Point","coordinates":[8.534954,47.409898]}},{"type":"Feature","properties":{"art":"restaurant","name":"Chi Chest"},"geometry":{"type":"Point","coordinates":[8.537608,47.4098]}},{"type":"Feature","properties":{"art":"restaurant","name":"Meedo Take Away"},"geometry":{"type":"Point","coordinates":[8.496224,47.402013]}},{"type":"Feature","properties":{"art":"restaurant","name":"Zweifels Weinbeiz"},"geometry":{"type":"Point","coordinates":[8.496775,47.404036]}},{"type":"Feature","properties":{"art":"cafe","name":"Pfyl"},"geometry":{"type":"Point","coordinates":[8.492455,47.388919]}},{"type":"Feature","properties":{"art":"restaurant","name":"Restaurant Dörfli"},"geometry":{"type":"Point","coordinates":[8.453607,47.370366]}},{"type":"Feature","properties":{"art":"buehne","name":"töpferei"},"geometry":{"type":"Point","coordinates":[8.514865,47.35959]}},{"type":"Feature","properties":{"art":"restaurant","name":"Gasthof Falken Wiedikon"},"geometry":{"type":"Point","coordinates":[8.519459,47.370224]}},{"type":"Feature","properties":{"art":"treff","name":"GZ Hottingen"},"geometry":{"type":"Point","coordinates":[8.556255,47.369428]}},{"type":"Feature","properties":{"art":"cafe","name":"Vier Linden Imbiss-Café"},"geometry":{"type":"Point","coordinates":[8.555499,47.369619]}},{"type":"Feature","properties":{"art":"restaurant","name":"Kaimug Restaurant"},"geometry":{"type":"Point","coordinates":[8.595409,47.408705]}},{"type":"Feature","properties":{"art":"restaurant","name":"Migros Restaurant"},"geometry":{"type":"Point","coordinates":[8.595847,47.408418]}},{"type":"Feature","properties":{"art":"restaurant","name":"Ristorante Frascati"},"geometry":{"type":"Point","coordinates":[8.54789,47.36088]}},{"type":"Feature","properties":{"art":"cafe","name":"Starbucks"},"geometry":{"type":"Point","coordinates":[8.594783,47.408441]}},{"type":"Feature","properties":{"art":"restaurant","name":"Korner"},"geometry":{"type":"Point","coordinates":[8.533996,47.368657]}},{"type":"Feature","properties":{"art":"bar","name":"D-Vino"},"geometry":{"type":"Point","coordinates":[8.553987,47.358461]}},{"type":"Feature","properties":{"art":"restaurant","name":"Sazio Osteria"},"geometry":{"type":"Point","coordinates":[8.549572,47.36356]}},{"type":"Feature","properties":{"art":"bibliothek","name":"Bibliothek für Betriebswirtschaft, BfB"},"geometry":{"type":"Point","coordinates":[8.55275,47.374146]}},{"type":"Feature","properties":{"art":"restaurant","name":"Brasserie Schiller"},"geometry":{"type":"Point","coordinates":[8.547156,47.365404]}},{"type":"Feature","properties":{"art":"bar","name":"Goethe Bar"},"geometry":{"type":"Point","coordinates":[8.547342,47.365512]}},{"type":"Feature","properties":{"art":"cafe","name":"Café ZHAW"},"geometry":{"type":"Point","coordinates":[8.532623,47.377705]}},{"type":"Feature","properties":{"art":"restaurant","name":"Kennedy's Irish Pub"},"geometry":{"type":"Point","coordinates":[8.533208,47.377341]}},{"type":"Feature","properties":{"art":"kunst","name":"Zeitmaschine"},"geometry":{"type":"Point","coordinates":[8.494411,47.383599]}},{"type":"Feature","properties":{"art":"cafe","name":"Starbucks"},"geometry":{"type":"Point","coordinates":[8.522357,47.358287]}},{"type":"Feature","properties":{"art":"bibliothek","name":"Physikbibliothek"},"geometry":{"type":"Point","coordinates":[8.508407,47.410111]}},{"type":"Feature","properties":{"art":"restaurant","name":"Silex"},"geometry":{"type":"Point","coordinates":[8.524548,47.371514]}},{"type":"Feature","properties":{"art":"restaurant","name":"Gartenhof"},"geometry":{"type":"Point","coordinates":[8.525645,47.371909]}},{"type":"Feature","properties":{"art":"restaurant","name":"Hermanseck"},"geometry":{"type":"Point","coordinates":[8.524892,47.371639]}},{"type":"Feature","properties":{"art":"restaurant","name":"Florentin"},"geometry":{"type":"Point","coordinates":[8.532451,47.362975]}},{"type":"Feature","properties":{"art":"cafe","name":"Poushe Strudelhaus"},"geometry":{"type":"Point","coordinates":[8.526657,47.361524]}},{"type":"Feature","properties":{"art":"cafe","name":"Hotz"},"geometry":{"type":"Point","coordinates":[8.592544,47.359189]}},{"type":"Feature","properties":{"art":"bar","name":"Mahsen Shisha Bar"},"geometry":{"type":"Point","coordinates":[8.54683,47.414178]}},{"type":"Feature","properties":{"art":"bar","name":"Laila"},"geometry":{"type":"Point","coordinates":[8.546838,47.414444]}},{"type":"Feature","properties":{"art":"restaurant","name":"Goranac"},"geometry":{"type":"Point","coordinates":[8.546819,47.415169]}},{"type":"Feature","properties":{"art":"bar","name":"Shisha Club Handedan"},"geometry":{"type":"Point","coordinates":[8.546411,47.414853]}},{"type":"Feature","properties":{"art":"cafe","name":"Café Ami"},"geometry":{"type":"Point","coordinates":[8.546228,47.41752]}},{"type":"Feature","properties":{"art":"restaurant","name":"Lamky"},"geometry":{"type":"Point","coordinates":[8.545181,47.41281]}},{"type":"Feature","properties":{"art":"restaurant","name":"Don Leone"},"geometry":{"type":"Point","coordinates":[8.529141,47.374916]}},{"type":"Feature","properties":{"art":"bibliothek","name":"Baubibliothek (1. OG)"},"geometry":{"type":"Point","coordinates":[8.507461,47.408639]}},{"type":"Feature","properties":{"art":"restaurant","name":"Puzzles"},"geometry":{"type":"Point","coordinates":[8.544574,47.412499]}},{"type":"Feature","properties":{"art":"museum","name":"Naturhistorisches Museum"},"geometry":{"type":"Point","coordinates":[8.54796,47.375177]}},{"type":"Feature","properties":{"art":"museum","name":"Archäologisches Museum"},"geometry":{"type":"Point","coordinates":[8.548913,47.375349]}},{"type":"Feature","properties":{"art":"restaurant","name":"Tamarind Garden"},"geometry":{"type":"Point","coordinates":[8.501549,47.368646]}},{"type":"Feature","properties":{"art":"bar","name":"Cooper's Pub"},"geometry":{"type":"Point","coordinates":[8.546354,47.410655]}},{"type":"Feature","properties":{"art":"restaurant","name":"Malabar"},"geometry":{"type":"Point","coordinates":[8.548421,47.410509]}},{"type":"Feature","properties":{"art":"restaurant","name":"Jao Praya"},"geometry":{"type":"Point","coordinates":[8.547568,47.409219]}},{"type":"Feature","properties":{"art":"restaurant","name":"Restaurant & Pizza Furetto"},"geometry":{"type":"Point","coordinates":[8.547192,47.410389]}},{"type":"Feature","properties":{"art":"restaurant","name":"Rubina"},"geometry":{"type":"Point","coordinates":[8.548326,47.381545]}},{"type":"Feature","properties":{"art":"restaurant","name":"El Luchador"},"geometry":{"type":"Point","coordinates":[8.533656,47.381767]}},{"type":"Feature","properties":{"art":"cafe","name":"Café des Amis"},"geometry":{"type":"Point","coordinates":[8.536109,47.388647]}},{"type":"Feature","properties":{"art":"restaurant","name":"Mangostan"},"geometry":{"type":"Point","coordinates":[8.498298,47.37809]}},{"type":"Feature","properties":{"art":"restaurant","name":"Wurst und Moritz"},"geometry":{"type":"Point","coordinates":[8.522361,47.390144]}},{"type":"Feature","properties":{"art":"restaurant","name":"Petit Saigon"},"geometry":{"type":"Point","coordinates":[8.520797,47.370305]}},{"type":"Feature","properties":{"art":"restaurant","name":"Bierstube Scheidegg"},"geometry":{"type":"Point","coordinates":[8.518351,47.369991]}},{"type":"Feature","properties":{"art":"restaurant","name":"Canaan Asia"},"geometry":{"type":"Point","coordinates":[8.515759,47.370883]}},{"type":"Feature","properties":{"art":"bar","name":"Ebrietas"},"geometry":{"type":"Point","coordinates":[8.544458,47.375891]}},{"type":"Feature","properties":{"art":"cafe","name":"Café Mama"},"geometry":{"type":"Point","coordinates":[8.619324,47.397279]}},{"type":"Feature","properties":{"art":"restaurant","name":"Brisket"},"geometry":{"type":"Point","coordinates":[8.518788,47.387695]}},{"type":"Feature","properties":{"art":"bar","name":"Hotel Rivington & Sons"},"geometry":{"type":"Point","coordinates":[8.517456,47.386284]}},{"type":"Feature","properties":{"art":"bar","name":"Dihei"},"geometry":{"type":"Point","coordinates":[8.620433,47.39697]}},{"type":"Feature","properties":{"art":"restaurant","name":"Thai Erawan"},"geometry":{"type":"Point","coordinates":[8.555821,47.416598]}},{"type":"Feature","properties":{"art":"restaurant","name":"New Bombay"},"geometry":{"type":"Point","coordinates":[8.545694,47.373618]}},{"type":"Feature","properties":{"art":"restaurant","name":"Tasty Haus"},"geometry":{"type":"Point","coordinates":[8.556589,47.418099]}},{"type":"Feature","properties":{"art":"bar","name":"Divid"},"geometry":{"type":"Point","coordinates":[8.514258,47.38828]}},{"type":"Feature","properties":{"art":"restaurant","name":"Equinox"},"geometry":{"type":"Point","coordinates":[8.514166,47.38807]}},{"type":"Feature","properties":{"art":"bar","name":"Lucid"},"geometry":{"type":"Point","coordinates":[8.514427,47.388087]}},{"type":"Feature","properties":{"art":"museum","name":"Ortsmuseum Schwamendingen"},"geometry":{"type":"Point","coordinates":[8.578153,47.401127]}},{"type":"Feature","properties":{"art":"restaurant","name":"Wirtschaft Unterdorf"},"geometry":{"type":"Point","coordinates":[8.505413,47.426208]}},{"type":"Feature","properties":{"art":"restaurant","name":"Cucina"},"geometry":{"type":"Point","coordinates":[8.530401,47.384162]}},{"type":"Feature","properties":{"art":"restaurant","name":"Cinque"},"geometry":{"type":"Point","coordinates":[8.530181,47.383294]}},{"type":"Feature","properties":{"art":"restaurant","name":"Brüelmatt"},"geometry":{"type":"Point","coordinates":[8.438979,47.353562]}},{"type":"Feature","properties":{"art":"restaurant","name":"Snack Center Freihof"},"geometry":{"type":"Point","coordinates":[8.437298,47.353486]}},{"type":"Feature","properties":{"art":"bibliothek","name":"Gemeindebibliothek Birmensdorf"},"geometry":{"type":"Point","coordinates":[8.439051,47.353715]}},{"type":"Feature","properties":{"art":"bibliothek","name":"Bibliothek Bonstetten"},"geometry":{"type":"Point","coordinates":[8.468392,47.322913]}},{"type":"Feature","properties":{"art":"bibliothek","name":"Bibliothek Wangen-Brüttisellen"},"geometry":{"type":"Point","coordinates":[8.628421,47.42176]}},{"type":"Feature","properties":{"art":"restaurant","name":"Moudi's Lecker Garten"},"geometry":{"type":"Point","coordinates":[8.545595,47.390993]}},{"type":"Feature","properties":{"art":"bibliothek","name":"Mediothek Dällikon"},"geometry":{"type":"Point","coordinates":[8.438889,47.438406]}},{"type":"Feature","properties":{"art":"bar","name":"hundertwein"},"geometry":{"type":"Point","coordinates":[8.545722,47.372606]}},{"type":"Feature","properties":{"art":"restaurant","name":"Uto Kulm"},"geometry":{"type":"Point","coordinates":[8.490977,47.3496]}},{"type":"Feature","properties":{"art":"restaurant","name":"Centro"},"geometry":{"type":"Point","coordinates":[8.527771,47.376018]}},{"type":"Feature","properties":{"art":"restaurant","name":"Schützenhaus Albisgüetli"},"geometry":{"type":"Point","coordinates":[8.508311,47.352216]}},{"type":"Feature","properties":{"art":"buehne","name":"Tanzschule Kaiser-Tanz"},"geometry":{"type":"Point","coordinates":[8.552874,47.369623]}},{"type":"Feature","properties":{"art":"cafe","name":"Buena Vista Cafebar"},"geometry":{"type":"Point","coordinates":[8.485544,47.387693]}},{"type":"Feature","properties":{"art":"restaurant","name":"Restaurant Casino"},"geometry":{"type":"Point","coordinates":[8.489839,47.38689]}},{"type":"Feature","properties":{"art":"cafe","name":"Confiserie Galaxy"},"geometry":{"type":"Point","coordinates":[8.560256,47.429665]}},{"type":"Feature","properties":{"art":"restaurant","name":"Peking Garden"},"geometry":{"type":"Point","coordinates":[8.561275,47.430371]}},{"type":"Feature","properties":{"art":"restaurant","name":"Al Mouchtar"},"geometry":{"type":"Point","coordinates":[8.56498,47.432725]}},{"type":"Feature","properties":{"art":"restaurant","name":"Szechuan"},"geometry":{"type":"Point","coordinates":[8.567826,47.434545]}},{"type":"Feature","properties":{"art":"restaurant","name":"Gibeleich"},"geometry":{"type":"Point","coordinates":[8.564851,47.428786]}},{"type":"Feature","properties":{"art":"restaurant","name":"Gasthaus Hofwiesen"},"geometry":{"type":"Point","coordinates":[8.537627,47.406326]}},{"type":"Feature","properties":{"art":"cafe","name":"Starbucks"},"geometry":{"type":"Point","coordinates":[8.534909,47.378083]}},{"type":"Feature","properties":{"art":"restaurant","name":"Aubrey"},"geometry":{"type":"Point","coordinates":[8.517783,47.389151]}},{"type":"Feature","properties":{"art":"restaurant","name":"Restaurant GrafZ"},"geometry":{"type":"Point","coordinates":[8.55968,47.423387]}},{"type":"Feature","properties":{"art":"restaurant","name":"Sher-E-Punjab"},"geometry":{"type":"Point","coordinates":[8.516792,47.374574]}},{"type":"Feature","properties":{"art":"restaurant","name":"Taj Mahal"},"geometry":{"type":"Point","coordinates":[8.489391,47.386998]}},{"type":"Feature","properties":{"art":"cafe","name":"bar zueri west"},"geometry":{"type":"Point","coordinates":[8.486598,47.388532]}},{"type":"Feature","properties":{"art":"cafe","name":"Bäckerei Café Frankental"},"geometry":{"type":"Point","coordinates":[8.481048,47.406362]}},{"type":"Feature","properties":{"art":"restaurant","name":"Molino"},"geometry":{"type":"Point","coordinates":[8.529175,47.384071]}},{"type":"Feature","properties":{"art":"bar","name":"Klaus"},"geometry":{"type":"Point","coordinates":[8.527387,47.378934]}},{"type":"Feature","properties":{"art":"cafe","name":"Kafi Seilbahn Rigiblick"},"geometry":{"type":"Point","coordinates":[8.548251,47.385386]}},{"type":"Feature","properties":{"art":"restaurant","name":"Frau Gerolds Garten"},"geometry":{"type":"Point","coordinates":[8.519063,47.385169]}},{"type":"Feature","properties":{"art":"bar","name":"KuBaA"},"geometry":{"type":"Point","coordinates":[8.505891,47.421558]}},{"type":"Feature","properties":{"art":"cafe","name":"Pause im foifi"},"geometry":{"type":"Point","coordinates":[8.513898,47.391826]}},{"type":"Feature","properties":{"art":"cafe","name":"Seeholz Beizli"},"geometry":{"type":"Point","coordinates":[8.50186,47.437509]}},{"type":"Feature","properties":{"art":"restaurant","name":"Bamboo Inn"},"geometry":{"type":"Point","coordinates":[8.547242,47.380479]}},{"type":"Feature","properties":{"art":"restaurant","name":"Stapferstube da Rizzo"},"geometry":{"type":"Point","coordinates":[8.547462,47.382173]}},{"type":"Feature","properties":{"art":"restaurant","name":"Nœrd Kantine"},"geometry":{"type":"Point","coordinates":[8.533627,47.413611]}},{"type":"Feature","properties":{"art":"buehne","name":"Volkshaus"},"geometry":{"type":"Point","coordinates":[8.527444,47.375583]}},{"type":"Feature","properties":{"art":"cafe","name":"Mont Martre"},"geometry":{"type":"Point","coordinates":[8.541244,47.371563]}},{"type":"Feature","properties":{"art":"bar","name":"ICON"},"geometry":{"type":"Point","coordinates":[8.539989,47.371478]}},{"type":"Feature","properties":{"art":"buehne","name":"The D'Vines Burlesque"},"geometry":{"type":"Point","coordinates":[8.510536,47.370115]}},{"type":"Feature","properties":{"art":"cafe","name":"Kafi Guet"},"geometry":{"type":"Point","coordinates":[8.503635,47.373774]}},{"type":"Feature","properties":{"art":"cafe","name":"Murphy’s Coffee"},"geometry":{"type":"Point","coordinates":[8.495629,47.36796]}},{"type":"Feature","properties":{"art":"restaurant","name":"King To"},"geometry":{"type":"Point","coordinates":[8.473865,47.393465]}},{"type":"Feature","properties":{"art":"restaurant","name":"Kantine Hermetschloo"},"geometry":{"type":"Point","coordinates":[8.474821,47.394522]}},{"type":"Feature","properties":{"art":"restaurant","name":"Turbinenhaus"},"geometry":{"type":"Point","coordinates":[8.505441,47.395407]}},{"type":"Feature","properties":{"art":"cafe","name":"Thiwa"},"geometry":{"type":"Point","coordinates":[8.494495,47.367881]}},{"type":"Feature","properties":{"art":"restaurant","name":"Asian fusion by Suan Long"},"geometry":{"type":"Point","coordinates":[8.618168,47.39744]}},{"type":"Feature","properties":{"art":"restaurant","name":"Restaurant Holding"},"geometry":{"type":"Point","coordinates":[8.631991,47.397569]}},{"type":"Feature","properties":{"art":"bibliothek","name":"Bibliothek Zumikon"},"geometry":{"type":"Point","coordinates":[8.62293,47.331856]}},{"type":"Feature","properties":{"art":"restaurant","name":"Gasthof Rössli"},"geometry":{"type":"Point","coordinates":[8.624391,47.33091]}},{"type":"Feature","properties":{"art":"restaurant","name":"Restaurant Oase"},"geometry":{"type":"Point","coordinates":[8.540854,47.378202]}},{"type":"Feature","properties":{"art":"restaurant","name":"Darbar"},"geometry":{"type":"Point","coordinates":[8.554858,47.364273]}},{"type":"Feature","properties":{"art":"restaurant","name":"Amore"},"geometry":{"type":"Point","coordinates":[8.548368,47.404134]}},{"type":"Feature","properties":{"art":"restaurant","name":"Yardbird Southern Fried Chicken"},"geometry":{"type":"Point","coordinates":[8.518959,47.373388]}},{"type":"Feature","properties":{"art":"restaurant","name":"Noodlee"},"geometry":{"type":"Point","coordinates":[8.518009,47.380866]}},{"type":"Feature","properties":{"art":"buehne","name":"Bogen F"},"geometry":{"type":"Point","coordinates":[8.520808,47.384775]}},{"type":"Feature","properties":{"art":"museum","name":"Focus Terra"},"geometry":{"type":"Point","coordinates":[8.547457,47.378357]}},{"type":"Feature","properties":{"art":"restaurant","name":"Med D’Oro"},"geometry":{"type":"Point","coordinates":[8.514254,47.375861]}},{"type":"Feature","properties":{"art":"cafe","name":"Bode Bäckerei-Konditorei"},"geometry":{"type":"Point","coordinates":[8.496355,47.374555]}},{"type":"Feature","properties":{"art":"restaurant","name":"Loft Five"},"geometry":{"type":"Point","coordinates":[8.533862,47.37848]}},{"type":"Feature","properties":{"art":"restaurant","name":"Swiss Casino Zürich"},"geometry":{"type":"Point","coordinates":[8.532989,47.373531]}},{"type":"Feature","properties":{"art":"restaurant","name":"Restaurant Krone"},"geometry":{"type":"Point","coordinates":[8.483769,47.388341]}},{"type":"Feature","properties":{"art":"cafe","name":"Residenz Café Spirgarten"},"geometry":{"type":"Point","coordinates":[8.484552,47.387645]}},{"type":"Feature","properties":{"art":"bibliothek","name":"PBZ Bibliothek Altstetten"},"geometry":{"type":"Point","coordinates":[8.485951,47.387247]}},{"type":"Feature","properties":{"art":"restaurant","name":"Presse Club"},"geometry":{"type":"Point","coordinates":[8.541011,47.370413]}},{"type":"Feature","properties":{"art":"restaurant","name":"Black Tap"},"geometry":{"type":"Point","coordinates":[8.539532,47.374906]}},{"type":"Feature","properties":{"art":"restaurant","name":"Trattoria Emilia"},"geometry":{"type":"Point","coordinates":[8.487962,47.375994]}},{"type":"Feature","properties":{"art":"bar","name":"Bar am Egge"},"geometry":{"type":"Point","coordinates":[8.557336,47.369497]}},{"type":"Feature","properties":{"art":"cafe","name":"Hotz"},"geometry":{"type":"Point","coordinates":[8.62935,47.422685]}},{"type":"Feature","properties":{"art":"restaurant","name":"Wild West Steakhouse Texas"},"geometry":{"type":"Point","coordinates":[8.629718,47.419598]}},{"type":"Feature","properties":{"art":"restaurant","name":"Brasil Grill"},"geometry":{"type":"Point","coordinates":[8.630101,47.423699]}},{"type":"Feature","properties":{"art":"restaurant","name":"Lemon"},"geometry":{"type":"Point","coordinates":[8.537707,47.409211]}},{"type":"Feature","properties":{"art":"restaurant","name":"Virtù"},"geometry":{"type":"Point","coordinates":[8.537663,47.410923]}},{"type":"Feature","properties":{"art":"restaurant","name":"Meister GAO"},"geometry":{"type":"Point","coordinates":[8.532344,47.397217]}},{"type":"Feature","properties":{"art":"restaurant","name":"SAHltimbocca"},"geometry":{"type":"Point","coordinates":[8.531849,47.395485]}},{"type":"Feature","properties":{"art":"badi","name":"Hallenbad Leepünt"},"geometry":{"type":"Point","coordinates":[8.439383,47.438759]}},{"type":"Feature","properties":{"art":"cafe","name":"Kleine Freiheit"},"geometry":{"type":"Point","coordinates":[8.544517,47.379135]}},{"type":"Feature","properties":{"art":"restaurant","name":"Stereo"},"geometry":{"type":"Point","coordinates":[8.527246,47.377785]}},{"type":"Feature","properties":{"art":"buehne","name":"Les Complices*"},"geometry":{"type":"Point","coordinates":[8.524597,47.376063]}},{"type":"Feature","properties":{"art":"cafe","name":"Shanti Jay"},"geometry":{"type":"Point","coordinates":[8.518632,47.374232]}},{"type":"Feature","properties":{"art":"bar","name":"Atelier"},"geometry":{"type":"Point","coordinates":[8.537667,47.370332]}},{"type":"Feature","properties":{"art":"restaurant","name":"blindekuh"},"geometry":{"type":"Point","coordinates":[8.557163,47.358329]}},{"type":"Feature","properties":{"art":"restaurant","name":"Restaurant Gertrudhof"},"geometry":{"type":"Point","coordinates":[8.515783,47.373916]}},{"type":"Feature","properties":{"art":"restaurant","name":"Rosso"},"geometry":{"type":"Point","coordinates":[8.518317,47.385402]}},{"type":"Feature","properties":{"art":"restaurant","name":"Bistrot à Paris"},"geometry":{"type":"Point","coordinates":[8.56085,47.367301]}},{"type":"Feature","properties":{"art":"bar","name":"LOONI'S Café & Bar"},"geometry":{"type":"Point","coordinates":[8.521219,47.315848]}},{"type":"Feature","properties":{"art":"restaurant","name":"Jeunesse"},"geometry":{"type":"Point","coordinates":[8.534228,47.404137]}},{"type":"Feature","properties":{"art":"restaurant","name":"UBS Restaurant Snackeria Flurhof"},"geometry":{"type":"Point","coordinates":[8.492658,47.382597]}},{"type":"Feature","properties":{"art":"restaurant","name":"Thai Hunters"},"geometry":{"type":"Point","coordinates":[8.525345,47.373408]}},{"type":"Feature","properties":{"art":"restaurant","name":"Restaurant Bürgli"},"geometry":{"type":"Point","coordinates":[8.541766,47.42287]}},{"type":"Feature","properties":{"art":"bar","name":"Sip's Pub"},"geometry":{"type":"Point","coordinates":[8.546876,47.412198]}},{"type":"Feature","properties":{"art":"restaurant","name":"Tamarind Hill"},"geometry":{"type":"Point","coordinates":[8.548225,47.406791]}},{"type":"Feature","properties":{"art":"treff","name":"Zentrum ELCH Frieden"},"geometry":{"type":"Point","coordinates":[8.513644,47.41575]}},{"type":"Feature","properties":{"art":"kunst","name":"Fuchs"},"geometry":{"type":"Point","coordinates":[8.526537,47.37725]}},{"type":"Feature","properties":{"art":"kunst","name":"Denkmal der Arbeit"},"geometry":{"type":"Point","coordinates":[8.527158,47.375933]}},{"type":"Feature","properties":{"art":"restaurant","name":"Puci‘s"},"geometry":{"type":"Point","coordinates":[8.546034,47.409735]}},{"type":"Feature","properties":{"art":"bar","name":"Las Vegas City"},"geometry":{"type":"Point","coordinates":[8.546472,47.41458]}},{"type":"Feature","properties":{"art":"restaurant","name":"Grand‘in Osteria"},"geometry":{"type":"Point","coordinates":[8.569011,47.360049]}},{"type":"Feature","properties":{"art":"bibliothek","name":"Schweizerisches Sozialarchiv"},"geometry":{"type":"Point","coordinates":[8.54753,47.366797]}},{"type":"Feature","properties":{"art":"bibliothek","name":"Graphische Sammlung"},"geometry":{"type":"Point","coordinates":[8.547595,47.375839]}},{"type":"Feature","properties":{"art":"bibliothek","name":"Bibliothek des Schweizerischen Nationalmuseums"},"geometry":{"type":"Point","coordinates":[8.540997,47.379012]}},{"type":"Feature","properties":{"art":"bibliothek","name":"ETH-Bibliothek"},"geometry":{"type":"Point","coordinates":[8.548167,47.376455]}},{"type":"Feature","properties":{"art":"bibliothek","name":"Grüne Bibliothek"},"geometry":{"type":"Point","coordinates":[8.548688,47.378909]}},{"type":"Feature","properties":{"art":"bibliothek","name":"GESS-Bibliothek"},"geometry":{"type":"Point","coordinates":[8.544729,47.380218]}},{"type":"Feature","properties":{"art":"bibliothek","name":"Bibliothek der Museumsgesellschaft"},"geometry":{"type":"Point","coordinates":[8.543039,47.371931]}},{"type":"Feature","properties":{"art":"bibliothek","name":"Fachbibliothek zur Gleichstellung von Frau und Mann"},"geometry":{"type":"Point","coordinates":[8.541378,47.369254]}},{"type":"Feature","properties":{"art":"bar","name":"Konrad Kaffee- & Cocktailbar (ex 0815)"},"geometry":{"type":"Point","coordinates":[8.538892,47.376815]}},{"type":"Feature","properties":{"art":"restaurant","name":"Mönchhof am See"},"geometry":{"type":"Point","coordinates":[8.544642,47.332681]}},{"type":"Feature","properties":{"art":"restaurant","name":"Chez Fritz"},"geometry":{"type":"Point","coordinates":[8.553094,47.319388]}},{"type":"Feature","properties":{"art":"bibliothek","name":"Infozentrum Chemie Biologie Pharmazie"},"geometry":{"type":"Point","coordinates":[8.507794,47.407669]}},{"type":"Feature","properties":{"art":"restaurant","name":"Wirtschaft im Franz"},"geometry":{"type":"Point","coordinates":[8.519602,47.372218]}},{"type":"Feature","properties":{"art":"restaurant","name":"La Stazione"},"geometry":{"type":"Point","coordinates":[8.545482,47.411255]}},{"type":"Feature","properties":{"art":"cafe","name":"Café Paradiesli"},"geometry":{"type":"Point","coordinates":[8.557219,47.370812]}},{"type":"Feature","properties":{"art":"restaurant","name":"Mandarin"},"geometry":{"type":"Point","coordinates":[8.449592,47.412902]}},{"type":"Feature","properties":{"art":"bibliothek","name":"Bibliothek der Vetsuisse-Fakultät"},"geometry":{"type":"Point","coordinates":[8.55112,47.400654]}},{"type":"Feature","properties":{"art":"bibliothek","name":"Bibliothek Museum Rietberg"},"geometry":{"type":"Point","coordinates":[8.530207,47.359527]}},{"type":"Feature","properties":{"art":"restaurant","name":"COR Wine & Pintxos"},"geometry":{"type":"Point","coordinates":[8.520334,47.372255]}},{"type":"Feature","properties":{"art":"bibliothek","name":"Gemeindeblibliothek Kilchberg"},"geometry":{"type":"Point","coordinates":[8.544799,47.32467]}},{"type":"Feature","properties":{"art":"restaurant","name":"Restaurant Büsi"},"geometry":{"type":"Point","coordinates":[8.510227,47.427031]}},{"type":"Feature","properties":{"art":"restaurant","name":"Buure-Stube Katzenrüti"},"geometry":{"type":"Point","coordinates":[8.506943,47.436686]}},{"type":"Feature","properties":{"art":"restaurant","name":"Manjaal"},"geometry":{"type":"Point","coordinates":[8.528614,47.384331]}},{"type":"Feature","properties":{"art":"restaurant","name":"Tramblu"},"geometry":{"type":"Point","coordinates":[8.536259,47.398379]}},{"type":"Feature","properties":{"art":"museum","name":"Galerie Mark Müller"},"geometry":{"type":"Point","coordinates":[8.536438,47.381653]}},{"type":"Feature","properties":{"art":"restaurant","name":"Costa Brava"},"geometry":{"type":"Point","coordinates":[8.52563,47.388521]}},{"type":"Feature","properties":{"art":"restaurant","name":"Pizzeria Margheri"},"geometry":{"type":"Point","coordinates":[8.525369,47.388626]}},{"type":"Feature","properties":{"art":"restaurant","name":"D'Ouro"},"geometry":{"type":"Point","coordinates":[8.51412,47.382429]}},{"type":"Feature","properties":{"art":"restaurant","name":"Churrasco Steakhouse & Bar"},"geometry":{"type":"Point","coordinates":[8.540277,47.371932]}},{"type":"Feature","properties":{"art":"restaurant","name":"Mama's Beck"},"geometry":{"type":"Point","coordinates":[8.539287,47.38857]}},{"type":"Feature","properties":{"art":"restaurant","name":"Restaurant Frohsinn"},"geometry":{"type":"Point","coordinates":[8.452259,47.370248]}},{"type":"Feature","properties":{"art":"restaurant","name":"Marmar"},"geometry":{"type":"Point","coordinates":[8.517466,47.390581]}},{"type":"Feature","properties":{"art":"kunst","name":"Mädchen mit erhobenen Armen"},"geometry":{"type":"Point","coordinates":[8.535794,47.349237]}},{"type":"Feature","properties":{"art":"museum","name":"Kunsthalle Zürich"},"geometry":{"type":"Point","coordinates":[8.524889,47.389401]}},{"type":"Feature","properties":{"art":"restaurant","name":"Pizzeria Rapido"},"geometry":{"type":"Point","coordinates":[8.498957,47.401681]}},{"type":"Feature","properties":{"art":"restaurant","name":"Adlisberg"},"geometry":{"type":"Point","coordinates":[8.582388,47.374936]}},{"type":"Feature","properties":{"art":"restaurant","name":"Restaurant Markthalle"},"geometry":{"type":"Point","coordinates":[8.500433,47.39189]}},{"type":"Feature","properties":{"art":"restaurant","name":"Taho Sushi"},"geometry":{"type":"Point","coordinates":[8.532541,47.36931]}},{"type":"Feature","properties":{"art":"restaurant","name":"Raro Zurigo"},"geometry":{"type":"Point","coordinates":[8.543899,47.377558]}},{"type":"Feature","properties":{"art":"restaurant","name":"Bombay Karachi"},"geometry":{"type":"Point","coordinates":[8.543548,47.379323]}},{"type":"Feature","properties":{"art":"restaurant","name":"Commihalle"},"geometry":{"type":"Point","coordinates":[8.54385,47.377785]}},{"type":"Feature","properties":{"art":"restaurant","name":"Alba"},"geometry":{"type":"Point","coordinates":[8.542222,47.381518]}},{"type":"Feature","properties":{"art":"cafe","name":"Café Hubertus"},"geometry":{"type":"Point","coordinates":[8.498938,47.377657]}},{"type":"Feature","properties":{"art":"restaurant","name":"4Leoni Firenze"},"geometry":{"type":"Point","coordinates":[8.530236,47.384332]}},{"type":"Feature","properties":{"art":"restaurant","name":"Valentin's"},"geometry":{"type":"Point","coordinates":[8.52979,47.384638]}},{"type":"Feature","properties":{"art":"restaurant","name":"La Contrada"},"geometry":{"type":"Point","coordinates":[8.529593,47.384832]}},{"type":"Feature","properties":{"art":"restaurant","name":"Friends Corner"},"geometry":{"type":"Point","coordinates":[8.527714,47.384791]}},{"type":"Feature","properties":{"art":"restaurant","name":"Josef"},"geometry":{"type":"Point","coordinates":[8.52896,47.38389]}},{"type":"Feature","properties":{"art":"bar","name":"Eldorado"},"geometry":{"type":"Point","coordinates":[8.532653,47.383664]}},{"type":"Feature","properties":{"art":"restaurant","name":"Schwarzer Hecht"},"geometry":{"type":"Point","coordinates":[8.489775,47.3259]}},{"type":"Feature","properties":{"art":"restaurant","name":"Tschingg"},"geometry":{"type":"Point","coordinates":[8.529698,47.373809]}},{"type":"Feature","properties":{"art":"restaurant","name":"Pho Vietnam"},"geometry":{"type":"Point","coordinates":[8.524484,47.374954]}},{"type":"Feature","properties":{"art":"restaurant","name":"Lindenhofkeller"},"geometry":{"type":"Point","coordinates":[8.540819,47.372464]}},{"type":"Feature","properties":{"art":"restaurant","name":"Soï 28"},"geometry":{"type":"Point","coordinates":[8.539349,47.372249]}},{"type":"Feature","properties":{"art":"cafe","name":"Kafi Känzig"},"geometry":{"type":"Point","coordinates":[8.548671,47.323588]}},{"type":"Feature","properties":{"art":"restaurant","name":"Taste of Asia Co."},"geometry":{"type":"Point","coordinates":[8.528361,47.38328]}},{"type":"Feature","properties":{"art":"restaurant","name":"Restaurant Pizzeria Grazie"},"geometry":{"type":"Point","coordinates":[8.472827,47.340353]}},{"type":"Feature","properties":{"art":"restaurant","name":"Chianalea Ristorante Pizzeria"},"geometry":{"type":"Point","coordinates":[8.524116,47.379252]}},{"type":"Feature","properties":{"art":"cafe","name":"Hotz"},"geometry":{"type":"Point","coordinates":[8.621669,47.395603]}},{"type":"Feature","properties":{"art":"cafe","name":"St. Jakob Beck"},"geometry":{"type":"Point","coordinates":[8.526588,47.387726]}},{"type":"Feature","properties":{"art":"restaurant","name":"Thailodge"},"geometry":{"type":"Point","coordinates":[8.57692,47.388342]}},{"type":"Feature","properties":{"art":"kino","name":"Houdini"},"geometry":{"type":"Point","coordinates":[8.520172,47.374622]}},{"type":"Feature","properties":{"art":"bar","name":"Houdini"},"geometry":{"type":"Point","coordinates":[8.52039,47.374577]}},{"type":"Feature","properties":{"art":"restaurant","name":"Thali Indian Restaurant"},"geometry":{"type":"Point","coordinates":[8.539227,47.390294]}},{"type":"Feature","properties":{"art":"kunst","name":"Pavillon-Skulptur"},"geometry":{"type":"Point","coordinates":[8.538056,47.372301]}},{"type":"Feature","properties":{"art":"kunst","name":"Der grosse Aufschwung"},"geometry":{"type":"Point","coordinates":[8.539284,47.369468]}},{"type":"Feature","properties":{"art":"museum","name":"Thomas-Mann-Archiv"},"geometry":{"type":"Point","coordinates":[8.548026,47.375917]}},{"type":"Feature","properties":{"art":"cafe","name":"Tonino"},"geometry":{"type":"Point","coordinates":[8.511288,47.390193]}},{"type":"Feature","properties":{"art":"restaurant","name":"naanu"},"geometry":{"type":"Point","coordinates":[8.5091,47.390831]}},{"type":"Feature","properties":{"art":"bibliothek","name":"PBZ Leimbach"},"geometry":{"type":"Point","coordinates":[8.513464,47.334274]}},{"type":"Feature","properties":{"art":"treff","name":"Quartiertreff Zentralstrasse"},"geometry":{"type":"Point","coordinates":[8.519972,47.37156]}},{"type":"Feature","properties":{"art":"bar","name":"Le Calvados"},"geometry":{"type":"Point","coordinates":[8.514257,47.374159]}},{"type":"Feature","properties":{"art":"restaurant","name":"Ynos"},"geometry":{"type":"Point","coordinates":[8.531446,47.37893]}},{"type":"Feature","properties":{"art":"restaurant","name":"Sport Restaurant Heerenschürli"},"geometry":{"type":"Point","coordinates":[8.59509,47.402122]}},{"type":"Feature","properties":{"art":"restaurant","name":"Juchhof 2"},"geometry":{"type":"Point","coordinates":[8.466228,47.398823]}},{"type":"Feature","properties":{"art":"restaurant","name":"Wild Bowls"},"geometry":{"type":"Point","coordinates":[8.549507,47.363639]}},{"type":"Feature","properties":{"art":"restaurant","name":"Bebek"},"geometry":{"type":"Point","coordinates":[8.520753,47.374465]}},{"type":"Feature","properties":{"art":"bar","name":"Wohnzimmerbar"},"geometry":{"type":"Point","coordinates":[8.520067,47.374124]}},{"type":"Feature","properties":{"art":"bar","name":"Felix Bar"},"geometry":{"type":"Point","coordinates":[8.520905,47.374249]}},{"type":"Feature","properties":{"art":"cafe","name":"Arctic"},"geometry":{"type":"Point","coordinates":[8.536905,47.373494]}},{"type":"Feature","properties":{"art":"bar","name":"Mikkeller"},"geometry":{"type":"Point","coordinates":[8.520318,47.371271]}},{"type":"Feature","properties":{"art":"restaurant","name":"Schmiedhof"},"geometry":{"type":"Point","coordinates":[8.519654,47.370958]}},{"type":"Feature","properties":{"art":"cafe","name":"Babu's Bakery & Coffeehouse"},"geometry":{"type":"Point","coordinates":[8.547529,47.365331]}},{"type":"Feature","properties":{"art":"restaurant","name":"Marcello's Bistro"},"geometry":{"type":"Point","coordinates":[8.498046,47.402946]}},{"type":"Feature","properties":{"art":"cafe","name":"McCafé"},"geometry":{"type":"Point","coordinates":[8.615601,47.412038]}},{"type":"Feature","properties":{"art":"restaurant","name":"Yume-Ramen"},"geometry":{"type":"Point","coordinates":[8.53328,47.37667]}},{"type":"Feature","properties":{"art":"bar","name":"Armando's by Vergani"},"geometry":{"type":"Point","coordinates":[8.537196,47.375266]}},{"type":"Feature","properties":{"art":"restaurant","name":"Löweneck"},"geometry":{"type":"Point","coordinates":[8.536414,47.374868]}},{"type":"Feature","properties":{"art":"restaurant","name":"SEAM – Japanese Kappo Cuisine"},"geometry":{"type":"Point","coordinates":[8.535733,47.374608]}},{"type":"Feature","properties":{"art":"cafe","name":"miyo cafebar"},"geometry":{"type":"Point","coordinates":[8.534659,47.380794]}},{"type":"Feature","properties":{"art":"restaurant","name":"Da Michelangelo"},"geometry":{"type":"Point","coordinates":[8.51523,47.373355]}},{"type":"Feature","properties":{"art":"restaurant","name":"Rössli"},"geometry":{"type":"Point","coordinates":[8.629117,47.422414]}},{"type":"Feature","properties":{"art":"bar","name":"Mehrspur"},"geometry":{"type":"Point","coordinates":[8.51181,47.391689]}},{"type":"Feature","properties":{"art":"restaurant","name":"Oberes Triemli"},"geometry":{"type":"Point","coordinates":[8.493393,47.366962]}},{"type":"Feature","properties":{"art":"restaurant","name":"Mi Mi Sa"},"geometry":{"type":"Point","coordinates":[8.546989,47.41933]}},{"type":"Feature","properties":{"art":"restaurant","name":"Werdguet"},"geometry":{"type":"Point","coordinates":[8.527487,47.37151]}},{"type":"Feature","properties":{"art":"restaurant","name":"Il Giglio"},"geometry":{"type":"Point","coordinates":[8.528323,47.37092]}},{"type":"Feature","properties":{"art":"restaurant","name":"MAZI im Morgarten"},"geometry":{"type":"Point","coordinates":[8.527859,47.371482]}},{"type":"Feature","properties":{"art":"restaurant","name":"Fein und Schein"},"geometry":{"type":"Point","coordinates":[8.527381,47.370447]}},{"type":"Feature","properties":{"art":"bar","name":"Penalty Restaurant Bar"},"geometry":{"type":"Point","coordinates":[8.52851,47.371433]}},{"type":"Feature","properties":{"art":"restaurant","name":"Bärengasse"},"geometry":{"type":"Point","coordinates":[8.538384,47.370377]}},{"type":"Feature","properties":{"art":"restaurant","name":"Thai Erawan"},"geometry":{"type":"Point","coordinates":[8.536658,47.369461]}},{"type":"Feature","properties":{"art":"cafe","name":"Steiner"},"geometry":{"type":"Point","coordinates":[8.514731,47.387521]}},{"type":"Feature","properties":{"art":"restaurant","name":"Tam Nan Siam Thai Restaurant"},"geometry":{"type":"Point","coordinates":[8.474317,47.392914]}},{"type":"Feature","properties":{"art":"restaurant","name":"Xi Muoi"},"geometry":{"type":"Point","coordinates":[8.513845,47.370603]}},{"type":"Feature","properties":{"art":"restaurant","name":"Neue Taverne"},"geometry":{"type":"Point","coordinates":[8.540366,47.37207]}},{"type":"Feature","properties":{"art":"cafe","name":"ViCafe"},"geometry":{"type":"Point","coordinates":[8.513437,47.370366]}},{"type":"Feature","properties":{"art":"buehne","name":"Zirkusquartier Zürich"},"geometry":{"type":"Point","coordinates":[8.516551,47.383136]}},{"type":"Feature","properties":{"art":"bar","name":"Bar OTRO"},"geometry":{"type":"Point","coordinates":[8.52874,47.378448]}},{"type":"Feature","properties":{"art":"cafe","name":"Oakberry"},"geometry":{"type":"Point","coordinates":[8.53639,47.373486]}},{"type":"Feature","properties":{"art":"cafe","name":"Kafi Freud"},"geometry":{"type":"Point","coordinates":[8.540615,47.395967]}},{"type":"Feature","properties":{"art":"bar","name":"The Hoppy Corner"},"geometry":{"type":"Point","coordinates":[8.54587,47.411257]}},{"type":"Feature","properties":{"art":"bar","name":"Club 12"},"geometry":{"type":"Point","coordinates":[8.545201,47.411055]}},{"type":"Feature","properties":{"art":"restaurant","name":"La Esquina"},"geometry":{"type":"Point","coordinates":[8.594307,47.411429]}},{"type":"Feature","properties":{"art":"restaurant","name":"Nooch Asian Kitchen"},"geometry":{"type":"Point","coordinates":[8.595617,47.410154]}},{"type":"Feature","properties":{"art":"restaurant","name":"Sahar"},"geometry":{"type":"Point","coordinates":[8.595692,47.409818]}},{"type":"Feature","properties":{"art":"cafe","name":"Schokolato"},"geometry":{"type":"Point","coordinates":[8.59502,47.410219]}},{"type":"Feature","properties":{"art":"restaurant","name":"Enzian Veggibistro"},"geometry":{"type":"Point","coordinates":[8.595332,47.410608]}},{"type":"Feature","properties":{"art":"restaurant","name":"79"},"geometry":{"type":"Point","coordinates":[8.595208,47.410699]}},{"type":"Feature","properties":{"art":"restaurant","name":"Hokkaido"},"geometry":{"type":"Point","coordinates":[8.517407,47.390506]}},{"type":"Feature","properties":{"art":"restaurant","name":"Deli1993"},"geometry":{"type":"Point","coordinates":[8.515141,47.390115]}},{"type":"Feature","properties":{"art":"restaurant","name":"Nooch"},"geometry":{"type":"Point","coordinates":[8.525102,47.374105]}},{"type":"Feature","properties":{"art":"restaurant","name":"Il Faro"},"geometry":{"type":"Point","coordinates":[8.592321,47.412973]}},{"type":"Feature","properties":{"art":"bar","name":"novotelcafe"},"geometry":{"type":"Point","coordinates":[8.51668,47.389158]}},{"type":"Feature","properties":{"art":"restaurant","name":"The Flave"},"geometry":{"type":"Point","coordinates":[8.516877,47.389095]}},{"type":"Feature","properties":{"art":"museum","name":"Hartdurm"},"geometry":{"type":"Point","coordinates":[8.50748,47.393629]}},{"type":"Feature","properties":{"art":"restaurant","name":"Ristorante 33"},"geometry":{"type":"Point","coordinates":[8.533982,47.366839]}},{"type":"Feature","properties":{"art":"restaurant","name":"Fantasia"},"geometry":{"type":"Point","coordinates":[8.535963,47.420111]}},{"type":"Feature","properties":{"art":"restaurant","name":"Tandoor House"},"geometry":{"type":"Point","coordinates":[8.540481,47.422433]}},{"type":"Feature","properties":{"art":"restaurant","name":"Restaurant Viadukt"},"geometry":{"type":"Point","coordinates":[8.522029,47.386143]}},{"type":"Feature","properties":{"art":"kunst","name":"Nana \"L'ange protecteur\""},"geometry":{"type":"Point","coordinates":[8.540048,47.378073]}},{"type":"Feature","properties":{"art":"restaurant","name":"African Queen"},"geometry":{"type":"Point","coordinates":[8.54215,47.381623]}},{"type":"Feature","properties":{"art":"restaurant","name":"L’Artista"},"geometry":{"type":"Point","coordinates":[8.545754,47.410157]}},{"type":"Feature","properties":{"art":"restaurant","name":"SimSim"},"geometry":{"type":"Point","coordinates":[8.53923,47.387852]}},{"type":"Feature","properties":{"art":"cafe","name":"Konditorei Cafe"},"geometry":{"type":"Point","coordinates":[8.535934,47.388245]}},{"type":"Feature","properties":{"art":"bibliothek","name":"PBZ Bibliothek Witikon"},"geometry":{"type":"Point","coordinates":[8.593514,47.359832]}},{"type":"Feature","properties":{"art":"restaurant","name":"Urban Spice"},"geometry":{"type":"Point","coordinates":[8.559514,47.431567]}},{"type":"Feature","properties":{"art":"restaurant","name":"Nihao"},"geometry":{"type":"Point","coordinates":[8.544539,47.402423]}},{"type":"Feature","properties":{"art":"restaurant","name":"Studio Bellerive"},"geometry":{"type":"Point","coordinates":[8.547568,47.362328]}},{"type":"Feature","properties":{"art":"restaurant","name":"Eden Kitchen & Bar"},"geometry":{"type":"Point","coordinates":[8.547372,47.362709]}},{"type":"Feature","properties":{"art":"bar","name":"La Ola Bar"},"geometry":{"type":"Point","coordinates":[8.516281,47.376196]}},{"type":"Feature","properties":{"art":"bar","name":"Damm für Dich"},"geometry":{"type":"Point","coordinates":[8.527644,47.390486]}},{"type":"Feature","properties":{"art":"cafe","name":"franzos"},"geometry":{"type":"Point","coordinates":[8.543887,47.376148]}},{"type":"Feature","properties":{"art":"museum","name":"Gasi-Museum"},"geometry":{"type":"Point","coordinates":[8.46378,47.402085]}},{"type":"Feature","properties":{"art":"cafe","name":"Manuel's"},"geometry":{"type":"Point","coordinates":[8.535133,47.373613]}},{"type":"Feature","properties":{"art":"bar","name":"Wehrlischloss"},"geometry":{"type":"Point","coordinates":[8.488429,47.387135]}},{"type":"Feature","properties":{"art":"restaurant","name":"Bund 39"},"geometry":{"type":"Point","coordinates":[8.528716,47.374961]}},{"type":"Feature","properties":{"art":"restaurant","name":"Sennhof"},"geometry":{"type":"Point","coordinates":[8.437126,47.439774]}},{"type":"Feature","properties":{"art":"restaurant","name":"Beetnut"},"geometry":{"type":"Point","coordinates":[8.533411,47.377641]}},{"type":"Feature","properties":{"art":"cafe","name":"Steiner"},"geometry":{"type":"Point","coordinates":[8.532996,47.37748]}},{"type":"Feature","properties":{"art":"restaurant","name":"Stars & Stripes"},"geometry":{"type":"Point","coordinates":[8.55879,47.420551]}},{"type":"Feature","properties":{"art":"restaurant","name":"SimSim"},"geometry":{"type":"Point","coordinates":[8.547856,47.407552]}},{"type":"Feature","properties":{"art":"bibliothek","name":"Baugeschichtliches Archiv"},"geometry":{"type":"Point","coordinates":[8.545759,47.372393]}},{"type":"Feature","properties":{"art":"bar","name":"Armando's Pane e Vino"},"geometry":{"type":"Point","coordinates":[8.52258,47.357993]}},{"type":"Feature","properties":{"art":"restaurant","name":"Migros Restaurant"},"geometry":{"type":"Point","coordinates":[8.508968,47.390025]}},{"type":"Feature","properties":{"art":"buehne","name":"Salsarica"},"geometry":{"type":"Point","coordinates":[8.509145,47.390167]}},{"type":"Feature","properties":{"art":"bar","name":"Poli"},"geometry":{"type":"Point","coordinates":[8.514457,47.373172]}},{"type":"Feature","properties":{"art":"cafe","name":"Confiserie Freytag"},"geometry":{"type":"Point","coordinates":[8.554928,47.357029]}},{"type":"Feature","properties":{"art":"restaurant","name":"Ban Song Thai"},"geometry":{"type":"Point","coordinates":[8.544211,47.369413]}},{"type":"Feature","properties":{"art":"cafe","name":"Lamassu specialty coffee"},"geometry":{"type":"Point","coordinates":[8.543898,47.378856]}},{"type":"Feature","properties":{"art":"restaurant","name":"Zolliker Stube"},"geometry":{"type":"Point","coordinates":[8.575855,47.338089]}},{"type":"Feature","properties":{"art":"cafe","name":"Cafeteria UZH Botanischer Garten"},"geometry":{"type":"Point","coordinates":[8.559543,47.358812]}},{"type":"Feature","properties":{"art":"bar","name":"Seefeldbar"},"geometry":{"type":"Point","coordinates":[8.55719,47.354751]}},{"type":"Feature","properties":{"art":"restaurant","name":"kaisin"},"geometry":{"type":"Point","coordinates":[8.556767,47.414369]}},{"type":"Feature","properties":{"art":"restaurant","name":"Spoon"},"geometry":{"type":"Point","coordinates":[8.55696,47.414373]}},{"type":"Feature","properties":{"art":"restaurant","name":"Brasserie Seefeld"},"geometry":{"type":"Point","coordinates":[8.559193,47.35261]}},{"type":"Feature","properties":{"art":"buehne","name":"Le Dolzze Wita"},"geometry":{"type":"Point","coordinates":[8.527441,47.362661]}},{"type":"Feature","properties":{"art":"museum","name":"Art Forum Ute Barth"},"geometry":{"type":"Point","coordinates":[8.561718,47.355628]}},{"type":"Feature","properties":{"art":"restaurant","name":"Veganitas"},"geometry":{"type":"Point","coordinates":[8.527679,47.377582]}},{"type":"Feature","properties":{"art":"restaurant","name":"La Zagra"},"geometry":{"type":"Point","coordinates":[8.563313,47.348882]}},{"type":"Feature","properties":{"art":"restaurant","name":"Kai Sushi"},"geometry":{"type":"Point","coordinates":[8.523976,47.359892]}},{"type":"Feature","properties":{"art":"restaurant","name":"Pizzeria da Pepino"},"geometry":{"type":"Point","coordinates":[8.509953,47.378556]}},{"type":"Feature","properties":{"art":"cafe","name":"Starbucks"},"geometry":{"type":"Point","coordinates":[8.537764,47.373207]}},{"type":"Feature","properties":{"art":"restaurant","name":"Antonio"},"geometry":{"type":"Point","coordinates":[8.513586,47.392978]}},{"type":"Feature","properties":{"art":"cafe","name":"Eric's Confiserie Baumann"},"geometry":{"type":"Point","coordinates":[8.575642,47.354154]}},{"type":"Feature","properties":{"art":"restaurant","name":"Restaurant A1 M.O.V.E."},"geometry":{"type":"Point","coordinates":[8.483528,47.394856]}},{"type":"Feature","properties":{"art":"kunst"},"geometry":{"type":"Point","coordinates":[8.527167,47.321372]}},{"type":"Feature","properties":{"art":"cafe","name":"Bäckerei Café Fellenberg"},"geometry":{"type":"Point","coordinates":[8.491759,47.375238]}},{"type":"Feature","properties":{"art":"kunst","name":"Schrödinger's Cat"},"geometry":{"type":"Point","coordinates":[8.548978,47.382616]}},{"type":"Feature","properties":{"art":"restaurant","name":"Musti Grill"},"geometry":{"type":"Point","coordinates":[8.488141,47.387476]}},{"type":"Feature","properties":{"art":"restaurant","name":"Sabor"},"geometry":{"type":"Point","coordinates":[8.439591,47.397202]}},{"type":"Feature","properties":{"art":"restaurant","name":"Lemongrass"},"geometry":{"type":"Point","coordinates":[8.557216,47.3662]}},{"type":"Feature","properties":{"art":"restaurant","name":"Klosbächli"},"geometry":{"type":"Point","coordinates":[8.556734,47.36625]}},{"type":"Feature","properties":{"art":"restaurant","name":"Veltliner Keller"},"geometry":{"type":"Point","coordinates":[8.541172,47.370973]}},{"type":"Feature","properties":{"art":"cafe","name":"Caffè & Bar Belpaese"},"geometry":{"type":"Point","coordinates":[8.540481,47.370305]}},{"type":"Feature","properties":{"art":"restaurant","name":"Kindli"},"geometry":{"type":"Point","coordinates":[8.540651,47.37232]}},{"type":"Feature","properties":{"art":"restaurant","name":"Hummer- und Austernbar"},"geometry":{"type":"Point","coordinates":[8.538915,47.37634]}},{"type":"Feature","properties":{"art":"restaurant","name":"Simplon"},"geometry":{"type":"Point","coordinates":[8.539133,47.37662]}},{"type":"Feature","properties":{"art":"restaurant","name":"Ona Poké"},"geometry":{"type":"Point","coordinates":[8.538565,47.376188]}},{"type":"Feature","properties":{"art":"restaurant","name":"roots"},"geometry":{"type":"Point","coordinates":[8.538611,47.376277]}},{"type":"Feature","properties":{"art":"cafe","name":"Züri CiTea"},"geometry":{"type":"Point","coordinates":[8.538657,47.376367]}},{"type":"Feature","properties":{"art":"cafe","name":"Pret A Manger"},"geometry":{"type":"Point","coordinates":[8.53914,47.373732]}},{"type":"Feature","properties":{"art":"restaurant","name":"August"},"geometry":{"type":"Point","coordinates":[8.540011,47.372333]}},{"type":"Feature","properties":{"art":"cafe","name":"Manzoni"},"geometry":{"type":"Point","coordinates":[8.539062,47.376441]}},{"type":"Feature","properties":{"art":"restaurant","name":"Insider"},"geometry":{"type":"Point","coordinates":[8.538442,47.376875]}},{"type":"Feature","properties":{"art":"restaurant","name":"Migros Restaurant"},"geometry":{"type":"Point","coordinates":[8.517569,47.358162]}},{"type":"Feature","properties":{"art":"museum","name":"Museum für Gestaltung - Schaudepot"},"geometry":{"type":"Point","coordinates":[8.512069,47.390229]}},{"type":"Feature","properties":{"art":"cafe","name":"Marktlücke"},"geometry":{"type":"Point","coordinates":[8.541911,47.373674]}},{"type":"Feature","properties":{"art":"kunst","name":"Anne-Sophie"},"geometry":{"type":"Point","coordinates":[8.509771,47.390758]}},{"type":"Feature","properties":{"art":"restaurant","name":"San Gennaro"},"geometry":{"type":"Point","coordinates":[8.43889,47.395966]}},{"type":"Feature","properties":{"art":"restaurant","name":"Trattoria Ciacco Enoteca"},"geometry":{"type":"Point","coordinates":[8.436762,47.395581]}},{"type":"Feature","properties":{"art":"bar","name":"Leon Bar"},"geometry":{"type":"Point","coordinates":[8.447269,47.398271]}},{"type":"Feature","properties":{"art":"restaurant","name":"Brooklyn Burgermeister"},"geometry":{"type":"Point","coordinates":[8.522201,47.39002]}},{"type":"Feature","properties":{"art":"restaurant","name":"La Piccola Trattoria"},"geometry":{"type":"Point","coordinates":[8.51372,47.373867]}},{"type":"Feature","properties":{"art":"restaurant","name":"Maneez"},"geometry":{"type":"Point","coordinates":[8.528438,47.384194]}},{"type":"Feature","properties":{"art":"restaurant","name":"Nassacker"},"geometry":{"type":"Point","coordinates":[8.441816,47.39499]}},{"type":"Feature","properties":{"art":"restaurant","name":"Didi's Frieden"},"geometry":{"type":"Point","coordinates":[8.543591,47.379213]}},{"type":"Feature","properties":{"art":"restaurant","name":"Pavillon"},"geometry":{"type":"Point","coordinates":[8.539431,47.366691]}},{"type":"Feature","properties":{"art":"kunst"},"geometry":{"type":"Point","coordinates":[8.532566,47.371939]}},{"type":"Feature","properties":{"art":"restaurant","name":"Pizzeria Piazza"},"geometry":{"type":"Point","coordinates":[8.506035,47.419445]}},{"type":"Feature","properties":{"art":"restaurant","name":"Ristorante Pizzeria da Enzo"},"geometry":{"type":"Point","coordinates":[8.505874,47.418452]}},{"type":"Feature","properties":{"art":"restaurant","name":"Hachi Sushi"},"geometry":{"type":"Point","coordinates":[8.506937,47.419344]}},{"type":"Feature","properties":{"art":"cafe","name":"Zähnte Kafi"},"geometry":{"type":"Point","coordinates":[8.506778,47.419766]}},{"type":"Feature","properties":{"art":"restaurant","name":"Fischer's Fritz"},"geometry":{"type":"Point","coordinates":[8.542186,47.335906]}},{"type":"Feature","properties":{"art":"restaurant","name":"Khipu"},"geometry":{"type":"Point","coordinates":[8.513119,47.415765]}},{"type":"Feature","properties":{"art":"restaurant","name":"Viva"},"geometry":{"type":"Point","coordinates":[8.601935,47.355064]}},{"type":"Feature","properties":{"art":"restaurant","name":"Nostos Greek Bistro"},"geometry":{"type":"Point","coordinates":[8.525808,47.411513]}},{"type":"Feature","properties":{"art":"treff","name":"Gemeindesaal"},"geometry":{"type":"Point","coordinates":[8.448683,47.39611]}},{"type":"Feature","properties":{"art":"restaurant","name":"Tibetaner"},"geometry":{"type":"Point","coordinates":[8.52429,47.41239]}},{"type":"Feature","properties":{"art":"restaurant","name":"Restaurant Spice Garden"},"geometry":{"type":"Point","coordinates":[8.506283,47.419377]}},{"type":"Feature","properties":{"art":"restaurant","name":"Wang Khar"},"geometry":{"type":"Point","coordinates":[8.545632,47.4119]}},{"type":"Feature","properties":{"art":"restaurant","name":"Suan Long"},"geometry":{"type":"Point","coordinates":[8.542547,47.410436]}},{"type":"Feature","properties":{"art":"restaurant","name":"Rolli's Steakhouse"},"geometry":{"type":"Point","coordinates":[8.448201,47.397182]}},{"type":"Feature","properties":{"art":"restaurant","name":"Burgermeister"},"geometry":{"type":"Point","coordinates":[8.531151,47.384344]}},{"type":"Feature","properties":{"art":"restaurant","name":"Batavia"},"geometry":{"type":"Point","coordinates":[8.431116,47.377003]}},{"type":"Feature","properties":{"art":"restaurant","name":"Le Pli 22"},"geometry":{"type":"Point","coordinates":[8.545354,47.368907]}},{"type":"Feature","properties":{"art":"restaurant","name":"O Douro"},"geometry":{"type":"Point","coordinates":[8.448157,47.403359]}},{"type":"Feature","properties":{"art":"cafe","name":"Hofladen mit Bistro"},"geometry":{"type":"Point","coordinates":[8.505764,47.323959]}},{"type":"Feature","properties":{"art":"restaurant","name":"Moudi"},"geometry":{"type":"Point","coordinates":[8.534337,47.369786]}},{"type":"Feature","properties":{"art":"restaurant","name":"Dolder Golfclub - Restaurant"},"geometry":{"type":"Point","coordinates":[8.574122,47.372289]}},{"type":"Feature","properties":{"art":"restaurant","name":"TEPE"},"geometry":{"type":"Point","coordinates":[8.572192,47.368878]}},{"type":"Feature","properties":{"art":"kunst"},"geometry":{"type":"Point","coordinates":[8.519911,47.386969]}},{"type":"Feature","properties":{"art":"restaurant","name":"Il Gabbino"},"geometry":{"type":"Point","coordinates":[8.431644,47.389873]}},{"type":"Feature","properties":{"art":"cafe","name":"Zimkaffee"},"geometry":{"type":"Point","coordinates":[8.545484,47.3681]}},{"type":"Feature","properties":{"art":"restaurant","name":"Mensa Rämi 59"},"geometry":{"type":"Point","coordinates":[8.549896,47.3721]}},{"type":"Feature","properties":{"art":"restaurant","name":"Gerold Chuchi"},"geometry":{"type":"Point","coordinates":[8.520317,47.385025]}},{"type":"Feature","properties":{"art":"restaurant","name":"Molino"},"geometry":{"type":"Point","coordinates":[8.487023,47.388761]}},{"type":"Feature","properties":{"art":"restaurant","name":"Scent of Bamboo"},"geometry":{"type":"Point","coordinates":[8.489554,47.391231]}},{"type":"Feature","properties":{"art":"restaurant","name":"Vesuvio"},"geometry":{"type":"Point","coordinates":[8.548463,47.425108]}},{"type":"Feature","properties":{"art":"restaurant","name":"Dahlak"},"geometry":{"type":"Point","coordinates":[8.519982,47.36593]}},{"type":"Feature","properties":{"art":"restaurant","name":"Meierhöfli"},"geometry":{"type":"Point","coordinates":[8.447952,47.410592]}},{"type":"Feature","properties":{"art":"cafe","name":"Careum Bistro"},"geometry":{"type":"Point","coordinates":[8.553623,47.375667]}},{"type":"Feature","properties":{"art":"bar","name":"UMBO"},"geometry":{"type":"Point","coordinates":[8.533939,47.386823]}},{"type":"Feature","properties":{"art":"bibliothek","name":"Standort Geschichte, Universitätsbibliothek Zürich"},"geometry":{"type":"Point","coordinates":[8.547956,47.375238]}},{"type":"Feature","properties":{"art":"bar","name":"The International Beer Bar"},"geometry":{"type":"Point","coordinates":[8.528711,47.382887]}},{"type":"Feature","properties":{"art":"kunst","name":"Le Silence"},"geometry":{"type":"Point","coordinates":[8.586983,47.355992]}},{"type":"Feature","properties":{"art":"museum","name":"FIFA Museum"},"geometry":{"type":"Point","coordinates":[8.531519,47.363579]}},{"type":"Feature","properties":{"art":"restaurant","name":"MeiXin"},"geometry":{"type":"Point","coordinates":[8.530384,47.383455]}},{"type":"Feature","properties":{"art":"restaurant","name":"Grand Café Lochergut"},"geometry":{"type":"Point","coordinates":[8.51696,47.375783]}},{"type":"Feature","properties":{"art":"restaurant","name":"Hotel Bristol"},"geometry":{"type":"Point","coordinates":[8.543449,47.379626]}},{"type":"Feature","properties":{"art":"restaurant","name":"Metropol"},"geometry":{"type":"Point","coordinates":[8.54116,47.368422]}},{"type":"Feature","properties":{"art":"restaurant","name":"Sennenbüel"},"geometry":{"type":"Point","coordinates":[8.447813,47.413861]}},{"type":"Feature","properties":{"art":"restaurant","name":"Osteria Vineria \"da Biagio\" Restaurant Limmatberg"},"geometry":{"type":"Point","coordinates":[8.495393,47.402285]}},{"type":"Feature","properties":{"art":"restaurant","name":"Flor"},"geometry":{"type":"Point","coordinates":[8.517615,47.388223]}},{"type":"Feature","properties":{"art":"restaurant","name":"Pinocchio"},"geometry":{"type":"Point","coordinates":[8.616752,47.392581]}},{"type":"Feature","properties":{"art":"restaurant","name":"Burgermeister"},"geometry":{"type":"Point","coordinates":[8.545839,47.368451]}},{"type":"Feature","properties":{"art":"bar","name":"Barizzi"},"geometry":{"type":"Point","coordinates":[8.52745,47.377695]}},{"type":"Feature","properties":{"art":"cafe","name":"Nuovo"},"geometry":{"type":"Point","coordinates":[8.510256,47.390461]}},{"type":"Feature","properties":{"art":"restaurant","name":"Route Twenty-Six"},"geometry":{"type":"Point","coordinates":[8.510044,47.390626]}},{"type":"Feature","properties":{"art":"bar","name":"New Crazy Horse"},"geometry":{"type":"Point","coordinates":[8.529853,47.374941]}},{"type":"Feature","properties":{"art":"cafe","name":"Coffee & bubbletea"},"geometry":{"type":"Point","coordinates":[8.535972,47.374215]}},{"type":"Feature","properties":{"art":"restaurant","name":"Ying Cusine"},"geometry":{"type":"Point","coordinates":[8.514879,47.370524]}},{"type":"Feature","properties":{"art":"restaurant","name":"Restaurant am Brühlbach"},"geometry":{"type":"Point","coordinates":[8.498627,47.403573]}},{"type":"Feature","properties":{"art":"restaurant","name":"Chiang Mai"},"geometry":{"type":"Point","coordinates":[8.53366,47.380636]}},{"type":"Feature","properties":{"art":"restaurant","name":"Grazie"},"geometry":{"type":"Point","coordinates":[8.517277,47.374737]}},{"type":"Feature","properties":{"art":"restaurant","name":"Imperial"},"geometry":{"type":"Point","coordinates":[8.471303,47.434869]}},{"type":"Feature","properties":{"art":"buehne","name":"Photobastei 2.0"},"geometry":{"type":"Point","coordinates":[8.534013,47.384788]}},{"type":"Feature","properties":{"art":"restaurant","name":"Zio Panino"},"geometry":{"type":"Point","coordinates":[8.513921,47.376561]}},{"type":"Feature","properties":{"art":"cafe","name":"Cafe le mur"},"geometry":{"type":"Point","coordinates":[8.523636,47.376681]}},{"type":"Feature","properties":{"art":"restaurant","name":"Qirin"},"geometry":{"type":"Point","coordinates":[8.488138,47.38915]}},{"type":"Feature","properties":{"art":"restaurant","name":"Dal Sardo"},"geometry":{"type":"Point","coordinates":[8.560225,47.367913]}},{"type":"Feature","properties":{"art":"cafe","name":"Cafe Europa"},"geometry":{"type":"Point","coordinates":[8.532896,47.377959]}},{"type":"Feature","properties":{"art":"buehne","name":"Pop-In"},"geometry":{"type":"Point","coordinates":[8.523721,47.372299]}},{"type":"Feature","properties":{"art":"restaurant","name":"Da Angela"},"geometry":{"type":"Point","coordinates":[8.501441,47.386982]}},{"type":"Feature","properties":{"art":"restaurant","name":"Nep"},"geometry":{"type":"Point","coordinates":[8.532527,47.376922]}},{"type":"Feature","properties":{"art":"bar","name":"Jade Club"},"geometry":{"type":"Point","coordinates":[8.535898,47.371636]}},{"type":"Feature","properties":{"art":"bar","name":"Limabar"},"geometry":{"type":"Point","coordinates":[8.535789,47.371643]}},{"type":"Feature","properties":{"art":"treff","name":"Fraum | Frauen*Zentrum Zürich"},"geometry":{"type":"Point","coordinates":[8.5307,47.382761]}},{"type":"Feature","properties":{"art":"buehne","name":"House of Books"},"geometry":{"type":"Point","coordinates":[8.523361,47.376649]}},{"type":"Feature","properties":{"art":"restaurant","name":"Tillsamman"},"geometry":{"type":"Point","coordinates":[8.517523,47.373007]}},{"type":"Feature","properties":{"art":"restaurant","name":"Hiltl Sihlpost"},"geometry":{"type":"Point","coordinates":[8.535717,47.377736]}},{"type":"Feature","properties":{"art":"restaurant","name":"Himalaya"},"geometry":{"type":"Point","coordinates":[8.532914,47.383086]}},{"type":"Feature","properties":{"art":"cafe","name":"Apo THEKE"},"geometry":{"type":"Point","coordinates":[8.552808,47.373492]}},{"type":"Feature","properties":{"art":"restaurant","name":"La Stazione"},"geometry":{"type":"Point","coordinates":[8.622941,47.399964]}},{"type":"Feature","properties":{"art":"restaurant","name":"Saal Restaurant"},"geometry":{"type":"Point","coordinates":[8.622806,47.399927]}},{"type":"Feature","properties":{"art":"restaurant","name":"Al Ventotto"},"geometry":{"type":"Point","coordinates":[8.538794,47.390227]}},{"type":"Feature","properties":{"art":"cafe","name":"Cafe am Platz"},"geometry":{"type":"Point","coordinates":[8.538448,47.391194]}},{"type":"Feature","properties":{"art":"restaurant","name":"Più"},"geometry":{"type":"Point","coordinates":[8.534873,47.376936]}},{"type":"Feature","properties":{"art":"kunst","name":"Oswald-Heer-Denkmal"},"geometry":{"type":"Point","coordinates":[8.534937,47.370775]}},{"type":"Feature","properties":{"art":"restaurant","name":"Bank"},"geometry":{"type":"Point","coordinates":[8.526456,47.376421]}},{"type":"Feature","properties":{"art":"restaurant","name":"Bistro ZwiBack"},"geometry":{"type":"Point","coordinates":[8.605213,47.403864]}},{"type":"Feature","properties":{"art":"kunst"},"geometry":{"type":"Point","coordinates":[8.559006,47.359158]}},{"type":"Feature","properties":{"art":"bibliothek","name":"Bibliothek der Institute für Systematische Botanik und für Pflanzenbiologie"},"geometry":{"type":"Point","coordinates":[8.559505,47.358839]}},{"type":"Feature","properties":{"art":"kunst"},"geometry":{"type":"Point","coordinates":[8.606017,47.403935]}},{"type":"Feature","properties":{"art":"cafe","name":"Raumschiff"},"geometry":{"type":"Point","coordinates":[8.604742,47.40359]}},{"type":"Feature","properties":{"art":"cafe","name":"ViCafe"},"geometry":{"type":"Point","coordinates":[8.546081,47.366845]}},{"type":"Feature","properties":{"art":"restaurant","name":"Konshi"},"geometry":{"type":"Point","coordinates":[8.540852,47.374088]}},{"type":"Feature","properties":{"art":"restaurant","name":"Valentina Pasta e Pizza"},"geometry":{"type":"Point","coordinates":[8.474588,47.437284]}},{"type":"Feature","properties":{"art":"restaurant","name":"VBZ Kantine"},"geometry":{"type":"Point","coordinates":[8.490434,47.38446]}},{"type":"Feature","properties":{"art":"restaurant","name":"Wirtschaft Alter Tobelhof"},"geometry":{"type":"Point","coordinates":[8.588136,47.382296]}},{"type":"Feature","properties":{"art":"restaurant","name":"Chäsalp"},"geometry":{"type":"Point","coordinates":[8.587926,47.382069]}},{"type":"Feature","properties":{"art":"restaurant","name":"Ustaria"},"geometry":{"type":"Point","coordinates":[8.546504,47.41169]}},{"type":"Feature","properties":{"art":"restaurant","name":"Sam's Steakhouse"},"geometry":{"type":"Point","coordinates":[8.468906,47.326393]}},{"type":"Feature","properties":{"art":"restaurant","name":"Ayverdi's"},"geometry":{"type":"Point","coordinates":[8.56139,47.414648]}},{"type":"Feature","properties":{"art":"kunst","name":"Nagelhaus"},"geometry":{"type":"Point","coordinates":[8.58976,47.358468]}},{"type":"Feature","properties":{"art":"museum","name":"Stiftung SAPA"},"geometry":{"type":"Point","coordinates":[8.525881,47.388364]}},{"type":"Feature","properties":{"art":"restaurant","name":"QQ Sushi"},"geometry":{"type":"Point","coordinates":[8.543958,47.377413]}},{"type":"Feature","properties":{"art":"restaurant","name":"Kebi"},"geometry":{"type":"Point","coordinates":[8.543738,47.378683]}},{"type":"Feature","properties":{"art":"kunst","name":"Jüngling mit Habicht"},"geometry":{"type":"Point","coordinates":[8.530663,47.357566]}},{"type":"Feature","properties":{"art":"kunst","name":"Sitzende Figur"},"geometry":{"type":"Point","coordinates":[8.52956,47.358214]}},{"type":"Feature","properties":{"art":"kunst","name":"Panzernashorn"},"geometry":{"type":"Point","coordinates":[8.539636,47.36851]}},{"type":"Feature","properties":{"art":"cafe","name":"Metropol"},"geometry":{"type":"Point","coordinates":[8.54128,47.368212]}},{"type":"Feature","properties":{"art":"bar","name":"Club Bar Aura"},"geometry":{"type":"Point","coordinates":[8.537729,47.368656]}},{"type":"Feature","properties":{"art":"restaurant","name":"Baur's"},"geometry":{"type":"Point","coordinates":[8.53913,47.367618]}},{"type":"Feature","properties":{"art":"treff","name":"Gemeinschaftszentrum Wollishofen, Standort Albisstrasse"},"geometry":{"type":"Point","coordinates":[8.531957,47.344036]}},{"type":"Feature","properties":{"art":"restaurant","name":"The Red Room"},"geometry":{"type":"Point","coordinates":[8.538403,47.3688]}},{"type":"Feature","properties":{"art":"restaurant","name":"Green Papaya"},"geometry":{"type":"Point","coordinates":[8.53071,47.340623]}},{"type":"Feature","properties":{"art":"restaurant","name":"Dapura Mia Restaurant Bali-Indonesien"},"geometry":{"type":"Point","coordinates":[8.529884,47.338152]}},{"type":"Feature","properties":{"art":"bar","name":"Le Raymond"},"geometry":{"type":"Point","coordinates":[8.537506,47.368835]}},{"type":"Feature","properties":{"art":"cafe","name":"Albanesi"},"geometry":{"type":"Point","coordinates":[8.538363,47.377306]}},{"type":"Feature","properties":{"art":"restaurant","name":"Migros Restaurant"},"geometry":{"type":"Point","coordinates":[8.536088,47.375493]}},{"type":"Feature","properties":{"art":"restaurant","name":"Topden Bowls"},"geometry":{"type":"Point","coordinates":[8.521968,47.374043]}},{"type":"Feature","properties":{"art":"cafe","name":"Auer & Co"},"geometry":{"type":"Point","coordinates":[8.533668,47.38478]}},{"type":"Feature","properties":{"art":"restaurant","name":"Tibits"},"geometry":{"type":"Point","coordinates":[8.546696,47.409084]}},{"type":"Feature","properties":{"art":"restaurant","name":"Cima Curry"},"geometry":{"type":"Point","coordinates":[8.529568,47.377673]}},{"type":"Feature","properties":{"art":"restaurant","name":"Pizzaway"},"geometry":{"type":"Point","coordinates":[8.448841,47.400839]}},{"type":"Feature","properties":{"art":"buehne","name":"TanzPlus Zwicky"},"geometry":{"type":"Point","coordinates":[8.604627,47.404183]}},{"type":"Feature","properties":{"art":"restaurant","name":"Siam Square Bistro"},"geometry":{"type":"Point","coordinates":[8.558706,47.41966]}},{"type":"Feature","properties":{"art":"restaurant","name":"Burgers & Shakes"},"geometry":{"type":"Point","coordinates":[8.561071,47.422318]}},{"type":"Feature","properties":{"art":"restaurant","name":"Schönau"},"geometry":{"type":"Point","coordinates":[8.524257,47.378366]}},{"type":"Feature","properties":{"art":"restaurant","name":"Restaurant Liga"},"geometry":{"type":"Point","coordinates":[8.608842,47.413667]}},{"type":"Feature","properties":{"art":"restaurant","name":"City"},"geometry":{"type":"Point","coordinates":[8.591147,47.413861]}},{"type":"Feature","properties":{"art":"restaurant","name":"La Cantinella"},"geometry":{"type":"Point","coordinates":[8.585576,47.414576]}},{"type":"Feature","properties":{"art":"restaurant","name":"Square / Eurest"},"geometry":{"type":"Point","coordinates":[8.589237,47.412494]}},{"type":"Feature","properties":{"art":"restaurant","name":"Pasta OAse"},"geometry":{"type":"Point","coordinates":[8.586628,47.411673]}},{"type":"Feature","properties":{"art":"restaurant","name":"Janni Pizza"},"geometry":{"type":"Point","coordinates":[8.594459,47.412236]}},{"type":"Feature","properties":{"art":"restaurant","name":"Santa Lucia"},"geometry":{"type":"Point","coordinates":[8.529587,47.383856]}},{"type":"Feature","properties":{"art":"restaurant","name":"Daizy"},"geometry":{"type":"Point","coordinates":[8.512324,47.363131]}},{"type":"Feature","properties":{"art":"restaurant","name":"Orient Catering"},"geometry":{"type":"Point","coordinates":[8.544721,47.378952]}},{"type":"Feature","properties":{"art":"restaurant","name":"Restaurant Altstetten"},"geometry":{"type":"Point","coordinates":[8.486539,47.389182]}},{"type":"Feature","properties":{"art":"kunst"},"geometry":{"type":"Point","coordinates":[8.534916,47.363199]}},{"type":"Feature","properties":{"art":"kunst","name":"Ganymeds Schwester"},"geometry":{"type":"Point","coordinates":[8.539359,47.365284]}},{"type":"Feature","properties":{"art":"restaurant","name":"Luigia"},"geometry":{"type":"Point","coordinates":[8.535536,47.370406]}},{"type":"Feature","properties":{"art":"restaurant","name":"Seerestaurant Steinburg"},"geometry":{"type":"Point","coordinates":[8.578624,47.320434]}},{"type":"Feature","properties":{"art":"cafe","name":"Coffee&Deeds"},"geometry":{"type":"Point","coordinates":[8.585825,47.402047]}},{"type":"Feature","properties":{"art":"bar","name":"Talacker 41"},"geometry":{"type":"Point","coordinates":[8.534846,47.371808]}},{"type":"Feature","properties":{"art":"bar","name":"Incontro"},"geometry":{"type":"Point","coordinates":[8.534988,47.372307]}},{"type":"Feature","properties":{"art":"bar","name":"Tales Bar"},"geometry":{"type":"Point","coordinates":[8.53266,47.372771]}},{"type":"Feature","properties":{"art":"cafe","name":"MaDonna"},"geometry":{"type":"Point","coordinates":[8.534921,47.371387]}},{"type":"Feature","properties":{"art":"restaurant","name":"Stripped Pizza"},"geometry":{"type":"Point","coordinates":[8.534747,47.371744]}},{"type":"Feature","properties":{"art":"restaurant","name":"Cartell"},"geometry":{"type":"Point","coordinates":[8.533921,47.372607]}},{"type":"Feature","properties":{"art":"restaurant","name":"V.P. Catering"},"geometry":{"type":"Point","coordinates":[8.524293,47.373009]}},{"type":"Feature","properties":{"art":"restaurant","name":"Hua Hin Thai Take Away"},"geometry":{"type":"Point","coordinates":[8.519562,47.375706]}},{"type":"Feature","properties":{"art":"restaurant","name":"De Koreaner 59"},"geometry":{"type":"Point","coordinates":[8.517412,47.375125]}},{"type":"Feature","properties":{"art":"restaurant","name":"Caffe Cioccolato"},"geometry":{"type":"Point","coordinates":[8.486059,47.38723]}},{"type":"Feature","properties":{"art":"restaurant","name":"Alba Pizza"},"geometry":{"type":"Point","coordinates":[8.517246,47.370462]}},{"type":"Feature","properties":{"art":"restaurant","name":"Meskerem Restaurant"},"geometry":{"type":"Point","coordinates":[8.50569,47.369556]}},{"type":"Feature","properties":{"art":"restaurant","name":"Da Amici 2"},"geometry":{"type":"Point","coordinates":[8.548627,47.420397]}},{"type":"Feature","properties":{"art":"cafe","name":"Creperie Sweet & Salty"},"geometry":{"type":"Point","coordinates":[8.553374,47.425722]}},{"type":"Feature","properties":{"art":"kunst","name":"Sheep Piece"},"geometry":{"type":"Point","coordinates":[8.548106,47.357848]}},{"type":"Feature","properties":{"art":"restaurant","name":"Fiirabigbeizli \"Zur alte Chäsi\""},"geometry":{"type":"Point","coordinates":[8.543082,47.423153]}},{"type":"Feature","properties":{"art":"restaurant","name":"Zum Gaul"},"geometry":{"type":"Point","coordinates":[8.518166,47.385908]}},{"type":"Feature","properties":{"art":"restaurant","name":"blau"},"geometry":{"type":"Point","coordinates":[8.520536,47.378494]}},{"type":"Feature","properties":{"art":"restaurant","name":"Wesley's Kitchen"},"geometry":{"type":"Point","coordinates":[8.532692,47.381828]}},{"type":"Feature","properties":{"art":"cafe","name":"Diwan Shisha"},"geometry":{"type":"Point","coordinates":[8.530034,47.382702]}},{"type":"Feature","properties":{"art":"bar","name":"Chicago Bar"},"geometry":{"type":"Point","coordinates":[8.529948,47.382593]}},{"type":"Feature","properties":{"art":"restaurant","name":"Steakhouse Argentina"},"geometry":{"type":"Point","coordinates":[8.552017,47.413863]}},{"type":"Feature","properties":{"art":"bar","name":"BASILICA Bar & Lounge"},"geometry":{"type":"Point","coordinates":[8.52247,47.388833]}},{"type":"Feature","properties":{"art":"cafe","name":"Bagelboys"},"geometry":{"type":"Point","coordinates":[8.559397,47.414302]}},{"type":"Feature","properties":{"art":"cafe","name":"Cafeteria Giardino"},"geometry":{"type":"Point","coordinates":[8.600106,47.348516]}},{"type":"Feature","properties":{"art":"restaurant","name":"Restaurant Neumünsterpark"},"geometry":{"type":"Point","coordinates":[8.600271,47.348526]}},{"type":"Feature","properties":{"art":"bar","name":"Olé Olé Bar"},"geometry":{"type":"Point","coordinates":[8.528064,47.38003]}},{"type":"Feature","properties":{"art":"restaurant","name":"Miss Miu"},"geometry":{"type":"Point","coordinates":[8.525428,47.373992]}},{"type":"Feature","properties":{"art":"restaurant","name":"Now We Go Vegan"},"geometry":{"type":"Point","coordinates":[8.526727,47.37894]}},{"type":"Feature","properties":{"art":"restaurant","name":"San Gennaro"},"geometry":{"type":"Point","coordinates":[8.539823,47.377773]}},{"type":"Feature","properties":{"art":"restaurant","name":"The Counter"},"geometry":{"type":"Point","coordinates":[8.540726,47.37722]}},{"type":"Feature","properties":{"art":"restaurant","name":"Brasserie Federal"},"geometry":{"type":"Point","coordinates":[8.540717,47.378023]}},{"type":"Feature","properties":{"art":"cafe","name":"Cafe Oscar"},"geometry":{"type":"Point","coordinates":[8.539602,47.377833]}},{"type":"Feature","properties":{"art":"cafe","name":"Da Capo Bar"},"geometry":{"type":"Point","coordinates":[8.540737,47.377195]}},{"type":"Feature","properties":{"art":"restaurant","name":"Süd"},"geometry":{"type":"Point","coordinates":[8.540398,47.377315]}},{"type":"Feature","properties":{"art":"cafe","name":"Il Baretto"},"geometry":{"type":"Point","coordinates":[8.539718,47.378481]}},{"type":"Feature","properties":{"art":"restaurant","name":"Sora Sushi"},"geometry":{"type":"Point","coordinates":[8.53946,47.377593]}},{"type":"Feature","properties":{"art":"cafe","name":"Pret A Manger"},"geometry":{"type":"Point","coordinates":[8.53979,47.378764]}},{"type":"Feature","properties":{"art":"cafe","name":"Il Baretto"},"geometry":{"type":"Point","coordinates":[8.540215,47.377033]}},{"type":"Feature","properties":{"art":"bar","name":"Heile Welt"},"geometry":{"type":"Point","coordinates":[8.526895,47.380785]}},{"type":"Feature","properties":{"art":"restaurant","name":"Restaurant Riedbach"},"geometry":{"type":"Point","coordinates":[8.559752,47.414251]}},{"type":"Feature","properties":{"art":"kunst","name":"Trinkbrunnen"},"geometry":{"type":"Point","coordinates":[8.559829,47.413551]}},{"type":"Feature","properties":{"art":"restaurant","name":"Cafi Eichrain"},"geometry":{"type":"Point","coordinates":[8.548607,47.428434]}},{"type":"Feature","properties":{"art":"restaurant","name":"Mooshüsli"},"geometry":{"type":"Point","coordinates":[8.464825,47.335689]}},{"type":"Feature","properties":{"art":"buehne","name":"Bühne S"},"geometry":{"type":"Point","coordinates":[8.549675,47.366254]}},{"type":"Feature","properties":{"art":"restaurant","name":"Mezze"},"geometry":{"type":"Point","coordinates":[8.442943,47.401127]}},{"type":"Feature","properties":{"art":"restaurant","name":"La Trattoria Freilager"},"geometry":{"type":"Point","coordinates":[8.489496,47.379663]}},{"type":"Feature","properties":{"art":"cafe","name":"Arche Bistro"},"geometry":{"type":"Point","coordinates":[8.494369,47.389024]}},{"type":"Feature","properties":{"art":"restaurant","name":"Ooki Izakaya Wiedikon"},"geometry":{"type":"Point","coordinates":[8.518808,47.372168]}},{"type":"Feature","properties":{"art":"restaurant","name":"Coop Restaurant"},"geometry":{"type":"Point","coordinates":[8.618601,47.41276]}},{"type":"Feature","properties":{"art":"buehne","name":"chez Smith"},"geometry":{"type":"Point","coordinates":[8.514887,47.361403]}},{"type":"Feature","properties":{"art":"restaurant","name":"8304 | Altes Feuerwehrgebäude"},"geometry":{"type":"Point","coordinates":[8.591558,47.416282]}},{"type":"Feature","properties":{"art":"bibliothek","name":"PBZ Bibliothek Hardau"},"geometry":{"type":"Point","coordinates":[8.508775,47.380311]}},{"type":"Feature","properties":{"art":"bibliothek","name":"PBZ Bibliothek Affoltern"},"geometry":{"type":"Point","coordinates":[8.510927,47.424588]}},{"type":"Feature","properties":{"art":"bibliothek","name":"PBZ Bibliothek Riesbach"},"geometry":{"type":"Point","coordinates":[8.553957,47.359269]}},{"type":"Feature","properties":{"art":"bar","name":"Balboa Bar & Gym"},"geometry":{"type":"Point","coordinates":[8.535642,47.368678]}},{"type":"Feature","properties":{"art":"restaurant","name":"Restaurant Pyramids"},"geometry":{"type":"Point","coordinates":[8.526179,47.371588]}},{"type":"Feature","properties":{"art":"bar","name":"Gonzo"},"geometry":{"type":"Point","coordinates":[8.527745,47.380061]}},{"type":"Feature","properties":{"art":"cafe","name":"Miró"},"geometry":{"type":"Point","coordinates":[8.536524,47.378595]}},{"type":"Feature","properties":{"art":"restaurant","name":"Binz 38"},"geometry":{"type":"Point","coordinates":[8.512375,47.362254]}},{"type":"Feature","properties":{"art":"bar","name":"Vineria Centrale"},"geometry":{"type":"Point","coordinates":[8.530013,47.38254]}},{"type":"Feature","properties":{"art":"cafe","name":"Pao Pao"},"geometry":{"type":"Point","coordinates":[8.54335,47.411504]}},{"type":"Feature","properties":{"art":"cafe","name":"Barista Corado"},"geometry":{"type":"Point","coordinates":[8.54332,47.411951]}},{"type":"Feature","properties":{"art":"cafe","name":"Caffè Spettacolo"},"geometry":{"type":"Point","coordinates":[8.543303,47.4112]}},{"type":"Feature","properties":{"art":"restaurant","name":"Le Cèdre Maurice"},"geometry":{"type":"Point","coordinates":[8.535697,47.372349]}},{"type":"Feature","properties":{"art":"bar","name":"Shannon Pub"},"geometry":{"type":"Point","coordinates":[8.621876,47.399417]}},{"type":"Feature","properties":{"art":"restaurant","name":"Tennisclub Seeblick"},"geometry":{"type":"Point","coordinates":[8.538228,47.333085]}},{"type":"Feature","properties":{"art":"bar","name":"Loch Ness"},"geometry":{"type":"Point","coordinates":[8.506378,47.407487]}},{"type":"Feature","properties":{"art":"restaurant","name":"Restaurant Burestübli"},"geometry":{"type":"Point","coordinates":[8.482222,47.343422]}},{"type":"Feature","properties":{"art":"kunst","name":"Salomon-Gessner-Denkmal"},"geometry":{"type":"Point","coordinates":[8.539553,47.380911]}},{"type":"Feature","properties":{"art":"kunst","name":"Klausstud"},"geometry":{"type":"Point","coordinates":[8.547459,47.358279]}},{"type":"Feature","properties":{"art":"kunst","name":"Hans-Georg-Nägeli-Denkmal"},"geometry":{"type":"Point","coordinates":[8.54844,47.368218]}},{"type":"Feature","properties":{"art":"kunst","name":"Jüngling"},"geometry":{"type":"Point","coordinates":[8.554421,47.366453]}},{"type":"Feature","properties":{"art":"kunst","name":"Der Kalbträger"},"geometry":{"type":"Point","coordinates":[8.531287,47.358464]}},{"type":"Feature","properties":{"art":"kunst","name":"Frau 1928"},"geometry":{"type":"Point","coordinates":[8.527109,47.373334]}},{"type":"Feature","properties":{"art":"kunst","name":"Wilhelm-Baumgartner-Denkmal"},"geometry":{"type":"Point","coordinates":[8.539978,47.380714]}},{"type":"Feature","properties":{"art":"kunst","name":"Flora"},"geometry":{"type":"Point","coordinates":[8.541547,47.378786]}},{"type":"Feature","properties":{"art":"restaurant","name":"Spitz"},"geometry":{"type":"Point","coordinates":[8.540993,47.378914]}},{"type":"Feature","properties":{"art":"restaurant","name":"Restaurant Rauti"},"geometry":{"type":"Point","coordinates":[8.488658,47.38187]}},{"type":"Feature","properties":{"art":"kunst","name":"Badende"},"geometry":{"type":"Point","coordinates":[8.544681,47.408574]}},{"type":"Feature","properties":{"art":"kunst","name":"Kosmische-Granit-Pyramide"},"geometry":{"type":"Point","coordinates":[8.526279,47.375698]}},{"type":"Feature","properties":{"art":"kunst","name":"Erwachende"},"geometry":{"type":"Point","coordinates":[8.507414,47.376131]}},{"type":"Feature","properties":{"art":"kunst","name":"Die Kniende"},"geometry":{"type":"Point","coordinates":[8.506131,47.377313]}},{"type":"Feature","properties":{"art":"kunst","name":"Figur"},"geometry":{"type":"Point","coordinates":[8.547697,47.374341]}},{"type":"Feature","properties":{"art":"kunst","name":"Kakteen"},"geometry":{"type":"Point","coordinates":[8.534959,47.356477]}},{"type":"Feature","properties":{"art":"kunst","name":"Ljmmat Sjhl: Hommage à James Joyce"},"geometry":{"type":"Point","coordinates":[8.538549,47.382524]}},{"type":"Feature","properties":{"art":"kunst","name":"Grabdenkmal Henri Dunant"},"geometry":{"type":"Point","coordinates":[8.506336,47.377487]}},{"type":"Feature","properties":{"art":"kunst","name":"Andacht"},"geometry":{"type":"Point","coordinates":[8.550864,47.354154]}},{"type":"Feature","properties":{"art":"kunst","name":"Kugelfluss"},"geometry":{"type":"Point","coordinates":[8.489424,47.373551]}},{"type":"Feature","properties":{"art":"kunst","name":"Grabdenkmal James Joyce"},"geometry":{"type":"Point","coordinates":[8.570654,47.383495]}},{"type":"Feature","properties":{"art":"kunst","name":"Mutter mit Kind"},"geometry":{"type":"Point","coordinates":[8.522812,47.34758]}},{"type":"Feature","properties":{"art":"kunst","name":"Posaunenengel"},"geometry":{"type":"Point","coordinates":[8.521787,47.346264]}},{"type":"Feature","properties":{"art":"kunst","name":"Die Lebensalter"},"geometry":{"type":"Point","coordinates":[8.524669,47.34417]}},{"type":"Feature","properties":{"art":"kunst","name":"Auferstehung"},"geometry":{"type":"Point","coordinates":[8.523884,47.345593]}},{"type":"Feature","properties":{"art":"kunst","name":"Liegender Engel"},"geometry":{"type":"Point","coordinates":[8.521686,47.345775]}},{"type":"Feature","properties":{"art":"kunst","name":"Stehender Jüngling (Selbstporträt)"},"geometry":{"type":"Point","coordinates":[8.568509,47.366537]}},{"type":"Feature","properties":{"art":"kunst","name":"Ohne Titel"},"geometry":{"type":"Point","coordinates":[8.603265,47.364082]}},{"type":"Feature","properties":{"art":"kunst","name":"Stationenweg IV"},"geometry":{"type":"Point","coordinates":[8.603083,47.361936]}},{"type":"Feature","properties":{"art":"kunst","name":"Zwei weibliche Figuren"},"geometry":{"type":"Point","coordinates":[8.559849,47.356947]}},{"type":"Feature","properties":{"art":"kunst","name":"Frühling, Sommer, Herbst, Winter"},"geometry":{"type":"Point","coordinates":[8.559764,47.356703]}},{"type":"Feature","properties":{"art":"kunst","name":"Metamorphose"},"geometry":{"type":"Point","coordinates":[8.561435,47.34889]}},{"type":"Feature","properties":{"art":"kunst","name":"Ohne Titel"},"geometry":{"type":"Point","coordinates":[8.551437,47.356091]}},{"type":"Feature","properties":{"art":"kunst","name":"Figur"},"geometry":{"type":"Point","coordinates":[8.55243,47.354555]}},{"type":"Feature","properties":{"art":"kunst","name":"Liegende weibliche Figur"},"geometry":{"type":"Point","coordinates":[8.581012,47.348922]}},{"type":"Feature","properties":{"art":"kunst","name":"Weibliche Figur 'Assia'"},"geometry":{"type":"Point","coordinates":[8.579554,47.350938]}},{"type":"Feature","properties":{"art":"kunst","name":"Grabmal Guido Otto Wesendonck"},"geometry":{"type":"Point","coordinates":[8.5298,47.359007]}},{"type":"Feature","properties":{"art":"kunst","name":"Marmorbüste"},"geometry":{"type":"Point","coordinates":[8.530412,47.358589]}},{"type":"Feature","properties":{"art":"kunst","name":"Sphinxe"},"geometry":{"type":"Point","coordinates":[8.530571,47.35911]}},{"type":"Feature","properties":{"art":"kunst","name":"Ganswürger"},"geometry":{"type":"Point","coordinates":[8.530288,47.358649]}},{"type":"Feature","properties":{"art":"kunst","name":"Die Frau im Magnolienbaum"},"geometry":{"type":"Point","coordinates":[8.556321,47.369092]}},{"type":"Feature","properties":{"art":"kunst","name":"Vier Figuren"},"geometry":{"type":"Point","coordinates":[8.53045,47.359023]}},{"type":"Feature","properties":{"art":"kunst","name":"Ungarn-Denkmal"},"geometry":{"type":"Point","coordinates":[8.537241,47.364258]}},{"type":"Feature","properties":{"art":"kunst","name":"Augustin-Pyrame-de-Candolle-Denkmal"},"geometry":{"type":"Point","coordinates":[8.534699,47.370503]}},{"type":"Feature","properties":{"art":"kunst","name":"Heinrich-Zollinger-Denkmal"},"geometry":{"type":"Point","coordinates":[8.534421,47.370422]}},{"type":"Feature","properties":{"art":"kunst","name":"Kauernder Mann, kauernde Frau"},"geometry":{"type":"Point","coordinates":[8.507148,47.377483]}},{"type":"Feature","properties":{"art":"kunst","name":"Drei Flamingos"},"geometry":{"type":"Point","coordinates":[8.533442,47.356735]}},{"type":"Feature","properties":{"art":"kunst","name":"Männliche Figur"},"geometry":{"type":"Point","coordinates":[8.5562,47.360172]}},{"type":"Feature","properties":{"art":"kunst","name":"Piqueur aux écoutes"},"geometry":{"type":"Point","coordinates":[8.561492,47.371561]}},{"type":"Feature","properties":{"art":"kunst","name":"Arnold-Bürkli-Gedenkstein"},"geometry":{"type":"Point","coordinates":[8.536759,47.363525]}},{"type":"Feature","properties":{"art":"kunst","name":"Liegende (zweiteiliges Werk)"},"geometry":{"type":"Point","coordinates":[8.546463,47.386853]}},{"type":"Feature","properties":{"art":"kunst","name":"Bacchantenzug"},"geometry":{"type":"Point","coordinates":[8.550224,47.355485]}},{"type":"Feature","properties":{"art":"kunst","name":"Amberger Engel"},"geometry":{"type":"Point","coordinates":[8.508696,47.374007]}},{"type":"Feature","properties":{"art":"kunst","name":"Wandgestaltung Unterführung Langstrasse"},"geometry":{"type":"Point","coordinates":[8.52889,47.381071]}},{"type":"Feature","properties":{"art":"kunst","name":"Kofferinstallation"},"geometry":{"type":"Point","coordinates":[8.523799,47.358363]}},{"type":"Feature","properties":{"art":"kunst","name":"Goldbarren"},"geometry":{"type":"Point","coordinates":[8.531691,47.386497]}},{"type":"Feature","properties":{"art":"kunst","name":"Kulturamboss 80"},"geometry":{"type":"Point","coordinates":[8.512404,47.328498]}},{"type":"Feature","properties":{"art":"kunst","name":"Division"},"geometry":{"type":"Point","coordinates":[8.527286,47.387568]}},{"type":"Feature","properties":{"art":"kunst","name":"Elisabeth"},"geometry":{"type":"Point","coordinates":[8.481508,47.379683]}},{"type":"Feature","properties":{"art":"kunst","name":"Wappen Seebach"},"geometry":{"type":"Point","coordinates":[8.544628,47.424408]}},{"type":"Feature","properties":{"art":"kunst","name":"Milan und Ratte"},"geometry":{"type":"Point","coordinates":[8.599492,47.369576]}},{"type":"Feature","properties":{"art":"kunst","name":"Zahlenzug"},"geometry":{"type":"Point","coordinates":[8.518722,47.375367]}},{"type":"Feature","properties":{"art":"kunst","name":"Lichtblick"},"geometry":{"type":"Point","coordinates":[8.603178,47.364252]}},{"type":"Feature","properties":{"art":"kunst","name":"Ohne Titel"},"geometry":{"type":"Point","coordinates":[8.604079,47.363589]}},{"type":"Feature","properties":{"art":"kunst"},"geometry":{"type":"Point","coordinates":[8.511181,47.3743]}},{"type":"Feature","properties":{"art":"kunst","name":"Bronzeplastik"},"geometry":{"type":"Point","coordinates":[8.501178,47.376745]}},{"type":"Feature","properties":{"art":"kunst","name":"Die Schreitende"},"geometry":{"type":"Point","coordinates":[8.535405,47.422269]}},{"type":"Feature","properties":{"art":"kunst","name":"Engel mit Urne"},"geometry":{"type":"Point","coordinates":[8.503901,47.376518]}},{"type":"Feature","properties":{"art":"kunst","name":"Die Schreitende"},"geometry":{"type":"Point","coordinates":[8.546844,47.36538]}},{"type":"Feature","properties":{"art":"kunst","name":"Zebragruppe"},"geometry":{"type":"Point","coordinates":[8.523613,47.377969]}},{"type":"Feature","properties":{"art":"kunst","name":"Stehende weibliche Figur"},"geometry":{"type":"Point","coordinates":[8.533033,47.356244]}},{"type":"Feature","properties":{"art":"kunst","name":"Sitzende Frau"},"geometry":{"type":"Point","coordinates":[8.535973,47.382867]}},{"type":"Feature","properties":{"art":"kunst","name":"Sitzende"},"geometry":{"type":"Point","coordinates":[8.550253,47.355033]}},{"type":"Feature","properties":{"art":"kunst","name":"Stehendes Mädchen"},"geometry":{"type":"Point","coordinates":[8.524387,47.366978]}},{"type":"Feature","properties":{"art":"kunst","name":"Schauende"},"geometry":{"type":"Point","coordinates":[8.533637,47.357282]}},{"type":"Feature","properties":{"art":"kunst","name":"David"},"geometry":{"type":"Point","coordinates":[8.5455,47.365075]}},{"type":"Feature","properties":{"art":"kunst","name":"Aphrodite"},"geometry":{"type":"Point","coordinates":[8.53697,47.364165]}},{"type":"Feature","properties":{"art":"kunst","name":"Le chant des voyelles"},"geometry":{"type":"Point","coordinates":[8.548023,47.370481]}},{"type":"Feature","properties":{"art":"kunst","name":"Kandelaber"},"geometry":{"type":"Point","coordinates":[8.525834,47.374137]}},{"type":"Feature","properties":{"art":"kunst","name":"Hirsch"},"geometry":{"type":"Point","coordinates":[8.540634,47.380139]}},{"type":"Feature","properties":{"art":"kunst","name":"Doppelfigur"},"geometry":{"type":"Point","coordinates":[8.53219,47.365985]}},{"type":"Feature","properties":{"art":"kunst","name":"Muschel"},"geometry":{"type":"Point","coordinates":[8.534709,47.352531]}},{"type":"Feature","properties":{"art":"kunst","name":"Ohne Titel"},"geometry":{"type":"Point","coordinates":[8.533209,47.363498]}},{"type":"Feature","properties":{"art":"kunst","name":"Die Zeit"},"geometry":{"type":"Point","coordinates":[8.538385,47.36741]}},{"type":"Feature","properties":{"art":"kunst","name":"IBM-Stengel"},"geometry":{"type":"Point","coordinates":[8.48852,47.391158]}},{"type":"Feature","properties":{"art":"kunst","name":"Spielplastik \"Trio\""},"geometry":{"type":"Point","coordinates":[8.485983,47.38047]}},{"type":"Feature","properties":{"art":"kunst","name":"Figur I (Sonnenstein)"},"geometry":{"type":"Point","coordinates":[8.506089,47.374832]}},{"type":"Feature","properties":{"art":"kunst","name":"Monovolume: Croix élevee"},"geometry":{"type":"Point","coordinates":[8.551166,47.354109]}},{"type":"Feature","properties":{"art":"kunst","name":"Schwertblatt"},"geometry":{"type":"Point","coordinates":[8.499715,47.37622]}},{"type":"Feature","properties":{"art":"kunst","name":"Working Model for UNESCO Reclining Figure"},"geometry":{"type":"Point","coordinates":[8.548015,47.370532]}},{"type":"Feature","properties":{"art":"kunst","name":"Rhythmus"},"geometry":{"type":"Point","coordinates":[8.553015,47.35292]}},{"type":"Feature","properties":{"art":"kunst","name":"Figur I (Stehle)"},"geometry":{"type":"Point","coordinates":[8.549411,47.356401]}},{"type":"Feature","properties":{"art":"kunst","name":"Akrobat mit Hund"},"geometry":{"type":"Point","coordinates":[8.504379,47.379864]}},{"type":"Feature","properties":{"art":"kunst","name":"Befreiung"},"geometry":{"type":"Point","coordinates":[8.528998,47.372405]}},{"type":"Feature","properties":{"art":"kunst","name":"Das Mädchen"},"geometry":{"type":"Point","coordinates":[8.541767,47.382717]}},{"type":"Feature","properties":{"art":"kunst","name":"Relief"},"geometry":{"type":"Point","coordinates":[8.508849,47.373088]}},{"type":"Feature","properties":{"art":"kunst","name":"Männlicher Akt"},"geometry":{"type":"Point","coordinates":[8.546012,47.374715]}},{"type":"Feature","properties":{"art":"kunst","name":"Relief"},"geometry":{"type":"Point","coordinates":[8.507293,47.373368]}},{"type":"Feature","properties":{"art":"kunst","name":"Bär"},"geometry":{"type":"Point","coordinates":[8.520058,47.392745]}},{"type":"Feature","properties":{"art":"kunst","name":"Funktionär"},"geometry":{"type":"Point","coordinates":[8.501861,47.394233]}},{"type":"Feature","properties":{"art":"kunst","name":"Sunrise"},"geometry":{"type":"Point","coordinates":[8.49969,47.395743]}},{"type":"Feature","properties":{"art":"kunst","name":"Pietà"},"geometry":{"type":"Point","coordinates":[8.49137,47.409709]}},{"type":"Feature","properties":{"art":"kunst","name":"Bronze-Relieftafeln"},"geometry":{"type":"Point","coordinates":[8.574144,47.401939]}},{"type":"Feature","properties":{"art":"kunst","name":"Stahlbau VHP"},"geometry":{"type":"Point","coordinates":[8.543988,47.409494]}},{"type":"Feature","properties":{"art":"kunst","name":"Eisbär"},"geometry":{"type":"Point","coordinates":[8.586966,47.402496]}},{"type":"Feature","properties":{"art":"kunst","name":"Löwenfamilie"},"geometry":{"type":"Point","coordinates":[8.542171,47.387972]}},{"type":"Feature","properties":{"art":"kunst","name":"Sitzende Frau mit Taube"},"geometry":{"type":"Point","coordinates":[8.508994,47.42358]}},{"type":"Feature","properties":{"art":"kunst","name":"Raumwandler"},"geometry":{"type":"Point","coordinates":[8.54644,47.397716]}},{"type":"Feature","properties":{"art":"kunst","name":"Übertragung"},"geometry":{"type":"Point","coordinates":[8.531727,47.384648]}},{"type":"Feature","properties":{"art":"kunst","name":"Schreitendes Mädchen"},"geometry":{"type":"Point","coordinates":[8.541362,47.384781]}},{"type":"Feature","properties":{"art":"kunst","name":"Rotkäppchen"},"geometry":{"type":"Point","coordinates":[8.527093,47.392106]}},{"type":"Feature","properties":{"art":"kunst","name":"Zwei Löwen"},"geometry":{"type":"Point","coordinates":[8.52714,47.391925]}},{"type":"Feature","properties":{"art":"kunst","name":"Immerwährendes Glück"},"geometry":{"type":"Point","coordinates":[8.533918,47.355413]}},{"type":"Feature","properties":{"art":"kunst","name":"Schwan"},"geometry":{"type":"Point","coordinates":[8.554111,47.359612]}},{"type":"Feature","properties":{"art":"kunst","name":"Salvador Allende"},"geometry":{"type":"Point","coordinates":[8.554448,47.359548]}},{"type":"Feature","properties":{"art":"kunst","name":"Lichtquader"},"geometry":{"type":"Point","coordinates":[8.553327,47.359378]}},{"type":"Feature","properties":{"art":"kunst","name":"Mädchentorso"},"geometry":{"type":"Point","coordinates":[8.559274,47.361056]}},{"type":"Feature","properties":{"art":"kunst","name":"Grosse Steinamphore"},"geometry":{"type":"Point","coordinates":[8.534041,47.358177]}},{"type":"Feature","properties":{"art":"kunst","name":"Kugellager oder runde Steine (II)"},"geometry":{"type":"Point","coordinates":[8.52645,47.376157]}},{"type":"Feature","properties":{"art":"kunst","name":"Kugellager oder runde Steine (I)"},"geometry":{"type":"Point","coordinates":[8.53176,47.384596]}},{"type":"Feature","properties":{"art":"kunst","name":"Drei Obelisken"},"geometry":{"type":"Point","coordinates":[8.535046,47.357497]}},{"type":"Feature","properties":{"art":"kunst","name":"Römerhofskulptur"},"geometry":{"type":"Point","coordinates":[8.560318,47.368242]}},{"type":"Feature","properties":{"art":"kunst","name":"Hände über der Stadt"},"geometry":{"type":"Point","coordinates":[8.536692,47.38111]}},{"type":"Feature","properties":{"art":"kunst","name":"Artisten"},"geometry":{"type":"Point","coordinates":[8.533813,47.398141]}},{"type":"Feature","properties":{"art":"kunst","name":"Amphore im Beckenhof"},"geometry":{"type":"Point","coordinates":[8.54052,47.385344]}},{"type":"Feature","properties":{"art":"kunst","name":"Blauer Glasbalken"},"geometry":{"type":"Point","coordinates":[8.541558,47.415754]}},{"type":"Feature","properties":{"art":"kunst","name":"Aequatorial Sonnenuhr"},"geometry":{"type":"Point","coordinates":[8.54793,47.358594]}},{"type":"Feature","properties":{"art":"kunst","name":"Weiblicher Torso"},"geometry":{"type":"Point","coordinates":[8.552287,47.353443]}},{"type":"Feature","properties":{"art":"kunst","name":"Brunnen"},"geometry":{"type":"Point","coordinates":[8.531332,47.361169]}},{"type":"Feature","properties":{"art":"kunst","name":"Steinvase auf Sockel"},"geometry":{"type":"Point","coordinates":[8.581488,47.348234]}},{"type":"Feature","properties":{"art":"kunst","name":"Y"},"geometry":{"type":"Point","coordinates":[8.509454,47.379626]}},{"type":"Feature","properties":{"art":"kunst","name":"Hadlaub-Denkmal"},"geometry":{"type":"Point","coordinates":[8.539464,47.380052]}},{"type":"Feature","properties":{"art":"kunst","name":"Flötenspielender Knabe"},"geometry":{"type":"Point","coordinates":[8.581888,47.350686]}},{"type":"Feature","properties":{"art":"kunst","name":"Stele Sonnenstern"},"geometry":{"type":"Point","coordinates":[8.501767,47.375691]}},{"type":"Feature","properties":{"art":"kunst","name":"Friedhofhalle mit zwei Reliefs"},"geometry":{"type":"Point","coordinates":[8.534233,47.358668]}},{"type":"Feature","properties":{"art":"kunst","name":"Gemeindewappen"},"geometry":{"type":"Point","coordinates":[8.572093,47.382646]}},{"type":"Feature","properties":{"art":"kunst","name":"Jakob-Bosshart-Gedenkstein"},"geometry":{"type":"Point","coordinates":[8.575234,47.369012]}},{"type":"Feature","properties":{"art":"kunst","name":"Bestimmte Spur"},"geometry":{"type":"Point","coordinates":[8.602047,47.362868]}},{"type":"Feature","properties":{"art":"kunst","name":"Rudolf-Koller-Gedenkstein"},"geometry":{"type":"Point","coordinates":[8.554022,47.352621]}},{"type":"Feature","properties":{"art":"kunst","name":"Die Trauer"},"geometry":{"type":"Point","coordinates":[8.527495,47.407156]}},{"type":"Feature","properties":{"art":"kunst","name":"Windharfe"},"geometry":{"type":"Point","coordinates":[8.530991,47.404985]}},{"type":"Feature","properties":{"art":"kunst","name":"Ohne Titel"},"geometry":{"type":"Point","coordinates":[8.549704,47.41315]}},{"type":"Feature","properties":{"art":"kunst","name":"Vogel"},"geometry":{"type":"Point","coordinates":[8.531706,47.40416]}},{"type":"Feature","properties":{"art":"kunst","name":"Frauenfigur"},"geometry":{"type":"Point","coordinates":[8.531806,47.404195]}},{"type":"Feature","properties":{"art":"kunst","name":"Windrechen"},"geometry":{"type":"Point","coordinates":[8.481576,47.379544]}},{"type":"Feature","properties":{"art":"kunst","name":"Fünf Poller"},"geometry":{"type":"Point","coordinates":[8.542854,47.374228]}},{"type":"Feature","properties":{"art":"kunst","name":"Weibliche Figur"},"geometry":{"type":"Point","coordinates":[8.538702,47.405062]}},{"type":"Feature","properties":{"art":"kunst","name":"Frosch"},"geometry":{"type":"Point","coordinates":[8.488078,47.368845]}},{"type":"Feature","properties":{"art":"kunst","name":"Kapellenweg"},"geometry":{"type":"Point","coordinates":[8.501346,47.357187]}},{"type":"Feature","properties":{"art":"kunst","name":"Figur und Pferd"},"geometry":{"type":"Point","coordinates":[8.529943,47.359642]}},{"type":"Feature","properties":{"art":"kunst","name":"Ikarus"},"geometry":{"type":"Point","coordinates":[8.507623,47.373784]}},{"type":"Feature","properties":{"art":"kunst","name":"Spielplastik"},"geometry":{"type":"Point","coordinates":[8.571466,47.408294]}},{"type":"Feature","properties":{"art":"kunst","name":"Mauer Nr. 3"},"geometry":{"type":"Point","coordinates":[8.546776,47.423408]}},{"type":"Feature","properties":{"art":"cafe","name":"Commercial. The Project"},"geometry":{"type":"Point","coordinates":[8.521947,47.377254]}},{"type":"Feature","properties":{"art":"restaurant","name":"Zur Chalte Hose"},"geometry":{"type":"Point","coordinates":[8.637948,47.31132]}},{"type":"Feature","properties":{"art":"cafe","name":"McCafé"},"geometry":{"type":"Point","coordinates":[8.529753,47.373393]}},{"type":"Feature","properties":{"art":"restaurant","name":"Machida Shoten"},"geometry":{"type":"Point","coordinates":[8.542414,47.380361]}},{"type":"Feature","properties":{"art":"restaurant","name":"IGNIV Zürich by Andreas Caminada"},"geometry":{"type":"Point","coordinates":[8.543661,47.371971]}},{"type":"Feature","properties":{"art":"restaurant","name":"Kokoro"},"geometry":{"type":"Point","coordinates":[8.526522,47.380719]}},{"type":"Feature","properties":{"art":"restaurant","name":"Samurai VII"},"geometry":{"type":"Point","coordinates":[8.489064,47.387042]}},{"type":"Feature","properties":{"art":"restaurant","name":"Hoenggerhof"},"geometry":{"type":"Point","coordinates":[8.4958,47.399452]}},{"type":"Feature","properties":{"art":"restaurant","name":"LILY'S Factory"},"geometry":{"type":"Point","coordinates":[8.516916,47.375402]}},{"type":"Feature","properties":{"art":"restaurant","name":"Pho Mai"},"geometry":{"type":"Point","coordinates":[8.528631,47.37554]}},{"type":"Feature","properties":{"art":"restaurant","name":"twenty nine"},"geometry":{"type":"Point","coordinates":[8.557789,47.432314]}},{"type":"Feature","properties":{"art":"restaurant","name":"Gogi's take away"},"geometry":{"type":"Point","coordinates":[8.559152,47.432224]}},{"type":"Feature","properties":{"art":"restaurant","name":"Wagi S Restaurant, Events, Catering"},"geometry":{"type":"Point","coordinates":[8.457884,47.399126]}},{"type":"Feature","properties":{"art":"cafe","name":"MAME"},"geometry":{"type":"Point","coordinates":[8.52736,47.384923]}},{"type":"Feature","properties":{"art":"buehne","name":"Tanzschule RITM"},"geometry":{"type":"Point","coordinates":[8.48997,47.381144]}},{"type":"Feature","properties":{"art":"restaurant","name":"Aubrugg & Bar Aubrugg"},"geometry":{"type":"Point","coordinates":[8.574086,47.414292]}},{"type":"Feature","properties":{"art":"bar","name":"Sportsbar 1904"},"geometry":{"type":"Point","coordinates":[8.531718,47.363704]}},{"type":"Feature","properties":{"art":"restaurant","name":"Restaurant Buchhölzli"},"geometry":{"type":"Point","coordinates":[8.56903,47.353808]}},{"type":"Feature","properties":{"art":"restaurant","name":"Zunfthaus zur Zimmerleuten"},"geometry":{"type":"Point","coordinates":[8.543231,47.370637]}},{"type":"Feature","properties":{"art":"restaurant","name":"Restaurant Plisi"},"geometry":{"type":"Point","coordinates":[8.618384,47.39796]}},{"type":"Feature","properties":{"art":"restaurant","name":"Il Gattopardo"},"geometry":{"type":"Point","coordinates":[8.544491,47.369289]}},{"type":"Feature","properties":{"art":"bar","name":"George Bar & Grill"},"geometry":{"type":"Point","coordinates":[8.532664,47.373312]}},{"type":"Feature","properties":{"art":"restaurant","name":"Pizza Kurier Italia"},"geometry":{"type":"Point","coordinates":[8.639017,47.360253]}},{"type":"Feature","properties":{"art":"restaurant","name":"Siam Square"},"geometry":{"type":"Point","coordinates":[8.562713,47.424106]}},{"type":"Feature","properties":{"art":"cafe","name":"Mico"},"geometry":{"type":"Point","coordinates":[8.54422,47.37137]}},{"type":"Feature","properties":{"art":"museum","name":"museé Visionnnaire"},"geometry":{"type":"Point","coordinates":[8.545281,47.373488]}},{"type":"Feature","properties":{"art":"restaurant","name":"Maki Haus"},"geometry":{"type":"Point","coordinates":[8.543794,47.37828]}},{"type":"Feature","properties":{"art":"restaurant","name":"Migros Restaurant"},"geometry":{"type":"Point","coordinates":[8.542898,47.410495]}},{"type":"Feature","properties":{"art":"restaurant","name":"Migros Restaurant"},"geometry":{"type":"Point","coordinates":[8.573224,47.403858]}},{"type":"Feature","properties":{"art":"restaurant","name":"Migros Restaurant"},"geometry":{"type":"Point","coordinates":[8.487131,47.388219]}},{"type":"Feature","properties":{"art":"cafe","name":"La Bodega de Pepe"},"geometry":{"type":"Point","coordinates":[8.616686,47.389685]}},{"type":"Feature","properties":{"art":"restaurant","name":"Lin's"},"geometry":{"type":"Point","coordinates":[8.547984,47.407707]}},{"type":"Feature","properties":{"art":"restaurant","name":"Fulin"},"geometry":{"type":"Point","coordinates":[8.518077,47.380923]}},{"type":"Feature","properties":{"art":"cafe","name":"Il Baretto"},"geometry":{"type":"Point","coordinates":[8.539825,47.377817]}},{"type":"Feature","properties":{"art":"cafe","name":"Starbucks"},"geometry":{"type":"Point","coordinates":[8.540199,47.37865]}},{"type":"Feature","properties":{"art":"restaurant","name":"Totò"},"geometry":{"type":"Point","coordinates":[8.553849,47.35809]}},{"type":"Feature","properties":{"art":"restaurant","name":"Rooftop"},"geometry":{"type":"Point","coordinates":[8.539108,47.374664]}},{"type":"Feature","properties":{"art":"restaurant","name":"Restaurant Kiosk"},"geometry":{"type":"Point","coordinates":[8.547893,47.358135]}},{"type":"Feature","properties":{"art":"bar","name":"Tina Bar"},"geometry":{"type":"Point","coordinates":[8.543855,47.372981]}},{"type":"Feature","properties":{"art":"bar","name":"Metropol"},"geometry":{"type":"Point","coordinates":[8.541261,47.36825]}},{"type":"Feature","properties":{"art":"bar","name":"Devil's Place"},"geometry":{"type":"Point","coordinates":[8.547063,47.36413]}},{"type":"Feature","properties":{"art":"restaurant","name":"Grottino 77"},"geometry":{"type":"Point","coordinates":[8.51636,47.370929]}},{"type":"Feature","properties":{"art":"restaurant","name":"Grottino 83"},"geometry":{"type":"Point","coordinates":[8.492328,47.370025]}},{"type":"Feature","properties":{"art":"bar","name":"Terrasse Bar & Lounge"},"geometry":{"type":"Point","coordinates":[8.544484,47.367778]}},{"type":"Feature","properties":{"art":"restaurant","name":"Cantinetta Antinori"},"geometry":{"type":"Point","coordinates":[8.538842,47.372228]}},{"type":"Feature","properties":{"art":"restaurant","name":"Conti"},"geometry":{"type":"Point","coordinates":[8.547412,47.364507]}},{"type":"Feature","properties":{"art":"cafe","name":"delish - la pinseria"},"geometry":{"type":"Point","coordinates":[8.54368,47.371924]}},{"type":"Feature","properties":{"art":"bar","name":"IGNIV Bar Zürich"},"geometry":{"type":"Point","coordinates":[8.543655,47.372021]}},{"type":"Feature","properties":{"art":"cafe","name":"Le Café"},"geometry":{"type":"Point","coordinates":[8.539927,47.37782]}},{"type":"Feature","properties":{"art":"restaurant","name":"Time... Lounge"},"geometry":{"type":"Point","coordinates":[8.539394,47.377746]}},{"type":"Feature","properties":{"art":"cafe","name":"Starbucks"},"geometry":{"type":"Point","coordinates":[8.54851,47.366507]}},{"type":"Feature","properties":{"art":"restaurant","name":"Hang's Banh Mi"},"geometry":{"type":"Point","coordinates":[8.540511,47.396621]}},{"type":"Feature","properties":{"art":"cafe","name":"Cafeteria ERZ Hagenholz"},"geometry":{"type":"Point","coordinates":[8.563494,47.414904]}},{"type":"Feature","properties":{"art":"restaurant","name":"ERZ Personalrestaurant Hagenholz"},"geometry":{"type":"Point","coordinates":[8.563477,47.415085]}},{"type":"Feature","properties":{"art":"restaurant","name":"Zekis World"},"geometry":{"type":"Point","coordinates":[8.543299,47.41053]}},{"type":"Feature","properties":{"art":"cafe","name":"Espressino Due"},"geometry":{"type":"Point","coordinates":[8.539109,47.377538]}},{"type":"Feature","properties":{"art":"cafe","name":"Le Café enSoie by ViCafe"},"geometry":{"type":"Point","coordinates":[8.540482,47.372346]}},{"type":"Feature","properties":{"art":"cafe","name":"ViCafe"},"geometry":{"type":"Point","coordinates":[8.519732,47.385614]}},{"type":"Feature","properties":{"art":"restaurant","name":"Binz & Kunz"},"geometry":{"type":"Point","coordinates":[8.513157,47.362924]}},{"type":"Feature","properties":{"art":"kino","name":"Walche"},"geometry":{"type":"Point","coordinates":[8.542168,47.380006]}},{"type":"Feature","properties":{"art":"cafe","name":"Globus Fashion-Bar"},"geometry":{"type":"Point","coordinates":[8.595719,47.408118]}},{"type":"Feature","properties":{"art":"cafe","name":"Manta Bar"},"geometry":{"type":"Point","coordinates":[8.595319,47.408386]}},{"type":"Feature","properties":{"art":"restaurant","name":"Sesh"},"geometry":{"type":"Point","coordinates":[8.594785,47.40854]}},{"type":"Feature","properties":{"art":"museum","name":"Migros Museum für Gegenwartskunst"},"geometry":{"type":"Point","coordinates":[8.525047,47.389334]}},{"type":"Feature","properties":{"art":"restaurant","name":"Coop Restaurant"},"geometry":{"type":"Point","coordinates":[8.537757,47.372889]}},{"type":"Feature","properties":{"art":"restaurant","name":"Coop Restaurant"},"geometry":{"type":"Point","coordinates":[8.546441,47.367445]}},{"type":"Feature","properties":{"art":"cafe","name":"CremAmore"},"geometry":{"type":"Point","coordinates":[8.49929,47.386226]}},{"type":"Feature","properties":{"art":"restaurant","name":"Enja"},"geometry":{"type":"Point","coordinates":[8.537388,47.373714]}},{"type":"Feature","properties":{"art":"cafe","name":"Le Café"},"geometry":{"type":"Point","coordinates":[8.537039,47.370384]}},{"type":"Feature","properties":{"art":"restaurant","name":"Gabbani"},"geometry":{"type":"Point","coordinates":[8.536576,47.370101]}},{"type":"Feature","properties":{"art":"restaurant","name":"Helvetia"},"geometry":{"type":"Point","coordinates":[8.531704,47.373235]}},{"type":"Feature","properties":{"art":"restaurant","name":"Riki Ramen Bā"},"geometry":{"type":"Point","coordinates":[8.532004,47.373537]}},{"type":"Feature","properties":{"art":"restaurant","name":"Sprüngli Café & Restaurant"},"geometry":{"type":"Point","coordinates":[8.539212,47.369322]}},{"type":"Feature","properties":{"art":"cafe","name":"teecafé Schwarzenbach"},"geometry":{"type":"Point","coordinates":[8.544036,47.371338]}},{"type":"Feature","properties":{"art":"restaurant","name":"Sternen Grill"},"geometry":{"type":"Point","coordinates":[8.545563,47.367278]}},{"type":"Feature","properties":{"art":"restaurant","name":"Hong-Kong Food Paradise"},"geometry":{"type":"Point","coordinates":[8.552217,47.413329]}},{"type":"Feature","properties":{"art":"bibliothek","name":"Schul- und Kinderbibliothek Heuried"},"geometry":{"type":"Point","coordinates":[8.503842,47.367412]}},{"type":"Feature","properties":{"art":"bibliothek","name":"Staatsarchiv des Kantons Zürich, Bibliothek"},"geometry":{"type":"Point","coordinates":[8.547059,47.397239]}},{"type":"Feature","properties":{"art":"bibliothek","name":"SNB-Bibliothek Zürich"},"geometry":{"type":"Point","coordinates":[8.541366,47.368805]}},{"type":"Feature","properties":{"art":"bibliothek","name":"Pestalozzi-Bibliothek Altstadt"},"geometry":{"type":"Point","coordinates":[8.544504,47.374705]}},{"type":"Feature","properties":{"art":"restaurant","name":"Negishi Sushi Bar"},"geometry":{"type":"Point","coordinates":[8.543476,47.370859]}},{"type":"Feature","properties":{"art":"bar","name":"Le Philosophe"},"geometry":{"type":"Point","coordinates":[8.543775,47.370801]}},{"type":"Feature","properties":{"art":"cafe","name":"Collana Bar e Caffè"},"geometry":{"type":"Point","coordinates":[8.546637,47.365896]}},{"type":"Feature","properties":{"art":"restaurant","name":"SBB Restaurant WestLink"},"geometry":{"type":"Point","coordinates":[8.490818,47.391833]}},{"type":"Feature","properties":{"art":"buehne","name":"Tanzen mit Herz"},"geometry":{"type":"Point","coordinates":[8.628368,47.422366]}},{"type":"Feature","properties":{"art":"cafe","name":"Ambiente"},"geometry":{"type":"Point","coordinates":[8.622671,47.400127]}},{"type":"Feature","properties":{"art":"restaurant","name":"Tibits"},"geometry":{"type":"Point","coordinates":[8.547887,47.364953]}},{"type":"Feature","properties":{"art":"cafe","name":"Bistro Horizont"},"geometry":{"type":"Point","coordinates":[8.55441,47.360232]}},{"type":"Feature","properties":{"art":"cafe","name":"Cafeteria Kantonsschule Wiedikon"},"geometry":{"type":"Point","coordinates":[8.51631,47.36871]}},{"type":"Feature","properties":{"art":"restaurant","name":"Mensa Kantonsschule Rämibühl"},"geometry":{"type":"Point","coordinates":[8.552743,47.371345]}},{"type":"Feature","properties":{"art":"restaurant","name":"Oval"},"geometry":{"type":"Point","coordinates":[8.502692,47.383014]}},{"type":"Feature","properties":{"art":"bar","name":"Lobby-Bar Hotel Rütli"},"geometry":{"type":"Point","coordinates":[8.544427,47.376201]}},{"type":"Feature","properties":{"art":"restaurant","name":"Restaurant Rigiblick"},"geometry":{"type":"Point","coordinates":[8.553299,47.388357]}},{"type":"Feature","properties":{"art":"restaurant","name":"Zürichberg"},"geometry":{"type":"Point","coordinates":[8.566904,47.382368]}},{"type":"Feature","properties":{"art":"restaurant","name":"Lake Side"},"geometry":{"type":"Point","coordinates":[8.553722,47.352725]}},{"type":"Feature","properties":{"art":"cafe","name":"SBB Café Bar WestLink"},"geometry":{"type":"Point","coordinates":[8.490715,47.391883]}},{"type":"Feature","properties":{"art":"restaurant","name":"Mensa SIS Zürich-Wollishofen"},"geometry":{"type":"Point","coordinates":[8.532839,47.350884]}},{"type":"Feature","properties":{"art":"restaurant","name":"Mensa Institut Minerva"},"geometry":{"type":"Point","coordinates":[8.545553,47.381966]}},{"type":"Feature","properties":{"art":"restaurant","name":"Helsana Bistro Giardino"},"geometry":{"type":"Point","coordinates":[8.598787,47.396951]}},{"type":"Feature","properties":{"art":"cafe","name":"Helsana Oase"},"geometry":{"type":"Point","coordinates":[8.598325,47.397436]}},{"type":"Feature","properties":{"art":"cafe","name":"Cafeteria Kantonsschulen Enge / Freudenberg"},"geometry":{"type":"Point","coordinates":[8.527422,47.365563]}},{"type":"Feature","properties":{"art":"restaurant","name":"Helsana Allegra"},"geometry":{"type":"Point","coordinates":[8.598323,47.397474]}},{"type":"Feature","properties":{"art":"restaurant","name":"Suan Long"},"geometry":{"type":"Point","coordinates":[8.486571,47.389644]}},{"type":"Feature","properties":{"art":"restaurant","name":"EY Restaurant Platform"},"geometry":{"type":"Point","coordinates":[8.516197,47.385968]}},{"type":"Feature","properties":{"art":"cafe","name":"Cafeteria Kantonsschulen Stadelhofen / Hohe Promenade"},"geometry":{"type":"Point","coordinates":[8.549485,47.368195]}},{"type":"Feature","properties":{"art":"bibliothek","name":"Forschungsbibliothek Pestalozzianum"},"geometry":{"type":"Point","coordinates":[8.533885,47.377881]}},{"type":"Feature","properties":{"art":"restaurant","name":"Friedbrunnen"},"geometry":{"type":"Point","coordinates":[8.485303,47.374878]}},{"type":"Feature","properties":{"art":"restaurant","name":"Sento"},"geometry":{"type":"Point","coordinates":[8.553066,47.373587]}},{"type":"Feature","properties":{"art":"cafe","name":"Bäckerei Hausammann"},"geometry":{"type":"Point","coordinates":[8.559259,47.376514]}},{"type":"Feature","properties":{"art":"restaurant","name":"Schwamedinge"},"geometry":{"type":"Point","coordinates":[8.572119,47.404927]}},{"type":"Feature","properties":{"art":"bar","name":"AYA"},"geometry":{"type":"Point","coordinates":[8.520687,47.388487]}},{"type":"Feature","properties":{"art":"restaurant","name":"Neni"},"geometry":{"type":"Point","coordinates":[8.528732,47.380301]}},{"type":"Feature","properties":{"art":"cafe","name":"Café West"},"geometry":{"type":"Point","coordinates":[8.506507,47.391599]}},{"type":"Feature","properties":{"art":"bar","name":"IQ Bar"},"geometry":{"type":"Point","coordinates":[8.522261,47.390081]}},{"type":"Feature","properties":{"art":"restaurant","name":"La Piazzetta"},"geometry":{"type":"Point","coordinates":[8.535892,47.370984]}},{"type":"Feature","properties":{"art":"bar","name":"Venofye"},"geometry":{"type":"Point","coordinates":[8.543549,47.371891]}},{"type":"Feature","properties":{"art":"restaurant","name":"Edomae"},"geometry":{"type":"Point","coordinates":[8.535738,47.370615]}},{"type":"Feature","properties":{"art":"cafe","name":"Yappa Coffee"},"geometry":{"type":"Point","coordinates":[8.545095,47.373427]}},{"type":"Feature","properties":{"art":"restaurant","name":"d'Bar"},"geometry":{"type":"Point","coordinates":[8.545921,47.373706]}},{"type":"Feature","properties":{"art":"museum","name":"Janosh CT Art Gallery"},"geometry":{"type":"Point","coordinates":[8.544783,47.373238]}},{"type":"Feature","properties":{"art":"cafe","name":"Café Côte d’Azur"},"geometry":{"type":"Point","coordinates":[8.523681,47.357378]}},{"type":"Feature","properties":{"art":"cafe","name":"Joe & The Juice"},"geometry":{"type":"Point","coordinates":[8.52314,47.358847]}},{"type":"Feature","properties":{"art":"restaurant","name":"LouLou"},"geometry":{"type":"Point","coordinates":[8.523135,47.359287]}},{"type":"Feature","properties":{"art":"restaurant","name":"Public Burger"},"geometry":{"type":"Point","coordinates":[8.523494,47.358094]}},{"type":"Feature","properties":{"art":"buehne","name":"Papiersaal"},"geometry":{"type":"Point","coordinates":[8.522393,47.358145]}},{"type":"Feature","properties":{"art":"restaurant","name":"Personalrestaurant"},"geometry":{"type":"Point","coordinates":[8.613221,47.403485]}},{"type":"Feature","properties":{"art":"cafe","name":"Cafeteria UZH Cityport"},"geometry":{"type":"Point","coordinates":[8.539637,47.410589]}},{"type":"Feature","properties":{"art":"restaurant","name":"Thai Style"},"geometry":{"type":"Point","coordinates":[8.494795,47.383842]}},{"type":"Feature","properties":{"art":"cafe","name":"Cafébar Enzian"},"geometry":{"type":"Point","coordinates":[8.551751,47.41403]}},{"type":"Feature","properties":{"art":"treff","name":"Zentrum ELCH Accu"},"geometry":{"type":"Point","coordinates":[8.539751,47.414878]}},{"type":"Feature","properties":{"art":"restaurant","name":"Kle"},"geometry":{"type":"Point","coordinates":[8.520945,47.37153]}},{"type":"Feature","properties":{"art":"restaurant","name":"Khouris"},"geometry":{"type":"Point","coordinates":[8.553736,47.358292]}},{"type":"Feature","properties":{"art":"restaurant","name":"Metzg"},"geometry":{"type":"Point","coordinates":[8.556448,47.355851]}},{"type":"Feature","properties":{"art":"restaurant","name":"Tüfenegg"},"geometry":{"type":"Point","coordinates":[8.554154,47.355316]}},{"type":"Feature","properties":{"art":"restaurant","name":"Enoteca Riviera"},"geometry":{"type":"Point","coordinates":[8.555046,47.354962]}},{"type":"Feature","properties":{"art":"restaurant","name":"Mura Omakase Restaurant"},"geometry":{"type":"Point","coordinates":[8.556161,47.354589]}},{"type":"Feature","properties":{"art":"restaurant","name":"Restaurant Bar Miracle"},"geometry":{"type":"Point","coordinates":[8.556047,47.354531]}},{"type":"Feature","properties":{"art":"restaurant","name":"Le Beaujolais"},"geometry":{"type":"Point","coordinates":[8.556817,47.355475]}},{"type":"Feature","properties":{"art":"bar","name":"BARADOX"},"geometry":{"type":"Point","coordinates":[8.533326,47.372764]}},{"type":"Feature","properties":{"art":"restaurant"},"geometry":{"type":"Point","coordinates":[8.51798,47.374977]}},{"type":"Feature","properties":{"art":"museum","name":"Schweizer Finanzmuseum"},"geometry":{"type":"Point","coordinates":[8.506839,47.391516]}},{"type":"Feature","properties":{"art":"restaurant","name":"Mesob"},"geometry":{"type":"Point","coordinates":[8.514762,47.37081]}},{"type":"Feature","properties":{"art":"restaurant","name":"Hiltl am Strand"},"geometry":{"type":"Point","coordinates":[8.534593,47.353585]}},{"type":"Feature","properties":{"art":"restaurant","name":"Hiltl Dachterrasse"},"geometry":{"type":"Point","coordinates":[8.539802,47.375652]}},{"type":"Feature","properties":{"art":"restaurant","name":"Löwen Siam"},"geometry":{"type":"Point","coordinates":[8.542323,47.409489]}},{"type":"Feature","properties":{"art":"cafe","name":"Dolce City"},"geometry":{"type":"Point","coordinates":[8.545708,47.40945]}},{"type":"Feature","properties":{"art":"restaurant","name":"Il Basilico"},"geometry":{"type":"Point","coordinates":[8.505833,47.369567]}},{"type":"Feature","properties":{"art":"restaurant","name":"Monti"},"geometry":{"type":"Point","coordinates":[8.496396,47.368461]}},{"type":"Feature","properties":{"art":"restaurant","name":"Ey-Hof"},"geometry":{"type":"Point","coordinates":[8.495168,47.3685]}},{"type":"Feature","properties":{"art":"cafe","name":"Bistro Albisrieden"},"geometry":{"type":"Point","coordinates":[8.485561,47.375561]}},{"type":"Feature","properties":{"art":"restaurant","name":"Casa Dão Lafões"},"geometry":{"type":"Point","coordinates":[8.469257,47.394819]}},{"type":"Feature","properties":{"art":"restaurant","name":"Maori"},"geometry":{"type":"Point","coordinates":[8.462319,47.400844]}},{"type":"Feature","properties":{"art":"restaurant","name":"Capri"},"geometry":{"type":"Point","coordinates":[8.550148,47.360418]}},{"type":"Feature","properties":{"art":"restaurant","name":"Cucina"},"geometry":{"type":"Point","coordinates":[8.539935,47.395795]}},{"type":"Feature","properties":{"art":"restaurant","name":"Restaurant Vereinigung"},"geometry":{"type":"Point","coordinates":[8.522014,47.363226]}},{"type":"Feature","properties":{"art":"restaurant","name":"Tibits Bistro Zürich"},"geometry":{"type":"Point","coordinates":[8.5476,47.364747]}},{"type":"Feature","properties":{"art":"restaurant","name":"Seehof"},"geometry":{"type":"Point","coordinates":[8.547795,47.364315]}},{"type":"Feature","properties":{"art":"restaurant","name":"Yen's"},"geometry":{"type":"Point","coordinates":[8.52865,47.371199]}},{"type":"Feature","properties":{"art":"restaurant","name":"Giusi's"},"geometry":{"type":"Point","coordinates":[8.554545,47.363769]}},{"type":"Feature","properties":{"art":"cafe","name":"Cafeteria GZ Buchegg"},"geometry":{"type":"Point","coordinates":[8.534834,47.398944]}},{"type":"Feature","properties":{"art":"museum"},"geometry":{"type":"Point","coordinates":[8.544088,47.400434]}},{"type":"Feature","properties":{"art":"museum","name":"Art Empowers"},"geometry":{"type":"Point","coordinates":[8.54326,47.383033]}},{"type":"Feature","properties":{"art":"cafe","name":"Klara‘s Kitchen"},"geometry":{"type":"Point","coordinates":[8.543744,47.38276]}},{"type":"Feature","properties":{"art":"cafe","name":"Siesta"},"geometry":{"type":"Point","coordinates":[8.504398,47.381181]}},{"type":"Feature","properties":{"art":"restaurant","name":"Four Twenty"},"geometry":{"type":"Point","coordinates":[8.506649,47.380103]}},{"type":"Feature","properties":{"art":"restaurant","name":"An Chay"},"geometry":{"type":"Point","coordinates":[8.51549,47.379033]}},{"type":"Feature","properties":{"art":"kunst","name":"Unicorn"},"geometry":{"type":"Point","coordinates":[8.619769,47.398347]}},{"type":"Feature","properties":{"art":"cafe","name":"Bäckerei Hausammann"},"geometry":{"type":"Point","coordinates":[8.618141,47.336795]}},{"type":"Feature","properties":{"art":"cafe","name":"Joe & The Juice"},"geometry":{"type":"Point","coordinates":[8.544273,47.36899]}},{"type":"Feature","properties":{"art":"cafe","name":"Mame"},"geometry":{"type":"Point","coordinates":[8.549342,47.364122]}},{"type":"Feature","properties":{"art":"restaurant","name":"Lounge Sky Bar"},"geometry":{"type":"Point","coordinates":[8.565481,47.433523]}},{"type":"Feature","properties":{"art":"restaurant","name":"Pizzeria Trattoria da Michele"},"geometry":{"type":"Point","coordinates":[8.516397,47.362022]}},{"type":"Feature","properties":{"art":"cafe","name":"Zopf & Zöpfli"},"geometry":{"type":"Point","coordinates":[8.498491,47.386355]}},{"type":"Feature","properties":{"art":"restaurant","name":"Coop Restaurant"},"geometry":{"type":"Point","coordinates":[8.498442,47.386148]}},{"type":"Feature","properties":{"art":"bar","name":"Frieda's Büxe"},"geometry":{"type":"Point","coordinates":[8.510943,47.377372]}},{"type":"Feature","properties":{"art":"restaurant","name":"Sentosa"},"geometry":{"type":"Point","coordinates":[8.512576,47.377487]}},{"type":"Feature","properties":{"art":"restaurant","name":"Café du Bonheur"},"geometry":{"type":"Point","coordinates":[8.516274,47.37988]}},{"type":"Feature","properties":{"art":"bar","name":"KIN"},"geometry":{"type":"Point","coordinates":[8.518833,47.374091]}},{"type":"Feature","properties":{"art":"cafe","name":"Sundays"},"geometry":{"type":"Point","coordinates":[8.515209,47.378854]}},{"type":"Feature","properties":{"art":"restaurant","name":"Restaurant Buckhuser"},"geometry":{"type":"Point","coordinates":[8.492581,47.383739]}},{"type":"Feature","properties":{"art":"bar","name":"Milieu"},"geometry":{"type":"Point","coordinates":[8.527597,47.377618]}},{"type":"Feature","properties":{"art":"restaurant","name":"Binz Pasta e Pizza House"},"geometry":{"type":"Point","coordinates":[8.517448,47.361128]}},{"type":"Feature","properties":{"art":"restaurant","name":"Napa Grill"},"geometry":{"type":"Point","coordinates":[8.525496,47.36482]}},{"type":"Feature","properties":{"art":"kino","name":"KINOKONI Zürich"},"geometry":{"type":"Point","coordinates":[8.52908,47.380302]}},{"type":"Feature","properties":{"art":"bar","name":"Glamour Bar"},"geometry":{"type":"Point","coordinates":[8.529442,47.37588]}},{"type":"Feature","properties":{"art":"restaurant","name":"Pizzeria Cuore Sportivo"},"geometry":{"type":"Point","coordinates":[8.598497,47.395577]}},{"type":"Feature","properties":{"art":"restaurant","name":"Wirtschaft zur Schützenstube"},"geometry":{"type":"Point","coordinates":[8.496798,47.409781]}},{"type":"Feature","properties":{"art":"restaurant","name":"Pizzeria Bella Napoli"},"geometry":{"type":"Point","coordinates":[8.513179,47.370098]}},{"type":"Feature","properties":{"art":"cafe","name":"Rent a Barista"},"geometry":{"type":"Point","coordinates":[8.55154,47.413664]}},{"type":"Feature","properties":{"art":"restaurant","name":"Tiny Fish"},"geometry":{"type":"Point","coordinates":[8.551538,47.413531]}},{"type":"Feature","properties":{"art":"restaurant","name":"Leafs Restaurant"},"geometry":{"type":"Point","coordinates":[8.524717,47.359576]}},{"type":"Feature","properties":{"art":"cafe","name":"Caffè Spettacolo"},"geometry":{"type":"Point","coordinates":[8.539899,47.378739]}},{"type":"Feature","properties":{"art":"treff","name":"Jugendcafe Domino"},"geometry":{"type":"Point","coordinates":[8.496017,47.374176]}},{"type":"Feature","properties":{"art":"restaurant","name":"Restaurant Lengg"},"geometry":{"type":"Point","coordinates":[8.571036,47.35005]}},{"type":"Feature","properties":{"art":"bar","name":"Club Wunderbox"},"geometry":{"type":"Point","coordinates":[8.526723,47.377753]}},{"type":"Feature","properties":{"art":"bar","name":"Raum 84"},"geometry":{"type":"Point","coordinates":[8.526763,47.377842]}},{"type":"Feature","properties":{"art":"restaurant","name":"Da Paulo"},"geometry":{"type":"Point","coordinates":[8.441099,47.40042]}},{"type":"Feature","properties":{"art":"cafe","name":"Caffè Spettacolo"},"geometry":{"type":"Point","coordinates":[8.514977,47.382803]}},{"type":"Feature","properties":{"art":"restaurant","name":"Più"},"geometry":{"type":"Point","coordinates":[8.520129,47.388696]}},{"type":"Feature","properties":{"art":"restaurant","name":"Muggenbühl"},"geometry":{"type":"Point","coordinates":[8.526671,47.350768]}},{"type":"Feature","properties":{"art":"cafe","name":"Cafeteria UZH Plattenstrasse"},"geometry":{"type":"Point","coordinates":[8.55265,47.374097]}},{"type":"Feature","properties":{"art":"cafe","name":"Le Fior"},"geometry":{"type":"Point","coordinates":[8.525684,47.311273]}},{"type":"Feature","properties":{"art":"bar","name":"my senses"},"geometry":{"type":"Point","coordinates":[8.619777,47.398086]}},{"type":"Feature","properties":{"art":"restaurant","name":"Kanos Thai Kitchen"},"geometry":{"type":"Point","coordinates":[8.626427,47.396824]}},{"type":"Feature","properties":{"art":"bibliothek","name":"Bibliothek Schlieren"},"geometry":{"type":"Point","coordinates":[8.448387,47.398404]}},{"type":"Feature","properties":{"art":"restaurant","name":"Amadeus"},"geometry":{"type":"Point","coordinates":[8.447828,47.400684]}},{"type":"Feature","properties":{"art":"buehne","name":"iac Integratives Ausbildungszentrum"},"geometry":{"type":"Point","coordinates":[8.536596,47.381307]}},{"type":"Feature","properties":{"art":"treff","name":"Gemeinschaftszentrum Loogarten"},"geometry":{"type":"Point","coordinates":[8.472577,47.388478]}},{"type":"Feature","properties":{"art":"cafe","name":"Glättli"},"geometry":{"type":"Point","coordinates":[8.475046,47.389591]}},{"type":"Feature","properties":{"art":"cafe","name":"Kafitreff GZ Affoltern"},"geometry":{"type":"Point","coordinates":[8.511004,47.424615]}},{"type":"Feature","properties":{"art":"treff","name":"Gemeinschaftszentrum Affoltern"},"geometry":{"type":"Point","coordinates":[8.510892,47.424656]}},{"type":"Feature","properties":{"art":"treff","name":"Gemeinschaftszentrum Grünau"},"geometry":{"type":"Point","coordinates":[8.489721,47.395923]}},{"type":"Feature","properties":{"art":"treff","name":"Gemeinschaftszentrum Buchegg"},"geometry":{"type":"Point","coordinates":[8.534701,47.399052]}},{"type":"Feature","properties":{"art":"treff","name":"Gemeinschaftszentrum Bachwiesen"},"geometry":{"type":"Point","coordinates":[8.486131,47.380104]}},{"type":"Feature","properties":{"art":"cafe","name":"Cafeteria GZ Grünau"},"geometry":{"type":"Point","coordinates":[8.489828,47.395896]}},{"type":"Feature","properties":{"art":"kunst"},"geometry":{"type":"Point","coordinates":[8.53525,47.321408]}},{"type":"Feature","properties":{"art":"kunst","name":"Denkmal für Hans Künzi"},"geometry":{"type":"Point","coordinates":[8.536369,47.378155]}},{"type":"Feature","properties":{"art":"bar","name":"Zum Doktorhaus"},"geometry":{"type":"Point","coordinates":[8.588929,47.415834]}},{"type":"Feature","properties":{"art":"cafe","name":"The Bagel Shop"},"geometry":{"type":"Point","coordinates":[8.5375,47.371027]}},{"type":"Feature","properties":{"art":"bar","name":"Mövenpick Wein-Bar"},"geometry":{"type":"Point","coordinates":[8.537346,47.371138]}},{"type":"Feature","properties":{"art":"cafe","name":"Bistro Bichhof"},"geometry":{"type":"Point","coordinates":[8.538642,47.423259]}},{"type":"Feature","properties":{"art":"bibliothek","name":"Mathematik-Bibliothek"},"geometry":{"type":"Point","coordinates":[8.547681,47.376027]}},{"type":"Feature","properties":{"art":"cafe","name":"Aquarium"},"geometry":{"type":"Point","coordinates":[8.517268,47.375236]}},{"type":"Feature","properties":{"art":"bibliothek","name":"Deutsches Seminar Bibliothek"},"geometry":{"type":"Point","coordinates":[8.549366,47.373103]}},{"type":"Feature","properties":{"art":"bar","name":"Attica"},"geometry":{"type":"Point","coordinates":[8.53452,47.382236]}},{"type":"Feature","properties":{"art":"bar","name":"Bar Sacchi"},"geometry":{"type":"Point","coordinates":[8.51657,47.37535]}},{"type":"Feature","properties":{"art":"restaurant","name":"Buffolino Clubhaus da Giusi"},"geometry":{"type":"Point","coordinates":[8.4329,47.351182]}},{"type":"Feature","properties":{"art":"restaurant","name":"Ornellaia"},"geometry":{"type":"Point","coordinates":[8.537686,47.372457]}},{"type":"Feature","properties":{"art":"restaurant","name":"Stars and Stripes"},"geometry":{"type":"Point","coordinates":[8.544366,47.411547]}},{"type":"Feature","properties":{"art":"restaurant","name":"Nota Bene"},"geometry":{"type":"Point","coordinates":[8.618024,47.422995]}},{"type":"Feature","properties":{"art":"cafe","name":"Il Salotto"},"geometry":{"type":"Point","coordinates":[8.52635,47.373688]}},{"type":"Feature","properties":{"art":"restaurant","name":"La Piazza"},"geometry":{"type":"Point","coordinates":[8.507237,47.360611]}},{"type":"Feature","properties":{"art":"restaurant","name":"SBB Restaurant Reparaturcenter Altstetten"},"geometry":{"type":"Point","coordinates":[8.507061,47.385671]}},{"type":"Feature","properties":{"art":"treff","name":"Cevi Zürich"},"geometry":{"type":"Point","coordinates":[8.536031,47.372785]}},{"type":"Feature","properties":{"art":"bar","name":"Alte Kaserne"},"geometry":{"type":"Point","coordinates":[8.529042,47.376842]}},{"type":"Feature","properties":{"art":"restaurant","name":"Chalet Winzerhaus"},"geometry":{"type":"Point","coordinates":[8.431264,47.421238]}},{"type":"Feature","properties":{"art":"cafe","name":"XYLO"},"geometry":{"type":"Point","coordinates":[8.529361,47.382868]}},{"type":"Feature","properties":{"art":"restaurant","name":"mit&ohne"},"geometry":{"type":"Point","coordinates":[8.516156,47.375895]}},{"type":"Feature","properties":{"art":"restaurant","name":"Tenz"},"geometry":{"type":"Point","coordinates":[8.515522,47.376121]}},{"type":"Feature","properties":{"art":"bibliothek","name":"Schul- und Gemeindebibliothek Wettswil"},"geometry":{"type":"Point","coordinates":[8.475632,47.339324]}},{"type":"Feature","properties":{"art":"cafe","name":"Salotto"},"geometry":{"type":"Point","coordinates":[8.511301,47.393465]}},{"type":"Feature","properties":{"art":"bar","name":"Irchel Bar"},"geometry":{"type":"Point","coordinates":[8.546504,47.397909]}},{"type":"Feature","properties":{"art":"restaurant","name":"Tiara"},"geometry":{"type":"Point","coordinates":[8.461299,47.402727]}},{"type":"Feature","properties":{"art":"restaurant","name":"Puci's"},"geometry":{"type":"Point","coordinates":[8.526451,47.387974]}},{"type":"Feature","properties":{"art":"kunst","name":"Das Höllentor"},"geometry":{"type":"Point","coordinates":[8.54815,47.37045]}},{"type":"Feature","properties":{"art":"bar","name":"Bar Aperto"},"geometry":{"type":"Point","coordinates":[8.530373,47.392871]}},{"type":"Feature","properties":{"art":"restaurant","name":"Tuscany"},"geometry":{"type":"Point","coordinates":[8.592413,47.398753]}},{"type":"Feature","properties":{"art":"cafe","name":"Kornsilo"},"geometry":{"type":"Point","coordinates":[8.560923,47.351714]}},{"type":"Feature","properties":{"art":"museum","name":"The Jeans Museum"},"geometry":{"type":"Point","coordinates":[8.522651,47.37369]}},{"type":"Feature","properties":{"art":"restaurant","name":"Vemezza"},"geometry":{"type":"Point","coordinates":[8.533995,47.36879]}},{"type":"Feature","properties":{"art":"cafe","name":"Ristorante La Filanda"},"geometry":{"type":"Point","coordinates":[8.520066,47.339045]}},{"type":"Feature","properties":{"art":"cafe","name":"Caffè Spettacolo"},"geometry":{"type":"Point","coordinates":[8.547977,47.367018]}},{"type":"Feature","properties":{"art":"bar","name":"Old Crow"},"geometry":{"type":"Point","coordinates":[8.541201,47.37212]}},{"type":"Feature","properties":{"art":"bar","name":"Panama"},"geometry":{"type":"Point","coordinates":[8.535659,47.384977]}},{"type":"Feature","properties":{"art":"treff","name":"Mehrzweckraum"},"geometry":{"type":"Point","coordinates":[8.471047,47.323122]}},{"type":"Feature","properties":{"art":"treff","name":"Aula"},"geometry":{"type":"Point","coordinates":[8.471276,47.324237]}},{"type":"Feature","properties":{"art":"restaurant","name":"Cinnamon Garden"},"geometry":{"type":"Point","coordinates":[8.505237,47.419295]}},{"type":"Feature","properties":{"art":"restaurant","name":"Clubhaus TC Im Hau"},"geometry":{"type":"Point","coordinates":[8.601961,47.364713]}},{"type":"Feature","properties":{"art":"cafe","name":"TCW Bistro"},"geometry":{"type":"Point","coordinates":[8.589279,47.36563]}},{"type":"Feature","properties":{"art":"restaurant","name":"Clubhaus TC Fluntern"},"geometry":{"type":"Point","coordinates":[8.575614,47.383136]}},{"type":"Feature","properties":{"art":"restaurant","name":"Clubhaus TC Valsana"},"geometry":{"type":"Point","coordinates":[8.492216,47.423501]}},{"type":"Feature","properties":{"art":"restaurant","name":"Clubhaus TC Escher-Wyss"},"geometry":{"type":"Point","coordinates":[8.558405,47.409758]}},{"type":"Feature","properties":{"art":"restaurant","name":"TCB Restaurant"},"geometry":{"type":"Point","coordinates":[8.502489,47.354123]}},{"type":"Feature","properties":{"art":"restaurant","name":"Clubhaus TC Uetliberg"},"geometry":{"type":"Point","coordinates":[8.50529,47.352653]}},{"type":"Feature","properties":{"art":"kunst"},"geometry":{"type":"Point","coordinates":[8.529187,47.37236]}},{"type":"Feature","properties":{"art":"cafe","name":"Billiard Golden 8"},"geometry":{"type":"Point","coordinates":[8.543102,47.409223]}},{"type":"Feature","properties":{"art":"restaurant","name":"Sappo"},"geometry":{"type":"Point","coordinates":[8.528379,47.384449]}},{"type":"Feature","properties":{"art":"restaurant","name":"Hatecke"},"geometry":{"type":"Point","coordinates":[8.536598,47.375926]}},{"type":"Feature","properties":{"art":"restaurant","name":"Kitchen Republic"},"geometry":{"type":"Point","coordinates":[8.522292,47.388917]}},{"type":"Feature","properties":{"art":"restaurant","name":"Gaucho"},"geometry":{"type":"Point","coordinates":[8.525779,47.379806]}},{"type":"Feature","properties":{"art":"bar","name":"Gainsbourg"},"geometry":{"type":"Point","coordinates":[8.549375,47.362928]}},{"type":"Feature","properties":{"art":"restaurant","name":"Merhaba"},"geometry":{"type":"Point","coordinates":[8.569593,47.410693]}},{"type":"Feature","properties":{"art":"restaurant","name":"Fresh Tastes"},"geometry":{"type":"Point","coordinates":[8.600374,47.398051]}},{"type":"Feature","properties":{"art":"cafe","name":"Steiner Flughafebeck"},"geometry":{"type":"Point","coordinates":[8.515864,47.3813]}},{"type":"Feature","properties":{"art":"buehne","name":"Tanz Atelier"},"geometry":{"type":"Point","coordinates":[8.617788,47.398589]}},{"type":"Feature","properties":{"art":"museum","name":"Galerie Tschudi"},"geometry":{"type":"Point","coordinates":[8.545679,47.367841]}},{"type":"Feature","properties":{"art":"kunst","name":"Lampenhirsch"},"geometry":{"type":"Point","coordinates":[8.490801,47.350644]}},{"type":"Feature","properties":{"art":"restaurant","name":"Azzurro"},"geometry":{"type":"Point","coordinates":[8.500985,47.38708]}},{"type":"Feature","properties":{"art":"restaurant","name":"Obere Mensa UZH"},"geometry":{"type":"Point","coordinates":[8.548236,47.37397]}},{"type":"Feature","properties":{"art":"restaurant","name":"Untere Mensa UZH"},"geometry":{"type":"Point","coordinates":[8.54825,47.37385]}},{"type":"Feature","properties":{"art":"restaurant","name":"Schweizerhof"},"geometry":{"type":"Point","coordinates":[8.458121,47.410522]}},{"type":"Feature","properties":{"art":"cafe","name":"Kraftwerk"},"geometry":{"type":"Point","coordinates":[8.53193,47.372138]}},{"type":"Feature","properties":{"art":"restaurant","name":"Vegan Troja"},"geometry":{"type":"Point","coordinates":[8.528719,47.393624]}},{"type":"Feature","properties":{"art":"museum","name":"Museum Haus C.G. Jung"},"geometry":{"type":"Point","coordinates":[8.582828,47.310645]}},{"type":"Feature","properties":{"art":"bar","name":"Fleming's"},"geometry":{"type":"Point","coordinates":[8.533435,47.369633]}},{"type":"Feature","properties":{"art":"museum","name":"Museum Strauhof"},"geometry":{"type":"Point","coordinates":[8.540017,47.371721]}},{"type":"Feature","properties":{"art":"museum","name":"Kraftwerk Höngg"},"geometry":{"type":"Point","coordinates":[8.486698,47.40166]}},{"type":"Feature","properties":{"art":"kunst"},"geometry":{"type":"Point","coordinates":[8.54768,47.397003]}},{"type":"Feature","properties":{"art":"cafe","name":"Tuttee Fruttee Coffee"},"geometry":{"type":"Point","coordinates":[8.526217,47.372689]}},{"type":"Feature","properties":{"art":"cafe","name":"Bros Beans & Beats"},"geometry":{"type":"Point","coordinates":[8.525281,47.372798]}},{"type":"Feature","properties":{"art":"museum","name":"Pavillon Le Corbusier"},"geometry":{"type":"Point","coordinates":[8.551018,47.356045]}},{"type":"Feature","properties":{"art":"restaurant","name":"Bunt"},"geometry":{"type":"Point","coordinates":[8.491259,47.39195]}},{"type":"Feature","properties":{"art":"restaurant","name":"Grotto Reale"},"geometry":{"type":"Point","coordinates":[8.512712,47.374705]}},{"type":"Feature","properties":{"art":"restaurant","name":"Negishi Sushi Bar"},"geometry":{"type":"Point","coordinates":[8.488307,47.391589]}},{"type":"Feature","properties":{"art":"restaurant","name":"Peking Garden"},"geometry":{"type":"Point","coordinates":[8.511654,47.39338]}},{"type":"Feature","properties":{"art":"restaurant","name":"Züri MoMo Tibetan Food"},"geometry":{"type":"Point","coordinates":[8.49507,47.388847]}},{"type":"Feature","properties":{"art":"bar","name":"Helvetia Pool Bar"},"geometry":{"type":"Point","coordinates":[8.531637,47.373078]}},{"type":"Feature","properties":{"art":"bar","name":"Lady Hamiltons"},"geometry":{"type":"Point","coordinates":[8.539982,47.375744]}},{"type":"Feature","properties":{"art":"restaurant","name":"Vee's Bistro"},"geometry":{"type":"Point","coordinates":[8.532857,47.36506]}},{"type":"Feature","properties":{"art":"treff","name":"Gemeinschaftszentrum Höngg"},"geometry":{"type":"Point","coordinates":[8.497295,47.402266]}},{"type":"Feature","properties":{"art":"kunst","name":"Haus"},"geometry":{"type":"Point","coordinates":[8.550556,47.41026]}},{"type":"Feature","properties":{"art":"restaurant","name":"Uto"},"geometry":{"type":"Point","coordinates":[8.521169,47.371605]}},{"type":"Feature","properties":{"art":"restaurant","name":"Hoikoi"},"geometry":{"type":"Point","coordinates":[8.516928,47.375203]}},{"type":"Feature","properties":{"art":"cafe","name":"169 West"},"geometry":{"type":"Point","coordinates":[8.518025,47.373909]}},{"type":"Feature","properties":{"art":"restaurant","name":"Ona Poké"},"geometry":{"type":"Point","coordinates":[8.536006,47.367827]}},{"type":"Feature","properties":{"art":"restaurant","name":"Ayverdi's"},"geometry":{"type":"Point","coordinates":[8.50619,47.379866]}},{"type":"Feature","properties":{"art":"cafe","name":"Cafeteria"},"geometry":{"type":"Point","coordinates":[8.600928,47.356025]}},{"type":"Feature","properties":{"art":"cafe","name":"John Baker"},"geometry":{"type":"Point","coordinates":[8.539547,47.368301]}},{"type":"Feature","properties":{"art":"kunst"},"geometry":{"type":"Point","coordinates":[8.601424,47.400688]}},{"type":"Feature","properties":{"art":"bar","name":"Jules Verne Panoramabar"},"geometry":{"type":"Point","coordinates":[8.539349,47.374261]}},{"type":"Feature","properties":{"art":"restaurant","name":"La Soupière"},"geometry":{"type":"Point","coordinates":[8.53934,47.376934]}},{"type":"Feature","properties":{"art":"cafe","name":"Café Gourmet"},"geometry":{"type":"Point","coordinates":[8.539336,47.376976]}},{"type":"Feature","properties":{"art":"restaurant","name":"Restaurant Soodring"},"geometry":{"type":"Point","coordinates":[8.520962,47.316716]}},{"type":"Feature","properties":{"art":"cafe","name":"GZ Hirzenbach Cafeteria"},"geometry":{"type":"Point","coordinates":[8.591784,47.402575]}},{"type":"Feature","properties":{"art":"cafe","name":"GZ Riesbach Cafeteria"},"geometry":{"type":"Point","coordinates":[8.554056,47.359245]}},{"type":"Feature","properties":{"art":"cafe","name":"GZ Seebach Café am Bach"},"geometry":{"type":"Point","coordinates":[8.543315,47.42497]}},{"type":"Feature","properties":{"art":"treff","name":"Gemeinschaftszentrum Wipkingen"},"geometry":{"type":"Point","coordinates":[8.519941,47.393118]}},{"type":"Feature","properties":{"art":"cafe","name":"GZ Wollishofen Bistro am See"},"geometry":{"type":"Point","coordinates":[8.535875,47.344956]}},{"type":"Feature","properties":{"art":"cafe","name":"GZ Oerlikon Café"},"geometry":{"type":"Point","coordinates":[8.54564,47.407793]}},{"type":"Feature","properties":{"art":"treff","name":"GZ Seebach"},"geometry":{"type":"Point","coordinates":[8.543188,47.424984]}},{"type":"Feature","properties":{"art":"restaurant","name":"EPI Park Restaurant"},"geometry":{"type":"Point","coordinates":[8.568258,47.34872]}},{"type":"Feature","properties":{"art":"restaurant","name":"Kai Sushi"},"geometry":{"type":"Point","coordinates":[8.549794,47.362925]}},{"type":"Feature","properties":{"art":"cafe","name":"Joe & The Juice"},"geometry":{"type":"Point","coordinates":[8.54989,47.362823]}},{"type":"Feature","properties":{"art":"cafe","name":"bubblish"},"geometry":{"type":"Point","coordinates":[8.54971,47.363014]}},{"type":"Feature","properties":{"art":"restaurant","name":"Restaurant Viadukt"},"geometry":{"type":"Point","coordinates":[8.522122,47.386196]}},{"type":"Feature","properties":{"art":"restaurant","name":"Ribelli"},"geometry":{"type":"Point","coordinates":[8.509754,47.391217]}},{"type":"Feature","properties":{"art":"buehne"},"geometry":{"type":"Point","coordinates":[8.509878,47.390952]}},{"type":"Feature","properties":{"art":"kunst","name":"Raumnaht"},"geometry":{"type":"Point","coordinates":[8.550436,47.37842]}},{"type":"Feature","properties":{"art":"kunst"},"geometry":{"type":"Point","coordinates":[8.509845,47.408883]}},{"type":"Feature","properties":{"art":"buehne","name":"Creative Arts Project"},"geometry":{"type":"Point","coordinates":[8.536033,47.387625]}},{"type":"Feature","properties":{"art":"restaurant"},"geometry":{"type":"Point","coordinates":[8.55382,47.31754]}},{"type":"Feature","properties":{"art":"restaurant","name":"Sonne Gaststuben"},"geometry":{"type":"Point","coordinates":[8.578846,47.319128]}},{"type":"Feature","properties":{"art":"bar","name":"Turmbar"},"geometry":{"type":"Point","coordinates":[8.578657,47.319026]}},{"type":"Feature","properties":{"art":"restaurant","name":"Mensa UZH Binzmühle"},"geometry":{"type":"Point","coordinates":[8.549391,47.414346]}},{"type":"Feature","properties":{"art":"cafe","name":"Cafeteria UZH Zentrum für Zahnmedizin (ZZM)"},"geometry":{"type":"Point","coordinates":[8.553001,47.374474]}},{"type":"Feature","properties":{"art":"bar","name":"Barfussbar"},"geometry":{"type":"Point","coordinates":[8.542033,47.36845]}},{"type":"Feature","properties":{"art":"restaurant","name":"Jungholz"},"geometry":{"type":"Point","coordinates":[8.543394,47.41541]}},{"type":"Feature","properties":{"art":"restaurant","name":"Amy‘s"},"geometry":{"type":"Point","coordinates":[8.49699,47.387785]}},{"type":"Feature","properties":{"art":"kunst","name":"Mädchengruppe"},"geometry":{"type":"Point","coordinates":[8.536075,47.369896]}},{"type":"Feature","properties":{"art":"kunst"},"geometry":{"type":"Point","coordinates":[8.600065,47.397844]}},{"type":"Feature","properties":{"art":"kunst"},"geometry":{"type":"Point","coordinates":[8.602301,47.401811]}},{"type":"Feature","properties":{"art":"kunst","name":"Menschen"},"geometry":{"type":"Point","coordinates":[8.633524,47.374476]}},{"type":"Feature","properties":{"art":"kunst"},"geometry":{"type":"Point","coordinates":[8.617427,47.389877]}},{"type":"Feature","properties":{"art":"kunst","name":"Sonnenkopf-Speier"},"geometry":{"type":"Point","coordinates":[8.540165,47.384775]}},{"type":"Feature","properties":{"art":"restaurant","name":"La Bottega di Mario"},"geometry":{"type":"Point","coordinates":[8.537618,47.37126]}},{"type":"Feature","properties":{"art":"cafe","name":"Boréal Coffee"},"geometry":{"type":"Point","coordinates":[8.534839,47.372001]}},{"type":"Feature","properties":{"art":"kunst","name":"Zwei Brunnen mit Sitzbänken und je einer Figur \"Mädchen\" und \"Jüngling\""},"geometry":{"type":"Point","coordinates":[8.510381,47.375612]}},{"type":"Feature","properties":{"art":"kunst","name":"Relief"},"geometry":{"type":"Point","coordinates":[8.506469,47.37475]}},{"type":"Feature","properties":{"art":"kunst"},"geometry":{"type":"Point","coordinates":[8.520129,47.357727]}},{"type":"Feature","properties":{"art":"kunst"},"geometry":{"type":"Point","coordinates":[8.602087,47.39761]}},{"type":"Feature","properties":{"art":"kunst"},"geometry":{"type":"Point","coordinates":[8.597017,47.409182]}},{"type":"Feature","properties":{"art":"kunst","name":"Jonval-Turbine"},"geometry":{"type":"Point","coordinates":[8.521892,47.390574]}},{"type":"Feature","properties":{"art":"kunst","name":"\"Zwei Mädchen\" Brunnen mit Steinplastik"},"geometry":{"type":"Point","coordinates":[8.533383,47.373121]}},{"type":"Feature","properties":{"art":"restaurant","name":"Falken"},"geometry":{"type":"Point","coordinates":[8.582023,47.317502]}},{"type":"Feature","properties":{"art":"restaurant","name":"Chez Crettol / Cave Valaisanne"},"geometry":{"type":"Point","coordinates":[8.582685,47.317873]}},{"type":"Feature","properties":{"art":"cafe","name":"BonnieFit"},"geometry":{"type":"Point","coordinates":[8.582115,47.317818]}},{"type":"Feature","properties":{"art":"restaurant","name":"Ichiban 178"},"geometry":{"type":"Point","coordinates":[8.582358,47.319063]}},{"type":"Feature","properties":{"art":"restaurant","name":"Jacky's im Glattpark"},"geometry":{"type":"Point","coordinates":[8.559637,47.420722]}},{"type":"Feature","properties":{"art":"restaurant","name":"Rosa dei Venti"},"geometry":{"type":"Point","coordinates":[8.580272,47.3188]}},{"type":"Feature","properties":{"art":"bar","name":"Bar Rossi"},"geometry":{"type":"Point","coordinates":[8.527231,47.379485]}},{"type":"Feature","properties":{"art":"restaurant","name":"Roi-Et"},"geometry":{"type":"Point","coordinates":[8.526145,47.380584]}},{"type":"Feature","properties":{"art":"restaurant","name":"Restaurant Bullinger"},"geometry":{"type":"Point","coordinates":[8.510632,47.380819]}},{"type":"Feature","properties":{"art":"kunst","name":"Glocke 1 (Herz Jesu)"},"geometry":{"type":"Point","coordinates":[8.514491,47.372519]}},{"type":"Feature","properties":{"art":"kunst","name":"Löwe von San Marco"},"geometry":{"type":"Point","coordinates":[8.532225,47.36357]}},{"type":"Feature","properties":{"art":"bar","name":"Passion cocktail bar"},"geometry":{"type":"Point","coordinates":[8.530087,47.37816]}},{"type":"Feature","properties":{"art":"bar","name":"Don Weber"},"geometry":{"type":"Point","coordinates":[8.524435,47.387824]}},{"type":"Feature","properties":{"art":"kunst"},"geometry":{"type":"Point","coordinates":[8.521404,47.370226]}},{"type":"Feature","properties":{"art":"restaurant","name":"Asiaway"},"geometry":{"type":"Point","coordinates":[8.54718,47.407998]}},{"type":"Feature","properties":{"art":"restaurant","name":"Japan saku"},"geometry":{"type":"Point","coordinates":[8.547833,47.364325]}},{"type":"Feature","properties":{"art":"restaurant","name":"Hammam Salon"},"geometry":{"type":"Point","coordinates":[8.558636,47.356968]}},{"type":"Feature","properties":{"art":"museum","name":"Petra Gut"},"geometry":{"type":"Point","coordinates":[8.535974,47.37215]}},{"type":"Feature","properties":{"art":"restaurant","name":"La Rôtisserie Storchen"},"geometry":{"type":"Point","coordinates":[8.541803,47.37118]}},{"type":"Feature","properties":{"art":"restaurant","name":"Émile"},"geometry":{"type":"Point","coordinates":[8.539819,47.367541]}},{"type":"Feature","properties":{"art":"restaurant","name":"parkhuus"},"geometry":{"type":"Point","coordinates":[8.536105,47.366694]}},{"type":"Feature","properties":{"art":"bar","name":"Razzia Bar"},"geometry":{"type":"Point","coordinates":[8.551544,47.360915]}},{"type":"Feature","properties":{"art":"restaurant","name":"Mythos"},"geometry":{"type":"Point","coordinates":[8.528515,47.37378]}},{"type":"Feature","properties":{"art":"restaurant","name":"Zunfthaus zur Haue"},"geometry":{"type":"Point","coordinates":[8.543114,47.371384]}},{"type":"Feature","properties":{"art":"museum","name":"Christophe Guye Galerie"},"geometry":{"type":"Point","coordinates":[8.548268,47.363344]}},{"type":"Feature","properties":{"art":"restaurant","name":"The Yard"},"geometry":{"type":"Point","coordinates":[8.527627,47.375929]}},{"type":"Feature","properties":{"art":"cafe","name":"Joe & The Juice"},"geometry":{"type":"Point","coordinates":[8.542945,47.372728]}},{"type":"Feature","properties":{"art":"cafe","name":"St. Jakob Beck"},"geometry":{"type":"Point","coordinates":[8.524454,47.387357]}},{"type":"Feature","properties":{"art":"restaurant","name":"Tsukada Gaijin Izakaya"},"geometry":{"type":"Point","coordinates":[8.529571,47.377844]}},{"type":"Feature","properties":{"art":"restaurant","name":"Ristorante Zafferano"},"geometry":{"type":"Point","coordinates":[8.54308,47.371481]}},{"type":"Feature","properties":{"art":"kunst"},"geometry":{"type":"Point","coordinates":[8.510388,47.407932]}},{"type":"Feature","properties":{"art":"restaurant","name":"Rink Corner"},"geometry":{"type":"Point","coordinates":[8.609656,47.415515]}},{"type":"Feature","properties":{"art":"treff","name":"Gemeindesaal"},"geometry":{"type":"Point","coordinates":[8.467234,47.314571]}},{"type":"Feature","properties":{"art":"bar","name":"Petit Prince"},"geometry":{"type":"Point","coordinates":[8.535146,47.367618]}},{"type":"Feature","properties":{"art":"cafe","name":"ViCafe"},"geometry":{"type":"Point","coordinates":[8.541591,47.370162]}},{"type":"Feature","properties":{"art":"treff","name":"Mehrzwecksaal Ägerten"},"geometry":{"type":"Point","coordinates":[8.475825,47.339112]}},{"type":"Feature","properties":{"art":"treff","name":"Singsaal Mettlen"},"geometry":{"type":"Point","coordinates":[8.475949,47.33863]}},{"type":"Feature","properties":{"art":"cafe","name":"Guggi-Beizli"},"geometry":{"type":"Point","coordinates":[8.478996,47.310411]}},{"type":"Feature","properties":{"art":"bar","name":"Widder Garage"},"geometry":{"type":"Point","coordinates":[8.539805,47.371689]}},{"type":"Feature","properties":{"art":"museum","name":"Hauser & Wirth"},"geometry":{"type":"Point","coordinates":[8.539971,47.367297]}},{"type":"Feature","properties":{"art":"bibliothek","name":"Rechtswissenschaftliche Bibliothek, RWI Bibliothek"},"geometry":{"type":"Point","coordinates":[8.55077,47.373426]}},{"type":"Feature","properties":{"art":"bibliothek","name":"Bibliothek des Schweizerischen Instituts für Kinder- und Jugendmedien SIKJM"},"geometry":{"type":"Point","coordinates":[8.539756,47.384529]}},{"type":"Feature","properties":{"art":"bibliothek","name":"Bibliothek PH Zürich"},"geometry":{"type":"Point","coordinates":[8.534688,47.377659]}},{"type":"Feature","properties":{"art":"restaurant","name":"Vrenelisgärtli"},"geometry":{"type":"Point","coordinates":[8.505399,47.367781]}},{"type":"Feature","properties":{"art":"bar","name":"Fat Tony"},"geometry":{"type":"Point","coordinates":[8.527782,47.380048]}},{"type":"Feature","properties":{"art":"restaurant","name":"Pizza Al Taglio Colosseum"},"geometry":{"type":"Point","coordinates":[8.587608,47.411966]}},{"type":"Feature","properties":{"art":"bar","name":"Bierlab"},"geometry":{"type":"Point","coordinates":[8.525983,47.372602]}},{"type":"Feature","properties":{"art":"restaurant","name":"Hyn & Weg"},"geometry":{"type":"Point","coordinates":[8.616975,47.422613]}},{"type":"Feature","properties":{"art":"restaurant","name":"Rütli"},"geometry":{"type":"Point","coordinates":[8.6158,47.424482]}},{"type":"Feature","properties":{"art":"restaurant","name":"Burgermeister"},"geometry":{"type":"Point","coordinates":[8.534104,47.376327]}},{"type":"Feature","properties":{"art":"cafe","name":"Mademoiselle Nobs"},"geometry":{"type":"Point","coordinates":[8.529751,47.37135]}},{"type":"Feature","properties":{"art":"restaurant","name":"Shilla Chicken"},"geometry":{"type":"Point","coordinates":[8.535896,47.373454]}},{"type":"Feature","properties":{"art":"restaurant","name":"Europa"},"geometry":{"type":"Point","coordinates":[8.557585,47.366602]}},{"type":"Feature","properties":{"art":"restaurant","name":"Wunderbrunnen"},"geometry":{"type":"Point","coordinates":[8.576553,47.43152]}},{"type":"Feature","properties":{"art":"kunst","name":"Stoneknot"},"geometry":{"type":"Point","coordinates":[8.507314,47.407248]}},{"type":"Feature","properties":{"art":"bibliothek","name":"Schul- und Kinderbibliothek Heuried"},"geometry":{"type":"Point","coordinates":[8.505289,47.367722]}},{"type":"Feature","properties":{"art":"bar","name":"NietturmBar"},"geometry":{"type":"Point","coordinates":[8.518929,47.388774]}},{"type":"Feature","properties":{"art":"bar","name":"Helsinki"},"geometry":{"type":"Point","coordinates":[8.518266,47.385928]}},{"type":"Feature","properties":{"art":"bar","name":"Bogen F"},"geometry":{"type":"Point","coordinates":[8.52077,47.384779]}},{"type":"Feature","properties":{"art":"kunst"},"geometry":{"type":"Point","coordinates":[8.510031,47.408128]}},{"type":"Feature","properties":{"art":"kunst"},"geometry":{"type":"Point","coordinates":[8.509819,47.409501]}},{"type":"Feature","properties":{"art":"kunst"},"geometry":{"type":"Point","coordinates":[8.511102,47.409646]}},{"type":"Feature","properties":{"art":"restaurant","name":"Restaurant Swiss Chuchi"},"geometry":{"type":"Point","coordinates":[8.543642,47.373152]}},{"type":"Feature","properties":{"art":"restaurant","name":"Be Heroes"},"geometry":{"type":"Point","coordinates":[8.445582,47.398844]}},{"type":"Feature","properties":{"art":"restaurant","name":"Restaurant Bar Anna"},"geometry":{"type":"Point","coordinates":[8.540124,47.399291]}},{"type":"Feature","properties":{"art":"kunst"},"geometry":{"type":"Point","coordinates":[8.442288,47.375683]}},{"type":"Feature","properties":{"art":"cafe","name":"Joy's Bistro"},"geometry":{"type":"Point","coordinates":[8.463187,47.368663]}},{"type":"Feature","properties":{"art":"museum","name":"Uhrenmuseum zum Rösli"},"geometry":{"type":"Point","coordinates":[8.54436,47.390144]}},{"type":"Feature","properties":{"art":"museum","name":"Moulagenmuseum"},"geometry":{"type":"Point","coordinates":[8.5486,47.38042]}},{"type":"Feature","properties":{"art":"kunst","name":"Lucia"},"geometry":{"type":"Point","coordinates":[8.557498,47.363467]}},{"type":"Feature","properties":{"art":"cafe","name":"flavour coffee & plants"},"geometry":{"type":"Point","coordinates":[8.529786,47.382421]}},{"type":"Feature","properties":{"art":"museum","name":"Heimatschutzzentrum in der Villa Patumbah"},"geometry":{"type":"Point","coordinates":[8.559741,47.35694]}},{"type":"Feature","properties":{"art":"buehne","name":"Tanzhaus Zürich"},"geometry":{"type":"Point","coordinates":[8.530438,47.38865]}},{"type":"Feature","properties":{"art":"restaurant","name":"Legend Döner"},"geometry":{"type":"Point","coordinates":[8.546031,47.417828]}},{"type":"Feature","properties":{"art":"restaurant","name":"Granò"},"geometry":{"type":"Point","coordinates":[8.513264,47.377184]}},{"type":"Feature","properties":{"art":"restaurant","name":"Delicias latinas Zurich"},"geometry":{"type":"Point","coordinates":[8.515391,47.376186]}},{"type":"Feature","properties":{"art":"restaurant","name":"Le Relais de l'Entrecôte"},"geometry":{"type":"Point","coordinates":[8.54067,47.370579]}},{"type":"Feature","properties":{"art":"restaurant","name":"Loi"},"geometry":{"type":"Point","coordinates":[8.525051,47.389234]}},{"type":"Feature","properties":{"art":"restaurant","name":"Burgermeister"},"geometry":{"type":"Point","coordinates":[8.486527,47.388183]}},{"type":"Feature","properties":{"art":"bibliothek","name":"Badilektüre"},"geometry":{"type":"Point","coordinates":[8.473754,47.409137]}},{"type":"Feature","properties":{"art":"bibliothek","name":"Kinderbibliothek Friesenberg"},"geometry":{"type":"Point","coordinates":[8.505082,47.36047]}},{"type":"Feature","properties":{"art":"cafe","name":"Kafi GZ Heuried"},"geometry":{"type":"Point","coordinates":[8.503654,47.367229]}},{"type":"Feature","properties":{"art":"bibliothek","name":"Krimi- und Romanbibliothek"},"geometry":{"type":"Point","coordinates":[8.503866,47.367479]}},{"type":"Feature","properties":{"art":"cafe","name":"GZ Bachwiesen Kafi"},"geometry":{"type":"Point","coordinates":[8.486292,47.38008]}},{"type":"Feature","properties":{"art":"cafe","name":"Kafi Tasse"},"geometry":{"type":"Point","coordinates":[8.594269,47.360005]}},{"type":"Feature","properties":{"art":"restaurant","name":"Piratino"},"geometry":{"type":"Point","coordinates":[8.483894,47.388651]}},{"type":"Feature","properties":{"art":"kunst"},"geometry":{"type":"Point","coordinates":[8.613844,47.4031]}},{"type":"Feature","properties":{"art":"kunst"},"geometry":{"type":"Point","coordinates":[8.610928,47.404009]}},{"type":"Feature","properties":{"art":"cafe","name":"Olive"},"geometry":{"type":"Point","coordinates":[8.519315,47.338911]}},{"type":"Feature","properties":{"art":"restaurant","name":"Indigo"},"geometry":{"type":"Point","coordinates":[8.574495,47.326965]}},{"type":"Feature","properties":{"art":"restaurant","name":"Nooba"},"geometry":{"type":"Point","coordinates":[8.534474,47.378607]}},{"type":"Feature","properties":{"art":"restaurant","name":"Accogliente"},"geometry":{"type":"Point","coordinates":[8.603048,47.404457]}},{"type":"Feature","properties":{"art":"restaurant","name":"Simple Steakhouse & Tapas Bar"},"geometry":{"type":"Point","coordinates":[8.605144,47.404781]}},{"type":"Feature","properties":{"art":"restaurant","name":"Restaurant Glatthof"},"geometry":{"type":"Point","coordinates":[8.567737,47.43492]}},{"type":"Feature","properties":{"art":"restaurant","name":"Al Mouchtar"},"geometry":{"type":"Point","coordinates":[8.500179,47.382636]}},{"type":"Feature","properties":{"art":"restaurant","name":"Afghan Anar"},"geometry":{"type":"Point","coordinates":[8.531871,47.384008]}},{"type":"Feature","properties":{"art":"cafe","name":"GZ Bistro"},"geometry":{"type":"Point","coordinates":[8.5141,47.326112]}},{"type":"Feature","properties":{"art":"cafe","name":"Café Zum Walter"},"geometry":{"type":"Point","coordinates":[8.526912,47.372496]}},{"type":"Feature","properties":{"art":"restaurant","name":"Miss Miu"},"geometry":{"type":"Point","coordinates":[8.53217,47.37918]}},{"type":"Feature","properties":{"art":"restaurant","name":"Amboss Rampe"},"geometry":{"type":"Point","coordinates":[8.531395,47.381282]}},{"type":"Feature","properties":{"art":"restaurant","name":"Stadtkäserei"},"geometry":{"type":"Point","coordinates":[8.534458,47.380288]}},{"type":"Feature","properties":{"art":"restaurant","name":"Tayyeb"},"geometry":{"type":"Point","coordinates":[8.56834,47.40375]}},{"type":"Feature","properties":{"art":"bar","name":"Manuel's"},"geometry":{"type":"Point","coordinates":[8.535181,47.373589]}},{"type":"Feature","properties":{"art":"restaurant","name":"Machida Shoten"},"geometry":{"type":"Point","coordinates":[8.512722,47.377434]}},{"type":"Feature","properties":{"art":"buehne","name":"La Porteña"},"geometry":{"type":"Point","coordinates":[8.494223,47.392343]}},{"type":"Feature","properties":{"art":"restaurant","name":"Williams ButchersTable"},"geometry":{"type":"Point","coordinates":[8.545062,47.368244]}},{"type":"Feature","properties":{"art":"buehne","name":"Dancers"},"geometry":{"type":"Point","coordinates":[8.574425,47.414307]}},{"type":"Feature","properties":{"art":"restaurant","name":"Thali House"},"geometry":{"type":"Point","coordinates":[8.530135,47.383103]}},{"type":"Feature","properties":{"art":"cafe","name":"Neighbor"},"geometry":{"type":"Point","coordinates":[8.539018,47.372341]}},{"type":"Feature","properties":{"art":"cafe","name":"Honold"},"geometry":{"type":"Point","coordinates":[8.58569,47.358739]}},{"type":"Feature","properties":{"art":"kunst","name":"Schlange"},"geometry":{"type":"Point","coordinates":[8.526179,47.369684]}},{"type":"Feature","properties":{"art":"kunst","name":"Affe"},"geometry":{"type":"Point","coordinates":[8.523613,47.367189]}},{"type":"Feature","properties":{"art":"kunst","name":"Elefant"},"geometry":{"type":"Point","coordinates":[8.524015,47.367012]}},{"type":"Feature","properties":{"art":"kunst","name":"Krokodil"},"geometry":{"type":"Point","coordinates":[8.521654,47.365755]}},{"type":"Feature","properties":{"art":"kunst","name":"Fische"},"geometry":{"type":"Point","coordinates":[8.524794,47.36908]}},{"type":"Feature","properties":{"art":"kunst","name":"Giraffe"},"geometry":{"type":"Point","coordinates":[8.52396,47.366984]}},{"type":"Feature","properties":{"art":"kunst","name":"Chamäleon"},"geometry":{"type":"Point","coordinates":[8.52193,47.363728]}},{"type":"Feature","properties":{"art":"kunst","name":"Schildkröte"},"geometry":{"type":"Point","coordinates":[8.519789,47.36868]}},{"type":"Feature","properties":{"art":"kunst","name":"Schmetterlinge"},"geometry":{"type":"Point","coordinates":[8.520079,47.367146]}},{"type":"Feature","properties":{"art":"kunst","name":"Papagei"},"geometry":{"type":"Point","coordinates":[8.522412,47.368327]}},{"type":"Feature","properties":{"art":"kunst","name":"Königstiger"},"geometry":{"type":"Point","coordinates":[8.52368,47.369291]}},{"type":"Feature","properties":{"art":"bar","name":"Zum Frischen Max"},"geometry":{"type":"Point","coordinates":[8.542828,47.412286]}},{"type":"Feature","properties":{"art":"kunst"},"geometry":{"type":"Point","coordinates":[8.469298,47.39118]}},{"type":"Feature","properties":{"art":"restaurant","name":"Heisswein"},"geometry":{"type":"Point","coordinates":[8.535346,47.381]}},{"type":"Feature","properties":{"art":"bar","name":"Hidmona"},"geometry":{"type":"Point","coordinates":[8.534786,47.381138]}},{"type":"Feature","properties":{"art":"cafe","name":"Zytlos"},"geometry":{"type":"Point","coordinates":[8.53006,47.364085]}},{"type":"Feature","properties":{"art":"bar","name":"Campo"},"geometry":{"type":"Point","coordinates":[8.527083,47.376287]}},{"type":"Feature","properties":{"art":"buehne","name":"Theater-Film-LABORATORIUM"},"geometry":{"type":"Point","coordinates":[8.474615,47.394619]}},{"type":"Feature","properties":{"art":"cafe","name":"Radix"},"geometry":{"type":"Point","coordinates":[8.534067,47.377239]}},{"type":"Feature","properties":{"art":"kunst"},"geometry":{"type":"Point","coordinates":[8.599419,47.369684]}},{"type":"Feature","properties":{"art":"kunst"},"geometry":{"type":"Point","coordinates":[8.506948,47.360537]}},{"type":"Feature","properties":{"art":"cafe","name":"Schigu Kafi"},"geometry":{"type":"Point","coordinates":[8.53634,47.386803]}},{"type":"Feature","properties":{"art":"cafe","name":"Schmück ToGo / Black&Blaze Coffee"},"geometry":{"type":"Point","coordinates":[8.514026,47.376515]}},{"type":"Feature","properties":{"art":"bibliothek","name":"Bibliothek Ostasien"},"geometry":{"type":"Point","coordinates":[8.550179,47.372246]}},{"type":"Feature","properties":{"art":"cafe","name":"Il Baretto"},"geometry":{"type":"Point","coordinates":[8.534153,47.380506]}},{"type":"Feature","properties":{"art":"bibliothek","name":"PBZ Bibliothek Schütze"},"geometry":{"type":"Point","coordinates":[8.523272,47.388755]}},{"type":"Feature","properties":{"art":"bar","name":"Zeig Bar"},"geometry":{"type":"Point","coordinates":[8.522958,47.367198]}},{"type":"Feature","properties":{"art":"restaurant","name":"MyVi's"},"geometry":{"type":"Point","coordinates":[8.54358,47.374676]}},{"type":"Feature","properties":{"art":"bar","name":"Rum 97"},"geometry":{"type":"Point","coordinates":[8.526823,47.378355]}},{"type":"Feature","properties":{"art":"restaurant","name":"Höngger Oriental Restarant"},"geometry":{"type":"Point","coordinates":[8.497396,47.402065]}},{"type":"Feature","properties":{"art":"kunst","name":"Untitled (Cyclad Series)"},"geometry":{"type":"Point","coordinates":[8.550356,47.373279]}},{"type":"Feature","properties":{"art":"restaurant","name":"Dozentenfoyer"},"geometry":{"type":"Point","coordinates":[8.547503,47.376337]}},{"type":"Feature","properties":{"art":"kunst"},"geometry":{"type":"Point","coordinates":[8.538238,47.396356]}},{"type":"Feature","properties":{"art":"kunst"},"geometry":{"type":"Point","coordinates":[8.53836,47.396301]}},{"type":"Feature","properties":{"art":"restaurant","name":"Anoah"},"geometry":{"type":"Point","coordinates":[8.548543,47.384855]}},{"type":"Feature","properties":{"art":"bar","name":"El Presidente"},"geometry":{"type":"Point","coordinates":[8.526619,47.377619]}},{"type":"Feature","properties":{"art":"kunst","name":"Zürcher Kuh-Kultur"},"geometry":{"type":"Point","coordinates":[8.549191,47.397244]}},{"type":"Feature","properties":{"art":"museum","name":"Galerie Urs Meile"},"geometry":{"type":"Point","coordinates":[8.547562,47.368903]}},{"type":"Feature","properties":{"art":"restaurant","name":"roots"},"geometry":{"type":"Point","coordinates":[8.535715,47.368732]}},{"type":"Feature","properties":{"art":"cafe","name":"Hype"},"geometry":{"type":"Point","coordinates":[8.547834,47.380343]}},{"type":"Feature","properties":{"art":"bibliothek","name":"Mediathek"},"geometry":{"type":"Point","coordinates":[8.59359,47.4127]}},{"type":"Feature","properties":{"art":"treff","name":"Gemeinschaftszentrum Leimbach"},"geometry":{"type":"Point","coordinates":[8.514136,47.326167]}},{"type":"Feature","properties":{"art":"buehne","name":"pile of books"},"geometry":{"type":"Point","coordinates":[8.520592,47.370979]}},{"type":"Feature","properties":{"art":"restaurant","name":"Little Viet-nam"},"geometry":{"type":"Point","coordinates":[8.630141,47.42331]}},{"type":"Feature","properties":{"art":"cafe","name":"Loogarten"},"geometry":{"type":"Point","coordinates":[8.472631,47.388417]}},{"type":"Feature","properties":{"art":"buehne","name":"CLOSE Theater"},"geometry":{"type":"Point","coordinates":[8.508806,47.3899]}},{"type":"Feature","properties":{"art":"restaurant","name":"casacosi"},"geometry":{"type":"Point","coordinates":[8.561281,47.418619]}},{"type":"Feature","properties":{"art":"kunst"},"geometry":{"type":"Point","coordinates":[8.505377,47.35889]}},{"type":"Feature","properties":{"art":"restaurant","name":"China Fast & Good"},"geometry":{"type":"Point","coordinates":[8.566366,47.433883]}},{"type":"Feature","properties":{"art":"restaurant","name":"NA081"},"geometry":{"type":"Point","coordinates":[8.533477,47.381883]}},{"type":"Feature","properties":{"art":"restaurant","name":"Gaijin Izakaya"},"geometry":{"type":"Point","coordinates":[8.5277,47.372917]}},{"type":"Feature","properties":{"art":"restaurant","name":"Tapas & Friends"},"geometry":{"type":"Point","coordinates":[8.513806,47.373774]}},{"type":"Feature","properties":{"art":"restaurant","name":"Picanha Brasil"},"geometry":{"type":"Point","coordinates":[8.626758,47.402129]}},{"type":"Feature","properties":{"art":"restaurant","name":"Khao Gaeng"},"geometry":{"type":"Point","coordinates":[8.626954,47.40228]}},{"type":"Feature","properties":{"art":"treff","name":"Myzelia"},"geometry":{"type":"Point","coordinates":[8.533917,47.384879]}},{"type":"Feature","properties":{"art":"treff","name":"PBZ Bibliothek"},"geometry":{"type":"Point","coordinates":[8.544498,47.374771]}},{"type":"Feature","properties":{"art":"restaurant","name":"Westhive Kitchen"},"geometry":{"type":"Point","coordinates":[8.512156,47.393342]}},{"type":"Feature","properties":{"art":"cafe","name":"lo spaccio"},"geometry":{"type":"Point","coordinates":[8.536051,47.368174]}},{"type":"Feature","properties":{"art":"bar","name":"Billiard Center Zypresse"},"geometry":{"type":"Point","coordinates":[8.513865,47.377462]}},{"type":"Feature","properties":{"art":"bibliothek","name":"Kunsthaus Bibliothek"},"geometry":{"type":"Point","coordinates":[8.548287,47.369891]}},{"type":"Feature","properties":{"art":"bar","name":"Cinchona Bar"},"geometry":{"type":"Point","coordinates":[8.528613,47.380507]}},{"type":"Feature","properties":{"art":"bar","name":"Widder Bar & Cuisine"},"geometry":{"type":"Point","coordinates":[8.539917,47.372231]}},{"type":"Feature","properties":{"art":"restaurant","name":"SRF Live Restaurant & Bar"},"geometry":{"type":"Point","coordinates":[8.560505,47.415999]}},{"type":"Feature","properties":{"art":"restaurant","name":"Ioannis"},"geometry":{"type":"Point","coordinates":[8.48821,47.376755]}},{"type":"Feature","properties":{"art":"bar","name":"Hardwald Brewhouse"},"geometry":{"type":"Point","coordinates":[8.60297,47.403746]}},{"type":"Feature","properties":{"art":"restaurant","name":"Andulino"},"geometry":{"type":"Point","coordinates":[8.594781,47.409892]}},{"type":"Feature","properties":{"art":"cafe","name":"Crema - Gelato & Caffè"},"geometry":{"type":"Point","coordinates":[8.593013,47.412538]}},{"type":"Feature","properties":{"art":"cafe","name":"Tower Bar"},"geometry":{"type":"Point","coordinates":[8.594954,47.409528]}},{"type":"Feature","properties":{"art":"cafe","name":"RPOS Coffehouse"},"geometry":{"type":"Point","coordinates":[8.534686,47.367882]}},{"type":"Feature","properties":{"art":"cafe","name":"Enzian Cafébar"},"geometry":{"type":"Point","coordinates":[8.558303,47.424058]}},{"type":"Feature","properties":{"art":"bibliothek","name":"Bibliothek Küsnacht"},"geometry":{"type":"Point","coordinates":[8.579463,47.319161]}},{"type":"Feature","properties":{"art":"buehne","name":"Theater im Seefeld"},"geometry":{"type":"Point","coordinates":[8.553444,47.359514]}},{"type":"Feature","properties":{"art":"kunst"},"geometry":{"type":"Point","coordinates":[8.581132,47.411522]}},{"type":"Feature","properties":{"art":"restaurant","name":"Migros Restaurant"},"geometry":{"type":"Point","coordinates":[8.468638,47.431471]}},{"type":"Feature","properties":{"art":"cafe","name":"Miró Manufactura de café"},"geometry":{"type":"Point","coordinates":[8.52572,47.3786]}},{"type":"Feature","properties":{"art":"cafe","name":"Caffè Spettacolo"},"geometry":{"type":"Point","coordinates":[8.548759,47.366685]}},{"type":"Feature","properties":{"art":"restaurant","name":"Lola's Restaurant"},"geometry":{"type":"Point","coordinates":[8.524381,47.368721]}},{"type":"Feature","properties":{"art":"kunst"},"geometry":{"type":"Point","coordinates":[8.61036,47.411031]}},{"type":"Feature","properties":{"art":"restaurant","name":"Kai Sushi"},"geometry":{"type":"Point","coordinates":[8.52033,47.388899]}},{"type":"Feature","properties":{"art":"restaurant","name":"Wild Bowls"},"geometry":{"type":"Point","coordinates":[8.534316,47.367806]}},{"type":"Feature","properties":{"art":"cafe","name":"Caffè Spettacolo"},"geometry":{"type":"Point","coordinates":[8.620845,47.415189]}},{"type":"Feature","properties":{"art":"restaurant","name":"Clouds"},"geometry":{"type":"Point","coordinates":[8.51719,47.38608]}},{"type":"Feature","properties":{"art":"restaurant","name":"Igel"},"geometry":{"type":"Point","coordinates":[8.431823,47.357795]}},{"type":"Feature","properties":{"art":"bibliothek","name":"Fermento"},"geometry":{"type":"Point","coordinates":[8.524743,47.372703]}},{"type":"Feature","properties":{"art":"cafe","name":"Schmiede"},"geometry":{"type":"Point","coordinates":[8.520944,47.369118]}},{"type":"Feature","properties":{"art":"kunst","name":"Melody"},"geometry":{"type":"Point","coordinates":[8.524352,47.389235]}},{"type":"Feature","properties":{"art":"restaurant","name":"Rico's"},"geometry":{"type":"Point","coordinates":[8.579983,47.315513]}},{"type":"Feature","properties":{"art":"restaurant","name":"Piazetta"},"geometry":{"type":"Point","coordinates":[8.45949,47.363465]}},{"type":"Feature","properties":{"art":"cafe"},"geometry":{"type":"Point","coordinates":[8.630149,47.423384]}},{"type":"Feature","properties":{"art":"cafe","name":"Bistro Spitz"},"geometry":{"type":"Point","coordinates":[8.540935,47.378963]}},{"type":"Feature","properties":{"art":"restaurant","name":"Eclipse Bar & Lounge"},"geometry":{"type":"Point","coordinates":[8.529951,47.340605]}},{"type":"Feature","properties":{"art":"treff","name":"Quartierzimmer Hardau"},"geometry":{"type":"Point","coordinates":[8.509873,47.380538]}},{"type":"Feature","properties":{"art":"bibliothek","name":"Schul- und Gemeindebibliothek Uitikon"},"geometry":{"type":"Point","coordinates":[8.462252,47.367919]}},{"type":"Feature","properties":{"art":"treff","name":"Schopf - Verein Hochneun"},"geometry":{"type":"Point","coordinates":[8.484172,47.375716]}},{"type":"Feature","properties":{"art":"kunst"},"geometry":{"type":"Point","coordinates":[8.576214,47.430213]}},{"type":"Feature","properties":{"art":"badi","name":"Zürichhorn"},"geometry":{"type":"Point","coordinates":[8.550254,47.353746]}},{"type":"Feature","properties":{"art":"restaurant","name":"Haute"},"geometry":{"type":"Point","coordinates":[8.535238,47.370444]}},{"type":"Feature","properties":{"art":"kunst"},"geometry":{"type":"Point","coordinates":[8.606763,47.397068]}},{"type":"Feature","properties":{"art":"cafe","name":"Jalla Caffè"},"geometry":{"type":"Point","coordinates":[8.543109,47.371086]}},{"type":"Feature","properties":{"art":"restaurant","name":"NA081"},"geometry":{"type":"Point","coordinates":[8.560749,47.430467]}},{"type":"Feature","properties":{"art":"restaurant","name":"Karun"},"geometry":{"type":"Point","coordinates":[8.459181,47.398148]}},{"type":"Feature","properties":{"art":"restaurant","name":"KEK Restaurant"},"geometry":{"type":"Point","coordinates":[8.605889,47.327743]}},{"type":"Feature","properties":{"art":"kunst"},"geometry":{"type":"Point","coordinates":[8.498967,47.375793]}},{"type":"Feature","properties":{"art":"restaurant","name":"Mori Ramen"},"geometry":{"type":"Point","coordinates":[8.549533,47.370353]}},{"type":"Feature","properties":{"art":"kunst","name":"La Jeunesse"},"geometry":{"type":"Point","coordinates":[8.588777,47.419665]}},{"type":"Feature","properties":{"art":"restaurant","name":"Associaçâo Portuguesa"},"geometry":{"type":"Point","coordinates":[8.536386,47.406922]}},{"type":"Feature","properties":{"art":"kunst"},"geometry":{"type":"Point","coordinates":[8.634185,47.424318]}},{"type":"Feature","properties":{"art":"cafe","name":"Miró"},"geometry":{"type":"Point","coordinates":[8.540223,47.377394]}},{"type":"Feature","properties":{"art":"restaurant","name":"Kulturmarkt"},"geometry":{"type":"Point","coordinates":[8.515285,47.37171]}},{"type":"Feature","properties":{"art":"kunst","name":"Tastende Lichter"},"geometry":{"type":"Point","coordinates":[8.548663,47.370604]}},{"type":"Feature","properties":{"art":"kunst","name":"Dog Heaven"},"geometry":{"type":"Point","coordinates":[8.523438,47.361088]}},{"type":"Feature","properties":{"art":"bar","name":"Escherwyss Shisha Lounge"},"geometry":{"type":"Point","coordinates":[8.519623,47.387398]}},{"type":"Feature","properties":{"art":"kunst"},"geometry":{"type":"Point","coordinates":[8.560057,47.357164]}},{"type":"Feature","properties":{"art":"restaurant","name":"Wändli"},"geometry":{"type":"Point","coordinates":[8.614699,47.394832]}},{"type":"Feature","properties":{"art":"restaurant","name":"Bai Ka Prao"},"geometry":{"type":"Point","coordinates":[8.439942,47.439549]}},{"type":"Feature","properties":{"art":"restaurant","name":"grepery"},"geometry":{"type":"Point","coordinates":[8.599993,47.399137]}},{"type":"Feature","properties":{"art":"cafe","name":"Stadtoase VGZ"},"geometry":{"type":"Point","coordinates":[8.569581,47.377429]}},{"type":"Feature","properties":{"art":"restaurant","name":"Chiffon"},"geometry":{"type":"Point","coordinates":[8.547721,47.372563]}},{"type":"Feature","properties":{"art":"restaurant","name":"Schützenstube"},"geometry":{"type":"Point","coordinates":[8.603229,47.312873]}},{"type":"Feature","properties":{"art":"restaurant","name":"La Muña"},"geometry":{"type":"Point","coordinates":[8.547255,47.362891]}},{"type":"Feature","properties":{"art":"museum","name":"Germann Auktionshaus"},"geometry":{"type":"Point","coordinates":[8.535037,47.367269]}},{"type":"Feature","properties":{"art":"kunst"},"geometry":{"type":"Point","coordinates":[8.479143,47.360009]}},{"type":"Feature","properties":{"art":"restaurant","name":"Chopstick"},"geometry":{"type":"Point","coordinates":[8.543876,47.376051]}},{"type":"Feature","properties":{"art":"restaurant","name":"Roots of Himalaya"},"geometry":{"type":"Point","coordinates":[8.520007,47.374654]}},{"type":"Feature","properties":{"art":"museum","name":"PHILIPPZOLLINGER"},"geometry":{"type":"Point","coordinates":[8.545851,47.367914]}},{"type":"Feature","properties":{"art":"restaurant","name":"Hongxi Glattpark"},"geometry":{"type":"Point","coordinates":[8.560776,47.424501]}},{"type":"Feature","properties":{"art":"cafe","name":"Tasty Donuts and Coffee,Giovannas Bistro"},"geometry":{"type":"Point","coordinates":[8.559029,47.420585]}},{"type":"Feature","properties":{"art":"restaurant","name":"Pizzeria Venice"},"geometry":{"type":"Point","coordinates":[8.551374,47.422751]}},{"type":"Feature","properties":{"art":"restaurant","name":"Italia 2000"},"geometry":{"type":"Point","coordinates":[8.623466,47.332088]}},{"type":"Feature","properties":{"art":"kunst"},"geometry":{"type":"Point","coordinates":[8.477783,47.380532]}},{"type":"Feature","properties":{"art":"cafe","name":"Cafeteria Buchlern"},"geometry":{"type":"Point","coordinates":[8.477517,47.380674]}},{"type":"Feature","properties":{"art":"restaurant","name":"Häxehüüsli"},"geometry":{"type":"Point","coordinates":[8.476989,47.375767]}},{"type":"Feature","properties":{"art":"bibliothek","name":"Gemeindebibliothek Weiningen"},"geometry":{"type":"Point","coordinates":[8.435336,47.42072]}},{"type":"Feature","properties":{"art":"kunst"},"geometry":{"type":"Point","coordinates":[8.494043,47.35713]}},{"type":"Feature","properties":{"art":"cafe","name":"Theater PurPur"},"geometry":{"type":"Point","coordinates":[8.530722,47.362308]}},{"type":"Feature","properties":{"art":"buehne","name":"Theater im Zollhaus"},"geometry":{"type":"Point","coordinates":[8.52965,47.381598]}},{"type":"Feature","properties":{"art":"cafe"},"geometry":{"type":"Point","coordinates":[8.602512,47.332103]}},{"type":"Feature","properties":{"art":"kunst"},"geometry":{"type":"Point","coordinates":[8.528578,47.320962]}},{"type":"Feature","properties":{"art":"restaurant","name":"Thai Style"},"geometry":{"type":"Point","coordinates":[8.514473,47.390422]}},{"type":"Feature","properties":{"art":"museum","name":"Pascal Robert Gallery"},"geometry":{"type":"Point","coordinates":[8.545618,47.367816]}},{"type":"Feature","properties":{"art":"restaurant","name":"Emilio"},"geometry":{"type":"Point","coordinates":[8.527211,47.372917]}},{"type":"Feature","properties":{"art":"kunst","name":"Monociel"},"geometry":{"type":"Point","coordinates":[8.560318,47.414481]}},{"type":"Feature","properties":{"art":"bar","name":"Keyif"},"geometry":{"type":"Point","coordinates":[8.447458,47.397208]}},{"type":"Feature","properties":{"art":"restaurant","name":"Jia Jia"},"geometry":{"type":"Point","coordinates":[8.447357,47.397206]}},{"type":"Feature","properties":{"art":"bar","name":"Brauerei Oerlikon"},"geometry":{"type":"Point","coordinates":[8.554679,47.418036]}},{"type":"Feature","properties":{"art":"cafe","name":"ViCAFE @ bridge"},"geometry":{"type":"Point","coordinates":[8.533938,47.378714]}},{"type":"Feature","properties":{"art":"restaurant","name":"Osso"},"geometry":{"type":"Point","coordinates":[8.529384,47.38163]}},{"type":"Feature","properties":{"art":"restaurant","name":"Stella Village"},"geometry":{"type":"Point","coordinates":[8.636984,47.371453]}},{"type":"Feature","properties":{"art":"cafe","name":"Famous Gaziantep Baklava"},"geometry":{"type":"Point","coordinates":[8.55933,47.420335]}},{"type":"Feature","properties":{"art":"cafe","name":"Ombak Coffee"},"geometry":{"type":"Point","coordinates":[8.52507,47.376534]}},{"type":"Feature","properties":{"art":"bar","name":"Gleis"},"geometry":{"type":"Point","coordinates":[8.529641,47.381465]}},{"type":"Feature","properties":{"art":"restaurant","name":"La Santa Sete"},"geometry":{"type":"Point","coordinates":[8.530959,47.381234]}},{"type":"Feature","properties":{"art":"museum","name":"NiQo Kunstatelier und Galerie"},"geometry":{"type":"Point","coordinates":[8.601405,47.403893]}},{"type":"Feature","properties":{"art":"kunst","name":"Zwei Fische"},"geometry":{"type":"Point","coordinates":[8.555504,47.35238]}},{"type":"Feature","properties":{"art":"bar","name":"Dr. Brauwolf"},"geometry":{"type":"Point","coordinates":[8.512391,47.363426]}},{"type":"Feature","properties":{"art":"buehne","name":"Studio OneSpace"},"geometry":{"type":"Point","coordinates":[8.543782,47.375322]}},{"type":"Feature","properties":{"art":"treff","name":"L200"},"geometry":{"type":"Point","coordinates":[8.529837,47.382449]}},{"type":"Feature","properties":{"art":"bar","name":"Bierwerk Züri"},"geometry":{"type":"Point","coordinates":[8.531604,47.379453]}},{"type":"Feature","properties":{"art":"kunst","name":"Lampenhirsch"},"geometry":{"type":"Point","coordinates":[8.490327,47.350605]}},{"type":"Feature","properties":{"art":"restaurant","name":"Ojo de Agua"},"geometry":{"type":"Point","coordinates":[8.539426,47.373911]}},{"type":"Feature","properties":{"art":"restaurant","name":"Fischerstube Zürihorn"},"geometry":{"type":"Point","coordinates":[8.550508,47.353023]}},{"type":"Feature","properties":{"art":"restaurant","name":"Pizza Fulmine"},"geometry":{"type":"Point","coordinates":[8.529749,47.312952]}},{"type":"Feature","properties":{"art":"kunst"},"geometry":{"type":"Point","coordinates":[8.551393,47.32235]}},{"type":"Feature","properties":{"art":"kunst"},"geometry":{"type":"Point","coordinates":[8.592871,47.411796]}},{"type":"Feature","properties":{"art":"kunst"},"geometry":{"type":"Point","coordinates":[8.526427,47.31893]}},{"type":"Feature","properties":{"art":"kunst"},"geometry":{"type":"Point","coordinates":[8.592658,47.411789]}},{"type":"Feature","properties":{"art":"kunst","name":"Sonnennadeln"},"geometry":{"type":"Point","coordinates":[8.545754,47.398063]}},{"type":"Feature","properties":{"art":"kunst","name":"Bruder Sonne"},"geometry":{"type":"Point","coordinates":[8.544948,47.396782]}},{"type":"Feature","properties":{"art":"kunst"},"geometry":{"type":"Point","coordinates":[8.548897,47.397862]}},{"type":"Feature","properties":{"art":"cafe","name":"Café Yucca"},"geometry":{"type":"Point","coordinates":[8.545191,47.374934]}},{"type":"Feature","properties":{"art":"restaurant","name":"Lux"},"geometry":{"type":"Point","coordinates":[8.538314,47.365622]}},{"type":"Feature","properties":{"art":"kunst","name":"Wooden Castle"},"geometry":{"type":"Point","coordinates":[8.47835,47.325222]}},{"type":"Feature","properties":{"art":"kunst","name":"Wooden House"},"geometry":{"type":"Point","coordinates":[8.478253,47.325879]}},{"type":"Feature","properties":{"art":"restaurant","name":"Sign"},"geometry":{"type":"Point","coordinates":[8.589216,47.414939]}},{"type":"Feature","properties":{"art":"buehne","name":"Rhythmia Salsa und Bachata Tanzschule Zürich"},"geometry":{"type":"Point","coordinates":[8.498919,47.383307]}},{"type":"Feature","properties":{"art":"bar","name":"Züri CiTea"},"geometry":{"type":"Point","coordinates":[8.518014,47.374667]}},{"type":"Feature","properties":{"art":"restaurant","name":"Casco Viejo"},"geometry":{"type":"Point","coordinates":[8.543421,47.373238]}},{"type":"Feature","properties":{"art":"restaurant","name":"Sushi Shin"},"geometry":{"type":"Point","coordinates":[8.541396,47.370499]}},{"type":"Feature","properties":{"art":"cafe","name":"Betty‘s Coffee House"},"geometry":{"type":"Point","coordinates":[8.561958,47.419321]}},{"type":"Feature","properties":{"art":"museum","name":"Artifiche Poster Gallery"},"geometry":{"type":"Point","coordinates":[8.535088,47.367376]}},{"type":"Feature","properties":{"art":"restaurant","name":"Datto"},"geometry":{"type":"Point","coordinates":[8.523232,47.358514]}},{"type":"Feature","properties":{"art":"cafe","name":"Café am Puls"},"geometry":{"type":"Point","coordinates":[8.59961,47.344793]}},{"type":"Feature","properties":{"art":"restaurant","name":"Ernesto Ristorante Pizzeria Napoletana"},"geometry":{"type":"Point","coordinates":[8.574458,47.344815]}},{"type":"Feature","properties":{"art":"treff","name":"House of Satoshi"},"geometry":{"type":"Point","coordinates":[8.52799,47.379925]}},{"type":"Feature","properties":{"art":"bar","name":"Bar am Wasser"},"geometry":{"type":"Point","coordinates":[8.541636,47.367572]}},{"type":"Feature","properties":{"art":"cafe","name":"Hotz"},"geometry":{"type":"Point","coordinates":[8.597466,47.397393]}},{"type":"Feature","properties":{"art":"restaurant","name":"Big Burger"},"geometry":{"type":"Point","coordinates":[8.6055,47.328622]}},{"type":"Feature","properties":{"art":"restaurant","name":"Fischergarten"},"geometry":{"type":"Point","coordinates":[8.551148,47.35297]}},{"type":"Feature","properties":{"art":"cafe","name":"Bernhard Bar Cafe"},"geometry":{"type":"Point","coordinates":[8.546198,47.365081]}},{"type":"Feature","properties":{"art":"restaurant","name":"Urimi Restaurant und Bäckerei"},"geometry":{"type":"Point","coordinates":[8.588644,47.403286]}},{"type":"Feature","properties":{"art":"kunst","name":"Sine Wave / Zig Zag"},"geometry":{"type":"Point","coordinates":[8.549828,47.371333]}},{"type":"Feature","properties":{"art":"bar","name":"Kunsthaus Bar"},"geometry":{"type":"Point","coordinates":[8.549135,47.370786]}},{"type":"Feature","properties":{"art":"restaurant","name":"1Komma7"},"geometry":{"type":"Point","coordinates":[8.538357,47.366384]}},{"type":"Feature","properties":{"art":"restaurant","name":"Rue de Paris"},"geometry":{"type":"Point","coordinates":[8.559662,47.43045]}},{"type":"Feature","properties":{"art":"restaurant","name":"Restaurant Stadiönli"},"geometry":{"type":"Point","coordinates":[8.555021,47.4121]}},{"type":"Feature","properties":{"art":"bar","name":"Mäx Club"},"geometry":{"type":"Point","coordinates":[8.517169,47.386708]}},{"type":"Feature","properties":{"art":"kunst"},"geometry":{"type":"Point","coordinates":[8.551953,47.374506]}},{"type":"Feature","properties":{"art":"restaurant","name":"Le Monde"},"geometry":{"type":"Point","coordinates":[8.59695,47.397526]}},{"type":"Feature","properties":{"art":"restaurant","name":"roots"},"geometry":{"type":"Point","coordinates":[8.517125,47.387315]}},{"type":"Feature","properties":{"art":"restaurant","name":"La Piazza"},"geometry":{"type":"Point","coordinates":[8.563079,47.438936]}},{"type":"Feature","properties":{"art":"museum","name":"Mühlerama"},"geometry":{"type":"Point","coordinates":[8.561067,47.351573]}},{"type":"Feature","properties":{"art":"buehne","name":"Millers"},"geometry":{"type":"Point","coordinates":[8.561355,47.351578]}},{"type":"Feature","properties":{"art":"bar","name":"Blaue Ente"},"geometry":{"type":"Point","coordinates":[8.561146,47.351809]}},{"type":"Feature","properties":{"art":"restaurant","name":"Blaue Ente"},"geometry":{"type":"Point","coordinates":[8.561132,47.35195]}},{"type":"Feature","properties":{"art":"cafe","name":"McCafé"},"geometry":{"type":"Point","coordinates":[8.529957,47.38291]}},{"type":"Feature","properties":{"art":"restaurant","name":"Kaisin"},"geometry":{"type":"Point","coordinates":[8.533994,47.360408]}},{"type":"Feature","properties":{"art":"restaurant","name":"Saal Parterre"},"geometry":{"type":"Point","coordinates":[8.62283,47.399938]}},{"type":"Feature","properties":{"art":"cafe","name":"happybeck"},"geometry":{"type":"Point","coordinates":[8.527583,47.379218]}},{"type":"Feature","properties":{"art":"bar","name":"Maria Bar"},"geometry":{"type":"Point","coordinates":[8.52537,47.380442]}},{"type":"Feature","properties":{"art":"restaurant","name":"Nüni"},"geometry":{"type":"Point","coordinates":[8.499702,47.387893]}},{"type":"Feature","properties":{"art":"kunst","name":"Multimediale Ausstellung"},"geometry":{"type":"Point","coordinates":[8.560108,47.414096]}},{"type":"Feature","properties":{"art":"buehne","name":"eventlokale.ch"},"geometry":{"type":"Point","coordinates":[8.559618,47.413667]}},{"type":"Feature","properties":{"art":"treff"},"geometry":{"type":"Point","coordinates":[8.47336,47.388705]}},{"type":"Feature","properties":{"art":"treff"},"geometry":{"type":"Point","coordinates":[8.473296,47.388624]}},{"type":"Feature","properties":{"art":"kunst","name":"Galerie"},"geometry":{"type":"Point","coordinates":[8.560157,47.413721]}},{"type":"Feature","properties":{"art":"treff","name":"Kulturkeller"},"geometry":{"type":"Point","coordinates":[8.560311,47.413958]}},{"type":"Feature","properties":{"art":"buehne","name":"Longtang"},"geometry":{"type":"Point","coordinates":[8.562609,47.415031]}},{"type":"Feature","properties":{"art":"kunst","name":"DIE GLOCKE"},"geometry":{"type":"Point","coordinates":[8.559043,47.413778]}},{"type":"Feature","properties":{"art":"kunst","name":"Der Sihlbogen"},"geometry":{"type":"Point","coordinates":[8.519178,47.335505]}},{"type":"Feature","properties":{"art":"museum","name":"Ortsmuseum Schlieren"},"geometry":{"type":"Point","coordinates":[8.445179,47.397249]}},{"type":"Feature","properties":{"art":"kunst","name":"Undine"},"geometry":{"type":"Point","coordinates":[8.548984,47.373189]}},{"type":"Feature","properties":{"art":"buehne","name":"Bailarico"},"geometry":{"type":"Point","coordinates":[8.517353,47.381579]}},{"type":"Feature","properties":{"art":"kunst"},"geometry":{"type":"Point","coordinates":[8.530255,47.376999]}},{"type":"Feature","properties":{"art":"kunst"},"geometry":{"type":"Point","coordinates":[8.530413,47.377104]}},{"type":"Feature","properties":{"art":"buehne","name":"Dance It"},"geometry":{"type":"Point","coordinates":[8.549611,47.38355]}},{"type":"Feature","properties":{"art":"restaurant","name":"Mohini"},"geometry":{"type":"Point","coordinates":[8.544133,47.378188]}},{"type":"Feature","properties":{"art":"cafe","name":"No Grain Zone"},"geometry":{"type":"Point","coordinates":[8.544234,47.373217]}},{"type":"Feature","properties":{"art":"restaurant","name":"Octavo"},"geometry":{"type":"Point","coordinates":[8.536682,47.413259]}},{"type":"Feature","properties":{"art":"kunst"},"geometry":{"type":"Point","coordinates":[8.552221,47.400981]}},{"type":"Feature","properties":{"art":"cafe","name":"Venus"},"geometry":{"type":"Point","coordinates":[8.545392,47.408942]}},{"type":"Feature","properties":{"art":"buehne","name":"Proberaum 1"},"geometry":{"type":"Point","coordinates":[8.535594,47.343682]}},{"type":"Feature","properties":{"art":"buehne","name":"Proberaum 2"},"geometry":{"type":"Point","coordinates":[8.535629,47.34363]}},{"type":"Feature","properties":{"art":"cafe","name":"Quai Café"},"geometry":{"type":"Point","coordinates":[8.534785,47.361743]}},{"type":"Feature","properties":{"art":"restaurant","name":"Lucky Panda"},"geometry":{"type":"Point","coordinates":[8.630183,47.422962]}},{"type":"Feature","properties":{"art":"restaurant","name":"Fischerstube See Theke"},"geometry":{"type":"Point","coordinates":[8.551058,47.352989]}},{"type":"Feature","properties":{"art":"restaurant","name":"La Casa d’Oc"},"geometry":{"type":"Point","coordinates":[8.533733,47.345293]}},{"type":"Feature","properties":{"art":"restaurant","name":"Pizzeria Felice"},"geometry":{"type":"Point","coordinates":[8.518203,47.373023]}},{"type":"Feature","properties":{"art":"restaurant","name":"Rémy"},"geometry":{"type":"Point","coordinates":[8.519692,47.37345]}},{"type":"Feature","properties":{"art":"bar","name":"Wunderbar"},"geometry":{"type":"Point","coordinates":[8.526744,47.377805]}},{"type":"Feature","properties":{"art":"kunst"},"geometry":{"type":"Point","coordinates":[8.589833,47.345788]}},{"type":"Feature","properties":{"art":"restaurant","name":"Pizza Binz"},"geometry":{"type":"Point","coordinates":[8.516309,47.361701]}},{"type":"Feature","properties":{"art":"restaurant","name":"barfüsser"},"geometry":{"type":"Point","coordinates":[8.544012,47.373533]}},{"type":"Feature","properties":{"art":"cafe","name":"Monocle Café"},"geometry":{"type":"Point","coordinates":[8.550796,47.359683]}},{"type":"Feature","properties":{"art":"restaurant","name":"Vito"},"geometry":{"type":"Point","coordinates":[8.535776,47.378345]}},{"type":"Feature","properties":{"art":"museum","name":"Galerie Jungi"},"geometry":{"type":"Point","coordinates":[8.545992,47.367671]}},{"type":"Feature","properties":{"art":"cafe","name":"Theater am Hechtplatz"},"geometry":{"type":"Point","coordinates":[8.544631,47.368283]}},{"type":"Feature","properties":{"art":"cafe","name":"St. Jakob"},"geometry":{"type":"Point","coordinates":[8.540277,47.370057]}},{"type":"Feature","properties":{"art":"museum","name":"Dierking"},"geometry":{"type":"Point","coordinates":[8.538259,47.369059]}},{"type":"Feature","properties":{"art":"bar","name":"La Lup"},"geometry":{"type":"Point","coordinates":[8.533363,47.369569]}},{"type":"Feature","properties":{"art":"restaurant","name":"Noon"},"geometry":{"type":"Point","coordinates":[8.545421,47.368697]}},{"type":"Feature","properties":{"art":"museum","name":"Coin de Vue"},"geometry":{"type":"Point","coordinates":[8.545419,47.368289]}},{"type":"Feature","properties":{"art":"cafe","name":"The Matcha Club"},"geometry":{"type":"Point","coordinates":[8.536848,47.370048]}},{"type":"Feature","properties":{"art":"restaurant","name":"Riverside"},"geometry":{"type":"Point","coordinates":[8.492478,47.398261]}},{"type":"Feature","properties":{"art":"restaurant","name":"Pizzakurier Volante"},"geometry":{"type":"Point","coordinates":[8.440153,47.439522]}},{"type":"Feature","properties":{"art":"restaurant","name":"La Lup"},"geometry":{"type":"Point","coordinates":[8.522122,47.362542]}},{"type":"Feature","properties":{"art":"museum","name":"Eisenbahnbetriebslabor Schweiz AG"},"geometry":{"type":"Point","coordinates":[8.631797,47.398411]}},{"type":"Feature","properties":{"art":"restaurant","name":"Himalaya Burger & Co."},"geometry":{"type":"Point","coordinates":[8.512689,47.392158]}},{"type":"Feature","properties":{"art":"cafe","name":"Collective Bakery"},"geometry":{"type":"Point","coordinates":[8.51099,47.39232]}},{"type":"Feature","properties":{"art":"restaurant","name":"Seegarten"},"geometry":{"type":"Point","coordinates":[8.578529,47.31907]}},{"type":"Feature","properties":{"art":"restaurant","name":"The Penthouse Zurich"},"geometry":{"type":"Point","coordinates":[8.495689,47.363145]}},{"type":"Feature","properties":{"art":"restaurant","name":"Habesha"},"geometry":{"type":"Point","coordinates":[8.52328,47.377125]}},{"type":"Feature","properties":{"art":"kunst","name":"Vénus de Six-Fours"},"geometry":{"type":"Point","coordinates":[8.534956,47.385324]}},{"type":"Feature","properties":{"art":"kunst"},"geometry":{"type":"Point","coordinates":[8.497929,47.355796]}},{"type":"Feature","properties":{"art":"bar","name":"Carol"},"geometry":{"type":"Point","coordinates":[8.528476,47.377855]}},{"type":"Feature","properties":{"art":"bar","name":"Rasputin"},"geometry":{"type":"Point","coordinates":[8.527468,47.376836]}},{"type":"Feature","properties":{"art":"kunst"},"geometry":{"type":"Point","coordinates":[8.606537,47.427307]}},{"type":"Feature","properties":{"art":"kunst","name":"Ohne Titel (Toblerones)"},"geometry":{"type":"Point","coordinates":[8.561417,47.413188]}},{"type":"Feature","properties":{"art":"kunst"},"geometry":{"type":"Point","coordinates":[8.596208,47.397446]}},{"type":"Feature","properties":{"art":"restaurant","name":"Shahba Rose"},"geometry":{"type":"Point","coordinates":[8.546588,47.417892]}},{"type":"Feature","properties":{"art":"cafe","name":"Bistro uf em Chilehügel"},"geometry":{"type":"Point","coordinates":[8.484668,47.386882]}},{"type":"Feature","properties":{"art":"restaurant","name":"Micas Garten"},"geometry":{"type":"Point","coordinates":[8.475864,47.393517]}},{"type":"Feature","properties":{"art":"kunst"},"geometry":{"type":"Point","coordinates":[8.559943,47.40625]}},{"type":"Feature","properties":{"art":"cafe","name":"Badi-Bistro"},"geometry":{"type":"Point","coordinates":[8.571429,47.408634]}},{"type":"Feature","properties":{"art":"restaurant","name":"Rashim's Kitchen"},"geometry":{"type":"Point","coordinates":[8.487663,47.387253]}},{"type":"Feature","properties":{"art":"cafe","name":"ViCafe"},"geometry":{"type":"Point","coordinates":[8.529801,47.381618]}},{"type":"Feature","properties":{"art":"cafe","name":"La Jolie - Das Beauty Café"},"geometry":{"type":"Point","coordinates":[8.544864,47.416114]}},{"type":"Feature","properties":{"art":"kunst","name":"Liegender Hirsch (Bank)"},"geometry":{"type":"Point","coordinates":[8.491753,47.349455]}},{"type":"Feature","properties":{"art":"kunst","name":"Liegender Hirsch (Bank)"},"geometry":{"type":"Point","coordinates":[8.491784,47.349565]}},{"type":"Feature","properties":{"art":"kunst","name":"Liegender Hirsch (Bank)"},"geometry":{"type":"Point","coordinates":[8.491612,47.349598]}},{"type":"Feature","properties":{"art":"kunst","name":"Pferd"},"geometry":{"type":"Point","coordinates":[8.53235,47.352605]}},{"type":"Feature","properties":{"art":"treff","name":"Regenbogenhaus Zürich"},"geometry":{"type":"Point","coordinates":[8.52994,47.381498]}},{"type":"Feature","properties":{"art":"restaurant","name":"Sommerbeiz Schlieren"},"geometry":{"type":"Point","coordinates":[8.446994,47.397693]}},{"type":"Feature","properties":{"art":"kunst","name":"We gave a party for the gods"},"geometry":{"type":"Point","coordinates":[8.550095,47.414853]}},{"type":"Feature","properties":{"art":"restaurant","name":"Farfalla"},"geometry":{"type":"Point","coordinates":[8.484449,47.380097]}},{"type":"Feature","properties":{"art":"restaurant","name":"3 Spitz"},"geometry":{"type":"Point","coordinates":[8.565679,47.408079]}},{"type":"Feature","properties":{"art":"restaurant","name":"Jeff’s Smashing Bistro"},"geometry":{"type":"Point","coordinates":[8.558315,47.409727]}},{"type":"Feature","properties":{"art":"kunst","name":"Der Gefangene Floh"},"geometry":{"type":"Point","coordinates":[8.534203,47.414143]}},{"type":"Feature","properties":{"art":"restaurant","name":"Cucina"},"geometry":{"type":"Point","coordinates":[8.497196,47.385793]}},{"type":"Feature","properties":{"art":"restaurant","name":"Rice Up!"},"geometry":{"type":"Point","coordinates":[8.537396,47.376313]}},{"type":"Feature","properties":{"art":"bibliothek","name":"Bibliothek Oberengstringen"},"geometry":{"type":"Point","coordinates":[8.462581,47.408791]}},{"type":"Feature","properties":{"art":"restaurant","name":"Yakamoz"},"geometry":{"type":"Point","coordinates":[8.570509,47.405182]}},{"type":"Feature","properties":{"art":"kunst","name":"Chameleon Eyes"},"geometry":{"type":"Point","coordinates":[8.503027,47.380082]}},{"type":"Feature","properties":{"art":"bar","name":"Face Club"},"geometry":{"type":"Point","coordinates":[8.620047,47.412545]}},{"type":"Feature","properties":{"art":"kunst"},"geometry":{"type":"Point","coordinates":[8.587648,47.358059]}},{"type":"Feature","properties":{"art":"kunst"},"geometry":{"type":"Point","coordinates":[8.587082,47.359489]}},{"type":"Feature","properties":{"art":"kunst"},"geometry":{"type":"Point","coordinates":[8.587319,47.359181]}},{"type":"Feature","properties":{"art":"restaurant","name":"Zett"},"geometry":{"type":"Point","coordinates":[8.4799,47.394584]}},{"type":"Feature","properties":{"art":"bar","name":"1930"},"geometry":{"type":"Point","coordinates":[8.479313,47.394758]}},{"type":"Feature","properties":{"art":"bar","name":"k2"},"geometry":{"type":"Point","coordinates":[8.516497,47.386508]}},{"type":"Feature","properties":{"art":"restaurant","name":"Liga"},"geometry":{"type":"Point","coordinates":[8.608342,47.414105]}},{"type":"Feature","properties":{"art":"cafe","name":"Kesslers Club Social"},"geometry":{"type":"Point","coordinates":[8.486931,47.389544]}},{"type":"Feature","properties":{"art":"restaurant","name":"Winit's TakeAway"},"geometry":{"type":"Point","coordinates":[8.531406,47.343969]}},{"type":"Feature","properties":{"art":"kunst","name":"Schwamendinger Hafenkran"},"geometry":{"type":"Point","coordinates":[8.570308,47.401876]}},{"type":"Feature","properties":{"art":"treff","name":"Kirchgemeindehaus Oberstrass"},"geometry":{"type":"Point","coordinates":[8.547521,47.386238]}},{"type":"Feature","properties":{"art":"treff","name":"Pfadi St. Luzi"},"geometry":{"type":"Point","coordinates":[8.512107,47.415725]}},{"type":"Feature","properties":{"art":"kunst"},"geometry":{"type":"Point","coordinates":[8.559185,47.407994]}},{"type":"Feature","properties":{"art":"bar","name":"Thai Spa NamPang"},"geometry":{"type":"Point","coordinates":[8.529847,47.337086]}},{"type":"Feature","properties":{"art":"restaurant","name":"Luigia"},"geometry":{"type":"Point","coordinates":[8.558464,47.422133]}},{"type":"Feature","properties":{"art":"restaurant","name":"Legami"},"geometry":{"type":"Point","coordinates":[8.442032,47.400739]}},{"type":"Feature","properties":{"art":"restaurant","name":"Jack's Cevap House"},"geometry":{"type":"Point","coordinates":[8.486709,47.394371]}},{"type":"Feature","properties":{"art":"restaurant","name":"Fattoush"},"geometry":{"type":"Point","coordinates":[8.52551,47.371568]}},{"type":"Feature","properties":{"art":"cafe","name":"The Studio"},"geometry":{"type":"Point","coordinates":[8.547871,47.363833]}},{"type":"Feature","properties":{"art":"buehne","name":"Tanzkurse Zürich"},"geometry":{"type":"Point","coordinates":[8.548476,47.363068]}},{"type":"Feature","properties":{"art":"restaurant","name":"Soi Thai"},"geometry":{"type":"Point","coordinates":[8.547802,47.368409]}},{"type":"Feature","properties":{"art":"restaurant","name":"Museumscafé"},"geometry":{"type":"Point","coordinates":[8.535703,47.382826]}},{"type":"Feature","properties":{"art":"kunst"},"geometry":{"type":"Point","coordinates":[8.56334,47.399276]}},{"type":"Feature","properties":{"art":"restaurant","name":"AURA 800° Grill & Bar"},"geometry":{"type":"Point","coordinates":[8.537791,47.368608]}},{"type":"Feature","properties":{"art":"restaurant","name":"Bistro am Bach"},"geometry":{"type":"Point","coordinates":[8.437829,47.353063]}},{"type":"Feature","properties":{"art":"kunst","name":"Hinter Glas"},"geometry":{"type":"Point","coordinates":[8.552076,47.380288]}},{"type":"Feature","properties":{"art":"kunst"},"geometry":{"type":"Point","coordinates":[8.510649,47.353621]}},{"type":"Feature","properties":{"art":"kunst","name":"Im Wind bewegt"},"geometry":{"type":"Point","coordinates":[8.601483,47.355661]}},{"type":"Feature","properties":{"art":"kunst"},"geometry":{"type":"Point","coordinates":[8.574253,47.37306]}},{"type":"Feature","properties":{"art":"restaurant","name":"Pizza Nesti"},"geometry":{"type":"Point","coordinates":[8.637981,47.370262]}},{"type":"Feature","properties":{"art":"restaurant","name":"PUTPUTakeaway"},"geometry":{"type":"Point","coordinates":[8.525205,47.376499]}},{"type":"Feature","properties":{"art":"restaurant","name":"Sanatorium Kilchberg"},"geometry":{"type":"Point","coordinates":[8.543856,47.327978]}},{"type":"Feature","properties":{"art":"cafe","name":"Dolce Vita"},"geometry":{"type":"Point","coordinates":[8.538305,47.420121]}},{"type":"Feature","properties":{"art":"kunst","name":"Figur"},"geometry":{"type":"Point","coordinates":[8.550643,47.380464]}},{"type":"Feature","properties":{"art":"museum","name":"kunstsichtbar Galerie"},"geometry":{"type":"Point","coordinates":[8.515474,47.375243]}},{"type":"Feature","properties":{"art":"cafe","name":"Pfaffhüsli"},"geometry":{"type":"Point","coordinates":[8.619741,47.364379]}},{"type":"Feature","properties":{"art":"kunst","name":"Rondell"},"geometry":{"type":"Point","coordinates":[8.549744,47.371443]}},{"type":"Feature","properties":{"art":"kunst"},"geometry":{"type":"Point","coordinates":[8.573101,47.38117]}},{"type":"Feature","properties":{"art":"bar","name":"Tropical Bar"},"geometry":{"type":"Point","coordinates":[8.526616,47.380058]}},{"type":"Feature","properties":{"art":"buehne","name":"America Baila"},"geometry":{"type":"Point","coordinates":[8.535651,47.381963]}},{"type":"Feature","properties":{"art":"restaurant","name":"Spoon"},"geometry":{"type":"Point","coordinates":[8.528804,47.37163]}},{"type":"Feature","properties":{"art":"buehne","name":"SwingFLOOR"},"geometry":{"type":"Point","coordinates":[8.52457,47.392592]}},{"type":"Feature","properties":{"art":"restaurant","name":"Restaurant Blumenrain"},"geometry":{"type":"Point","coordinates":[8.572938,47.347217]}},{"type":"Feature","properties":{"art":"bar","name":"SeeBar"},"geometry":{"type":"Point","coordinates":[8.581834,47.31336]}},{"type":"Feature","properties":{"art":"bar","name":"Bar Lupo"},"geometry":{"type":"Point","coordinates":[8.52183,47.374289]}},{"type":"Feature","properties":{"art":"restaurant","name":"La Mirada"},"geometry":{"type":"Point","coordinates":[8.554505,47.367711]}},{"type":"Feature","properties":{"art":"museum","name":"Bildhalle"},"geometry":{"type":"Point","coordinates":[8.528141,47.369433]}},{"type":"Feature","properties":{"art":"cafe","name":"Café Elena"},"geometry":{"type":"Point","coordinates":[8.543032,47.378105]}},{"type":"Feature","properties":{"art":"kunst"},"geometry":{"type":"Point","coordinates":[8.549436,47.374397]}},{"type":"Feature","properties":{"art":"kunst"},"geometry":{"type":"Point","coordinates":[8.551462,47.371491]}},{"type":"Feature","properties":{"art":"kunst"},"geometry":{"type":"Point","coordinates":[8.547502,47.376975]}},{"type":"Feature","properties":{"art":"kunst"},"geometry":{"type":"Point","coordinates":[8.610455,47.404475]}},{"type":"Feature","properties":{"art":"bar","name":"Caipi-Bar"},"geometry":{"type":"Point","coordinates":[8.525747,47.379245]}},{"type":"Feature","properties":{"art":"treff","name":"Akademikerhaus (AKI)"},"geometry":{"type":"Point","coordinates":[8.545242,47.37633]}},{"type":"Feature","properties":{"art":"bibliothek","name":"Jesuitenbibliothek"},"geometry":{"type":"Point","coordinates":[8.545888,47.375963]}},{"type":"Feature","properties":{"art":"kunst","name":"Ohne Titel (Keil)"},"geometry":{"type":"Point","coordinates":[8.553391,47.37568]}},{"type":"Feature","properties":{"art":"kunst","name":"Giacometti-Fresken"},"geometry":{"type":"Point","coordinates":[8.541433,47.375177]}},{"type":"Feature","properties":{"art":"kunst","name":"Totentanz"},"geometry":{"type":"Point","coordinates":[8.552919,47.374317]}},{"type":"Feature","properties":{"art":"kunst","name":"Der Staat"},"geometry":{"type":"Point","coordinates":[8.543326,47.378689]}},{"type":"Feature","properties":{"art":"restaurant","name":"Kleinwäscherei"},"geometry":{"type":"Point","coordinates":[8.520188,47.387015]}},{"type":"Feature","properties":{"art":"restaurant","name":"Butegar"},"geometry":{"type":"Point","coordinates":[8.523149,47.372456]}},{"type":"Feature","properties":{"art":"cafe","name":"SEIN"},"geometry":{"type":"Point","coordinates":[8.509018,47.384641]}},{"type":"Feature","properties":{"art":"restaurant","name":"Simon Says Taste Taiwan"},"geometry":{"type":"Point","coordinates":[8.527743,47.378738]}},{"type":"Feature","properties":{"art":"restaurant","name":"Alegria"},"geometry":{"type":"Point","coordinates":[8.533789,47.345271]}},{"type":"Feature","properties":{"art":"restaurant","name":"Disco Volante"},"geometry":{"type":"Point","coordinates":[8.527135,47.380682]}},{"type":"Feature","properties":{"art":"cafe","name":"Café Bar Meierei"},"geometry":{"type":"Point","coordinates":[8.550719,47.382255]}},{"type":"Feature","properties":{"art":"restaurant","name":"Restaurant Leonhard"},"geometry":{"type":"Point","coordinates":[8.545904,47.37729]}},{"type":"Feature","properties":{"art":"kunst","name":"3 × 9"},"geometry":{"type":"Point","coordinates":[8.603215,47.362993]}},{"type":"Feature","properties":{"art":"kunst","name":"Köbi Kuhn"},"geometry":{"type":"Point","coordinates":[8.51441,47.376115]}},{"type":"Feature","properties":{"art":"museum","name":"MoneyMuseum"},"geometry":{"type":"Point","coordinates":[8.551485,47.388809]}},{"type":"Feature","properties":{"art":"museum","name":"Urania Observatoire Zürich"},"geometry":{"type":"Point","coordinates":[8.539392,47.374314]}},{"type":"Feature","properties":{"art":"cafe","name":"Deus Ex Machina"},"geometry":{"type":"Point","coordinates":[8.526895,47.377043]}},{"type":"Feature","properties":{"art":"restaurant","name":"Iberia"},"geometry":{"type":"Point","coordinates":[8.508685,47.37819]}},{"type":"Feature","properties":{"art":"restaurant","name":"Bill's Burger"},"geometry":{"type":"Point","coordinates":[8.512013,47.392921]}},{"type":"Feature","properties":{"art":"bar","name":"Bar 45"},"geometry":{"type":"Point","coordinates":[8.538213,47.371779]}},{"type":"Feature","properties":{"art":"restaurant","name":"Leo"},"geometry":{"type":"Point","coordinates":[8.538281,47.375821]}},{"type":"Feature","properties":{"art":"restaurant","name":"Roof Garden"},"geometry":{"type":"Point","coordinates":[8.537803,47.375933]}},{"type":"Feature","properties":{"art":"kunst","name":"Unicorn"},"geometry":{"type":"Point","coordinates":[8.620976,47.398667]}},{"type":"Feature","properties":{"art":"kunst","name":"Unicorn"},"geometry":{"type":"Point","coordinates":[8.622538,47.398415]}},{"type":"Feature","properties":{"art":"kunst"},"geometry":{"type":"Point","coordinates":[8.597733,47.347857]}},{"type":"Feature","properties":{"art":"kunst"},"geometry":{"type":"Point","coordinates":[8.488601,47.376574]}},{"type":"Feature","properties":{"art":"treff","name":"Gemeinschaftszentrum Höngg, Standort Rütihof"},"geometry":{"type":"Point","coordinates":[8.476498,47.413878]}},{"type":"Feature","properties":{"art":"treff","name":"Gemeinschaftszentrum Loogarten - Standort Badenerstrasse"},"geometry":{"type":"Point","coordinates":[8.487926,47.387503]}},{"type":"Feature","properties":{"art":"cafe","name":"Hof Kafi"},"geometry":{"type":"Point","coordinates":[8.459852,47.392188]}},{"type":"Feature","properties":{"art":"cafe"},"geometry":{"type":"Point","coordinates":[8.497626,47.365745]}},{"type":"Feature","properties":{"art":"restaurant","name":"Stadtspital Zürich Triemli"},"geometry":{"type":"Point","coordinates":[8.49721,47.366909]}},{"type":"Feature","properties":{"art":"restaurant","name":"Riviera"},"geometry":{"type":"Point","coordinates":[8.530301,47.383009]}},{"type":"Feature","properties":{"art":"restaurant","name":"Minimum"},"geometry":{"type":"Point","coordinates":[8.495465,47.381824]}},{"type":"Feature","properties":{"art":"bibliothek","name":"Universitätsbibliothek Psychologie"},"geometry":{"type":"Point","coordinates":[8.549706,47.41457]}},{"type":"Feature","properties":{"art":"restaurant","name":"Wiesli 30"},"geometry":{"type":"Point","coordinates":[8.598452,47.354368]}},{"type":"Feature","properties":{"art":"kunst"},"geometry":{"type":"Point","coordinates":[8.550127,47.400523]}},{"type":"Feature","properties":{"art":"kunst"},"geometry":{"type":"Point","coordinates":[8.550207,47.40035]}},{"type":"Feature","properties":{"art":"restaurant","name":"Elmira"},"geometry":{"type":"Point","coordinates":[8.526489,47.38892]}},{"type":"Feature","properties":{"art":"bibliothek","name":"Lib4RI"},"geometry":{"type":"Point","coordinates":[8.609574,47.403844]}},{"type":"Feature","properties":{"art":"cafe","name":"YAMAS"},"geometry":{"type":"Point","coordinates":[8.531659,47.378705]}},{"type":"Feature","properties":{"art":"restaurant","name":"Tokyo Express @ bridge"},"geometry":{"type":"Point","coordinates":[8.533671,47.378774]}},{"type":"Feature","properties":{"art":"kunst"},"geometry":{"type":"Point","coordinates":[8.47013,47.405668]}},{"type":"Feature","properties":{"art":"restaurant","name":"Au"},"geometry":{"type":"Point","coordinates":[8.440674,47.439859]}},{"type":"Feature","properties":{"art":"museum","name":"stage"},"geometry":{"type":"Point","coordinates":[8.522879,47.375957]}},{"type":"Feature","properties":{"art":"museum","name":"Art House Zürich Gallery"},"geometry":{"type":"Point","coordinates":[8.522952,47.375935]}},{"type":"Feature","properties":{"art":"cafe","name":"Zoocafé"},"geometry":{"type":"Point","coordinates":[8.574205,47.384258]}},{"type":"Feature","properties":{"art":"restaurant","name":"Liyu"},"geometry":{"type":"Point","coordinates":[8.516875,47.37052]}},{"type":"Feature","properties":{"art":"cafe","name":"Scaletta Kulturraum"},"geometry":{"type":"Point","coordinates":[8.519568,47.373401]}},{"type":"Feature","properties":{"art":"cafe","name":"Besteas Bar"},"geometry":{"type":"Point","coordinates":[8.528181,47.372791]}},{"type":"Feature","properties":{"art":"museum","name":"Zürcher"},"geometry":{"type":"Point","coordinates":[8.527604,47.372878]}},{"type":"Feature","properties":{"art":"restaurant","name":"Mai-Wok"},"geometry":{"type":"Point","coordinates":[8.523047,47.370796]}},{"type":"Feature","properties":{"art":"bar","name":"Fantasy Bar"},"geometry":{"type":"Point","coordinates":[8.50979,47.370507]}},{"type":"Feature","properties":{"art":"cafe","name":"Hegifret Kaffeefenster"},"geometry":{"type":"Point","coordinates":[8.561234,47.361784]}},{"type":"Feature","properties":{"art":"bar","name":"NachBar"},"geometry":{"type":"Point","coordinates":[8.511602,47.367084]}},{"type":"Feature","properties":{"art":"cafe","name":"Amiamo Caffè"},"geometry":{"type":"Point","coordinates":[8.516613,47.375199]}},{"type":"Feature","properties":{"art":"cafe","name":"Bar Butter"},"geometry":{"type":"Point","coordinates":[8.527821,47.378906]}},{"type":"Feature","properties":{"art":"restaurant","name":"DaPizi"},"geometry":{"type":"Point","coordinates":[8.53318,47.381232]}},{"type":"Feature","properties":{"art":"restaurant","name":"Hirschli"},"geometry":{"type":"Point","coordinates":[8.546395,47.370884]}},{"type":"Feature","properties":{"art":"treff","name":"Quartiertreff Altstadthaus"},"geometry":{"type":"Point","coordinates":[8.546607,47.372466]}},{"type":"Feature","properties":{"art":"restaurant","name":"Orient World"},"geometry":{"type":"Point","coordinates":[8.545135,47.378842]}},{"type":"Feature","properties":{"art":"bar","name":"Flamingo Club"},"geometry":{"type":"Point","coordinates":[8.534598,47.382185]}},{"type":"Feature","properties":{"art":"restaurant","name":"Napulé"},"geometry":{"type":"Point","coordinates":[8.575343,47.337584]}},{"type":"Feature","properties":{"art":"cafe","name":"Juliette"},"geometry":{"type":"Point","coordinates":[8.532805,47.36658]}},{"type":"Feature","properties":{"art":"treff","name":"insieme Kulturlokal"},"geometry":{"type":"Point","coordinates":[8.548587,47.405703]}},{"type":"Feature","properties":{"art":"restaurant","name":"Sapa Canteen"},"geometry":{"type":"Point","coordinates":[8.542223,47.380021]}},{"type":"Feature","properties":{"art":"restaurant","name":"Loving Lanka"},"geometry":{"type":"Point","coordinates":[8.489449,47.380299]}},{"type":"Feature","properties":{"art":"restaurant","name":"Brenso"},"geometry":{"type":"Point","coordinates":[8.524923,47.375571]}},{"type":"Feature","properties":{"art":"kunst"},"geometry":{"type":"Point","coordinates":[8.515234,47.358365]}},{"type":"Feature","properties":{"art":"restaurant","name":"GiGi Sushi Bar"},"geometry":{"type":"Point","coordinates":[8.525234,47.310594]}},{"type":"Feature","properties":{"art":"buehne","name":"Kulturschür"},"geometry":{"type":"Point","coordinates":[8.58041,47.356937]}},{"type":"Feature","properties":{"art":"restaurant","name":"Piaceri del Sud"},"geometry":{"type":"Point","coordinates":[8.580172,47.358848]}},{"type":"Feature","properties":{"art":"restaurant","name":"Masal Dosa"},"geometry":{"type":"Point","coordinates":[8.54532,47.415021]}},{"type":"Feature","properties":{"art":"kunst","name":"Rauchstein"},"geometry":{"type":"Point","coordinates":[8.496576,47.367041]}},{"type":"Feature","properties":{"art":"kunst","name":"Unicorn"},"geometry":{"type":"Point","coordinates":[8.608524,47.395835]}},{"type":"Feature","properties":{"art":"cafe","name":"Garde Manger"},"geometry":{"type":"Point","coordinates":[8.515557,47.374822]}},{"type":"Feature","properties":{"art":"bar","name":"Barteca"},"geometry":{"type":"Point","coordinates":[8.527127,47.377616]}},{"type":"Feature","properties":{"art":"bar","name":"8008 See Lounge"},"geometry":{"type":"Point","coordinates":[8.562532,47.346839]}},{"type":"Feature","properties":{"art":"restaurant","name":"differente"},"geometry":{"type":"Point","coordinates":[8.539066,47.388116]}},{"type":"Feature","properties":{"art":"cafe","name":"Al Paso"},"geometry":{"type":"Point","coordinates":[8.544507,47.373512]}},{"type":"Feature","properties":{"art":"bar","name":"Hôtel Bourbon at Turm"},"geometry":{"type":"Point","coordinates":[8.544707,47.371711]}},{"type":"Feature","properties":{"art":"cafe","name":"Täglich Brot"},"geometry":{"type":"Point","coordinates":[8.507046,47.360793]}},{"type":"Feature","properties":{"art":"buehne","name":"Gemeinschaftsraum für Bewegung"},"geometry":{"type":"Point","coordinates":[8.506326,47.361098]}},{"type":"Feature","properties":{"art":"kunst","name":"Keltische Goldscheibenfibel (vergrösserte Nachbildung)"},"geometry":{"type":"Point","coordinates":[8.503976,47.351715]}},{"type":"Feature","properties":{"art":"museum","name":"Kunstlabor"},"geometry":{"type":"Point","coordinates":[8.516268,47.37662]}},{"type":"Feature","properties":{"art":"museum","name":"Streetart Limited"},"geometry":{"type":"Point","coordinates":[8.521044,47.376639]}},{"type":"Feature","properties":{"art":"cafe","name":"Maverick‘s Secret"},"geometry":{"type":"Point","coordinates":[8.52137,47.375771]}},{"type":"Feature","properties":{"art":"museum","name":"Buy Food With Plastic"},"geometry":{"type":"Point","coordinates":[8.521379,47.376043]}},{"type":"Feature","properties":{"art":"museum","name":"Let me be an N Artist"},"geometry":{"type":"Point","coordinates":[8.521497,47.376224]}},{"type":"Feature","properties":{"art":"kunst","name":"Love at first sight"},"geometry":{"type":"Point","coordinates":[8.532727,47.384401]}},{"type":"Feature","properties":{"art":"kunst","name":"Die Saat ist aufgegangen"},"geometry":{"type":"Point","coordinates":[8.516091,47.377801]}},{"type":"Feature","properties":{"art":"kunst","name":"Wand Ding"},"geometry":{"type":"Point","coordinates":[8.507013,47.383096]}},{"type":"Feature","properties":{"art":"buehne","name":"ADC"},"geometry":{"type":"Point","coordinates":[8.5205,47.371091]}},{"type":"Feature","properties":{"art":"restaurant","name":"roots"},"geometry":{"type":"Point","coordinates":[8.544504,47.37095]}},{"type":"Feature","properties":{"art":"museum","name":"Galerie 111"},"geometry":{"type":"Point","coordinates":[8.521145,47.37137]}},{"type":"Feature","properties":{"art":"museum","name":"Karma International"},"geometry":{"type":"Point","coordinates":[8.521635,47.370911]}},{"type":"Feature","properties":{"art":"bar","name":"Dr. Zhivago"},"geometry":{"type":"Point","coordinates":[8.536452,47.369214]}},{"type":"Feature","properties":{"art":"museum","name":"Kunstwarenhaus"},"geometry":{"type":"Point","coordinates":[8.545914,47.372491]}},{"type":"Feature","properties":{"art":"restaurant","name":"tsuru tsuru noodlebar"},"geometry":{"type":"Point","coordinates":[8.540182,47.376191]}},{"type":"Feature","properties":{"art":"restaurant","name":"Lumière"},"geometry":{"type":"Point","coordinates":[8.540089,47.372135]}},{"type":"Feature","properties":{"art":"cafe","name":"MINI Café Bar"},"geometry":{"type":"Point","coordinates":[8.533493,47.367077]}},{"type":"Feature","properties":{"art":"museum","name":"Unort"},"geometry":{"type":"Point","coordinates":[8.546286,47.373051]}},{"type":"Feature","properties":{"art":"cafe","name":"Só Tea"},"geometry":{"type":"Point","coordinates":[8.545051,47.372958]}},{"type":"Feature","properties":{"art":"restaurant","name":"Eve's Kitchen"},"geometry":{"type":"Point","coordinates":[8.453624,47.398754]}},{"type":"Feature","properties":{"art":"buehne","name":"JED Events"},"geometry":{"type":"Point","coordinates":[8.453836,47.39907]}},{"type":"Feature","properties":{"art":"restaurant","name":"mi-te"},"geometry":{"type":"Point","coordinates":[8.547928,47.3792]}},{"type":"Feature","properties":{"art":"restaurant","name":"Mesa Madrid"},"geometry":{"type":"Point","coordinates":[8.543196,47.383375]}},{"type":"Feature","properties":{"art":"kunst","name":"Lebensspirale"},"geometry":{"type":"Point","coordinates":[8.633641,47.392699]}},{"type":"Feature","properties":{"art":"kunst"},"geometry":{"type":"Point","coordinates":[8.548903,47.376674]}},{"type":"Feature","properties":{"art":"restaurant","name":"Haus am Fluss Asian Food Hall & Bar"},"geometry":{"type":"Point","coordinates":[8.528192,47.388926]}},{"type":"Feature","properties":{"art":"kunst"},"geometry":{"type":"Point","coordinates":[8.509708,47.381853]}},{"type":"Feature","properties":{"art":"kunst"},"geometry":{"type":"Point","coordinates":[8.510028,47.381102]}},{"type":"Feature","properties":{"art":"kunst"},"geometry":{"type":"Point","coordinates":[8.509852,47.380347]}},{"type":"Feature","properties":{"art":"treff","name":"Gemeindesaal"},"geometry":{"type":"Point","coordinates":[8.630351,47.421943]}},{"type":"Feature","properties":{"art":"bar","name":"Haus am Fluss"},"geometry":{"type":"Point","coordinates":[8.52817,47.388883]}},{"type":"Feature","properties":{"art":"buehne","name":"Jugendtreff Kreis 4"},"geometry":{"type":"Point","coordinates":[8.524465,47.379716]}},{"type":"Feature","properties":{"art":"buehne","name":"Debattierhaus Karl der Grosse"},"geometry":{"type":"Point","coordinates":[8.54462,47.369748]}},{"type":"Feature","properties":{"art":"treff","name":"Quartierräume Bullinger"},"geometry":{"type":"Point","coordinates":[8.514607,47.37968]}},{"type":"Feature","properties":{"art":"buehne","name":"Quartiertreff Fluntern"},"geometry":{"type":"Point","coordinates":[8.554287,47.379244]}},{"type":"Feature","properties":{"art":"buehne","name":"Quartiertreff Hüttenkopf"},"geometry":{"type":"Point","coordinates":[8.570395,47.403193]}},{"type":"Feature","properties":{"art":"buehne","name":"Solino"},"geometry":{"type":"Point","coordinates":[8.514564,47.372035]}},{"type":"Feature","properties":{"art":"cafe","name":"Stadtiere"},"geometry":{"type":"Point","coordinates":[8.5221,47.374129]}},{"type":"Feature","properties":{"art":"kunst","name":"FLOW"},"geometry":{"type":"Point","coordinates":[8.519483,47.37364]}},{"type":"Feature","properties":{"art":"kunst"},"geometry":{"type":"Point","coordinates":[8.513447,47.416684]}},{"type":"Feature","properties":{"art":"kunst","name":"Miracolo"},"geometry":{"type":"Point","coordinates":[8.547624,47.3707]}},{"type":"Feature","properties":{"art":"buehne","name":"Kulturhaus Helferei"},"geometry":{"type":"Point","coordinates":[8.544906,47.370268]}},{"type":"Feature","properties":{"art":"restaurant","name":"OASE"},"geometry":{"type":"Point","coordinates":[8.557436,47.36823]}},{"type":"Feature","properties":{"art":"kunst"},"geometry":{"type":"Point","coordinates":[8.44638,47.396099]}},{"type":"Feature","properties":{"art":"kunst","name":"OECO-HOMO-TEXTOR-A-PEDIBUS"},"geometry":{"type":"Point","coordinates":[8.555881,47.369091]}},{"type":"Feature","properties":{"art":"restaurant","name":"Hikari"},"geometry":{"type":"Point","coordinates":[8.522039,47.370922]}},{"type":"Feature","properties":{"art":"restaurant","name":"Shinsen"},"geometry":{"type":"Point","coordinates":[8.521365,47.361405]}},{"type":"Feature","properties":{"art":"treff","name":"GZ Leimbach"},"geometry":{"type":"Point","coordinates":[8.520566,47.339089]}},{"type":"Feature","properties":{"art":"bar","name":"Zwllings Bar"},"geometry":{"type":"Point","coordinates":[8.52827,47.379212]}},{"type":"Feature","properties":{"art":"museum","name":"Havana Galerie"},"geometry":{"type":"Point","coordinates":[8.527635,47.37823]}},{"type":"Feature","properties":{"art":"cafe","name":"Barista Coffee Roasters"},"geometry":{"type":"Point","coordinates":[8.526147,47.376448]}},{"type":"Feature","properties":{"art":"treff","name":"Hong Kong Culture"},"geometry":{"type":"Point","coordinates":[8.529569,47.374958]}},{"type":"Feature","properties":{"art":"cafe","name":"kafi babar"},"geometry":{"type":"Point","coordinates":[8.529729,47.374471]}},{"type":"Feature","properties":{"art":"restaurant","name":"Aleppo Bistro"},"geometry":{"type":"Point","coordinates":[8.539842,47.387536]}},{"type":"Feature","properties":{"art":"restaurant","name":"Bistro Pinto Take Away"},"geometry":{"type":"Point","coordinates":[8.540021,47.387258]}},{"type":"Feature","properties":{"art":"kunst"},"geometry":{"type":"Point","coordinates":[8.553188,47.368731]}},{"type":"Feature","properties":{"art":"restaurant","name":"Restaurant zum weissen Kreuz"},"geometry":{"type":"Point","coordinates":[8.544265,47.369213]}},{"type":"Feature","properties":{"art":"cafe","name":"Resident Café & Eventlocation"},"geometry":{"type":"Point","coordinates":[8.548895,47.362741]}},{"type":"Feature","properties":{"art":"museum","name":"Galerie Soon"},"geometry":{"type":"Point","coordinates":[8.524562,47.373286]}},{"type":"Feature","properties":{"art":"buehne","name":"Maison Shift"},"geometry":{"type":"Point","coordinates":[8.530404,47.376753]}},{"type":"Feature","properties":{"art":"restaurant","name":"Casi Casa"},"geometry":{"type":"Point","coordinates":[8.528901,47.380074]}},{"type":"Feature","properties":{"art":"cafe","name":"Micasa Café"},"geometry":{"type":"Point","coordinates":[8.603428,47.40143]}},{"type":"Feature","properties":{"art":"bar","name":"Heldenbar"},"geometry":{"type":"Point","coordinates":[8.530195,47.387471]}},{"type":"Feature","properties":{"art":"kunst","name":"Lampenhirsch"},"geometry":{"type":"Point","coordinates":[8.490899,47.350209]}},{"type":"Feature","properties":{"art":"kunst","name":"Lampenhirsch"},"geometry":{"type":"Point","coordinates":[8.490814,47.350507]}},{"type":"Feature","properties":{"art":"restaurant","name":"Thai Bogie"},"geometry":{"type":"Point","coordinates":[8.539388,47.417255]}},{"type":"Feature","properties":{"art":"restaurant","name":"roots kitchen"},"geometry":{"type":"Point","coordinates":[8.510408,47.392373]}},{"type":"Feature","properties":{"art":"kunst","name":"Catena di Colori"},"geometry":{"type":"Point","coordinates":[8.553121,47.369602]}},{"type":"Feature","properties":{"art":"restaurant","name":"Apuliami"},"geometry":{"type":"Point","coordinates":[8.609398,47.39597]}},{"type":"Feature","properties":{"art":"cafe","name":"TwoMoons TCG & Geekbar"},"geometry":{"type":"Point","coordinates":[8.597109,47.395618]}},{"type":"Feature","properties":{"art":"kunst"},"geometry":{"type":"Point","coordinates":[8.623894,47.418459]}},{"type":"Feature","properties":{"art":"cafe","name":"Le Petit Marais"},"geometry":{"type":"Point","coordinates":[8.494623,47.389564]}},{"type":"Feature","properties":{"art":"museum","name":"Zunftstadt Zürich"},"geometry":{"type":"Point","coordinates":[8.544815,47.371606]}},{"type":"Feature","properties":{"art":"museum","name":"Luma Westbau"},"geometry":{"type":"Point","coordinates":[8.52491,47.389469]}},{"type":"Feature","properties":{"art":"museum","name":"Schauplatz Brunngasse"},"geometry":{"type":"Point","coordinates":[8.544523,47.373145]}},{"type":"Feature","properties":{"art":"museum","name":"Sammlung Johann Caspar Lavater"},"geometry":{"type":"Point","coordinates":[8.540584,47.371783]}},{"type":"Feature","properties":{"art":"buehne","name":"La Dinamica"},"geometry":{"type":"Point","coordinates":[8.520045,47.395373]}},{"type":"Feature","properties":{"art":"restaurant","name":"Wirtschaft zum Transit"},"geometry":{"type":"Point","coordinates":[8.498499,47.392377]}},{"type":"Feature","properties":{"art":"restaurant","name":"Charlatan Restodisco"},"geometry":{"type":"Point","coordinates":[8.528486,47.379851]}},{"type":"Feature","properties":{"art":"bibliothek","name":"HfH-Bibliothek"},"geometry":{"type":"Point","coordinates":[8.546396,47.402815]}},{"type":"Feature","properties":{"art":"restaurant","name":"Sushi Dou Zollikerberg"},"geometry":{"type":"Point","coordinates":[8.601244,47.350771]}},{"type":"Feature","properties":{"art":"buehne","name":"Forte Fit & Dance"},"geometry":{"type":"Point","coordinates":[8.60138,47.350697]}},{"type":"Feature","properties":{"art":"buehne","name":"Zoa City"},"geometry":{"type":"Point","coordinates":[8.576491,47.375157]}},{"type":"Feature","properties":{"art":"kunst"},"geometry":{"type":"Point","coordinates":[8.623297,47.407604]}},{"type":"Feature","properties":{"art":"kunst"},"geometry":{"type":"Point","coordinates":[8.623349,47.407616]}},{"type":"Feature","properties":{"art":"museum","name":"Galerie Rosenberg"},"geometry":{"type":"Point","coordinates":[8.555478,47.354606]}},{"type":"Feature","properties":{"art":"restaurant","name":"Kawali Asian Restaurant"},"geometry":{"type":"Point","coordinates":[8.619506,47.421769]}},{"type":"Feature","properties":{"art":"bibliothek"},"geometry":{"type":"Point","coordinates":[8.617775,47.425164]}},{"type":"Feature","properties":{"art":"restaurant","name":"Hallo Beirut"},"geometry":{"type":"Point","coordinates":[8.545125,47.409495]}},{"type":"Feature","properties":{"art":"restaurant","name":"L'Adoro"},"geometry":{"type":"Point","coordinates":[8.544871,47.429884]}},{"type":"Feature","properties":{"art":"restaurant","name":"Casa Aurelio"},"geometry":{"type":"Point","coordinates":[8.529744,47.383141]}},{"type":"Feature","properties":{"art":"restaurant","name":"Restaurant Dreieck"},"geometry":{"type":"Point","coordinates":[8.510234,47.364128]}},{"type":"Feature","properties":{"art":"restaurant","name":"Brasserie Suisse"},"geometry":{"type":"Point","coordinates":[8.545265,47.36848]}},{"type":"Feature","properties":{"art":"cafe","name":"Chez Nous"},"geometry":{"type":"Point","coordinates":[8.528909,47.393415]}},{"type":"Feature","properties":{"art":"restaurant","name":"Restaurant Lumar"},"geometry":{"type":"Point","coordinates":[8.497626,47.402151]}},{"type":"Feature","properties":{"art":"cafe","name":"ViCAFE Rösterei & Kaffeebar"},"geometry":{"type":"Point","coordinates":[8.501617,47.388095]}},{"type":"Feature","properties":{"art":"cafe","name":"ViCafe"},"geometry":{"type":"Point","coordinates":[8.52906,47.393513]}},{"type":"Feature","properties":{"art":"restaurant","name":"Chicago 1928"},"geometry":{"type":"Point","coordinates":[8.539627,47.411955]}},{"type":"Feature","properties":{"art":"restaurant","name":"Ameo"},"geometry":{"type":"Point","coordinates":[8.519796,47.371698]}},{"type":"Feature","properties":{"art":"bar","name":"Rampe 52"},"geometry":{"type":"Point","coordinates":[8.438625,47.402988]}},{"type":"Feature","properties":{"art":"restaurant","name":"Da Bella Italia"},"geometry":{"type":"Point","coordinates":[8.499415,47.423208]}},{"type":"Feature","properties":{"art":"restaurant","name":"JIAOZI"},"geometry":{"type":"Point","coordinates":[8.53001,47.382341]}},{"type":"Feature","properties":{"art":"restaurant","name":"Nordstern"},"geometry":{"type":"Point","coordinates":[8.546636,47.42841]}},{"type":"Feature","properties":{"art":"cafe","name":"Maison 33"},"geometry":{"type":"Point","coordinates":[8.552623,47.357273]}},{"type":"Feature","properties":{"art":"cafe","name":"Anny-K"},"geometry":{"type":"Point","coordinates":[8.516534,47.377301]}},{"type":"Feature","properties":{"art":"museum","name":"Jedlitschka Gallery"},"geometry":{"type":"Point","coordinates":[8.55023,47.362466]}},{"type":"Feature","properties":{"art":"museum","name":"Galerie Alexander E. Räber"},"geometry":{"type":"Point","coordinates":[8.544509,47.369205]}},{"type":"Feature","properties":{"art":"museum","name":"sam scherrer contemporary"},"geometry":{"type":"Point","coordinates":[8.553339,47.363694]}},{"type":"Feature","properties":{"art":"museum","name":"Lullin + Ferrari"},"geometry":{"type":"Point","coordinates":[8.527472,47.387772]}},{"type":"Feature","properties":{"art":"museum","name":"Galerie Alex Schlesinger"},"geometry":{"type":"Point","coordinates":[8.533638,47.367801]}},{"type":"Feature","properties":{"art":"buehne","name":"Binz 39"},"geometry":{"type":"Point","coordinates":[8.53358,47.38495]}},{"type":"Feature","properties":{"art":"museum","name":"Galerie König Büro"},"geometry":{"type":"Point","coordinates":[8.509905,47.369726]}},{"type":"Feature","properties":{"art":"kunst"},"geometry":{"type":"Point","coordinates":[8.530129,47.344068]}},{"type":"Feature","properties":{"art":"museum","name":"Last Tango"},"geometry":{"type":"Point","coordinates":[8.528249,47.388842]}},{"type":"Feature","properties":{"art":"museum","name":"Galerie WOS"},"geometry":{"type":"Point","coordinates":[8.545234,47.370203]}},{"type":"Feature","properties":{"art":"museum","name":"Altherr/Weiss"},"geometry":{"type":"Point","coordinates":[8.544492,47.371831]}},{"type":"Feature","properties":{"art":"museum","name":"Popup Galerie Kunstflug"},"geometry":{"type":"Point","coordinates":[8.53712,47.389419]}},{"type":"Feature","properties":{"art":"museum","name":"Barbara Seiler"},"geometry":{"type":"Point","coordinates":[8.546913,47.368079]}},{"type":"Feature","properties":{"art":"museum","name":"Edition VFO, Verein für Originalgraphik"},"geometry":{"type":"Point","coordinates":[8.525376,47.38906]}},{"type":"Feature","properties":{"art":"museum","name":"Hauser & Wirth"},"geometry":{"type":"Point","coordinates":[8.524806,47.389341]}},{"type":"Feature","properties":{"art":"museum","name":"Hauser & Wirth"},"geometry":{"type":"Point","coordinates":[8.546591,47.367973]}},{"type":"Feature","properties":{"art":"museum","name":"annex14"},"geometry":{"type":"Point","coordinates":[8.525034,47.389413]}},{"type":"Feature","properties":{"art":"museum","name":"Lechbinska Gallery"},"geometry":{"type":"Point","coordinates":[8.549548,47.365423]}},{"type":"Feature","properties":{"art":"museum","name":"Nathan Fine Art AG"},"geometry":{"type":"Point","coordinates":[8.560654,47.353471]}},{"type":"Feature","properties":{"art":"museum","name":"Fabian & Claude Walter Galerie"},"geometry":{"type":"Point","coordinates":[8.546947,47.368041]}},{"type":"Feature","properties":{"art":"museum","name":"Galerie Peter Kilchmann AG"},"geometry":{"type":"Point","coordinates":[8.517097,47.386435]}},{"type":"Feature","properties":{"art":"museum","name":"Galerie Lange + Pult"},"geometry":{"type":"Point","coordinates":[8.547174,47.368547]}},{"type":"Feature","properties":{"art":"museum","name":"Galerie Peter Kilchmann AG"},"geometry":{"type":"Point","coordinates":[8.547481,47.368825]}},{"type":"Feature","properties":{"art":"museum","name":"Weiss Falk"},"geometry":{"type":"Point","coordinates":[8.544448,47.382974]}},{"type":"Feature","properties":{"art":"museum","name":"Livie"},"geometry":{"type":"Point","coordinates":[8.537152,47.367881]}},{"type":"Feature","properties":{"art":"buehne","name":"Wartsaal Wipkingen"},"geometry":{"type":"Point","coordinates":[8.52932,47.392986]}},{"type":"Feature","properties":{"art":"museum","name":"Mai 36 Galerie"},"geometry":{"type":"Point","coordinates":[8.547724,47.369082]}},{"type":"Feature","properties":{"art":"museum","name":"Galerie Haas Zürich"},"geometry":{"type":"Point","coordinates":[8.54764,47.368995]}},{"type":"Feature","properties":{"art":"museum","name":"Bernheim x ADZ Gallery"},"geometry":{"type":"Point","coordinates":[8.54728,47.368622]}},{"type":"Feature","properties":{"art":"museum","name":"Galerie Erich Storrer"},"geometry":{"type":"Point","coordinates":[8.544812,47.384232]}},{"type":"Feature","properties":{"art":"restaurant","name":"Kailash Parbat"},"geometry":{"type":"Point","coordinates":[8.537091,47.367958]}},{"type":"Feature","properties":{"art":"museum","name":"Bildhalle"},"geometry":{"type":"Point","coordinates":[8.527594,47.369359]}},{"type":"Feature","properties":{"art":"restaurant","name":"Lalin"},"geometry":{"type":"Point","coordinates":[8.516314,47.374196]}},{"type":"Feature","properties":{"art":"museum","name":"Galerie Eva Presenhuber"},"geometry":{"type":"Point","coordinates":[8.517121,47.386394]}},{"type":"Feature","properties":{"art":"restaurant","name":"Angry Chicken"},"geometry":{"type":"Point","coordinates":[8.522345,47.388757]}},{"type":"Feature","properties":{"art":"museum","name":"Galerie Gregor Staiger"},"geometry":{"type":"Point","coordinates":[8.549806,47.370288]}},{"type":"Feature","properties":{"art":"bar","name":"Robin's coffee"},"geometry":{"type":"Point","coordinates":[8.544465,47.375759]}},{"type":"Feature","properties":{"art":"restaurant","name":"Bimbi's Take Away"},"geometry":{"type":"Point","coordinates":[8.541485,47.382511]}},{"type":"Feature","properties":{"art":"museum","name":"a publik"},"geometry":{"type":"Point","coordinates":[8.520066,47.385401]}},{"type":"Feature","properties":{"art":"museum","name":"Dienstgebäude"},"geometry":{"type":"Point","coordinates":[8.514693,47.359602]}},{"type":"Feature","properties":{"art":"buehne","name":"theater anundpfirsich"},"geometry":{"type":"Point","coordinates":[8.514793,47.359596]}},{"type":"Feature","properties":{"art":"museum","name":"Ngala"},"geometry":{"type":"Point","coordinates":[8.531932,47.359156]}},{"type":"Feature","properties":{"art":"buehne","name":"Salsa People"},"geometry":{"type":"Point","coordinates":[8.479117,47.394948]}},{"type":"Feature","properties":{"art":"museum","name":"Window of Fame"},"geometry":{"type":"Point","coordinates":[8.519437,47.372994]}},{"type":"Feature","properties":{"art":"cafe","name":"Nude"},"geometry":{"type":"Point","coordinates":[8.530295,47.388657]}},{"type":"Feature","properties":{"art":"bar","name":"Roter Delfin"},"geometry":{"type":"Point","coordinates":[8.524983,47.375663]}},{"type":"Feature","properties":{"art":"kunst"},"geometry":{"type":"Point","coordinates":[8.61464,47.420121]}},{"type":"Feature","properties":{"art":"restaurant","name":"MO Jasmine Restaurant"},"geometry":{"type":"Point","coordinates":[8.487759,47.38724]}},{"type":"Feature","properties":{"art":"kunst"},"geometry":{"type":"Point","coordinates":[8.617255,47.425472]}},{"type":"Feature","properties":{"art":"kunst"},"geometry":{"type":"Point","coordinates":[8.618884,47.426983]}},{"type":"Feature","properties":{"art":"restaurant","name":"Lo-Mo"},"geometry":{"type":"Point","coordinates":[8.525912,47.313317]}},{"type":"Feature","properties":{"art":"restaurant","name":"Casa Alegria"},"geometry":{"type":"Point","coordinates":[8.566333,47.433771]}},{"type":"Feature","properties":{"art":"kunst"},"geometry":{"type":"Point","coordinates":[8.614047,47.422111]}},{"type":"Feature","properties":{"art":"kunst"},"geometry":{"type":"Point","coordinates":[8.619348,47.4219]}},{"type":"Feature","properties":{"art":"restaurant","name":"Kaisin"},"geometry":{"type":"Point","coordinates":[8.547829,47.363958]}},{"type":"Feature","properties":{"art":"restaurant","name":"Banhmi Bao"},"geometry":{"type":"Point","coordinates":[8.547044,47.409336]}},{"type":"Feature","properties":{"art":"cafe","name":"LOKAL"},"geometry":{"type":"Point","coordinates":[8.530811,47.393331]}},{"type":"Feature","properties":{"art":"cafe","name":"Bäckerei Hausammann"},"geometry":{"type":"Point","coordinates":[8.575697,47.337672]}},{"type":"Feature","properties":{"art":"cafe","name":"Cake Friends"},"geometry":{"type":"Point","coordinates":[8.523193,47.35864]}},{"type":"Feature","properties":{"art":"museum","name":"Thalberg Galerie"},"geometry":{"type":"Point","coordinates":[8.549675,47.370683]}},{"type":"Feature","properties":{"art":"museum","name":"Galerie Ziegler"},"geometry":{"type":"Point","coordinates":[8.549303,47.370225]}},{"type":"Feature","properties":{"art":"museum","name":"Galerie Maurer"},"geometry":{"type":"Point","coordinates":[8.544651,47.371162]}},{"type":"Feature","properties":{"art":"museum","name":"Häusler Contemporary"},"geometry":{"type":"Point","coordinates":[8.542231,47.380886]}},{"type":"Feature","properties":{"art":"restaurant","name":"Restaurant Soodhof"},"geometry":{"type":"Point","coordinates":[8.521702,47.319772]}},{"type":"Feature","properties":{"art":"kunst","name":"Abstrakte Bepflanzung"},"geometry":{"type":"Point","coordinates":[8.496249,47.388574]}},{"type":"Feature","properties":{"art":"bibliothek","name":"Bibliothek Regensdorf"},"geometry":{"type":"Point","coordinates":[8.469356,47.434255]}},{"type":"Feature","properties":{"art":"cafe","name":"Bang On"},"geometry":{"type":"Point","coordinates":[8.531948,47.374081]}},{"type":"Feature","properties":{"art":"bar","name":"Altstadt Bar"},"geometry":{"type":"Point","coordinates":[8.544092,47.369356]}},{"type":"Feature","properties":{"art":"restaurant","name":"Reserva Lounge"},"geometry":{"type":"Point","coordinates":[8.544035,47.369436]}},{"type":"Feature","properties":{"art":"kunst"},"geometry":{"type":"Point","coordinates":[8.517583,47.391881]}},{"type":"Feature","properties":{"art":"restaurant","name":"Da Vinci"},"geometry":{"type":"Point","coordinates":[8.555513,47.418242]}},{"type":"Feature","properties":{"art":"bar","name":"New Point Shisha"},"geometry":{"type":"Point","coordinates":[8.545313,47.414202]}},{"type":"Feature","properties":{"art":"bar","name":"Jao Praya Bar"},"geometry":{"type":"Point","coordinates":[8.547463,47.409239]}},{"type":"Feature","properties":{"art":"bar","name":"ExKinoBar"},"geometry":{"type":"Point","coordinates":[8.545469,47.408908]}},{"type":"Feature","properties":{"art":"bar","name":"Bar Laguna"},"geometry":{"type":"Point","coordinates":[8.546909,47.417732]}},{"type":"Feature","properties":{"art":"kunst","name":"Tree House"},"geometry":{"type":"Point","coordinates":[8.486343,47.380128]}},{"type":"Feature","properties":{"art":"kunst","name":"La Rivière"},"geometry":{"type":"Point","coordinates":[8.535094,47.371817]}},{"type":"Feature","properties":{"art":"bar","name":"Sektor 11 | Eventhalle Zürich Nord"},"geometry":{"type":"Point","coordinates":[8.554245,47.412463]}},{"type":"Feature","properties":{"art":"museum","name":"Studio Omelani Art Gallery Beauty & Massage"},"geometry":{"type":"Point","coordinates":[8.544446,47.378636]}},{"type":"Feature","properties":{"art":"cafe","name":"Ahoi!"},"geometry":{"type":"Point","coordinates":[8.517597,47.388873]}},{"type":"Feature","properties":{"art":"cafe","name":"Po`di più Bistro Sihlhof"},"geometry":{"type":"Point","coordinates":[8.533939,47.37669]}},{"type":"Feature","properties":{"art":"bar","name":"Nebu"},"geometry":{"type":"Point","coordinates":[8.509449,47.370058]}},{"type":"Feature","properties":{"art":"restaurant","name":"Akaraka"},"geometry":{"type":"Point","coordinates":[8.527962,47.37386]}},{"type":"Feature","properties":{"art":"kunst","name":"Hasenohren"},"geometry":{"type":"Point","coordinates":[8.570607,47.351765]}},{"type":"Feature","properties":{"art":"kunst"},"geometry":{"type":"Point","coordinates":[8.618199,47.424599]}},{"type":"Feature","properties":{"art":"restaurant","name":"Kantine F+F"},"geometry":{"type":"Point","coordinates":[8.492736,47.381843]}},{"type":"Feature","properties":{"art":"kunst","name":"Bagues"},"geometry":{"type":"Point","coordinates":[8.548552,47.378486]}},{"type":"Feature","properties":{"art":"kunst","name":"Bagues"},"geometry":{"type":"Point","coordinates":[8.548551,47.378212]}},{"type":"Feature","properties":{"art":"cafe","name":"Spuntino"},"geometry":{"type":"Point","coordinates":[8.557666,47.354671]}},{"type":"Feature","properties":{"art":"restaurant","name":"Han Kitchen"},"geometry":{"type":"Point","coordinates":[8.542448,47.409657]}},{"type":"Feature","properties":{"art":"kunst"},"geometry":{"type":"Point","coordinates":[8.585568,47.358425]}},{"type":"Feature","properties":{"art":"kunst","name":"Stühlchen"},"geometry":{"type":"Point","coordinates":[8.497454,47.359152]}},{"type":"Feature","properties":{"art":"kunst"},"geometry":{"type":"Point","coordinates":[8.548348,47.373635]}},{"type":"Feature","properties":{"art":"kunst"},"geometry":{"type":"Point","coordinates":[8.534344,47.369979]}},{"type":"Feature","properties":{"art":"kunst"},"geometry":{"type":"Point","coordinates":[8.548883,47.373739]}},{"type":"Feature","properties":{"art":"restaurant","name":"Stadthaus"},"geometry":{"type":"Point","coordinates":[8.527928,47.31321]}},{"type":"Feature","properties":{"art":"bar","name":"Kult Shisha Lounge"},"geometry":{"type":"Point","coordinates":[8.546838,47.414561]}},{"type":"Feature","properties":{"art":"bar","name":"Balkan"},"geometry":{"type":"Point","coordinates":[8.546829,47.414354]}},{"type":"Feature","properties":{"art":"cafe","name":"BJK Çarsi"},"geometry":{"type":"Point","coordinates":[8.546822,47.414243]}},{"type":"Feature","properties":{"art":"buehne","name":"memox"},"geometry":{"type":"Point","coordinates":[8.533371,47.376991]}},{"type":"Feature","properties":{"art":"kunst"},"geometry":{"type":"Point","coordinates":[8.557659,47.351806]}},{"type":"Feature","properties":{"art":"restaurant","name":"Pizza Bella"},"geometry":{"type":"Point","coordinates":[8.434701,47.390863]}},{"type":"Feature","properties":{"art":"restaurant","name":"Lia Siam"},"geometry":{"type":"Point","coordinates":[8.540959,47.397306]}},{"type":"Feature","properties":{"art":"cafe","name":"Atomix"},"geometry":{"type":"Point","coordinates":[8.536188,47.367887]}},{"type":"Feature","properties":{"art":"museum","name":"Je Vous Propose"},"geometry":{"type":"Point","coordinates":[8.526545,47.376914]}},{"type":"Feature","properties":{"art":"cafe","name":"Nata & Café"},"geometry":{"type":"Point","coordinates":[8.525875,47.41156]}},{"type":"Feature","properties":{"art":"cafe","name":"Glückbar Café"},"geometry":{"type":"Point","coordinates":[8.520172,47.413609]}},{"type":"Feature","properties":{"art":"cafe","name":"Marfa"},"geometry":{"type":"Point","coordinates":[8.560941,47.362046]}},{"type":"Feature","properties":{"art":"restaurant","name":"Archimedes"},"geometry":{"type":"Point","coordinates":[8.553217,47.377387]}},{"type":"Feature","properties":{"art":"treff","name":"Stereo"},"geometry":{"type":"Point","coordinates":[8.525493,47.373252]}},{"type":"Feature","properties":{"art":"restaurant","name":"Namaste Himalaya Restaurant"},"geometry":{"type":"Point","coordinates":[8.533962,47.381777]}},{"type":"Feature","properties":{"art":"cafe","name":"Flair"},"geometry":{"type":"Point","coordinates":[8.612409,47.40243]}},{"type":"Feature","properties":{"art":"kunst","name":"Not to Get Lost"},"geometry":{"type":"Point","coordinates":[8.613081,47.402714]}},{"type":"Feature","properties":{"art":"kunst"},"geometry":{"type":"Point","coordinates":[8.55284,47.371944]}},{"type":"Feature","properties":{"art":"restaurant","name":"Grand’in Trattoria & Pizzeria"},"geometry":{"type":"Point","coordinates":[8.630984,47.323312]}},{"type":"Feature","properties":{"art":"restaurant","name":"Fabio's Restaurant"},"geometry":{"type":"Point","coordinates":[8.597761,47.316326]}},{"type":"Feature","properties":{"art":"restaurant","name":"La Regina"},"geometry":{"type":"Point","coordinates":[8.552537,47.402335]}},{"type":"Feature","properties":{"art":"kunst"},"geometry":{"type":"Point","coordinates":[8.554596,47.354987]}},{"type":"Feature","properties":{"art":"cafe","name":"Kafi Mühli"},"geometry":{"type":"Point","coordinates":[8.573344,47.360045]}},{"type":"Feature","properties":{"art":"bar","name":"Cigar Bar"},"geometry":{"type":"Point","coordinates":[8.541656,47.371233]}},{"type":"Feature","properties":{"art":"kunst"},"geometry":{"type":"Point","coordinates":[8.553357,47.376564]}},{"type":"Feature","properties":{"art":"kunst","name":"Löwin"},"geometry":{"type":"Point","coordinates":[8.511783,47.417621]}},{"type":"Feature","properties":{"art":"restaurant","name":"Hang Cheng"},"geometry":{"type":"Point","coordinates":[8.468581,47.4313]}},{"type":"Feature","properties":{"art":"bar","name":"Bar 5"},"geometry":{"type":"Point","coordinates":[8.468519,47.431496]}},{"type":"Feature","properties":{"art":"cafe","name":"Gottlieber"},"geometry":{"type":"Point","coordinates":[8.469415,47.430863]}},{"type":"Feature","properties":{"art":"cafe","name":"Kafi Carl"},"geometry":{"type":"Point","coordinates":[8.580635,47.318486]}},{"type":"Feature","properties":{"art":"buehne","name":"Siedlungslokal Klee GBMZ"},"geometry":{"type":"Point","coordinates":[8.501766,47.423615]}},{"type":"Feature","properties":{"art":"buehne","name":"Siedlungslokal Klee BGH"},"geometry":{"type":"Point","coordinates":[8.5008,47.424307]}},{"type":"Feature","properties":{"art":"restaurant","name":"Izabela's Kitchen"},"geometry":{"type":"Point","coordinates":[8.508552,47.329158]}},{"type":"Feature","properties":{"art":"bar","name":"Rex Musenhof"},"geometry":{"type":"Point","coordinates":[8.529745,47.340102]}},{"type":"Feature","properties":{"art":"restaurant","name":"Oceano"},"geometry":{"type":"Point","coordinates":[8.450252,47.397818]}},{"type":"Feature","properties":{"art":"kunst"},"geometry":{"type":"Point","coordinates":[8.465669,47.421422]}},{"type":"Feature","properties":{"art":"restaurant","name":"Enjoy"},"geometry":{"type":"Point","coordinates":[8.458957,47.399392]}},{"type":"Feature","properties":{"art":"kunst"},"geometry":{"type":"Point","coordinates":[8.459043,47.399026]}},{"type":"Feature","properties":{"art":"restaurant","name":"La Taqueria"},"geometry":{"type":"Point","coordinates":[8.486242,47.388621]}},{"type":"Feature","properties":{"art":"kino","name":"Academy, Zürich"},"geometry":{"type":"Point","coordinates":[8.543861,47.373069]}},{"type":"Feature","properties":{"art":"restaurant","name":"Piazza 106"},"geometry":{"type":"Point","coordinates":[8.485991,47.393106]}},{"type":"Feature","properties":{"art":"kunst"},"geometry":{"type":"Point","coordinates":[8.514915,47.358189]}},{"type":"Feature","properties":{"art":"kunst"},"geometry":{"type":"Point","coordinates":[8.569698,47.337489]}},{"type":"Feature","properties":{"art":"restaurant","name":"Edi"},"geometry":{"type":"Point","coordinates":[8.539272,47.388653]}},{"type":"Feature","properties":{"art":"treff","name":"Feministisches Streikhaus"},"geometry":{"type":"Point","coordinates":[8.5345,47.38448]}},{"type":"Feature","properties":{"art":"bar","name":"Mojo Bar"},"geometry":{"type":"Point","coordinates":[8.546527,47.410881]}},{"type":"Feature","properties":{"art":"cafe","name":"Commercial - The Project Bahnhofstrasse"},"geometry":{"type":"Point","coordinates":[8.538495,47.374721]}},{"type":"Feature","properties":{"art":"kunst","name":"Güggel-Plastik (1979)"},"geometry":{"type":"Point","coordinates":[8.540857,47.317955]}},{"type":"Feature","properties":{"art":"kunst","name":"Laurent"},"geometry":{"type":"Point","coordinates":[8.542038,47.316403]}},{"type":"Feature","properties":{"art":"kunst","name":"Engelskindergrab"},"geometry":{"type":"Point","coordinates":[8.541643,47.316463]}},{"type":"Feature","properties":{"art":"cafe","name":"Arb & Art"},"geometry":{"type":"Point","coordinates":[8.559018,47.430835]}},{"type":"Feature","properties":{"art":"restaurant","name":"Knödl"},"geometry":{"type":"Point","coordinates":[8.524639,47.379162]}},{"type":"Feature","properties":{"art":"restaurant","name":"Yilong Asia"},"geometry":{"type":"Point","coordinates":[8.525,47.379833]}},{"type":"Feature","properties":{"art":"kunst"},"geometry":{"type":"Point","coordinates":[8.553084,47.377277]}},{"type":"Feature","properties":{"art":"cafe","name":"Latte Stories"},"geometry":{"type":"Point","coordinates":[8.554832,47.414684]}},{"type":"Feature","properties":{"art":"museum","name":"Art Dock Zürich"},"geometry":{"type":"Point","coordinates":[8.515979,47.383474]}},{"type":"Feature","properties":{"art":"kunst"},"geometry":{"type":"Point","coordinates":[8.531552,47.319138]}},{"type":"Feature","properties":{"art":"bar","name":"Il Centro"},"geometry":{"type":"Point","coordinates":[8.6177,47.423914]}},{"type":"Feature","properties":{"art":"restaurant","name":"Intermezzo"},"geometry":{"type":"Point","coordinates":[8.492561,47.383733]}},{"type":"Feature","properties":{"art":"kunst","name":"Towers"},"geometry":{"type":"Point","coordinates":[8.522605,47.390463]}},{"type":"Feature","properties":{"art":"buehne","name":"Schloss Sihlberg"},"geometry":{"type":"Point","coordinates":[8.524953,47.363308]}},{"type":"Feature","properties":{"art":"restaurant","name":"Urbansurf Zurich"},"geometry":{"type":"Point","coordinates":[8.520035,47.385013]}},{"type":"Feature","properties":{"art":"cafe","name":"Klopstock Cafe Bar"},"geometry":{"type":"Point","coordinates":[8.525802,47.361979]}},{"type":"Feature","properties":{"art":"treff","name":"VSETH"},"geometry":{"type":"Point","coordinates":[8.506347,47.407334]}},{"type":"Feature","properties":{"art":"cafe","name":"CREAM Coffee Bar Food"},"geometry":{"type":"Point","coordinates":[8.52331,47.387377]}},{"type":"Feature","properties":{"art":"buehne","name":"Theater Ida"},"geometry":{"type":"Point","coordinates":[8.496463,47.392839]}},{"type":"Feature","properties":{"art":"kunst","name":"Spielende Kinder"},"geometry":{"type":"Point","coordinates":[8.521339,47.414927]}},{"type":"Feature","properties":{"art":"buehne","name":"Amboss Garage"},"geometry":{"type":"Point","coordinates":[8.531426,47.381433]}},{"type":"Feature","properties":{"art":"treff","name":"Schenkhaus"},"geometry":{"type":"Point","coordinates":[8.553473,47.359645]}},{"type":"Feature","properties":{"art":"restaurant","name":"Ooki Temporary"},"geometry":{"type":"Point","coordinates":[8.51695,47.386311]}},{"type":"Feature","properties":{"art":"buehne","name":"MOYOSHIMONO"},"geometry":{"type":"Point","coordinates":[8.516639,47.386291]}},{"type":"Feature","properties":{"art":"bar"},"geometry":{"type":"Point","coordinates":[8.5585,47.417839]}},{"type":"Feature","properties":{"art":"cafe","name":"Lalere"},"geometry":{"type":"Point","coordinates":[8.520525,47.369402]}},{"type":"Feature","properties":{"art":"kunst","name":"Spiderman"},"geometry":{"type":"Point","coordinates":[8.516289,47.363909]}},{"type":"Feature","properties":{"art":"restaurant","name":"Neri"},"geometry":{"type":"Point","coordinates":[8.531598,47.392272]}},{"type":"Feature","properties":{"art":"restaurant","name":"Restaurant Feldhof"},"geometry":{"type":"Point","coordinates":[8.619576,47.363996]}},{"type":"Feature","properties":{"art":"museum","name":"20km/h"},"geometry":{"type":"Point","coordinates":[8.498171,47.383618]}},{"type":"Feature","properties":{"art":"kunst"},"geometry":{"type":"Point","coordinates":[8.567698,47.382267]}},{"type":"Feature","properties":{"art":"kunst"},"geometry":{"type":"Point","coordinates":[8.567633,47.382313]}},{"type":"Feature","properties":{"art":"kunst"},"geometry":{"type":"Point","coordinates":[8.567588,47.382261]}},{"type":"Feature","properties":{"art":"kunst"},"geometry":{"type":"Point","coordinates":[8.567552,47.382374]}},{"type":"Feature","properties":{"art":"kunst"},"geometry":{"type":"Point","coordinates":[8.568026,47.382226]}},{"type":"Feature","properties":{"art":"kunst"},"geometry":{"type":"Point","coordinates":[8.56789,47.382193]}},{"type":"Feature","properties":{"art":"kunst"},"geometry":{"type":"Point","coordinates":[8.567325,47.382412]}},{"type":"Feature","properties":{"art":"kunst"},"geometry":{"type":"Point","coordinates":[8.567815,47.382263]}},{"type":"Feature","properties":{"art":"kunst"},"geometry":{"type":"Point","coordinates":[8.567908,47.382292]}},{"type":"Feature","properties":{"art":"kunst"},"geometry":{"type":"Point","coordinates":[8.567695,47.382302]}},{"type":"Feature","properties":{"art":"kunst"},"geometry":{"type":"Point","coordinates":[8.567688,47.382211]}},{"type":"Feature","properties":{"art":"kunst"},"geometry":{"type":"Point","coordinates":[8.567422,47.382407]}},{"type":"Feature","properties":{"art":"restaurant","name":"Chriesihoger"},"geometry":{"type":"Point","coordinates":[8.44066,47.414153]}},{"type":"Feature","properties":{"art":"museum","name":"FCZ Museum"},"geometry":{"type":"Point","coordinates":[8.532559,47.37717]}},{"type":"Feature","properties":{"art":"restaurant","name":"Luna Stella"},"geometry":{"type":"Point","coordinates":[8.43666,47.354558]}},{"type":"Feature","properties":{"art":"restaurant","name":"Sapori Antichi"},"geometry":{"type":"Point","coordinates":[8.437103,47.353281]}},{"type":"Feature","properties":{"art":"cafe"},"geometry":{"type":"Point","coordinates":[8.534527,47.370868]}},{"type":"Feature","properties":{"art":"restaurant","name":"Spoon Thai Kitchen"},"geometry":{"type":"Point","coordinates":[8.533352,47.363263]}},{"type":"Feature","properties":{"art":"restaurant","name":"Tara"},"geometry":{"type":"Point","coordinates":[8.619895,47.413563]}},{"type":"Feature","properties":{"art":"restaurant","name":"Amigos Tapas"},"geometry":{"type":"Point","coordinates":[8.544135,47.37359]}},{"type":"Feature","properties":{"art":"restaurant","name":"Weera Pura"},"geometry":{"type":"Point","coordinates":[8.553118,47.357179]}},{"type":"Feature","properties":{"art":"restaurant","name":"Vitabella"},"geometry":{"type":"Point","coordinates":[8.55516,47.417576]}},{"type":"Feature","properties":{"art":"restaurant","name":"ALBA"},"geometry":{"type":"Point","coordinates":[8.500958,47.368624]}},{"type":"Feature","properties":{"art":"cafe","name":"Méli"},"geometry":{"type":"Point","coordinates":[8.546171,47.427069]}},{"type":"Feature","properties":{"art":"restaurant","name":"Mikuriya"},"geometry":{"type":"Point","coordinates":[8.573398,47.372823]}},{"type":"Feature","properties":{"art":"bar","name":"Canvas Bar & Lounge"},"geometry":{"type":"Point","coordinates":[8.573421,47.372722]}},{"type":"Feature","properties":{"art":"restaurant","name":"Saltz"},"geometry":{"type":"Point","coordinates":[8.572901,47.372748]}},{"type":"Feature","properties":{"art":"restaurant","name":"The Restaurant"},"geometry":{"type":"Point","coordinates":[8.572751,47.372725]}},{"type":"Feature","properties":{"art":"restaurant","name":"Widder Restaurant"},"geometry":{"type":"Point","coordinates":[8.539968,47.372268]}},{"type":"Feature","properties":{"art":"restaurant","name":"Flavour Kitchen"},"geometry":{"type":"Point","coordinates":[8.526986,47.371909]}},{"type":"Feature","properties":{"art":"restaurant","name":"Santa Lucia"},"geometry":{"type":"Point","coordinates":[8.484841,47.388287]}},{"type":"Feature","properties":{"art":"treff","name":"Allmend Träff"},"geometry":{"type":"Point","coordinates":[8.461027,47.372849]}},{"type":"Feature","properties":{"art":"treff","name":"Jugendtreff"},"geometry":{"type":"Point","coordinates":[8.461003,47.37273]}},{"type":"Feature","properties":{"art":"buehne","name":"Tanzhalle"},"geometry":{"type":"Point","coordinates":[8.491254,47.378543]}},{"type":"Feature","properties":{"art":"restaurant","name":"Hungry Duck"},"geometry":{"type":"Point","coordinates":[8.526895,47.377744]}},{"type":"Feature","properties":{"art":"treff","name":"Evangelische Gemeinde Albisrieden"},"geometry":{"type":"Point","coordinates":[8.482633,47.37412]}},{"type":"Feature","properties":{"art":"restaurant","name":"Razzia Restaurant"},"geometry":{"type":"Point","coordinates":[8.551652,47.360812]}},{"type":"Feature","properties":{"art":"kunst"},"geometry":{"type":"Point","coordinates":[8.545263,47.424306]}},{"type":"Feature","properties":{"art":"kunst"},"geometry":{"type":"Point","coordinates":[8.548005,47.421598]}},{"type":"Feature","properties":{"art":"cafe","name":"Stettbacher"},"geometry":{"type":"Point","coordinates":[8.598672,47.395992]}},{"type":"Feature","properties":{"art":"kunst"},"geometry":{"type":"Point","coordinates":[8.44821,47.40002]}},{"type":"Feature","properties":{"art":"restaurant","name":"The South Indian"},"geometry":{"type":"Point","coordinates":[8.544142,47.374139]}},{"type":"Feature","properties":{"art":"treff","name":"Eichbühl"},"geometry":{"type":"Point","coordinates":[8.472746,47.382591]}},{"type":"Feature","properties":{"art":"museum","name":"Galerie & Edition Stephan Witschi"},"geometry":{"type":"Point","coordinates":[8.527576,47.387699]}},{"type":"Feature","properties":{"art":"bar","name":"Mora-Mora Bar"},"geometry":{"type":"Point","coordinates":[8.5784,47.384186]}},{"type":"Feature","properties":{"art":"cafe","name":"The Mix Movement"},"geometry":{"type":"Point","coordinates":[8.559308,47.352437]}},{"type":"Feature","properties":{"art":"kunst","name":"KUPPER MODERN"},"geometry":{"type":"Point","coordinates":[8.529181,47.378067]}},{"type":"Feature","properties":{"art":"restaurant","name":"Karmi's"},"geometry":{"type":"Point","coordinates":[8.529621,47.378043]}},{"type":"Feature","properties":{"art":"treff","name":"Studio For Food Culture"},"geometry":{"type":"Point","coordinates":[8.528959,47.378373]}},{"type":"Feature","properties":{"art":"bar","name":"J.B. LABAT"},"geometry":{"type":"Point","coordinates":[8.528705,47.37872]}},{"type":"Feature","properties":{"art":"kunst"},"geometry":{"type":"Point","coordinates":[8.532425,47.370554]}},{"type":"Feature","properties":{"art":"restaurant","name":"La Rosa Bianca"},"geometry":{"type":"Point","coordinates":[8.57608,47.40311]}},{"type":"Feature","properties":{"art":"kunst","name":"Liegender Hirsch (Bank)"},"geometry":{"type":"Point","coordinates":[8.491574,47.349477]}},{"type":"Feature","properties":{"art":"kunst","name":"Holzfäller"},"geometry":{"type":"Point","coordinates":[8.468705,47.365569]}},{"type":"Feature","properties":{"art":"cafe"},"geometry":{"type":"Point","coordinates":[8.567676,47.422018]}},{"type":"Feature","properties":{"art":"bar","name":"Maedre Bar & Cafe"},"geometry":{"type":"Point","coordinates":[8.506158,47.419398]}},{"type":"Feature","properties":{"art":"treff","name":"GZ Seebach Standort Leutschenbach"},"geometry":{"type":"Point","coordinates":[8.558346,47.417128]}},{"type":"Feature","properties":{"art":"kunst","name":"Pilz"},"geometry":{"type":"Point","coordinates":[8.496239,47.347525]}},{"type":"Feature","properties":{"art":"kunst","name":"Tanne"},"geometry":{"type":"Point","coordinates":[8.495795,47.347706]}},{"type":"Feature","properties":{"art":"kunst","name":"Alte Glocker der Kirche"},"geometry":{"type":"Point","coordinates":[8.532648,47.343225]}},{"type":"Feature","properties":{"art":"kunst"},"geometry":{"type":"Point","coordinates":[8.470657,47.38409]}},{"type":"Feature","properties":{"art":"kunst","name":"Shining Dog"},"geometry":{"type":"Point","coordinates":[8.491106,47.388038]}},{"type":"Feature","properties":{"art":"kunst","name":"The Family Dog"},"geometry":{"type":"Point","coordinates":[8.482614,47.391644]}},{"type":"Feature","properties":{"art":"kunst"},"geometry":{"type":"Point","coordinates":[8.54261,47.316538]}},{"type":"Feature","properties":{"art":"kunst","name":"Schreitender Jüngling"},"geometry":{"type":"Point","coordinates":[8.532231,47.352203]}},{"type":"Feature","properties":{"art":"kunst","name":"Liegende"},"geometry":{"type":"Point","coordinates":[8.532795,47.353493]}},{"type":"Feature","properties":{"art":"kunst","name":"Stehendes Mädchen"},"geometry":{"type":"Point","coordinates":[8.532348,47.353148]}},{"type":"Feature","properties":{"art":"kunst"},"geometry":{"type":"Point","coordinates":[8.537092,47.319584]}},{"type":"Feature","properties":{"art":"kunst"},"geometry":{"type":"Point","coordinates":[8.533129,47.33849]}},{"type":"Feature","properties":{"art":"restaurant","name":"Borderless Kitchen popup"},"geometry":{"type":"Point","coordinates":[8.52843,47.383701]}},{"type":"Feature","properties":{"art":"kunst","name":"Arlecchino in attesa"},"geometry":{"type":"Point","coordinates":[8.532469,47.353305]}},{"type":"Feature","properties":{"art":"kunst"},"geometry":{"type":"Point","coordinates":[8.5394,47.373103]}},{"type":"Feature","properties":{"art":"kunst"},"geometry":{"type":"Point","coordinates":[8.540916,47.372087]}},{"type":"Feature","properties":{"art":"kunst"},"geometry":{"type":"Point","coordinates":[8.547515,47.361621]}},{"type":"Feature","properties":{"art":"cafe","name":"DRAFT. Coffee"},"geometry":{"type":"Point","coordinates":[8.558121,47.354686]}},{"type":"Feature","properties":{"art":"kunst"},"geometry":{"type":"Point","coordinates":[8.526408,47.385083]}},{"type":"Feature","properties":{"art":"kunst"},"geometry":{"type":"Point","coordinates":[8.534373,47.370694]}},{"type":"Feature","properties":{"art":"kunst"},"geometry":{"type":"Point","coordinates":[8.467201,47.431554]}},{"type":"Feature","properties":{"art":"restaurant","name":"BaoBae"},"geometry":{"type":"Point","coordinates":[8.515068,47.376039]}},{"type":"Feature","properties":{"art":"cafe","name":"Zimkaffee"},"geometry":{"type":"Point","coordinates":[8.54549,47.368103]}},{"type":"Feature","properties":{"art":"bar","name":"Tosca"},"geometry":{"type":"Point","coordinates":[8.542039,47.41022]}},{"type":"Feature","properties":{"art":"kunst"},"geometry":{"type":"Point","coordinates":[8.468062,47.377296]}},{"type":"Feature","properties":{"art":"cafe","name":"Board Yard Café"},"geometry":{"type":"Point","coordinates":[8.527159,47.358308]}},{"type":"Feature","properties":{"art":"kunst"},"geometry":{"type":"Point","coordinates":[8.54711,47.397827]}},{"type":"Feature","properties":{"art":"restaurant","name":"baba’s döner"},"geometry":{"type":"Point","coordinates":[8.546293,47.41129]}},{"type":"Feature","properties":{"art":"museum","name":"Fame Gallery"},"geometry":{"type":"Point","coordinates":[8.538536,47.368215]}},{"type":"Feature","properties":{"art":"bar","name":"Late Bloomers"},"geometry":{"type":"Point","coordinates":[8.528527,47.377793]}},{"type":"Feature","properties":{"art":"buehne","name":"Raum 236"},"geometry":{"type":"Point","coordinates":[8.506631,47.39322]}},{"type":"Feature","properties":{"art":"restaurant","name":"Tiny Fish"},"geometry":{"type":"Point","coordinates":[8.543606,47.410869]}},{"type":"Feature","properties":{"art":"cafe","name":"ViCAFE"},"geometry":{"type":"Point","coordinates":[8.543508,47.410835]}},{"type":"Feature","properties":{"art":"restaurant","name":"Spoon Schiffbau"},"geometry":{"type":"Point","coordinates":[8.519066,47.388455]}},{"type":"Feature","properties":{"art":"kunst"},"geometry":{"type":"Point","coordinates":[8.530798,47.429512]}},{"type":"Feature","properties":{"art":"kunst"},"geometry":{"type":"Point","coordinates":[8.520059,47.418064]}},{"type":"Feature","properties":{"art":"cafe","name":"Starbucks"},"geometry":{"type":"Point","coordinates":[8.543729,47.410907]}},{"type":"Feature","properties":{"art":"restaurant","name":"Molino"},"geometry":{"type":"Point","coordinates":[8.539898,47.317134]}},{"type":"Feature","properties":{"art":"kunst"},"geometry":{"type":"Point","coordinates":[8.522588,47.407449]}},{"type":"Feature","properties":{"art":"cafe","name":"CouCou"},"geometry":{"type":"Point","coordinates":[8.526989,47.385635]}},{"type":"Feature","properties":{"art":"kunst","name":"Anthropozän"},"geometry":{"type":"Point","coordinates":[8.487138,47.379757]}},{"type":"Feature","properties":{"art":"kunst","name":"Bêché"},"geometry":{"type":"Point","coordinates":[8.495669,47.375472]}},{"type":"Feature","properties":{"art":"cafe","name":"Zum Neubühlgeischt"},"geometry":{"type":"Point","coordinates":[8.534979,47.33314]}},{"type":"Feature","properties":{"art":"kunst","name":"Eicheln und Blatt"},"geometry":{"type":"Point","coordinates":[8.504788,47.340473]}},{"type":"Feature","properties":{"art":"restaurant","name":"Conrad"},"geometry":{"type":"Point","coordinates":[8.536463,47.372917]}},{"type":"Feature","properties":{"art":"restaurant","name":"Mama Shelter Restaurant"},"geometry":{"type":"Point","coordinates":[8.543992,47.410872]}},{"type":"Feature","properties":{"art":"restaurant","name":"Miso Bar Binz"},"geometry":{"type":"Point","coordinates":[8.513432,47.362094]}},{"type":"Feature","properties":{"art":"restaurant","name":"Maru"},"geometry":{"type":"Point","coordinates":[8.526743,47.378971]}},{"type":"Feature","properties":{"art":"museum","name":"Panasia Gallery"},"geometry":{"type":"Point","coordinates":[8.525,47.388864]}},{"type":"Feature","properties":{"art":"restaurant","name":"Hien's Kitchen"},"geometry":{"type":"Point","coordinates":[8.431028,47.397332]}},{"type":"Feature","properties":{"art":"cafe","name":"Stolzehüsli"},"geometry":{"type":"Point","coordinates":[8.546992,47.385867]}},{"type":"Feature","properties":{"art":"buehne","name":"X-TRA Musikcafé"},"geometry":{"type":"Point","coordinates":[8.532717,47.384017]}},{"type":"Feature","properties":{"art":"museum","name":"Black print gallery"},"geometry":{"type":"Point","coordinates":[8.513293,47.37782]}},{"type":"Feature","properties":{"art":"restaurant","name":"Restaurant Tilia"},"geometry":{"type":"Point","coordinates":[8.549415,47.407685]}},{"type":"Feature","properties":{"art":"restaurant","name":"Kookgai's Thai Corner"},"geometry":{"type":"Point","coordinates":[8.574677,47.343763]}},{"type":"Feature","properties":{"art":"restaurant","name":"Maiensäss"},"geometry":{"type":"Point","coordinates":[8.490806,47.350031]}},{"type":"Feature","properties":{"art":"restaurant","name":"Trattoria Neumarkt"},"geometry":{"type":"Point","coordinates":[8.545644,47.372828]}},{"type":"Feature","properties":{"art":"kunst","name":"Zardoz"},"geometry":{"type":"Point","coordinates":[8.54946,47.371552]}},{"type":"Feature","properties":{"art":"kunst"},"geometry":{"type":"Point","coordinates":[8.559296,47.41466]}},{"type":"Feature","properties":{"art":"kunst"},"geometry":{"type":"Point","coordinates":[8.51717,47.390582]}},{"type":"Feature","properties":{"art":"restaurant","name":"OMA MAO"},"geometry":{"type":"Point","coordinates":[8.525074,47.3804]}},{"type":"Feature","properties":{"art":"buehne","name":"Live Stage"},"geometry":{"type":"Point","coordinates":[8.561846,47.416302]}},{"type":"Feature","properties":{"art":"restaurant","name":"Il Pantheon"},"geometry":{"type":"Point","coordinates":[8.480546,47.40546]}},{"type":"Feature","properties":{"art":"restaurant","name":"Pepper House"},"geometry":{"type":"Point","coordinates":[8.619198,47.421073]}},{"type":"Feature","properties":{"art":"treff","name":"Jugendhaus Rotacker"},"geometry":{"type":"Point","coordinates":[8.589982,47.414904]}},{"type":"Feature","properties":{"art":"restaurant","name":"Naia"},"geometry":{"type":"Point","coordinates":[8.448331,47.398937]}},{"type":"Feature","properties":{"art":"bar","name":"B13"},"geometry":{"type":"Point","coordinates":[8.448034,47.398697]}},{"type":"Feature","properties":{"art":"treff","name":"Jugendtreff Brüttisellen"},"geometry":{"type":"Point","coordinates":[8.630429,47.422122]}},{"type":"Feature","properties":{"art":"restaurant","name":"Hafenbeiz"},"geometry":{"type":"Point","coordinates":[8.544385,47.332594]}},{"type":"Feature","properties":{"art":"cafe","name":"KulturCafé WHISper"},"geometry":{"type":"Point","coordinates":[8.553203,47.354631]}},{"type":"Feature","properties":{"art":"kunst"},"geometry":{"type":"Point","coordinates":[8.627178,47.390269]}},{"type":"Feature","properties":{"art":"bar","name":"Netzwerkbar"},"geometry":{"type":"Point","coordinates":[8.547842,47.401188]}},{"type":"Feature","properties":{"art":"kunst","name":"Higher Goals"},"geometry":{"type":"Point","coordinates":[8.546132,47.398827]}},{"type":"Feature","properties":{"art":"restaurant","name":"Charlie's Corner"},"geometry":{"type":"Point","coordinates":[8.558616,47.416003]}},{"type":"Feature","properties":{"art":"kunst","name":"Lampenhirsch"},"geometry":{"type":"Point","coordinates":[8.490565,47.350653]}},{"type":"Feature","properties":{"art":"kunst","name":"Lampenhirsch"},"geometry":{"type":"Point","coordinates":[8.490457,47.350588]}},{"type":"Feature","properties":{"art":"kunst"},"geometry":{"type":"Point","coordinates":[8.597167,47.348001]}},{"type":"Feature","properties":{"art":"restaurant","name":"Payam"},"geometry":{"type":"Point","coordinates":[8.497825,47.399204]}},{"type":"Feature","properties":{"art":"cafe","name":"Holmes' Teestube"},"geometry":{"type":"Point","coordinates":[8.547912,47.37897]}},{"type":"Feature","properties":{"art":"cafe","name":"Kafi Binz"},"geometry":{"type":"Point","coordinates":[8.516127,47.363032]}},{"type":"Feature","properties":{"art":"kunst"},"geometry":{"type":"Point","coordinates":[8.473698,47.437517]}},{"type":"Feature","properties":{"art":"cafe","name":"Babu's"},"geometry":{"type":"Point","coordinates":[8.517304,47.362793]}},{"type":"Feature","properties":{"art":"restaurant","name":"Char"},"geometry":{"type":"Point","coordinates":[8.5221,47.368212]}},{"type":"Feature","properties":{"art":"kunst","name":"Ohne Titel (Arbeiter)"},"geometry":{"type":"Point","coordinates":[8.553487,47.421664]}},{"type":"Feature","properties":{"art":"treff","name":"Huus Foif"},"geometry":{"type":"Point","coordinates":[8.539368,47.368193]}},{"type":"Feature","properties":{"art":"cafe","name":"Kiosk Cafe Bar"},"geometry":{"type":"Point","coordinates":[8.540469,47.372509]}},{"type":"Feature","properties":{"art":"bar","name":"Bar Snatch"},"geometry":{"type":"Point","coordinates":[8.532035,47.322522]}},{"type":"Feature","properties":{"art":"restaurant","name":"Seerose Irchel"},"geometry":{"type":"Point","coordinates":[8.548136,47.39724]}},{"type":"Feature","properties":{"art":"restaurant","name":"Mensa Irchel"},"geometry":{"type":"Point","coordinates":[8.548245,47.397165]}},{"type":"Feature","properties":{"art":"bar","name":"Peeeng"},"geometry":{"type":"Point","coordinates":[8.526006,47.377102]}},{"type":"Feature","properties":{"art":"kunst"},"geometry":{"type":"Point","coordinates":[8.564588,47.364138]}},{"type":"Feature","properties":{"art":"restaurant","name":"Mews Table"},"geometry":{"type":"Point","coordinates":[8.53858,47.369055]}},{"type":"Feature","properties":{"art":"cafe","name":"Blaue Bar"},"geometry":{"type":"Point","coordinates":[8.53855,47.369024]}},{"type":"Feature","properties":{"art":"restaurant","name":"Cindy's Bistro"},"geometry":{"type":"Point","coordinates":[8.529131,47.377286]}},{"type":"Feature","properties":{"art":"cafe","name":"Mori Kaffee & Tee"},"geometry":{"type":"Point","coordinates":[8.52994,47.373691]}},{"type":"Feature","properties":{"art":"bar","name":"Schneiderei"},"geometry":{"type":"Point","coordinates":[8.527246,47.379184]}},{"type":"Feature","properties":{"art":"bar","name":"Club Bellevue"},"geometry":{"type":"Point","coordinates":[8.546096,47.367489]}},{"type":"Feature","properties":{"art":"restaurant","name":"Ambassador Restaurant"},"geometry":{"type":"Point","coordinates":[8.55532,47.421597]}},{"type":"Feature","properties":{"art":"restaurant","name":"be/at"},"geometry":{"type":"Point","coordinates":[8.55494,47.413702]}},{"type":"Feature","properties":{"art":"museum","name":"Kunst in West"},"geometry":{"type":"Point","coordinates":[8.515053,47.392564]}},{"type":"Feature","properties":{"art":"kunst"},"geometry":{"type":"Point","coordinates":[8.519512,47.388587]}},{"type":"Feature","properties":{"art":"kunst"},"geometry":{"type":"Point","coordinates":[8.519321,47.388636]}},{"type":"Feature","properties":{"art":"cafe","name":"slurp."},"geometry":{"type":"Point","coordinates":[8.520001,47.376806]}},{"type":"Feature","properties":{"art":"bibliothek","name":"Lib4RI WSL"},"geometry":{"type":"Point","coordinates":[8.455525,47.360872]}},{"type":"Feature","properties":{"art":"cafe","name":"HIT-HOT"},"geometry":{"type":"Point","coordinates":[8.508079,47.410346]}},{"type":"Feature","properties":{"art":"kunst","name":"Atelier Kokoro - Mal- & Kunsttherapie"},"geometry":{"type":"Point","coordinates":[8.46065,47.366418]}},{"type":"Feature","properties":{"art":"cafe","name":"LUNA, CAFÉ · SNACK · LUNCH · EVENT"},"geometry":{"type":"Point","coordinates":[8.552062,47.374334]}},{"type":"Feature","properties":{"art":"cafe","name":"Oakberry Açai"},"geometry":{"type":"Point","coordinates":[8.545188,47.410035]}},{"type":"Feature","properties":{"art":"kunst"},"geometry":{"type":"Point","coordinates":[8.484209,47.394304]}},{"type":"Feature","properties":{"art":"cafe","name":"ISULE"},"geometry":{"type":"Point","coordinates":[8.517296,47.374503]}},{"type":"Feature","properties":{"art":"kunst"},"geometry":{"type":"Point","coordinates":[8.511938,47.419204]}},{"type":"Feature","properties":{"art":"cafe","name":"DuBischDra"},"geometry":{"type":"Point","coordinates":[8.622016,47.399843]}},{"type":"Feature","properties":{"art":"museum","name":"Galerie kunstzürichsüd"},"geometry":{"type":"Point","coordinates":[8.526611,47.312517]}},{"type":"Feature","properties":{"art":"kunst"},"geometry":{"type":"Point","coordinates":[8.493609,47.397185]}},{"type":"Feature","properties":{"art":"kunst","name":"Love is in the Air"},"geometry":{"type":"Point","coordinates":[8.479733,47.390935]}},{"type":"Feature","properties":{"art":"kunst","name":"Sunside Of Live"},"geometry":{"type":"Point","coordinates":[8.490032,47.394286]}},{"type":"Feature","properties":{"art":"restaurant","name":"Pizzeria Turicum"},"geometry":{"type":"Point","coordinates":[8.478422,47.39099]}},{"type":"Feature","properties":{"art":"restaurant","name":"Napulé"},"geometry":{"type":"Point","coordinates":[8.593131,47.414015]}},{"type":"Feature","properties":{"art":"cafe","name":"irma"},"geometry":{"type":"Point","coordinates":[8.524278,47.372434]}},{"type":"Feature","properties":{"art":"bar","name":"Bar Mau"},"geometry":{"type":"Point","coordinates":[8.51252,47.376836]}},{"type":"Feature","properties":{"art":"kunst","name":"Figurenpaar \"Kinder\" auf Stele"},"geometry":{"type":"Point","coordinates":[8.515045,47.412182]}},{"type":"Feature","properties":{"art":"restaurant","name":"Ayay"},"geometry":{"type":"Point","coordinates":[8.601591,47.395213]}},{"type":"Feature","properties":{"art":"restaurant","name":"Colonia Libera Italiana"},"geometry":{"type":"Point","coordinates":[8.616366,47.396627]}},{"type":"Feature","properties":{"art":"cafe","name":"Geschenktruckli Brocki-Café"},"geometry":{"type":"Point","coordinates":[8.599968,47.381165]}},{"type":"Feature","properties":{"art":"restaurant","name":"Gallery"},"geometry":{"type":"Point","coordinates":[8.555511,47.416523]}},{"type":"Feature","properties":{"art":"kunst","name":"Tannen"},"geometry":{"type":"Point","coordinates":[8.493149,47.361886]}},{"type":"Feature","properties":{"art":"bar","name":"Shake 'n Smile"},"geometry":{"type":"Point","coordinates":[8.519903,47.391593]}},{"type":"Feature","properties":{"art":"restaurant","name":"Arnold Kiosk"},"geometry":{"type":"Point","coordinates":[8.541075,47.3673]}},{"type":"Feature","properties":{"art":"cafe","name":"Ralph’s Coffee"},"geometry":{"type":"Point","coordinates":[8.539289,47.370322]}},{"type":"Feature","properties":{"art":"cafe","name":"The Matcha Club"},"geometry":{"type":"Point","coordinates":[8.53612,47.378924]}},{"type":"Feature","properties":{"art":"restaurant","name":"Shokudo Izakaya"},"geometry":{"type":"Point","coordinates":[8.52925,47.375712]}},{"type":"Feature","properties":{"art":"buehne","name":"Espace Vécu"},"geometry":{"type":"Point","coordinates":[8.522786,47.373023]}},{"type":"Feature","properties":{"art":"kunst"},"geometry":{"type":"Point","coordinates":[8.600266,47.376274]}},{"type":"Feature","properties":{"art":"kunst","name":"Schwalbe"},"geometry":{"type":"Point","coordinates":[8.603124,47.396241]}},{"type":"Feature","properties":{"art":"kunst","name":"Storch"},"geometry":{"type":"Point","coordinates":[8.603483,47.396765]}},{"type":"Feature","properties":{"art":"kunst","name":"Rotkehlchen"},"geometry":{"type":"Point","coordinates":[8.602962,47.396155]}},{"type":"Feature","properties":{"art":"kunst","name":"Falke"},"geometry":{"type":"Point","coordinates":[8.603297,47.396108]}},{"type":"Feature","properties":{"art":"kunst","name":"Uhu"},"geometry":{"type":"Point","coordinates":[8.603342,47.396513]}},{"type":"Feature","properties":{"art":"kunst","name":"Spatzen"},"geometry":{"type":"Point","coordinates":[8.603393,47.39595]}},{"type":"Feature","properties":{"art":"restaurant","name":"Typisch Spanisch"},"geometry":{"type":"Point","coordinates":[8.512135,47.362628]}},{"type":"Feature","properties":{"art":"restaurant","name":"Ciao Cucina"},"geometry":{"type":"Point","coordinates":[8.512105,47.362693]}},{"type":"Feature","properties":{"art":"kunst","name":"Tanne"},"geometry":{"type":"Point","coordinates":[8.507065,47.347816]}},{"type":"Feature","properties":{"art":"kunst"},"geometry":{"type":"Point","coordinates":[8.549112,47.376921]}},{"type":"Feature","properties":{"art":"restaurant","name":"AM DAMM"},"geometry":{"type":"Point","coordinates":[8.526474,47.388362]}},{"type":"Feature","properties":{"art":"cafe","name":"Collective Bakery"},"geometry":{"type":"Point","coordinates":[8.517166,47.387346]}},{"type":"Feature","properties":{"art":"restaurant","name":"Lunch 5"},"geometry":{"type":"Point","coordinates":[8.51507,47.392002]}},{"type":"Feature","properties":{"art":"cafe","name":"Kafihüsli"},"geometry":{"type":"Point","coordinates":[8.48856,47.388214]}},{"type":"Feature","properties":{"art":"kunst"},"geometry":{"type":"Point","coordinates":[8.528351,47.346172]}},{"type":"Feature","properties":{"art":"cafe","name":"minimium"},"geometry":{"type":"Point","coordinates":[8.554854,47.416167]}},{"type":"Feature","properties":{"art":"restaurant","name":"Pavillon"},"geometry":{"type":"Point","coordinates":[8.578349,47.319014]}},{"type":"Feature","properties":{"art":"kunst","name":"Gesichter im Fels"},"geometry":{"type":"Point","coordinates":[8.511752,47.338082]}},{"type":"Feature","properties":{"art":"kunst","name":"Die Sieger"},"geometry":{"type":"Point","coordinates":[8.550456,47.409729]}},{"type":"Feature","properties":{"art":"cafe","name":"Zollhaus-Küche"},"geometry":{"type":"Point","coordinates":[8.529986,47.381454]}},{"type":"Feature","properties":{"art":"kunst"},"geometry":{"type":"Point","coordinates":[8.546284,47.428487]}},{"type":"Feature","properties":{"art":"bibliothek","name":"UB Naturwissenschaften"},"geometry":{"type":"Point","coordinates":[8.549829,47.397365]}},{"type":"Feature","properties":{"art":"kunst"},"geometry":{"type":"Point","coordinates":[8.446098,47.409981]}},{"type":"Feature","properties":{"art":"cafe","name":"Coffee Addict"},"geometry":{"type":"Point","coordinates":[8.529402,47.374439]}},{"type":"Feature","properties":{"art":"restaurant","name":"Cafeteria Amtshaus Walche"},"geometry":{"type":"Point","coordinates":[8.540759,47.382144]}},{"type":"Feature","properties":{"art":"cafe","name":"fruits&juices&tea @ bridge"},"geometry":{"type":"Point","coordinates":[8.533788,47.378951]}},{"type":"Feature","properties":{"art":"bar","name":"the bar @ bridge"},"geometry":{"type":"Point","coordinates":[8.534066,47.378679]}},{"type":"Feature","properties":{"art":"restaurant","name":"basic @ bridge"},"geometry":{"type":"Point","coordinates":[8.533983,47.378868]}},{"type":"Feature","properties":{"art":"bar","name":"the wine shop @ bridge"},"geometry":{"type":"Point","coordinates":[8.534154,47.378726]}},{"type":"Feature","properties":{"art":"restaurant","name":"the grill @ bridge"},"geometry":{"type":"Point","coordinates":[8.533657,47.378864]}},{"type":"Feature","properties":{"art":"restaurant","name":"puci's @ bridge"},"geometry":{"type":"Point","coordinates":[8.533561,47.378901]}},{"type":"Feature","properties":{"art":"bar","name":"the beer @ bridge"},"geometry":{"type":"Point","coordinates":[8.534066,47.378799]}},{"type":"Feature","properties":{"art":"kunst","name":"Le Monde"},"geometry":{"type":"Point","coordinates":[8.572514,47.373]}},{"type":"Feature","properties":{"art":"restaurant","name":"Fork & Bottle"},"geometry":{"type":"Point","coordinates":[8.524374,47.352269]}},{"type":"Feature","properties":{"art":"restaurant","name":"The Barn"},"geometry":{"type":"Point","coordinates":[8.524088,47.352472]}},{"type":"Feature","properties":{"art":"restaurant","name":"KV, Zürich SV Restaurant"},"geometry":{"type":"Point","coordinates":[8.524334,47.389809]}},{"type":"Feature","properties":{"art":"cafe","name":"Emily"},"geometry":{"type":"Point","coordinates":[8.549862,47.413916]}},{"type":"Feature","properties":{"art":"bar","name":"Hiltl bistro"},"geometry":{"type":"Point","coordinates":[8.536573,47.373211]}},{"type":"Feature","properties":{"art":"kunst","name":"Pferd"},"geometry":{"type":"Point","coordinates":[8.520964,47.391762]}},{"type":"Feature","properties":{"art":"buehne","name":"Navillegut"},"geometry":{"type":"Point","coordinates":[8.552323,47.319892]}},{"type":"Feature","properties":{"art":"kunst"},"geometry":{"type":"Point","coordinates":[8.482429,47.38037]}},{"type":"Feature","properties":{"art":"kunst"},"geometry":{"type":"Point","coordinates":[8.489159,47.405344]}},{"type":"Feature","properties":{"art":"kunst","name":"Zwei Eulen"},"geometry":{"type":"Point","coordinates":[8.499235,47.372148]}},{"type":"Feature","properties":{"art":"kunst","name":"Specht"},"geometry":{"type":"Point","coordinates":[8.498912,47.372185]}},{"type":"Feature","properties":{"art":"kunst","name":"Pilz"},"geometry":{"type":"Point","coordinates":[8.498957,47.372225]}},{"type":"Feature","properties":{"art":"kunst","name":"Fink"},"geometry":{"type":"Point","coordinates":[8.499521,47.372061]}},{"type":"Feature","properties":{"art":"kunst","name":"Tanne"},"geometry":{"type":"Point","coordinates":[8.499323,47.372113]}},{"type":"Feature","properties":{"art":"kunst","name":"Holzmichel"},"geometry":{"type":"Point","coordinates":[8.499139,47.372161]}},{"type":"Feature","properties":{"art":"kunst","name":"Tanne"},"geometry":{"type":"Point","coordinates":[8.499007,47.372138]}},{"type":"Feature","properties":{"art":"kunst","name":"Eichhörnchen"},"geometry":{"type":"Point","coordinates":[8.499045,47.372115]}},{"type":"Feature","properties":{"art":"kunst","name":"Mädchen"},"geometry":{"type":"Point","coordinates":[8.499,47.372184]}},{"type":"Feature","properties":{"art":"restaurant","name":"Centro Lusitano Zürich"},"geometry":{"type":"Point","coordinates":[8.512487,47.328433]}},{"type":"Feature","properties":{"art":"kunst","name":"Turbinenschieber"},"geometry":{"type":"Point","coordinates":[8.520698,47.336241]}},{"type":"Feature","properties":{"art":"museum","name":"Atelier Righini Fries"},"geometry":{"type":"Point","coordinates":[8.56461,47.370027]}},{"type":"Feature","properties":{"art":"buehne","name":"Kulturpark"},"geometry":{"type":"Point","coordinates":[8.517849,47.388256]}},{"type":"Feature","properties":{"art":"kunst"},"geometry":{"type":"Point","coordinates":[8.531215,47.35736]}},{"type":"Feature","properties":{"art":"kunst"},"geometry":{"type":"Point","coordinates":[8.523238,47.371386]}},{"type":"Feature","properties":{"art":"kunst"},"geometry":{"type":"Point","coordinates":[8.535132,47.355121]}},{"type":"Feature","properties":{"art":"kunst"},"geometry":{"type":"Point","coordinates":[8.518681,47.37454]}},{"type":"Feature","properties":{"art":"restaurant","name":"Mozami"},"geometry":{"type":"Point","coordinates":[8.560246,47.425477]}},{"type":"Feature","properties":{"art":"restaurant","name":"Yak And Yeti"},"geometry":{"type":"Point","coordinates":[8.605031,47.404079]}},{"type":"Feature","properties":{"art":"kunst"},"geometry":{"type":"Point","coordinates":[8.496433,47.369688]}},{"type":"Feature","properties":{"art":"kunst","name":"Quartiertelefon"},"geometry":{"type":"Point","coordinates":[8.560103,47.414126]}},{"type":"Feature","properties":{"art":"restaurant","name":"Aqa"},"geometry":{"type":"Point","coordinates":[8.609467,47.403954]}},{"type":"Feature","properties":{"art":"kunst"},"geometry":{"type":"Point","coordinates":[8.52058,47.37003]}},{"type":"Feature","properties":{"art":"kunst"},"geometry":{"type":"Point","coordinates":[8.558489,47.353437]}},{"type":"Feature","properties":{"art":"kunst"},"geometry":{"type":"Point","coordinates":[8.555064,47.355346]}},{"type":"Feature","properties":{"art":"kunst"},"geometry":{"type":"Point","coordinates":[8.558374,47.35337]}},{"type":"Feature","properties":{"art":"kunst"},"geometry":{"type":"Point","coordinates":[8.558362,47.353383]}},{"type":"Feature","properties":{"art":"kunst"},"geometry":{"type":"Point","coordinates":[8.553765,47.35399]}},{"type":"Feature","properties":{"art":"kunst"},"geometry":{"type":"Point","coordinates":[8.558512,47.353413]}},{"type":"Feature","properties":{"art":"kunst"},"geometry":{"type":"Point","coordinates":[8.558367,47.352806]}},{"type":"Feature","properties":{"art":"kunst"},"geometry":{"type":"Point","coordinates":[8.556389,47.35529]}},{"type":"Feature","properties":{"art":"kunst"},"geometry":{"type":"Point","coordinates":[8.554656,47.356616]}},{"type":"Feature","properties":{"art":"kunst"},"geometry":{"type":"Point","coordinates":[8.55506,47.355246]}},{"type":"Feature","properties":{"art":"kunst"},"geometry":{"type":"Point","coordinates":[8.555605,47.354816]}},{"type":"Feature","properties":{"art":"kunst"},"geometry":{"type":"Point","coordinates":[8.553994,47.353865]}},{"type":"Feature","properties":{"art":"kunst"},"geometry":{"type":"Point","coordinates":[8.553905,47.353915]}},{"type":"Feature","properties":{"art":"kunst"},"geometry":{"type":"Point","coordinates":[8.554106,47.353807]}},{"type":"Feature","properties":{"art":"kunst"},"geometry":{"type":"Point","coordinates":[8.554176,47.353773]}},{"type":"Feature","properties":{"art":"kunst"},"geometry":{"type":"Point","coordinates":[8.554248,47.353736]}},{"type":"Feature","properties":{"art":"restaurant","name":"Phở Na Vegi"},"geometry":{"type":"Point","coordinates":[8.528693,47.38625]}},{"type":"Feature","properties":{"art":"restaurant","name":"Restaurant Matchball"},"geometry":{"type":"Point","coordinates":[8.541554,47.313847]}},{"type":"Feature","properties":{"art":"buehne","name":"CABinett"},"geometry":{"type":"Point","coordinates":[8.54844,47.378656]}},{"type":"Feature","properties":{"art":"buehne","name":"CABakomben"},"geometry":{"type":"Point","coordinates":[8.548554,47.378658]}},{"type":"Feature","properties":{"art":"restaurant","name":"anna."},"geometry":{"type":"Point","coordinates":[8.526635,47.388939]}},{"type":"Feature","properties":{"art":"restaurant","name":"Eatpunk"},"geometry":{"type":"Point","coordinates":[8.604157,47.405004]}},{"type":"Feature","properties":{"art":"kunst"},"geometry":{"type":"Point","coordinates":[8.439888,47.405806]}},{"type":"Feature","properties":{"art":"kunst"},"geometry":{"type":"Point","coordinates":[8.445593,47.39713]}},{"type":"Feature","properties":{"art":"kunst"},"geometry":{"type":"Point","coordinates":[8.443475,47.408468]}},{"type":"Feature","properties":{"art":"kunst","name":"Bella Wolf"},"geometry":{"type":"Point","coordinates":[8.544317,47.368107]}},{"type":"Feature","properties":{"art":"kunst","name":"Ritchie Riediger - OSZO 44 – THE CHROMATIC CIRCLE OF JOHANNES ITTEN"},"geometry":{"type":"Point","coordinates":[8.573906,47.327033]}},{"type":"Feature","properties":{"art":"kunst"},"geometry":{"type":"Point","coordinates":[8.589907,47.417444]}},{"type":"Feature","properties":{"art":"kunst","name":"Hasenmutter mit Kind"},"geometry":{"type":"Point","coordinates":[8.478428,47.375243]}},{"type":"Feature","properties":{"art":"restaurant","name":"Panorama Stube"},"geometry":{"type":"Point","coordinates":[8.510116,47.351333]}},{"type":"Feature","properties":{"art":"kunst","name":"Monty"},"geometry":{"type":"Point","coordinates":[8.545415,47.372056]}},{"type":"Feature","properties":{"art":"kunst","name":"Keltischer Knoten"},"geometry":{"type":"Point","coordinates":[8.494017,47.362943]}},{"type":"Feature","properties":{"art":"museum","name":"Science Pavilion UZH"},"geometry":{"type":"Point","coordinates":[8.547337,47.397838]}},{"type":"Feature","properties":{"art":"treff","name":"Quartierhof Höngg"},"geometry":{"type":"Point","coordinates":[8.483318,47.411932]}},{"type":"Feature","properties":{"art":"restaurant","name":"Sukkira Food"},"geometry":{"type":"Point","coordinates":[8.520771,47.316443]}},{"type":"Feature","properties":{"art":"buehne","name":"Villa Irniger"},"geometry":{"type":"Point","coordinates":[8.559972,47.374687]}},{"type":"Feature","properties":{"art":"kunst"},"geometry":{"type":"Point","coordinates":[8.541359,47.317291]}},{"type":"Feature","properties":{"art":"cafe","name":"M shot Café"},"geometry":{"type":"Point","coordinates":[8.55607,47.414682]}},{"type":"Feature","properties":{"art":"restaurant","name":"Restaurant UniTurm"},"geometry":{"type":"Point","coordinates":[8.548219,47.374798]}},{"type":"Feature","properties":{"art":"cafe","name":"Brettspiel-Café DuBischDra"},"geometry":{"type":"Point","coordinates":[8.52132,47.374174]}},{"type":"Feature","properties":{"art":"restaurant","name":"Capucho"},"geometry":{"type":"Point","coordinates":[8.518878,47.388518]}},{"type":"Feature","properties":{"art":"restaurant","name":"Clube Social Summergarte"},"geometry":{"type":"Point","coordinates":[8.531273,47.375938]}},{"type":"Feature","properties":{"art":"restaurant","name":"Punto d'Amore e Sapore"},"geometry":{"type":"Point","coordinates":[8.466912,47.431165]}},{"type":"Feature","properties":{"art":"kunst","name":"PET-Flasche"},"geometry":{"type":"Point","coordinates":[8.573446,47.383352]}},{"type":"Feature","properties":{"art":"cafe","name":"Bean Bear Coffee"},"geometry":{"type":"Point","coordinates":[8.583527,47.317564]}},{"type":"Feature","properties":{"art":"buehne","name":"Zentralwäscherei"},"geometry":{"type":"Point","coordinates":[8.520368,47.386918]}},{"type":"Feature","properties":{"art":"buehne","name":"Kaufleuten Festsaal"},"geometry":{"type":"Point","coordinates":[8.536352,47.371738]}},{"type":"Feature","properties":{"art":"cafe","name":"W Café Blumencafé"},"geometry":{"type":"Point","coordinates":[8.559859,47.37919]}},{"type":"Feature","properties":{"art":"kunst"},"geometry":{"type":"Point","coordinates":[8.58173,47.395332]}},{"type":"Feature","properties":{"art":"kunst"},"geometry":{"type":"Point","coordinates":[8.581432,47.395424]}},{"type":"Feature","properties":{"art":"buehne","name":"Altes Krematorium"},"geometry":{"type":"Point","coordinates":[8.504268,47.375817]}},{"type":"Feature","properties":{"art":"buehne","name":"Kulturzentrum Obere Mühle"},"geometry":{"type":"Point","coordinates":[8.623985,47.395313]}},{"type":"Feature","properties":{"art":"badi","name":"Hallenbad City"},"geometry":{"type":"Point","coordinates":[8.532833,47.372124]}},{"type":"Feature","properties":{"art":"restaurant"},"geometry":{"type":"Point","coordinates":[8.506326,47.409727]}},{"type":"Feature","properties":{"art":"museum","name":"Tram-Museum Zürich"},"geometry":{"type":"Point","coordinates":[8.570946,47.357733]}},{"type":"Feature","properties":{"art":"badi","name":"Freibad Allenmoos"},"geometry":{"type":"Point","coordinates":[8.538923,47.404475]}},{"type":"Feature","properties":{"art":"badi","name":"Freibad Letzigraben"},"geometry":{"type":"Point","coordinates":[8.499701,47.379405]}},{"type":"Feature","properties":{"art":"badi","name":"Freibad Zwischen den Hölzern"},"geometry":{"type":"Point","coordinates":[8.47497,47.409329]}},{"type":"Feature","properties":{"art":"badi","name":"Frei- und Hallenbad Bruggwiesen Opfikon"},"geometry":{"type":"Point","coordinates":[8.569235,47.432442]}},{"type":"Feature","properties":{"art":"badi","name":"Hallenbad Bläsi"},"geometry":{"type":"Point","coordinates":[8.5018,47.401364]}},{"type":"Feature","properties":{"art":"badi","name":"Hallen- und Freibad Juch"},"geometry":{"type":"Point","coordinates":[8.620985,47.331529]}},{"type":"Feature","properties":{"art":"treff"},"geometry":{"type":"Point","coordinates":[8.472593,47.388441]}},{"type":"Feature","properties":{"art":"badi","name":"Strandbad Mythenquai"},"geometry":{"type":"Point","coordinates":[8.535755,47.353559]}},{"type":"Feature","properties":{"art":"badi","name":"Freibad Heuried"},"geometry":{"type":"Point","coordinates":[8.50534,47.367088]}},{"type":"Feature","properties":{"art":"museum","name":"Völkerkundemuseum der Universität Zürich"},"geometry":{"type":"Point","coordinates":[8.534364,47.370826]}},{"type":"Feature","properties":{"art":"buehne","name":"Theater 11 Zürich"},"geometry":{"type":"Point","coordinates":[8.549425,47.410844]}},{"type":"Feature","properties":{"art":"treff","name":"Gemeinschaftszentrum Höngg, Standort Rütihof"},"geometry":{"type":"Point","coordinates":[8.476517,47.413896]}},{"type":"Feature","properties":{"art":"treff","name":"Reformiertes Kirchgemeindehaus"},"geometry":{"type":"Point","coordinates":[8.500233,47.400985]}},{"type":"Feature","properties":{"art":"badi","name":"Wärmebad Käferberg"},"geometry":{"type":"Point","coordinates":[8.51802,47.39942]}},{"type":"Feature","properties":{"art":"treff","name":"Gemeinschaftszentrum Roos"},"geometry":{"type":"Point","coordinates":[8.471784,47.431231]}},{"type":"Feature","properties":{"art":"buehne","name":"Opernhaus"},"geometry":{"type":"Point","coordinates":[8.546854,47.364955]}},{"type":"Feature","properties":{"art":"buehne","name":"Bernhard Theater"},"geometry":{"type":"Point","coordinates":[8.546351,47.364796]}},{"type":"Feature","properties":{"art":"restaurant","name":"Pier 7"},"geometry":{"type":"Point","coordinates":[8.543492,47.367945]}},{"type":"Feature","properties":{"art":"museum","name":"Flieger-Flab-Museum"},"geometry":{"type":"Point","coordinates":[8.632123,47.397495]}},{"type":"Feature","properties":{"art":"buehne","name":"Dynamo"},"geometry":{"type":"Point","coordinates":[8.539338,47.383313]}},{"type":"Feature","properties":{"art":"treff","name":"ICZ Gemeindezentrum"},"geometry":{"type":"Point","coordinates":[8.532685,47.362957]}},{"type":"Feature","properties":{"art":"restaurant","name":"Neue Forch"},"geometry":{"type":"Point","coordinates":[8.639816,47.325248]}},{"type":"Feature","properties":{"art":"buehne","name":"Quartiertreff Zehntenhaus"},"geometry":{"type":"Point","coordinates":[8.506714,47.419723]}},{"type":"Feature","properties":{"art":"bibliothek","name":"Zentralbibliothek Zürich"},"geometry":{"type":"Point","coordinates":[8.54546,47.37424]}},{"type":"Feature","properties":{"art":"bibliothek","name":"Archiv für Zeitgeschichte der ETH Zürich"},"geometry":{"type":"Point","coordinates":[8.54596,47.37521]}},{"type":"Feature","properties":{"art":"badi","name":"Hallenbad Altstetten"},"geometry":{"type":"Point","coordinates":[8.479656,47.388517]}},{"type":"Feature","properties":{"art":"badi","name":"Hallen- und Freibad im Tal"},"geometry":{"type":"Point","coordinates":[8.535277,47.31249]}},{"type":"Feature","properties":{"art":"restaurant","name":"Canaan"},"geometry":{"type":"Point","coordinates":[8.525718,47.315838]}},{"type":"Feature","properties":{"art":"bibliothek","name":"Bibliothek Adliswil"},"geometry":{"type":"Point","coordinates":[8.525449,47.312749]}},{"type":"Feature","properties":{"art":"buehne","name":"Kulturschachtle"},"geometry":{"type":"Point","coordinates":[8.529806,47.313243]}},{"type":"Feature","properties":{"art":"museum","name":"Friedhof Forum"},"geometry":{"type":"Point","coordinates":[8.510745,47.375664]}},{"type":"Feature","properties":{"art":"badi","name":"Flussbad Unterer Letten"},"geometry":{"type":"Point","coordinates":[8.529185,47.389359]}},{"type":"Feature","properties":{"art":"badi","name":"Flussbad Au-Höngg"},"geometry":{"type":"Point","coordinates":[8.490216,47.399405]}},{"type":"Feature","properties":{"art":"badi","name":"Hallenbad Oerlikon"},"geometry":{"type":"Point","coordinates":[8.556583,47.41012]}},{"type":"Feature","properties":{"art":"restaurant","name":"Samigo"},"geometry":{"type":"Point","coordinates":[8.536956,47.358858]}},{"type":"Feature","properties":{"art":"restaurant","name":"Samigo"},"geometry":{"type":"Point","coordinates":[8.536934,47.359145]}},{"type":"Feature","properties":{"art":"restaurant","name":"Bauschänzli"},"geometry":{"type":"Point","coordinates":[8.542393,47.367861]}},{"type":"Feature","properties":{"art":"bar","name":"Bauschänzli"},"geometry":{"type":"Point","coordinates":[8.542418,47.367758]}},{"type":"Feature","properties":{"art":"restaurant","name":"Seerose"},"geometry":{"type":"Point","coordinates":[8.540519,47.338398]}},{"type":"Feature","properties":{"art":"badi","name":"Water World Wallisellen"},"geometry":{"type":"Point","coordinates":[8.5952,47.417408]}},{"type":"Feature","properties":{"art":"badi","name":"Freibad Auhof"},"geometry":{"type":"Point","coordinates":[8.571141,47.408278]}},{"type":"Feature","properties":{"art":"badi","name":"Hallenbad Kilchberg"},"geometry":{"type":"Point","coordinates":[8.539351,47.31945]}},{"type":"Feature","properties":{"art":"badi","name":"Schwimmbad Im Moos"},"geometry":{"type":"Point","coordinates":[8.457554,47.396676]}},{"type":"Feature","properties":{"art":"bibliothek","name":"Oetikergut"},"geometry":{"type":"Point","coordinates":[8.552706,47.309935]}},{"type":"Feature","properties":{"art":"treff","name":"Gemeinschaftszentrum Schindlergut"},"geometry":{"type":"Point","coordinates":[8.536226,47.386717]}},{"type":"Feature","properties":{"art":"cafe"},"geometry":{"type":"Point","coordinates":[8.50462,47.362775]}},{"type":"Feature","properties":{"art":"buehne","name":"Halle 622"},"geometry":{"type":"Point","coordinates":[8.542877,47.413324]}},{"type":"Feature","properties":{"art":"badi","name":"Freibad Seebach"},"geometry":{"type":"Point","coordinates":[8.546812,47.42401]}},{"type":"Feature","properties":{"art":"restaurant","name":"Schützenstube Werlen"},"geometry":{"type":"Point","coordinates":[8.611154,47.389301]}},{"type":"Feature","properties":{"art":"restaurant","name":"Tessin Grotto"},"geometry":{"type":"Point","coordinates":[8.516047,47.403334]}},{"type":"Feature","properties":{"art":"buehne","name":"Halle 550"},"geometry":{"type":"Point","coordinates":[8.538977,47.411688]}},{"type":"Feature","properties":{"art":"treff","name":"Labör"},"geometry":{"type":"Point","coordinates":[8.53876,47.410851]}},{"type":"Feature","properties":{"art":"restaurant","name":"Mensa Kantonsschule Zürich Nord"},"geometry":{"type":"Point","coordinates":[8.536024,47.408246]}},{"type":"Feature","properties":{"art":"restaurant","name":"Mamma Mia"},"geometry":{"type":"Point","coordinates":[8.561398,47.429984]}},{"type":"Feature","properties":{"art":"restaurant","name":"Gasthaus zum Hecht"},"geometry":{"type":"Point","coordinates":[8.619177,47.397656]}},{"type":"Feature","properties":{"art":"restaurant","name":"Kang In"},"geometry":{"type":"Point","coordinates":[8.614259,47.396593]}},{"type":"Feature","properties":{"art":"restaurant","name":"Sternen Albisrieden"},"geometry":{"type":"Point","coordinates":[8.48473,47.37518]}},{"type":"Feature","properties":{"art":"treff","name":"Gemeindezentrum Brüelmatt"},"geometry":{"type":"Point","coordinates":[8.439219,47.353625]}},{"type":"Feature","properties":{"art":"treff","name":"Gemeindesaal"},"geometry":{"type":"Point","coordinates":[8.575964,47.33827]}},{"type":"Feature","properties":{"art":"treff","name":"Kirchgemeindehaus"},"geometry":{"type":"Point","coordinates":[8.574095,47.337919]}},{"type":"Feature","properties":{"art":"restaurant","name":"Gasthaus zum Rössli"},"geometry":{"type":"Point","coordinates":[8.574625,47.338044]}},{"type":"Feature","properties":{"art":"cafe","name":"Jurablick"},"geometry":{"type":"Point","coordinates":[8.480581,47.354708]}},{"type":"Feature","properties":{"art":"treff","name":"Begegnungshaus Beizli"},"geometry":{"type":"Point","coordinates":[8.488818,47.384234]}},{"type":"Feature","properties":{"art":"bar","name":"Komplex 457"},"geometry":{"type":"Point","coordinates":[8.5,47.387265]}},{"type":"Feature","properties":{"art":"treff","name":"Gemeinschaftszentrum Heuried"},"geometry":{"type":"Point","coordinates":[8.503805,47.36733]}},{"type":"Feature","properties":{"art":"restaurant","name":"Restaurant TC-E"},"geometry":{"type":"Point","coordinates":[8.507055,47.353038]}},{"type":"Feature","properties":{"art":"restaurant","name":"Wild West Steakhouse Texas"},"geometry":{"type":"Point","coordinates":[8.54551,47.396973]}},{"type":"Feature","properties":{"art":"kino","name":"Kino Orion"},"geometry":{"type":"Point","coordinates":[8.622251,47.399408]}},{"type":"Feature","properties":{"art":"badi","name":"Hallenbad Leimbach"},"geometry":{"type":"Point","coordinates":[8.513693,47.326453]}},{"type":"Feature","properties":{"art":"bar","name":"Kanzlei Turnhalle"},"geometry":{"type":"Point","coordinates":[8.526473,47.375497]}},{"type":"Feature","properties":{"art":"bar","name":"Castro"},"geometry":{"type":"Point","coordinates":[8.624476,47.40054]}},{"type":"Feature","properties":{"art":"treff","name":"Pfadiheim Chluppi"},"geometry":{"type":"Point","coordinates":[8.572911,47.341622]}},{"type":"Feature","properties":{"art":"museum","name":"Ortsmuseum Zollikon"},"geometry":{"type":"Point","coordinates":[8.574684,47.340854]}},{"type":"Feature","properties":{"art":"treff","name":"Pfarreizentrum Zollikon"},"geometry":{"type":"Point","coordinates":[8.574286,47.342662]}},{"type":"Feature","properties":{"art":"badi","name":"Seebad Zollikon"},"geometry":{"type":"Point","coordinates":[8.568478,47.33762]}},{"type":"Feature","properties":{"art":"museum","name":"Villa Meier Severini"},"geometry":{"type":"Point","coordinates":[8.572272,47.3395]}},{"type":"Feature","properties":{"art":"restaurant","name":"La Scarpetta"},"geometry":{"type":"Point","coordinates":[8.577608,47.353171]}},{"type":"Feature","properties":{"art":"restaurant","name":"Zum Weinberg"},"geometry":{"type":"Point","coordinates":[8.58397,47.320136]}},{"type":"Feature","properties":{"art":"restaurant","name":"GASTHOF RESTAURANT OXEN"},"geometry":{"type":"Point","coordinates":[8.583629,47.317465]}},{"type":"Feature","properties":{"art":"bibliothek","name":"Mediothek"},"geometry":{"type":"Point","coordinates":[8.581908,47.316447]}},{"type":"Feature","properties":{"art":"restaurant","name":"Dörfli"},"geometry":{"type":"Point","coordinates":[8.585282,47.31688]}},{"type":"Feature","properties":{"art":"restaurant","name":"Zum Trauben"},"geometry":{"type":"Point","coordinates":[8.581185,47.315617]}},{"type":"Feature","properties":{"art":"museum","name":"Ortsmuseum Küsnacht"},"geometry":{"type":"Point","coordinates":[8.586856,47.317297]}},{"type":"Feature","properties":{"art":"buehne","name":"Zentralwäscherei Zurich"},"geometry":{"type":"Point","coordinates":[8.52061,47.387299]}},{"type":"Feature","properties":{"art":"treff","name":"Gemeinschaftszentrum Riesbach"},"geometry":{"type":"Point","coordinates":[8.554051,47.359182]}},{"type":"Feature","properties":{"art":"cafe","name":"Cabaret Voltaire"},"geometry":{"type":"Point","coordinates":[8.544063,47.371654]}},{"type":"Feature","properties":{"art":"treff","name":"Gemeinschaftszentrum Oerlikon"},"geometry":{"type":"Point","coordinates":[8.545756,47.407818]}},{"type":"Feature","properties":{"art":"museum","name":"Ortsmuseum Birmensdorf"},"geometry":{"type":"Point","coordinates":[8.44031,47.350688]}},{"type":"Feature","properties":{"art":"treff","name":"Familienzentrum Birmensdorf"},"geometry":{"type":"Point","coordinates":[8.437227,47.351017]}},{"type":"Feature","properties":{"art":"restaurant","name":"Restaurant Löwen"},"geometry":{"type":"Point","coordinates":[8.466152,47.314896]}},{"type":"Feature","properties":{"art":"museum","name":"Nordamerika Native Museum NONAM"},"geometry":{"type":"Point","coordinates":[8.565608,47.347021]}},{"type":"Feature","properties":{"art":"museum","name":"Helmhaus"},"geometry":{"type":"Point","coordinates":[8.543162,47.36986]}},{"type":"Feature","properties":{"art":"restaurant","name":"Landikerstübli"},"geometry":{"type":"Point","coordinates":[8.462069,47.352146]}},{"type":"Feature","properties":{"art":"bar","name":"Kronen Bar"},"geometry":{"type":"Point","coordinates":[8.443939,47.356065]}},{"type":"Feature","properties":{"art":"treff","name":"Quartiertreff Enge"},"geometry":{"type":"Point","coordinates":[8.529549,47.359423]}},{"type":"Feature","properties":{"art":"restaurant","name":"Casa Lío"},"geometry":{"type":"Point","coordinates":[8.460012,47.333862]}},{"type":"Feature","properties":{"art":"restaurant","name":"Tracht"},"geometry":{"type":"Point","coordinates":[8.556707,47.312317]}},{"type":"Feature","properties":{"art":"badi","name":"Seebad Rüschlikon"},"geometry":{"type":"Point","coordinates":[8.556496,47.312669]}},{"type":"Feature","properties":{"art":"badi","name":"Strandbad Kilchberg"},"geometry":{"type":"Point","coordinates":[8.553715,47.318359]}},{"type":"Feature","properties":{"art":"restaurant","name":"Restaurant Rössli"},"geometry":{"type":"Point","coordinates":[8.438242,47.337773]}},{"type":"Feature","properties":{"art":"restaurant","name":"Restaurant Landhaus"},"geometry":{"type":"Point","coordinates":[8.437787,47.336423]}},{"type":"Feature","properties":{"art":"bibliothek","name":"Bibliothek Aesch"},"geometry":{"type":"Point","coordinates":[8.438844,47.337181]}},{"type":"Feature","properties":{"art":"restaurant","name":"Linde Oberstrass"},"geometry":{"type":"Point","coordinates":[8.54795,47.38345]}},{"type":"Feature","properties":{"art":"restaurant","name":"Gandria"},"geometry":{"type":"Point","coordinates":[8.55751,47.356968]}},{"type":"Feature","properties":{"art":"museum","name":"Ortsmuseum Kilchberg"},"geometry":{"type":"Point","coordinates":[8.545958,47.318535]}},{"type":"Feature","properties":{"art":"treff","name":"Kirchgemeindehaus"},"geometry":{"type":"Point","coordinates":[8.541105,47.318026]}},{"type":"Feature","properties":{"art":"buehne","name":"Villa Hatt"},"geometry":{"type":"Point","coordinates":[8.55545,47.385506]}},{"type":"Feature","properties":{"art":"restaurant","name":"Altes Klösterli"},"geometry":{"type":"Point","coordinates":[8.575496,47.387091]}},{"type":"Feature","properties":{"art":"bar","name":"Meriti"},"geometry":{"type":"Point","coordinates":[8.469543,47.327372]}},{"type":"Feature","properties":{"art":"buehne","name":"Pavillon Le Corbusier"},"geometry":{"type":"Point","coordinates":[8.550924,47.356099]}},{"type":"Feature","properties":{"art":"museum","name":"Atelier Hermann Haller"},"geometry":{"type":"Point","coordinates":[8.551159,47.356336]}},{"type":"Feature","properties":{"art":"restaurant","name":"Restaurant Fischerstube"},"geometry":{"type":"Point","coordinates":[8.550555,47.353018]}},{"type":"Feature","properties":{"art":"treff","name":"Gemeinschaftszentrum Hirzenbach"},"geometry":{"type":"Point","coordinates":[8.591784,47.402531]}},{"type":"Feature","properties":{"art":"museum","name":"ZAZ Bellerive Zentrum Architektur"},"geometry":{"type":"Point","coordinates":[8.549971,47.356476]}},{"type":"Feature","properties":{"art":"museum","name":"Wagi Museum"},"geometry":{"type":"Point","coordinates":[8.45784,47.399573]}},{"type":"Feature","properties":{"art":"badi","name":"Strandbad Wollishofen"},"geometry":{"type":"Point","coordinates":[8.537657,47.341041]}},{"type":"Feature","properties":{"art":"kino","name":"Corso"},"geometry":{"type":"Point","coordinates":[8.547063,47.366583]}},{"type":"Feature","properties":{"art":"bar","name":"Rio Bar"},"geometry":{"type":"Point","coordinates":[8.535704,47.376309]}},{"type":"Feature","properties":{"art":"buehne","name":"Michael-Zweig Zürich"},"geometry":{"type":"Point","coordinates":[8.533667,47.359494]}},{"type":"Feature","properties":{"art":"restaurant","name":"Bürgli"},"geometry":{"type":"Point","coordinates":[8.533542,47.343076]}},{"type":"Feature","properties":{"art":"treff"},"geometry":{"type":"Point","coordinates":[8.49751,47.401708]}},{"type":"Feature","properties":{"art":"museum","name":"Johann Jacobs Museum"},"geometry":{"type":"Point","coordinates":[8.54806,47.359698]}},{"type":"Feature","properties":{"art":"restaurant","name":"Stürmeierhuus"},"geometry":{"type":"Point","coordinates":[8.445826,47.395868]}},{"type":"Feature","properties":{"art":"restaurant","name":"Landgasthof Leuen"},"geometry":{"type":"Point","coordinates":[8.460101,47.36385]}},{"type":"Feature","properties":{"art":"badi","name":"Strandbad Tiefenbrunnen"},"geometry":{"type":"Point","coordinates":[8.556214,47.352266]}},{"type":"Feature","properties":{"art":"treff","name":"Quartiertreff Hirslanden"},"geometry":{"type":"Point","coordinates":[8.570702,47.358383]}},{"type":"Feature","properties":{"art":"treff","name":"Labyrinthplatz"},"geometry":{"type":"Point","coordinates":[8.529857,47.377052]}},{"type":"Feature","properties":{"art":"badi","name":"Hallenbad Bungertwies"},"geometry":{"type":"Point","coordinates":[8.560226,47.372022]}},{"type":"Feature","properties":{"art":"restaurant","name":"Degenried"},"geometry":{"type":"Point","coordinates":[8.579229,47.367424]}},{"type":"Feature","properties":{"art":"buehne","name":"Internat der Tanz Akademie Zürich (taZ-Internat)"},"geometry":{"type":"Point","coordinates":[8.57281,47.354775]}},{"type":"Feature","properties":{"art":"restaurant","name":"Zur oberen Flühgasse"},"geometry":{"type":"Point","coordinates":[8.567219,47.350318]}},{"type":"Feature","properties":{"art":"restaurant","name":"Spicy Yoku"},"geometry":{"type":"Point","coordinates":[8.595374,47.346396]}},{"type":"Feature","properties":{"art":"restaurant","name":"Birchegg"},"geometry":{"type":"Point","coordinates":[8.534088,47.403672]}},{"type":"Feature","properties":{"art":"restaurant","name":"Frohsinn"},"geometry":{"type":"Point","coordinates":[8.598422,47.382085]}},{"type":"Feature","properties":{"art":"museum","name":"Meyerhofscheune"},"geometry":{"type":"Point","coordinates":[8.593809,47.359564]}},{"type":"Feature","properties":{"art":"treff","name":"Kirchgemeindehaus Kilchbergstrasse"},"geometry":{"type":"Point","coordinates":[8.533789,47.342768]}},{"type":"Feature","properties":{"art":"treff","name":"Gemeinschaftszentrum Wollishofen"},"geometry":{"type":"Point","coordinates":[8.535832,47.345012]}},{"type":"Feature","properties":{"art":"treff","name":"Kirchgemeindehaus Enge"},"geometry":{"type":"Point","coordinates":[8.529916,47.363974]}},{"type":"Feature","properties":{"art":"restaurant","name":"Bergstube"},"geometry":{"type":"Point","coordinates":[8.48768,47.351715]}},{"type":"Feature","properties":{"art":"restaurant","name":"Uto Staffel"},"geometry":{"type":"Point","coordinates":[8.494566,47.347759]}},{"type":"Feature","properties":{"art":"restaurant","name":"Runway 34"},"geometry":{"type":"Point","coordinates":[8.557784,47.440046]}},{"type":"Feature","properties":{"art":"treff","name":"Auzelg Baracke"},"geometry":{"type":"Point","coordinates":[8.571549,47.413385]}},{"type":"Feature","properties":{"art":"restaurant","name":"Linde"},"geometry":{"type":"Point","coordinates":[8.524747,47.317282]}},{"type":"Feature","properties":{"art":"treff","name":"Freizeitanlage Werd"},"geometry":{"type":"Point","coordinates":[8.528045,47.315643]}},{"type":"Feature","properties":{"art":"restaurant","name":"Hei Fung"},"geometry":{"type":"Point","coordinates":[8.526014,47.314512]}},{"type":"Feature","properties":{"art":"cafe","name":"Bistro im Spilhöfler"},"geometry":{"type":"Point","coordinates":[8.455292,47.369657]}},{"type":"Feature","properties":{"art":"badi","name":"Hallenbad Uitikon"},"geometry":{"type":"Point","coordinates":[8.460213,47.37266]}},{"type":"Feature","properties":{"art":"restaurant","name":"Frieden"},"geometry":{"type":"Point","coordinates":[8.587118,47.416138]}},{"type":"Feature","properties":{"art":"restaurant","name":"Sax"},"geometry":{"type":"Point","coordinates":[8.450465,47.401823]}},{"type":"Feature","properties":{"art":"restaurant","name":"Zumi's Bistro"},"geometry":{"type":"Point","coordinates":[8.623402,47.332172]}},{"type":"Feature","properties":{"art":"cafe","name":"Teehüsli Fallätsche"},"geometry":{"type":"Point","coordinates":[8.505318,47.336578]}},{"type":"Feature","properties":{"art":"restaurant","name":"Spice Village"},"geometry":{"type":"Point","coordinates":[8.617176,47.390441]}},{"type":"Feature","properties":{"art":"bibliothek","name":"Stadtbibliothek Dübendorf"},"geometry":{"type":"Point","coordinates":[8.62401,47.398044]}},{"type":"Feature","properties":{"art":"museum","name":"Ortsmuseum Wiedikon"},"geometry":{"type":"Point","coordinates":[8.519459,47.368234]}},{"type":"Feature","properties":{"art":"treff","name":"Bertea"},"geometry":{"type":"Point","coordinates":[8.617234,47.424889]}},{"type":"Feature","properties":{"art":"treff","name":"Kirchgemeindehaus Gerstacher"},"geometry":{"type":"Point","coordinates":[8.635667,47.35302]}},{"type":"Feature","properties":{"art":"restaurant","name":"Restaurant Neudorf"},"geometry":{"type":"Point","coordinates":[8.555759,47.411819]}},{"type":"Feature","properties":{"art":"treff","name":"Gsellhof"},"geometry":{"type":"Point","coordinates":[8.630426,47.422048]}},{"type":"Feature","properties":{"art":"cafe","name":"Bode Bäckerei-Konditorei"},"geometry":{"type":"Point","coordinates":[8.436951,47.353906]}},{"type":"Feature","properties":{"art":"restaurant","name":"Restaurant Freihof"},"geometry":{"type":"Point","coordinates":[8.460449,47.408525]}},{"type":"Feature","properties":{"art":"restaurant","name":"Restaurant Löwen"},"geometry":{"type":"Point","coordinates":[8.434846,47.419707]}},{"type":"Feature","properties":{"art":"restaurant","name":"Linde"},"geometry":{"type":"Point","coordinates":[8.434181,47.419845]}},{"type":"Feature","properties":{"art":"restaurant","name":"Winzerhaus"},"geometry":{"type":"Point","coordinates":[8.431667,47.421323]}},{"type":"Feature","properties":{"art":"restaurant","name":"Swissasia?"},"geometry":{"type":"Point","coordinates":[8.562149,47.433845]}},{"type":"Feature","properties":{"art":"bar","name":"Braschler‘s Bar"},"geometry":{"type":"Point","coordinates":[8.519441,47.385486]}},{"type":"Feature","properties":{"art":"bibliothek","name":"Bibliothek Unterengstringen"},"geometry":{"type":"Point","coordinates":[8.443447,47.413108]}},{"type":"Feature","properties":{"art":"treff","name":"Gemeindesaal Unterengstringen"},"geometry":{"type":"Point","coordinates":[8.443194,47.413139]}},{"type":"Feature","properties":{"art":"restaurant","name":"Il Faro Grotto"},"geometry":{"type":"Point","coordinates":[8.628259,47.403711]}},{"type":"Feature","properties":{"art":"treff","name":"Gemeinschaftszentrum Seebach"},"geometry":{"type":"Point","coordinates":[8.544363,47.424605]}},{"type":"Feature","properties":{"art":"treff","name":"Gemeinschaftszentrum Witikon"},"geometry":{"type":"Point","coordinates":[8.594216,47.360011]}},{"type":"Feature","properties":{"art":"buehne","name":"Schauspielhaus Pfauen"},"geometry":{"type":"Point","coordinates":[8.549286,47.370143]}},{"type":"Feature","properties":{"art":"museum","name":"Museum Schweizer Hotellerie und Tourismus"},"geometry":{"type":"Point","coordinates":[8.54553,47.369336]}},{"type":"Feature","properties":{"art":"badi","name":"Frauenbad Stadthausquai"},"geometry":{"type":"Point","coordinates":[8.54215,47.368458]}},{"type":"Feature","properties":{"art":"treff","name":"Gemeinschaftsraum"},"geometry":{"type":"Point","coordinates":[8.610013,47.411763]}},{"type":"Feature","properties":{"art":"treff","name":"Gravity9"},"geometry":{"type":"Point","coordinates":[8.501324,47.385238]}},{"type":"Feature","properties":{"art":"museum","name":"Ortsmuseum Wallisellen"},"geometry":{"type":"Point","coordinates":[8.597923,47.418187]}},{"type":"Feature","properties":{"art":"bar"},"geometry":{"type":"Point","coordinates":[8.534876,47.353511]}},{"type":"Feature","properties":{"art":"restaurant","name":"Schützenruh"},"geometry":{"type":"Point","coordinates":[8.512001,47.353832]}},{"type":"Feature","properties":{"art":"restaurant","name":"Clubhaus TC Belvoir"},"geometry":{"type":"Point","coordinates":[8.533201,47.354891]}},{"type":"Feature","properties":{"art":"bibliothek","name":"ETH-Bibliothek HDB"},"geometry":{"type":"Point","coordinates":[8.508926,47.411003]}},{"type":"Feature","properties":{"art":"restaurant","name":"Tres Amigos"},"geometry":{"type":"Point","coordinates":[8.600881,47.401896]}},{"type":"Feature","properties":{"art":"badi","name":"Kusenbad"},"geometry":{"type":"Point","coordinates":[8.576882,47.322833]}},{"type":"Feature","properties":{"art":"restaurant","name":"Bellavista"},"geometry":{"type":"Point","coordinates":[8.50961,47.410431]}},{"type":"Feature","properties":{"art":"kunst"},"geometry":{"type":"Point","coordinates":[8.59997,47.344892]}},{"type":"Feature","properties":{"art":"treff","name":"Kirchgemeindehaus Kilchbergstrasse"},"geometry":{"type":"Point","coordinates":[8.53397,47.342813]}},{"type":"Feature","properties":{"art":"buehne","name":"Lichthalle MAAG"},"geometry":{"type":"Point","coordinates":[8.516431,47.386612]}},{"type":"Feature","properties":{"art":"museum","name":"Kunsthaus Erweiterung"},"geometry":{"type":"Point","coordinates":[8.549101,47.371089]}},{"type":"Feature","properties":{"art":"restaurant","name":"Bistro Testa Rosso"},"geometry":{"type":"Point","coordinates":[8.442964,47.409474]}},{"type":"Feature","properties":{"art":"restaurant","name":"Bubenholz"},"geometry":{"type":"Point","coordinates":[8.570452,47.433763]}},{"type":"Feature","properties":{"art":"badi","name":"Strandbad Küsnacht"},"geometry":{"type":"Point","coordinates":[8.5835,47.309912]}},{"type":"Feature","properties":{"art":"badi"},"geometry":{"type":"Point","coordinates":[8.537404,47.361513]}},{"type":"Feature","properties":{"art":"badi","name":"Seebad Katzensee"},"geometry":{"type":"Point","coordinates":[8.493259,47.430859]}},{"type":"Feature","properties":{"art":"badi"},"geometry":{"type":"Point","coordinates":[8.48458,47.402333]}},{"type":"Feature","properties":{"art":"museum","name":"Kulturama"},"geometry":{"type":"Point","coordinates":[8.555615,47.368722]}},{"type":"Feature","properties":{"art":"badi"},"geometry":{"type":"Point","coordinates":[8.54698,47.361536]}},{"type":"Feature","properties":{"art":"buehne","name":"Rote Fabrik"},"geometry":{"type":"Point","coordinates":[8.536375,47.343286]}},{"type":"Feature","properties":{"art":"kunst","name":"Snow Moon"},"geometry":{"type":"Point","coordinates":[8.538498,47.369734]}},{"type":"Feature","properties":{"art":"museum","name":"Kunst-Schatulle"},"geometry":{"type":"Point","coordinates":[8.575252,47.337973]}},{"type":"Feature","properties":{"art":"bar","name":"Mirage Bar"},"geometry":{"type":"Point","coordinates":[8.558066,47.439997]}},{"type":"Feature","properties":{"art":"kunst","name":"Georg Büchner Platz"},"geometry":{"type":"Point","coordinates":[8.55001,47.396909]}},{"type":"Feature","properties":{"art":"kunst","name":"Ganymed"},"geometry":{"type":"Point","coordinates":[8.541214,47.366014]}},{"type":"Feature","properties":{"art":"kunst"},"geometry":{"type":"Point","coordinates":[8.541562,47.367064]}},{"type":"Feature","properties":{"art":"cafe","name":"Hoch3"},"geometry":{"type":"Point","coordinates":[8.586194,47.35808]}},{"type":"Feature","properties":{"art":"restaurant","name":"Cafeteria Atrium"},"geometry":{"type":"Point","coordinates":[8.549606,47.397121]}},{"type":"Feature","properties":{"art":"museum","name":"Lindt Home of Chocolate"},"geometry":{"type":"Point","coordinates":[8.550954,47.318354]}},{"type":"Feature","properties":{"art":"buehne","name":"Kinder Zirkus Robinson"},"geometry":{"type":"Point","coordinates":[8.536948,47.403503]}},{"type":"Feature","properties":{"art":"buehne","name":"StageOne Event & Convention Hall"},"geometry":{"type":"Point","coordinates":[8.539133,47.411255]}},{"type":"Feature","properties":{"art":"treff","name":"Peppermind"},"geometry":{"type":"Point","coordinates":[8.526754,47.312578]}},{"type":"Feature","properties":{"art":"badi","name":"Schwimmbad Geren"},"geometry":{"type":"Point","coordinates":[8.431145,47.354914]}},{"type":"Feature","properties":{"art":"restaurant"},"geometry":{"type":"Point","coordinates":[8.623708,47.414987]}},{"type":"Feature","properties":{"art":"badi","name":"Flussbad Oberer Letten"},"geometry":{"type":"Point","coordinates":[8.536456,47.384451]}},{"type":"Feature","properties":{"art":"bar","name":"waldkantine"},"geometry":{"type":"Point","coordinates":[8.596565,47.395925]}},{"type":"Feature","properties":{"art":"badi","name":"Hallenbad Heslibach"},"geometry":{"type":"Point","coordinates":[8.585356,47.313614]}},{"type":"Feature","properties":{"art":"bar","name":"Hop Up Hardwald"},"geometry":{"type":"Point","coordinates":[8.602696,47.403623]}},{"type":"Feature","properties":{"art":"treff","name":"Kirchgemeindehaus Kilchbergstrasse"},"geometry":{"type":"Point","coordinates":[8.534081,47.342719]}},{"type":"Feature","properties":{"art":"bibliothek","name":"ICZ Bibliothek"},"geometry":{"type":"Point","coordinates":[8.532365,47.363278]}},{"type":"Feature","properties":{"art":"cafe"},"geometry":{"type":"Point","coordinates":[8.594623,47.417365]}},{"type":"Feature","properties":{"art":"kunst","name":"Ruhende"},"geometry":{"type":"Point","coordinates":[8.563286,47.410091]}},{"type":"Feature","properties":{"art":"bar"},"geometry":{"type":"Point","coordinates":[8.508746,47.352286]}},{"type":"Feature","properties":{"art":"bar"},"geometry":{"type":"Point","coordinates":[8.511923,47.353735]}},{"type":"Feature","properties":{"art":"buehne"},"geometry":{"type":"Point","coordinates":[8.505817,47.360718]}},{"type":"Feature","properties":{"art":"restaurant","name":"Swisscom Restaurant Binz"},"geometry":{"type":"Point","coordinates":[8.510092,47.362376]}},{"type":"Feature","properties":{"art":"cafe","name":"Swisscom Cafe Binz"},"geometry":{"type":"Point","coordinates":[8.510037,47.362002]}},{"type":"Feature","properties":{"art":"restaurant","name":"Swiss Life Restaurant Binz49"},"geometry":{"type":"Point","coordinates":[8.510473,47.361729]}},{"type":"Feature","properties":{"art":"kunst","name":"Leutschenlicht"},"geometry":{"type":"Point","coordinates":[8.555691,47.417162]}},{"type":"Feature","properties":{"art":"restaurant","name":"Haferl & Seidl"},"geometry":{"type":"Point","coordinates":[8.516535,47.363056]}},{"type":"Feature","properties":{"art":"bar","name":"Lotti's"},"geometry":{"type":"Point","coordinates":[8.526907,47.313171]}},{"type":"Feature","properties":{"art":"restaurant"},"geometry":{"type":"Point","coordinates":[8.550419,47.409418]}},{"type":"Feature","properties":{"art":"bibliothek","name":"UZH Englisches Seminar Bibliothek"},"geometry":{"type":"Point","coordinates":[8.555564,47.372681]}},{"type":"Feature","properties":{"art":"cafe","name":"Parkplatz - Buvette"},"geometry":{"type":"Point","coordinates":[8.532721,47.387727]}},{"type":"Feature","properties":{"art":"restaurant","name":"grepery"},"geometry":{"type":"Point","coordinates":[8.599889,47.399243]}},{"type":"Feature","properties":{"art":"kunst"},"geometry":{"type":"Point","coordinates":[8.625001,47.436383]}},{"type":"Feature","properties":{"art":"restaurant","name":"The Pavilion"},"geometry":{"type":"Point","coordinates":[8.602363,47.396358]}},{"type":"Feature","properties":{"art":"restaurant","name":"White Elephant"},"geometry":{"type":"Point","coordinates":[8.540387,47.382769]}},{"type":"Feature","properties":{"art":"bar","name":"Micas Garten"},"geometry":{"type":"Point","coordinates":[8.475839,47.393528]}},{"type":"Feature","properties":{"art":"badi","name":"Männerbad Schanzengraben"},"geometry":{"type":"Point","coordinates":[8.532717,47.371277]}},{"type":"Feature","properties":{"art":"museum","name":"Galerie Stephan Witschi"},"geometry":{"type":"Point","coordinates":[8.529414,47.378367]}},{"type":"Feature","properties":{"art":"restaurant","name":"Gül"},"geometry":{"type":"Point","coordinates":[8.52915,47.378491]}},{"type":"Feature","properties":{"art":"treff","name":"Speicher Obere Mühle"},"geometry":{"type":"Point","coordinates":[8.623957,47.394992]}},{"type":"Feature","properties":{"art":"museum","name":"Kunstkabine"},"geometry":{"type":"Point","coordinates":[8.550355,47.409554]}},{"type":"Feature","properties":{"art":"buehne","name":"Graffland"},"geometry":{"type":"Point","coordinates":[8.56796,47.421595]}},{"type":"Feature","properties":{"art":"kunst"},"geometry":{"type":"Point","coordinates":[8.534268,47.341291]}},{"type":"Feature","properties":{"art":"kunst","name":"Axiomat"},"geometry":{"type":"Point","coordinates":[8.536489,47.345663]}},{"type":"Feature","properties":{"art":"kunst"},"geometry":{"type":"Point","coordinates":[8.537335,47.327772]}},{"type":"Feature","properties":{"art":"cafe","name":"Pavillon S"},"geometry":{"type":"Point","coordinates":[8.565772,47.407006]}},{"type":"Feature","properties":{"art":"kunst"},"geometry":{"type":"Point","coordinates":[8.54187,47.332286]}}]}