{"type":"FeatureCollection","features":[{"type":"Feature","properties":{},"geometry":{"type":"LineString","coordinates":[[8.498684,47.402085],[8.497935,47.402024],[8.497896,47.402024],[8.497857,47.402026]]}},{"type":"Feature","properties":{},"geometry":{"type":"LineString","coordinates":[[8.49929,47.402037],[8.499218,47.402055],[8.499144,47.402069],[8.499068,47.402081],[8.498992,47.402089],[8.498915,47.402093],[8.498838,47.402094],[8.498761,47.402091],[8.498684,47.402085]]}},{"type":"Feature","properties":{},"geometry":{"type":"LineString","coordinates":[[8.499591,47.401081],[8.499433,47.401222]]}},{"type":"Feature","properties":{},"geometry":{"type":"LineString","coordinates":[[8.503179,47.399509],[8.502864,47.399648],[8.50239,47.399823],[8.502281,47.399864]]}},{"type":"Feature","properties":{},"geometry":{"type":"LineString","coordinates":[[8.499164,47.401627],[8.49916,47.401656],[8.499157,47.401684],[8.499157,47.401712],[8.49916,47.401741],[8.499164,47.401769],[8.49917,47.401797],[8.499179,47.401825],[8.499189,47.401853],[8.49929,47.402037]]}},{"type":"Feature","properties":{},"geometry":{"type":"LineString","coordinates":[[8.499433,47.401222],[8.499358,47.401288],[8.499319,47.401326],[8.499283,47.401365],[8.499252,47.401406],[8.499225,47.401448],[8.499203,47.401492],[8.499185,47.401536],[8.499172,47.401581],[8.499164,47.401627]]}},{"type":"Feature","properties":{},"geometry":{"type":"LineString","coordinates":[[8.510989,47.397909],[8.510472,47.398055]]}},{"type":"Feature","properties":{},"geometry":{"type":"LineString","coordinates":[[8.508798,47.398849],[8.508937,47.398872],[8.509212,47.398921],[8.509271,47.398929],[8.509331,47.398935]]}},{"type":"Feature","properties":{},"geometry":{"type":"LineString","coordinates":[[8.509331,47.398935],[8.509395,47.398938],[8.50946,47.39894],[8.509525,47.39894],[8.50959,47.398938],[8.509641,47.398935],[8.509691,47.39893],[8.509742,47.398925],[8.509792,47.398917]]}},{"type":"Feature","properties":{},"geometry":{"type":"LineString","coordinates":[[8.509792,47.398917],[8.509817,47.399018],[8.509821,47.399033],[8.509822,47.399048],[8.509821,47.399063],[8.509818,47.399078],[8.509813,47.399092],[8.509806,47.399107],[8.509797,47.39912],[8.509786,47.399133],[8.509635,47.399259],[8.509508,47.399368],[8.509329,47.399539],[8.509215,47.399674],[8.508989,47.399929],[8.508917,47.400023]]}},{"type":"Feature","properties":{},"geometry":{"type":"LineString","coordinates":[[8.510472,47.398055],[8.509752,47.398258],[8.509698,47.398274],[8.509645,47.398291],[8.509593,47.398309],[8.509542,47.398328],[8.509492,47.398347],[8.509442,47.398369],[8.509394,47.398391],[8.509346,47.398414],[8.5093,47.398438],[8.509255,47.398463],[8.50921,47.398488],[8.509167,47.398515],[8.509126,47.398543],[8.509085,47.398572],[8.509046,47.398601],[8.509008,47.398631],[8.508842,47.398777],[8.508827,47.398794],[8.508815,47.398811],[8.508805,47.39883],[8.508798,47.398849]]}},{"type":"Feature","properties":{},"geometry":{"type":"LineString","coordinates":[[8.510063,47.396023],[8.50993,47.396053],[8.5098,47.396086],[8.50967,47.396121],[8.509542,47.39616],[8.509412,47.396198],[8.508573,47.396453],[8.508297,47.396539],[8.508214,47.396566]]}},{"type":"Feature","properties":{},"geometry":{"type":"LineString","coordinates":[[8.518004,47.394777],[8.517817,47.39481],[8.517629,47.394842],[8.51744,47.394871],[8.51725,47.394897],[8.515771,47.39509],[8.515586,47.395116],[8.515401,47.395143],[8.515216,47.395173],[8.515033,47.395204]]}},{"type":"Feature","properties":{},"geometry":{"type":"LineString","coordinates":[[8.511663,47.395825],[8.511582,47.395833],[8.510774,47.39591],[8.510683,47.39592],[8.510594,47.395931],[8.510504,47.395943],[8.510415,47.395957],[8.510326,47.395972],[8.510238,47.395988],[8.51015,47.396005],[8.510063,47.396023]]}},{"type":"Feature","properties":{},"geometry":{"type":"LineString","coordinates":[[8.49686,47.401938],[8.495605,47.4016],[8.495562,47.401592],[8.495518,47.401586],[8.495473,47.40158],[8.495429,47.401575],[8.495384,47.401571],[8.495339,47.401568],[8.495294,47.401567],[8.495249,47.401566],[8.495204,47.401566],[8.495159,47.401568],[8.495114,47.40157],[8.49507,47.401573],[8.495025,47.401578],[8.494981,47.401583],[8.494937,47.401589],[8.494893,47.401597],[8.494738,47.401623],[8.494584,47.401649],[8.494428,47.401674],[8.494273,47.401697],[8.494117,47.40172],[8.493961,47.401742],[8.493804,47.401762],[8.493648,47.401782]]}},{"type":"Feature","properties":{},"geometry":{"type":"LineString","coordinates":[[8.49686,47.401938],[8.496998,47.40191],[8.49731,47.401873],[8.497479,47.401845],[8.497676,47.401882]]}},{"type":"Feature","properties":{},"geometry":{"type":"LineString","coordinates":[[8.497676,47.401882],[8.497707,47.401894],[8.497736,47.401908],[8.497763,47.401924],[8.497788,47.401941],[8.49781,47.401961],[8.497829,47.401981],[8.497844,47.402003],[8.497857,47.402026]]}},{"type":"Feature","properties":{},"geometry":{"type":"LineString","coordinates":[[8.493722,47.401031],[8.493689,47.401387],[8.493699,47.401728],[8.493648,47.401782]]}},{"type":"Feature","properties":{},"geometry":{"type":"LineString","coordinates":[[8.494559,47.400711],[8.494554,47.400734],[8.494545,47.400757],[8.494531,47.400779],[8.494512,47.400798],[8.494489,47.400816],[8.494463,47.400832],[8.494433,47.400844],[8.494401,47.400854],[8.4942,47.400911],[8.494083,47.400942],[8.494006,47.400963],[8.493825,47.401008],[8.493773,47.401019],[8.493722,47.401031]]}},{"type":"Feature","properties":{},"geometry":{"type":"LineString","coordinates":[[8.49417,47.400218],[8.494267,47.400311],[8.494546,47.400661],[8.494559,47.400711]]}},{"type":"Feature","properties":{},"geometry":{"type":"LineString","coordinates":[[8.495358,47.399797],[8.494809,47.399991],[8.494651,47.40005],[8.494492,47.400108],[8.494331,47.400164],[8.49417,47.400218]]}},{"type":"Feature","properties":{},"geometry":{"type":"LineString","coordinates":[[8.589117,47.400788],[8.589244,47.400718]]}},{"type":"Feature","properties":{},"geometry":{"type":"LineString","coordinates":[[8.502281,47.399864],[8.50126,47.40024],[8.500391,47.400586],[8.5003,47.400621],[8.500212,47.400659],[8.500127,47.400699],[8.500045,47.400742],[8.499966,47.400788],[8.49989,47.400837],[8.499817,47.400888],[8.499749,47.400941],[8.499591,47.401081]]}},{"type":"Feature","properties":{},"geometry":{"type":"LineString","coordinates":[[8.504171,47.398839],[8.504093,47.398913],[8.504013,47.398985],[8.503939,47.399048],[8.503861,47.39911],[8.503781,47.399169],[8.503698,47.399227],[8.503611,47.399283],[8.503523,47.399337],[8.503431,47.399389],[8.503337,47.399439],[8.503179,47.399509]]}},{"type":"Feature","properties":{},"geometry":{"type":"LineString","coordinates":[[8.505226,47.397857],[8.505128,47.397916],[8.505035,47.397977],[8.504945,47.398041],[8.504858,47.398107],[8.504776,47.398175],[8.504698,47.398245],[8.504623,47.398318],[8.504553,47.398392],[8.504511,47.39845],[8.504468,47.398508],[8.504422,47.398565],[8.504375,47.398621],[8.504327,47.398677],[8.504276,47.398732],[8.504224,47.398786],[8.504171,47.398839]]}},{"type":"Feature","properties":{},"geometry":{"type":"LineString","coordinates":[[8.506771,47.397168],[8.505633,47.397654],[8.505527,47.397702],[8.505424,47.397751],[8.505324,47.397803],[8.505226,47.397857]]}},{"type":"Feature","properties":{},"geometry":{"type":"LineString","coordinates":[[8.53214,47.395678],[8.53214,47.395712],[8.532143,47.395745],[8.532148,47.395778],[8.532157,47.395811],[8.532194,47.395948],[8.532408,47.39661],[8.532427,47.396711],[8.532445,47.396812],[8.532462,47.396913],[8.532477,47.397014],[8.53249,47.397115],[8.532503,47.397216],[8.532514,47.397318],[8.532523,47.397419],[8.532475,47.39749]]}},{"type":"Feature","properties":{},"geometry":{"type":"LineString","coordinates":[[8.52971,47.394742],[8.529738,47.394846],[8.530008,47.395815]]}},{"type":"Feature","properties":{},"geometry":{"type":"LineString","coordinates":[[8.49489,47.39851],[8.495358,47.399797]]}},{"type":"Feature","properties":{},"geometry":{"type":"LineString","coordinates":[[8.487927,47.392467],[8.48791,47.392457],[8.487893,47.392448],[8.487875,47.39244],[8.487856,47.392433],[8.487836,47.392427],[8.487816,47.392422],[8.487795,47.392417],[8.487774,47.392414]]}},{"type":"Feature","properties":{},"geometry":{"type":"LineString","coordinates":[[8.560724,47.35437],[8.560569,47.354295],[8.560512,47.354265],[8.560483,47.354213],[8.560462,47.353618]]}},{"type":"Feature","properties":{},"geometry":{"type":"LineString","coordinates":[[8.530008,47.395815],[8.530639,47.395818],[8.530691,47.395818],[8.530743,47.395817],[8.530794,47.395814],[8.530846,47.395811],[8.530897,47.395806],[8.530948,47.395799],[8.530998,47.395792],[8.531048,47.395783],[8.531441,47.395711],[8.53156,47.395689]]}},{"type":"Feature","properties":{},"geometry":{"type":"LineString","coordinates":[[8.53156,47.395689],[8.531627,47.395677],[8.531662,47.395672],[8.531697,47.395668],[8.531732,47.395665],[8.531768,47.395663],[8.531803,47.395662],[8.531839,47.395662],[8.531875,47.395662],[8.53191,47.395664],[8.53214,47.395678]]}},{"type":"Feature","properties":{},"geometry":{"type":"LineString","coordinates":[[8.529508,47.394026],[8.529543,47.394153],[8.529694,47.394687],[8.52971,47.394742]]}},{"type":"Feature","properties":{},"geometry":{"type":"LineString","coordinates":[[8.529365,47.393515],[8.529499,47.393994],[8.529508,47.394026]]}},{"type":"Feature","properties":{},"geometry":{"type":"LineString","coordinates":[[8.529116,47.393065],[8.529197,47.393229],[8.529277,47.393401],[8.529365,47.393515]]}},{"type":"Feature","properties":{},"geometry":{"type":"LineString","coordinates":[[8.523047,47.392766],[8.521559,47.393825]]}},{"type":"Feature","properties":{},"geometry":{"type":"LineString","coordinates":[[8.518783,47.39461],[8.51859,47.394655],[8.518396,47.394698],[8.5182,47.394738],[8.518004,47.394777]]}},{"type":"Feature","properties":{},"geometry":{"type":"LineString","coordinates":[[8.521559,47.393825],[8.521522,47.393824],[8.521484,47.393825],[8.521446,47.393827],[8.521409,47.39383],[8.521372,47.393835],[8.521335,47.393841],[8.521299,47.393849],[8.521264,47.393857],[8.52072,47.394033],[8.519749,47.394341],[8.51963,47.394378],[8.519511,47.394414],[8.519391,47.394449],[8.519271,47.394483],[8.51915,47.394517],[8.519028,47.394549],[8.518906,47.39458],[8.518783,47.39461]]}},{"type":"Feature","properties":{},"geometry":{"type":"LineString","coordinates":[[8.558668,47.356681],[8.558879,47.356407]]}},{"type":"Feature","properties":{},"geometry":{"type":"LineString","coordinates":[[8.560471,47.354627],[8.560724,47.35437]]}},{"type":"Feature","properties":{},"geometry":{"type":"LineString","coordinates":[[8.543263,47.407753],[8.543118,47.4078],[8.542536,47.407992],[8.542411,47.408033]]}},{"type":"Feature","properties":{},"geometry":{"type":"LineString","coordinates":[[8.544084,47.407484],[8.543338,47.407728],[8.543263,47.407753]]}},{"type":"Feature","properties":{},"geometry":{"type":"LineString","coordinates":[[8.555284,47.40523],[8.555308,47.405303],[8.555707,47.405823],[8.555733,47.405864]]}},{"type":"Feature","properties":{},"geometry":{"type":"LineString","coordinates":[[8.532475,47.39749],[8.532488,47.397788],[8.532472,47.397941]]}},{"type":"Feature","properties":{},"geometry":{"type":"LineString","coordinates":[[8.532472,47.397941],[8.532456,47.3981]]}},{"type":"Feature","properties":{},"geometry":{"type":"LineString","coordinates":[[8.533568,47.397787],[8.533238,47.39773],[8.533197,47.397722],[8.533156,47.397717],[8.533115,47.397714],[8.533073,47.397712],[8.533032,47.397713],[8.53299,47.397715],[8.532949,47.39772],[8.532908,47.397726],[8.532869,47.397737],[8.53283,47.397749],[8.532793,47.397762],[8.532758,47.397778],[8.532724,47.397795],[8.532692,47.397814],[8.532662,47.397835],[8.532634,47.397856],[8.532606,47.397885],[8.532579,47.397914],[8.532554,47.397943],[8.532531,47.397974],[8.532509,47.398004],[8.53249,47.398036],[8.532472,47.398068],[8.532456,47.3981]]}},{"type":"Feature","properties":{},"geometry":{"type":"LineString","coordinates":[[8.532456,47.3981],[8.532445,47.398146],[8.532438,47.398192],[8.532437,47.398239],[8.532441,47.398285],[8.532449,47.398332],[8.532462,47.398377],[8.53248,47.398422],[8.532502,47.398466],[8.532529,47.398509],[8.532561,47.39855],[8.532596,47.39859],[8.532636,47.398628],[8.53268,47.398664],[8.532727,47.398698],[8.532777,47.398729],[8.532831,47.398758]]}},{"type":"Feature","properties":{},"geometry":{"type":"LineString","coordinates":[[8.534155,47.398383],[8.534181,47.39829],[8.534191,47.398265],[8.534198,47.398239],[8.534203,47.398213],[8.534207,47.398187],[8.534209,47.39816],[8.534208,47.398134],[8.534206,47.398108],[8.534201,47.398082],[8.534183,47.398048],[8.53416,47.398016],[8.534133,47.397985],[8.534102,47.397957],[8.534067,47.39793],[8.534028,47.397906],[8.533986,47.397884],[8.533942,47.397865],[8.533568,47.397787]]}},{"type":"Feature","properties":{},"geometry":{"type":"LineString","coordinates":[[8.532831,47.398758],[8.532875,47.398777],[8.532919,47.398795],[8.532965,47.398811],[8.533012,47.398827],[8.53306,47.39884],[8.533109,47.398852],[8.533159,47.398863],[8.533209,47.398872]]}},{"type":"Feature","properties":{},"geometry":{"type":"LineString","coordinates":[[8.531896,47.399212],[8.531887,47.39925],[8.531882,47.39929],[8.531882,47.399329],[8.531886,47.399368],[8.531965,47.399802],[8.531977,47.399862],[8.531986,47.399922],[8.531993,47.399982],[8.531998,47.400043],[8.532,47.400103],[8.532,47.400163],[8.531998,47.400224],[8.531993,47.400284],[8.531986,47.400344],[8.531977,47.400404],[8.531965,47.400464],[8.531951,47.400524],[8.531935,47.400583],[8.531916,47.400642],[8.531895,47.400701],[8.531872,47.400759],[8.531699,47.401156]]}},{"type":"Feature","properties":{},"geometry":{"type":"LineString","coordinates":[[8.533568,47.397787],[8.534202,47.397903],[8.534505,47.397934],[8.534897,47.397962],[8.535339,47.397977]]}},{"type":"Feature","properties":{},"geometry":{"type":"LineString","coordinates":[[8.537235,47.396944],[8.536632,47.397248],[8.535798,47.397694],[8.535481,47.397871],[8.535339,47.397977]]}},{"type":"Feature","properties":{},"geometry":{"type":"LineString","coordinates":[[8.532126,47.398824],[8.532105,47.39885],[8.531945,47.399107],[8.53193,47.399132],[8.531917,47.399158],[8.531905,47.399185],[8.531896,47.399212]]}},{"type":"Feature","properties":{},"geometry":{"type":"LineString","coordinates":[[8.522748,47.396988],[8.522666,47.396991],[8.522584,47.396995],[8.522503,47.396999],[8.522421,47.397006],[8.52234,47.397013],[8.522259,47.397021],[8.522178,47.397031],[8.522098,47.397042],[8.522018,47.397054],[8.521939,47.397067],[8.521859,47.397081],[8.521781,47.397097],[8.521703,47.397114],[8.521625,47.397131],[8.521548,47.39715],[8.521472,47.39717],[8.521318,47.397211],[8.521164,47.39725],[8.521009,47.397288],[8.520854,47.397326],[8.520698,47.397362],[8.520541,47.397397],[8.520384,47.397431],[8.520227,47.397464],[8.520047,47.397504],[8.519868,47.397547],[8.519691,47.397593],[8.519515,47.397641],[8.519341,47.397692],[8.519169,47.397745],[8.518998,47.397801],[8.518829,47.397859]]}},{"type":"Feature","properties":{},"geometry":{"type":"LineString","coordinates":[[8.523895,47.396749],[8.523906,47.396762],[8.523915,47.396777],[8.523921,47.396791],[8.523925,47.396807],[8.523926,47.396822],[8.523924,47.396837],[8.52392,47.396853],[8.523914,47.396867],[8.523905,47.396882],[8.523893,47.396895],[8.52388,47.396907],[8.523864,47.396919],[8.523847,47.396929],[8.523828,47.396937],[8.523807,47.396944],[8.523786,47.39695],[8.523705,47.396963],[8.523624,47.396975],[8.523542,47.396984],[8.523459,47.39699],[8.523376,47.396994],[8.523293,47.396995],[8.52321,47.396994],[8.523127,47.396991],[8.522748,47.396988]]}},{"type":"Feature","properties":{},"geometry":{"type":"LineString","coordinates":[[8.524645,47.396597],[8.523895,47.396749]]}},{"type":"Feature","properties":{},"geometry":{"type":"LineString","coordinates":[[8.526887,47.396126],[8.526682,47.396167],[8.524813,47.396557],[8.524645,47.396597]]}},{"type":"Feature","properties":{},"geometry":{"type":"LineString","coordinates":[[8.527032,47.396102],[8.526887,47.396126]]}},{"type":"Feature","properties":{},"geometry":{"type":"LineString","coordinates":[[8.527032,47.396102],[8.527068,47.396116],[8.527106,47.396126],[8.527145,47.396133],[8.527186,47.396137],[8.527227,47.396138],[8.527268,47.396135],[8.527308,47.396129],[8.527346,47.396119],[8.527383,47.396106],[8.527417,47.396091],[8.527447,47.396073],[8.527475,47.396052],[8.527495,47.396039],[8.527517,47.396028],[8.527541,47.39602],[8.527567,47.396014],[8.528896,47.395802],[8.528977,47.395789],[8.529059,47.395778],[8.529141,47.39577],[8.529224,47.395764],[8.529307,47.395761],[8.52939,47.39576],[8.529473,47.395762],[8.529556,47.395766],[8.529613,47.395769],[8.52967,47.395773],[8.529727,47.395778],[8.529784,47.395783],[8.52984,47.39579],[8.529897,47.395797],[8.529953,47.395806],[8.530008,47.395815]]}},{"type":"Feature","properties":{},"geometry":{"type":"LineString","coordinates":[[8.512675,47.397716],[8.512545,47.397718],[8.512415,47.397722],[8.512285,47.397729],[8.512155,47.397737],[8.511559,47.397794],[8.511492,47.397803],[8.511425,47.397813],[8.511359,47.397824],[8.511293,47.397836],[8.511227,47.397849],[8.511163,47.397864],[8.511098,47.39788],[8.511035,47.397897],[8.510989,47.397909]]}},{"type":"Feature","properties":{},"geometry":{"type":"LineString","coordinates":[[8.514466,47.397834],[8.514365,47.39782],[8.514264,47.397809],[8.514162,47.397799],[8.51406,47.397791],[8.513132,47.397727],[8.513018,47.397721],[8.512904,47.397718],[8.51279,47.397716],[8.512675,47.397716]]}},{"type":"Feature","properties":{},"geometry":{"type":"LineString","coordinates":[[8.517998,47.398549],[8.517813,47.398524],[8.517076,47.398324]]}},{"type":"Feature","properties":{},"geometry":{"type":"LineString","coordinates":[[8.515033,47.395204],[8.514842,47.395239],[8.514651,47.395275],[8.514462,47.395313],[8.514273,47.395353],[8.514085,47.395395],[8.513898,47.395439],[8.513712,47.395485],[8.513527,47.395533],[8.513351,47.39557],[8.513173,47.395606],[8.512995,47.39564],[8.512816,47.395671],[8.512636,47.395701],[8.512456,47.395728],[8.512275,47.395754],[8.512093,47.395777],[8.511879,47.395802],[8.511663,47.395825]]}},{"type":"Feature","properties":{},"geometry":{"type":"LineString","coordinates":[[8.517076,47.398324],[8.51701,47.398307],[8.516944,47.398291],[8.516877,47.398276],[8.51681,47.398262],[8.516742,47.398249],[8.516674,47.398237],[8.516605,47.398227],[8.516536,47.398218],[8.516345,47.398192],[8.516122,47.398156],[8.5159,47.398116],[8.51568,47.398073],[8.515461,47.398028],[8.515338,47.397999],[8.515215,47.397972],[8.515092,47.397946],[8.514968,47.397921],[8.514843,47.397897],[8.514718,47.397875],[8.514592,47.397854],[8.514466,47.397834]]}},{"type":"Feature","properties":{},"geometry":{"type":"LineString","coordinates":[[8.518829,47.397859],[8.518774,47.397882],[8.51872,47.397905],[8.518667,47.39793],[8.518616,47.397956],[8.518565,47.397983],[8.518516,47.398011],[8.518468,47.398039],[8.518422,47.398069],[8.518376,47.3981],[8.518333,47.398132],[8.51829,47.398164],[8.51825,47.398198],[8.51821,47.398232],[8.518173,47.398268],[8.518136,47.398303],[8.518102,47.39834],[8.518083,47.398365],[8.518066,47.39839],[8.51805,47.398415],[8.518036,47.398441],[8.518024,47.398468],[8.518013,47.398494],[8.518005,47.398522],[8.517998,47.398549]]}},{"type":"Feature","properties":{},"geometry":{"type":"LineString","coordinates":[[8.508214,47.396566],[8.508105,47.396605],[8.507997,47.396646],[8.50789,47.396688],[8.507786,47.396733],[8.506833,47.397141],[8.506771,47.397168]]}},{"type":"Feature","properties":{},"geometry":{"type":"LineString","coordinates":[[8.559885,47.417888],[8.56091,47.415947],[8.560677,47.415863],[8.561068,47.414799]]}},{"type":"Feature","properties":{},"geometry":{"type":"LineString","coordinates":[[8.544934,47.402589],[8.545223,47.402978]]}},{"type":"Feature","properties":{},"geometry":{"type":"LineString","coordinates":[[8.554969,47.400985],[8.55517,47.401186]]}},{"type":"Feature","properties":{},"geometry":{"type":"LineString","coordinates":[[8.555917,47.401937],[8.555952,47.401971],[8.556163,47.402189]]}},{"type":"Feature","properties":{},"geometry":{"type":"LineString","coordinates":[[8.552897,47.398273],[8.552961,47.398427],[8.553184,47.399009],[8.553287,47.399194],[8.553299,47.399212],[8.553299,47.399215],[8.553297,47.399216],[8.55347,47.399447],[8.553571,47.399567]]}},{"type":"Feature","properties":{},"geometry":{"type":"LineString","coordinates":[[8.55517,47.401186],[8.555629,47.401647],[8.555644,47.401662],[8.555904,47.401924],[8.555917,47.401937]]}},{"type":"Feature","properties":{},"geometry":{"type":"LineString","coordinates":[[8.553571,47.399567],[8.553383,47.399472],[8.553329,47.399437],[8.553275,47.399403],[8.553219,47.399369],[8.553163,47.399336],[8.553106,47.399304],[8.553048,47.399272],[8.552989,47.399242],[8.552929,47.399211],[8.552869,47.399184],[8.552806,47.39916],[8.552741,47.399139],[8.552674,47.39912],[8.552605,47.399105],[8.552535,47.399092],[8.552464,47.399083],[8.552392,47.399077],[8.551236,47.399061],[8.550903,47.399145],[8.5507,47.399333],[8.550672,47.399354],[8.550641,47.399374],[8.550608,47.399391],[8.550574,47.399407],[8.550537,47.399421],[8.550499,47.399433],[8.55046,47.399443],[8.55042,47.399452],[8.550379,47.399457],[8.550338,47.399461],[8.550296,47.399463],[8.550254,47.399462],[8.550212,47.399459],[8.550171,47.399454],[8.550131,47.399447],[8.550091,47.399438],[8.549885,47.399392],[8.549197,47.399554],[8.549158,47.399559],[8.549118,47.399562],[8.549079,47.399562],[8.549039,47.399561],[8.549,47.399557],[8.548962,47.39955],[8.548924,47.399541],[8.548888,47.399531],[8.548853,47.399518],[8.548821,47.399503],[8.54879,47.399486],[8.548761,47.399467],[8.548735,47.399447],[8.548712,47.399425],[8.548691,47.399402],[8.548674,47.399378],[8.548658,47.399364],[8.548641,47.399351],[8.548623,47.399338],[8.548603,47.399327],[8.548582,47.399316],[8.548561,47.399307],[8.548538,47.399298],[8.548514,47.399291],[8.548017,47.399161],[8.547917,47.39922]]}},{"type":"Feature","properties":{},"geometry":{"type":"LineString","coordinates":[[8.547607,47.399549],[8.547623,47.399522],[8.547643,47.399496],[8.547666,47.399472],[8.547694,47.39945],[8.547725,47.399431],[8.547759,47.399414],[8.547796,47.399399],[8.547835,47.399388],[8.547875,47.399379],[8.547917,47.399374],[8.547959,47.399372],[8.548002,47.399373],[8.548044,47.399377],[8.548085,47.399385],[8.548124,47.399395],[8.548161,47.399409]]}},{"type":"Feature","properties":{},"geometry":{"type":"LineString","coordinates":[[8.547158,47.406331],[8.546763,47.406474],[8.546119,47.406739],[8.545934,47.406816],[8.545519,47.406988],[8.545413,47.40703],[8.545306,47.407071],[8.545199,47.407112],[8.545091,47.407152]]}},{"type":"Feature","properties":{},"geometry":{"type":"LineString","coordinates":[[8.551667,47.405252],[8.551093,47.405404],[8.550995,47.405429],[8.550896,47.405452]]}},{"type":"Feature","properties":{},"geometry":{"type":"LineString","coordinates":[[8.556057,47.406427],[8.557199,47.405992],[8.557309,47.405939]]}},{"type":"Feature","properties":{},"geometry":{"type":"LineString","coordinates":[[8.545845,47.404014],[8.546099,47.404464]]}},{"type":"Feature","properties":{},"geometry":{"type":"LineString","coordinates":[[8.546099,47.404464],[8.546572,47.405245]]}},{"type":"Feature","properties":{},"geometry":{"type":"LineString","coordinates":[[8.546572,47.405245],[8.546669,47.405418],[8.547154,47.40623],[8.547169,47.406282],[8.547158,47.406331]]}},{"type":"Feature","properties":{},"geometry":{"type":"LineString","coordinates":[[8.545091,47.407152],[8.544084,47.407484]]}},{"type":"Feature","properties":{},"geometry":{"type":"LineString","coordinates":[[8.535511,47.402483],[8.535595,47.402542],[8.535676,47.402603],[8.535755,47.402665],[8.535832,47.402729],[8.535906,47.402794],[8.535977,47.402861],[8.536046,47.402929],[8.536111,47.402998]]}},{"type":"Feature","properties":{},"geometry":{"type":"LineString","coordinates":[[8.554963,47.404598],[8.554993,47.404711],[8.555014,47.404766],[8.555038,47.404821],[8.555065,47.404875],[8.555095,47.404929],[8.555128,47.404982],[8.555164,47.405034],[8.555202,47.405084],[8.555243,47.405134],[8.555284,47.40523]]}},{"type":"Feature","properties":{},"geometry":{"type":"LineString","coordinates":[[8.554963,47.404598],[8.554838,47.404611],[8.554713,47.404626],[8.554589,47.404641],[8.554464,47.404658],[8.55434,47.404675],[8.554217,47.404694],[8.554093,47.404713],[8.55397,47.404733],[8.553847,47.404754],[8.553725,47.404776],[8.553603,47.404799],[8.553481,47.404822],[8.55336,47.404847],[8.553239,47.404872],[8.553119,47.404899],[8.552999,47.404926]]}},{"type":"Feature","properties":{},"geometry":{"type":"LineString","coordinates":[[8.550896,47.405452],[8.550775,47.405477],[8.550652,47.405499],[8.550118,47.405593],[8.549952,47.405622]]}},{"type":"Feature","properties":{},"geometry":{"type":"LineString","coordinates":[[8.552999,47.404926],[8.552876,47.404953],[8.552142,47.405128],[8.551806,47.405215],[8.551667,47.405252]]}},{"type":"Feature","properties":{},"geometry":{"type":"LineString","coordinates":[[8.555733,47.405864],[8.555809,47.40599],[8.555978,47.406287],[8.556057,47.406427]]}},{"type":"Feature","properties":{},"geometry":{"type":"LineString","coordinates":[[8.548372,47.405902],[8.548142,47.406004],[8.547158,47.406331]]}},{"type":"Feature","properties":{},"geometry":{"type":"LineString","coordinates":[[8.534001,47.40067],[8.534443,47.401291]]}},{"type":"Feature","properties":{},"geometry":{"type":"LineString","coordinates":[[8.534443,47.401291],[8.534505,47.401377],[8.534555,47.401451],[8.534607,47.401524],[8.534661,47.401597],[8.534716,47.401669],[8.534774,47.401741],[8.534832,47.401812],[8.534893,47.401882],[8.534955,47.401952],[8.535019,47.402021],[8.535085,47.402089],[8.535152,47.402157],[8.53522,47.402223],[8.535291,47.402289],[8.535363,47.402355],[8.535436,47.402419],[8.535511,47.402483]]}},{"type":"Feature","properties":{},"geometry":{"type":"LineString","coordinates":[[8.533209,47.398872],[8.533199,47.398948],[8.533194,47.399024],[8.533193,47.3991],[8.533196,47.399176],[8.533204,47.399252],[8.533215,47.399327],[8.533231,47.399403],[8.533251,47.399477],[8.533276,47.399552],[8.533304,47.399625],[8.533336,47.399698],[8.533373,47.39977],[8.533413,47.399841],[8.533457,47.39991],[8.533505,47.399979],[8.533557,47.400046],[8.534001,47.40067]]}},{"type":"Feature","properties":{},"geometry":{"type":"LineString","coordinates":[[8.533209,47.398872],[8.533547,47.398863],[8.533589,47.398861],[8.53363,47.398857],[8.533671,47.398851],[8.533711,47.398843],[8.533751,47.398833],[8.533789,47.398821],[8.533826,47.398807],[8.533861,47.398792],[8.533894,47.398775],[8.533926,47.398756],[8.533956,47.398736],[8.533983,47.398714],[8.534008,47.398691],[8.534031,47.398667],[8.534051,47.398642],[8.534068,47.398616],[8.534155,47.398383]]}},{"type":"Feature","properties":{},"geometry":{"type":"LineString","coordinates":[[8.532126,47.398824],[8.53214,47.398809],[8.532156,47.398794],[8.532175,47.39878],[8.532195,47.398767],[8.532216,47.398756],[8.532239,47.398745],[8.532263,47.398737],[8.532289,47.39873],[8.532315,47.398724],[8.532341,47.39872],[8.532369,47.398717],[8.532396,47.398717],[8.532423,47.398718],[8.532451,47.39872],[8.532477,47.398724],[8.532503,47.39873],[8.532831,47.398758]]}},{"type":"Feature","properties":{},"geometry":{"type":"LineString","coordinates":[[8.547917,47.39922],[8.548038,47.399315],[8.548161,47.399409]]}},{"type":"Feature","properties":{},"geometry":{"type":"LineString","coordinates":[[8.547464,47.398832],[8.547573,47.398931],[8.547686,47.399029],[8.5478,47.399125],[8.547917,47.39922]]}},{"type":"Feature","properties":{},"geometry":{"type":"LineString","coordinates":[[8.545415,47.395966],[8.545438,47.396049],[8.545464,47.396132],[8.545494,47.396214],[8.545527,47.396296],[8.545563,47.396377],[8.545602,47.396458],[8.545644,47.396537],[8.545689,47.396616],[8.545817,47.396808],[8.545949,47.396999],[8.546085,47.397188],[8.546224,47.397377],[8.546368,47.397563],[8.546515,47.397749],[8.546666,47.397933],[8.546821,47.398115],[8.547464,47.398832]]}},{"type":"Feature","properties":{},"geometry":{"type":"LineString","coordinates":[[8.542552,47.399261],[8.542631,47.399302],[8.54269,47.399336],[8.542819,47.3994],[8.542901,47.39944],[8.542986,47.399478],[8.543073,47.399512],[8.543162,47.399545]]}},{"type":"Feature","properties":{},"geometry":{"type":"LineString","coordinates":[[8.544372,47.401893],[8.544934,47.402589]]}},{"type":"Feature","properties":{},"geometry":{"type":"LineString","coordinates":[[8.543721,47.401079],[8.54408,47.401519],[8.544372,47.401893]]}},{"type":"Feature","properties":{},"geometry":{"type":"LineString","coordinates":[[8.545223,47.402978],[8.545422,47.403311]]}},{"type":"Feature","properties":{},"geometry":{"type":"LineString","coordinates":[[8.545422,47.403311],[8.545845,47.404014]]}},{"type":"Feature","properties":{},"geometry":{"type":"LineString","coordinates":[[8.544438,47.399838],[8.545441,47.400028]]}},{"type":"Feature","properties":{},"geometry":{"type":"LineString","coordinates":[[8.545441,47.400028],[8.545582,47.400019],[8.545723,47.400012],[8.545865,47.400008],[8.546007,47.400006],[8.546149,47.400008],[8.54629,47.400012],[8.546432,47.40002],[8.546573,47.40003],[8.54664,47.400029],[8.546706,47.400026],[8.546773,47.400019],[8.546838,47.40001],[8.546902,47.399997],[8.546965,47.399982],[8.547027,47.399965],[8.547087,47.399944],[8.547144,47.399921],[8.5472,47.399895],[8.547252,47.399868],[8.547302,47.399837],[8.547349,47.399805],[8.547393,47.399771],[8.547433,47.399734],[8.54747,47.399697],[8.547607,47.399549]]}},{"type":"Feature","properties":{},"geometry":{"type":"LineString","coordinates":[[8.543162,47.399545],[8.543225,47.399567],[8.543288,47.399589],[8.543353,47.39961],[8.543418,47.399629],[8.543484,47.399647],[8.54355,47.399664],[8.543618,47.39968],[8.543686,47.399694],[8.544438,47.399838]]}},{"type":"Feature","properties":{},"geometry":{"type":"LineString","coordinates":[[8.542741,47.399597],[8.542716,47.399758],[8.543059,47.400195],[8.543721,47.401079]]}},{"type":"Feature","properties":{},"geometry":{"type":"LineString","coordinates":[[8.553571,47.399567],[8.553928,47.399938],[8.554183,47.400196],[8.554289,47.400303],[8.554934,47.40095],[8.554969,47.400985]]}},{"type":"Feature","properties":{},"geometry":{"type":"LineString","coordinates":[[8.53634,47.331143],[8.53634,47.331142],[8.53634,47.331141],[8.53634,47.33114],[8.53634,47.331139],[8.53634,47.331138],[8.536341,47.331137],[8.536341,47.331136],[8.536341,47.331135],[8.536341,47.331135],[8.536341,47.331134],[8.536341,47.331133],[8.536341,47.331132],[8.536341,47.331131],[8.536341,47.33113],[8.536341,47.331129],[8.536341,47.331128],[8.536341,47.331127],[8.536342,47.331127],[8.536342,47.331126],[8.536342,47.331125],[8.536342,47.331124],[8.536342,47.331123],[8.536342,47.331122],[8.536342,47.331121],[8.536342,47.33112],[8.536342,47.331119],[8.536343,47.331119],[8.536343,47.331118],[8.536343,47.331117],[8.536343,47.331116],[8.536343,47.331115],[8.536343,47.331114],[8.536343,47.331113],[8.536343,47.331112],[8.536344,47.331111],[8.536344,47.331111],[8.536344,47.33111],[8.536344,47.331109],[8.536344,47.331108],[8.536344,47.331107],[8.536344,47.331106],[8.536345,47.331105],[8.536345,47.331104],[8.536345,47.331104],[8.536345,47.331103],[8.536345,47.331102],[8.536346,47.331101],[8.536346,47.3311],[8.536346,47.331099],[8.536346,47.331098],[8.536346,47.331097],[8.536346,47.331096],[8.536347,47.331096],[8.536347,47.331095],[8.536347,47.331094],[8.536347,47.331093],[8.536347,47.331092],[8.536348,47.331091],[8.536348,47.33109],[8.536348,47.331089],[8.536348,47.331089],[8.536348,47.331088],[8.536349,47.331087],[8.536349,47.331086],[8.536349,47.331085],[8.536349,47.331084],[8.53635,47.331083],[8.53635,47.331082],[8.53635,47.331082],[8.53635,47.331081],[8.53635,47.33108],[8.536351,47.331079],[8.536351,47.331078],[8.536351,47.331077],[8.536351,47.331076],[8.536352,47.331075],[8.536352,47.331075],[8.536352,47.331074],[8.536352,47.331073],[8.536353,47.331072],[8.536353,47.331071],[8.536353,47.33107],[8.536354,47.331069],[8.536354,47.331068],[8.536354,47.331068],[8.536354,47.331067],[8.536355,47.331066],[8.536355,47.331065],[8.536355,47.331064],[8.536356,47.331063],[8.536356,47.331062],[8.536356,47.331061],[8.536356,47.331061],[8.536357,47.33106],[8.536357,47.331059],[8.536357,47.331058],[8.536358,47.331057],[8.536358,47.331056],[8.536358,47.331055],[8.536359,47.331055],[8.536359,47.331054],[8.536359,47.331053],[8.53636,47.331052],[8.53636,47.331051],[8.53636,47.33105],[8.53636,47.331049],[8.536361,47.331048],[8.536361,47.331048],[8.536361,47.331047],[8.536362,47.331046],[8.536362,47.331045],[8.536363,47.331044],[8.536363,47.331043],[8.536363,47.331042],[8.536364,47.331042],[8.536364,47.331041],[8.536364,47.33104],[8.536365,47.331039],[8.536365,47.331038],[8.536365,47.331037],[8.536366,47.331036],[8.536366,47.331036],[8.536366,47.331035],[8.536367,47.331034],[8.536367,47.331033],[8.536368,47.331032],[8.536368,47.331031],[8.536368,47.331031],[8.536471,47.330786]]}},{"type":"Feature","properties":{},"geometry":{"type":"LineString","coordinates":[[8.53271,47.336188],[8.532834,47.335799],[8.532966,47.335516],[8.532975,47.335502],[8.533061,47.335372],[8.53311,47.335309],[8.533561,47.334729],[8.533624,47.334637]]}},{"type":"Feature","properties":{},"geometry":{"type":"LineString","coordinates":[[8.533624,47.334637],[8.533998,47.334173],[8.534126,47.334015],[8.534154,47.333976]]}},{"type":"Feature","properties":{},"geometry":{"type":"LineString","coordinates":[[8.543574,47.410452],[8.543265,47.410932]]}},{"type":"Feature","properties":{},"geometry":{"type":"LineString","coordinates":[[8.544377,47.408857],[8.544291,47.409044],[8.544106,47.409446],[8.544095,47.409585]]}},{"type":"Feature","properties":{},"geometry":{"type":"LineString","coordinates":[[8.544095,47.409585],[8.543839,47.409694]]}},{"type":"Feature","properties":{},"geometry":{"type":"LineString","coordinates":[[8.543839,47.409694],[8.543882,47.409795],[8.543866,47.409884],[8.543577,47.410398],[8.543574,47.410452]]}},{"type":"Feature","properties":{},"geometry":{"type":"LineString","coordinates":[[8.5449,47.408007],[8.544586,47.408138]]}},{"type":"Feature","properties":{},"geometry":{"type":"LineString","coordinates":[[8.544639,47.408288],[8.544377,47.408857]]}},{"type":"Feature","properties":{},"geometry":{"type":"LineString","coordinates":[[8.544586,47.408138],[8.544601,47.408155],[8.544614,47.408172],[8.544625,47.408191],[8.544633,47.40821],[8.544638,47.408229],[8.544641,47.408248],[8.544641,47.408268],[8.544639,47.408288]]}},{"type":"Feature","properties":{},"geometry":{"type":"LineString","coordinates":[[8.542411,47.408033],[8.54197,47.408178]]}},{"type":"Feature","properties":{},"geometry":{"type":"LineString","coordinates":[[8.557309,47.405939],[8.557437,47.405945],[8.557509,47.405961],[8.557583,47.405976],[8.557657,47.405989],[8.557731,47.406001],[8.557806,47.406011],[8.557881,47.406019],[8.557957,47.406025],[8.558033,47.40603],[8.558109,47.406034],[8.558185,47.406036],[8.558262,47.406036],[8.558338,47.406034],[8.558414,47.406031],[8.55849,47.406026],[8.558566,47.40602],[8.558641,47.406012]]}},{"type":"Feature","properties":{},"geometry":{"type":"LineString","coordinates":[[8.558641,47.406012],[8.560482,47.405847],[8.560705,47.405839],[8.560754,47.405839],[8.560833,47.405839],[8.560912,47.40584],[8.560991,47.405842],[8.56107,47.405845],[8.561149,47.40585],[8.561227,47.405856],[8.561305,47.405863],[8.561383,47.405872],[8.561461,47.405881],[8.561538,47.405892],[8.561615,47.405904],[8.561692,47.405918],[8.561768,47.405932],[8.561843,47.405948],[8.561918,47.405965],[8.561992,47.405983],[8.562066,47.406002],[8.562139,47.406022],[8.562211,47.406044],[8.562283,47.406067],[8.562354,47.406091],[8.562424,47.406116],[8.562493,47.406142],[8.562561,47.406169],[8.562628,47.406197],[8.562694,47.406226],[8.562759,47.406256],[8.562823,47.406288],[8.562886,47.40632],[8.562948,47.406353],[8.563009,47.406388],[8.563068,47.406423]]}},{"type":"Feature","properties":{},"geometry":{"type":"LineString","coordinates":[[8.556708,47.38064],[8.556937,47.380515],[8.558294,47.379766],[8.558402,47.379707]]}},{"type":"Feature","properties":{},"geometry":{"type":"LineString","coordinates":[[8.556365,47.380795],[8.556403,47.380778],[8.556605,47.380696],[8.556708,47.38064]]}},{"type":"Feature","properties":{},"geometry":{"type":"LineString","coordinates":[[8.555395,47.381229],[8.555652,47.381113]]}},{"type":"Feature","properties":{},"geometry":{"type":"LineString","coordinates":[[8.554188,47.383475],[8.554157,47.383519],[8.554122,47.383562],[8.554085,47.383604],[8.554045,47.383644]]}},{"type":"Feature","properties":{},"geometry":{"type":"LineString","coordinates":[[8.551548,47.386625],[8.551481,47.386854],[8.551477,47.386901]]}},{"type":"Feature","properties":{},"geometry":{"type":"LineString","coordinates":[[8.554045,47.383644],[8.554012,47.383674],[8.553978,47.383704],[8.553904,47.383761],[8.55383,47.383818]]}},{"type":"Feature","properties":{},"geometry":{"type":"LineString","coordinates":[[8.547323,47.377149],[8.548385,47.377376]]}},{"type":"Feature","properties":{},"geometry":{"type":"LineString","coordinates":[[8.544274,47.377136],[8.544299,47.378004],[8.544287,47.378736]]}},{"type":"Feature","properties":{},"geometry":{"type":"LineString","coordinates":[[8.542804,47.373431],[8.542812,47.373504],[8.542822,47.373577]]}},{"type":"Feature","properties":{},"geometry":{"type":"LineString","coordinates":[[8.543528,47.375942],[8.543565,47.376053],[8.543601,47.376164],[8.543634,47.376275],[8.543665,47.376386]]}},{"type":"Feature","properties":{},"geometry":{"type":"LineString","coordinates":[[8.536111,47.402998],[8.536158,47.40305],[8.536204,47.403102],[8.536248,47.403156],[8.53629,47.40321],[8.536331,47.403264],[8.53637,47.403319],[8.536407,47.403375],[8.536443,47.403431],[8.53673,47.403926],[8.537594,47.405748],[8.537944,47.406501]]}},{"type":"Feature","properties":{},"geometry":{"type":"LineString","coordinates":[[8.547158,47.406331],[8.547174,47.406358],[8.547187,47.406385],[8.547197,47.406412],[8.547206,47.40644],[8.547211,47.406469],[8.547214,47.406497],[8.547215,47.406525],[8.547212,47.406554]]}},{"type":"Feature","properties":{},"geometry":{"type":"LineString","coordinates":[[8.545861,47.38081],[8.545281,47.381644],[8.545272,47.381658],[8.545265,47.381674],[8.545259,47.381689],[8.545254,47.381705],[8.54525,47.381721],[8.545249,47.381737],[8.545248,47.381753],[8.545249,47.381769]]}},{"type":"Feature","properties":{},"geometry":{"type":"LineString","coordinates":[[8.544284,47.378922],[8.544242,47.379429]]}},{"type":"Feature","properties":{},"geometry":{"type":"LineString","coordinates":[[8.546576,47.379783],[8.546556,47.379808],[8.546043,47.380548],[8.545861,47.38081]]}},{"type":"Feature","properties":{},"geometry":{"type":"LineString","coordinates":[[8.545363,47.38221],[8.545361,47.38231],[8.545351,47.382831],[8.545349,47.382984],[8.545346,47.383104]]}},{"type":"Feature","properties":{},"geometry":{"type":"LineString","coordinates":[[8.546923,47.379347],[8.546576,47.379783]]}},{"type":"Feature","properties":{},"geometry":{"type":"LineString","coordinates":[[8.554929,47.382285],[8.55423,47.383406],[8.55421,47.38344],[8.554188,47.383475]]}},{"type":"Feature","properties":{},"geometry":{"type":"LineString","coordinates":[[8.534781,47.333036],[8.534855,47.332824],[8.535067,47.33235],[8.535069,47.332347],[8.53507,47.332344],[8.535072,47.332341],[8.535073,47.332338],[8.535075,47.332335],[8.535077,47.332332],[8.535078,47.332329],[8.53508,47.332326],[8.535082,47.332323],[8.535083,47.33232],[8.535085,47.332318],[8.535087,47.332315],[8.535088,47.332312],[8.53509,47.332309],[8.535092,47.332306],[8.535094,47.332303],[8.535095,47.3323],[8.535097,47.332297],[8.535099,47.332294],[8.535101,47.332291],[8.535102,47.332288],[8.535104,47.332285],[8.535106,47.332282],[8.535108,47.332279],[8.535109,47.332276],[8.535111,47.332273],[8.535113,47.33227],[8.535115,47.332268],[8.535117,47.332265],[8.535119,47.332262],[8.53512,47.332259],[8.535122,47.332256],[8.535124,47.332253],[8.535126,47.33225],[8.535128,47.332247],[8.53513,47.332244],[8.535132,47.332241],[8.535134,47.332238],[8.535136,47.332236],[8.535137,47.332233],[8.535139,47.33223],[8.535141,47.332227],[8.535143,47.332224],[8.535145,47.332221],[8.535147,47.332218],[8.535149,47.332215],[8.535151,47.332213],[8.535153,47.33221],[8.535155,47.332207],[8.535157,47.332204],[8.535159,47.332201],[8.535161,47.332198],[8.535163,47.332195],[8.535165,47.332193],[8.535167,47.33219],[8.535169,47.332187],[8.535172,47.332184],[8.535174,47.332181],[8.535176,47.332178],[8.535178,47.332175],[8.53518,47.332173],[8.535182,47.33217],[8.535184,47.332167],[8.535186,47.332164],[8.535188,47.332161],[8.535191,47.332158],[8.535193,47.332156],[8.535195,47.332153],[8.535197,47.33215],[8.535199,47.332147],[8.535201,47.332144],[8.535204,47.332142],[8.535206,47.332139],[8.535208,47.332136],[8.53521,47.332133],[8.535212,47.33213],[8.535215,47.332128],[8.535217,47.332125],[8.535219,47.332122],[8.535221,47.332119],[8.535224,47.332117],[8.535226,47.332114],[8.535228,47.332111],[8.53523,47.332108],[8.535233,47.332105],[8.535235,47.332103],[8.535237,47.3321],[8.53524,47.332097],[8.535242,47.332094],[8.535244,47.332092],[8.535247,47.332089],[8.535249,47.332086],[8.535251,47.332083],[8.535254,47.332081],[8.535256,47.332078],[8.535258,47.332075],[8.535261,47.332072],[8.535263,47.33207],[8.535266,47.332067],[8.535268,47.332064],[8.53527,47.332062],[8.535273,47.332059],[8.535275,47.332056],[8.535278,47.332054],[8.53528,47.332051],[8.535283,47.332048],[8.535285,47.332045],[8.535288,47.332043],[8.53529,47.33204],[8.535293,47.332037],[8.535295,47.332035],[8.535298,47.332032],[8.5353,47.332029],[8.535303,47.332027],[8.535305,47.332024],[8.535308,47.332021],[8.53531,47.332019],[8.535313,47.332016],[8.535315,47.332013],[8.535318,47.332011],[8.535321,47.332008],[8.535323,47.332005],[8.535326,47.332003],[8.535328,47.332],[8.535331,47.331997],[8.535333,47.331995],[8.535336,47.331992],[8.535339,47.33199]]}},{"type":"Feature","properties":{},"geometry":{"type":"LineString","coordinates":[[8.534154,47.333976],[8.534317,47.333755],[8.534374,47.333677],[8.534522,47.33345],[8.534652,47.333208],[8.534671,47.333174],[8.534693,47.333141],[8.534781,47.333036]]}},{"type":"Feature","properties":{},"geometry":{"type":"LineString","coordinates":[[8.549952,47.405622],[8.549786,47.405652],[8.548372,47.405902]]}},{"type":"Feature","properties":{},"geometry":{"type":"LineString","coordinates":[[8.547092,47.379139],[8.546923,47.379347]]}},{"type":"Feature","properties":{},"geometry":{"type":"LineString","coordinates":[[8.535339,47.33199],[8.535342,47.331987],[8.535346,47.331984],[8.535349,47.331981],[8.535353,47.331978],[8.535356,47.331975],[8.53536,47.331972],[8.535364,47.331969],[8.535367,47.331967],[8.535371,47.331964],[8.535374,47.331961],[8.535378,47.331958],[8.535381,47.331955],[8.535385,47.331952],[8.535389,47.33195],[8.535392,47.331947],[8.535396,47.331944],[8.535399,47.331941],[8.535403,47.331938],[8.535407,47.331935],[8.53541,47.331933],[8.535414,47.33193],[8.535418,47.331927],[8.535421,47.331924],[8.535425,47.331921],[8.535429,47.331919],[8.535432,47.331916],[8.535436,47.331913],[8.53544,47.33191],[8.535443,47.331907],[8.535447,47.331905],[8.535451,47.331902],[8.535454,47.331899],[8.535458,47.331896],[8.535462,47.331893],[8.535465,47.331891],[8.535469,47.331888],[8.535473,47.331885],[8.535477,47.331882],[8.53548,47.33188],[8.535484,47.331877],[8.535488,47.331874],[8.535492,47.331871],[8.535495,47.331869],[8.535499,47.331866],[8.535503,47.331863],[8.535507,47.33186],[8.53551,47.331858],[8.535514,47.331855],[8.535518,47.331852],[8.535522,47.33185],[8.535526,47.331847],[8.535529,47.331844],[8.535533,47.331841],[8.535537,47.331839],[8.535541,47.331836],[8.535545,47.331833],[8.535548,47.331831],[8.535552,47.331828],[8.535556,47.331825],[8.53556,47.331822],[8.535564,47.33182],[8.535568,47.331817],[8.535571,47.331814],[8.535575,47.331812],[8.535579,47.331809],[8.535583,47.331806],[8.535587,47.331804],[8.535591,47.331801],[8.535595,47.331798],[8.535599,47.331796],[8.535602,47.331793],[8.535606,47.33179],[8.53561,47.331788],[8.535614,47.331785],[8.535618,47.331783],[8.535622,47.33178],[8.535626,47.331777],[8.53563,47.331775],[8.535634,47.331772],[8.535638,47.331769],[8.535642,47.331767],[8.535646,47.331764],[8.535649,47.331761],[8.535653,47.331759],[8.535657,47.331756],[8.535661,47.331754],[8.535665,47.331751],[8.535669,47.331749],[8.535673,47.331746],[8.535677,47.331743],[8.535681,47.331741],[8.535685,47.331738],[8.535689,47.331736],[8.535693,47.331733],[8.535697,47.33173],[8.535701,47.331728],[8.535705,47.331725],[8.535709,47.331723],[8.535713,47.33172],[8.535717,47.331718],[8.535721,47.331715],[8.535725,47.331712],[8.535729,47.33171],[8.535734,47.331707],[8.535738,47.331705],[8.535742,47.331702],[8.535746,47.3317],[8.53575,47.331697],[8.535754,47.331695],[8.535758,47.331692],[8.535762,47.33169],[8.535766,47.331687],[8.53577,47.331685],[8.535774,47.331682],[8.535778,47.33168],[8.535782,47.331677],[8.535787,47.331675],[8.535791,47.331672],[8.535795,47.33167],[8.535799,47.331667],[8.535803,47.331665],[8.535807,47.331662],[8.535811,47.33166],[8.535815,47.331657],[8.53582,47.331655],[8.535824,47.331652],[8.535828,47.33165],[8.535832,47.331647],[8.535835,47.331646],[8.535837,47.331644],[8.53584,47.331643],[8.535843,47.331641],[8.535845,47.331639],[8.535848,47.331638],[8.53585,47.331636],[8.535853,47.331634],[8.535855,47.331633],[8.535858,47.331631],[8.535861,47.331629],[8.535863,47.331628],[8.535866,47.331626],[8.535868,47.331624],[8.535871,47.331623],[8.535873,47.331621],[8.535876,47.331619],[8.535879,47.331618],[8.535881,47.331616],[8.535884,47.331614],[8.535886,47.331613],[8.535889,47.331611],[8.535891,47.331609],[8.535894,47.331608],[8.535896,47.331606],[8.535899,47.331604],[8.535901,47.331602],[8.535904,47.331601],[8.535906,47.331599],[8.535909,47.331597],[8.535911,47.331595],[8.535914,47.331594],[8.535916,47.331592],[8.535919,47.33159],[8.535921,47.331589],[8.535923,47.331587],[8.535926,47.331585],[8.535928,47.331583],[8.535931,47.331582],[8.535933,47.33158],[8.535936,47.331578],[8.535938,47.331576],[8.535941,47.331575],[8.535943,47.331573],[8.535945,47.331571],[8.535948,47.331569],[8.53595,47.331568],[8.535953,47.331566],[8.535955,47.331564],[8.535957,47.331562],[8.53596,47.33156],[8.535962,47.331559],[8.535965,47.331557],[8.535967,47.331555],[8.535969,47.331553],[8.535972,47.331552],[8.535974,47.33155],[8.535976,47.331548],[8.535979,47.331546],[8.535981,47.331544],[8.535983,47.331542],[8.535986,47.331541],[8.535988,47.331539],[8.53599,47.331537],[8.535993,47.331535],[8.535995,47.331533],[8.535997,47.331532],[8.536,47.33153],[8.536002,47.331528],[8.536004,47.331526],[8.536007,47.331524],[8.536009,47.331522],[8.536011,47.331521],[8.536013,47.331519],[8.536016,47.331517],[8.536018,47.331515],[8.53602,47.331513],[8.536023,47.331511],[8.536025,47.331509],[8.536027,47.331508],[8.536029,47.331506],[8.536032,47.331504],[8.536034,47.331502],[8.536036,47.3315],[8.536038,47.331498],[8.53604,47.331496],[8.536043,47.331494],[8.536045,47.331493],[8.536047,47.331491],[8.536049,47.331489],[8.536051,47.331487],[8.536054,47.331485],[8.536056,47.331483],[8.536058,47.331481],[8.53606,47.331479],[8.536062,47.331477],[8.536064,47.331475],[8.536067,47.331474],[8.536069,47.331472],[8.536071,47.33147],[8.536073,47.331468],[8.536075,47.331466],[8.536077,47.331464],[8.536079,47.331462],[8.536082,47.33146],[8.536084,47.331458],[8.536086,47.331456],[8.536088,47.331454],[8.53609,47.331452],[8.536092,47.33145],[8.536094,47.331448],[8.536096,47.331446],[8.536098,47.331445],[8.536101,47.331443],[8.536103,47.331441],[8.536105,47.331439],[8.536107,47.331437],[8.536109,47.331435],[8.536111,47.331433],[8.536113,47.331431],[8.536115,47.331429],[8.536117,47.331427],[8.536119,47.331425],[8.536121,47.331423],[8.536123,47.331421],[8.536125,47.331419],[8.536127,47.331417],[8.536129,47.331415],[8.536131,47.331413],[8.536133,47.331411],[8.536135,47.331409],[8.536137,47.331407],[8.536139,47.331405],[8.536141,47.331403],[8.536143,47.331401],[8.536145,47.331399],[8.536147,47.331397],[8.536149,47.331395],[8.536151,47.331393],[8.536153,47.331391],[8.536155,47.331389],[8.536157,47.331387],[8.536159,47.331385],[8.53616,47.331383],[8.536162,47.331381],[8.536164,47.331379],[8.536166,47.331377],[8.536168,47.331375],[8.53617,47.331373],[8.536172,47.331371],[8.536174,47.331369],[8.536176,47.331367],[8.536177,47.331364],[8.536179,47.331362],[8.536181,47.33136],[8.536183,47.331358],[8.536185,47.331356],[8.536187,47.331354],[8.536189,47.331352],[8.53619,47.33135],[8.536192,47.331348],[8.536194,47.331346],[8.536196,47.331344],[8.536198,47.331342],[8.5362,47.33134],[8.536201,47.331338],[8.536203,47.331336],[8.536205,47.331333],[8.536207,47.331331],[8.536208,47.331329],[8.53621,47.331327],[8.536212,47.331325],[8.536214,47.331323],[8.536216,47.331321],[8.536217,47.331319],[8.536219,47.331317],[8.536221,47.331315],[8.536222,47.331313],[8.536224,47.33131],[8.536226,47.331308],[8.536228,47.331306],[8.536229,47.331304],[8.536231,47.331302],[8.536233,47.3313],[8.536234,47.331298],[8.536236,47.331296],[8.536238,47.331294],[8.53624,47.331291],[8.536241,47.331289],[8.536243,47.331287],[8.536245,47.331285],[8.536246,47.331283],[8.536248,47.331281],[8.536249,47.331279],[8.536251,47.331276],[8.536253,47.331274],[8.536254,47.331272],[8.536256,47.33127],[8.536258,47.331268],[8.536259,47.331266],[8.536261,47.331264],[8.536262,47.331261],[8.536264,47.331259],[8.536266,47.331257],[8.536267,47.331255],[8.536269,47.331253],[8.53627,47.331251],[8.536272,47.331249],[8.536273,47.331246],[8.536275,47.331244],[8.536277,47.331242],[8.536278,47.33124],[8.53628,47.331238],[8.536281,47.331235],[8.536283,47.331233],[8.536284,47.331231],[8.536286,47.331229],[8.536287,47.331227],[8.536289,47.331225],[8.53629,47.331222],[8.536292,47.33122],[8.536293,47.331218],[8.536295,47.331216],[8.536296,47.331214],[8.536298,47.331211],[8.536299,47.331209],[8.536301,47.331207],[8.536302,47.331205],[8.536303,47.331203],[8.536305,47.3312],[8.536306,47.331198],[8.536308,47.331196],[8.536309,47.331194],[8.536311,47.331192],[8.536312,47.331189],[8.536313,47.331187],[8.536315,47.331185],[8.536316,47.331183],[8.536318,47.331181],[8.536319,47.331178],[8.53632,47.331176],[8.536322,47.331174],[8.536323,47.331172],[8.536324,47.331169],[8.536326,47.331167],[8.536327,47.331165],[8.536328,47.331163],[8.53633,47.33116],[8.536331,47.331158],[8.536332,47.331156],[8.536334,47.331154],[8.536335,47.331152],[8.536336,47.331149],[8.536338,47.331147],[8.536339,47.331145],[8.53634,47.331143]]}},{"type":"Feature","properties":{},"geometry":{"type":"LineString","coordinates":[[8.544084,47.407484],[8.544226,47.407687],[8.544243,47.407703],[8.544263,47.407719],[8.544285,47.407732],[8.544309,47.407744],[8.544335,47.407754],[8.544362,47.407762],[8.544391,47.407768],[8.54442,47.407773],[8.544715,47.407835],[8.5449,47.408007]]}},{"type":"Feature","properties":{},"geometry":{"type":"LineString","coordinates":[[8.545503,47.407746],[8.5449,47.408007]]}},{"type":"Feature","properties":{},"geometry":{"type":"LineString","coordinates":[[8.546479,47.40757],[8.546366,47.407548],[8.54633,47.407543],[8.546294,47.40754],[8.546258,47.407538],[8.546221,47.407537],[8.546185,47.407537],[8.546148,47.407539],[8.546112,47.407542],[8.546076,47.407546],[8.54604,47.407551],[8.546005,47.407557],[8.54597,47.407565],[8.545936,47.407574],[8.545903,47.407584],[8.54587,47.407595],[8.545838,47.407607],[8.545807,47.40762],[8.545503,47.407746]]}},{"type":"Feature","properties":{},"geometry":{"type":"LineString","coordinates":[[8.547212,47.406554],[8.547208,47.406584],[8.5472,47.406613],[8.546961,47.407362]]}},{"type":"Feature","properties":{},"geometry":{"type":"LineString","coordinates":[[8.546961,47.407362],[8.546479,47.40757]]}},{"type":"Feature","properties":{},"geometry":{"type":"LineString","coordinates":[[8.554996,47.382177],[8.554929,47.382285]]}},{"type":"Feature","properties":{},"geometry":{"type":"LineString","coordinates":[[8.544242,47.379429],[8.544275,47.379436],[8.544308,47.379441],[8.544342,47.379445],[8.544376,47.379447],[8.54441,47.379448],[8.544445,47.379446],[8.544479,47.379443],[8.544512,47.379438],[8.544545,47.379431],[8.544578,47.379423],[8.544609,47.379413],[8.544639,47.379402],[8.544667,47.379389],[8.544694,47.379374],[8.54472,47.379359],[8.544743,47.379342],[8.544911,47.379194]]}},{"type":"Feature","properties":{},"geometry":{"type":"LineString","coordinates":[[8.555395,47.381229],[8.555407,47.38124],[8.555419,47.381252],[8.555429,47.381264],[8.555438,47.381276],[8.555446,47.381289],[8.555452,47.381302],[8.555458,47.381316],[8.555461,47.381329],[8.555464,47.381343],[8.555465,47.381357],[8.555465,47.381371],[8.555463,47.381385],[8.55546,47.381398],[8.555455,47.381412],[8.55545,47.381425],[8.555442,47.381438],[8.555345,47.381596],[8.555107,47.382001],[8.554996,47.382177]]}},{"type":"Feature","properties":{},"geometry":{"type":"LineString","coordinates":[[8.545249,47.381769],[8.545272,47.381768],[8.545295,47.38177],[8.545316,47.381776],[8.545335,47.381785],[8.545351,47.381797],[8.545362,47.38181],[8.545368,47.381826],[8.54537,47.381841],[8.545364,47.382149],[8.545363,47.38221]]}},{"type":"Feature","properties":{},"geometry":{"type":"LineString","coordinates":[[8.531942,47.384823],[8.533012,47.385601],[8.533084,47.385653],[8.534277,47.386523],[8.53462,47.386768],[8.534913,47.386983]]}},{"type":"Feature","properties":{},"geometry":{"type":"LineString","coordinates":[[8.539469,47.387831],[8.539413,47.387916],[8.53936,47.388001]]}},{"type":"Feature","properties":{},"geometry":{"type":"LineString","coordinates":[[8.54395,47.376726],[8.54392,47.376712],[8.54389,47.376696],[8.543862,47.376679],[8.543836,47.376661],[8.543811,47.376642],[8.543788,47.376622],[8.543766,47.376601],[8.543747,47.37658],[8.543729,47.376557],[8.543714,47.376534],[8.5437,47.376511],[8.543689,47.376486],[8.54368,47.376462],[8.543673,47.376437],[8.543668,47.376412],[8.543665,47.376386]]}},{"type":"Feature","properties":{},"geometry":{"type":"LineString","coordinates":[[8.542822,47.373577],[8.542839,47.37368],[8.542859,47.373782]]}},{"type":"Feature","properties":{},"geometry":{"type":"LineString","coordinates":[[8.528509,47.391373],[8.528531,47.391405],[8.528581,47.391471],[8.528627,47.391538],[8.528671,47.391606],[8.528711,47.391675],[8.528876,47.391978],[8.528912,47.392045],[8.529241,47.39265],[8.529252,47.392672],[8.529257,47.392696],[8.529257,47.392719],[8.529252,47.392743],[8.529136,47.393017],[8.529116,47.393065]]}},{"type":"Feature","properties":{},"geometry":{"type":"LineString","coordinates":[[8.52806,47.390731],[8.528509,47.391373]]}},{"type":"Feature","properties":{},"geometry":{"type":"LineString","coordinates":[[8.542863,47.371555],[8.542847,47.371672],[8.542833,47.371788]]}},{"type":"Feature","properties":{},"geometry":{"type":"LineString","coordinates":[[8.544313,47.368336],[8.544164,47.368475],[8.543839,47.368758]]}},{"type":"Feature","properties":{},"geometry":{"type":"LineString","coordinates":[[8.543031,47.370721],[8.54301,47.370798],[8.542991,47.370875],[8.542931,47.371181]]}},{"type":"Feature","properties":{},"geometry":{"type":"LineString","coordinates":[[8.542965,47.374106],[8.543025,47.374355]]}},{"type":"Feature","properties":{},"geometry":{"type":"LineString","coordinates":[[8.548604,47.376882],[8.548385,47.377376]]}},{"type":"Feature","properties":{},"geometry":{"type":"LineString","coordinates":[[8.562198,47.377668],[8.562206,47.377666],[8.562236,47.377656],[8.562264,47.377643],[8.56229,47.377628],[8.562313,47.377612],[8.562333,47.377593],[8.56235,47.377573],[8.562363,47.377552],[8.562373,47.37753],[8.562546,47.377108],[8.562573,47.377047],[8.562605,47.376987],[8.562642,47.376928],[8.562684,47.376871],[8.56273,47.376816],[8.56278,47.376762],[8.562835,47.37671],[8.562895,47.376661],[8.563452,47.37621]]}},{"type":"Feature","properties":{},"geometry":{"type":"LineString","coordinates":[[8.551787,47.374781],[8.551776,47.374761],[8.551766,47.374741],[8.551758,47.374721],[8.551752,47.3747],[8.551746,47.374679],[8.551743,47.374658],[8.551741,47.374636],[8.55174,47.374615],[8.551741,47.374594],[8.551744,47.374573],[8.551748,47.374552],[8.551754,47.374531],[8.551762,47.37451],[8.55177,47.37449],[8.551781,47.37447],[8.551793,47.37445],[8.552045,47.373912],[8.552039,47.373885],[8.552036,47.373859]]}},{"type":"Feature","properties":{},"geometry":{"type":"LineString","coordinates":[[8.55383,47.383818],[8.553748,47.383882],[8.552301,47.384998],[8.552148,47.385112],[8.552098,47.38515],[8.552053,47.38519],[8.552011,47.385231],[8.551973,47.385275],[8.55194,47.38532],[8.551912,47.385367],[8.551888,47.385415],[8.551869,47.385464],[8.551613,47.386405],[8.551548,47.386625]]}},{"type":"Feature","properties":{},"geometry":{"type":"LineString","coordinates":[[8.544523,47.376764],[8.544488,47.376773],[8.544452,47.37678],[8.544416,47.376786],[8.544379,47.37679],[8.544342,47.376793],[8.544305,47.376794],[8.544267,47.376794],[8.54423,47.376792],[8.544193,47.376789],[8.544156,47.376784],[8.54412,47.376778],[8.544084,47.376771],[8.54405,47.376761],[8.544015,47.376751],[8.543982,47.376739],[8.54395,47.376726]]}},{"type":"Feature","properties":{},"geometry":{"type":"LineString","coordinates":[[8.548385,47.377376],[8.548194,47.377806]]}},{"type":"Feature","properties":{},"geometry":{"type":"LineString","coordinates":[[8.544287,47.378736],[8.544285,47.378897],[8.544284,47.378922]]}},{"type":"Feature","properties":{},"geometry":{"type":"LineString","coordinates":[[8.542785,47.372923],[8.542789,47.373178]]}},{"type":"Feature","properties":{},"geometry":{"type":"LineString","coordinates":[[8.542859,47.373782],[8.54287,47.373826],[8.542903,47.373917]]}},{"type":"Feature","properties":{},"geometry":{"type":"LineString","coordinates":[[8.561017,47.378215],[8.561072,47.378183],[8.561608,47.377877],[8.561673,47.377841],[8.561741,47.377807],[8.561812,47.377777],[8.561885,47.377749],[8.56196,47.377724],[8.562038,47.377702],[8.562117,47.377683],[8.562198,47.377668]]}},{"type":"Feature","properties":{},"geometry":{"type":"LineString","coordinates":[[8.552036,47.373859],[8.552035,47.373837],[8.552036,47.373814],[8.552038,47.373793],[8.552043,47.373771],[8.552049,47.373749],[8.552057,47.373728],[8.552067,47.373707],[8.552079,47.373686],[8.552286,47.373407],[8.552398,47.37329]]}},{"type":"Feature","properties":{},"geometry":{"type":"LineString","coordinates":[[8.552398,47.37329],[8.552793,47.37285],[8.554137,47.371356],[8.554591,47.370865]]}},{"type":"Feature","properties":{},"geometry":{"type":"LineString","coordinates":[[8.544176,47.377004],[8.544523,47.376764]]}},{"type":"Feature","properties":{},"geometry":{"type":"LineString","coordinates":[[8.544911,47.379194],[8.545056,47.379066],[8.545113,47.379028],[8.545168,47.378988],[8.545219,47.378946],[8.545267,47.378903],[8.545311,47.378857],[8.545352,47.37881],[8.54539,47.378762],[8.545423,47.378713],[8.545595,47.378443]]}},{"type":"Feature","properties":{},"geometry":{"type":"LineString","coordinates":[[8.549117,47.375748],[8.548604,47.376882]]}},{"type":"Feature","properties":{},"geometry":{"type":"LineString","coordinates":[[8.548194,47.377806],[8.54786,47.378197],[8.547183,47.379027],[8.547092,47.379139]]}},{"type":"Feature","properties":{},"geometry":{"type":"LineString","coordinates":[[8.542903,47.373917],[8.54295,47.374048],[8.542965,47.374106]]}},{"type":"Feature","properties":{},"geometry":{"type":"LineString","coordinates":[[8.544176,47.377004],[8.544195,47.377018],[8.544212,47.377032],[8.544228,47.377048],[8.544242,47.377064],[8.544253,47.377082],[8.544262,47.377099],[8.544269,47.377118],[8.544274,47.377136]]}},{"type":"Feature","properties":{},"geometry":{"type":"LineString","coordinates":[[8.549117,47.375748],[8.549582,47.375439],[8.551218,47.374957],[8.551308,47.374899],[8.551363,47.374759]]}},{"type":"Feature","properties":{},"geometry":{"type":"LineString","coordinates":[[8.551363,47.374759],[8.551787,47.374781]]}},{"type":"Feature","properties":{},"geometry":{"type":"LineString","coordinates":[[8.558917,47.371844],[8.558908,47.371948],[8.558901,47.371979],[8.558877,47.372057],[8.558627,47.372891],[8.558595,47.372969]]}},{"type":"Feature","properties":{},"geometry":{"type":"LineString","coordinates":[[8.527665,47.390093],[8.527896,47.390505]]}},{"type":"Feature","properties":{},"geometry":{"type":"LineString","coordinates":[[8.52723,47.389317],[8.527665,47.390093]]}},{"type":"Feature","properties":{},"geometry":{"type":"LineString","coordinates":[[8.543312,47.37009],[8.543191,47.370315],[8.54316,47.370378],[8.543132,47.370441],[8.543106,47.370505],[8.543081,47.370569]]}},{"type":"Feature","properties":{},"geometry":{"type":"LineString","coordinates":[[8.540488,47.387935],[8.54055,47.387983],[8.540573,47.388008],[8.540595,47.388034],[8.540616,47.38806],[8.540636,47.388087],[8.540654,47.388114],[8.540671,47.388142],[8.540687,47.388169],[8.540702,47.388198]]}},{"type":"Feature","properties":{},"geometry":{"type":"LineString","coordinates":[[8.535158,47.386813],[8.535503,47.386888],[8.536541,47.38711],[8.537108,47.387225]]}},{"type":"Feature","properties":{},"geometry":{"type":"LineString","coordinates":[[8.535158,47.386813],[8.535062,47.386885],[8.535019,47.38692],[8.534913,47.386983]]}},{"type":"Feature","properties":{},"geometry":{"type":"LineString","coordinates":[[8.525641,47.387397],[8.525165,47.38724],[8.523559,47.386707],[8.523027,47.386533],[8.522958,47.386509],[8.52289,47.386484],[8.522822,47.386458],[8.522756,47.386431],[8.522689,47.386404],[8.522624,47.386376],[8.52256,47.386347],[8.522496,47.386317],[8.522433,47.386286],[8.522371,47.386255],[8.52231,47.386222],[8.522249,47.386189],[8.52219,47.386156],[8.522131,47.386121],[8.522074,47.386086],[8.522017,47.38605],[8.521933,47.385993],[8.521851,47.385933],[8.521772,47.385873],[8.521696,47.38581],[8.521623,47.385746],[8.521554,47.38568],[8.521487,47.385612],[8.521424,47.385543],[8.521377,47.385489],[8.521332,47.385433],[8.521289,47.385377],[8.521248,47.38532],[8.521208,47.385262],[8.521171,47.385204],[8.521135,47.385145],[8.521102,47.385086]]}},{"type":"Feature","properties":{},"geometry":{"type":"LineString","coordinates":[[8.540702,47.388198],[8.540647,47.388323]]}},{"type":"Feature","properties":{},"geometry":{"type":"LineString","coordinates":[[8.545346,47.383104],[8.545337,47.38343],[8.545336,47.383456],[8.545332,47.383482]]}},{"type":"Feature","properties":{},"geometry":{"type":"LineString","coordinates":[[8.558402,47.379707],[8.559333,47.37919],[8.559455,47.379109]]}},{"type":"Feature","properties":{},"geometry":{"type":"LineString","coordinates":[[8.555652,47.381113],[8.556365,47.380795]]}},{"type":"Feature","properties":{},"geometry":{"type":"LineString","coordinates":[[8.544984,47.386777],[8.544972,47.386791],[8.544936,47.386836],[8.544585,47.387272],[8.544578,47.387284],[8.544574,47.387295],[8.544571,47.387308],[8.544569,47.38732],[8.544569,47.387332],[8.544571,47.387344],[8.544575,47.387357],[8.54458,47.387368],[8.54461,47.387422],[8.544645,47.387482]]}},{"type":"Feature","properties":{},"geometry":{"type":"LineString","coordinates":[[8.54562,47.386021],[8.544984,47.386777]]}},{"type":"Feature","properties":{},"geometry":{"type":"LineString","coordinates":[[8.545332,47.383482],[8.545328,47.383503],[8.545322,47.383524],[8.545314,47.383545],[8.545305,47.383565],[8.544861,47.384942],[8.544852,47.384965],[8.544847,47.384989],[8.544846,47.385012],[8.544848,47.385036]]}},{"type":"Feature","properties":{},"geometry":{"type":"LineString","coordinates":[[8.56358,47.37577],[8.563609,47.375755],[8.563637,47.375738],[8.563665,47.37572],[8.56369,47.375702],[8.563763,47.375637],[8.563785,47.375603],[8.563807,47.375567],[8.563827,47.375532],[8.563846,47.375496]]}},{"type":"Feature","properties":{},"geometry":{"type":"LineString","coordinates":[[8.559455,47.379109],[8.559639,47.379003],[8.561017,47.378215]]}},{"type":"Feature","properties":{},"geometry":{"type":"LineString","coordinates":[[8.543576,47.368987],[8.54379,47.36849],[8.543893,47.368318],[8.544054,47.367998],[8.544271,47.367552],[8.544286,47.367517],[8.544298,47.367482],[8.544307,47.367446],[8.544313,47.36741],[8.544316,47.367374],[8.544316,47.367338],[8.544312,47.367302],[8.544305,47.367266],[8.544296,47.367243],[8.544289,47.36722],[8.544284,47.367196],[8.54428,47.367173],[8.544278,47.367149],[8.544278,47.367125],[8.544279,47.367101],[8.544282,47.367078]]}},{"type":"Feature","properties":{},"geometry":{"type":"LineString","coordinates":[[8.544033,47.387779],[8.544105,47.387837],[8.544179,47.387895],[8.544194,47.387909],[8.544204,47.387925],[8.544211,47.387941],[8.544214,47.387959]]}},{"type":"Feature","properties":{},"geometry":{"type":"LineString","coordinates":[[8.551477,47.386901],[8.551471,47.386978],[8.551287,47.388039],[8.551276,47.3881]]}},{"type":"Feature","properties":{},"geometry":{"type":"LineString","coordinates":[[8.527896,47.390505],[8.52806,47.390731]]}},{"type":"Feature","properties":{},"geometry":{"type":"LineString","coordinates":[[8.542552,47.399261],[8.542609,47.399369],[8.542674,47.399483],[8.542741,47.399597]]}},{"type":"Feature","properties":{},"geometry":{"type":"LineString","coordinates":[[8.543185,47.396407],[8.544309,47.396189],[8.545143,47.396026],[8.545192,47.396015],[8.545415,47.395966]]}},{"type":"Feature","properties":{},"geometry":{"type":"LineString","coordinates":[[8.542069,47.396633],[8.542944,47.396454],[8.543185,47.396407]]}},{"type":"Feature","properties":{},"geometry":{"type":"LineString","coordinates":[[8.570588,47.405267],[8.570495,47.405312],[8.570401,47.405357],[8.570305,47.4054],[8.570208,47.405442],[8.57011,47.405482],[8.570011,47.405522],[8.56991,47.40556],[8.569809,47.405596],[8.569591,47.405677],[8.569386,47.405751]]}},{"type":"Feature","properties":{},"geometry":{"type":"LineString","coordinates":[[8.572293,47.409331],[8.572417,47.40933],[8.572541,47.409325],[8.572664,47.409317],[8.572787,47.409305],[8.572908,47.40929],[8.573029,47.409272],[8.573149,47.40925],[8.573267,47.409224],[8.573766,47.409113],[8.574811,47.408873],[8.57496,47.408836]]}},{"type":"Feature","properties":{},"geometry":{"type":"LineString","coordinates":[[8.569386,47.405751],[8.568922,47.405919],[8.568774,47.40598]]}},{"type":"Feature","properties":{},"geometry":{"type":"LineString","coordinates":[[8.542915,47.395803],[8.542987,47.395953],[8.543056,47.396104],[8.543122,47.396255],[8.543185,47.396407]]}},{"type":"Feature","properties":{},"geometry":{"type":"LineString","coordinates":[[8.53877,47.396186],[8.537782,47.39667]]}},{"type":"Feature","properties":{},"geometry":{"type":"LineString","coordinates":[[8.538957,47.396086],[8.53877,47.396186]]}},{"type":"Feature","properties":{},"geometry":{"type":"LineString","coordinates":[[8.537782,47.39667],[8.53762,47.396751],[8.537235,47.396944]]}},{"type":"Feature","properties":{},"geometry":{"type":"LineString","coordinates":[[8.539741,47.395669],[8.538957,47.396086]]}},{"type":"Feature","properties":{},"geometry":{"type":"LineString","coordinates":[[8.540042,47.395499],[8.539741,47.395669]]}},{"type":"Feature","properties":{},"geometry":{"type":"LineString","coordinates":[[8.565245,47.4051],[8.565263,47.405148],[8.565286,47.405194],[8.565314,47.405239],[8.565345,47.405283],[8.565381,47.405325],[8.565421,47.405366],[8.565465,47.405405],[8.565512,47.405442],[8.566785,47.406242],[8.56711,47.406453],[8.567325,47.406605]]}},{"type":"Feature","properties":{},"geometry":{"type":"LineString","coordinates":[[8.57496,47.408836],[8.57508,47.408806],[8.57566,47.408655],[8.576456,47.408441]]}},{"type":"Feature","properties":{},"geometry":{"type":"LineString","coordinates":[[8.570013,47.408824],[8.570076,47.408862],[8.570141,47.408898],[8.570232,47.408945],[8.570327,47.408989],[8.570424,47.409031],[8.570524,47.40907],[8.570626,47.409106],[8.57073,47.409138],[8.570836,47.409168],[8.570945,47.409195]]}},{"type":"Feature","properties":{},"geometry":{"type":"LineString","coordinates":[[8.576456,47.408441],[8.576913,47.408318]]}},{"type":"Feature","properties":{},"geometry":{"type":"LineString","coordinates":[[8.543081,47.370569],[8.543055,47.370645],[8.543031,47.370721]]}},{"type":"Feature","properties":{},"geometry":{"type":"LineString","coordinates":[[8.54614,47.367906],[8.54592,47.368195]]}},{"type":"Feature","properties":{},"geometry":{"type":"LineString","coordinates":[[8.544892,47.367793],[8.544639,47.36803],[8.544313,47.368336]]}},{"type":"Feature","properties":{},"geometry":{"type":"LineString","coordinates":[[8.545325,47.367959],[8.54592,47.368195]]}},{"type":"Feature","properties":{},"geometry":{"type":"LineString","coordinates":[[8.544848,47.385036],[8.544855,47.385063],[8.544866,47.38509],[8.544882,47.385115],[8.544902,47.385139],[8.54548,47.385842],[8.54562,47.386021]]}},{"type":"Feature","properties":{},"geometry":{"type":"LineString","coordinates":[[8.544368,47.387586],[8.544405,47.387567],[8.544443,47.387549],[8.544482,47.387533],[8.544522,47.387518],[8.544645,47.387482]]}},{"type":"Feature","properties":{},"geometry":{"type":"LineString","coordinates":[[8.544033,47.387779],[8.544368,47.387586]]}},{"type":"Feature","properties":{},"geometry":{"type":"LineString","coordinates":[[8.539469,47.387831],[8.539694,47.387851],[8.540118,47.387852]]}},{"type":"Feature","properties":{},"geometry":{"type":"LineString","coordinates":[[8.538034,47.387546],[8.538497,47.387705]]}},{"type":"Feature","properties":{},"geometry":{"type":"LineString","coordinates":[[8.537703,47.387432],[8.537932,47.387512],[8.538034,47.387546]]}},{"type":"Feature","properties":{},"geometry":{"type":"LineString","coordinates":[[8.537108,47.387225],[8.537605,47.387398],[8.537703,47.387432]]}},{"type":"Feature","properties":{},"geometry":{"type":"LineString","coordinates":[[8.538497,47.387705],[8.539123,47.38792],[8.53936,47.388001]]}},{"type":"Feature","properties":{},"geometry":{"type":"LineString","coordinates":[[8.543025,47.374355],[8.54312,47.374743]]}},{"type":"Feature","properties":{},"geometry":{"type":"LineString","coordinates":[[8.542783,47.37279],[8.542785,47.372923]]}},{"type":"Feature","properties":{},"geometry":{"type":"LineString","coordinates":[[8.545817,47.3781],[8.546392,47.377211],[8.546434,47.377155],[8.546475,47.377098],[8.546514,47.377041],[8.546552,47.376984]]}},{"type":"Feature","properties":{},"geometry":{"type":"LineString","coordinates":[[8.542789,47.373178],[8.54279,47.373232],[8.542795,47.373332],[8.542804,47.373431]]}},{"type":"Feature","properties":{},"geometry":{"type":"LineString","coordinates":[[8.545595,47.378443],[8.545666,47.378332],[8.545817,47.3781]]}},{"type":"Feature","properties":{},"geometry":{"type":"LineString","coordinates":[[8.543387,47.375497],[8.543413,47.375567],[8.543423,47.375593],[8.543493,47.375825]]}},{"type":"Feature","properties":{},"geometry":{"type":"LineString","coordinates":[[8.546552,47.376984],[8.547323,47.377149]]}},{"type":"Feature","properties":{},"geometry":{"type":"LineString","coordinates":[[8.54312,47.374743],[8.543149,47.37486],[8.543387,47.375497]]}},{"type":"Feature","properties":{},"geometry":{"type":"LineString","coordinates":[[8.563452,47.37621],[8.563492,47.376178],[8.56358,47.37577]]}},{"type":"Feature","properties":{},"geometry":{"type":"LineString","coordinates":[[8.540118,47.387852],[8.540383,47.387855],[8.540488,47.387935]]}},{"type":"Feature","properties":{},"geometry":{"type":"LineString","coordinates":[[8.554808,47.379853],[8.554836,47.379869],[8.554863,47.379886],[8.554888,47.379904],[8.554912,47.379923],[8.554934,47.379943],[8.554954,47.379964],[8.554973,47.379985],[8.554989,47.380007],[8.555652,47.381113]]}},{"type":"Feature","properties":{},"geometry":{"type":"LineString","coordinates":[[8.555565,47.377589],[8.555552,47.377591],[8.555024,47.37767],[8.554977,47.377678],[8.554931,47.377687],[8.554885,47.377699],[8.554841,47.377711],[8.554797,47.377725],[8.554754,47.37774],[8.554712,47.377757],[8.554671,47.377775],[8.554632,47.377794],[8.554594,47.377814],[8.554557,47.377836],[8.554522,47.377858],[8.554488,47.377882],[8.554457,47.377907],[8.554426,47.377932],[8.554398,47.377959],[8.554098,47.378251],[8.553619,47.378716],[8.553603,47.378733],[8.553588,47.37875],[8.553576,47.378769],[8.553567,47.378788],[8.55356,47.378807],[8.553556,47.378827],[8.553554,47.378847],[8.553556,47.378867],[8.553559,47.378887],[8.553566,47.378906],[8.553574,47.378925],[8.553586,47.378944],[8.5536,47.378961],[8.553616,47.378978],[8.553634,47.378994],[8.553654,47.379008],[8.553812,47.379121],[8.553947,47.379219]]}},{"type":"Feature","properties":{},"geometry":{"type":"LineString","coordinates":[[8.553947,47.379219],[8.554121,47.379345],[8.554808,47.379853]]}},{"type":"Feature","properties":{},"geometry":{"type":"LineString","coordinates":[[8.581145,47.405884],[8.581742,47.406027]]}},{"type":"Feature","properties":{},"geometry":{"type":"LineString","coordinates":[[8.546127,47.391437],[8.546475,47.391621],[8.546586,47.391679],[8.5467,47.391736],[8.546816,47.39179],[8.546935,47.391842],[8.547055,47.391891],[8.547178,47.391938],[8.547303,47.391983],[8.547429,47.392025],[8.547531,47.392061],[8.547633,47.392096],[8.547736,47.392129],[8.547841,47.39216]]}},{"type":"Feature","properties":{},"geometry":{"type":"LineString","coordinates":[[8.541628,47.388476],[8.542187,47.388687],[8.542347,47.38875]]}},{"type":"Feature","properties":{},"geometry":{"type":"LineString","coordinates":[[8.540875,47.388426],[8.541039,47.388385],[8.541168,47.388399],[8.541628,47.388476]]}},{"type":"Feature","properties":{},"geometry":{"type":"LineString","coordinates":[[8.586164,47.401734],[8.587026,47.401521]]}},{"type":"Feature","properties":{},"geometry":{"type":"LineString","coordinates":[[8.545382,47.391006],[8.545564,47.39113],[8.545824,47.391272],[8.546127,47.391437]]}},{"type":"Feature","properties":{},"geometry":{"type":"LineString","coordinates":[[8.549096,47.392413],[8.549891,47.392524],[8.54996,47.392536],[8.550029,47.392545],[8.5501,47.392551],[8.55017,47.392553],[8.550241,47.392553],[8.550312,47.392549],[8.550382,47.392543],[8.550451,47.392533]]}},{"type":"Feature","properties":{},"geometry":{"type":"LineString","coordinates":[[8.572614,47.411182],[8.572732,47.411478],[8.572711,47.411589],[8.572687,47.4117]]}},{"type":"Feature","properties":{},"geometry":{"type":"LineString","coordinates":[[8.587026,47.401521],[8.587584,47.401383],[8.587681,47.401358],[8.587778,47.401331],[8.587875,47.401303],[8.587971,47.401274],[8.588131,47.401222]]}},{"type":"Feature","properties":{},"geometry":{"type":"LineString","coordinates":[[8.584581,47.402081],[8.584774,47.402046],[8.584911,47.402021],[8.585047,47.401994],[8.585183,47.401966],[8.585319,47.401937]]}},{"type":"Feature","properties":{},"geometry":{"type":"LineString","coordinates":[[8.541711,47.392363],[8.541673,47.392435],[8.541638,47.392507],[8.541608,47.39258],[8.541583,47.392654],[8.541564,47.392729],[8.541551,47.392805],[8.541543,47.392882],[8.54154,47.392958],[8.541546,47.39316],[8.541552,47.393236],[8.541561,47.393312],[8.541573,47.393388],[8.541588,47.393464],[8.541607,47.393539],[8.541628,47.393614],[8.541653,47.393689],[8.541681,47.393763]]}},{"type":"Feature","properties":{},"geometry":{"type":"LineString","coordinates":[[8.588326,47.401152],[8.58843,47.401112],[8.588533,47.40107],[8.588634,47.401027],[8.588734,47.400982],[8.588832,47.400936],[8.588928,47.400888],[8.589023,47.400838],[8.589117,47.400788]]}},{"type":"Feature","properties":{},"geometry":{"type":"LineString","coordinates":[[8.581773,47.402682],[8.581924,47.402639],[8.582076,47.402598],[8.582228,47.402559],[8.582381,47.402521],[8.582535,47.402484],[8.582689,47.402448],[8.582845,47.402414],[8.583,47.402381],[8.583297,47.402322],[8.583594,47.402264],[8.583891,47.402209],[8.58419,47.402155],[8.584581,47.402081]]}},{"type":"Feature","properties":{},"geometry":{"type":"LineString","coordinates":[[8.585319,47.401937],[8.585516,47.401892],[8.585712,47.401845],[8.586164,47.401734]]}},{"type":"Feature","properties":{},"geometry":{"type":"LineString","coordinates":[[8.540647,47.388323],[8.540679,47.388331],[8.540711,47.388341],[8.540741,47.388352],[8.54077,47.388365],[8.540799,47.388378],[8.540825,47.388393],[8.540851,47.388409],[8.540875,47.388426]]}},{"type":"Feature","properties":{},"geometry":{"type":"LineString","coordinates":[[8.541681,47.393763],[8.541707,47.393823],[8.541839,47.394077]]}},{"type":"Feature","properties":{},"geometry":{"type":"LineString","coordinates":[[8.542692,47.391538],[8.542318,47.391758],[8.542252,47.391801],[8.542188,47.391845],[8.542127,47.391891],[8.542069,47.391939],[8.542013,47.391988],[8.54196,47.392039],[8.54191,47.39209],[8.541863,47.392144],[8.541821,47.392197],[8.541782,47.392252],[8.541745,47.392307],[8.541711,47.392363]]}},{"type":"Feature","properties":{},"geometry":{"type":"LineString","coordinates":[[8.550882,47.389882],[8.550875,47.390111],[8.550872,47.390174],[8.550873,47.390237],[8.550913,47.390977],[8.550926,47.391209],[8.550955,47.391741],[8.550979,47.392175],[8.550978,47.392204],[8.550973,47.392233],[8.550963,47.392261],[8.550948,47.392289],[8.55093,47.392315],[8.550907,47.392339],[8.550881,47.392362],[8.550851,47.392383],[8.550818,47.392402]]}},{"type":"Feature","properties":{},"geometry":{"type":"LineString","coordinates":[[8.588131,47.401222],[8.588229,47.401188],[8.588326,47.401152]]}},{"type":"Feature","properties":{},"geometry":{"type":"LineString","coordinates":[[8.582208,47.403597],[8.582206,47.403631],[8.582202,47.403665],[8.582197,47.403699],[8.58219,47.403733],[8.582181,47.403767],[8.58217,47.4038],[8.582158,47.403833],[8.582144,47.403866],[8.581776,47.40461],[8.581729,47.404705]]}},{"type":"Feature","properties":{},"geometry":{"type":"LineString","coordinates":[[8.572311,47.410623],[8.572339,47.410645],[8.572364,47.410669],[8.572387,47.410693],[8.572407,47.410719],[8.572466,47.410834],[8.572521,47.410949],[8.57257,47.411065],[8.572614,47.411182]]}},{"type":"Feature","properties":{},"geometry":{"type":"LineString","coordinates":[[8.572687,47.4117],[8.572631,47.411827],[8.572581,47.411954],[8.572576,47.411974],[8.572573,47.411995],[8.572573,47.412015],[8.572576,47.412035],[8.572581,47.412055],[8.572589,47.412075],[8.5726,47.412094],[8.572612,47.412113],[8.572671,47.41217],[8.572682,47.412184],[8.572691,47.412198],[8.572697,47.412213],[8.572702,47.412228],[8.572704,47.412244],[8.572704,47.412259],[8.572702,47.412275],[8.572697,47.41229],[8.572576,47.412523],[8.572553,47.412565],[8.572533,47.412608],[8.572515,47.412651],[8.5725,47.412694],[8.572487,47.412738],[8.572477,47.412783],[8.57247,47.412827],[8.572466,47.412872]]}},{"type":"Feature","properties":{},"geometry":{"type":"LineString","coordinates":[[8.547841,47.39216],[8.547934,47.392187],[8.548027,47.392212],[8.548121,47.392236],[8.548216,47.392259],[8.548311,47.392281],[8.548407,47.392301],[8.548504,47.392321],[8.548601,47.392339],[8.548848,47.392377],[8.549096,47.392413]]}},{"type":"Feature","properties":{},"geometry":{"type":"LineString","coordinates":[[8.567325,47.406605],[8.567509,47.406736],[8.567593,47.406799],[8.567676,47.406863],[8.567757,47.406927],[8.567838,47.406992],[8.567917,47.407057],[8.567996,47.407123],[8.568073,47.40719],[8.568149,47.407257],[8.569465,47.408394],[8.569685,47.408584],[8.569723,47.408616],[8.569761,47.408648],[8.569801,47.408679],[8.569841,47.408709],[8.569883,47.408739],[8.569925,47.408768],[8.569969,47.408796],[8.570013,47.408824]]}},{"type":"Feature","properties":{},"geometry":{"type":"LineString","coordinates":[[8.567325,47.406605],[8.567186,47.406673],[8.567059,47.406732],[8.566935,47.406793],[8.566814,47.406857],[8.566695,47.406924],[8.56658,47.406993],[8.566468,47.407065],[8.56636,47.407139],[8.566255,47.407216]]}},{"type":"Feature","properties":{},"geometry":{"type":"LineString","coordinates":[[8.572284,47.409729],[8.572286,47.409842],[8.572271,47.410046],[8.572276,47.410246],[8.572311,47.410623]]}},{"type":"Feature","properties":{},"geometry":{"type":"LineString","coordinates":[[8.573051,47.406073],[8.573009,47.406265],[8.572941,47.406538],[8.572924,47.406602]]}},{"type":"Feature","properties":{},"geometry":{"type":"LineString","coordinates":[[8.572734,47.40731],[8.572342,47.408888],[8.572293,47.409331]]}},{"type":"Feature","properties":{},"geometry":{"type":"LineString","coordinates":[[8.572711,47.404717],[8.572978,47.405573],[8.573009,47.405689],[8.573037,47.405806],[8.573048,47.405873],[8.573054,47.40594],[8.573055,47.406007],[8.573051,47.406073]]}},{"type":"Feature","properties":{},"geometry":{"type":"LineString","coordinates":[[8.572924,47.406602],[8.572734,47.40731]]}},{"type":"Feature","properties":{},"geometry":{"type":"LineString","coordinates":[[8.572293,47.409331],[8.572278,47.409468],[8.572284,47.409729]]}},{"type":"Feature","properties":{},"geometry":{"type":"LineString","coordinates":[[8.579387,47.407438],[8.579527,47.407373],[8.580927,47.406723],[8.580994,47.406691],[8.581059,47.406657],[8.581121,47.406621],[8.581181,47.406582],[8.581237,47.406541],[8.581289,47.406498],[8.581338,47.406453],[8.581384,47.406407],[8.581742,47.406027]]}},{"type":"Feature","properties":{},"geometry":{"type":"LineString","coordinates":[[8.577842,47.408068],[8.577949,47.408036],[8.578056,47.408002],[8.578162,47.407967],[8.578266,47.407931],[8.57837,47.407892],[8.578472,47.407853],[8.578572,47.407811],[8.578671,47.407768]]}},{"type":"Feature","properties":{},"geometry":{"type":"LineString","coordinates":[[8.578671,47.407768],[8.579387,47.407438]]}},{"type":"Feature","properties":{},"geometry":{"type":"LineString","coordinates":[[8.581729,47.404705],[8.581703,47.404755],[8.581145,47.405884]]}},{"type":"Feature","properties":{},"geometry":{"type":"LineString","coordinates":[[8.541072,47.394669],[8.54171,47.394142],[8.541723,47.394132],[8.541737,47.394122],[8.541752,47.394112],[8.541768,47.394104],[8.541785,47.394096],[8.541802,47.394089],[8.54182,47.394082],[8.541839,47.394077]]}},{"type":"Feature","properties":{},"geometry":{"type":"LineString","coordinates":[[8.540042,47.395499],[8.540265,47.395363],[8.541072,47.394669]]}},{"type":"Feature","properties":{},"geometry":{"type":"LineString","coordinates":[[8.541839,47.394077],[8.542748,47.395519],[8.542915,47.395803]]}},{"type":"Feature","properties":{},"geometry":{"type":"LineString","coordinates":[[8.572782,47.40416],[8.573181,47.404068],[8.573238,47.404042],[8.573294,47.404015],[8.573349,47.403988],[8.573402,47.403959],[8.573455,47.40393],[8.573507,47.403899],[8.573558,47.403868],[8.573607,47.403836],[8.573655,47.403803],[8.573702,47.403769],[8.573748,47.403735],[8.573793,47.4037],[8.573836,47.403664],[8.573878,47.403627],[8.573918,47.40359],[8.573958,47.403552],[8.573967,47.403536],[8.573972,47.40352],[8.573972,47.403504],[8.573967,47.403488],[8.573957,47.403473],[8.573943,47.403459],[8.573925,47.403448],[8.573904,47.40344]]}},{"type":"Feature","properties":{},"geometry":{"type":"LineString","coordinates":[[8.565252,47.408222],[8.565001,47.408513]]}},{"type":"Feature","properties":{},"geometry":{"type":"LineString","coordinates":[[8.5437,47.389823],[8.543456,47.390716],[8.543414,47.390831],[8.543398,47.390866],[8.54338,47.390901],[8.543361,47.390936],[8.54334,47.39097],[8.543318,47.391004],[8.543294,47.391038],[8.54327,47.391071],[8.543244,47.391104],[8.543216,47.391136],[8.543187,47.391168],[8.543157,47.391199],[8.543126,47.391229],[8.543094,47.391259],[8.54306,47.391289],[8.543025,47.391317],[8.542989,47.391345],[8.542954,47.391372],[8.542918,47.391398],[8.542879,47.391423],[8.54284,47.391447],[8.542692,47.391538]]}},{"type":"Feature","properties":{},"geometry":{"type":"LineString","coordinates":[[8.543889,47.389159],[8.54376,47.389622],[8.5437,47.389823]]}},{"type":"Feature","properties":{},"geometry":{"type":"LineString","coordinates":[[8.544214,47.387959],[8.544175,47.388092],[8.543889,47.389159]]}},{"type":"Feature","properties":{},"geometry":{"type":"LineString","coordinates":[[8.551276,47.3881],[8.551269,47.388141],[8.551157,47.388769],[8.551142,47.388906],[8.551122,47.389435],[8.551116,47.389598]]}},{"type":"Feature","properties":{},"geometry":{"type":"LineString","coordinates":[[8.543263,47.389479],[8.5437,47.389823]]}},{"type":"Feature","properties":{},"geometry":{"type":"LineString","coordinates":[[8.563448,47.404043],[8.563467,47.404061],[8.563487,47.404077],[8.563509,47.404092],[8.563533,47.404106],[8.563558,47.404119],[8.563584,47.404131],[8.563612,47.404142],[8.56364,47.404151],[8.563669,47.404158],[8.5637,47.404165],[8.56373,47.404169],[8.563761,47.404173],[8.563793,47.404174],[8.563824,47.404175],[8.563856,47.404173],[8.563887,47.40417],[8.564321,47.404101],[8.564353,47.404097],[8.564385,47.404095],[8.564417,47.404094],[8.564449,47.404094],[8.564481,47.404095],[8.564513,47.404097],[8.564545,47.404101],[8.564577,47.404105],[8.564608,47.40411],[8.564639,47.404117],[8.564669,47.404124],[8.564699,47.404132],[8.564728,47.404142],[8.564756,47.404152],[8.564784,47.404163],[8.564811,47.404175],[8.564836,47.404189],[8.564861,47.404202],[8.564885,47.404217],[8.564908,47.404233],[8.56493,47.404249],[8.56495,47.404266],[8.564969,47.404283],[8.564987,47.404301],[8.565004,47.40432],[8.565019,47.404339],[8.565032,47.404359],[8.565045,47.404379],[8.565056,47.4044],[8.565065,47.404421],[8.565073,47.404442],[8.565079,47.404463],[8.565219,47.404988],[8.565223,47.405016],[8.565229,47.405044],[8.565236,47.405073],[8.565245,47.4051]]}},{"type":"Feature","properties":{},"geometry":{"type":"LineString","coordinates":[[8.562067,47.404198],[8.56293,47.404114],[8.563448,47.404043]]}},{"type":"Feature","properties":{},"geometry":{"type":"LineString","coordinates":[[8.559467,47.403326],[8.559579,47.403394],[8.559768,47.403509],[8.559862,47.403563],[8.559912,47.403594],[8.559964,47.403624],[8.560019,47.403651],[8.560076,47.403676],[8.560136,47.403698],[8.560197,47.403718],[8.560259,47.403736],[8.560323,47.403751],[8.560453,47.403783],[8.560588,47.40381],[8.561338,47.403926],[8.561478,47.403947],[8.561606,47.403969],[8.561641,47.403976],[8.561676,47.403984],[8.56171,47.403993],[8.561743,47.404003],[8.561776,47.404014],[8.561807,47.404027],[8.561838,47.40404],[8.561868,47.404054],[8.561897,47.404069],[8.561925,47.404085],[8.561952,47.404102],[8.561977,47.404119],[8.562002,47.404138],[8.562025,47.404157],[8.562047,47.404177],[8.562067,47.404198]]}},{"type":"Feature","properties":{},"geometry":{"type":"LineString","coordinates":[[8.589244,47.400718],[8.589427,47.400619],[8.589527,47.400564],[8.58963,47.40051],[8.589734,47.400458],[8.58984,47.400407]]}},{"type":"Feature","properties":{},"geometry":{"type":"LineString","coordinates":[[8.566255,47.407216],[8.56619,47.407263],[8.566128,47.407312],[8.566068,47.407363],[8.566011,47.407415]]}},{"type":"Feature","properties":{},"geometry":{"type":"LineString","coordinates":[[8.565258,47.407865],[8.565443,47.407999]]}},{"type":"Feature","properties":{},"geometry":{"type":"LineString","coordinates":[[8.556163,47.402189],[8.556221,47.402247],[8.556281,47.402303],[8.556345,47.402357],[8.556412,47.40241],[8.556482,47.40246],[8.556555,47.402509],[8.556631,47.402556],[8.556709,47.402601],[8.55679,47.402643],[8.556874,47.402684],[8.556959,47.402722],[8.557047,47.402758],[8.557137,47.402792],[8.557228,47.402823],[8.557322,47.402851],[8.557417,47.402877]]}},{"type":"Feature","properties":{},"geometry":{"type":"LineString","coordinates":[[8.568774,47.40598],[8.568345,47.406159],[8.568229,47.406204],[8.568114,47.406251],[8.568,47.406298],[8.567887,47.406346],[8.567775,47.406395],[8.567663,47.406445],[8.567552,47.406496],[8.567442,47.406547],[8.567325,47.406605]]}},{"type":"Feature","properties":{},"geometry":{"type":"LineString","coordinates":[[8.576913,47.408318],[8.577842,47.408068]]}},{"type":"Feature","properties":{},"geometry":{"type":"LineString","coordinates":[[8.570945,47.409195],[8.571008,47.409208],[8.571072,47.409221],[8.571137,47.409233],[8.571202,47.409244],[8.571267,47.409253],[8.571333,47.409261],[8.571399,47.409269],[8.571465,47.409275],[8.571815,47.409304],[8.571897,47.409311],[8.571996,47.409319],[8.572095,47.409325],[8.572194,47.409329],[8.572293,47.409331]]}},{"type":"Feature","properties":{},"geometry":{"type":"LineString","coordinates":[[8.559282,47.40323],[8.559467,47.403326]]}},{"type":"Feature","properties":{},"geometry":{"type":"LineString","coordinates":[[8.557417,47.402877],[8.557546,47.402904],[8.557676,47.402928],[8.557807,47.402951],[8.557938,47.402972],[8.558634,47.403069],[8.55872,47.403079],[8.558804,47.403093],[8.558887,47.403109],[8.558969,47.403128],[8.55905,47.40315],[8.559129,47.403174],[8.559207,47.403201],[8.559282,47.40323]]}},{"type":"Feature","properties":{},"geometry":{"type":"LineString","coordinates":[[8.550721,47.392844],[8.550934,47.39313],[8.551084,47.393342],[8.551196,47.393575],[8.55129,47.393763],[8.551396,47.394022],[8.551688,47.394798],[8.55174,47.394938]]}},{"type":"Feature","properties":{},"geometry":{"type":"LineString","coordinates":[[8.55174,47.394938],[8.551801,47.395067],[8.552153,47.395802],[8.552501,47.396511]]}},{"type":"Feature","properties":{},"geometry":{"type":"LineString","coordinates":[[8.552501,47.396511],[8.552542,47.396637],[8.552562,47.396701],[8.552602,47.396859],[8.552621,47.397005],[8.552639,47.397406],[8.552663,47.397537],[8.552793,47.397995],[8.552897,47.398273]]}},{"type":"Feature","properties":{},"geometry":{"type":"LineString","coordinates":[[8.550451,47.392533],[8.550721,47.392844]]}},{"type":"Feature","properties":{},"geometry":{"type":"LineString","coordinates":[[8.540929,47.396857],[8.541088,47.397088],[8.542489,47.399138]]}},{"type":"Feature","properties":{},"geometry":{"type":"LineString","coordinates":[[8.540929,47.396857],[8.541543,47.39674],[8.542069,47.396633]]}},{"type":"Feature","properties":{},"geometry":{"type":"LineString","coordinates":[[8.565005,47.352771],[8.565048,47.352746],[8.565091,47.352722],[8.565136,47.352699],[8.565182,47.352677],[8.565432,47.352563],[8.565527,47.352517],[8.565618,47.352469],[8.565706,47.352419],[8.565792,47.352366],[8.565874,47.352311],[8.565953,47.352254],[8.566028,47.352195],[8.5661,47.352133],[8.56651,47.351767]]}},{"type":"Feature","properties":{},"geometry":{"type":"LineString","coordinates":[[8.569503,47.351978],[8.569652,47.352061],[8.56969,47.352076],[8.56973,47.352088],[8.569771,47.352099],[8.569814,47.352107],[8.571695,47.3523],[8.571742,47.352308],[8.571789,47.352317],[8.571835,47.352327],[8.57188,47.352339],[8.571925,47.352352],[8.571969,47.352366],[8.572011,47.352382],[8.572053,47.352398],[8.572094,47.352416],[8.572134,47.352435],[8.572173,47.352455],[8.57221,47.352476],[8.572246,47.352498],[8.572281,47.352521],[8.572314,47.352545],[8.572346,47.352569],[8.572375,47.352591],[8.572421,47.352624]]}},{"type":"Feature","properties":{},"geometry":{"type":"LineString","coordinates":[[8.56286,47.354942],[8.563146,47.354495],[8.56319,47.354438],[8.563235,47.354382],[8.563283,47.354327],[8.563332,47.354272],[8.563382,47.354218],[8.563435,47.354165],[8.563489,47.354113],[8.563545,47.354061],[8.564825,47.352898],[8.564867,47.352865],[8.564912,47.352832],[8.564958,47.352801],[8.565005,47.352771]]}},{"type":"Feature","properties":{},"geometry":{"type":"LineString","coordinates":[[8.561489,47.355088],[8.56263,47.355084],[8.562647,47.355084],[8.562664,47.355083],[8.56268,47.355081],[8.562697,47.355079],[8.562713,47.355075],[8.562728,47.35507],[8.562743,47.355065],[8.562757,47.355059],[8.562771,47.355052],[8.562783,47.355044],[8.562794,47.355035],[8.562805,47.355026],[8.562814,47.355016],[8.562821,47.355006],[8.562828,47.354996],[8.562833,47.354985],[8.56286,47.354942]]}},{"type":"Feature","properties":{},"geometry":{"type":"LineString","coordinates":[[8.556842,47.35301],[8.556952,47.352969],[8.557059,47.352925],[8.557164,47.352878],[8.557267,47.352829],[8.557367,47.352777],[8.557464,47.352723],[8.557559,47.352667],[8.55765,47.352609],[8.557769,47.352521]]}},{"type":"Feature","properties":{},"geometry":{"type":"LineString","coordinates":[[8.56651,47.351767],[8.568051,47.351504],[8.568096,47.351497],[8.56814,47.351489],[8.568185,47.351481],[8.568228,47.351471],[8.568272,47.35146],[8.568314,47.351448],[8.568357,47.351435],[8.568398,47.351421]]}},{"type":"Feature","properties":{},"geometry":{"type":"LineString","coordinates":[[8.561272,47.355598],[8.561431,47.355296]]}},{"type":"Feature","properties":{},"geometry":{"type":"LineString","coordinates":[[8.5437,47.389823],[8.543988,47.390046],[8.544513,47.390441],[8.544792,47.390634],[8.545021,47.390776],[8.545179,47.390868],[8.545382,47.391006]]}},{"type":"Feature","properties":{},"geometry":{"type":"LineString","coordinates":[[8.542347,47.38875],[8.542457,47.388837],[8.543263,47.389479]]}},{"type":"Feature","properties":{},"geometry":{"type":"LineString","coordinates":[[8.590306,47.400214],[8.590426,47.40017],[8.590548,47.400129],[8.590672,47.40009],[8.590797,47.400054],[8.590931,47.400018]]}},{"type":"Feature","properties":{},"geometry":{"type":"LineString","coordinates":[[8.572431,47.404379],[8.572304,47.404262]]}},{"type":"Feature","properties":{},"geometry":{"type":"LineString","coordinates":[[8.572711,47.404717],[8.572601,47.404535],[8.572431,47.404379]]}},{"type":"Feature","properties":{},"geometry":{"type":"LineString","coordinates":[[8.565001,47.408513],[8.5649,47.408631],[8.564783,47.408767]]}},{"type":"Feature","properties":{},"geometry":{"type":"LineString","coordinates":[[8.566011,47.407415],[8.565953,47.407467],[8.565897,47.407519],[8.565843,47.407573],[8.56579,47.407627],[8.565443,47.407999]]}},{"type":"Feature","properties":{},"geometry":{"type":"LineString","coordinates":[[8.564783,47.408767],[8.564038,47.409642]]}},{"type":"Feature","properties":{},"geometry":{"type":"LineString","coordinates":[[8.565443,47.407999],[8.565252,47.408222]]}},{"type":"Feature","properties":{},"geometry":{"type":"LineString","coordinates":[[8.563068,47.406423],[8.563298,47.406572],[8.56464,47.407445],[8.56507,47.407733],[8.565258,47.407865]]}},{"type":"Feature","properties":{},"geometry":{"type":"LineString","coordinates":[[8.563865,47.40985],[8.563668,47.410087],[8.563608,47.410173],[8.563551,47.410261]]}},{"type":"Feature","properties":{},"geometry":{"type":"LineString","coordinates":[[8.564038,47.409642],[8.563865,47.40985]]}},{"type":"Feature","properties":{},"geometry":{"type":"LineString","coordinates":[[8.581773,47.402682],[8.581855,47.402809],[8.582101,47.403199],[8.582127,47.403247],[8.58215,47.403295],[8.582169,47.403344],[8.582184,47.403394],[8.582196,47.403444],[8.582204,47.403495],[8.582208,47.403546],[8.582208,47.403597]]}},{"type":"Feature","properties":{},"geometry":{"type":"LineString","coordinates":[[8.571907,47.404493],[8.571214,47.404895],[8.571178,47.404943]]}},{"type":"Feature","properties":{},"geometry":{"type":"LineString","coordinates":[[8.572559,47.404075],[8.572304,47.404262]]}},{"type":"Feature","properties":{},"geometry":{"type":"LineString","coordinates":[[8.573904,47.40344],[8.573951,47.403444],[8.573998,47.403447],[8.574045,47.403447],[8.574093,47.403446],[8.57414,47.403442],[8.574186,47.403436],[8.574233,47.403429],[8.574278,47.403419],[8.574646,47.403324],[8.574944,47.403246]]}},{"type":"Feature","properties":{},"geometry":{"type":"LineString","coordinates":[[8.550818,47.392402],[8.550774,47.392421],[8.55073,47.392439],[8.550685,47.392457],[8.55064,47.392474],[8.550593,47.39249],[8.550547,47.392505],[8.550499,47.392519],[8.550451,47.392533]]}},{"type":"Feature","properties":{},"geometry":{"type":"LineString","coordinates":[[8.590931,47.400018],[8.591192,47.399947]]}},{"type":"Feature","properties":{},"geometry":{"type":"LineString","coordinates":[[8.576874,47.403862],[8.577018,47.403843],[8.578494,47.403617]]}},{"type":"Feature","properties":{},"geometry":{"type":"LineString","coordinates":[[8.574944,47.403246],[8.575902,47.402925],[8.575946,47.402909],[8.57599,47.402893],[8.576032,47.402875],[8.576074,47.402857],[8.576114,47.402837],[8.576154,47.402816],[8.576192,47.402795],[8.576229,47.402772]]}},{"type":"Feature","properties":{},"geometry":{"type":"LineString","coordinates":[[8.572559,47.404075],[8.572782,47.40416]]}},{"type":"Feature","properties":{},"geometry":{"type":"LineString","coordinates":[[8.578494,47.403617],[8.578998,47.403487],[8.581773,47.402682]]}},{"type":"Feature","properties":{},"geometry":{"type":"LineString","coordinates":[[8.576541,47.403067],[8.576229,47.402772]]}},{"type":"Feature","properties":{},"geometry":{"type":"LineString","coordinates":[[8.571178,47.404943],[8.570924,47.405086],[8.570842,47.405133],[8.570759,47.405178],[8.570674,47.405223],[8.570588,47.405267]]}},{"type":"Feature","properties":{},"geometry":{"type":"LineString","coordinates":[[8.572304,47.404262],[8.571907,47.404493]]}},{"type":"Feature","properties":{},"geometry":{"type":"LineString","coordinates":[[8.576541,47.403067],[8.576668,47.403173],[8.576874,47.403862]]}},{"type":"Feature","properties":{},"geometry":{"type":"LineString","coordinates":[[8.550926,47.389681],[8.550915,47.389694],[8.550906,47.389708],[8.550898,47.389722],[8.550892,47.389736],[8.550887,47.38975],[8.550884,47.389765],[8.550883,47.38978],[8.550883,47.389795],[8.550882,47.389882]]}},{"type":"Feature","properties":{},"geometry":{"type":"LineString","coordinates":[[8.551116,47.389598],[8.551087,47.389602],[8.551059,47.389608],[8.551032,47.389615],[8.551007,47.389625],[8.550984,47.389637],[8.550962,47.38965],[8.550943,47.389665],[8.550926,47.389681]]}},{"type":"Feature","properties":{},"geometry":{"type":"LineString","coordinates":[[8.58984,47.400407],[8.589953,47.400355],[8.590069,47.400306],[8.590186,47.400259],[8.590306,47.400214]]}},{"type":"Feature","properties":{},"geometry":{"type":"LineString","coordinates":[[8.591192,47.399947],[8.591357,47.399903],[8.5914,47.399891],[8.591442,47.399877],[8.591483,47.399862],[8.591522,47.399846],[8.59156,47.399828],[8.591597,47.399809],[8.591632,47.399788],[8.591666,47.399766],[8.591698,47.399744],[8.591728,47.39972],[8.591756,47.399695],[8.591782,47.399669],[8.591806,47.399642],[8.591828,47.399614],[8.591848,47.399586],[8.591865,47.399556]]}},{"type":"Feature","properties":{},"geometry":{"type":"LineString","coordinates":[[8.591865,47.399556],[8.592017,47.399459],[8.596049,47.398344],[8.596128,47.398309]]}},{"type":"Feature","properties":{},"geometry":{"type":"LineString","coordinates":[[8.556866,47.353138],[8.556865,47.353106],[8.556861,47.353073],[8.556853,47.353042],[8.556842,47.35301]]}},{"type":"Feature","properties":{},"geometry":{"type":"LineString","coordinates":[[8.556627,47.353476],[8.556654,47.35346],[8.55668,47.353443],[8.556704,47.353425],[8.556726,47.353407],[8.556748,47.353387],[8.556767,47.353367],[8.556785,47.353346],[8.556801,47.353325],[8.556816,47.353303],[8.556829,47.35328],[8.55684,47.353257],[8.556849,47.353234],[8.556856,47.35321],[8.556861,47.353186],[8.556865,47.353162],[8.556866,47.353138]]}},{"type":"Feature","properties":{},"geometry":{"type":"LineString","coordinates":[[8.559673,47.355363],[8.559864,47.355435],[8.560655,47.355728],[8.561075,47.355885]]}},{"type":"Feature","properties":{},"geometry":{"type":"LineString","coordinates":[[8.551716,47.358738],[8.552444,47.357813]]}},{"type":"Feature","properties":{},"geometry":{"type":"LineString","coordinates":[[8.561431,47.355296],[8.561443,47.355271],[8.561454,47.355246],[8.561463,47.35522],[8.561471,47.355194],[8.561478,47.355167],[8.561483,47.355141],[8.561487,47.355114],[8.561489,47.355088]]}},{"type":"Feature","properties":{},"geometry":{"type":"LineString","coordinates":[[8.568398,47.351421],[8.569503,47.351978]]}},{"type":"Feature","properties":{},"geometry":{"type":"LineString","coordinates":[[8.563285,47.348752],[8.564436,47.347488],[8.564499,47.347416],[8.564558,47.347342],[8.564613,47.347267],[8.564663,47.34719],[8.56494,47.346709],[8.564961,47.346675],[8.564984,47.346641],[8.565009,47.346608],[8.565034,47.346575],[8.565061,47.346543],[8.56509,47.346512],[8.56512,47.346481],[8.565151,47.346451]]}},{"type":"Feature","properties":{},"geometry":{"type":"LineString","coordinates":[[8.561348,47.350881],[8.562229,47.349912]]}},{"type":"Feature","properties":{},"geometry":{"type":"LineString","coordinates":[[8.562229,47.349912],[8.563285,47.348752]]}},{"type":"Feature","properties":{},"geometry":{"type":"LineString","coordinates":[[8.57242,47.352624],[8.572529,47.352537],[8.572598,47.352474],[8.572876,47.351377],[8.572853,47.351325],[8.572642,47.350917],[8.57262,47.35087],[8.572639,47.350817],[8.572918,47.350424],[8.573,47.350328],[8.573123,47.350156],[8.573208,47.349893],[8.573364,47.349639],[8.573433,47.34961],[8.573532,47.349585]]}},{"type":"Feature","properties":{},"geometry":{"type":"LineString","coordinates":[[8.555384,47.354493],[8.555485,47.354411],[8.555743,47.354201]]}},{"type":"Feature","properties":{},"geometry":{"type":"LineString","coordinates":[[8.554119,47.355696],[8.554211,47.35559],[8.55451,47.355243]]}},{"type":"Feature","properties":{},"geometry":{"type":"LineString","coordinates":[[8.55451,47.355243],[8.554734,47.355023],[8.555054,47.354762]]}},{"type":"Feature","properties":{},"geometry":{"type":"LineString","coordinates":[[8.552894,47.357245],[8.553219,47.356831]]}},{"type":"Feature","properties":{},"geometry":{"type":"LineString","coordinates":[[8.555054,47.354762],[8.555069,47.354749],[8.555384,47.354493]]}},{"type":"Feature","properties":{},"geometry":{"type":"LineString","coordinates":[[8.553545,47.356417],[8.553715,47.3562],[8.554052,47.355773],[8.554119,47.355696]]}},{"type":"Feature","properties":{},"geometry":{"type":"LineString","coordinates":[[8.553219,47.356831],[8.553545,47.356417]]}},{"type":"Feature","properties":{},"geometry":{"type":"LineString","coordinates":[[8.555743,47.354201],[8.555824,47.354135],[8.556546,47.353546],[8.556627,47.353476]]}},{"type":"Feature","properties":{},"geometry":{"type":"LineString","coordinates":[[8.559223,47.352783],[8.559374,47.352625],[8.559405,47.352587]]}},{"type":"Feature","properties":{},"geometry":{"type":"LineString","coordinates":[[8.559405,47.352587],[8.559453,47.352534],[8.559499,47.352481],[8.559543,47.352426],[8.559585,47.35237],[8.559632,47.352304],[8.559675,47.352237],[8.559716,47.35217],[8.559753,47.352101]]}},{"type":"Feature","properties":{},"geometry":{"type":"LineString","coordinates":[[8.547472,47.364114],[8.548122,47.363289]]}},{"type":"Feature","properties":{},"geometry":{"type":"LineString","coordinates":[[8.547111,47.364572],[8.547472,47.364114]]}},{"type":"Feature","properties":{},"geometry":{"type":"LineString","coordinates":[[8.549862,47.361096],[8.54989,47.361062],[8.550221,47.360642],[8.550262,47.360587]]}},{"type":"Feature","properties":{},"geometry":{"type":"LineString","coordinates":[[8.556108,47.359615],[8.556132,47.359596],[8.556157,47.359577],[8.556183,47.359559],[8.556211,47.359542],[8.556614,47.359331],[8.556643,47.359308],[8.556669,47.359284],[8.556692,47.359258],[8.556711,47.359231],[8.556867,47.359033],[8.557098,47.358737]]}},{"type":"Feature","properties":{},"geometry":{"type":"LineString","coordinates":[[8.55331,47.362521],[8.553434,47.362408],[8.553556,47.362295],[8.553676,47.362179],[8.553793,47.362063]]}},{"type":"Feature","properties":{},"geometry":{"type":"LineString","coordinates":[[8.553793,47.362063],[8.553855,47.361999],[8.554315,47.361537]]}},{"type":"Feature","properties":{},"geometry":{"type":"LineString","coordinates":[[8.548879,47.366131],[8.548918,47.366116],[8.548955,47.3661],[8.548992,47.366083],[8.549028,47.366065],[8.549062,47.366046],[8.549096,47.366026],[8.549128,47.366006],[8.54916,47.365984],[8.549842,47.365323],[8.550149,47.365008],[8.550201,47.364961],[8.550255,47.364915],[8.550311,47.36487],[8.550368,47.364827],[8.550665,47.364612]]}},{"type":"Feature","properties":{},"geometry":{"type":"LineString","coordinates":[[8.552979,47.362803],[8.553063,47.362733],[8.553146,47.362663],[8.553228,47.362592],[8.55331,47.362521]]}},{"type":"Feature","properties":{},"geometry":{"type":"LineString","coordinates":[[8.550665,47.364612],[8.551307,47.364147],[8.55147,47.364012]]}},{"type":"Feature","properties":{},"geometry":{"type":"LineString","coordinates":[[8.552434,47.36322],[8.552574,47.363118],[8.552711,47.363014],[8.552846,47.362909],[8.552979,47.362803]]}},{"type":"Feature","properties":{},"geometry":{"type":"LineString","coordinates":[[8.55147,47.364012],[8.552383,47.363257],[8.552434,47.36322]]}},{"type":"Feature","properties":{},"geometry":{"type":"LineString","coordinates":[[8.542833,47.371788],[8.542827,47.371846],[8.54281,47.372133]]}},{"type":"Feature","properties":{},"geometry":{"type":"LineString","coordinates":[[8.54281,47.372133],[8.54279,47.372474]]}},{"type":"Feature","properties":{},"geometry":{"type":"LineString","coordinates":[[8.54279,47.372474],[8.542781,47.372622],[8.542783,47.37279]]}},{"type":"Feature","properties":{},"geometry":{"type":"LineString","coordinates":[[8.521982,47.368533],[8.5219,47.368599],[8.521813,47.368676]]}},{"type":"Feature","properties":{},"geometry":{"type":"LineString","coordinates":[[8.524905,47.352977],[8.524878,47.352943],[8.524814,47.352869],[8.524746,47.352796]]}},{"type":"Feature","properties":{},"geometry":{"type":"LineString","coordinates":[[8.525641,47.387397],[8.525438,47.387496]]}},{"type":"Feature","properties":{},"geometry":{"type":"LineString","coordinates":[[8.542489,47.399138],[8.542548,47.399254],[8.542552,47.399261]]}},{"type":"Feature","properties":{},"geometry":{"type":"LineString","coordinates":[[8.569766,47.372898],[8.569811,47.372866],[8.569858,47.372836],[8.569907,47.372806],[8.569957,47.372778],[8.570009,47.372751],[8.570062,47.372725],[8.570116,47.372701],[8.570172,47.372678],[8.570229,47.372656],[8.570287,47.372636],[8.570346,47.372618],[8.570406,47.372601],[8.570467,47.372585],[8.570529,47.372571],[8.570591,47.372559],[8.570654,47.372548],[8.572138,47.372332],[8.572198,47.372326],[8.572258,47.372321],[8.572318,47.372317],[8.572378,47.372314],[8.572438,47.372312],[8.572498,47.372311],[8.572559,47.372311],[8.572619,47.372312],[8.572679,47.372313],[8.572739,47.372316],[8.572799,47.372319],[8.572859,47.372324],[8.572919,47.372329],[8.572978,47.372335],[8.573038,47.372342],[8.573097,47.37235],[8.573713,47.37242],[8.573786,47.372424],[8.573859,47.372426],[8.573932,47.372424],[8.574005,47.372421],[8.574077,47.372414],[8.574149,47.372405],[8.574219,47.372393],[8.574289,47.372378]]}},{"type":"Feature","properties":{},"geometry":{"type":"LineString","coordinates":[[8.555241,47.375505],[8.555209,47.375659],[8.554767,47.376621],[8.554694,47.376838]]}},{"type":"Feature","properties":{},"geometry":{"type":"LineString","coordinates":[[8.55641,47.37441],[8.556612,47.374234],[8.55733,47.373604],[8.557535,47.373398]]}},{"type":"Feature","properties":{},"geometry":{"type":"LineString","coordinates":[[8.555241,47.375505],[8.555427,47.375278]]}},{"type":"Feature","properties":{},"geometry":{"type":"LineString","coordinates":[[8.555427,47.375278],[8.556211,47.3746],[8.55641,47.37441]]}},{"type":"Feature","properties":{},"geometry":{"type":"LineString","coordinates":[[8.554315,47.361537],[8.554349,47.361525],[8.554381,47.36151],[8.554412,47.361495],[8.554441,47.361477],[8.554468,47.361459],[8.554493,47.361439],[8.554516,47.361417],[8.554536,47.361395],[8.554767,47.361125],[8.554947,47.360869]]}},{"type":"Feature","properties":{},"geometry":{"type":"LineString","coordinates":[[8.554947,47.360869],[8.555462,47.360311],[8.55552,47.360248],[8.556027,47.359699],[8.556045,47.359677],[8.556065,47.359656],[8.556086,47.359635],[8.556108,47.359615]]}},{"type":"Feature","properties":{},"geometry":{"type":"LineString","coordinates":[[8.548235,47.363144],[8.548538,47.36276]]}},{"type":"Feature","properties":{},"geometry":{"type":"LineString","coordinates":[[8.548122,47.363289],[8.548144,47.363259],[8.548235,47.363144]]}},{"type":"Feature","properties":{},"geometry":{"type":"LineString","coordinates":[[8.547904,47.3652],[8.547463,47.365552],[8.547307,47.365661]]}},{"type":"Feature","properties":{},"geometry":{"type":"LineString","coordinates":[[8.548538,47.36276],[8.548629,47.36264],[8.54887,47.362334]]}},{"type":"Feature","properties":{},"geometry":{"type":"LineString","coordinates":[[8.550262,47.360587],[8.550281,47.360561],[8.550687,47.360046]]}},{"type":"Feature","properties":{},"geometry":{"type":"LineString","coordinates":[[8.54887,47.362334],[8.549131,47.362005]]}},{"type":"Feature","properties":{},"geometry":{"type":"LineString","coordinates":[[8.549475,47.36157],[8.549491,47.361549],[8.549862,47.361096]]}},{"type":"Feature","properties":{},"geometry":{"type":"LineString","coordinates":[[8.549131,47.362005],[8.549475,47.36157]]}},{"type":"Feature","properties":{},"geometry":{"type":"LineString","coordinates":[[8.550858,47.35983],[8.550866,47.35982],[8.551353,47.359201],[8.551396,47.359146]]}},{"type":"Feature","properties":{},"geometry":{"type":"LineString","coordinates":[[8.552444,47.357813],[8.552768,47.357403],[8.552894,47.357245]]}},{"type":"Feature","properties":{},"geometry":{"type":"LineString","coordinates":[[8.550687,47.360046],[8.550858,47.35983]]}},{"type":"Feature","properties":{},"geometry":{"type":"LineString","coordinates":[[8.551396,47.359146],[8.551439,47.359091],[8.551716,47.358738]]}},{"type":"Feature","properties":{},"geometry":{"type":"LineString","coordinates":[[8.560385,47.351824],[8.560401,47.351811],[8.56049,47.351742],[8.560585,47.351665],[8.560677,47.351585],[8.560765,47.351503],[8.56085,47.35142],[8.56095,47.351317],[8.561348,47.350881]]}},{"type":"Feature","properties":{},"geometry":{"type":"LineString","coordinates":[[8.558179,47.357319],[8.558668,47.356681]]}},{"type":"Feature","properties":{},"geometry":{"type":"LineString","coordinates":[[8.559673,47.355363],[8.559815,47.355257],[8.560471,47.354627]]}},{"type":"Feature","properties":{},"geometry":{"type":"LineString","coordinates":[[8.560462,47.353618],[8.560422,47.352478],[8.560817,47.35206],[8.560385,47.351824]]}},{"type":"Feature","properties":{},"geometry":{"type":"LineString","coordinates":[[8.557783,47.357836],[8.55781,47.357801],[8.558179,47.357319]]}},{"type":"Feature","properties":{},"geometry":{"type":"LineString","coordinates":[[8.559287,47.35587],[8.559673,47.355363]]}},{"type":"Feature","properties":{},"geometry":{"type":"LineString","coordinates":[[8.557098,47.358737],[8.557783,47.357836]]}},{"type":"Feature","properties":{},"geometry":{"type":"LineString","coordinates":[[8.558879,47.356407],[8.559287,47.35587]]}},{"type":"Feature","properties":{},"geometry":{"type":"LineString","coordinates":[[8.569814,47.357347],[8.569933,47.357211],[8.570452,47.35665],[8.570552,47.35655],[8.571299,47.355778],[8.571336,47.355747],[8.571705,47.35541],[8.571792,47.355319],[8.571823,47.355282],[8.571881,47.355204],[8.57192,47.355146],[8.571955,47.355085],[8.571996,47.355003],[8.572013,47.354962],[8.572048,47.354856],[8.572082,47.354706],[8.572086,47.354673],[8.572092,47.354554],[8.572084,47.354262],[8.572052,47.354016]]}},{"type":"Feature","properties":{},"geometry":{"type":"LineString","coordinates":[[8.57242,47.352624],[8.572315,47.352716],[8.572266,47.352752],[8.572236,47.352796],[8.572226,47.35283],[8.572016,47.353797],[8.572052,47.354016]]}},{"type":"Feature","properties":{},"geometry":{"type":"LineString","coordinates":[[8.561075,47.355885],[8.561123,47.355826],[8.561168,47.355766],[8.56121,47.355705],[8.561248,47.355644],[8.561272,47.355598]]}},{"type":"Feature","properties":{},"geometry":{"type":"LineString","coordinates":[[8.547546,47.366644],[8.547506,47.366671],[8.547468,47.366699],[8.54743,47.366728],[8.547394,47.366758],[8.547359,47.366788],[8.547325,47.366818],[8.547291,47.366849],[8.54726,47.366881],[8.54707,47.367067],[8.54688,47.367257],[8.546793,47.367333],[8.546706,47.367414]]}},{"type":"Feature","properties":{},"geometry":{"type":"LineString","coordinates":[[8.555004,47.370399],[8.555507,47.369829],[8.555719,47.369581]]}},{"type":"Feature","properties":{},"geometry":{"type":"LineString","coordinates":[[8.557486,47.370924],[8.557809,47.371356],[8.557911,47.371426]]}},{"type":"Feature","properties":{},"geometry":{"type":"LineString","coordinates":[[8.557486,47.370924],[8.557969,47.370488]]}},{"type":"Feature","properties":{},"geometry":{"type":"LineString","coordinates":[[8.554591,47.370865],[8.555004,47.370399]]}},{"type":"Feature","properties":{},"geometry":{"type":"LineString","coordinates":[[8.557911,47.371426],[8.558179,47.371529],[8.558738,47.371764],[8.558917,47.371844]]}},{"type":"Feature","properties":{},"geometry":{"type":"LineString","coordinates":[[8.566271,47.375241],[8.566307,47.375237],[8.566343,47.375232],[8.566378,47.375224],[8.566412,47.375216],[8.566446,47.375206],[8.566478,47.375194],[8.56651,47.375181],[8.56654,47.375167],[8.566568,47.375151],[8.566595,47.375135],[8.566621,47.375117],[8.566644,47.375098],[8.566666,47.375078],[8.566686,47.375057],[8.566704,47.375035],[8.56672,47.375013],[8.56675,47.374877]]}},{"type":"Feature","properties":{},"geometry":{"type":"LineString","coordinates":[[8.556653,47.370009],[8.55674,47.370048],[8.55715,47.370214],[8.557247,47.370254],[8.557347,47.370293],[8.557447,47.37033],[8.557549,47.370365],[8.557652,47.370398],[8.557757,47.37043],[8.557862,47.37046],[8.557969,47.370488]]}},{"type":"Feature","properties":{},"geometry":{"type":"LineString","coordinates":[[8.555719,47.369581],[8.555796,47.369497],[8.555955,47.369319],[8.556068,47.369212]]}},{"type":"Feature","properties":{},"geometry":{"type":"LineString","coordinates":[[8.555719,47.369581],[8.555852,47.369627],[8.556539,47.369957],[8.556653,47.370009]]}},{"type":"Feature","properties":{},"geometry":{"type":"LineString","coordinates":[[8.5535,47.366743],[8.553619,47.36681],[8.554727,47.367344]]}},{"type":"Feature","properties":{},"geometry":{"type":"LineString","coordinates":[[8.552851,47.366044],[8.553008,47.366214],[8.553205,47.366429],[8.5535,47.366743]]}},{"type":"Feature","properties":{},"geometry":{"type":"LineString","coordinates":[[8.555784,47.367853],[8.556146,47.368027]]}},{"type":"Feature","properties":{},"geometry":{"type":"LineString","coordinates":[[8.556942,47.368411],[8.558577,47.366921]]}},{"type":"Feature","properties":{},"geometry":{"type":"LineString","coordinates":[[8.554727,47.367344],[8.555063,47.367506]]}},{"type":"Feature","properties":{},"geometry":{"type":"LineString","coordinates":[[8.555063,47.367506],[8.555355,47.367646]]}},{"type":"Feature","properties":{},"geometry":{"type":"LineString","coordinates":[[8.556146,47.368027],[8.556942,47.368411]]}},{"type":"Feature","properties":{},"geometry":{"type":"LineString","coordinates":[[8.555355,47.367646],[8.555784,47.367853]]}},{"type":"Feature","properties":{},"geometry":{"type":"LineString","coordinates":[[8.556068,47.369212],[8.556152,47.369132],[8.556942,47.368411]]}},{"type":"Feature","properties":{},"geometry":{"type":"LineString","coordinates":[[8.558577,47.366921],[8.558691,47.366806],[8.559083,47.366395]]}},{"type":"Feature","properties":{},"geometry":{"type":"LineString","coordinates":[[8.559083,47.366395],[8.559852,47.365591],[8.560289,47.365172]]}},{"type":"Feature","properties":{},"geometry":{"type":"LineString","coordinates":[[8.548879,47.366131],[8.548736,47.366187]]}},{"type":"Feature","properties":{},"geometry":{"type":"LineString","coordinates":[[8.546914,47.365942],[8.546656,47.366147]]}},{"type":"Feature","properties":{},"geometry":{"type":"LineString","coordinates":[[8.56675,47.374877],[8.566763,47.374878],[8.566777,47.374877],[8.56679,47.374875],[8.566803,47.374872],[8.566815,47.374868],[8.566827,47.374863],[8.566837,47.374856],[8.566846,47.374849],[8.566878,47.374807],[8.567071,47.374531],[8.56717,47.37439],[8.567201,47.37435],[8.567234,47.374311],[8.567269,47.374273],[8.567305,47.374235],[8.567344,47.374198],[8.567384,47.374163],[8.567426,47.374128],[8.56747,47.374094],[8.567516,47.374061],[8.567563,47.374029],[8.567612,47.373999],[8.567662,47.373969],[8.567713,47.373941],[8.567767,47.373914],[8.567821,47.373888],[8.567877,47.373864],[8.568494,47.373601],[8.568576,47.373573],[8.568656,47.373542]]}},{"type":"Feature","properties":{},"geometry":{"type":"LineString","coordinates":[[8.56596,47.375271],[8.566271,47.375241]]}},{"type":"Feature","properties":{},"geometry":{"type":"LineString","coordinates":[[8.545002,47.366345],[8.545224,47.366437],[8.545631,47.366617],[8.545658,47.366631],[8.545685,47.366645],[8.54571,47.36666],[8.545733,47.366676],[8.545756,47.366694],[8.545777,47.366712],[8.545796,47.36673],[8.545814,47.36675]]}},{"type":"Feature","properties":{},"geometry":{"type":"LineString","coordinates":[[8.544282,47.367078],[8.544374,47.367014],[8.544462,47.366947],[8.544546,47.366879],[8.544626,47.366808],[8.544702,47.366735],[8.544774,47.36666],[8.544841,47.366583],[8.544904,47.366504],[8.54493,47.366465],[8.544956,47.366425],[8.54498,47.366385],[8.545002,47.366345]]}},{"type":"Feature","properties":{},"geometry":{"type":"LineString","coordinates":[[8.548879,47.366131],[8.549012,47.366087],[8.549146,47.366045],[8.549282,47.366005],[8.549418,47.365966],[8.549555,47.365929],[8.549693,47.365893],[8.549833,47.36586],[8.549973,47.365828],[8.550193,47.365795],[8.550835,47.365741],[8.550964,47.36573],[8.551093,47.365715],[8.551221,47.365698],[8.551348,47.365678],[8.551474,47.365654],[8.551599,47.365628],[8.551722,47.365599],[8.551844,47.365567],[8.551961,47.365539],[8.55208,47.365513],[8.5522,47.36549],[8.55232,47.365469]]}},{"type":"Feature","properties":{},"geometry":{"type":"LineString","coordinates":[[8.548736,47.366187],[8.548492,47.366283]]}},{"type":"Feature","properties":{},"geometry":{"type":"LineString","coordinates":[[8.564142,47.375497],[8.564203,47.375478],[8.564266,47.375461],[8.564329,47.375447],[8.564393,47.375434],[8.565773,47.375289],[8.56596,47.375271]]}},{"type":"Feature","properties":{},"geometry":{"type":"LineString","coordinates":[[8.546656,47.366147],[8.546268,47.366461],[8.546219,47.366502],[8.546168,47.366542],[8.546114,47.366581],[8.546058,47.366618],[8.546,47.366653],[8.54594,47.366687],[8.545878,47.366719],[8.545814,47.36675]]}},{"type":"Feature","properties":{},"geometry":{"type":"LineString","coordinates":[[8.55232,47.365469],[8.552851,47.366044]]}},{"type":"Feature","properties":{},"geometry":{"type":"LineString","coordinates":[[8.563881,47.362569],[8.565303,47.361548]]}},{"type":"Feature","properties":{},"geometry":{"type":"LineString","coordinates":[[8.568576,47.360102],[8.568627,47.360081],[8.568677,47.360058],[8.568727,47.360035],[8.568775,47.36001]]}},{"type":"Feature","properties":{},"geometry":{"type":"LineString","coordinates":[[8.560289,47.365172],[8.560374,47.36509],[8.560439,47.365034],[8.561496,47.364278],[8.561639,47.364175]]}},{"type":"Feature","properties":{},"geometry":{"type":"LineString","coordinates":[[8.563258,47.363019],[8.563573,47.36279],[8.563881,47.362569]]}},{"type":"Feature","properties":{},"geometry":{"type":"LineString","coordinates":[[8.561639,47.364175],[8.561764,47.364085],[8.563102,47.363126],[8.563258,47.363019]]}},{"type":"Feature","properties":{},"geometry":{"type":"LineString","coordinates":[[8.565303,47.361548],[8.565326,47.361531],[8.565497,47.361406]]}},{"type":"Feature","properties":{},"geometry":{"type":"LineString","coordinates":[[8.555296,47.376606],[8.555843,47.377198],[8.555861,47.377227],[8.555875,47.377257],[8.555883,47.377288],[8.555886,47.377319],[8.555884,47.37735],[8.555876,47.377381],[8.555864,47.377411],[8.555846,47.37744],[8.555824,47.377468],[8.555797,47.377493],[8.555766,47.377516],[8.555731,47.377537],[8.555693,47.377555],[8.555653,47.377569],[8.55561,47.377581],[8.555565,47.377589]]}},{"type":"Feature","properties":{},"geometry":{"type":"LineString","coordinates":[[8.547425,47.364771],[8.547549,47.364873],[8.547781,47.365097],[8.547904,47.3652]]}},{"type":"Feature","properties":{},"geometry":{"type":"LineString","coordinates":[[8.547904,47.3652],[8.548024,47.365302],[8.548218,47.36549]]}},{"type":"Feature","properties":{},"geometry":{"type":"LineString","coordinates":[[8.548218,47.36549],[8.548879,47.366131]]}},{"type":"Feature","properties":{},"geometry":{"type":"LineString","coordinates":[[8.567962,47.360257],[8.568042,47.360246],[8.568122,47.360232],[8.568201,47.360216],[8.568279,47.360198],[8.568355,47.360177],[8.568431,47.360154],[8.568504,47.360129],[8.568576,47.360102]]}},{"type":"Feature","properties":{},"geometry":{"type":"LineString","coordinates":[[8.565497,47.361406],[8.565626,47.361311],[8.566521,47.360669]]}},{"type":"Feature","properties":{},"geometry":{"type":"LineString","coordinates":[[8.568775,47.36001],[8.568847,47.35997],[8.568917,47.359927],[8.568984,47.359881],[8.569047,47.359834],[8.569195,47.35973],[8.569762,47.359347]]}},{"type":"Feature","properties":{},"geometry":{"type":"LineString","coordinates":[[8.557535,47.373398],[8.557854,47.373129],[8.557888,47.373103],[8.557924,47.373078],[8.557963,47.373055],[8.558005,47.373034],[8.558048,47.373016],[8.558094,47.372999],[8.558141,47.372985],[8.558189,47.372973],[8.558239,47.372964],[8.558289,47.372957],[8.55834,47.372952],[8.558392,47.372951],[8.558443,47.372951],[8.558495,47.372955],[8.558545,47.372961],[8.558595,47.372969]]}},{"type":"Feature","properties":{},"geometry":{"type":"LineString","coordinates":[[8.547111,47.364572],[8.547176,47.364603],[8.547237,47.364636],[8.547296,47.364672],[8.547351,47.36471],[8.547425,47.364771]]}},{"type":"Feature","properties":{},"geometry":{"type":"LineString","coordinates":[[8.543576,47.368987],[8.543552,47.36902],[8.543532,47.369053],[8.543516,47.369088],[8.543505,47.369123]]}},{"type":"Feature","properties":{},"geometry":{"type":"LineString","coordinates":[[8.543488,47.369634],[8.543475,47.369692],[8.54346,47.369751],[8.543442,47.369808],[8.543421,47.369866],[8.543398,47.369923],[8.543372,47.369979],[8.543343,47.370035],[8.543312,47.37009]]}},{"type":"Feature","properties":{},"geometry":{"type":"LineString","coordinates":[[8.542931,47.371181],[8.542904,47.371322],[8.542882,47.371438],[8.542863,47.371555]]}},{"type":"Feature","properties":{},"geometry":{"type":"LineString","coordinates":[[8.544892,47.367793],[8.545033,47.367846],[8.545325,47.367959]]}},{"type":"Feature","properties":{},"geometry":{"type":"LineString","coordinates":[[8.568656,47.373542],[8.568734,47.373509],[8.56881,47.373472],[8.568883,47.373433],[8.568952,47.373391],[8.569117,47.373297],[8.569766,47.372898]]}},{"type":"Feature","properties":{},"geometry":{"type":"LineString","coordinates":[[8.543839,47.368758],[8.543576,47.368987]]}},{"type":"Feature","properties":{},"geometry":{"type":"LineString","coordinates":[[8.543505,47.369123],[8.543498,47.369159],[8.543495,47.369195],[8.543497,47.369231],[8.543503,47.369267],[8.543507,47.369313],[8.54351,47.369359],[8.54351,47.369405],[8.543509,47.369451],[8.543506,47.369497],[8.543502,47.369543],[8.543496,47.369588],[8.543488,47.369634]]}},{"type":"Feature","properties":{},"geometry":{"type":"LineString","coordinates":[[8.546471,47.367611],[8.54614,47.367906]]}},{"type":"Feature","properties":{},"geometry":{"type":"LineString","coordinates":[[8.546706,47.367414],[8.546656,47.367459],[8.546604,47.367503],[8.54655,47.367547],[8.546496,47.367589],[8.546471,47.367611]]}},{"type":"Feature","properties":{},"geometry":{"type":"LineString","coordinates":[[8.547872,47.366438],[8.547546,47.366644]]}},{"type":"Feature","properties":{},"geometry":{"type":"LineString","coordinates":[[8.512513,47.429742],[8.512718,47.429665],[8.512786,47.429393],[8.512884,47.429014],[8.513131,47.428283],[8.51332,47.427702]]}},{"type":"Feature","properties":{},"geometry":{"type":"LineString","coordinates":[[8.506848,47.426665],[8.506779,47.426765]]}},{"type":"Feature","properties":{},"geometry":{"type":"LineString","coordinates":[[8.530175,47.411675],[8.530061,47.411695],[8.528998,47.411888],[8.528842,47.411916],[8.52878,47.411926],[8.528669,47.411927]]}},{"type":"Feature","properties":{},"geometry":{"type":"LineString","coordinates":[[8.541688,47.425679],[8.541631,47.425697],[8.541574,47.425713],[8.541516,47.425727],[8.541457,47.425741],[8.541398,47.425754],[8.541338,47.425765],[8.541278,47.425775],[8.541217,47.425785],[8.541021,47.425804],[8.540834,47.42582]]}},{"type":"Feature","properties":{},"geometry":{"type":"LineString","coordinates":[[8.50871,47.424794],[8.508719,47.424838],[8.508726,47.424883],[8.50873,47.424927],[8.508732,47.424972],[8.5087,47.425199],[8.508666,47.425426],[8.508659,47.425454],[8.508652,47.425481],[8.508642,47.425509],[8.508631,47.425536],[8.508619,47.425563],[8.508605,47.425589],[8.50859,47.425615],[8.508574,47.425641],[8.508556,47.425666],[8.508536,47.425691],[8.508515,47.425716],[8.508493,47.425739],[8.50847,47.425763],[8.508445,47.425785],[8.508419,47.425807],[8.508392,47.425828],[8.508384,47.425841],[8.508376,47.425854],[8.508371,47.425868],[8.508367,47.425881],[8.508365,47.425895],[8.508364,47.425909],[8.508366,47.425923],[8.508369,47.425937]]}},{"type":"Feature","properties":{},"geometry":{"type":"LineString","coordinates":[[8.507283,47.426156],[8.507259,47.426176],[8.507239,47.426198],[8.506848,47.426665]]}},{"type":"Feature","properties":{},"geometry":{"type":"LineString","coordinates":[[8.526098,47.412286],[8.525824,47.412381],[8.525511,47.41249],[8.525339,47.412555],[8.525269,47.412583],[8.525201,47.412612],[8.525135,47.412643],[8.52507,47.412676],[8.525007,47.41271],[8.524946,47.412746],[8.524886,47.412784],[8.524829,47.412822],[8.524131,47.413301],[8.524099,47.413327],[8.524068,47.413354],[8.52404,47.413383],[8.524013,47.413412],[8.523989,47.413442],[8.523966,47.413472],[8.523946,47.413503],[8.523928,47.413535],[8.523881,47.413628]]}},{"type":"Feature","properties":{},"geometry":{"type":"LineString","coordinates":[[8.535057,47.410591],[8.53484,47.410638],[8.534778,47.410651],[8.534492,47.410713],[8.534178,47.410785],[8.534037,47.410818],[8.533868,47.410861],[8.533571,47.410939],[8.533477,47.410962],[8.533363,47.410986],[8.533275,47.411004],[8.53314,47.411026],[8.532982,47.411046],[8.532896,47.411055],[8.532753,47.411063]]}},{"type":"Feature","properties":{},"geometry":{"type":"LineString","coordinates":[[8.535803,47.410475],[8.535057,47.410591]]}},{"type":"Feature","properties":{},"geometry":{"type":"LineString","coordinates":[[8.526472,47.412157],[8.526098,47.412286]]}},{"type":"Feature","properties":{},"geometry":{"type":"LineString","coordinates":[[8.527966,47.411953],[8.527858,47.411959],[8.527385,47.412001],[8.527025,47.412052],[8.526677,47.412108],[8.526472,47.412157]]}},{"type":"Feature","properties":{},"geometry":{"type":"LineString","coordinates":[[8.532753,47.411063],[8.532485,47.411098],[8.532297,47.411123],[8.532102,47.41116],[8.531933,47.411199],[8.531681,47.411262],[8.531526,47.411304],[8.531363,47.41135],[8.530794,47.411506]]}},{"type":"Feature","properties":{},"geometry":{"type":"LineString","coordinates":[[8.528669,47.411927],[8.528527,47.411917],[8.527966,47.411953]]}},{"type":"Feature","properties":{},"geometry":{"type":"LineString","coordinates":[[8.538108,47.410375],[8.537709,47.410353],[8.537555,47.410347],[8.537414,47.410346],[8.537298,47.410349],[8.537225,47.410353],[8.537087,47.410363],[8.53612,47.41044],[8.536096,47.410442],[8.53586,47.410465],[8.535803,47.410475]]}},{"type":"Feature","properties":{},"geometry":{"type":"LineString","coordinates":[[8.530794,47.411506],[8.530175,47.411675]]}},{"type":"Feature","properties":{},"geometry":{"type":"LineString","coordinates":[[8.508369,47.425937],[8.507492,47.426079],[8.507464,47.426086],[8.507436,47.426094],[8.507409,47.426102],[8.507382,47.426111],[8.507356,47.426121],[8.507331,47.426132],[8.507307,47.426144],[8.507283,47.426156]]}},{"type":"Feature","properties":{},"geometry":{"type":"LineString","coordinates":[[8.538976,47.422295],[8.539019,47.42241],[8.53913,47.422751],[8.539153,47.422808],[8.539179,47.422864],[8.539206,47.42292],[8.539235,47.422975],[8.539265,47.42303],[8.539298,47.423085],[8.539332,47.423139],[8.539368,47.423193],[8.539785,47.423754],[8.539975,47.423985],[8.540035,47.42405],[8.540096,47.424115],[8.54016,47.424178],[8.540226,47.42424]]}},{"type":"Feature","properties":{},"geometry":{"type":"LineString","coordinates":[[8.538976,47.422295],[8.538876,47.42193],[8.538868,47.421903],[8.538858,47.421877],[8.538846,47.421851],[8.538831,47.421826],[8.538813,47.421801],[8.538794,47.421777],[8.538772,47.421754],[8.538748,47.421732],[8.538706,47.421709],[8.538664,47.421686],[8.538621,47.421664],[8.538578,47.421643],[8.538533,47.421622],[8.538488,47.421603],[8.538441,47.421584],[8.538394,47.421566]]}},{"type":"Feature","properties":{},"geometry":{"type":"LineString","coordinates":[[8.538152,47.415913],[8.538218,47.416462],[8.538275,47.416931]]}},{"type":"Feature","properties":{},"geometry":{"type":"LineString","coordinates":[[8.537874,47.413668],[8.537893,47.413786],[8.537966,47.414378]]}},{"type":"Feature","properties":{},"geometry":{"type":"LineString","coordinates":[[8.538108,47.410375],[8.538111,47.410401],[8.538112,47.410426],[8.538101,47.410526],[8.538086,47.410625],[8.538067,47.410724],[8.538043,47.410822]]}},{"type":"Feature","properties":{},"geometry":{"type":"LineString","coordinates":[[8.538748,47.420256],[8.538601,47.420338],[8.538586,47.420347],[8.538573,47.420356],[8.538561,47.420367],[8.538552,47.420379],[8.538545,47.420392],[8.53854,47.420405],[8.538538,47.420418],[8.538538,47.420431],[8.538505,47.420784],[8.538451,47.421182],[8.538394,47.421566]]}},{"type":"Feature","properties":{},"geometry":{"type":"LineString","coordinates":[[8.538432,47.419042],[8.538488,47.419621],[8.538514,47.419747],[8.538547,47.419866],[8.538684,47.420137],[8.538748,47.420256]]}},{"type":"Feature","properties":{},"geometry":{"type":"LineString","coordinates":[[8.538372,47.418388],[8.538392,47.418655],[8.538432,47.419042]]}},{"type":"Feature","properties":{},"geometry":{"type":"LineString","coordinates":[[8.538445,47.41763],[8.538403,47.417981],[8.538368,47.41819],[8.538372,47.418388]]}},{"type":"Feature","properties":{},"geometry":{"type":"LineString","coordinates":[[8.540834,47.42582],[8.539263,47.425948],[8.537052,47.426131],[8.536487,47.426204]]}},{"type":"Feature","properties":{},"geometry":{"type":"LineString","coordinates":[[8.523927,47.410868],[8.523872,47.410935],[8.52382,47.411004],[8.523771,47.411073],[8.523725,47.411143],[8.523681,47.411215],[8.523641,47.411287],[8.523604,47.411359],[8.523569,47.411433],[8.523495,47.411615],[8.523475,47.411661],[8.523452,47.411707],[8.523428,47.411752],[8.523401,47.411797],[8.523373,47.411841],[8.523342,47.411884],[8.523309,47.411927],[8.523275,47.411969]]}},{"type":"Feature","properties":{},"geometry":{"type":"LineString","coordinates":[[8.524372,47.410336],[8.524193,47.410553]]}},{"type":"Feature","properties":{},"geometry":{"type":"LineString","coordinates":[[8.524193,47.410553],[8.524015,47.410769],[8.52397,47.410818],[8.523927,47.410868]]}},{"type":"Feature","properties":{},"geometry":{"type":"LineString","coordinates":[[8.525161,47.409379],[8.525056,47.409507],[8.524372,47.410336]]}},{"type":"Feature","properties":{},"geometry":{"type":"LineString","coordinates":[[8.551566,47.427443],[8.550814,47.427521]]}},{"type":"Feature","properties":{},"geometry":{"type":"LineString","coordinates":[[8.554694,47.376838],[8.554775,47.376816],[8.554854,47.376793],[8.554932,47.376766],[8.555008,47.376738],[8.555083,47.376708],[8.555156,47.376676],[8.555227,47.376642],[8.555296,47.376606]]}},{"type":"Feature","properties":{},"geometry":{"type":"LineString","coordinates":[[8.540756,47.424702],[8.540943,47.424897],[8.540985,47.424939],[8.54103,47.42498],[8.541076,47.42502],[8.541125,47.425058],[8.541182,47.425108],[8.541237,47.425159],[8.54129,47.425212],[8.54134,47.425265],[8.541359,47.425282],[8.54138,47.425298],[8.541402,47.425313],[8.541425,47.425327],[8.54145,47.42534],[8.541475,47.425352],[8.541502,47.425363],[8.541529,47.425374],[8.541544,47.425381],[8.541558,47.42539],[8.54157,47.425399],[8.541581,47.425409],[8.54159,47.42542],[8.541597,47.425432],[8.541602,47.425444],[8.541606,47.425456],[8.541688,47.425679]]}},{"type":"Feature","properties":{},"geometry":{"type":"LineString","coordinates":[[8.557803,47.425509],[8.557653,47.425556],[8.557349,47.425616],[8.557248,47.425628],[8.557146,47.425638]]}},{"type":"Feature","properties":{},"geometry":{"type":"LineString","coordinates":[[8.54384,47.426387],[8.543993,47.426457],[8.544382,47.426636]]}},{"type":"Feature","properties":{},"geometry":{"type":"LineString","coordinates":[[8.554616,47.426329],[8.554806,47.426502],[8.55494,47.426608],[8.555078,47.426713]]}},{"type":"Feature","properties":{},"geometry":{"type":"LineString","coordinates":[[8.542575,47.425809],[8.54384,47.426387]]}},{"type":"Feature","properties":{},"geometry":{"type":"LineString","coordinates":[[8.505623,47.428526],[8.505429,47.428863],[8.505411,47.428894],[8.505391,47.428924],[8.50537,47.428954],[8.505348,47.428984],[8.505325,47.429013],[8.5053,47.429042],[8.505274,47.42907],[8.505247,47.429097],[8.505219,47.429124],[8.50519,47.429151],[8.505159,47.429177],[8.505127,47.429202],[8.505095,47.429227],[8.505061,47.429251],[8.505026,47.429274],[8.50499,47.429296],[8.504599,47.429543],[8.504178,47.429845],[8.504046,47.429932],[8.503911,47.430016],[8.503773,47.430099],[8.503632,47.430179],[8.503558,47.43022],[8.503486,47.430264],[8.503416,47.43031],[8.50335,47.430357],[8.503286,47.430407],[8.503226,47.430458],[8.503168,47.43051],[8.503114,47.430565],[8.503067,47.43062],[8.503023,47.430676],[8.50298,47.430733],[8.50294,47.43079],[8.502902,47.430848],[8.502865,47.430907],[8.502831,47.430966],[8.502799,47.431026],[8.502756,47.431126],[8.502709,47.431224],[8.502658,47.431322],[8.502603,47.431419],[8.502233,47.43189],[8.502016,47.432202],[8.501697,47.432638],[8.501677,47.432667],[8.501659,47.432696],[8.501643,47.432725],[8.501628,47.432755],[8.501616,47.432786],[8.501606,47.432817],[8.501599,47.432848],[8.501593,47.432879],[8.501591,47.432936],[8.50159,47.432992],[8.50159,47.433048],[8.501592,47.433104],[8.501595,47.43316],[8.5016,47.433217],[8.501606,47.433273],[8.501613,47.433329],[8.501668,47.433682],[8.50174,47.43413],[8.501747,47.434161],[8.501755,47.434191],[8.501766,47.43422],[8.501778,47.43425],[8.501964,47.434636]]}},{"type":"Feature","properties":{},"geometry":{"type":"LineString","coordinates":[[8.546398,47.41257],[8.546318,47.412809],[8.54631,47.412825],[8.546302,47.41284],[8.546292,47.412855],[8.54628,47.41287],[8.546268,47.412884],[8.546254,47.412898],[8.546239,47.412911],[8.546223,47.412924]]}},{"type":"Feature","properties":{},"geometry":{"type":"LineString","coordinates":[[8.542577,47.411871],[8.542554,47.411864],[8.542533,47.411855],[8.542514,47.411843],[8.5425,47.411829],[8.542489,47.411814],[8.542482,47.411797],[8.54248,47.41178],[8.542482,47.411763],[8.542509,47.411668],[8.542512,47.41165],[8.542512,47.411633],[8.542508,47.411615],[8.5425,47.411599],[8.542489,47.411583],[8.542475,47.411568],[8.542458,47.411555],[8.542438,47.411543],[8.541977,47.411307]]}},{"type":"Feature","properties":{},"geometry":{"type":"LineString","coordinates":[[8.539997,47.410355],[8.539433,47.410369]]}},{"type":"Feature","properties":{},"geometry":{"type":"LineString","coordinates":[[8.539433,47.410369],[8.538953,47.410404],[8.538851,47.410407],[8.538693,47.410403],[8.538315,47.410387],[8.53828,47.410385],[8.538108,47.410375]]}},{"type":"Feature","properties":{},"geometry":{"type":"LineString","coordinates":[[8.516978,47.423793],[8.517129,47.424022],[8.51719,47.424145],[8.517279,47.42436],[8.517303,47.424419],[8.517321,47.424478],[8.517334,47.424538],[8.517342,47.424598],[8.517344,47.424659],[8.517341,47.42472],[8.517333,47.42478],[8.51732,47.42484],[8.517216,47.425237]]}},{"type":"Feature","properties":{},"geometry":{"type":"LineString","coordinates":[[8.514711,47.426204],[8.513659,47.427086],[8.513617,47.427129],[8.513578,47.427172],[8.513541,47.427217],[8.513509,47.427264],[8.513479,47.427311],[8.513453,47.427359],[8.513431,47.427408],[8.513412,47.427458],[8.51332,47.427702]]}},{"type":"Feature","properties":{},"geometry":{"type":"LineString","coordinates":[[8.517216,47.425237],[8.517218,47.425226],[8.517218,47.425214],[8.517215,47.425203],[8.51721,47.425192],[8.517199,47.425186],[8.517186,47.425181],[8.517172,47.42518],[8.517157,47.425181],[8.516634,47.425224],[8.516559,47.425232],[8.516484,47.425242],[8.516411,47.425254],[8.516338,47.425268],[8.516266,47.425285],[8.516195,47.425303],[8.516126,47.425324],[8.516058,47.425347],[8.515994,47.42537],[8.515932,47.425395],[8.51587,47.425421],[8.51581,47.425447],[8.51575,47.425475],[8.515691,47.425504],[8.515634,47.425533],[8.515577,47.425563],[8.515518,47.425596],[8.51546,47.425629],[8.515404,47.425663],[8.515349,47.425699],[8.515295,47.425735],[8.515243,47.425773],[8.515193,47.425811],[8.515144,47.42585],[8.515037,47.42594],[8.514929,47.426028],[8.514821,47.426116],[8.514711,47.426204]]}},{"type":"Feature","properties":{},"geometry":{"type":"LineString","coordinates":[[8.525215,47.425762],[8.524592,47.425777],[8.523969,47.425794],[8.523347,47.425812],[8.522724,47.42583],[8.521743,47.42586],[8.520762,47.425887],[8.520655,47.42589],[8.520547,47.42589],[8.52044,47.425887],[8.520333,47.42588],[8.520227,47.42587],[8.520121,47.425857],[8.520017,47.425841],[8.519913,47.425822],[8.518557,47.425525],[8.517669,47.425336],[8.517621,47.425328],[8.517573,47.425322],[8.517525,47.425317],[8.517476,47.425313],[8.517427,47.425311],[8.517378,47.42531],[8.517329,47.425311],[8.51728,47.425313],[8.517265,47.425311],[8.517251,47.425307],[8.517238,47.425301],[8.517227,47.425294],[8.517219,47.425281],[8.517214,47.425266],[8.517213,47.425252],[8.517216,47.425237]]}},{"type":"Feature","properties":{},"geometry":{"type":"LineString","coordinates":[[8.542157,47.425479],[8.542102,47.425508],[8.542046,47.425536],[8.541989,47.425563],[8.54193,47.425588],[8.541871,47.425613],[8.541811,47.425636],[8.54175,47.425658],[8.541688,47.425679]]}},{"type":"Feature","properties":{},"geometry":{"type":"LineString","coordinates":[[8.540226,47.42424],[8.540756,47.424702]]}},{"type":"Feature","properties":{},"geometry":{"type":"LineString","coordinates":[[8.549162,47.427685],[8.549058,47.42769],[8.548953,47.427693],[8.548849,47.427694],[8.548745,47.427692],[8.54864,47.427689],[8.548536,47.427683],[8.548432,47.427675],[8.548329,47.427665],[8.548162,47.427646],[8.547996,47.427627],[8.54783,47.427606],[8.547664,47.427584],[8.547499,47.42756],[8.547334,47.427536],[8.547169,47.42751],[8.547005,47.427483],[8.546954,47.427445],[8.546893,47.427445],[8.546833,47.427444],[8.546773,47.427441],[8.546713,47.427437],[8.546653,47.427432],[8.546594,47.427425],[8.546534,47.427418],[8.546476,47.427408],[8.546433,47.427401],[8.54639,47.427394],[8.546347,47.42739],[8.546303,47.427388],[8.546259,47.427387],[8.546215,47.427389],[8.546171,47.427392],[8.546128,47.427397]]}},{"type":"Feature","properties":{},"geometry":{"type":"LineString","coordinates":[[8.544382,47.426636],[8.544487,47.426685],[8.545108,47.42697],[8.545758,47.427269],[8.546128,47.427397]]}},{"type":"Feature","properties":{},"geometry":{"type":"LineString","coordinates":[[8.542157,47.425479],[8.542158,47.425499],[8.542163,47.425518],[8.54217,47.425537],[8.54218,47.425555],[8.542192,47.425572],[8.542207,47.425589],[8.542224,47.425604],[8.542243,47.425619],[8.542264,47.425637],[8.542287,47.425655],[8.542312,47.425671],[8.542339,47.425686],[8.542575,47.425809]]}},{"type":"Feature","properties":{},"geometry":{"type":"LineString","coordinates":[[8.509092,47.424637],[8.509051,47.424663],[8.509008,47.424688],[8.508963,47.424711],[8.508915,47.424731],[8.508866,47.42475],[8.508815,47.424767],[8.508763,47.424781],[8.50871,47.424794]]}},{"type":"Feature","properties":{},"geometry":{"type":"LineString","coordinates":[[8.510879,47.423321],[8.510802,47.423368],[8.510724,47.423414],[8.510644,47.423459],[8.510563,47.423503],[8.510481,47.423545],[8.510397,47.423587],[8.510313,47.423627],[8.510227,47.423666],[8.510152,47.423698],[8.510079,47.423733],[8.510008,47.423769],[8.509939,47.423807],[8.509873,47.423847],[8.509809,47.423889],[8.509747,47.423933],[8.509688,47.423978],[8.509632,47.424025],[8.509579,47.424073],[8.509528,47.424123],[8.509481,47.424174],[8.509437,47.424226],[8.509395,47.424279],[8.509357,47.424334],[8.509322,47.424389],[8.509301,47.424423],[8.509277,47.424456],[8.509251,47.424488],[8.509224,47.42452],[8.509194,47.424551],[8.509162,47.42458],[8.509128,47.424609],[8.509092,47.424637]]}},{"type":"Feature","properties":{},"geometry":{"type":"LineString","coordinates":[[8.53775,47.412926],[8.537874,47.413668]]}},{"type":"Feature","properties":{},"geometry":{"type":"LineString","coordinates":[[8.538074,47.415263],[8.538107,47.41553],[8.538152,47.415913]]}},{"type":"Feature","properties":{},"geometry":{"type":"LineString","coordinates":[[8.538043,47.410822],[8.538014,47.410926],[8.53798,47.41103],[8.537817,47.411803]]}},{"type":"Feature","properties":{},"geometry":{"type":"LineString","coordinates":[[8.537817,47.411803],[8.537745,47.412145],[8.537719,47.412331],[8.537717,47.412402],[8.537718,47.412473],[8.537723,47.412543],[8.537732,47.412614],[8.53775,47.412926]]}},{"type":"Feature","properties":{},"geometry":{"type":"LineString","coordinates":[[8.537966,47.414378],[8.53802,47.414821],[8.538022,47.414839]]}},{"type":"Feature","properties":{},"geometry":{"type":"LineString","coordinates":[[8.538022,47.414839],[8.53805,47.415064],[8.538074,47.415263]]}},{"type":"Feature","properties":{},"geometry":{"type":"LineString","coordinates":[[8.538275,47.416931],[8.538356,47.417575],[8.538445,47.41763]]}},{"type":"Feature","properties":{},"geometry":{"type":"LineString","coordinates":[[8.506779,47.426765],[8.506738,47.426865],[8.506687,47.426941],[8.506313,47.427393],[8.506264,47.427454],[8.506218,47.427516],[8.505905,47.428036],[8.505623,47.428526]]}},{"type":"Feature","properties":{},"geometry":{"type":"LineString","coordinates":[[8.512513,47.429742],[8.512206,47.429827],[8.512144,47.429871],[8.512176,47.42992],[8.512304,47.429976],[8.512621,47.430059],[8.512696,47.430123],[8.512665,47.43018],[8.512371,47.430609]]}},{"type":"Feature","properties":{},"geometry":{"type":"LineString","coordinates":[[8.51074,47.423055],[8.510879,47.423321]]}},{"type":"Feature","properties":{},"geometry":{"type":"LineString","coordinates":[[8.563846,47.375496],[8.564142,47.375497]]}},{"type":"Feature","properties":{},"geometry":{"type":"LineString","coordinates":[[8.536487,47.426204],[8.536342,47.426139],[8.536204,47.426125],[8.536066,47.426113],[8.535927,47.426104],[8.535788,47.426098],[8.533523,47.425992],[8.532272,47.425943],[8.530397,47.425853],[8.529951,47.42583],[8.529505,47.425809],[8.529058,47.425791],[8.528611,47.425775],[8.527901,47.425748],[8.527191,47.425717],[8.527014,47.425714],[8.526837,47.425713],[8.52666,47.425715],[8.526483,47.42572],[8.525215,47.425762]]}},{"type":"Feature","properties":{},"geometry":{"type":"LineString","coordinates":[[8.59428,47.360645],[8.594266,47.360679],[8.594251,47.360712],[8.594235,47.360745],[8.594218,47.360778],[8.594199,47.360811],[8.594179,47.360843],[8.594157,47.360875],[8.594135,47.360906],[8.594111,47.360937],[8.594086,47.360968],[8.594059,47.360998],[8.594031,47.361027],[8.594003,47.361056],[8.593973,47.361085],[8.593941,47.361113],[8.593909,47.36114],[8.593397,47.361652],[8.593317,47.361736],[8.593242,47.361821],[8.593172,47.361907],[8.593105,47.361995],[8.593043,47.362085],[8.592986,47.362175],[8.592933,47.362268],[8.592885,47.362361],[8.592842,47.362455],[8.592835,47.362474],[8.592834,47.362493],[8.592837,47.362513],[8.592844,47.362531],[8.592856,47.362549],[8.592872,47.362565],[8.592891,47.362579],[8.592914,47.362591],[8.593096,47.362684]]}},{"type":"Feature","properties":{},"geometry":{"type":"LineString","coordinates":[[8.563229,47.411969],[8.563209,47.412154],[8.563178,47.412934],[8.563172,47.413105]]}},{"type":"Feature","properties":{},"geometry":{"type":"LineString","coordinates":[[8.572466,47.412872],[8.57245,47.413305]]}},{"type":"Feature","properties":{},"geometry":{"type":"LineString","coordinates":[[8.563293,47.410891],[8.56326,47.41105],[8.563236,47.411677]]}},{"type":"Feature","properties":{},"geometry":{"type":"LineString","coordinates":[[8.567563,47.413287],[8.567596,47.413275],[8.56763,47.413264],[8.567666,47.413255],[8.567702,47.413247],[8.568122,47.413199],[8.568152,47.41319],[8.568182,47.413182],[8.568213,47.413175],[8.568243,47.413169],[8.568275,47.413164],[8.568306,47.413159],[8.568338,47.413156],[8.56837,47.413154],[8.569725,47.413164],[8.570111,47.413172],[8.570497,47.413178],[8.570883,47.413183],[8.571269,47.413186],[8.571633,47.413253],[8.571997,47.413317],[8.572023,47.413311],[8.57205,47.413306],[8.572077,47.413302],[8.572105,47.4133],[8.572132,47.413298],[8.57216,47.413298],[8.572188,47.4133],[8.572215,47.413302],[8.57245,47.413305]]}},{"type":"Feature","properties":{},"geometry":{"type":"LineString","coordinates":[[8.563551,47.410261],[8.563507,47.410338],[8.563466,47.410415],[8.563428,47.410492],[8.563394,47.410571],[8.563364,47.41065],[8.563337,47.41073],[8.563313,47.41081],[8.563293,47.410891]]}},{"type":"Feature","properties":{},"geometry":{"type":"LineString","coordinates":[[8.572466,47.412872],[8.572483,47.412879],[8.572503,47.412884],[8.572542,47.412896],[8.572579,47.41291],[8.572613,47.412928],[8.572645,47.412947],[8.572665,47.41296],[8.572687,47.41297],[8.57271,47.412979],[8.572735,47.412987],[8.57276,47.412993],[8.572787,47.412997],[8.572813,47.412999],[8.57284,47.412999],[8.573701,47.413011]]}},{"type":"Feature","properties":{},"geometry":{"type":"LineString","coordinates":[[8.563236,47.411677],[8.563229,47.411969]]}},{"type":"Feature","properties":{},"geometry":{"type":"LineString","coordinates":[[8.59457,47.359878],[8.594409,47.359956],[8.594401,47.360042],[8.59439,47.360129],[8.594377,47.360215],[8.594362,47.360302],[8.594344,47.360388],[8.594325,47.360474],[8.594303,47.360559],[8.59428,47.360645]]}},{"type":"Feature","properties":{},"geometry":{"type":"LineString","coordinates":[[8.578901,47.367381],[8.579,47.367253]]}},{"type":"Feature","properties":{},"geometry":{"type":"LineString","coordinates":[[8.57727,47.369508],[8.577842,47.368756],[8.578536,47.367855],[8.578901,47.367381]]}},{"type":"Feature","properties":{},"geometry":{"type":"LineString","coordinates":[[8.575544,47.371736],[8.575566,47.371676],[8.575589,47.371616],[8.575615,47.371557],[8.575643,47.371499],[8.575674,47.371441],[8.575706,47.371383],[8.575741,47.371327],[8.575778,47.37127],[8.575817,47.371215],[8.575859,47.37116],[8.575902,47.371106],[8.575947,47.371053],[8.575995,47.371],[8.576044,47.370948],[8.576095,47.370898],[8.576149,47.370848],[8.576631,47.370351],[8.576709,47.370274],[8.576783,47.370195],[8.576853,47.370115],[8.576919,47.370033],[8.576981,47.369949],[8.577039,47.369865],[8.577093,47.369779],[8.577142,47.369692],[8.57727,47.369508]]}},{"type":"Feature","properties":{},"geometry":{"type":"LineString","coordinates":[[8.551309,47.414668],[8.551374,47.414761],[8.551441,47.414852],[8.551512,47.414943],[8.551585,47.415032],[8.551874,47.415361],[8.552886,47.416465],[8.553833,47.417498]]}},{"type":"Feature","properties":{},"geometry":{"type":"LineString","coordinates":[[8.558736,47.41307],[8.55978,47.413073]]}},{"type":"Feature","properties":{},"geometry":{"type":"LineString","coordinates":[[8.55063,47.413027],[8.550649,47.41311],[8.550668,47.413198],[8.550689,47.413286],[8.550712,47.413374],[8.550738,47.413461],[8.550765,47.413548],[8.550795,47.413635],[8.550827,47.413722],[8.55086,47.413808],[8.550961,47.414053],[8.551005,47.414146],[8.551051,47.414237]]}},{"type":"Feature","properties":{},"geometry":{"type":"LineString","coordinates":[[8.554503,47.418232],[8.555739,47.419583]]}},{"type":"Feature","properties":{},"geometry":{"type":"LineString","coordinates":[[8.575038,47.372127],[8.575079,47.372109],[8.575119,47.372091],[8.575159,47.372071],[8.575196,47.37205],[8.575233,47.372028],[8.575269,47.372006],[8.575303,47.371982],[8.575336,47.371958],[8.575367,47.371933],[8.575397,47.371907],[8.575426,47.37188],[8.575453,47.371852],[8.575478,47.371824],[8.575502,47.371795],[8.575524,47.371766],[8.575544,47.371736]]}},{"type":"Feature","properties":{},"geometry":{"type":"LineString","coordinates":[[8.574289,47.372378],[8.574352,47.372362],[8.574413,47.372345],[8.574474,47.372325],[8.574532,47.372303],[8.574589,47.372279],[8.574644,47.372253],[8.574697,47.372225],[8.574748,47.372196],[8.574779,47.37218],[8.574813,47.372166],[8.574848,47.372154],[8.574884,47.372144],[8.574921,47.372136],[8.57496,47.372131],[8.574999,47.372128],[8.575038,47.372127]]}},{"type":"Feature","properties":{},"geometry":{"type":"LineString","coordinates":[[8.546223,47.412924],[8.546114,47.413015],[8.545842,47.412892],[8.54555,47.412759],[8.545162,47.412614]]}},{"type":"Feature","properties":{},"geometry":{"type":"LineString","coordinates":[[8.561068,47.414799],[8.561194,47.41483],[8.561318,47.414863],[8.561442,47.414897],[8.561565,47.414934],[8.561686,47.414971],[8.561806,47.415011],[8.561925,47.415052],[8.562043,47.415095],[8.562586,47.41532]]}},{"type":"Feature","properties":{},"geometry":{"type":"LineString","coordinates":[[8.56307,47.414255],[8.563071,47.414325],[8.563068,47.414394],[8.563062,47.414463],[8.563051,47.414532],[8.563036,47.414601],[8.563017,47.414669],[8.562995,47.414737],[8.562969,47.414804],[8.562865,47.415014],[8.562798,47.415092],[8.562729,47.415168],[8.562659,47.415245],[8.562586,47.41532]]}},{"type":"Feature","properties":{},"geometry":{"type":"LineString","coordinates":[[8.563172,47.413105],[8.563168,47.413225],[8.563168,47.413387],[8.563096,47.413555],[8.563075,47.41411],[8.563072,47.414169],[8.56307,47.414255]]}},{"type":"Feature","properties":{},"geometry":{"type":"LineString","coordinates":[[8.544039,47.423943],[8.543205,47.424235],[8.543164,47.424296]]}},{"type":"Feature","properties":{},"geometry":{"type":"LineString","coordinates":[[8.549661,47.421178],[8.548902,47.421536]]}},{"type":"Feature","properties":{},"geometry":{"type":"LineString","coordinates":[[8.563172,47.413105],[8.563231,47.413114],[8.564639,47.413152],[8.565441,47.413169],[8.566341,47.41317],[8.56647,47.413167],[8.566496,47.413169],[8.566522,47.413172],[8.566549,47.413175],[8.566574,47.413179],[8.5666,47.413185],[8.566625,47.413191],[8.566649,47.413198],[8.566673,47.413206],[8.566697,47.413215],[8.566719,47.413224],[8.566741,47.413234],[8.566762,47.413245],[8.566782,47.413257],[8.566801,47.41327],[8.56682,47.413283],[8.566837,47.413297]]}},{"type":"Feature","properties":{},"geometry":{"type":"LineString","coordinates":[[8.566837,47.413297],[8.5672,47.413293],[8.567563,47.413287]]}},{"type":"Feature","properties":{},"geometry":{"type":"LineString","coordinates":[[8.551051,47.414237],[8.55111,47.414347],[8.551172,47.414455],[8.551239,47.414562],[8.551309,47.414668]]}},{"type":"Feature","properties":{},"geometry":{"type":"LineString","coordinates":[[8.55308,47.413028],[8.554331,47.413047],[8.55466,47.413037],[8.555358,47.41304],[8.555714,47.413042],[8.557708,47.41306],[8.558736,47.41307]]}},{"type":"Feature","properties":{},"geometry":{"type":"LineString","coordinates":[[8.552497,47.413026],[8.552924,47.413026],[8.55308,47.413028]]}},{"type":"Feature","properties":{},"geometry":{"type":"LineString","coordinates":[[8.55978,47.413073],[8.561159,47.413085]]}},{"type":"Feature","properties":{},"geometry":{"type":"LineString","coordinates":[[8.55063,47.413027],[8.550902,47.413012],[8.552497,47.413026]]}},{"type":"Feature","properties":{},"geometry":{"type":"LineString","coordinates":[[8.553833,47.417498],[8.554503,47.418232]]}},{"type":"Feature","properties":{},"geometry":{"type":"LineString","coordinates":[[8.561159,47.413085],[8.562107,47.413094],[8.563172,47.413105]]}},{"type":"Feature","properties":{},"geometry":{"type":"LineString","coordinates":[[8.550168,47.427592],[8.549383,47.427673],[8.549328,47.427678],[8.549273,47.427681],[8.549217,47.427684],[8.549162,47.427685]]}},{"type":"Feature","properties":{},"geometry":{"type":"LineString","coordinates":[[8.557146,47.425638],[8.55622,47.425702],[8.556171,47.425705],[8.556123,47.425709],[8.556074,47.425714],[8.556027,47.42572],[8.555979,47.425728],[8.555932,47.425736],[8.555885,47.425746],[8.555839,47.425757],[8.555794,47.425769],[8.555749,47.425782],[8.555705,47.425796],[8.555662,47.425811],[8.555619,47.425828],[8.555578,47.425845],[8.555537,47.425863],[8.555498,47.425883],[8.555284,47.425992]]}},{"type":"Feature","properties":{},"geometry":{"type":"LineString","coordinates":[[8.554082,47.427163],[8.551566,47.427443]]}},{"type":"Feature","properties":{},"geometry":{"type":"LineString","coordinates":[[8.550814,47.427521],[8.550168,47.427592]]}},{"type":"Feature","properties":{},"geometry":{"type":"LineString","coordinates":[[8.543164,47.424296],[8.543421,47.42469]]}},{"type":"Feature","properties":{},"geometry":{"type":"LineString","coordinates":[[8.543421,47.42469],[8.543363,47.424726],[8.543299,47.42475],[8.543238,47.424776],[8.543178,47.424803],[8.54312,47.424833],[8.543064,47.424865],[8.543011,47.424898],[8.54296,47.424933],[8.542911,47.42497],[8.542157,47.425479]]}},{"type":"Feature","properties":{},"geometry":{"type":"LineString","coordinates":[[8.555284,47.425992],[8.55512,47.42608],[8.554954,47.426165],[8.554786,47.426248],[8.554616,47.426329]]}},{"type":"Feature","properties":{},"geometry":{"type":"LineString","coordinates":[[8.555078,47.426713],[8.554544,47.427045],[8.554516,47.427062],[8.554486,47.427078],[8.554454,47.427093],[8.554421,47.427106],[8.554387,47.427117],[8.554351,47.427126],[8.554314,47.427134],[8.554277,47.42714],[8.554082,47.427163]]}},{"type":"Feature","properties":{},"geometry":{"type":"LineString","coordinates":[[8.593096,47.362684],[8.593001,47.362803],[8.592965,47.362831],[8.59293,47.36286],[8.592897,47.36289],[8.592865,47.36292],[8.592836,47.362952],[8.592807,47.362984],[8.592781,47.363017],[8.592757,47.36305],[8.592734,47.363084],[8.592713,47.363119],[8.592694,47.363154],[8.592677,47.36319],[8.592663,47.363226],[8.59265,47.363262],[8.592639,47.363299],[8.59263,47.363336],[8.592625,47.363363],[8.59262,47.36339],[8.592612,47.363416],[8.592604,47.363443],[8.592594,47.363469],[8.592583,47.363495],[8.59257,47.363521],[8.592556,47.363546],[8.592541,47.363571],[8.592524,47.363595],[8.592506,47.36362],[8.592487,47.363643],[8.592467,47.363667],[8.592445,47.363689],[8.592422,47.363712],[8.592398,47.363733]]}},{"type":"Feature","properties":{},"geometry":{"type":"LineString","coordinates":[[8.592398,47.363733],[8.592061,47.364113]]}},{"type":"Feature","properties":{},"geometry":{"type":"LineString","coordinates":[[8.585254,47.365595],[8.585307,47.365584],[8.585377,47.36557],[8.585377,47.36557],[8.58544,47.36556],[8.585503,47.365554],[8.585538,47.365552],[8.586643,47.365508],[8.587179,47.365499],[8.587752,47.365525],[8.587881,47.365534]]}},{"type":"Feature","properties":{},"geometry":{"type":"LineString","coordinates":[[8.588094,47.365547],[8.588239,47.36541]]}},{"type":"Feature","properties":{},"geometry":{"type":"LineString","coordinates":[[8.550329,47.420932],[8.550398,47.420914],[8.550468,47.420897],[8.550538,47.420881],[8.550609,47.420865],[8.55068,47.420851],[8.550751,47.420838],[8.550823,47.420825],[8.550895,47.420814]]}},{"type":"Feature","properties":{},"geometry":{"type":"LineString","coordinates":[[8.549661,47.421178],[8.549919,47.421067],[8.550014,47.421031],[8.550126,47.420992],[8.55026,47.42095],[8.550329,47.420932]]}},{"type":"Feature","properties":{},"geometry":{"type":"LineString","coordinates":[[8.545162,47.412614],[8.544623,47.412419],[8.544575,47.412404],[8.544525,47.412392],[8.544473,47.412383],[8.544421,47.412377],[8.54441,47.412376],[8.544399,47.412377],[8.544389,47.412378],[8.544379,47.412381],[8.544369,47.412384],[8.54436,47.412388],[8.544352,47.412393],[8.544345,47.412399],[8.544325,47.412418],[8.54431,47.41244],[8.544298,47.412462],[8.54429,47.412486],[8.544284,47.412512]]}},{"type":"Feature","properties":{},"geometry":{"type":"LineString","coordinates":[[8.541977,47.411307],[8.541259,47.410933],[8.541173,47.410885],[8.540898,47.410712],[8.540827,47.410674],[8.540773,47.410647],[8.540715,47.410623],[8.540081,47.410376],[8.540061,47.410369],[8.54004,47.410363],[8.540019,47.410359],[8.539997,47.410355]]}},{"type":"Feature","properties":{},"geometry":{"type":"LineString","coordinates":[[8.542577,47.411871],[8.542655,47.411777],[8.543265,47.410932]]}},{"type":"Feature","properties":{},"geometry":{"type":"LineString","coordinates":[[8.544284,47.412512],[8.542738,47.411918],[8.542699,47.411904],[8.542659,47.411892],[8.542619,47.41188],[8.542577,47.411871]]}},{"type":"Feature","properties":{},"geometry":{"type":"LineString","coordinates":[[8.587881,47.365534],[8.588094,47.365547]]}},{"type":"Feature","properties":{},"geometry":{"type":"LineString","coordinates":[[8.579,47.367253],[8.579143,47.367195]]}},{"type":"Feature","properties":{},"geometry":{"type":"LineString","coordinates":[[8.579405,47.367071],[8.579637,47.366991],[8.579839,47.366943]]}},{"type":"Feature","properties":{},"geometry":{"type":"LineString","coordinates":[[8.592061,47.364113],[8.591983,47.364229],[8.591803,47.364497],[8.591785,47.364521],[8.591764,47.364543],[8.591741,47.364564],[8.591715,47.364583],[8.591686,47.364601],[8.591655,47.364616],[8.591622,47.36463],[8.591587,47.364642],[8.591523,47.364662],[8.591012,47.364819],[8.590553,47.364955],[8.590219,47.365068]]}},{"type":"Feature","properties":{},"geometry":{"type":"LineString","coordinates":[[8.579143,47.367195],[8.579216,47.367159],[8.579405,47.367071]]}},{"type":"Feature","properties":{},"geometry":{"type":"LineString","coordinates":[[8.588239,47.36541],[8.588486,47.365165],[8.588513,47.365142],[8.588542,47.36512],[8.588572,47.3651],[8.588605,47.365081],[8.58864,47.365063],[8.588676,47.365048],[8.588714,47.365033],[8.588753,47.365021],[8.588793,47.365011],[8.588834,47.365002],[8.588876,47.364995],[8.588918,47.36499],[8.588961,47.364987],[8.589004,47.364986],[8.589047,47.364988],[8.58909,47.364991],[8.590034,47.365071],[8.590219,47.365068]]}},{"type":"Feature","properties":{},"geometry":{"type":"LineString","coordinates":[[8.579839,47.366943],[8.579933,47.36692],[8.580228,47.366873],[8.581002,47.366803],[8.581144,47.366789],[8.581284,47.366771],[8.581585,47.366731],[8.581942,47.366683],[8.582076,47.366664],[8.58221,47.366643],[8.582343,47.366622],[8.582476,47.366598],[8.582609,47.366574],[8.58274,47.366547],[8.582871,47.36652],[8.583002,47.366491],[8.583109,47.366459],[8.583214,47.366425],[8.583316,47.366387],[8.583417,47.366346],[8.584117,47.36605],[8.584969,47.365678],[8.584969,47.365678],[8.585012,47.365661],[8.585056,47.365646],[8.585101,47.365632],[8.585147,47.36562],[8.585147,47.36562],[8.585203,47.365607],[8.585254,47.365595]]}},{"type":"Feature","properties":{},"geometry":{"type":"LineString","coordinates":[[8.555739,47.419583],[8.559716,47.418007],[8.559885,47.417888]]}},{"type":"Feature","properties":{},"geometry":{"type":"LineString","coordinates":[[8.551688,47.420677],[8.552511,47.420529],[8.552675,47.420497],[8.552725,47.420486],[8.552775,47.420478],[8.552826,47.42047],[8.552877,47.420464],[8.552929,47.42046],[8.552981,47.420457],[8.553033,47.420456],[8.553085,47.420456],[8.553137,47.420455],[8.553189,47.420454],[8.553241,47.42045],[8.553292,47.420445],[8.553343,47.420438],[8.553394,47.42043],[8.553444,47.42042],[8.553493,47.420408],[8.55391,47.420313]]}},{"type":"Feature","properties":{},"geometry":{"type":"LineString","coordinates":[[8.550895,47.420814],[8.551334,47.420739],[8.551483,47.420714],[8.551688,47.420677]]}},{"type":"Feature","properties":{},"geometry":{"type":"LineString","coordinates":[[8.55391,47.420313],[8.55399,47.420291],[8.554069,47.420266],[8.554146,47.42024],[8.554222,47.420212],[8.554296,47.420181],[8.554368,47.42015],[8.554439,47.420116],[8.554508,47.420081]]}},{"type":"Feature","properties":{},"geometry":{"type":"LineString","coordinates":[[8.554508,47.420081],[8.554653,47.420027],[8.555084,47.419852],[8.555525,47.419677],[8.555739,47.419583]]}},{"type":"Feature","properties":{},"geometry":{"type":"LineString","coordinates":[[8.547122,47.422563],[8.546412,47.422968],[8.54632,47.423017],[8.546228,47.423066],[8.546134,47.423113],[8.54604,47.42316],[8.545945,47.423206],[8.545849,47.423252],[8.545752,47.423296],[8.545654,47.423339],[8.545556,47.423382],[8.545457,47.423424],[8.545357,47.423465],[8.545256,47.423505],[8.545154,47.423544],[8.545052,47.423582],[8.544949,47.42362],[8.544845,47.423656],[8.544039,47.423943]]}},{"type":"Feature","properties":{},"geometry":{"type":"LineString","coordinates":[[8.548902,47.421536],[8.547122,47.422563]]}},{"type":"Feature","properties":{},"geometry":{"type":"LineString","coordinates":[[8.548032,47.412868],[8.548578,47.412931],[8.548809,47.412947],[8.549222,47.412964],[8.549651,47.412976],[8.549839,47.412984],[8.549905,47.412989],[8.550004,47.413001],[8.550198,47.413022],[8.550375,47.413038],[8.55063,47.413027]]}},{"type":"Feature","properties":{},"geometry":{"type":"LineString","coordinates":[[8.546398,47.41257],[8.546651,47.41265],[8.547201,47.412782],[8.547234,47.412791],[8.547268,47.412798],[8.547302,47.412804],[8.547337,47.412809],[8.547371,47.412812],[8.547407,47.412814],[8.547442,47.412814],[8.547477,47.412814],[8.547547,47.412816],[8.547617,47.412819],[8.547687,47.412824],[8.547757,47.41283],[8.547826,47.412837],[8.547895,47.412846],[8.547964,47.412856],[8.548032,47.412868]]}},{"type":"Feature","properties":{},"geometry":{"type":"LineString","coordinates":[[8.559753,47.352101],[8.559756,47.3521],[8.559759,47.3521],[8.559762,47.352099],[8.559765,47.352098],[8.559768,47.352098],[8.55977,47.352097],[8.559773,47.352097],[8.559776,47.352096],[8.559779,47.352095],[8.559782,47.352095],[8.559784,47.352094],[8.559787,47.352093],[8.55979,47.352093],[8.559793,47.352092],[8.559796,47.352091],[8.559798,47.352091],[8.559801,47.35209],[8.559804,47.352089],[8.559807,47.352089],[8.55981,47.352088],[8.559812,47.352087],[8.559815,47.352087],[8.559818,47.352086],[8.559821,47.352085],[8.559824,47.352084],[8.559826,47.352084],[8.559829,47.352083],[8.559832,47.352082],[8.559835,47.352082],[8.559838,47.352081],[8.55984,47.35208],[8.559843,47.352079],[8.559846,47.352079],[8.559849,47.352078],[8.559851,47.352077],[8.559854,47.352076],[8.559857,47.352076],[8.55986,47.352075],[8.559862,47.352074],[8.559865,47.352073],[8.559868,47.352073],[8.559871,47.352072],[8.559873,47.352071],[8.559876,47.35207],[8.559879,47.352069],[8.559881,47.352069],[8.559884,47.352068],[8.559887,47.352067],[8.55989,47.352066],[8.559892,47.352065],[8.559895,47.352065],[8.559898,47.352064],[8.559901,47.352063],[8.559903,47.352062],[8.559906,47.352061],[8.559909,47.35206],[8.559911,47.35206],[8.559914,47.352059],[8.559917,47.352058],[8.559919,47.352057],[8.559922,47.352056],[8.559925,47.352055],[8.559928,47.352055],[8.55993,47.352054],[8.559933,47.352053],[8.559936,47.352052],[8.559938,47.352051],[8.559941,47.35205],[8.559944,47.352049],[8.559946,47.352048],[8.559949,47.352048],[8.559952,47.352047],[8.559954,47.352046],[8.559957,47.352045],[8.55996,47.352044],[8.559962,47.352043],[8.559965,47.352042],[8.559968,47.352041],[8.55997,47.35204],[8.559973,47.352039],[8.559975,47.352039],[8.559978,47.352038],[8.559981,47.352037],[8.559983,47.352036],[8.559986,47.352035],[8.559989,47.352034],[8.559991,47.352033],[8.559994,47.352032],[8.559997,47.352031],[8.559999,47.35203],[8.560002,47.352029],[8.560004,47.352028],[8.560007,47.352027],[8.56001,47.352026],[8.560012,47.352025],[8.560015,47.352024],[8.560017,47.352023],[8.56002,47.352022],[8.560023,47.352021],[8.560025,47.35202],[8.560028,47.352019],[8.56003,47.352018],[8.560033,47.352017],[8.560035,47.352016],[8.560038,47.352015],[8.560041,47.352014],[8.560043,47.352013],[8.560046,47.352012],[8.560048,47.352011],[8.560051,47.35201],[8.560053,47.352009],[8.560056,47.352008],[8.560058,47.352007],[8.560061,47.352006],[8.560064,47.352005],[8.560066,47.352004],[8.560069,47.352003],[8.560071,47.352002],[8.560074,47.352001],[8.560076,47.352],[8.560079,47.351999],[8.560081,47.351997],[8.560084,47.351996],[8.560086,47.351995],[8.560089,47.351994],[8.560091,47.351993],[8.560094,47.351992],[8.560096,47.351991],[8.560099,47.35199],[8.560101,47.351989],[8.560104,47.351988],[8.560106,47.351987],[8.560109,47.351985],[8.560111,47.351984],[8.560114,47.351983],[8.560116,47.351982],[8.560119,47.351981],[8.560121,47.35198],[8.560123,47.351979],[8.560126,47.351978],[8.560128,47.351976],[8.560131,47.351975],[8.560133,47.351974],[8.560136,47.351973],[8.560138,47.351972],[8.560141,47.351971],[8.560143,47.35197],[8.560145,47.351968],[8.560148,47.351967],[8.56015,47.351966],[8.560153,47.351965],[8.560155,47.351964],[8.560158,47.351963],[8.56016,47.351961],[8.560162,47.35196],[8.560165,47.351959],[8.560167,47.351958],[8.56017,47.351957],[8.560172,47.351955],[8.560174,47.351954],[8.560177,47.351953],[8.560179,47.351952],[8.560181,47.351951],[8.560184,47.351949],[8.560186,47.351948],[8.560189,47.351947],[8.560191,47.351946],[8.560193,47.351944],[8.560196,47.351943],[8.560198,47.351942],[8.5602,47.351941],[8.560203,47.351939],[8.560205,47.351938],[8.560207,47.351937],[8.56021,47.351936],[8.560212,47.351934],[8.560214,47.351933],[8.560217,47.351932],[8.560219,47.351931],[8.560221,47.351929],[8.560224,47.351928],[8.560226,47.351927],[8.560228,47.351926],[8.56023,47.351924],[8.560233,47.351923],[8.560235,47.351922],[8.560237,47.35192],[8.56024,47.351919],[8.560242,47.351918],[8.560244,47.351916],[8.560246,47.351915],[8.560249,47.351914],[8.560251,47.351913],[8.560253,47.351911],[8.560255,47.35191],[8.560258,47.351909],[8.56026,47.351907],[8.560262,47.351906],[8.560264,47.351905],[8.560267,47.351903],[8.560269,47.351902],[8.560271,47.351901],[8.560273,47.351899],[8.560275,47.351898],[8.560278,47.351897],[8.56028,47.351895],[8.560282,47.351894],[8.560284,47.351893],[8.560286,47.351891],[8.560289,47.35189],[8.560291,47.351888],[8.560293,47.351887],[8.560295,47.351886],[8.560297,47.351884],[8.5603,47.351883],[8.560302,47.351882],[8.560304,47.35188],[8.560306,47.351879],[8.560308,47.351877],[8.56031,47.351876],[8.560312,47.351875],[8.560315,47.351873],[8.560317,47.351872],[8.560319,47.35187],[8.560321,47.351869],[8.560323,47.351868],[8.560325,47.351866],[8.560327,47.351865],[8.560329,47.351863],[8.560332,47.351862],[8.560334,47.35186],[8.560336,47.351859],[8.560338,47.351858],[8.56034,47.351856],[8.560342,47.351855],[8.560344,47.351853],[8.560346,47.351852],[8.560348,47.35185],[8.56035,47.351849],[8.560352,47.351847],[8.560354,47.351846],[8.560356,47.351845],[8.560358,47.351843],[8.56036,47.351842],[8.560363,47.35184],[8.560365,47.351839],[8.560367,47.351837],[8.560369,47.351836],[8.560371,47.351834],[8.560373,47.351833],[8.560375,47.351831],[8.560377,47.35183],[8.560379,47.351828],[8.560381,47.351827],[8.560383,47.351825],[8.560385,47.351824]]}},{"type":"Feature","properties":{},"geometry":{"type":"LineString","coordinates":[[8.558802,47.353241],[8.55885,47.353189],[8.55905,47.35298],[8.559116,47.352904]]}},{"type":"Feature","properties":{},"geometry":{"type":"LineString","coordinates":[[8.478691,47.386906],[8.478442,47.386975],[8.477913,47.387109]]}},{"type":"Feature","properties":{},"geometry":{"type":"LineString","coordinates":[[8.46932,47.389396],[8.469227,47.389443],[8.469132,47.389488],[8.469035,47.389532],[8.468937,47.389573],[8.468747,47.389679],[8.468561,47.389786],[8.468378,47.389896],[8.468198,47.390009],[8.468021,47.390124],[8.467848,47.390241],[8.467678,47.390361],[8.467512,47.390483]]}},{"type":"Feature","properties":{},"geometry":{"type":"LineString","coordinates":[[8.481953,47.385946],[8.481803,47.385988],[8.481653,47.386031],[8.481505,47.386075],[8.481357,47.38612]]}},{"type":"Feature","properties":{},"geometry":{"type":"LineString","coordinates":[[8.555739,47.419583],[8.556283,47.420194]]}},{"type":"Feature","properties":{},"geometry":{"type":"LineString","coordinates":[[8.476647,47.387434],[8.476558,47.387453],[8.476469,47.387471],[8.476379,47.387488],[8.476288,47.387503],[8.475526,47.387641],[8.475447,47.387656],[8.475368,47.387672],[8.475289,47.387689],[8.475211,47.387707],[8.475134,47.387727],[8.475057,47.387747],[8.47498,47.387768],[8.474905,47.387791]]}},{"type":"Feature","properties":{},"geometry":{"type":"LineString","coordinates":[[8.472465,47.388734],[8.472316,47.388784],[8.471239,47.389109],[8.471182,47.389125],[8.471125,47.389139],[8.471067,47.389153],[8.471008,47.389165],[8.470949,47.389176],[8.470889,47.389185],[8.470829,47.389194],[8.470769,47.389201],[8.470711,47.389205],[8.470652,47.389207],[8.470593,47.389208],[8.470535,47.389206],[8.470476,47.389203],[8.470418,47.389198],[8.47036,47.389191],[8.470303,47.389182]]}},{"type":"Feature","properties":{},"geometry":{"type":"LineString","coordinates":[[8.474905,47.387791],[8.47479,47.387827],[8.474677,47.387866]]}},{"type":"Feature","properties":{},"geometry":{"type":"LineString","coordinates":[[8.531279,47.383122],[8.531309,47.383141],[8.53163,47.383344],[8.531678,47.383375]]}},{"type":"Feature","properties":{},"geometry":{"type":"LineString","coordinates":[[8.53256,47.38392],[8.532351,47.384075],[8.532172,47.384207]]}},{"type":"Feature","properties":{},"geometry":{"type":"LineString","coordinates":[[8.531289,47.384872],[8.531103,47.385007],[8.530465,47.385484]]}},{"type":"Feature","properties":{},"geometry":{"type":"LineString","coordinates":[[8.532084,47.383629],[8.532464,47.383864],[8.53256,47.38392]]}},{"type":"Feature","properties":{},"geometry":{"type":"LineString","coordinates":[[8.531678,47.383375],[8.531728,47.383405],[8.532084,47.383629]]}},{"type":"Feature","properties":{},"geometry":{"type":"LineString","coordinates":[[8.53097,47.38293],[8.531072,47.382996],[8.53122,47.383087],[8.531279,47.383122]]}},{"type":"Feature","properties":{},"geometry":{"type":"LineString","coordinates":[[8.529939,47.381733],[8.529971,47.381768],[8.530318,47.382171],[8.530353,47.382212]]}},{"type":"Feature","properties":{},"geometry":{"type":"LineString","coordinates":[[8.530353,47.382212],[8.530404,47.382275],[8.530921,47.382873],[8.53097,47.38293]]}},{"type":"Feature","properties":{},"geometry":{"type":"LineString","coordinates":[[8.532172,47.384207],[8.531976,47.384352]]}},{"type":"Feature","properties":{},"geometry":{"type":"LineString","coordinates":[[8.474677,47.387866],[8.474611,47.38789],[8.474545,47.387915],[8.47448,47.387941],[8.474416,47.387967],[8.473106,47.388502],[8.472956,47.388561],[8.472835,47.388606],[8.472713,47.38865],[8.472589,47.388693],[8.472465,47.388734]]}},{"type":"Feature","properties":{},"geometry":{"type":"LineString","coordinates":[[8.477913,47.387109],[8.476949,47.387355],[8.476798,47.387395],[8.476647,47.387434]]}},{"type":"Feature","properties":{},"geometry":{"type":"LineString","coordinates":[[8.557769,47.352521],[8.557899,47.352626],[8.558802,47.353241]]}},{"type":"Feature","properties":{},"geometry":{"type":"LineString","coordinates":[[8.559116,47.352904],[8.559223,47.352783]]}},{"type":"Feature","properties":{},"geometry":{"type":"LineString","coordinates":[[8.520728,47.38002],[8.520641,47.380058],[8.520554,47.380095],[8.520465,47.380131],[8.520376,47.380165],[8.519767,47.380407]]}},{"type":"Feature","properties":{},"geometry":{"type":"LineString","coordinates":[[8.511873,47.392082],[8.51258,47.393364],[8.51274,47.393476]]}},{"type":"Feature","properties":{},"geometry":{"type":"LineString","coordinates":[[8.530762,47.381498],[8.530721,47.381513],[8.530679,47.381527],[8.529939,47.381733]]}},{"type":"Feature","properties":{},"geometry":{"type":"LineString","coordinates":[[8.534301,47.380419],[8.534216,47.380438]]}},{"type":"Feature","properties":{},"geometry":{"type":"LineString","coordinates":[[8.569814,47.357347],[8.569371,47.357946],[8.56928,47.358199],[8.569214,47.358572],[8.569245,47.358819],[8.569274,47.358928],[8.569346,47.359008],[8.569452,47.359072],[8.569479,47.359129],[8.569449,47.359159],[8.569437,47.359197],[8.569482,47.359239]]}},{"type":"Feature","properties":{},"geometry":{"type":"LineString","coordinates":[[8.569482,47.359239],[8.569497,47.359246],[8.56951,47.359254],[8.569622,47.35933],[8.569762,47.359347]]}},{"type":"Feature","properties":{},"geometry":{"type":"LineString","coordinates":[[8.531289,47.384872],[8.531942,47.384823]]}},{"type":"Feature","properties":{},"geometry":{"type":"LineString","coordinates":[[8.531942,47.384823],[8.531976,47.384352]]}},{"type":"Feature","properties":{},"geometry":{"type":"LineString","coordinates":[[8.511873,47.392082],[8.51166,47.392099]]}},{"type":"Feature","properties":{},"geometry":{"type":"LineString","coordinates":[[8.511394,47.391646],[8.511405,47.391653],[8.511415,47.391662],[8.511423,47.391671],[8.511429,47.391681],[8.51148,47.391772],[8.511604,47.392],[8.51166,47.392099]]}},{"type":"Feature","properties":{},"geometry":{"type":"LineString","coordinates":[[8.510029,47.390207],[8.510589,47.390514],[8.510795,47.39072],[8.511379,47.391564],[8.511394,47.391646]]}},{"type":"Feature","properties":{},"geometry":{"type":"LineString","coordinates":[[8.503267,47.381145],[8.503253,47.381161],[8.50324,47.381177],[8.503228,47.381195],[8.503218,47.381212],[8.503208,47.38123],[8.5032,47.381248],[8.503194,47.381266],[8.503188,47.381285],[8.503184,47.381303],[8.503182,47.381322],[8.503181,47.381341],[8.503181,47.38136],[8.503182,47.381379],[8.503185,47.381397],[8.503189,47.381416],[8.503195,47.381435]]}},{"type":"Feature","properties":{},"geometry":{"type":"LineString","coordinates":[[8.525217,47.350479],[8.525565,47.350827],[8.525614,47.350871],[8.525684,47.350897],[8.525786,47.350955],[8.525853,47.351023],[8.52593,47.35115],[8.526005,47.351385],[8.526026,47.35156],[8.525991,47.351781],[8.525924,47.35193],[8.525819,47.352124],[8.525708,47.352268],[8.525351,47.352605],[8.524905,47.352977]]}},{"type":"Feature","properties":{},"geometry":{"type":"LineString","coordinates":[[8.525217,47.350479],[8.525191,47.350449],[8.525133,47.350384],[8.525072,47.350319],[8.525013,47.350259],[8.524953,47.3502],[8.524862,47.350116],[8.524812,47.350072],[8.524761,47.350029],[8.524709,47.349986],[8.524656,47.349943],[8.524548,47.34986]]}},{"type":"Feature","properties":{},"geometry":{"type":"LineString","coordinates":[[8.50839,47.385075],[8.508418,47.385102],[8.508444,47.38513],[8.50847,47.385159],[8.508495,47.385188],[8.508518,47.385217],[8.50854,47.385247],[8.508561,47.385277],[8.508581,47.385307],[8.508599,47.385338],[8.508617,47.38537],[8.508633,47.385401],[8.508647,47.385433],[8.508661,47.385465],[8.508673,47.385497],[8.508684,47.38553],[8.508693,47.385562],[8.508961,47.386414],[8.509576,47.388338],[8.509729,47.388717],[8.509744,47.388745],[8.50976,47.388772],[8.509777,47.388799],[8.509796,47.388826],[8.509816,47.388852],[8.509837,47.388878],[8.509859,47.388903],[8.509883,47.388928],[8.509907,47.388952],[8.509933,47.388975],[8.50996,47.388998],[8.509988,47.389021],[8.510018,47.389043],[8.510048,47.389064],[8.510079,47.389084],[8.510111,47.389104],[8.510145,47.389123],[8.510179,47.389141],[8.510213,47.389159],[8.510249,47.389176],[8.510286,47.389191],[8.510323,47.389206],[8.510361,47.389221],[8.5104,47.389234],[8.510439,47.389247],[8.510479,47.389258],[8.510519,47.389269],[8.51056,47.389279],[8.510602,47.389288],[8.510643,47.389296],[8.510685,47.389303],[8.510728,47.389309],[8.511276,47.389388],[8.511489,47.389413],[8.511573,47.389433],[8.511655,47.389456],[8.511737,47.389481],[8.511817,47.389507],[8.511896,47.389536],[8.511973,47.389566],[8.512049,47.389598],[8.512123,47.389632]]}},{"type":"Feature","properties":{},"geometry":{"type":"LineString","coordinates":[[8.517569,47.378143],[8.517413,47.378216],[8.517254,47.378286],[8.517094,47.378354],[8.516931,47.37842],[8.516767,47.378484],[8.516601,47.378545],[8.516433,47.378604],[8.516264,47.378661],[8.516111,47.37872]]}},{"type":"Feature","properties":{},"geometry":{"type":"LineString","coordinates":[[8.491048,47.388258],[8.490821,47.388346],[8.490555,47.388436],[8.48991,47.388671]]}},{"type":"Feature","properties":{},"geometry":{"type":"LineString","coordinates":[[8.500916,47.385164],[8.500246,47.385363],[8.497921,47.386044]]}},{"type":"Feature","properties":{},"geometry":{"type":"LineString","coordinates":[[8.496527,47.386451],[8.49552,47.386742],[8.494172,47.387138]]}},{"type":"Feature","properties":{},"geometry":{"type":"LineString","coordinates":[[8.494172,47.387138],[8.493984,47.387193],[8.493658,47.3873],[8.492822,47.387603],[8.491547,47.388064],[8.491211,47.388195],[8.491048,47.388258]]}},{"type":"Feature","properties":{},"geometry":{"type":"LineString","coordinates":[[8.497921,47.386044],[8.496527,47.386451]]}},{"type":"Feature","properties":{},"geometry":{"type":"LineString","coordinates":[[8.48991,47.388671],[8.489755,47.388727],[8.488982,47.389007]]}},{"type":"Feature","properties":{},"geometry":{"type":"LineString","coordinates":[[8.504188,47.40332],[8.504317,47.403432]]}},{"type":"Feature","properties":{},"geometry":{"type":"LineString","coordinates":[[8.504494,47.403595],[8.504586,47.403568],[8.504944,47.40336],[8.505382,47.403117]]}},{"type":"Feature","properties":{},"geometry":{"type":"LineString","coordinates":[[8.524699,47.373769],[8.524554,47.373879],[8.524248,47.374113],[8.524223,47.374131],[8.524201,47.374151],[8.524181,47.374172],[8.524165,47.374194],[8.524152,47.374217],[8.524141,47.374241],[8.524135,47.374265],[8.524132,47.374289]]}},{"type":"Feature","properties":{},"geometry":{"type":"LineString","coordinates":[[8.504494,47.403595],[8.504317,47.403432]]}},{"type":"Feature","properties":{},"geometry":{"type":"LineString","coordinates":[[8.50649,47.402106],[8.506103,47.402477],[8.505601,47.402962],[8.505382,47.403117]]}},{"type":"Feature","properties":{},"geometry":{"type":"LineString","coordinates":[[8.509057,47.419188],[8.508838,47.419306],[8.508793,47.419265],[8.508268,47.419518]]}},{"type":"Feature","properties":{},"geometry":{"type":"LineString","coordinates":[[8.509057,47.419188],[8.509517,47.418923]]}},{"type":"Feature","properties":{},"geometry":{"type":"LineString","coordinates":[[8.566521,47.360669],[8.567148,47.361053]]}},{"type":"Feature","properties":{},"geometry":{"type":"LineString","coordinates":[[8.567148,47.361053],[8.567802,47.36047],[8.567865,47.360403],[8.567918,47.360332],[8.567962,47.360257]]}},{"type":"Feature","properties":{},"geometry":{"type":"LineString","coordinates":[[8.518139,47.391945],[8.517416,47.392155],[8.516823,47.392325],[8.515591,47.392665],[8.512923,47.39343],[8.512832,47.393453],[8.51274,47.393476]]}},{"type":"Feature","properties":{},"geometry":{"type":"LineString","coordinates":[[8.510318,47.393706],[8.509159,47.393745],[8.508173,47.393779],[8.50763,47.393798]]}},{"type":"Feature","properties":{},"geometry":{"type":"LineString","coordinates":[[8.561616,47.353894],[8.561639,47.353833],[8.561664,47.353773],[8.56169,47.353713]]}},{"type":"Feature","properties":{},"geometry":{"type":"LineString","coordinates":[[8.563196,47.351651],[8.563242,47.351576],[8.564075,47.350205],[8.564137,47.350108],[8.564213,47.350016],[8.564301,47.349928],[8.564779,47.349532],[8.564813,47.349504],[8.564845,47.349475],[8.564875,47.349446]]}},{"type":"Feature","properties":{},"geometry":{"type":"LineString","coordinates":[[8.564875,47.349446],[8.564911,47.349406],[8.564944,47.349366],[8.564974,47.349324],[8.565116,47.349132],[8.565628,47.348526],[8.566898,47.34712]]}},{"type":"Feature","properties":{},"geometry":{"type":"LineString","coordinates":[[8.560724,47.35437],[8.56092,47.354185],[8.561123,47.353993],[8.561183,47.353939],[8.561195,47.353928],[8.561208,47.353919],[8.561223,47.35391],[8.561238,47.353901],[8.561254,47.353894],[8.561272,47.353888],[8.56129,47.353883],[8.561308,47.353878],[8.561327,47.353875],[8.561347,47.353873],[8.561366,47.353872],[8.561386,47.353872],[8.561405,47.353874],[8.561616,47.353894]]}},{"type":"Feature","properties":{},"geometry":{"type":"LineString","coordinates":[[8.56169,47.353713],[8.561733,47.353623],[8.56178,47.353534],[8.561831,47.353446],[8.561988,47.353156],[8.562181,47.352877],[8.562407,47.35261],[8.562846,47.352129],[8.562938,47.352024],[8.563023,47.351916],[8.563101,47.351805],[8.563196,47.351651]]}},{"type":"Feature","properties":{},"geometry":{"type":"LineString","coordinates":[[8.566898,47.34712],[8.567099,47.346904]]}},{"type":"Feature","properties":{},"geometry":{"type":"LineString","coordinates":[[8.50763,47.393798],[8.506628,47.393832],[8.505557,47.393874]]}},{"type":"Feature","properties":{},"geometry":{"type":"LineString","coordinates":[[8.520388,47.391298],[8.520103,47.391376],[8.518876,47.391731]]}},{"type":"Feature","properties":{},"geometry":{"type":"LineString","coordinates":[[8.522048,47.390845],[8.521822,47.39087],[8.521072,47.391029],[8.520457,47.39119],[8.520388,47.391298]]}},{"type":"Feature","properties":{},"geometry":{"type":"LineString","coordinates":[[8.518876,47.391731],[8.518816,47.391748],[8.518139,47.391945]]}},{"type":"Feature","properties":{},"geometry":{"type":"LineString","coordinates":[[8.51274,47.393476],[8.51265,47.393496],[8.51256,47.393515],[8.512469,47.393534],[8.512377,47.393551],[8.512285,47.393567],[8.512193,47.393582],[8.512101,47.393596],[8.512008,47.393609],[8.511914,47.393621],[8.511821,47.393632],[8.511727,47.393642],[8.511633,47.39365],[8.511539,47.393658],[8.511444,47.393664],[8.51135,47.393669],[8.511255,47.393673],[8.510318,47.393706]]}},{"type":"Feature","properties":{},"geometry":{"type":"LineString","coordinates":[[8.505557,47.393874],[8.505503,47.393877],[8.505253,47.393889],[8.505155,47.393896],[8.505057,47.393901],[8.504959,47.393905],[8.504861,47.393908],[8.504763,47.393909],[8.504665,47.393908],[8.504566,47.393906],[8.504468,47.393902],[8.503943,47.393881],[8.503334,47.393853]]}},{"type":"Feature","properties":{},"geometry":{"type":"LineString","coordinates":[[8.523538,47.388421],[8.521309,47.389505]]}},{"type":"Feature","properties":{},"geometry":{"type":"LineString","coordinates":[[8.524726,47.387843],[8.523538,47.388421]]}},{"type":"Feature","properties":{},"geometry":{"type":"LineString","coordinates":[[8.526343,47.38826],[8.526899,47.389072],[8.52721,47.38914],[8.527373,47.389242]]}},{"type":"Feature","properties":{},"geometry":{"type":"LineString","coordinates":[[8.526542,47.388148],[8.526385,47.388237],[8.526343,47.38826]]}},{"type":"Feature","properties":{},"geometry":{"type":"LineString","coordinates":[[8.525438,47.387496],[8.525416,47.387507],[8.524726,47.387843]]}},{"type":"Feature","properties":{},"geometry":{"type":"LineString","coordinates":[[8.526542,47.388148],[8.526449,47.388076],[8.526357,47.388006],[8.526262,47.387939],[8.526163,47.387874],[8.526062,47.387811],[8.525957,47.38775],[8.52585,47.387692],[8.52574,47.387636],[8.525627,47.387582],[8.525438,47.387496]]}},{"type":"Feature","properties":{},"geometry":{"type":"LineString","coordinates":[[8.527373,47.389242],[8.52723,47.389317]]}},{"type":"Feature","properties":{},"geometry":{"type":"LineString","coordinates":[[8.527814,47.38635],[8.527136,47.38667],[8.526941,47.386764]]}},{"type":"Feature","properties":{},"geometry":{"type":"LineString","coordinates":[[8.504093,47.381041],[8.504087,47.381069],[8.50408,47.381096],[8.504071,47.381123],[8.504061,47.38115],[8.504049,47.381177],[8.504036,47.381203],[8.504022,47.381229],[8.504006,47.381255],[8.503989,47.38128],[8.503971,47.381305],[8.503952,47.381329],[8.503931,47.381353],[8.503909,47.381376],[8.503886,47.381399],[8.503862,47.381422],[8.503836,47.381443]]}},{"type":"Feature","properties":{},"geometry":{"type":"LineString","coordinates":[[8.503836,47.381443],[8.503797,47.381452],[8.503758,47.381459],[8.503718,47.381465],[8.503678,47.38147],[8.503637,47.381474],[8.503596,47.381476],[8.503556,47.381478],[8.503515,47.381478],[8.503474,47.381477],[8.503433,47.381474],[8.503392,47.381471],[8.503352,47.381466],[8.503312,47.38146],[8.503273,47.381452],[8.503233,47.381444],[8.503195,47.381435]]}},{"type":"Feature","properties":{},"geometry":{"type":"LineString","coordinates":[[8.526941,47.386764],[8.526814,47.386836],[8.525884,47.387279]]}},{"type":"Feature","properties":{},"geometry":{"type":"LineString","coordinates":[[8.528584,47.385779],[8.528485,47.385845],[8.527879,47.386319],[8.527814,47.38635]]}},{"type":"Feature","properties":{},"geometry":{"type":"LineString","coordinates":[[8.525884,47.387279],[8.525641,47.387397]]}},{"type":"Feature","properties":{},"geometry":{"type":"LineString","coordinates":[[8.507387,47.38426],[8.507756,47.384549],[8.50839,47.385075]]}},{"type":"Feature","properties":{},"geometry":{"type":"LineString","coordinates":[[8.532632,47.337136],[8.532665,47.337098],[8.5327,47.337061],[8.532736,47.337024],[8.532773,47.336987],[8.532812,47.336951],[8.532851,47.336916],[8.532891,47.336881],[8.532933,47.336846],[8.533204,47.336616]]}},{"type":"Feature","properties":{},"geometry":{"type":"LineString","coordinates":[[8.520188,47.378382],[8.520996,47.379171]]}},{"type":"Feature","properties":{},"geometry":{"type":"LineString","coordinates":[[8.524281,47.379263],[8.523939,47.379443]]}},{"type":"Feature","properties":{},"geometry":{"type":"LineString","coordinates":[[8.526264,47.378218],[8.525749,47.378489]]}},{"type":"Feature","properties":{},"geometry":{"type":"LineString","coordinates":[[8.529474,47.376353],[8.528868,47.376753],[8.52884,47.376766],[8.52881,47.376777],[8.528778,47.376786],[8.528744,47.376792]]}},{"type":"Feature","properties":{},"geometry":{"type":"LineString","coordinates":[[8.520188,47.378382],[8.520135,47.378402],[8.519882,47.378495],[8.519659,47.378578],[8.519511,47.378634]]}},{"type":"Feature","properties":{},"geometry":{"type":"LineString","coordinates":[[8.528744,47.376792],[8.528736,47.376822],[8.528723,47.376852],[8.528706,47.376881],[8.528685,47.376909],[8.528661,47.376936],[8.528633,47.37696],[8.528601,47.376983],[8.528567,47.377004],[8.528314,47.377143],[8.527789,47.377417]]}},{"type":"Feature","properties":{},"geometry":{"type":"LineString","coordinates":[[8.527789,47.377417],[8.527683,47.377472],[8.526722,47.377977]]}},{"type":"Feature","properties":{},"geometry":{"type":"LineString","coordinates":[[8.532429,47.374518],[8.531811,47.374818],[8.531713,47.374874],[8.53066,47.37557],[8.530608,47.375605]]}},{"type":"Feature","properties":{},"geometry":{"type":"LineString","coordinates":[[8.529738,47.376179],[8.529615,47.37626],[8.529474,47.376353]]}},{"type":"Feature","properties":{},"geometry":{"type":"LineString","coordinates":[[8.525749,47.378489],[8.525629,47.378552],[8.52506,47.378851],[8.524952,47.378908]]}},{"type":"Feature","properties":{},"geometry":{"type":"LineString","coordinates":[[8.504093,47.381041],[8.504042,47.381025],[8.503989,47.381011],[8.503935,47.381],[8.503879,47.380993],[8.503823,47.380989],[8.503766,47.380987],[8.50371,47.38099],[8.503654,47.380995],[8.503598,47.381004],[8.503544,47.381015],[8.503492,47.38103],[8.503442,47.381048],[8.503394,47.381068],[8.503348,47.381091],[8.503306,47.381117],[8.503267,47.381145]]}},{"type":"Feature","properties":{},"geometry":{"type":"LineString","coordinates":[[8.523939,47.379443],[8.522791,47.380054]]}},{"type":"Feature","properties":{},"geometry":{"type":"LineString","coordinates":[[8.52476,47.379009],[8.524281,47.379263]]}},{"type":"Feature","properties":{},"geometry":{"type":"LineString","coordinates":[[8.520996,47.379171],[8.521482,47.379647]]}},{"type":"Feature","properties":{},"geometry":{"type":"LineString","coordinates":[[8.530608,47.375605],[8.530495,47.375679],[8.529738,47.376179]]}},{"type":"Feature","properties":{},"geometry":{"type":"LineString","coordinates":[[8.524952,47.378908],[8.52476,47.379009]]}},{"type":"Feature","properties":{},"geometry":{"type":"LineString","coordinates":[[8.526722,47.377977],[8.526264,47.378218]]}},{"type":"Feature","properties":{},"geometry":{"type":"LineString","coordinates":[[8.521446,47.386063],[8.521438,47.386089],[8.521427,47.386113],[8.521412,47.386137],[8.521395,47.38616],[8.521374,47.386182],[8.52135,47.386202],[8.521324,47.386221],[8.521295,47.386237],[8.520693,47.386511],[8.519106,47.387242]]}},{"type":"Feature","properties":{},"geometry":{"type":"LineString","coordinates":[[8.51578,47.388747],[8.514669,47.389111],[8.514587,47.389141],[8.514505,47.38917],[8.514421,47.389197],[8.514336,47.389223],[8.51425,47.389247],[8.514164,47.38927],[8.514076,47.389291],[8.513988,47.38931],[8.513039,47.389485]]}},{"type":"Feature","properties":{},"geometry":{"type":"LineString","coordinates":[[8.513039,47.389485],[8.512123,47.389632]]}},{"type":"Feature","properties":{},"geometry":{"type":"LineString","coordinates":[[8.519106,47.387242],[8.518829,47.387384],[8.51791,47.38784],[8.517299,47.388124],[8.516615,47.388419]]}},{"type":"Feature","properties":{},"geometry":{"type":"LineString","coordinates":[[8.532094,47.338395],[8.532123,47.338301],[8.532268,47.337788],[8.532285,47.337725],[8.532307,47.337663],[8.532333,47.337601],[8.532364,47.337541]]}},{"type":"Feature","properties":{},"geometry":{"type":"LineString","coordinates":[[8.503929,47.373231],[8.503709,47.373373],[8.503494,47.373518],[8.503281,47.373666],[8.503073,47.373816]]}},{"type":"Feature","properties":{},"geometry":{"type":"LineString","coordinates":[[8.522791,47.380054],[8.522772,47.380065],[8.522751,47.380075],[8.522729,47.380085],[8.522706,47.380093],[8.522683,47.3801],[8.522659,47.380106],[8.522634,47.38011],[8.522609,47.380114],[8.522584,47.380116],[8.522558,47.380117],[8.522532,47.380117],[8.522507,47.380115],[8.522482,47.380113],[8.522456,47.380109],[8.522432,47.380104],[8.522408,47.380098],[8.522268,47.380059],[8.52213,47.380017],[8.521995,47.379972],[8.521862,47.379923],[8.52183,47.379912],[8.521799,47.3799],[8.521769,47.379887],[8.52174,47.379873],[8.521712,47.379859],[8.521685,47.379843],[8.521659,47.379826],[8.521634,47.379809],[8.521611,47.379791],[8.521588,47.379772],[8.521567,47.379753],[8.521547,47.379733],[8.521529,47.379712],[8.521512,47.379691],[8.521496,47.379669],[8.521482,47.379647]]}},{"type":"Feature","properties":{},"geometry":{"type":"LineString","coordinates":[[8.519511,47.378634],[8.518956,47.378841],[8.518482,47.379014],[8.518377,47.379051]]}},{"type":"Feature","properties":{},"geometry":{"type":"LineString","coordinates":[[8.519087,47.379764],[8.518957,47.379637]]}},{"type":"Feature","properties":{},"geometry":{"type":"LineString","coordinates":[[8.519767,47.380407],[8.519595,47.380248],[8.519424,47.380087],[8.519255,47.379926],[8.519087,47.379764]]}},{"type":"Feature","properties":{},"geometry":{"type":"LineString","coordinates":[[8.533762,47.375824],[8.534865,47.376524]]}},{"type":"Feature","properties":{},"geometry":{"type":"LineString","coordinates":[[8.490121,47.393766],[8.490023,47.393789],[8.489996,47.393796],[8.489968,47.393801],[8.489939,47.393804],[8.48991,47.393806],[8.489881,47.393807],[8.489852,47.393807],[8.489823,47.393805],[8.489795,47.393802],[8.489766,47.393797],[8.489739,47.393791],[8.489712,47.393784],[8.489685,47.393776],[8.48966,47.393766],[8.489636,47.393755],[8.489613,47.393743],[8.489591,47.39373],[8.489492,47.393658],[8.489396,47.393584],[8.489302,47.393508],[8.489211,47.393431],[8.489122,47.393353],[8.489036,47.393274],[8.488952,47.393193],[8.488871,47.393111]]}},{"type":"Feature","properties":{},"geometry":{"type":"LineString","coordinates":[[8.490121,47.393766],[8.490313,47.394145],[8.490313,47.394282]]}},{"type":"Feature","properties":{},"geometry":{"type":"LineString","coordinates":[[8.516615,47.388419],[8.516089,47.388649],[8.51578,47.388747]]}},{"type":"Feature","properties":{},"geometry":{"type":"LineString","coordinates":[[8.512123,47.389632],[8.511488,47.389798],[8.51085,47.389961],[8.510029,47.390207]]}},{"type":"Feature","properties":{},"geometry":{"type":"LineString","coordinates":[[8.522048,47.390845],[8.52206,47.390866],[8.522074,47.390888],[8.52209,47.390908],[8.522107,47.390929],[8.522125,47.390949],[8.522144,47.390968],[8.522165,47.390986],[8.522187,47.391004],[8.522211,47.391021],[8.522235,47.391038],[8.522261,47.391053],[8.522287,47.391068],[8.522315,47.391082],[8.522343,47.391095],[8.522373,47.391107],[8.522403,47.391119],[8.522429,47.391127],[8.522456,47.391134],[8.522484,47.39114],[8.522512,47.391145],[8.52254,47.391149],[8.522569,47.391152],[8.522598,47.391154],[8.522627,47.391155],[8.522656,47.391155],[8.522685,47.391153],[8.522713,47.391151],[8.522742,47.391147],[8.52277,47.391142],[8.522798,47.391137],[8.522825,47.39113],[8.522852,47.391122]]}},{"type":"Feature","properties":{},"geometry":{"type":"LineString","coordinates":[[8.533256,47.375376],[8.533379,47.37549],[8.533504,47.375603],[8.533631,47.375714],[8.533762,47.375824]]}},{"type":"Feature","properties":{},"geometry":{"type":"LineString","coordinates":[[8.538566,47.375913],[8.538436,47.375943],[8.537758,47.376102],[8.537557,47.376159]]}},{"type":"Feature","properties":{},"geometry":{"type":"LineString","coordinates":[[8.539266,47.375741],[8.538566,47.375913]]}},{"type":"Feature","properties":{},"geometry":{"type":"LineString","coordinates":[[8.540898,47.376056],[8.540846,47.376019],[8.539548,47.375675],[8.539266,47.375741]]}},{"type":"Feature","properties":{},"geometry":{"type":"LineString","coordinates":[[8.541702,47.376],[8.541044,47.375903]]}},{"type":"Feature","properties":{},"geometry":{"type":"LineString","coordinates":[[8.523382,47.367336],[8.523277,47.367437]]}},{"type":"Feature","properties":{},"geometry":{"type":"LineString","coordinates":[[8.52772,47.371372],[8.52764,47.37138],[8.52756,47.37139]]}},{"type":"Feature","properties":{},"geometry":{"type":"LineString","coordinates":[[8.525982,47.371836],[8.526,47.371814],[8.526015,47.37179],[8.526026,47.371766],[8.526032,47.37174],[8.526034,47.371714],[8.526032,47.371689],[8.526025,47.371664],[8.526014,47.371639],[8.525639,47.371288]]}},{"type":"Feature","properties":{},"geometry":{"type":"LineString","coordinates":[[8.529755,47.371223],[8.529705,47.371231],[8.528614,47.371315]]}},{"type":"Feature","properties":{},"geometry":{"type":"LineString","coordinates":[[8.526904,47.35914],[8.526922,47.359063],[8.526951,47.358918],[8.526976,47.358772],[8.526995,47.358626],[8.527009,47.358479],[8.527009,47.358475],[8.527009,47.358451]]}},{"type":"Feature","properties":{},"geometry":{"type":"LineString","coordinates":[[8.526777,47.359834],[8.526866,47.359322],[8.526884,47.359231],[8.526904,47.35914]]}},{"type":"Feature","properties":{},"geometry":{"type":"LineString","coordinates":[[8.526674,47.360431],[8.526777,47.359834]]}},{"type":"Feature","properties":{},"geometry":{"type":"LineString","coordinates":[[8.526987,47.356414],[8.526901,47.355285],[8.526884,47.35524],[8.526861,47.354967],[8.526836,47.354797]]}},{"type":"Feature","properties":{},"geometry":{"type":"LineString","coordinates":[[8.526396,47.363346],[8.525772,47.36332]]}},{"type":"Feature","properties":{},"geometry":{"type":"LineString","coordinates":[[8.525772,47.36332],[8.525526,47.361295]]}},{"type":"Feature","properties":{},"geometry":{"type":"LineString","coordinates":[[8.50508,47.372552],[8.504932,47.372634],[8.504784,47.372716],[8.504639,47.372799],[8.504494,47.372884],[8.504351,47.372969],[8.504209,47.373055],[8.504068,47.373142],[8.503929,47.373231]]}},{"type":"Feature","properties":{},"geometry":{"type":"LineString","coordinates":[[8.508502,47.370806],[8.508348,47.370883],[8.506303,47.371905],[8.506152,47.371986]]}},{"type":"Feature","properties":{},"geometry":{"type":"LineString","coordinates":[[8.505799,47.372173],[8.50508,47.372552]]}},{"type":"Feature","properties":{},"geometry":{"type":"LineString","coordinates":[[8.506152,47.371986],[8.505799,47.372173]]}},{"type":"Feature","properties":{},"geometry":{"type":"LineString","coordinates":[[8.507853,47.3778],[8.507538,47.377926],[8.506526,47.37849],[8.506492,47.378507],[8.506458,47.378522],[8.506422,47.378537],[8.506386,47.37855],[8.506349,47.378563],[8.506311,47.378575],[8.506272,47.378585],[8.506233,47.378595],[8.506194,47.378603],[8.506153,47.378611],[8.506113,47.378617],[8.506072,47.378622],[8.506031,47.378626],[8.50599,47.378629],[8.505948,47.378631],[8.505907,47.378631],[8.503536,47.378532],[8.500806,47.378424],[8.500734,47.37842],[8.500663,47.378418],[8.500591,47.378419],[8.50052,47.378421],[8.500448,47.378425],[8.500377,47.378432],[8.500307,47.37844],[8.500237,47.378451],[8.500168,47.378464],[8.5001,47.378479],[8.500032,47.378496],[8.499966,47.378514],[8.499902,47.378535],[8.499838,47.378558],[8.499776,47.378582],[8.499716,47.378609]]}},{"type":"Feature","properties":{},"geometry":{"type":"LineString","coordinates":[[8.504827,47.382256],[8.504948,47.382351],[8.50609,47.383244]]}},{"type":"Feature","properties":{},"geometry":{"type":"LineString","coordinates":[[8.503267,47.381145],[8.503168,47.381078],[8.502115,47.380292],[8.50194,47.380165],[8.501869,47.380116]]}},{"type":"Feature","properties":{},"geometry":{"type":"LineString","coordinates":[[8.505445,47.391584],[8.503526,47.39216],[8.503468,47.392178],[8.50341,47.392198],[8.503353,47.392219],[8.503298,47.392242],[8.503244,47.392266],[8.503191,47.392291],[8.50314,47.392318],[8.50309,47.392346],[8.502802,47.392531]]}},{"type":"Feature","properties":{},"geometry":{"type":"LineString","coordinates":[[8.510029,47.390207],[8.508545,47.390652],[8.506355,47.391308],[8.505445,47.391584]]}},{"type":"Feature","properties":{},"geometry":{"type":"LineString","coordinates":[[8.525651,47.38435],[8.524191,47.384974]]}},{"type":"Feature","properties":{},"geometry":{"type":"LineString","coordinates":[[8.523047,47.392766],[8.523099,47.392769],[8.523151,47.392771],[8.523203,47.392772],[8.523255,47.392771],[8.523307,47.392769],[8.523359,47.392766],[8.523411,47.392762],[8.523462,47.392756],[8.523513,47.392749],[8.523564,47.392741],[8.523614,47.392732],[8.523664,47.392722],[8.523713,47.39271],[8.523761,47.392697],[8.523809,47.392683],[8.523856,47.392668]]}},{"type":"Feature","properties":{},"geometry":{"type":"LineString","coordinates":[[8.528178,47.383269],[8.52745,47.383587]]}},{"type":"Feature","properties":{},"geometry":{"type":"LineString","coordinates":[[8.528178,47.383269],[8.528679,47.383795]]}},{"type":"Feature","properties":{},"geometry":{"type":"LineString","coordinates":[[8.528679,47.383795],[8.528855,47.383967],[8.528876,47.383988],[8.528899,47.384008],[8.528925,47.384027],[8.528952,47.384045]]}},{"type":"Feature","properties":{},"geometry":{"type":"LineString","coordinates":[[8.528952,47.384045],[8.529795,47.384833]]}},{"type":"Feature","properties":{},"geometry":{"type":"LineString","coordinates":[[8.529795,47.384833],[8.529847,47.384893],[8.530465,47.385484]]}},{"type":"Feature","properties":{},"geometry":{"type":"LineString","coordinates":[[8.540966,47.375891],[8.541044,47.375903]]}},{"type":"Feature","properties":{},"geometry":{"type":"LineString","coordinates":[[8.541858,47.376023],[8.541702,47.376]]}},{"type":"Feature","properties":{},"geometry":{"type":"LineString","coordinates":[[8.540966,47.375891],[8.540898,47.376056]]}},{"type":"Feature","properties":{},"geometry":{"type":"LineString","coordinates":[[8.522491,47.390733],[8.522437,47.390752],[8.522383,47.390768],[8.522329,47.390784],[8.522274,47.390799],[8.522218,47.390812],[8.522162,47.390824],[8.522105,47.390835],[8.522048,47.390845]]}},{"type":"Feature","properties":{},"geometry":{"type":"LineString","coordinates":[[8.523856,47.392668],[8.523902,47.392653],[8.523945,47.392636],[8.523988,47.392617],[8.524028,47.392596],[8.524066,47.392574],[8.524103,47.39255],[8.524137,47.392524],[8.524169,47.392498]]}},{"type":"Feature","properties":{},"geometry":{"type":"LineString","coordinates":[[8.53031,47.371074],[8.530173,47.371114],[8.530035,47.371152],[8.529896,47.371189],[8.529755,47.371223]]}},{"type":"Feature","properties":{},"geometry":{"type":"LineString","coordinates":[[8.52772,47.371372],[8.527801,47.371367],[8.527883,47.371363]]}},{"type":"Feature","properties":{},"geometry":{"type":"LineString","coordinates":[[8.528614,47.371315],[8.528485,47.371323]]}},{"type":"Feature","properties":{},"geometry":{"type":"LineString","coordinates":[[8.527883,47.371363],[8.528485,47.371323]]}},{"type":"Feature","properties":{},"geometry":{"type":"LineString","coordinates":[[8.523685,47.369412],[8.523548,47.369341],[8.522956,47.369021]]}},{"type":"Feature","properties":{},"geometry":{"type":"LineString","coordinates":[[8.522956,47.369021],[8.521982,47.368533]]}},{"type":"Feature","properties":{},"geometry":{"type":"LineString","coordinates":[[8.530598,47.371203],[8.530435,47.371262]]}},{"type":"Feature","properties":{},"geometry":{"type":"LineString","coordinates":[[8.525526,47.361295],[8.52542,47.361229],[8.525312,47.361164],[8.525203,47.3611],[8.525091,47.361038]]}},{"type":"Feature","properties":{},"geometry":{"type":"LineString","coordinates":[[8.526396,47.363346],[8.526496,47.361998]]}},{"type":"Feature","properties":{},"geometry":{"type":"LineString","coordinates":[[8.535362,47.361328],[8.535382,47.361003],[8.535427,47.360339]]}},{"type":"Feature","properties":{},"geometry":{"type":"LineString","coordinates":[[8.499716,47.378609],[8.499624,47.378537],[8.499533,47.378464],[8.499444,47.37839],[8.499356,47.378316],[8.49927,47.378241],[8.499185,47.378165],[8.499101,47.378088],[8.499019,47.378011],[8.498764,47.37777],[8.498618,47.3776]]}},{"type":"Feature","properties":{},"geometry":{"type":"LineString","coordinates":[[8.503836,47.381443],[8.503996,47.38159],[8.504827,47.382256]]}},{"type":"Feature","properties":{},"geometry":{"type":"LineString","coordinates":[[8.501869,47.380116],[8.500437,47.379129],[8.500255,47.379],[8.500074,47.378871],[8.499894,47.37874],[8.499716,47.378609]]}},{"type":"Feature","properties":{},"geometry":{"type":"LineString","coordinates":[[8.516111,47.37872],[8.516034,47.379187]]}},{"type":"Feature","properties":{},"geometry":{"type":"LineString","coordinates":[[8.511671,47.380886],[8.509879,47.381628],[8.508999,47.381994]]}},{"type":"Feature","properties":{},"geometry":{"type":"LineString","coordinates":[[8.516052,47.379632],[8.515637,47.379638]]}},{"type":"Feature","properties":{},"geometry":{"type":"LineString","coordinates":[[8.516472,47.379646],[8.516052,47.379632]]}},{"type":"Feature","properties":{},"geometry":{"type":"LineString","coordinates":[[8.536921,47.38002],[8.535182,47.381008]]}},{"type":"Feature","properties":{},"geometry":{"type":"LineString","coordinates":[[8.532368,47.382861],[8.53232,47.382898],[8.531678,47.383375]]}},{"type":"Feature","properties":{},"geometry":{"type":"LineString","coordinates":[[8.537415,47.379548],[8.5376,47.379839]]}},{"type":"Feature","properties":{},"geometry":{"type":"LineString","coordinates":[[8.535182,47.381008],[8.533634,47.381886]]}},{"type":"Feature","properties":{},"geometry":{"type":"LineString","coordinates":[[8.5376,47.379839],[8.536921,47.38002]]}},{"type":"Feature","properties":{},"geometry":{"type":"LineString","coordinates":[[8.532741,47.382567],[8.532368,47.382861]]}},{"type":"Feature","properties":{},"geometry":{"type":"LineString","coordinates":[[8.530956,47.383926],[8.530419,47.384342]]}},{"type":"Feature","properties":{},"geometry":{"type":"LineString","coordinates":[[8.533322,47.382114],[8.533272,47.382152],[8.532872,47.382464],[8.532741,47.382567]]}},{"type":"Feature","properties":{},"geometry":{"type":"LineString","coordinates":[[8.529163,47.385322],[8.528584,47.385779]]}},{"type":"Feature","properties":{},"geometry":{"type":"LineString","coordinates":[[8.529795,47.384833],[8.529163,47.385322]]}},{"type":"Feature","properties":{},"geometry":{"type":"LineString","coordinates":[[8.530419,47.384342],[8.529795,47.384833]]}},{"type":"Feature","properties":{},"geometry":{"type":"LineString","coordinates":[[8.533634,47.381886],[8.53351,47.381971],[8.533322,47.382114]]}},{"type":"Feature","properties":{},"geometry":{"type":"LineString","coordinates":[[8.531678,47.383375],[8.531051,47.38384],[8.530956,47.383926]]}},{"type":"Feature","properties":{},"geometry":{"type":"LineString","coordinates":[[8.535188,47.363583],[8.535274,47.362553]]}},{"type":"Feature","properties":{},"geometry":{"type":"LineString","coordinates":[[8.519931,47.368547],[8.519733,47.36851]]}},{"type":"Feature","properties":{},"geometry":{"type":"LineString","coordinates":[[8.521074,47.368635],[8.520923,47.368633],[8.520439,47.368627],[8.520309,47.368613],[8.520099,47.368578],[8.519931,47.368547]]}},{"type":"Feature","properties":{},"geometry":{"type":"LineString","coordinates":[[8.518734,47.368668],[8.518641,47.368644],[8.518548,47.368621],[8.518454,47.368599],[8.518359,47.36858],[8.518263,47.368561],[8.518167,47.368544],[8.51807,47.368529],[8.517973,47.368515],[8.517875,47.368503],[8.517777,47.368492],[8.517678,47.368483],[8.51758,47.368476],[8.517481,47.36847],[8.517382,47.368465],[8.517282,47.368462],[8.517183,47.368461]]}},{"type":"Feature","properties":{},"geometry":{"type":"LineString","coordinates":[[8.519571,47.368781],[8.519616,47.368715],[8.519659,47.368647],[8.519698,47.368579],[8.519733,47.36851]]}},{"type":"Feature","properties":{},"geometry":{"type":"LineString","coordinates":[[8.524191,47.384974],[8.524071,47.384937],[8.524053,47.384932],[8.524034,47.384931],[8.524015,47.384931],[8.523997,47.384934],[8.523929,47.384956],[8.521913,47.385905],[8.521959,47.38594],[8.521771,47.38604],[8.521446,47.386063]]}},{"type":"Feature","properties":{},"geometry":{"type":"LineString","coordinates":[[8.528432,47.38236],[8.52833,47.382468],[8.528238,47.382568],[8.528068,47.38276],[8.528034,47.382801],[8.527671,47.383262],[8.527593,47.383371],[8.52745,47.383587]]}},{"type":"Feature","properties":{},"geometry":{"type":"LineString","coordinates":[[8.52745,47.383587],[8.527241,47.383646],[8.525651,47.38435]]}},{"type":"Feature","properties":{},"geometry":{"type":"LineString","coordinates":[[8.518377,47.379051],[8.518253,47.378946],[8.51816,47.378849],[8.518069,47.378751],[8.51798,47.378652],[8.517893,47.378552],[8.517809,47.378451],[8.517726,47.378349],[8.517647,47.378247],[8.517569,47.378143]]}},{"type":"Feature","properties":{},"geometry":{"type":"LineString","coordinates":[[8.508999,47.381994],[8.508208,47.382323],[8.507185,47.382752],[8.506194,47.383166],[8.50609,47.383244]]}},{"type":"Feature","properties":{},"geometry":{"type":"LineString","coordinates":[[8.524169,47.392498],[8.524193,47.392475],[8.524216,47.392451],[8.524237,47.392427],[8.524255,47.392403],[8.524256,47.392402]]}},{"type":"Feature","properties":{},"geometry":{"type":"LineString","coordinates":[[8.534865,47.376524],[8.535707,47.377273],[8.535774,47.377326],[8.535823,47.377367],[8.535871,47.377408],[8.535917,47.377449],[8.535963,47.377492],[8.536007,47.377534],[8.53605,47.377578],[8.536092,47.377621],[8.536132,47.377666]]}},{"type":"Feature","properties":{},"geometry":{"type":"LineString","coordinates":[[8.537557,47.376159],[8.53737,47.376226],[8.537142,47.376327],[8.536533,47.37662]]}},{"type":"Feature","properties":{},"geometry":{"type":"LineString","coordinates":[[8.522852,47.391122],[8.523449,47.391739],[8.523937,47.392247]]}},{"type":"Feature","properties":{},"geometry":{"type":"LineString","coordinates":[[8.521309,47.389505],[8.521474,47.389678],[8.522279,47.390505]]}},{"type":"Feature","properties":{},"geometry":{"type":"LineString","coordinates":[[8.522279,47.390505],[8.522852,47.391122]]}},{"type":"Feature","properties":{},"geometry":{"type":"LineString","coordinates":[[8.524256,47.392402],[8.524253,47.392383],[8.524247,47.392364],[8.524239,47.392346],[8.524227,47.392328],[8.524212,47.392312],[8.524194,47.392297],[8.524175,47.392283],[8.524153,47.392271],[8.524129,47.392261],[8.524103,47.392252],[8.524076,47.392246],[8.524049,47.392242],[8.524021,47.39224],[8.523992,47.39224],[8.523964,47.392242],[8.523937,47.392247]]}},{"type":"Feature","properties":{},"geometry":{"type":"LineString","coordinates":[[8.536749,47.379731],[8.536307,47.379854],[8.536232,47.379867],[8.536061,47.379927],[8.535944,47.379963],[8.535922,47.37997],[8.535903,47.37998],[8.535883,47.379991],[8.53586,47.379999],[8.534917,47.380269]]}},{"type":"Feature","properties":{},"geometry":{"type":"LineString","coordinates":[[8.518377,47.379051],[8.518141,47.379132],[8.517903,47.379211],[8.517664,47.379288],[8.517424,47.379363],[8.516713,47.379574],[8.516472,47.379646]]}},{"type":"Feature","properties":{},"geometry":{"type":"LineString","coordinates":[[8.518957,47.379637],[8.51881,47.379491],[8.518664,47.379345],[8.51852,47.379199],[8.518377,47.379051]]}},{"type":"Feature","properties":{},"geometry":{"type":"LineString","coordinates":[[8.513853,47.380167],[8.512578,47.380532]]}},{"type":"Feature","properties":{},"geometry":{"type":"LineString","coordinates":[[8.515637,47.379638],[8.515368,47.379718],[8.513853,47.380167]]}},{"type":"Feature","properties":{},"geometry":{"type":"LineString","coordinates":[[8.516034,47.379187],[8.516052,47.379632]]}},{"type":"Feature","properties":{},"geometry":{"type":"LineString","coordinates":[[8.512578,47.380532],[8.511671,47.380886]]}},{"type":"Feature","properties":{},"geometry":{"type":"LineString","coordinates":[[8.532217,47.380987],[8.531936,47.381063]]}},{"type":"Feature","properties":{},"geometry":{"type":"LineString","coordinates":[[8.534917,47.380269],[8.534492,47.380373]]}},{"type":"Feature","properties":{},"geometry":{"type":"LineString","coordinates":[[8.534492,47.380373],[8.534301,47.380419]]}},{"type":"Feature","properties":{},"geometry":{"type":"LineString","coordinates":[[8.534216,47.380438],[8.533261,47.380695],[8.532705,47.380854],[8.532217,47.380987]]}},{"type":"Feature","properties":{},"geometry":{"type":"LineString","coordinates":[[8.529232,47.381908],[8.528757,47.382091],[8.528662,47.382134],[8.528461,47.38233],[8.528432,47.38236]]}},{"type":"Feature","properties":{},"geometry":{"type":"LineString","coordinates":[[8.529939,47.381733],[8.529456,47.381862],[8.529407,47.381873],[8.529358,47.381882],[8.529232,47.381908]]}},{"type":"Feature","properties":{},"geometry":{"type":"LineString","coordinates":[[8.537415,47.379548],[8.536749,47.379731]]}},{"type":"Feature","properties":{},"geometry":{"type":"LineString","coordinates":[[8.523937,47.392247],[8.523858,47.392289],[8.523778,47.39233],[8.523696,47.392369],[8.523613,47.392406],[8.523528,47.392442],[8.523441,47.392476],[8.523353,47.392508],[8.523264,47.392539],[8.523242,47.392548],[8.52322,47.392558],[8.5232,47.392569],[8.52318,47.39258],[8.523162,47.392593],[8.523145,47.392606],[8.523129,47.39262],[8.523114,47.392634],[8.523101,47.392649],[8.523089,47.392665],[8.523078,47.392681],[8.523069,47.392697],[8.523061,47.392714],[8.523055,47.392731],[8.52305,47.392749],[8.523047,47.392766]]}},{"type":"Feature","properties":{},"geometry":{"type":"LineString","coordinates":[[8.50609,47.383244],[8.504158,47.384074],[8.503355,47.384419],[8.50328,47.38445],[8.503204,47.38448],[8.503128,47.384508],[8.50305,47.384536]]}},{"type":"Feature","properties":{},"geometry":{"type":"LineString","coordinates":[[8.50305,47.384536],[8.502933,47.384571],[8.502815,47.384606],[8.501124,47.385102],[8.500916,47.385164]]}},{"type":"Feature","properties":{},"geometry":{"type":"LineString","coordinates":[[8.50609,47.383244],[8.506241,47.383357],[8.506984,47.383946],[8.507387,47.38426]]}},{"type":"Feature","properties":{},"geometry":{"type":"LineString","coordinates":[[8.49489,47.39851],[8.494836,47.398519],[8.494781,47.398524],[8.494726,47.398525],[8.494671,47.398524],[8.494616,47.398519],[8.494562,47.39851],[8.49451,47.398498],[8.494459,47.398484],[8.49441,47.398466],[8.494364,47.398445],[8.494321,47.398421],[8.494281,47.398395],[8.494245,47.398367],[8.494213,47.398336],[8.494185,47.398304],[8.494161,47.39827],[8.494117,47.398164],[8.494051,47.39798],[8.494015,47.397884]]}},{"type":"Feature","properties":{},"geometry":{"type":"LineString","coordinates":[[8.503334,47.393853],[8.502378,47.392883]]}},{"type":"Feature","properties":{},"geometry":{"type":"LineString","coordinates":[[8.502802,47.392531],[8.502722,47.392632],[8.502378,47.392883]]}},{"type":"Feature","properties":{},"geometry":{"type":"LineString","coordinates":[[8.495097,47.369169],[8.495096,47.369151],[8.495096,47.369133],[8.495097,47.369115],[8.4951,47.369097],[8.495104,47.36908],[8.495109,47.369062],[8.495115,47.369045],[8.495123,47.369027],[8.495133,47.36901],[8.495143,47.368994],[8.495155,47.368978],[8.495168,47.368962],[8.495182,47.368947],[8.495197,47.368932],[8.495213,47.368918],[8.49523,47.368904],[8.495269,47.36888],[8.495309,47.368857],[8.49535,47.368835],[8.495392,47.368814],[8.495434,47.368793],[8.495477,47.368773],[8.495521,47.368754],[8.495566,47.368736],[8.495582,47.368729],[8.495595,47.36872],[8.495605,47.36871],[8.495612,47.368699],[8.495614,47.368686],[8.495613,47.368674],[8.495607,47.368662],[8.495598,47.368651]]}},{"type":"Feature","properties":{},"geometry":{"type":"LineString","coordinates":[[8.496409,47.368148],[8.496317,47.368087],[8.496224,47.368027],[8.496128,47.36797],[8.49603,47.367914],[8.49593,47.36786],[8.495828,47.367808],[8.495724,47.367757],[8.495618,47.367709]]}},{"type":"Feature","properties":{},"geometry":{"type":"LineString","coordinates":[[8.495598,47.368651],[8.495743,47.368463],[8.49588,47.368313],[8.496065,47.368177]]}},{"type":"Feature","properties":{},"geometry":{"type":"LineString","coordinates":[[8.495618,47.367709],[8.495786,47.367528]]}},{"type":"Feature","properties":{},"geometry":{"type":"LineString","coordinates":[[8.496409,47.368148],[8.496065,47.368177]]}},{"type":"Feature","properties":{},"geometry":{"type":"LineString","coordinates":[[8.521102,47.385086],[8.520901,47.384578],[8.520886,47.383858],[8.52106,47.383351],[8.52134,47.382914],[8.521657,47.38256],[8.522364,47.382012],[8.519767,47.380407]]}},{"type":"Feature","properties":{},"geometry":{"type":"LineString","coordinates":[[8.536132,47.377666],[8.536186,47.377726],[8.536237,47.377788],[8.536285,47.377851],[8.536332,47.377914],[8.536349,47.377932],[8.536368,47.37795],[8.53639,47.377966],[8.536413,47.377981],[8.536438,47.377995],[8.536465,47.378007],[8.536493,47.378017],[8.536523,47.378026]]}},{"type":"Feature","properties":{},"geometry":{"type":"LineString","coordinates":[[8.537415,47.379548],[8.536523,47.378026]]}},{"type":"Feature","properties":{},"geometry":{"type":"LineString","coordinates":[[8.536533,47.37662],[8.535499,47.377088]]}},{"type":"Feature","properties":{},"geometry":{"type":"LineString","coordinates":[[8.548492,47.366283],[8.548128,47.366441],[8.548086,47.366449],[8.548043,47.366452],[8.547999,47.366453],[8.547956,47.36645],[8.547914,47.366445],[8.547872,47.366438]]}},{"type":"Feature","properties":{},"geometry":{"type":"LineString","coordinates":[[8.546914,47.365942],[8.547195,47.366072]]}},{"type":"Feature","properties":{},"geometry":{"type":"LineString","coordinates":[[8.547195,47.366072],[8.547712,47.366368],[8.547749,47.366388],[8.547789,47.366407],[8.54783,47.366423],[8.547872,47.366438]]}},{"type":"Feature","properties":{},"geometry":{"type":"LineString","coordinates":[[8.54711,47.365799],[8.546983,47.365887],[8.546914,47.365942]]}},{"type":"Feature","properties":{},"geometry":{"type":"LineString","coordinates":[[8.547307,47.365661],[8.54711,47.365799]]}},{"type":"Feature","properties":{},"geometry":{"type":"LineString","coordinates":[[8.521482,47.379647],[8.521262,47.379774],[8.521173,47.379822],[8.521081,47.379867],[8.520987,47.37991],[8.520891,47.379951],[8.520728,47.38002]]}},{"type":"Feature","properties":{},"geometry":{"type":"LineString","coordinates":[[8.525166,47.353421],[8.52513,47.353338],[8.525089,47.353256],[8.525043,47.353176],[8.524993,47.353097],[8.524938,47.353019],[8.524905,47.352977]]}},{"type":"Feature","properties":{},"geometry":{"type":"LineString","coordinates":[[8.526678,47.372293],[8.525821,47.372819]]}},{"type":"Feature","properties":{},"geometry":{"type":"LineString","coordinates":[[8.531936,47.381063],[8.531192,47.381264],[8.531145,47.381277],[8.531099,47.381293],[8.531056,47.381312],[8.531016,47.381334],[8.53093,47.381394],[8.530892,47.381423],[8.530851,47.381449],[8.530808,47.381474],[8.530762,47.381498]]}},{"type":"Feature","properties":{},"geometry":{"type":"LineString","coordinates":[[8.519057,47.362747],[8.51806,47.363065]]}},{"type":"Feature","properties":{},"geometry":{"type":"LineString","coordinates":[[8.53347,47.345019],[8.533452,47.344983],[8.53343,47.344947],[8.533404,47.344913],[8.533375,47.34488],[8.533267,47.344781],[8.533156,47.344684],[8.533041,47.344589],[8.532923,47.344495]]}},{"type":"Feature","properties":{},"geometry":{"type":"LineString","coordinates":[[8.527551,47.34406],[8.527427,47.344095],[8.526877,47.344362],[8.526659,47.344436]]}},{"type":"Feature","properties":{},"geometry":{"type":"LineString","coordinates":[[8.526855,47.346936],[8.526868,47.346906],[8.526884,47.346877],[8.526912,47.346828],[8.526943,47.346779],[8.526977,47.346731],[8.527014,47.346684],[8.527583,47.346063],[8.527616,47.346027]]}},{"type":"Feature","properties":{},"geometry":{"type":"LineString","coordinates":[[8.525683,47.344019],[8.525008,47.343695]]}},{"type":"Feature","properties":{},"geometry":{"type":"LineString","coordinates":[[8.527309,47.351826],[8.527335,47.3517],[8.527365,47.351575],[8.5274,47.351451],[8.52744,47.351327],[8.527736,47.350483],[8.527766,47.350397]]}},{"type":"Feature","properties":{},"geometry":{"type":"LineString","coordinates":[[8.527766,47.350397],[8.527796,47.350305],[8.527823,47.350213],[8.527847,47.35012],[8.527868,47.350028]]}},{"type":"Feature","properties":{},"geometry":{"type":"LineString","coordinates":[[8.527047,47.353499],[8.527091,47.353233],[8.52715,47.352875]]}},{"type":"Feature","properties":{},"geometry":{"type":"LineString","coordinates":[[8.52469,47.375016],[8.524952,47.375383]]}},{"type":"Feature","properties":{},"geometry":{"type":"LineString","coordinates":[[8.524132,47.374289],[8.52417,47.374345],[8.524211,47.3744],[8.524254,47.374455],[8.524298,47.374509]]}},{"type":"Feature","properties":{},"geometry":{"type":"LineString","coordinates":[[8.535274,47.362553],[8.53527,47.362491],[8.535269,47.362428],[8.535271,47.362366],[8.535277,47.362304],[8.535357,47.361403],[8.535362,47.361328]]}},{"type":"Feature","properties":{},"geometry":{"type":"LineString","coordinates":[[8.524029,47.375688],[8.523838,47.375751],[8.523415,47.375891],[8.523291,47.375933]]}},{"type":"Feature","properties":{},"geometry":{"type":"LineString","coordinates":[[8.523291,47.375933],[8.523216,47.375941],[8.522505,47.376195]]}},{"type":"Feature","properties":{},"geometry":{"type":"LineString","coordinates":[[8.522505,47.376195],[8.521581,47.376523]]}},{"type":"Feature","properties":{},"geometry":{"type":"LineString","coordinates":[[8.521581,47.376523],[8.520721,47.376831],[8.520645,47.37685]]}},{"type":"Feature","properties":{},"geometry":{"type":"LineString","coordinates":[[8.524952,47.375383],[8.524763,47.375445],[8.524221,47.375625],[8.524029,47.375688]]}},{"type":"Feature","properties":{},"geometry":{"type":"LineString","coordinates":[[8.525198,47.373387],[8.525034,47.373512],[8.524699,47.373769]]}},{"type":"Feature","properties":{},"geometry":{"type":"LineString","coordinates":[[8.525821,47.372819],[8.525818,47.372843],[8.525811,47.372867],[8.525801,47.372891],[8.525789,47.372914],[8.525773,47.372937],[8.525754,47.372958],[8.525732,47.372978],[8.525708,47.372996],[8.525198,47.373387]]}},{"type":"Feature","properties":{},"geometry":{"type":"LineString","coordinates":[[8.508913,47.378028],[8.508647,47.377975],[8.508381,47.377919],[8.508117,47.377861],[8.507853,47.3778]]}},{"type":"Feature","properties":{},"geometry":{"type":"LineString","coordinates":[[8.537944,47.406501],[8.537973,47.406562],[8.538291,47.407172],[8.538495,47.407602],[8.538572,47.407738],[8.538651,47.407874]]}},{"type":"Feature","properties":{},"geometry":{"type":"LineString","coordinates":[[8.528323,47.345226],[8.528369,47.345159],[8.528412,47.34509],[8.528452,47.345021],[8.528489,47.344951],[8.528524,47.344881],[8.528556,47.34481],[8.528584,47.344738],[8.52861,47.344666],[8.528771,47.344189],[8.528788,47.344066]]}},{"type":"Feature","properties":{},"geometry":{"type":"LineString","coordinates":[[8.526349,47.353446],[8.526383,47.353351],[8.526934,47.351791]]}},{"type":"Feature","properties":{},"geometry":{"type":"LineString","coordinates":[[8.527616,47.346027],[8.528085,47.345518],[8.528119,47.34548],[8.528174,47.345418],[8.528226,47.345355],[8.528276,47.345291],[8.528323,47.345226]]}},{"type":"Feature","properties":{},"geometry":{"type":"LineString","coordinates":[[8.526058,47.354878],[8.526016,47.354383]]}},{"type":"Feature","properties":{},"geometry":{"type":"LineString","coordinates":[[8.526088,47.358074],[8.526181,47.356572],[8.526178,47.356463]]}},{"type":"Feature","properties":{},"geometry":{"type":"LineString","coordinates":[[8.525828,47.35976],[8.525941,47.35907]]}},{"type":"Feature","properties":{},"geometry":{"type":"LineString","coordinates":[[8.539572,47.408962],[8.538568,47.409293]]}},{"type":"Feature","properties":{},"geometry":{"type":"LineString","coordinates":[[8.492279,47.370245],[8.492256,47.37022],[8.492231,47.370195],[8.492205,47.37017],[8.492179,47.370146],[8.492151,47.370123],[8.492121,47.370101],[8.492091,47.370079],[8.49206,47.370058],[8.492027,47.370037],[8.491994,47.370018],[8.491959,47.369999],[8.491924,47.369981],[8.491888,47.369964],[8.49185,47.369947],[8.491813,47.369932],[8.491774,47.369917]]}},{"type":"Feature","properties":{},"geometry":{"type":"LineString","coordinates":[[8.536229,47.364095],[8.53543,47.363696],[8.535373,47.363664],[8.535314,47.363634],[8.535252,47.363607],[8.535188,47.363583]]}},{"type":"Feature","properties":{},"geometry":{"type":"LineString","coordinates":[[8.535427,47.360339],[8.535476,47.359619],[8.535498,47.359094],[8.535557,47.358198],[8.535554,47.358142],[8.53555,47.358085],[8.535544,47.358029],[8.535536,47.357973],[8.535527,47.357917],[8.535516,47.357861],[8.535504,47.357806],[8.535491,47.35775],[8.535475,47.357695],[8.535459,47.357639],[8.535441,47.357584],[8.535421,47.35753],[8.5354,47.357475],[8.535377,47.357421],[8.535353,47.357367],[8.535327,47.357314],[8.5353,47.35726],[8.535272,47.357207],[8.535242,47.357155],[8.535211,47.357103],[8.535178,47.357051],[8.535144,47.357],[8.535108,47.356949],[8.535071,47.356898],[8.535033,47.356848],[8.534993,47.356799],[8.534952,47.35675],[8.53491,47.356701],[8.534866,47.356654],[8.534821,47.356606],[8.534775,47.356559],[8.534727,47.356513]]}},{"type":"Feature","properties":{},"geometry":{"type":"LineString","coordinates":[[8.536229,47.364095],[8.53522,47.365467]]}},{"type":"Feature","properties":{},"geometry":{"type":"LineString","coordinates":[[8.509601,47.377614],[8.509082,47.377908],[8.509037,47.377936],[8.508994,47.377965],[8.508953,47.377996],[8.508913,47.378028]]}},{"type":"Feature","properties":{},"geometry":{"type":"LineString","coordinates":[[8.534276,47.355047],[8.534266,47.355012],[8.534185,47.354615],[8.53417,47.354515],[8.534156,47.354414],[8.534144,47.354314],[8.534134,47.354213],[8.534126,47.354112],[8.534119,47.354011],[8.534114,47.35391],[8.534111,47.353809],[8.534102,47.353273],[8.534102,47.353133],[8.534104,47.352993],[8.534107,47.352852],[8.534112,47.352712],[8.534118,47.352572],[8.534126,47.352432],[8.534135,47.352292],[8.534146,47.352152],[8.534166,47.351942],[8.534208,47.351553],[8.534252,47.351158],[8.534264,47.351061],[8.534275,47.350964],[8.534284,47.350866],[8.534292,47.350769],[8.534299,47.350672],[8.534304,47.350574],[8.534308,47.350477],[8.534311,47.35038],[8.534313,47.350274]]}},{"type":"Feature","properties":{},"geometry":{"type":"LineString","coordinates":[[8.496425,47.403716],[8.49634,47.403717],[8.496256,47.40372],[8.496171,47.403726],[8.496088,47.403734],[8.496004,47.403744],[8.495922,47.403756],[8.49584,47.40377],[8.495759,47.403787],[8.495635,47.40381],[8.495511,47.403832],[8.495386,47.403852],[8.495261,47.403871],[8.495163,47.403888],[8.495065,47.403907],[8.494968,47.403927],[8.494871,47.403948]]}},{"type":"Feature","properties":{},"geometry":{"type":"LineString","coordinates":[[8.499951,47.40526],[8.499426,47.405417],[8.499273,47.405463],[8.498667,47.405635],[8.498392,47.405709],[8.498116,47.405782],[8.49784,47.405853],[8.497562,47.405922],[8.497284,47.40599],[8.497004,47.406055],[8.496724,47.406119],[8.496442,47.406181],[8.49635,47.406201],[8.496256,47.406219],[8.496163,47.406236],[8.496069,47.406252],[8.495974,47.406267],[8.49588,47.40628],[8.495784,47.406293],[8.495689,47.406304]]}},{"type":"Feature","properties":{},"geometry":{"type":"LineString","coordinates":[[8.501454,47.404669],[8.501405,47.404704],[8.501379,47.404722],[8.501352,47.404738],[8.501325,47.404754],[8.501296,47.404769],[8.500936,47.404921],[8.500778,47.404987],[8.500727,47.404992],[8.500596,47.405038],[8.500189,47.405175]]}},{"type":"Feature","properties":{},"geometry":{"type":"LineString","coordinates":[[8.503272,47.403802],[8.503753,47.403542],[8.504188,47.40332]]}},{"type":"Feature","properties":{},"geometry":{"type":"LineString","coordinates":[[8.511531,47.41768],[8.511293,47.417819],[8.509802,47.41868],[8.509871,47.418741],[8.509517,47.418923]]}},{"type":"Feature","properties":{},"geometry":{"type":"LineString","coordinates":[[8.492833,47.404682],[8.492688,47.404735],[8.492541,47.404787],[8.492394,47.404838],[8.492245,47.404886],[8.492095,47.404934],[8.491944,47.404979],[8.491792,47.405023],[8.491639,47.405065]]}},{"type":"Feature","properties":{},"geometry":{"type":"LineString","coordinates":[[8.531421,47.340892],[8.531456,47.340767],[8.531515,47.340549]]}},{"type":"Feature","properties":{},"geometry":{"type":"LineString","coordinates":[[8.531515,47.340549],[8.532046,47.3386],[8.532094,47.338395]]}},{"type":"Feature","properties":{},"geometry":{"type":"LineString","coordinates":[[8.530676,47.341869],[8.530727,47.341846],[8.530775,47.341821],[8.53082,47.341793],[8.530863,47.341764],[8.530903,47.341733],[8.53094,47.3417],[8.530974,47.341665],[8.531005,47.341629],[8.531041,47.341591],[8.531076,47.341551],[8.53111,47.341511],[8.531142,47.34147],[8.531172,47.341429],[8.531202,47.341387],[8.531229,47.341345],[8.531255,47.341302],[8.53128,47.341259],[8.531303,47.341216],[8.531324,47.341172],[8.531343,47.341128],[8.531361,47.341083],[8.531378,47.341038],[8.531393,47.340993],[8.531406,47.340948],[8.531421,47.340892]]}},{"type":"Feature","properties":{},"geometry":{"type":"LineString","coordinates":[[8.489591,47.37365],[8.490394,47.373089],[8.490445,47.37305],[8.490494,47.37301],[8.49054,47.372968],[8.490584,47.372925],[8.490626,47.372881],[8.490664,47.372835],[8.4907,47.372789],[8.490733,47.372742],[8.490766,47.372683],[8.490797,47.372624],[8.490826,47.372565],[8.490855,47.372506],[8.490881,47.372446],[8.490907,47.372386],[8.49093,47.372326],[8.490952,47.372265]]}},{"type":"Feature","properties":{},"geometry":{"type":"LineString","coordinates":[[8.495689,47.406304],[8.495604,47.40631],[8.495519,47.406317],[8.495434,47.406325],[8.49535,47.406334],[8.495266,47.406344],[8.495182,47.406356],[8.495099,47.406369],[8.495016,47.406382],[8.494933,47.406397],[8.494851,47.406413],[8.494769,47.40643],[8.494688,47.406449],[8.494608,47.406468],[8.494528,47.406488],[8.494448,47.40651],[8.494369,47.406533],[8.494258,47.406564],[8.494147,47.406597],[8.494037,47.406632],[8.493929,47.406668],[8.493822,47.406706],[8.493716,47.406746],[8.493612,47.406788],[8.493509,47.406831],[8.493408,47.406876],[8.493309,47.406922],[8.493211,47.40697],[8.493114,47.40702],[8.49302,47.407071],[8.492927,47.407124],[8.492836,47.407178],[8.492747,47.407233]]}},{"type":"Feature","properties":{},"geometry":{"type":"LineString","coordinates":[[8.500189,47.405175],[8.499951,47.40526]]}},{"type":"Feature","properties":{},"geometry":{"type":"LineString","coordinates":[[8.515127,47.367258],[8.514647,47.366923],[8.514606,47.366891]]}},{"type":"Feature","properties":{},"geometry":{"type":"LineString","coordinates":[[8.517183,47.368461],[8.516094,47.367855]]}},{"type":"Feature","properties":{},"geometry":{"type":"LineString","coordinates":[[8.515503,47.367533],[8.515127,47.367258]]}},{"type":"Feature","properties":{},"geometry":{"type":"LineString","coordinates":[[8.514606,47.366891],[8.514572,47.366862],[8.51454,47.366833],[8.514508,47.366803],[8.514478,47.366773],[8.514235,47.366517],[8.514104,47.366394]]}},{"type":"Feature","properties":{},"geometry":{"type":"LineString","coordinates":[[8.516094,47.367855],[8.515845,47.367752],[8.515562,47.367575],[8.515503,47.367533]]}},{"type":"Feature","properties":{},"geometry":{"type":"LineString","coordinates":[[8.526681,47.365485],[8.526602,47.365387],[8.526403,47.365131],[8.526371,47.365085],[8.526343,47.365037],[8.526321,47.364989],[8.526303,47.364939],[8.526291,47.364889],[8.526284,47.364838],[8.526282,47.364787],[8.526285,47.364736],[8.526332,47.364221]]}},{"type":"Feature","properties":{},"geometry":{"type":"LineString","coordinates":[[8.534536,47.366402],[8.534024,47.367114],[8.533937,47.367236]]}},{"type":"Feature","properties":{},"geometry":{"type":"LineString","coordinates":[[8.528947,47.367448],[8.528798,47.367398],[8.52865,47.367347],[8.528504,47.367295],[8.528359,47.367241],[8.528279,47.367204],[8.528202,47.367164],[8.528127,47.367123],[8.528055,47.367079],[8.527985,47.367034],[8.527918,47.366987],[8.527855,47.366937],[8.527794,47.366886]]}},{"type":"Feature","properties":{},"geometry":{"type":"LineString","coordinates":[[8.526332,47.364221],[8.526396,47.363346]]}},{"type":"Feature","properties":{},"geometry":{"type":"LineString","coordinates":[[8.532849,47.368698],[8.532579,47.369069],[8.532539,47.369163]]}},{"type":"Feature","properties":{},"geometry":{"type":"LineString","coordinates":[[8.510202,47.371028],[8.510083,47.370438],[8.510078,47.370418],[8.510069,47.370399],[8.510056,47.370382],[8.51004,47.370365],[8.509807,47.370148]]}},{"type":"Feature","properties":{},"geometry":{"type":"LineString","coordinates":[[8.510279,47.369894],[8.509807,47.370148]]}},{"type":"Feature","properties":{},"geometry":{"type":"LineString","coordinates":[[8.510349,47.369788],[8.510313,47.369841],[8.510279,47.369894]]}},{"type":"Feature","properties":{},"geometry":{"type":"LineString","coordinates":[[8.509807,47.370148],[8.509637,47.37024],[8.508961,47.370575],[8.508502,47.370806]]}},{"type":"Feature","properties":{},"geometry":{"type":"LineString","coordinates":[[8.521813,47.368676],[8.521369,47.368984],[8.521143,47.369141]]}},{"type":"Feature","properties":{},"geometry":{"type":"LineString","coordinates":[[8.530746,47.368496],[8.530677,47.368472],[8.530611,47.368446],[8.530547,47.368416],[8.530486,47.368384],[8.530428,47.36835],[8.530373,47.368313],[8.530321,47.368275],[8.530273,47.368234],[8.529978,47.367985],[8.529919,47.367939],[8.529857,47.367893]]}},{"type":"Feature","properties":{},"geometry":{"type":"LineString","coordinates":[[8.532539,47.369163],[8.532301,47.369098],[8.532099,47.369021],[8.532023,47.368987],[8.531949,47.36895],[8.530746,47.368496]]}},{"type":"Feature","properties":{},"geometry":{"type":"LineString","coordinates":[[8.498489,47.402792],[8.498406,47.402848],[8.498375,47.402879],[8.498343,47.402909],[8.49831,47.402938],[8.498275,47.402967]]}},{"type":"Feature","properties":{},"geometry":{"type":"LineString","coordinates":[[8.494871,47.403948],[8.494786,47.403972],[8.494741,47.403984],[8.494633,47.404019],[8.493957,47.404266],[8.493852,47.4043],[8.493823,47.404306]]}},{"type":"Feature","properties":{},"geometry":{"type":"LineString","coordinates":[[8.503272,47.403802],[8.503264,47.40382],[8.503252,47.403837],[8.503238,47.403853],[8.503222,47.403869],[8.503203,47.403882],[8.503182,47.403895],[8.503159,47.403906],[8.503135,47.403915],[8.503049,47.403949],[8.502965,47.403983],[8.502881,47.404018],[8.502798,47.404055],[8.502716,47.404092],[8.502635,47.40413],[8.502555,47.404169],[8.502476,47.404209],[8.501833,47.404518],[8.501586,47.404633],[8.501556,47.404647],[8.501523,47.404657],[8.501489,47.404665],[8.501454,47.404669]]}},{"type":"Feature","properties":{},"geometry":{"type":"LineString","coordinates":[[8.492525,47.407335],[8.492449,47.407365],[8.492371,47.407394],[8.492292,47.407421],[8.492211,47.407447],[8.492129,47.407471],[8.492047,47.407493],[8.491963,47.407513],[8.491878,47.407531],[8.490681,47.407827]]}},{"type":"Feature","properties":{},"geometry":{"type":"LineString","coordinates":[[8.534313,47.350274],[8.534313,47.35027],[8.534363,47.346548]]}},{"type":"Feature","properties":{},"geometry":{"type":"LineString","coordinates":[[8.524541,47.343468],[8.524568,47.343397],[8.524583,47.343332],[8.524621,47.342894],[8.524638,47.342363],[8.524653,47.342256]]}},{"type":"Feature","properties":{},"geometry":{"type":"LineString","coordinates":[[8.488432,47.374427],[8.488461,47.37442],[8.488488,47.374411],[8.488515,47.374401],[8.488541,47.37439],[8.488566,47.374378],[8.488589,47.374364],[8.488611,47.37435],[8.488632,47.374334],[8.489591,47.37365]]}},{"type":"Feature","properties":{},"geometry":{"type":"LineString","coordinates":[[8.493619,47.371701],[8.493547,47.371614],[8.493472,47.371529],[8.493309,47.371367],[8.493145,47.371207]]}},{"type":"Feature","properties":{},"geometry":{"type":"LineString","coordinates":[[8.493145,47.371207],[8.492982,47.371049],[8.492819,47.370892],[8.492764,47.370834],[8.492711,47.370774],[8.492661,47.370714],[8.492613,47.370653],[8.492381,47.370354],[8.49233,47.3703],[8.492279,47.370245]]}},{"type":"Feature","properties":{},"geometry":{"type":"LineString","coordinates":[[8.490952,47.372265],[8.491048,47.372034],[8.491064,47.371979],[8.491077,47.371924],[8.491085,47.371868],[8.491089,47.371812],[8.491088,47.371756],[8.491084,47.3717],[8.491075,47.371644],[8.491061,47.371589]]}},{"type":"Feature","properties":{},"geometry":{"type":"LineString","coordinates":[[8.53522,47.365467],[8.534536,47.366402]]}},{"type":"Feature","properties":{},"geometry":{"type":"LineString","coordinates":[[8.533937,47.367236],[8.533828,47.367389],[8.533291,47.368117],[8.533221,47.368188],[8.533178,47.368249]]}},{"type":"Feature","properties":{},"geometry":{"type":"LineString","coordinates":[[8.521143,47.369141],[8.521014,47.36923],[8.520391,47.369662],[8.520315,47.369694]]}},{"type":"Feature","properties":{},"geometry":{"type":"LineString","coordinates":[[8.520315,47.369694],[8.519999,47.369953],[8.519814,47.37015],[8.519352,47.37067]]}},{"type":"Feature","properties":{},"geometry":{"type":"LineString","coordinates":[[8.529857,47.367893],[8.529808,47.367859],[8.529757,47.367826],[8.529706,47.367793],[8.529653,47.367761],[8.5296,47.36773],[8.529545,47.3677],[8.529489,47.36767],[8.529432,47.367642],[8.529375,47.367614],[8.529316,47.367588],[8.529257,47.367562],[8.529196,47.367537],[8.529135,47.367513],[8.529073,47.367491],[8.52901,47.367469],[8.528947,47.367448]]}},{"type":"Feature","properties":{},"geometry":{"type":"LineString","coordinates":[[8.533178,47.368249],[8.533134,47.36831],[8.53312,47.36833],[8.532873,47.368665],[8.532849,47.368698]]}},{"type":"Feature","properties":{},"geometry":{"type":"LineString","coordinates":[[8.527794,47.366886],[8.527758,47.366854],[8.527724,47.366822],[8.527691,47.366789],[8.527659,47.366755],[8.527629,47.366721],[8.527599,47.366686],[8.527571,47.366651],[8.527545,47.366615],[8.526782,47.365612],[8.526681,47.365485]]}},{"type":"Feature","properties":{},"geometry":{"type":"LineString","coordinates":[[8.538834,47.365395],[8.537776,47.364868]]}},{"type":"Feature","properties":{},"geometry":{"type":"LineString","coordinates":[[8.515422,47.41811],[8.515399,47.418154],[8.515164,47.418611],[8.515129,47.418682],[8.515093,47.418753],[8.515055,47.418824],[8.515016,47.418894],[8.514976,47.418964],[8.514934,47.419034],[8.514891,47.419103],[8.514846,47.419172],[8.514801,47.41924],[8.514754,47.419309],[8.514705,47.419376],[8.514656,47.419443],[8.514605,47.41951],[8.514553,47.419577],[8.5145,47.419642],[8.514445,47.419708],[8.513978,47.420235]]}},{"type":"Feature","properties":{},"geometry":{"type":"LineString","coordinates":[[8.49929,47.402037],[8.499376,47.402245],[8.499379,47.402259],[8.499379,47.402273],[8.499376,47.402287],[8.499371,47.402301],[8.499363,47.402314],[8.499353,47.402326],[8.49934,47.402337],[8.499325,47.402347]]}},{"type":"Feature","properties":{},"geometry":{"type":"LineString","coordinates":[[8.498275,47.402967],[8.498218,47.40301],[8.498159,47.403053],[8.498098,47.403094],[8.498036,47.403134],[8.497973,47.403172],[8.497907,47.40321],[8.497841,47.403246],[8.497773,47.403281],[8.497095,47.403609]]}},{"type":"Feature","properties":{},"geometry":{"type":"LineString","coordinates":[[8.493823,47.404306],[8.493631,47.404366],[8.492833,47.404682]]}},{"type":"Feature","properties":{},"geometry":{"type":"LineString","coordinates":[[8.491639,47.405065],[8.491057,47.405236],[8.490406,47.405426]]}},{"type":"Feature","properties":{},"geometry":{"type":"LineString","coordinates":[[8.490681,47.407827],[8.490643,47.407834],[8.490604,47.407839],[8.490564,47.407843],[8.490525,47.407846],[8.490485,47.407847],[8.490445,47.407846],[8.490406,47.407844],[8.490366,47.407841],[8.490327,47.407836],[8.490288,47.407829],[8.49025,47.407821],[8.490213,47.407812],[8.490176,47.407801],[8.490141,47.407789],[8.490106,47.407775],[8.490073,47.407761],[8.489979,47.407717],[8.489882,47.407675],[8.489771,47.407631]]}},{"type":"Feature","properties":{},"geometry":{"type":"LineString","coordinates":[[8.492747,47.407233],[8.492694,47.407261],[8.49264,47.407288],[8.492583,47.407312],[8.492525,47.407335]]}},{"type":"Feature","properties":{},"geometry":{"type":"LineString","coordinates":[[8.508917,47.400023],[8.508726,47.4002]]}},{"type":"Feature","properties":{},"geometry":{"type":"LineString","coordinates":[[8.508726,47.4002],[8.508583,47.40035],[8.507905,47.400864],[8.507629,47.40106],[8.507467,47.401184],[8.507324,47.401307],[8.50715,47.401475],[8.506847,47.401785],[8.506714,47.401919],[8.506569,47.402059],[8.50649,47.402106]]}},{"type":"Feature","properties":{},"geometry":{"type":"LineString","coordinates":[[8.53576,47.339261],[8.535886,47.339057],[8.535916,47.339007],[8.535941,47.338956],[8.535961,47.338903],[8.535976,47.338851],[8.535987,47.338797],[8.535993,47.338743],[8.535993,47.338689],[8.535989,47.338636],[8.53596,47.338378],[8.53596,47.338363],[8.535961,47.338348],[8.535963,47.338334],[8.535967,47.338319],[8.535972,47.338305],[8.535978,47.33829],[8.535986,47.338276],[8.535995,47.338263],[8.536243,47.337892],[8.536249,47.337883]]}},{"type":"Feature","properties":{},"geometry":{"type":"LineString","coordinates":[[8.53786,47.335705],[8.537913,47.335635],[8.538168,47.335298],[8.538228,47.335227],[8.538291,47.335157],[8.538355,47.335087],[8.53842,47.335019],[8.538488,47.334951],[8.538557,47.334884],[8.538628,47.334817],[8.5387,47.334752],[8.538966,47.334554],[8.539006,47.334525]]}},{"type":"Feature","properties":{},"geometry":{"type":"LineString","coordinates":[[8.495097,47.369169],[8.495062,47.369165],[8.495026,47.369164],[8.49499,47.369165],[8.494954,47.369168],[8.494919,47.369174],[8.494885,47.369182],[8.494852,47.369193],[8.494822,47.369206],[8.494694,47.369267],[8.494565,47.369326],[8.494433,47.369383],[8.494299,47.369438],[8.494164,47.36949],[8.494026,47.36954],[8.493886,47.369587],[8.493745,47.369632],[8.493629,47.369669],[8.493515,47.369707],[8.493402,47.369747],[8.493291,47.369789],[8.493181,47.369833],[8.493073,47.369879],[8.492966,47.369927],[8.492862,47.369976]]}},{"type":"Feature","properties":{},"geometry":{"type":"LineString","coordinates":[[8.492862,47.369976],[8.492279,47.370245]]}},{"type":"Feature","properties":{},"geometry":{"type":"LineString","coordinates":[[8.495786,47.367528],[8.496369,47.367714],[8.49644,47.367732],[8.496754,47.367805],[8.497062,47.367867],[8.497273,47.367901],[8.497606,47.367947],[8.497662,47.367953],[8.497722,47.367958],[8.497783,47.367961],[8.497867,47.367962],[8.497952,47.367959],[8.498036,47.367952],[8.498118,47.367942],[8.498191,47.367931],[8.498263,47.367916],[8.498333,47.367898],[8.4984,47.367878],[8.498476,47.36785],[8.498516,47.367835],[8.498594,47.3678],[8.498668,47.367762],[8.499077,47.367522],[8.499217,47.367433],[8.499358,47.367343],[8.499426,47.367255],[8.499472,47.367188],[8.499608,47.366964]]}},{"type":"Feature","properties":{},"geometry":{"type":"LineString","coordinates":[[8.498618,47.3776],[8.4985,47.377462],[8.49666,47.375484]]}},{"type":"Feature","properties":{},"geometry":{"type":"LineString","coordinates":[[8.511616,47.36826],[8.511243,47.368055],[8.511203,47.368026],[8.511166,47.367995],[8.511133,47.367962],[8.511104,47.367927]]}},{"type":"Feature","properties":{},"geometry":{"type":"LineString","coordinates":[[8.511656,47.364156],[8.510383,47.363764],[8.509747,47.363507],[8.509291,47.363294],[8.508852,47.363081],[8.508495,47.362841]]}},{"type":"Feature","properties":{},"geometry":{"type":"LineString","coordinates":[[8.50741,47.362068],[8.507191,47.361908]]}},{"type":"Feature","properties":{},"geometry":{"type":"LineString","coordinates":[[8.514104,47.366394],[8.513987,47.366254],[8.513448,47.365523],[8.51342,47.365478],[8.51339,47.365433],[8.513356,47.36539],[8.51332,47.365347],[8.51328,47.365306],[8.513238,47.365266],[8.513193,47.365227],[8.513146,47.36519],[8.512705,47.364848],[8.51236,47.364609],[8.511702,47.364171],[8.511656,47.364156]]}},{"type":"Feature","properties":{},"geometry":{"type":"LineString","coordinates":[[8.507191,47.361908],[8.506585,47.361466]]}},{"type":"Feature","properties":{},"geometry":{"type":"LineString","coordinates":[[8.508495,47.362841],[8.50838,47.362774],[8.507918,47.362428],[8.50741,47.362068]]}},{"type":"Feature","properties":{},"geometry":{"type":"LineString","coordinates":[[8.506585,47.361466],[8.506017,47.361195]]}},{"type":"Feature","properties":{},"geometry":{"type":"LineString","coordinates":[[8.517319,47.363141],[8.517294,47.363235],[8.51704,47.363487],[8.51433,47.366198],[8.514104,47.366394]]}},{"type":"Feature","properties":{},"geometry":{"type":"LineString","coordinates":[[8.531367,47.373028],[8.53135,47.372992],[8.531334,47.372955],[8.53132,47.372919],[8.531307,47.372882],[8.531295,47.372844],[8.531284,47.372807],[8.531275,47.37277],[8.531267,47.372732],[8.531045,47.372302],[8.530592,47.371546]]}},{"type":"Feature","properties":{},"geometry":{"type":"LineString","coordinates":[[8.531824,47.369649],[8.531321,47.370011]]}},{"type":"Feature","properties":{},"geometry":{"type":"LineString","coordinates":[[8.514951,47.374307],[8.514634,47.374517]]}},{"type":"Feature","properties":{},"geometry":{"type":"LineString","coordinates":[[8.518785,47.371304],[8.518654,47.371434],[8.518277,47.371799],[8.518171,47.371906]]}},{"type":"Feature","properties":{},"geometry":{"type":"LineString","coordinates":[[8.515768,47.37377],[8.515152,47.374176]]}},{"type":"Feature","properties":{},"geometry":{"type":"LineString","coordinates":[[8.515152,47.374176],[8.514951,47.374307]]}},{"type":"Feature","properties":{},"geometry":{"type":"LineString","coordinates":[[8.518171,47.371906],[8.517529,47.372557]]}},{"type":"Feature","properties":{},"geometry":{"type":"LineString","coordinates":[[8.517529,47.372557],[8.516928,47.373003],[8.516676,47.373169]]}},{"type":"Feature","properties":{},"geometry":{"type":"LineString","coordinates":[[8.519352,47.37067],[8.519158,47.37087],[8.518785,47.371304]]}},{"type":"Feature","properties":{},"geometry":{"type":"LineString","coordinates":[[8.516676,47.373169],[8.515768,47.37377]]}},{"type":"Feature","properties":{},"geometry":{"type":"LineString","coordinates":[[8.519307,47.414808],[8.519244,47.414828],[8.519183,47.41485],[8.519122,47.414873],[8.519062,47.414897],[8.519003,47.414922],[8.518945,47.414948],[8.518889,47.414976],[8.518834,47.415005],[8.51878,47.415034],[8.518727,47.415065],[8.518676,47.415097],[8.518626,47.41513],[8.518577,47.415164],[8.518531,47.415199],[8.518485,47.415234],[8.518441,47.415271],[8.517849,47.415805],[8.517388,47.416128],[8.517343,47.41616],[8.517296,47.41619],[8.517247,47.416219],[8.517196,47.416247],[8.517142,47.416272],[8.517087,47.416296],[8.517031,47.416318],[8.516972,47.416338],[8.516558,47.416478],[8.51652,47.416493],[8.516486,47.41651],[8.516454,47.41653],[8.516425,47.416552],[8.515939,47.416948],[8.51592,47.416963],[8.515902,47.416979],[8.515885,47.416995],[8.51587,47.417012],[8.515855,47.417029],[8.515842,47.417047],[8.515831,47.417065],[8.515821,47.417084],[8.515562,47.417697],[8.515533,47.417776],[8.515505,47.417854],[8.515479,47.417933],[8.515455,47.418013],[8.515441,47.418062],[8.515422,47.41811]]}},{"type":"Feature","properties":{},"geometry":{"type":"LineString","coordinates":[[8.497095,47.403609],[8.496929,47.40364],[8.496762,47.403668],[8.496594,47.403693],[8.496425,47.403716]]}},{"type":"Feature","properties":{},"geometry":{"type":"LineString","coordinates":[[8.499325,47.402347],[8.499309,47.402355],[8.499292,47.402362],[8.498761,47.402631],[8.498691,47.40267],[8.498622,47.402709],[8.498555,47.40275],[8.498489,47.402792]]}},{"type":"Feature","properties":{},"geometry":{"type":"LineString","coordinates":[[8.50878,47.420619],[8.508739,47.420633],[8.508653,47.420658],[8.508566,47.420682],[8.507376,47.421008]]}},{"type":"Feature","properties":{},"geometry":{"type":"LineString","coordinates":[[8.508268,47.419518],[8.508776,47.420015],[8.508857,47.420095],[8.508934,47.420177],[8.509007,47.42026],[8.509076,47.420345],[8.509084,47.420356],[8.509089,47.420368],[8.509093,47.42038],[8.509095,47.420393],[8.509095,47.420406],[8.509094,47.420418],[8.50909,47.42043],[8.509085,47.420443]]}},{"type":"Feature","properties":{},"geometry":{"type":"LineString","coordinates":[[8.513614,47.420512],[8.51101,47.421535]]}},{"type":"Feature","properties":{},"geometry":{"type":"LineString","coordinates":[[8.513978,47.420235],[8.513944,47.420276],[8.513906,47.420315],[8.513865,47.420353],[8.513821,47.420389],[8.513773,47.420423],[8.513723,47.420455],[8.51367,47.420485],[8.513614,47.420512]]}},{"type":"Feature","properties":{},"geometry":{"type":"LineString","coordinates":[[8.494381,47.379936],[8.49422,47.380027],[8.494056,47.380116],[8.493952,47.380171],[8.493846,47.380226],[8.49374,47.38028],[8.493632,47.380333]]}},{"type":"Feature","properties":{},"geometry":{"type":"LineString","coordinates":[[8.488061,47.382277],[8.487463,47.382432]]}},{"type":"Feature","properties":{},"geometry":{"type":"LineString","coordinates":[[8.498618,47.3776],[8.49846,47.37766],[8.497979,47.377847],[8.497814,47.37791],[8.49765,47.377975],[8.497489,47.378043],[8.497331,47.378114]]}},{"type":"Feature","properties":{},"geometry":{"type":"LineString","coordinates":[[8.495711,47.374486],[8.495606,47.374388],[8.494773,47.373488],[8.494715,47.373425],[8.494659,47.373361],[8.494605,47.373297],[8.494553,47.373231]]}},{"type":"Feature","properties":{},"geometry":{"type":"LineString","coordinates":[[8.494553,47.373231],[8.49451,47.373175],[8.494469,47.373119],[8.494429,47.373062],[8.494391,47.373004],[8.494354,47.372946],[8.494319,47.372888],[8.494285,47.372829],[8.494253,47.37277],[8.494113,47.372504]]}},{"type":"Feature","properties":{},"geometry":{"type":"LineString","coordinates":[[8.49666,47.375484],[8.496076,47.374855]]}},{"type":"Feature","properties":{},"geometry":{"type":"LineString","coordinates":[[8.496076,47.374855],[8.495868,47.374631],[8.495711,47.374486]]}},{"type":"Feature","properties":{},"geometry":{"type":"LineString","coordinates":[[8.53031,47.371074],[8.530256,47.370991],[8.530198,47.370909],[8.530138,47.370827],[8.530075,47.370747],[8.530025,47.370685],[8.529973,47.370624],[8.52992,47.370563],[8.529865,47.370503],[8.529808,47.370444],[8.529749,47.370386],[8.529689,47.370328],[8.529627,47.370271],[8.529567,47.370219],[8.529507,47.370168],[8.529445,47.370117],[8.529381,47.370067],[8.529317,47.370017],[8.529251,47.369969],[8.529185,47.369921],[8.529117,47.369874]]}},{"type":"Feature","properties":{},"geometry":{"type":"LineString","coordinates":[[8.522723,47.367909],[8.522662,47.367962],[8.522186,47.368368]]}},{"type":"Feature","properties":{},"geometry":{"type":"LineString","coordinates":[[8.525639,47.371288],[8.524943,47.370616],[8.524749,47.370432]]}},{"type":"Feature","properties":{},"geometry":{"type":"LineString","coordinates":[[8.522186,47.368368],[8.52216,47.36839],[8.521982,47.368533]]}},{"type":"Feature","properties":{},"geometry":{"type":"LineString","coordinates":[[8.524749,47.370432],[8.52467,47.37034],[8.523685,47.369412]]}},{"type":"Feature","properties":{},"geometry":{"type":"LineString","coordinates":[[8.52756,47.37139],[8.527459,47.371405],[8.527358,47.371423],[8.52726,47.371444],[8.527162,47.371468],[8.526347,47.371668],[8.526293,47.371679],[8.526241,47.371693],[8.526191,47.371711],[8.526143,47.371731],[8.526098,47.371753],[8.526056,47.371779],[8.526017,47.371806],[8.525982,47.371836]]}},{"type":"Feature","properties":{},"geometry":{"type":"LineString","coordinates":[[8.523277,47.367437],[8.522723,47.367909]]}},{"type":"Feature","properties":{},"geometry":{"type":"LineString","coordinates":[[8.525526,47.361295],[8.525548,47.36123],[8.525569,47.361164],[8.525588,47.361098],[8.525605,47.361031],[8.52562,47.360965],[8.525634,47.360898],[8.525646,47.360831],[8.525656,47.360764],[8.525722,47.360358]]}},{"type":"Feature","properties":{},"geometry":{"type":"LineString","coordinates":[[8.525722,47.360358],[8.525738,47.360307],[8.525821,47.359803],[8.525828,47.35976]]}},{"type":"Feature","properties":{},"geometry":{"type":"LineString","coordinates":[[8.523492,47.367222],[8.523382,47.367336]]}},{"type":"Feature","properties":{},"geometry":{"type":"LineString","coordinates":[[8.51101,47.421535],[8.510096,47.421894]]}},{"type":"Feature","properties":{},"geometry":{"type":"LineString","coordinates":[[8.490406,47.405426],[8.490205,47.405484],[8.490009,47.405537],[8.489775,47.405596],[8.489292,47.405708],[8.489226,47.405724],[8.48916,47.405742],[8.489096,47.405762],[8.489033,47.405785],[8.488973,47.40581],[8.488914,47.405836],[8.488857,47.405865],[8.488802,47.405896]]}},{"type":"Feature","properties":{},"geometry":{"type":"LineString","coordinates":[[8.509085,47.420443],[8.509084,47.420445],[8.509075,47.420459],[8.509063,47.420473],[8.509048,47.420486],[8.509031,47.420497],[8.508973,47.420531],[8.508911,47.420563],[8.508847,47.420592],[8.50878,47.420619]]}},{"type":"Feature","properties":{},"geometry":{"type":"LineString","coordinates":[[8.514424,47.421801],[8.514752,47.422205],[8.515025,47.422516],[8.515062,47.422554],[8.515123,47.422613],[8.515188,47.422671],[8.515257,47.422727],[8.515328,47.422781],[8.515457,47.422868],[8.515583,47.422947],[8.515786,47.423062],[8.515988,47.423168],[8.516041,47.423195],[8.516492,47.423431],[8.516553,47.423466],[8.516613,47.423502],[8.516664,47.423535],[8.516713,47.42357],[8.51676,47.423605],[8.516806,47.423641],[8.516851,47.423678],[8.516895,47.423716],[8.516937,47.423754],[8.516978,47.423793]]}},{"type":"Feature","properties":{},"geometry":{"type":"LineString","coordinates":[[8.510096,47.421894],[8.510669,47.422918],[8.51074,47.423055]]}},{"type":"Feature","properties":{},"geometry":{"type":"LineString","coordinates":[[8.51374,47.42107],[8.514238,47.421594],[8.514287,47.421645],[8.514334,47.421697],[8.51438,47.421749],[8.514424,47.421801]]}},{"type":"Feature","properties":{},"geometry":{"type":"LineString","coordinates":[[8.493632,47.380333],[8.493501,47.380397],[8.493368,47.380459],[8.493234,47.380521],[8.493099,47.380581],[8.492963,47.38064],[8.492826,47.380698],[8.492687,47.380754],[8.492548,47.38081],[8.491759,47.381119],[8.491601,47.381181]]}},{"type":"Feature","properties":{},"geometry":{"type":"LineString","coordinates":[[8.496582,47.378541],[8.495294,47.379396]]}},{"type":"Feature","properties":{},"geometry":{"type":"LineString","coordinates":[[8.497331,47.378114],[8.49723,47.378161],[8.497131,47.37821],[8.497034,47.37826],[8.496939,47.378313],[8.496846,47.378368],[8.496756,47.378424],[8.496668,47.378482],[8.496582,47.378541]]}},{"type":"Feature","properties":{},"geometry":{"type":"LineString","coordinates":[[8.502253,47.374458],[8.50214,47.374553],[8.50203,47.374649],[8.500753,47.375773]]}},{"type":"Feature","properties":{},"geometry":{"type":"LineString","coordinates":[[8.491601,47.381181],[8.491466,47.381233],[8.491241,47.381322],[8.491014,47.381409],[8.490785,47.381493],[8.490555,47.381576],[8.490398,47.38163],[8.49024,47.381683],[8.490081,47.381733],[8.48992,47.381783],[8.489759,47.381831],[8.489597,47.381877],[8.489433,47.381922],[8.489269,47.381965],[8.488061,47.382277]]}},{"type":"Feature","properties":{},"geometry":{"type":"LineString","coordinates":[[8.503073,47.373816],[8.502934,47.373919],[8.502797,47.374022],[8.502662,47.374127],[8.502528,47.374233]]}},{"type":"Feature","properties":{},"geometry":{"type":"LineString","coordinates":[[8.532141,47.370524],[8.531669,47.370222],[8.531321,47.370011]]}},{"type":"Feature","properties":{},"geometry":{"type":"LineString","coordinates":[[8.530435,47.371262],[8.53031,47.371074]]}},{"type":"Feature","properties":{},"geometry":{"type":"LineString","coordinates":[[8.529117,47.369874],[8.528759,47.369645],[8.528676,47.369596]]}},{"type":"Feature","properties":{},"geometry":{"type":"LineString","coordinates":[[8.526678,47.372293],[8.526657,47.372272],[8.526632,47.372253],[8.526605,47.372235],[8.526576,47.37222],[8.52651,47.372166],[8.526441,47.372114],[8.52637,47.372064],[8.526297,47.372015],[8.526221,47.371968],[8.526143,47.371922],[8.526063,47.371878],[8.525982,47.371836]]}},{"type":"Feature","properties":{},"geometry":{"type":"LineString","coordinates":[[8.528831,47.368682],[8.528683,47.368768],[8.528536,47.368855],[8.52839,47.368942],[8.528245,47.36903],[8.528207,47.369048],[8.528167,47.369064],[8.528128,47.36908],[8.528087,47.369095],[8.528046,47.369109],[8.528004,47.369122],[8.527961,47.369134],[8.527918,47.369145]]}},{"type":"Feature","properties":{},"geometry":{"type":"LineString","coordinates":[[8.531326,47.370994],[8.530598,47.371203]]}},{"type":"Feature","properties":{},"geometry":{"type":"LineString","coordinates":[[8.531953,47.373815],[8.53236,47.374412],[8.532394,47.374465],[8.532429,47.374518]]}},{"type":"Feature","properties":{},"geometry":{"type":"LineString","coordinates":[[8.528831,47.368682],[8.528512,47.368651],[8.528256,47.368483],[8.528125,47.368479],[8.528047,47.368378],[8.526104,47.367111],[8.524948,47.366343]]}},{"type":"Feature","properties":{},"geometry":{"type":"LineString","coordinates":[[8.513627,47.416684],[8.51349,47.41674],[8.513353,47.416797],[8.513217,47.416854],[8.513082,47.416913],[8.512948,47.416972],[8.512815,47.417032],[8.512682,47.417093],[8.512551,47.417155],[8.51242,47.417217],[8.51229,47.417281],[8.512161,47.417345],[8.512033,47.417411],[8.511906,47.417477],[8.51178,47.417543],[8.511655,47.417611],[8.511531,47.41768]]}},{"type":"Feature","properties":{},"geometry":{"type":"LineString","coordinates":[[8.514571,47.416351],[8.513916,47.416577],[8.513738,47.41664],[8.513703,47.416654],[8.513627,47.416684]]}},{"type":"Feature","properties":{},"geometry":{"type":"LineString","coordinates":[[8.519307,47.414808],[8.519167,47.41483],[8.519027,47.414854],[8.518888,47.41488],[8.51875,47.414908],[8.518613,47.414938],[8.518477,47.41497],[8.518342,47.415005],[8.518208,47.415041],[8.518076,47.415079],[8.517944,47.415119],[8.517814,47.415161],[8.517685,47.415205],[8.517558,47.41525],[8.517432,47.415298],[8.517308,47.415347],[8.517185,47.415399]]}},{"type":"Feature","properties":{},"geometry":{"type":"LineString","coordinates":[[8.517185,47.415399],[8.516948,47.415489],[8.516797,47.415551],[8.516592,47.415634],[8.515951,47.415875],[8.514838,47.416259],[8.514701,47.416306]]}},{"type":"Feature","properties":{},"geometry":{"type":"LineString","coordinates":[[8.514701,47.416306],[8.514571,47.416351]]}},{"type":"Feature","properties":{},"geometry":{"type":"LineString","coordinates":[[8.520418,47.414576],[8.520273,47.41461],[8.520127,47.414641],[8.519979,47.414668],[8.51983,47.414693],[8.519763,47.414703],[8.519696,47.414714],[8.51963,47.414726],[8.519564,47.41474],[8.519498,47.414755],[8.519434,47.414771],[8.51937,47.414789],[8.519307,47.414808]]}},{"type":"Feature","properties":{},"geometry":{"type":"LineString","coordinates":[[8.51374,47.42107],[8.513669,47.420977],[8.513839,47.420538],[8.513978,47.420235]]}},{"type":"Feature","properties":{},"geometry":{"type":"LineString","coordinates":[[8.523881,47.413628],[8.523795,47.413619],[8.523708,47.413612],[8.523621,47.413608],[8.523534,47.413607],[8.523447,47.413608],[8.52336,47.413612],[8.523274,47.413618],[8.523187,47.413627],[8.523102,47.413639],[8.523017,47.413653],[8.522934,47.413669],[8.522851,47.413688],[8.52277,47.41371],[8.52269,47.413734],[8.522612,47.41376],[8.522536,47.413788],[8.521237,47.414315],[8.521139,47.414353],[8.521039,47.41439],[8.520938,47.414425],[8.520836,47.414458],[8.520733,47.41449],[8.520629,47.41452],[8.520524,47.414549],[8.520418,47.414576]]}},{"type":"Feature","properties":{},"geometry":{"type":"LineString","coordinates":[[8.519698,47.41395],[8.518941,47.414144]]}},{"type":"Feature","properties":{},"geometry":{"type":"LineString","coordinates":[[8.495294,47.379396],[8.494697,47.379754],[8.494431,47.379907],[8.494381,47.379936]]}},{"type":"Feature","properties":{},"geometry":{"type":"LineString","coordinates":[[8.500753,47.375773],[8.500314,47.376164],[8.499873,47.376553]]}},{"type":"Feature","properties":{},"geometry":{"type":"LineString","coordinates":[[8.506948,47.367127],[8.506785,47.367079],[8.506622,47.36703],[8.506461,47.366979],[8.5063,47.366926],[8.506141,47.366873],[8.505982,47.366817],[8.505825,47.366761],[8.505669,47.366703]]}},{"type":"Feature","properties":{},"geometry":{"type":"LineString","coordinates":[[8.509555,47.367676],[8.509399,47.36765],[8.509243,47.367623],[8.509088,47.367596],[8.508933,47.367567],[8.508778,47.367538],[8.508624,47.367507],[8.50847,47.367476],[8.508316,47.367444],[8.508163,47.367411],[8.508011,47.367377],[8.507859,47.367342],[8.507707,47.367306],[8.507556,47.367269],[8.507405,47.367232],[8.507255,47.367193],[8.507105,47.367154],[8.506948,47.367127]]}},{"type":"Feature","properties":{},"geometry":{"type":"LineString","coordinates":[[8.512293,47.367745],[8.511731,47.368167],[8.511616,47.36826]]}},{"type":"Feature","properties":{},"geometry":{"type":"LineString","coordinates":[[8.512824,47.367348],[8.512293,47.367745]]}},{"type":"Feature","properties":{},"geometry":{"type":"LineString","coordinates":[[8.504073,47.365991],[8.503709,47.365799]]}},{"type":"Feature","properties":{},"geometry":{"type":"LineString","coordinates":[[8.487463,47.382432],[8.487471,47.382251],[8.487646,47.381653],[8.487665,47.381555]]}},{"type":"Feature","properties":{},"geometry":{"type":"LineString","coordinates":[[8.487463,47.382432],[8.486921,47.382572]]}},{"type":"Feature","properties":{},"geometry":{"type":"LineString","coordinates":[[8.531653,47.373373],[8.531521,47.373242],[8.531496,47.373218],[8.531472,47.373192],[8.531451,47.373166],[8.53143,47.37314],[8.531412,47.373113],[8.531395,47.373085],[8.53138,47.373057],[8.531367,47.373028]]}},{"type":"Feature","properties":{},"geometry":{"type":"LineString","coordinates":[[8.530592,47.371546],[8.530435,47.371262]]}},{"type":"Feature","properties":{},"geometry":{"type":"LineString","coordinates":[[8.532429,47.374518],[8.532461,47.374562],[8.532494,47.374607],[8.532529,47.374651],[8.532565,47.374694],[8.532602,47.374737],[8.532641,47.374779],[8.532681,47.374821],[8.532722,47.374862],[8.533114,47.375245],[8.533256,47.375376]]}},{"type":"Feature","properties":{},"geometry":{"type":"LineString","coordinates":[[8.531653,47.373373],[8.531953,47.373815]]}},{"type":"Feature","properties":{},"geometry":{"type":"LineString","coordinates":[[8.53193,47.370664],[8.53153,47.370899],[8.531481,47.370924],[8.53143,47.370949],[8.531379,47.370972],[8.531326,47.370994]]}},{"type":"Feature","properties":{},"geometry":{"type":"LineString","coordinates":[[8.520725,47.413612],[8.520624,47.413651],[8.520523,47.41369],[8.520421,47.413727],[8.520318,47.413763],[8.520215,47.413799],[8.52011,47.413833],[8.520005,47.413866],[8.519899,47.413898],[8.519698,47.41395]]}},{"type":"Feature","properties":{},"geometry":{"type":"LineString","coordinates":[[8.522573,47.41284],[8.522352,47.412933],[8.521478,47.413299],[8.521443,47.413314]]}},{"type":"Feature","properties":{},"geometry":{"type":"LineString","coordinates":[[8.521443,47.413314],[8.520766,47.413595],[8.520725,47.413612]]}},{"type":"Feature","properties":{},"geometry":{"type":"LineString","coordinates":[[8.523275,47.411969],[8.523224,47.412025],[8.523171,47.41208],[8.523113,47.412133],[8.523053,47.412184],[8.522677,47.412501],[8.522658,47.412517],[8.52264,47.412534],[8.522623,47.412552],[8.522609,47.41257],[8.522596,47.412589],[8.522584,47.412608],[8.522575,47.412628],[8.522567,47.412648],[8.522559,47.412672],[8.522554,47.412696],[8.522551,47.41272],[8.522551,47.412744],[8.522553,47.412769],[8.522557,47.412793],[8.522564,47.412817],[8.522573,47.41284]]}},{"type":"Feature","properties":{},"geometry":{"type":"LineString","coordinates":[[8.54197,47.408178],[8.54179,47.408236],[8.541192,47.408432]]}},{"type":"Feature","properties":{},"geometry":{"type":"LineString","coordinates":[[8.490955,47.371267],[8.490951,47.371233],[8.490948,47.371199],[8.490947,47.371165],[8.490948,47.371131],[8.490951,47.371099],[8.490956,47.371068],[8.490962,47.371036],[8.49097,47.371005],[8.490979,47.370974],[8.49099,47.370943],[8.491003,47.370912],[8.491018,47.370882],[8.491033,47.370852],[8.491051,47.370823],[8.49107,47.370794],[8.49109,47.370766],[8.491112,47.370738],[8.491136,47.37071],[8.491161,47.370683],[8.491187,47.370657],[8.491501,47.370369],[8.49153,47.370345],[8.491557,47.37032],[8.491583,47.370295],[8.491608,47.370269],[8.491631,47.370242],[8.491652,47.370214],[8.491672,47.370186],[8.49169,47.370158],[8.491707,47.370129],[8.491721,47.3701],[8.491735,47.37007],[8.491746,47.37004],[8.491756,47.37001],[8.491763,47.369979],[8.49177,47.369948],[8.491774,47.369917]]}},{"type":"Feature","properties":{},"geometry":{"type":"LineString","coordinates":[[8.494113,47.372504],[8.49399,47.372271],[8.493952,47.372197],[8.493911,47.372124],[8.493868,47.372052],[8.493822,47.37198],[8.493775,47.371909],[8.493725,47.371839],[8.493673,47.371769],[8.493619,47.371701]]}},{"type":"Feature","properties":{},"geometry":{"type":"LineString","coordinates":[[8.491061,47.371589],[8.49099,47.371401],[8.490978,47.371368],[8.490969,47.371334],[8.490961,47.371301],[8.490955,47.371267]]}},{"type":"Feature","properties":{},"geometry":{"type":"LineString","coordinates":[[8.487665,47.381555],[8.487575,47.381366],[8.48748,47.381178],[8.487373,47.380976],[8.487262,47.380775]]}},{"type":"Feature","properties":{},"geometry":{"type":"LineString","coordinates":[[8.540023,47.36599],[8.539799,47.365878]]}},{"type":"Feature","properties":{},"geometry":{"type":"LineString","coordinates":[[8.537776,47.364868],[8.53694,47.364451]]}},{"type":"Feature","properties":{},"geometry":{"type":"LineString","coordinates":[[8.542389,47.366751],[8.543926,47.367014],[8.544282,47.367078]]}},{"type":"Feature","properties":{},"geometry":{"type":"LineString","coordinates":[[8.539799,47.365878],[8.538956,47.365456],[8.538834,47.365395]]}},{"type":"Feature","properties":{},"geometry":{"type":"LineString","coordinates":[[8.542389,47.366751],[8.542259,47.366728],[8.54213,47.366702],[8.542002,47.366673],[8.541876,47.366641],[8.54175,47.366607],[8.541624,47.366575],[8.541497,47.366545],[8.541369,47.366516],[8.54124,47.366489],[8.54111,47.366464],[8.54098,47.366441],[8.540849,47.366419],[8.540802,47.366411],[8.540757,47.3664],[8.540713,47.366387],[8.540671,47.366371],[8.540631,47.366353],[8.540594,47.366333],[8.540558,47.36631],[8.540526,47.366286]]}},{"type":"Feature","properties":{},"geometry":{"type":"LineString","coordinates":[[8.540023,47.36599],[8.540526,47.366286]]}},{"type":"Feature","properties":{},"geometry":{"type":"LineString","coordinates":[[8.53694,47.364451],[8.536229,47.364095]]}},{"type":"Feature","properties":{},"geometry":{"type":"LineString","coordinates":[[8.532199,47.369381],[8.531824,47.369649]]}},{"type":"Feature","properties":{},"geometry":{"type":"LineString","coordinates":[[8.532539,47.369163],[8.532199,47.369381]]}},{"type":"Feature","properties":{},"geometry":{"type":"LineString","coordinates":[[8.532141,47.370524],[8.53193,47.370664]]}},{"type":"Feature","properties":{},"geometry":{"type":"LineString","coordinates":[[8.528676,47.369596],[8.527918,47.369145]]}},{"type":"Feature","properties":{},"geometry":{"type":"LineString","coordinates":[[8.525816,47.408585],[8.525305,47.409204]]}},{"type":"Feature","properties":{},"geometry":{"type":"LineString","coordinates":[[8.519307,47.414808],[8.518941,47.414144]]}},{"type":"Feature","properties":{},"geometry":{"type":"LineString","coordinates":[[8.526659,47.407267],[8.526625,47.407347],[8.52659,47.407426],[8.526554,47.407505],[8.526516,47.407584],[8.526477,47.407663],[8.526436,47.407741],[8.526395,47.407819],[8.526352,47.407896]]}},{"type":"Feature","properties":{},"geometry":{"type":"LineString","coordinates":[[8.530536,47.403367],[8.530537,47.403399],[8.530537,47.403431],[8.530535,47.403464],[8.530531,47.403496],[8.530527,47.403528],[8.530521,47.40356],[8.530513,47.403592],[8.530505,47.403624],[8.530495,47.403656],[8.530483,47.403687],[8.530471,47.403718],[8.530457,47.403749],[8.530441,47.40378],[8.530425,47.40381],[8.530407,47.40384],[8.530388,47.40387],[8.530308,47.404009],[8.530047,47.40443],[8.53002,47.404469],[8.529991,47.404506],[8.529959,47.404543],[8.529924,47.404578],[8.529887,47.404613],[8.529848,47.404646],[8.529806,47.404678],[8.529763,47.404708],[8.529717,47.404737],[8.529669,47.404765],[8.52962,47.404791],[8.529568,47.404815],[8.529515,47.404838],[8.529461,47.404859],[8.529405,47.404879],[8.529348,47.404896],[8.52881,47.405062],[8.528751,47.405084],[8.528693,47.405106],[8.528637,47.40513],[8.528581,47.405154],[8.528525,47.40518],[8.528471,47.405206],[8.528418,47.405233],[8.528366,47.405261]]}},{"type":"Feature","properties":{},"geometry":{"type":"LineString","coordinates":[[8.525305,47.409204],[8.525161,47.409379]]}},{"type":"Feature","properties":{},"geometry":{"type":"LineString","coordinates":[[8.499873,47.376553],[8.499518,47.376873],[8.499416,47.376969],[8.499311,47.377065],[8.499203,47.377158],[8.499092,47.37725],[8.498978,47.37734],[8.498861,47.377428],[8.498741,47.377515],[8.498618,47.3776]]}},{"type":"Feature","properties":{},"geometry":{"type":"LineString","coordinates":[[8.502528,47.374233],[8.502253,47.374458]]}},{"type":"Feature","properties":{},"geometry":{"type":"LineString","coordinates":[[8.511043,47.368936],[8.510405,47.369713],[8.510376,47.36975],[8.510349,47.369788]]}},{"type":"Feature","properties":{},"geometry":{"type":"LineString","coordinates":[[8.499608,47.366964],[8.500564,47.365373],[8.500624,47.365308],[8.500668,47.365285],[8.500697,47.365272],[8.500726,47.365262],[8.500755,47.365254],[8.500788,47.365249],[8.500853,47.365244],[8.500943,47.365242],[8.502238,47.365246],[8.502341,47.365245],[8.502362,47.365246],[8.502572,47.3652]]}},{"type":"Feature","properties":{},"geometry":{"type":"LineString","coordinates":[[8.505669,47.366703],[8.505463,47.366623],[8.50526,47.366541],[8.505058,47.366457],[8.504859,47.36637],[8.504663,47.366281],[8.504468,47.366189],[8.504277,47.366095],[8.504087,47.365999],[8.504073,47.365991]]}},{"type":"Feature","properties":{},"geometry":{"type":"LineString","coordinates":[[8.514104,47.366394],[8.513968,47.366493],[8.512824,47.367348]]}},{"type":"Feature","properties":{},"geometry":{"type":"LineString","coordinates":[[8.511104,47.367927],[8.510628,47.367879],[8.509555,47.367676]]}},{"type":"Feature","properties":{},"geometry":{"type":"LineString","coordinates":[[8.511616,47.36826],[8.511464,47.368425],[8.511072,47.368901],[8.511043,47.368936]]}},{"type":"Feature","properties":{},"geometry":{"type":"LineString","coordinates":[[8.503709,47.365799],[8.502572,47.3652]]}},{"type":"Feature","properties":{},"geometry":{"type":"LineString","coordinates":[[8.526496,47.361998],[8.526431,47.361943],[8.526365,47.361889],[8.526297,47.361835],[8.526228,47.361782],[8.525943,47.361587],[8.525842,47.361512],[8.525739,47.361438],[8.525633,47.361366],[8.525526,47.361295]]}},{"type":"Feature","properties":{},"geometry":{"type":"LineString","coordinates":[[8.527008,47.358263],[8.527007,47.357411]]}},{"type":"Feature","properties":{},"geometry":{"type":"LineString","coordinates":[[8.526178,47.356463],[8.526171,47.356227],[8.526058,47.354878]]}},{"type":"Feature","properties":{},"geometry":{"type":"LineString","coordinates":[[8.487277,47.384351],[8.487153,47.383993],[8.487123,47.383922],[8.48709,47.383852],[8.487052,47.383782],[8.487011,47.383714],[8.486965,47.383647],[8.486916,47.383582],[8.486863,47.383517],[8.486806,47.383454],[8.48613,47.382781]]}},{"type":"Feature","properties":{},"geometry":{"type":"LineString","coordinates":[[8.486707,47.379512],[8.486443,47.378944]]}},{"type":"Feature","properties":{},"geometry":{"type":"LineString","coordinates":[[8.486915,47.380001],[8.486707,47.379512]]}},{"type":"Feature","properties":{},"geometry":{"type":"LineString","coordinates":[[8.486921,47.382572],[8.48613,47.382781]]}},{"type":"Feature","properties":{},"geometry":{"type":"LineString","coordinates":[[8.487262,47.380775],[8.487129,47.380518],[8.48707,47.38039],[8.487015,47.380261],[8.486963,47.380132],[8.486915,47.380001]]}},{"type":"Feature","properties":{},"geometry":{"type":"LineString","coordinates":[[8.486443,47.378944],[8.486407,47.378865],[8.486367,47.378787],[8.486323,47.37871],[8.486274,47.378634],[8.486222,47.37856],[8.486165,47.378487],[8.486104,47.378415],[8.486039,47.378345]]}},{"type":"Feature","properties":{},"geometry":{"type":"LineString","coordinates":[[8.481357,47.38612],[8.481344,47.386124],[8.480355,47.386402],[8.47884,47.386865],[8.478691,47.386906]]}},{"type":"Feature","properties":{},"geometry":{"type":"LineString","coordinates":[[8.486691,47.384528],[8.485921,47.384759]]}},{"type":"Feature","properties":{},"geometry":{"type":"LineString","coordinates":[[8.487277,47.384351],[8.486691,47.384528]]}},{"type":"Feature","properties":{},"geometry":{"type":"LineString","coordinates":[[8.484545,47.385173],[8.482218,47.385872],[8.481953,47.385946]]}},{"type":"Feature","properties":{},"geometry":{"type":"LineString","coordinates":[[8.46988,47.389049],[8.469815,47.389096],[8.469748,47.389142],[8.46968,47.389187],[8.469611,47.38923],[8.46954,47.389273],[8.469468,47.389315],[8.469394,47.389356],[8.46932,47.389396]]}},{"type":"Feature","properties":{},"geometry":{"type":"LineString","coordinates":[[8.470303,47.389182],[8.470247,47.389172],[8.470191,47.389159],[8.470136,47.389145],[8.470082,47.389129],[8.47003,47.389111],[8.469978,47.389092],[8.469928,47.389071],[8.46988,47.389049]]}},{"type":"Feature","properties":{},"geometry":{"type":"LineString","coordinates":[[8.484983,47.385041],[8.484545,47.385173]]}},{"type":"Feature","properties":{},"geometry":{"type":"LineString","coordinates":[[8.485921,47.384759],[8.485797,47.384797],[8.484983,47.385041]]}},{"type":"Feature","properties":{},"geometry":{"type":"LineString","coordinates":[[8.467512,47.390483],[8.467469,47.39051],[8.467425,47.390535],[8.467379,47.390559],[8.467331,47.390582],[8.467121,47.390663],[8.46705,47.390688],[8.466981,47.390714],[8.466912,47.390741],[8.466845,47.390769],[8.466778,47.390799],[8.466713,47.39083],[8.46665,47.390862],[8.466587,47.390896],[8.466394,47.390998],[8.466204,47.391103],[8.466174,47.391117],[8.466141,47.391129],[8.466107,47.391139],[8.466072,47.391146],[8.466036,47.391151],[8.465999,47.391154],[8.465962,47.391154],[8.465926,47.391152],[8.465668,47.391118],[8.465647,47.391115],[8.465625,47.391113],[8.465604,47.391113],[8.465582,47.391115],[8.465561,47.391119],[8.465541,47.391124],[8.465523,47.391131],[8.465505,47.39114],[8.465177,47.391314]]}},{"type":"Feature","properties":{},"geometry":{"type":"LineString","coordinates":[[8.526352,47.407896],[8.5263,47.407977],[8.526244,47.408057],[8.526185,47.408136],[8.526122,47.408213],[8.525816,47.408585]]}},{"type":"Feature","properties":{},"geometry":{"type":"LineString","coordinates":[[8.528366,47.405261],[8.528278,47.405312],[8.528194,47.405366],[8.528112,47.405422],[8.528035,47.40548],[8.527961,47.40554],[8.527891,47.405603],[8.527826,47.405667],[8.527764,47.405734],[8.527599,47.405942],[8.527187,47.406511],[8.52715,47.406566],[8.527111,47.406621],[8.527071,47.406676],[8.527029,47.406729],[8.526815,47.407026],[8.526772,47.407085],[8.526732,47.407145],[8.526694,47.407206],[8.526659,47.407267]]}},{"type":"Feature","properties":{},"geometry":{"type":"LineString","coordinates":[[8.53093,47.342545],[8.531212,47.342557],[8.531247,47.342558],[8.531282,47.34256],[8.531317,47.342563],[8.531352,47.342567],[8.531386,47.342573],[8.53142,47.342579],[8.531454,47.342586],[8.531487,47.342595],[8.531578,47.342622],[8.531635,47.342643],[8.53169,47.342664],[8.531744,47.342688],[8.531797,47.342712],[8.531889,47.342753],[8.531983,47.342791],[8.532079,47.342827],[8.532176,47.342862],[8.532419,47.342936]]}},{"type":"Feature","properties":{},"geometry":{"type":"LineString","coordinates":[[8.518617,47.336767],[8.518573,47.336738],[8.518532,47.336707],[8.518493,47.336675],[8.518456,47.336642],[8.518421,47.336607],[8.518389,47.336571],[8.518359,47.336535],[8.518333,47.336497],[8.518308,47.336459],[8.518287,47.33642],[8.518269,47.33638],[8.518253,47.336339],[8.51824,47.336299],[8.51823,47.336257],[8.518223,47.336216],[8.518219,47.336174]]}},{"type":"Feature","properties":{},"geometry":{"type":"LineString","coordinates":[[8.51916,47.337213],[8.519144,47.337191],[8.519126,47.33717],[8.519106,47.33715],[8.519085,47.33713],[8.518617,47.336767]]}},{"type":"Feature","properties":{},"geometry":{"type":"LineString","coordinates":[[8.516723,47.331188],[8.516701,47.33113],[8.516682,47.331071],[8.516665,47.331012],[8.516652,47.330953],[8.516639,47.330875],[8.51663,47.330797],[8.516626,47.330719],[8.516625,47.330641],[8.51663,47.330578],[8.516638,47.330515],[8.516648,47.330453],[8.516661,47.330391],[8.516678,47.330329],[8.516697,47.330267],[8.516718,47.330206],[8.516743,47.330146],[8.51677,47.330086],[8.516801,47.330026],[8.516833,47.329967],[8.516869,47.329909],[8.516907,47.329852],[8.516948,47.329796],[8.516991,47.32974],[8.517037,47.329686],[8.517977,47.328635],[8.518603,47.327933],[8.518632,47.327899],[8.518661,47.327865],[8.518688,47.32783],[8.518714,47.327794],[8.518739,47.327758],[8.518762,47.327722],[8.518785,47.327685],[8.518806,47.327648],[8.518826,47.327611],[8.518844,47.327574],[8.518861,47.327536],[8.518877,47.327498],[8.518892,47.327459],[8.518905,47.327421],[8.518917,47.327382],[8.518928,47.327343],[8.518937,47.327304],[8.518945,47.327265],[8.518952,47.327225],[8.518957,47.327186],[8.518961,47.327146],[8.518963,47.327107],[8.518965,47.327067],[8.518964,47.327028],[8.518963,47.326988],[8.51896,47.326948],[8.518956,47.326909],[8.51895,47.326869],[8.518943,47.32683],[8.518935,47.326791],[8.518925,47.326752],[8.518914,47.326713],[8.518514,47.325373],[8.518491,47.325296],[8.518473,47.325218],[8.518459,47.325139],[8.51845,47.32506],[8.518444,47.324982],[8.518443,47.324903],[8.518446,47.324824],[8.518454,47.324745],[8.518466,47.324666],[8.518482,47.324588],[8.518502,47.32451],[8.518526,47.324433],[8.518555,47.324356],[8.518588,47.324281],[8.518625,47.324206],[8.518666,47.324132],[8.518764,47.323947]]}},{"type":"Feature","properties":{},"geometry":{"type":"LineString","coordinates":[[8.525091,47.361038],[8.524941,47.360959],[8.524789,47.360882],[8.524412,47.360662]]}},{"type":"Feature","properties":{},"geometry":{"type":"LineString","coordinates":[[8.523146,47.362935],[8.523142,47.362865],[8.523164,47.362507],[8.523218,47.36202],[8.52342,47.361104],[8.523541,47.360579],[8.523605,47.360431],[8.523722,47.360273]]}},{"type":"Feature","properties":{},"geometry":{"type":"LineString","coordinates":[[8.52224,47.363149],[8.522294,47.362963]]}},{"type":"Feature","properties":{},"geometry":{"type":"LineString","coordinates":[[8.523199,47.363932],[8.522294,47.362963]]}},{"type":"Feature","properties":{},"geometry":{"type":"LineString","coordinates":[[8.484357,47.375667],[8.484408,47.375584],[8.484483,47.375481],[8.484549,47.375386]]}},{"type":"Feature","properties":{},"geometry":{"type":"LineString","coordinates":[[8.4869,47.375564],[8.486489,47.375509]]}},{"type":"Feature","properties":{},"geometry":{"type":"LineString","coordinates":[[8.487428,47.384793],[8.487277,47.384351]]}},{"type":"Feature","properties":{},"geometry":{"type":"LineString","coordinates":[[8.487774,47.392414],[8.487753,47.392411],[8.487732,47.39241],[8.48771,47.392409],[8.487688,47.39241],[8.487667,47.392411],[8.487645,47.392413],[8.487624,47.392417],[8.487604,47.392421],[8.487371,47.392465],[8.486794,47.392605]]}},{"type":"Feature","properties":{},"geometry":{"type":"LineString","coordinates":[[8.487534,47.385103],[8.487428,47.384793]]}},{"type":"Feature","properties":{},"geometry":{"type":"LineString","coordinates":[[8.488982,47.389007],[8.488682,47.388268]]}},{"type":"Feature","properties":{},"geometry":{"type":"LineString","coordinates":[[8.48828,47.387268],[8.488231,47.38714],[8.488094,47.386739]]}},{"type":"Feature","properties":{},"geometry":{"type":"LineString","coordinates":[[8.488094,47.386739],[8.488057,47.386629],[8.487534,47.385103]]}},{"type":"Feature","properties":{},"geometry":{"type":"LineString","coordinates":[[8.488682,47.388268],[8.488341,47.387431],[8.48828,47.387268]]}},{"type":"Feature","properties":{},"geometry":{"type":"LineString","coordinates":[[8.540282,47.40873],[8.539572,47.408962]]}},{"type":"Feature","properties":{},"geometry":{"type":"LineString","coordinates":[[8.541192,47.408432],[8.540282,47.40873]]}},{"type":"Feature","properties":{},"geometry":{"type":"LineString","coordinates":[[8.538568,47.409293],[8.538233,47.409405]]}},{"type":"Feature","properties":{},"geometry":{"type":"LineString","coordinates":[[8.538651,47.407874],[8.538717,47.407985],[8.538784,47.408096],[8.53883,47.408165],[8.538878,47.408234],[8.538927,47.408302],[8.538978,47.40837],[8.53903,47.408438],[8.539084,47.408505],[8.539139,47.408571],[8.539196,47.408637],[8.539238,47.40868],[8.539282,47.408723],[8.539327,47.408764],[8.539373,47.408805],[8.539421,47.408845],[8.53947,47.408885],[8.539521,47.408924],[8.539572,47.408962]]}},{"type":"Feature","properties":{},"geometry":{"type":"LineString","coordinates":[[8.486794,47.392605],[8.48617,47.392756],[8.484716,47.393062],[8.483693,47.393322],[8.483475,47.393377]]}},{"type":"Feature","properties":{},"geometry":{"type":"LineString","coordinates":[[8.534157,47.342001],[8.534181,47.341971],[8.534268,47.341854],[8.534504,47.341517],[8.534552,47.341445],[8.534595,47.341373],[8.534635,47.341299],[8.53467,47.341224]]}},{"type":"Feature","properties":{},"geometry":{"type":"LineString","coordinates":[[8.527009,47.358451],[8.527008,47.358331],[8.527008,47.358263]]}},{"type":"Feature","properties":{},"geometry":{"type":"LineString","coordinates":[[8.525941,47.35907],[8.526079,47.358227],[8.526088,47.358074]]}},{"type":"Feature","properties":{},"geometry":{"type":"LineString","coordinates":[[8.526496,47.361998],[8.526479,47.361957],[8.526466,47.361915],[8.526457,47.361872],[8.526452,47.361829],[8.526451,47.361786],[8.526454,47.361743],[8.526461,47.3617],[8.526472,47.361658],[8.526542,47.36128],[8.526524,47.361238],[8.526674,47.360431]]}},{"type":"Feature","properties":{},"geometry":{"type":"LineString","coordinates":[[8.487241,47.37482],[8.487285,47.374784],[8.487333,47.374751],[8.487385,47.374721],[8.48744,47.374693],[8.487497,47.374668],[8.487558,47.374646],[8.487621,47.374627],[8.487686,47.374612],[8.488099,47.374527],[8.488185,47.374507],[8.488269,47.374484],[8.488352,47.374457],[8.488432,47.374427]]}},{"type":"Feature","properties":{},"geometry":{"type":"LineString","coordinates":[[8.485489,47.375374],[8.484549,47.375386]]}},{"type":"Feature","properties":{},"geometry":{"type":"LineString","coordinates":[[8.486489,47.375509],[8.485489,47.375374]]}},{"type":"Feature","properties":{},"geometry":{"type":"LineString","coordinates":[[8.486039,47.378345],[8.485849,47.378162],[8.485482,47.37788],[8.485181,47.377584],[8.485114,47.377523]]}},{"type":"Feature","properties":{},"geometry":{"type":"LineString","coordinates":[[8.494015,47.397884],[8.493812,47.397337],[8.493767,47.397232],[8.493755,47.397199],[8.493742,47.397167],[8.493726,47.397135],[8.493709,47.397103],[8.49369,47.397072],[8.493669,47.397041],[8.493647,47.397011],[8.493623,47.396982]]}},{"type":"Feature","properties":{},"geometry":{"type":"LineString","coordinates":[[8.483475,47.393377],[8.479306,47.394474],[8.476706,47.395175],[8.475806,47.395417]]}},{"type":"Feature","properties":{},"geometry":{"type":"LineString","coordinates":[[8.49094,47.394777],[8.490755,47.394622],[8.490313,47.394282]]}},{"type":"Feature","properties":{},"geometry":{"type":"LineString","coordinates":[[8.493623,47.396982],[8.493583,47.396934],[8.493541,47.396887],[8.493498,47.39684],[8.493454,47.396794],[8.493409,47.396749],[8.493363,47.396703],[8.493316,47.396659],[8.493268,47.396615],[8.491207,47.395],[8.49094,47.394777]]}},{"type":"Feature","properties":{},"geometry":{"type":"LineString","coordinates":[[8.530502,47.40306],[8.530513,47.403137],[8.530523,47.403213],[8.53053,47.40329],[8.530536,47.403367]]}},{"type":"Feature","properties":{},"geometry":{"type":"LineString","coordinates":[[8.531699,47.401156],[8.531674,47.401206],[8.531648,47.401256],[8.531621,47.401305],[8.531592,47.401354],[8.531561,47.401403],[8.53153,47.401451],[8.531497,47.401499],[8.531463,47.401546],[8.531427,47.401593],[8.53139,47.401639],[8.531352,47.401685],[8.531313,47.401731],[8.531272,47.401775],[8.53123,47.40182],[8.531187,47.401864],[8.531143,47.401907],[8.53073,47.402308],[8.530697,47.40234],[8.530666,47.402373],[8.530637,47.402407],[8.530611,47.402441],[8.530587,47.402477],[8.530565,47.402513],[8.530546,47.40255],[8.530529,47.402587],[8.530514,47.402625],[8.530502,47.402663],[8.530493,47.402702],[8.530485,47.40274],[8.530481,47.402779],[8.530479,47.402818],[8.53048,47.402857],[8.530483,47.402896],[8.530502,47.40306]]}},{"type":"Feature","properties":{},"geometry":{"type":"LineString","coordinates":[[8.534363,47.346548],[8.534373,47.345865],[8.534384,47.345726],[8.534399,47.345587],[8.534456,47.345258],[8.534473,47.345158]]}},{"type":"Feature","properties":{},"geometry":{"type":"LineString","coordinates":[[8.535246,47.340096],[8.53576,47.339261]]}},{"type":"Feature","properties":{},"geometry":{"type":"LineString","coordinates":[[8.524653,47.342256],[8.524721,47.340956]]}},{"type":"Feature","properties":{},"geometry":{"type":"LineString","coordinates":[[8.53467,47.341224],[8.534739,47.341072],[8.534764,47.341014]]}},{"type":"Feature","properties":{},"geometry":{"type":"LineString","coordinates":[[8.534764,47.341014],[8.5348,47.340918],[8.534883,47.340721],[8.534915,47.340653],[8.534949,47.340585],[8.534987,47.340518],[8.535026,47.340451],[8.535246,47.340096]]}},{"type":"Feature","properties":{},"geometry":{"type":"LineString","coordinates":[[8.52294,47.340197],[8.522846,47.340139],[8.522755,47.340079],[8.522668,47.340017],[8.522584,47.339952],[8.522504,47.339886],[8.522428,47.339817],[8.522356,47.339746],[8.522288,47.339673],[8.52225,47.339616],[8.522216,47.339558],[8.522187,47.339498],[8.522161,47.339438],[8.52214,47.339377],[8.522123,47.339315],[8.52211,47.339253],[8.522102,47.339191],[8.52208,47.339069],[8.522069,47.339008],[8.522052,47.338947],[8.52203,47.338887],[8.522003,47.338828],[8.521841,47.338565]]}},{"type":"Feature","properties":{},"geometry":{"type":"LineString","coordinates":[[8.51938,47.343169],[8.51916,47.340715]]}},{"type":"Feature","properties":{},"geometry":{"type":"LineString","coordinates":[[8.4869,47.375564],[8.48699,47.37529],[8.487082,47.375036],[8.487094,47.375007],[8.487109,47.374978],[8.487126,47.37495],[8.487145,47.374923],[8.487166,47.374896],[8.487189,47.37487],[8.487214,47.374844],[8.487241,47.37482]]}},{"type":"Feature","properties":{},"geometry":{"type":"LineString","coordinates":[[8.488871,47.393111],[8.487927,47.392467]]}},{"type":"Feature","properties":{},"geometry":{"type":"LineString","coordinates":[[8.475806,47.395417],[8.471615,47.396548],[8.471155,47.396656],[8.468846,47.397278],[8.468858,47.397298],[8.468282,47.397454],[8.468194,47.397484],[8.468137,47.397512],[8.468082,47.397531],[8.468026,47.397549],[8.46797,47.397566],[8.467912,47.397581],[8.467663,47.39765],[8.466737,47.397899],[8.465591,47.398191],[8.465178,47.3983]]}},{"type":"Feature","properties":{},"geometry":{"type":"LineString","coordinates":[[8.494662,47.392223],[8.494609,47.392223],[8.494556,47.392221],[8.494503,47.392217],[8.49445,47.392212],[8.494369,47.3922],[8.494287,47.39219],[8.494205,47.392182],[8.494122,47.392176],[8.49404,47.392172],[8.493957,47.39217],[8.493873,47.39217],[8.49379,47.392172],[8.493526,47.392171],[8.493431,47.392169],[8.493337,47.392168],[8.493242,47.392168],[8.493148,47.392169],[8.492984,47.392173],[8.492821,47.392181],[8.492658,47.392191],[8.492496,47.392205]]}},{"type":"Feature","properties":{},"geometry":{"type":"LineString","coordinates":[[8.490972,47.392537],[8.490852,47.39257],[8.489928,47.392823]]}},{"type":"Feature","properties":{},"geometry":{"type":"LineString","coordinates":[[8.483032,47.408749],[8.482964,47.408779],[8.482894,47.408807],[8.482822,47.408833],[8.48275,47.408858],[8.482676,47.408882],[8.482601,47.408903],[8.482525,47.408923],[8.482448,47.408942],[8.481888,47.409073],[8.481798,47.409095],[8.481708,47.409118],[8.481619,47.409142],[8.481531,47.409167],[8.481444,47.409193],[8.481357,47.409221],[8.481271,47.409249],[8.481186,47.409279],[8.481087,47.409314],[8.48099,47.409352],[8.480895,47.40939],[8.480801,47.409431],[8.480708,47.409473],[8.480617,47.409517],[8.480528,47.409562],[8.480441,47.409609],[8.48035,47.409665],[8.480256,47.409719],[8.480159,47.40977],[8.480059,47.409819],[8.479957,47.409865],[8.479853,47.409909],[8.479746,47.40995],[8.479637,47.409989]]}},{"type":"Feature","properties":{},"geometry":{"type":"LineString","coordinates":[[8.484836,47.407938],[8.484814,47.407947],[8.484317,47.408154],[8.483981,47.408306],[8.483188,47.408676]]}},{"type":"Feature","properties":{},"geometry":{"type":"LineString","coordinates":[[8.527007,47.357411],[8.527019,47.357277],[8.527016,47.356958],[8.527005,47.356651],[8.526987,47.356414]]}},{"type":"Feature","properties":{},"geometry":{"type":"LineString","coordinates":[[8.502802,47.392531],[8.502407,47.392319],[8.502362,47.392295],[8.502315,47.392273],[8.502267,47.392252],[8.502218,47.392233],[8.502167,47.392215],[8.502115,47.392199],[8.502062,47.392185],[8.502008,47.392172],[8.501954,47.392161],[8.501898,47.392152],[8.501842,47.392145],[8.501786,47.39214],[8.501729,47.392136],[8.501672,47.392134],[8.501615,47.392134],[8.501558,47.392136],[8.49582,47.392158]]}},{"type":"Feature","properties":{},"geometry":{"type":"LineString","coordinates":[[8.522837,47.349321],[8.522719,47.349219],[8.522596,47.349118],[8.522469,47.349019],[8.522339,47.348923],[8.522046,47.348712],[8.521925,47.348625],[8.521475,47.348303],[8.521178,47.34809],[8.520831,47.347841],[8.520602,47.34768],[8.520372,47.347519],[8.519849,47.347142],[8.519767,47.347087],[8.519689,47.34703],[8.519613,47.346971],[8.519541,47.346911],[8.519472,47.346848],[8.519406,47.346784],[8.519344,47.346719],[8.519286,47.346651],[8.519247,47.346604],[8.51921,47.346556],[8.519175,47.346507],[8.519142,47.346458],[8.519111,47.346408],[8.519081,47.346358],[8.519053,47.346307],[8.519028,47.346255],[8.519006,47.346209],[8.518986,47.346162],[8.518968,47.346115],[8.518952,47.346068],[8.518937,47.34602],[8.518923,47.345972],[8.518911,47.345924],[8.518901,47.345876],[8.518891,47.345813],[8.518883,47.345749],[8.518877,47.345685],[8.518874,47.345622],[8.518878,47.345531],[8.518885,47.345441],[8.518896,47.345351],[8.518911,47.345261],[8.518932,47.345161],[8.518959,47.345061],[8.51899,47.344961],[8.519026,47.344863],[8.519176,47.344444],[8.519217,47.344311],[8.519254,47.344178],[8.519288,47.344045],[8.519318,47.343911],[8.519344,47.343777],[8.519366,47.343643],[8.519384,47.343508],[8.519399,47.343373]]}},{"type":"Feature","properties":{},"geometry":{"type":"LineString","coordinates":[[8.524857,47.352161],[8.524777,47.35193],[8.524709,47.351801],[8.524694,47.351773],[8.524612,47.351624],[8.524488,47.351396],[8.524417,47.351264],[8.524343,47.351134],[8.524265,47.351004],[8.524184,47.350876],[8.524099,47.350748],[8.524011,47.350622],[8.523919,47.350496],[8.523824,47.350372],[8.523742,47.35027],[8.523658,47.350169],[8.523571,47.350068],[8.523481,47.349969],[8.523389,47.349871],[8.523294,47.349774],[8.523198,47.349678],[8.523098,47.349583],[8.52287,47.349384],[8.522837,47.349321]]}},{"type":"Feature","properties":{},"geometry":{"type":"LineString","coordinates":[[8.522281,47.34823],[8.521872,47.347937],[8.521498,47.347669],[8.521318,47.347539],[8.521172,47.347433],[8.521028,47.347324],[8.52091,47.347232],[8.520794,47.347138],[8.520731,47.347086],[8.52067,47.347033],[8.520611,47.346979],[8.520553,47.346925],[8.520497,47.34687],[8.520442,47.346814],[8.520389,47.346757],[8.520338,47.3467],[8.52026,47.346607],[8.520185,47.346514],[8.520115,47.346418],[8.520049,47.346322],[8.520003,47.34625],[8.51996,47.346178],[8.519921,47.346105],[8.519885,47.34603],[8.519853,47.345955],[8.519825,47.34588],[8.519801,47.345803],[8.51978,47.345727]]}},{"type":"Feature","properties":{},"geometry":{"type":"LineString","coordinates":[[8.485114,47.377523],[8.48488,47.377278],[8.484658,47.3771],[8.484615,47.377028],[8.484738,47.376339],[8.484721,47.376034],[8.484717,47.376005],[8.48471,47.375977],[8.4847,47.375948],[8.484688,47.375921],[8.484673,47.375893],[8.484656,47.375867],[8.484635,47.375841],[8.484613,47.375817],[8.484588,47.375793],[8.484561,47.375771],[8.484531,47.37575],[8.4845,47.37573],[8.484467,47.375712],[8.484432,47.375695],[8.484395,47.37568],[8.484357,47.375667]]}},{"type":"Feature","properties":{},"geometry":{"type":"LineString","coordinates":[[8.521813,47.368676],[8.521522,47.368641],[8.521225,47.368636],[8.521074,47.368635]]}},{"type":"Feature","properties":{},"geometry":{"type":"LineString","coordinates":[[8.519571,47.368781],[8.51953,47.368793],[8.519487,47.368802],[8.519443,47.368808],[8.519399,47.36881],[8.519354,47.368809],[8.51931,47.368804],[8.519267,47.368797],[8.519225,47.368786],[8.519005,47.368727],[8.518734,47.368668]]}},{"type":"Feature","properties":{},"geometry":{"type":"LineString","coordinates":[[8.486517,47.407476],[8.486331,47.407534],[8.486141,47.407588],[8.48593,47.407643],[8.485465,47.407759],[8.484922,47.407913],[8.484836,47.407938]]}},{"type":"Feature","properties":{},"geometry":{"type":"LineString","coordinates":[[8.48669,47.407398],[8.486517,47.407476]]}},{"type":"Feature","properties":{},"geometry":{"type":"LineString","coordinates":[[8.487711,47.406879],[8.487004,47.40727],[8.486927,47.407304],[8.486849,47.407336],[8.48677,47.407368],[8.48669,47.407398]]}},{"type":"Feature","properties":{},"geometry":{"type":"LineString","coordinates":[[8.488802,47.405896],[8.488743,47.405938],[8.488687,47.405982],[8.488634,47.406028],[8.488583,47.406076],[8.488536,47.406124],[8.488493,47.406175],[8.488452,47.406226],[8.488415,47.406279],[8.488398,47.406312],[8.488379,47.406345],[8.488358,47.406377],[8.488336,47.406408],[8.488313,47.406439],[8.488287,47.40647],[8.488261,47.4065],[8.488233,47.406529],[8.488204,47.406558],[8.488173,47.406586],[8.488141,47.406613],[8.488107,47.40664],[8.488073,47.406665],[8.488037,47.406691],[8.488,47.406715],[8.487961,47.406738],[8.487901,47.406775],[8.487839,47.406811],[8.487776,47.406846],[8.487711,47.406879]]}},{"type":"Feature","properties":{},"geometry":{"type":"LineString","coordinates":[[8.483188,47.408676],[8.483032,47.408749]]}},{"type":"Feature","properties":{},"geometry":{"type":"LineString","coordinates":[[8.539006,47.334525],[8.539951,47.33383],[8.540053,47.333757],[8.540158,47.333686],[8.540273,47.333612],[8.54039,47.33354]]}},{"type":"Feature","properties":{},"geometry":{"type":"LineString","coordinates":[[8.536249,47.337883],[8.536324,47.337774],[8.53649,47.33755],[8.536828,47.337078],[8.537014,47.33683],[8.537388,47.336331],[8.53786,47.335705]]}},{"type":"Feature","properties":{},"geometry":{"type":"LineString","coordinates":[[8.520901,47.337119],[8.520869,47.337094],[8.520835,47.337071],[8.520798,47.33705],[8.520758,47.337031],[8.520716,47.337014],[8.520673,47.336999],[8.520628,47.336987],[8.520582,47.336977]]}},{"type":"Feature","properties":{},"geometry":{"type":"LineString","coordinates":[[8.523722,47.360273],[8.523783,47.359942],[8.52385,47.359632],[8.5241,47.358878],[8.524289,47.358316],[8.524577,47.357457],[8.524643,47.357231],[8.524646,47.357219],[8.524696,47.357003],[8.524733,47.356769],[8.52475,47.356537],[8.524763,47.35623],[8.524783,47.355775],[8.524798,47.355569],[8.524827,47.355367],[8.524873,47.35512],[8.524982,47.354529],[8.525071,47.354045],[8.525111,47.353822],[8.525121,47.353717],[8.525112,47.353605],[8.525114,47.353523],[8.525166,47.353421]]}},{"type":"Feature","properties":{},"geometry":{"type":"LineString","coordinates":[[8.524948,47.366343],[8.524447,47.36664],[8.523547,47.367166],[8.523492,47.367222]]}},{"type":"Feature","properties":{},"geometry":{"type":"LineString","coordinates":[[8.51916,47.340715],[8.519096,47.339928],[8.519089,47.339834],[8.519084,47.33974],[8.519079,47.339646],[8.519076,47.339551],[8.519075,47.339457],[8.519075,47.339363],[8.519076,47.339269],[8.519079,47.339174]]}},{"type":"Feature","properties":{},"geometry":{"type":"LineString","coordinates":[[8.524721,47.340956],[8.524413,47.340951],[8.524032,47.340958],[8.523982,47.340957],[8.523932,47.340953],[8.523883,47.340945],[8.523835,47.340935],[8.523787,47.340922],[8.523741,47.340906],[8.523698,47.340888],[8.523657,47.340867],[8.523619,47.340843],[8.523584,47.340818],[8.523553,47.34079],[8.523525,47.340761],[8.523287,47.340497],[8.52294,47.340197]]}},{"type":"Feature","properties":{},"geometry":{"type":"LineString","coordinates":[[8.53347,47.345019],[8.533773,47.345036],[8.53385,47.345028],[8.533899,47.345018],[8.533947,47.344987],[8.534389,47.345042],[8.53449,47.345062],[8.534473,47.345158]]}},{"type":"Feature","properties":{},"geometry":{"type":"LineString","coordinates":[[8.533204,47.336616],[8.533055,47.336468],[8.53271,47.336188]]}},{"type":"Feature","properties":{},"geometry":{"type":"LineString","coordinates":[[8.524746,47.352796],[8.524766,47.352758],[8.524786,47.35272],[8.524803,47.352681],[8.524818,47.352642],[8.524832,47.352603],[8.524844,47.352564],[8.524854,47.352524],[8.524862,47.352484],[8.524868,47.352444],[8.524872,47.352403],[8.524874,47.352363],[8.524875,47.352322],[8.524873,47.352282],[8.52487,47.352242],[8.524865,47.352202],[8.524857,47.352161]]}},{"type":"Feature","properties":{},"geometry":{"type":"LineString","coordinates":[[8.51978,47.345727],[8.519711,47.345503],[8.519659,47.345275],[8.51959,47.34489],[8.519533,47.34445],[8.519491,47.343998],[8.51946,47.343719],[8.519399,47.343373]]}},{"type":"Feature","properties":{},"geometry":{"type":"LineString","coordinates":[[8.524548,47.34986],[8.522281,47.34823]]}},{"type":"Feature","properties":{},"geometry":{"type":"LineString","coordinates":[[8.519399,47.343373],[8.51938,47.343169]]}},{"type":"Feature","properties":{},"geometry":{"type":"LineString","coordinates":[[8.52715,47.352875],[8.527265,47.352171],[8.527309,47.351826]]}},{"type":"Feature","properties":{},"geometry":{"type":"LineString","coordinates":[[8.527309,47.351826],[8.526934,47.351791]]}},{"type":"Feature","properties":{},"geometry":{"type":"LineString","coordinates":[[8.528854,47.343938],[8.528861,47.343927],[8.528894,47.343865],[8.52893,47.343803],[8.528968,47.343743],[8.529008,47.343683],[8.529039,47.343639],[8.529072,47.343597],[8.529107,47.343554],[8.529143,47.343513],[8.529181,47.343472],[8.529221,47.343432],[8.529262,47.343393],[8.529305,47.343354],[8.529349,47.343317],[8.529395,47.34328],[8.529442,47.343244],[8.52949,47.343208],[8.52954,47.343174],[8.529591,47.343141],[8.529644,47.343108],[8.529698,47.343077],[8.529921,47.342946],[8.529951,47.342925]]}},{"type":"Feature","properties":{},"geometry":{"type":"LineString","coordinates":[[8.516264,47.377781],[8.516149,47.37849],[8.516111,47.37872]]}},{"type":"Feature","properties":{},"geometry":{"type":"LineString","coordinates":[[8.516517,47.376285],[8.516391,47.377008]]}},{"type":"Feature","properties":{},"geometry":{"type":"LineString","coordinates":[[8.518661,47.377647],[8.518592,47.377691],[8.51846,47.377743],[8.518329,47.377797],[8.5182,47.377851],[8.518071,47.377907],[8.517944,47.377965],[8.517818,47.378023],[8.517693,47.378083],[8.517569,47.378143]]}},{"type":"Feature","properties":{},"geometry":{"type":"LineString","coordinates":[[8.517569,47.378143],[8.516781,47.377125],[8.516735,47.377039]]}},{"type":"Feature","properties":{},"geometry":{"type":"LineString","coordinates":[[8.51633,47.377377],[8.516264,47.377781]]}},{"type":"Feature","properties":{},"geometry":{"type":"LineString","coordinates":[[8.534727,47.356513],[8.534709,47.356389],[8.534687,47.356265],[8.534591,47.35602],[8.5345,47.355775],[8.534372,47.35539],[8.534276,47.355047]]}},{"type":"Feature","properties":{},"geometry":{"type":"LineString","coordinates":[[8.519306,47.3774],[8.519114,47.377475],[8.518808,47.377594],[8.518661,47.377647]]}},{"type":"Feature","properties":{},"geometry":{"type":"LineString","coordinates":[[8.516642,47.375641],[8.516597,47.375799],[8.516517,47.376285]]}},{"type":"Feature","properties":{},"geometry":{"type":"LineString","coordinates":[[8.516391,47.377008],[8.51633,47.377377]]}},{"type":"Feature","properties":{},"geometry":{"type":"LineString","coordinates":[[8.516391,47.377008],[8.516735,47.377039]]}},{"type":"Feature","properties":{},"geometry":{"type":"LineString","coordinates":[[8.492496,47.392205],[8.492435,47.392211],[8.492375,47.392217],[8.492314,47.392224],[8.492254,47.392232],[8.492195,47.392242],[8.492135,47.392251],[8.492076,47.392262],[8.492018,47.392274],[8.491478,47.392399],[8.491226,47.392468]]}},{"type":"Feature","properties":{},"geometry":{"type":"LineString","coordinates":[[8.489928,47.392823],[8.488871,47.393111]]}},{"type":"Feature","properties":{},"geometry":{"type":"LineString","coordinates":[[8.49582,47.392158],[8.495767,47.392158],[8.495364,47.392173],[8.495082,47.392191],[8.494884,47.392207],[8.494829,47.392213],[8.494773,47.392217],[8.494718,47.39222],[8.494662,47.392223]]}},{"type":"Feature","properties":{},"geometry":{"type":"LineString","coordinates":[[8.491226,47.392468],[8.490972,47.392537]]}},{"type":"Feature","properties":{},"geometry":{"type":"LineString","coordinates":[[8.48963,47.390623],[8.489673,47.39074]]}},{"type":"Feature","properties":{},"geometry":{"type":"LineString","coordinates":[[8.489729,47.39106],[8.489673,47.39074]]}},{"type":"Feature","properties":{},"geometry":{"type":"LineString","coordinates":[[8.532923,47.344495],[8.532804,47.344405],[8.532682,47.344318],[8.532651,47.344302],[8.53262,47.344287],[8.532588,47.344273],[8.532555,47.34426],[8.532521,47.344247],[8.532487,47.344236],[8.532452,47.344226],[8.532416,47.344216]]}},{"type":"Feature","properties":{},"geometry":{"type":"LineString","coordinates":[[8.532416,47.344216],[8.532578,47.343944],[8.532824,47.343615],[8.533168,47.343356],[8.533236,47.343222],[8.533202,47.343038]]}},{"type":"Feature","properties":{},"geometry":{"type":"LineString","coordinates":[[8.521841,47.338565],[8.521555,47.338047],[8.5215,47.337952],[8.521443,47.337858],[8.521383,47.337765],[8.521321,47.337673],[8.521233,47.337547],[8.521142,47.337421],[8.521049,47.337297],[8.520954,47.337173],[8.520929,47.337146],[8.520901,47.337119]]}},{"type":"Feature","properties":{},"geometry":{"type":"LineString","coordinates":[[8.51976,47.337077],[8.51961,47.337103],[8.51916,47.337213]]}},{"type":"Feature","properties":{},"geometry":{"type":"LineString","coordinates":[[8.520582,47.336977],[8.520532,47.336968],[8.520482,47.336962],[8.52043,47.336958],[8.520379,47.336957],[8.520328,47.336959],[8.520277,47.336964],[8.520226,47.336971],[8.520177,47.336982],[8.5201,47.337004],[8.520023,47.337024],[8.519944,47.337043],[8.519864,47.337059],[8.51976,47.337077]]}},{"type":"Feature","properties":{},"geometry":{"type":"LineString","coordinates":[[8.524412,47.360662],[8.523997,47.36042],[8.523932,47.36038],[8.523864,47.360342],[8.523794,47.360307],[8.523722,47.360273]]}},{"type":"Feature","properties":{},"geometry":{"type":"LineString","coordinates":[[8.523199,47.363932],[8.52313,47.363536],[8.523174,47.363412],[8.523146,47.362935]]}},{"type":"Feature","properties":{},"geometry":{"type":"LineString","coordinates":[[8.524948,47.366343],[8.524889,47.366291],[8.524831,47.366238],[8.524775,47.366184],[8.52472,47.366129]]}},{"type":"Feature","properties":{},"geometry":{"type":"LineString","coordinates":[[8.529951,47.342925],[8.53003,47.342878],[8.530053,47.342848],[8.530618,47.342528],[8.530636,47.34252],[8.530654,47.342512],[8.530674,47.342505],[8.530694,47.3425],[8.530715,47.342497],[8.530736,47.342494],[8.530758,47.342493],[8.530779,47.342494],[8.530801,47.342496],[8.530822,47.342499],[8.530842,47.342504],[8.530862,47.342509],[8.530881,47.342517],[8.530898,47.342525],[8.530915,47.342535],[8.53093,47.342545]]}},{"type":"Feature","properties":{},"geometry":{"type":"LineString","coordinates":[[8.533202,47.343038],[8.533243,47.343023],[8.533282,47.343005],[8.533319,47.342986],[8.533354,47.342965],[8.533387,47.342943],[8.533417,47.342918],[8.533444,47.342893],[8.533469,47.342866],[8.534157,47.342001]]}},{"type":"Feature","properties":{},"geometry":{"type":"LineString","coordinates":[[8.525008,47.343695],[8.524541,47.343468]]}},{"type":"Feature","properties":{},"geometry":{"type":"LineString","coordinates":[[8.526836,47.354797],[8.52689,47.354451],[8.527013,47.353705],[8.527047,47.353499]]}},{"type":"Feature","properties":{},"geometry":{"type":"LineString","coordinates":[[8.53093,47.342545],[8.530926,47.342521],[8.530921,47.342498],[8.530915,47.342474],[8.530908,47.342451],[8.530676,47.341869]]}},{"type":"Feature","properties":{},"geometry":{"type":"LineString","coordinates":[[8.532364,47.337541],[8.53239,47.337488],[8.532419,47.337436],[8.532449,47.337384],[8.532482,47.337334],[8.532517,47.337283],[8.532553,47.337234],[8.532592,47.337185],[8.532632,47.337136]]}},{"type":"Feature","properties":{},"geometry":{"type":"LineString","coordinates":[[8.527868,47.350028],[8.527884,47.349949],[8.527897,47.34987],[8.527909,47.349791],[8.527918,47.349712],[8.527937,47.349533]]}},{"type":"Feature","properties":{},"geometry":{"type":"LineString","coordinates":[[8.528788,47.344066],[8.528854,47.343938]]}},{"type":"Feature","properties":{},"geometry":{"type":"LineString","coordinates":[[8.528059,47.348341],[8.528004,47.348334],[8.52795,47.348324],[8.527897,47.34831],[8.527845,47.348295],[8.527796,47.348276],[8.527749,47.348255],[8.527704,47.348232],[8.527663,47.348206],[8.527536,47.348105],[8.527089,47.34772],[8.527012,47.347641],[8.526981,47.347603],[8.526952,47.347564],[8.526925,47.347525],[8.526901,47.347484],[8.526881,47.347443],[8.526863,47.347401],[8.526847,47.347359],[8.526835,47.347316],[8.526826,47.347273],[8.52682,47.34723],[8.526816,47.347186],[8.526816,47.347143],[8.526819,47.347099],[8.526825,47.347056],[8.526833,47.347013],[8.526845,47.34697],[8.526855,47.346936]]}},{"type":"Feature","properties":{},"geometry":{"type":"LineString","coordinates":[[8.526016,47.354383],[8.526055,47.354329],[8.526119,47.354142],[8.52633,47.353502],[8.526349,47.353446]]}},{"type":"Feature","properties":{},"geometry":{"type":"LineString","coordinates":[[8.526659,47.344436],[8.526449,47.344384],[8.525683,47.344019]]}},{"type":"Feature","properties":{},"geometry":{"type":"LineString","coordinates":[[8.527937,47.349533],[8.528043,47.348507],[8.528059,47.348341]]}},{"type":"Feature","properties":{},"geometry":{"type":"LineString","coordinates":[[8.528788,47.344066],[8.528662,47.344029],[8.527746,47.344024],[8.527551,47.34406]]}},{"type":"Feature","properties":{},"geometry":{"type":"LineString","coordinates":[[8.516642,47.375641],[8.516313,47.37546],[8.515524,47.375017]]}},{"type":"Feature","properties":{},"geometry":{"type":"LineString","coordinates":[[8.512246,47.373181],[8.512087,47.373092],[8.511673,47.372859],[8.511139,47.37256]]}},{"type":"Feature","properties":{},"geometry":{"type":"LineString","coordinates":[[8.514634,47.374517],[8.514422,47.374398]]}},{"type":"Feature","properties":{},"geometry":{"type":"LineString","coordinates":[[8.511139,47.37256],[8.510942,47.37245],[8.510392,47.372141]]}},{"type":"Feature","properties":{},"geometry":{"type":"LineString","coordinates":[[8.514422,47.374398],[8.513509,47.373888]]}},{"type":"Feature","properties":{},"geometry":{"type":"LineString","coordinates":[[8.513509,47.373888],[8.512406,47.37327],[8.512246,47.373181]]}},{"type":"Feature","properties":{},"geometry":{"type":"LineString","coordinates":[[8.510392,47.372141],[8.510367,47.371955],[8.510212,47.37108],[8.510202,47.371028]]}},{"type":"Feature","properties":{},"geometry":{"type":"LineString","coordinates":[[8.515524,47.375017],[8.514724,47.374571],[8.514634,47.374517]]}},{"type":"Feature","properties":{},"geometry":{"type":"LineString","coordinates":[[8.513936,47.374979],[8.513488,47.375274]]}},{"type":"Feature","properties":{},"geometry":{"type":"LineString","coordinates":[[8.513488,47.375274],[8.512681,47.375805],[8.512581,47.375871]]}},{"type":"Feature","properties":{},"geometry":{"type":"LineString","coordinates":[[8.510685,47.377017],[8.509601,47.377614]]}},{"type":"Feature","properties":{},"geometry":{"type":"LineString","coordinates":[[8.514634,47.374517],[8.514547,47.374576],[8.513936,47.374979]]}},{"type":"Feature","properties":{},"geometry":{"type":"LineString","coordinates":[[8.511624,47.376506],[8.510685,47.377017]]}},{"type":"Feature","properties":{},"geometry":{"type":"LineString","coordinates":[[8.511624,47.376506],[8.511991,47.376203],[8.512419,47.375917],[8.512581,47.375871]]}},{"type":"Feature","properties":{},"geometry":{"type":"LineString","coordinates":[[8.520645,47.37685],[8.520021,47.377092],[8.519946,47.377175],[8.519399,47.377387],[8.519306,47.3774]]}},{"type":"Feature","properties":{},"geometry":{"type":"LineString","coordinates":[[8.524298,47.374509],[8.52436,47.374578],[8.524424,47.374645],[8.52469,47.375016]]}},{"type":"Feature","properties":{},"geometry":{"type":"LineString","coordinates":[[8.48802,47.391531],[8.489627,47.391086],[8.489729,47.39106]]}},{"type":"Feature","properties":{},"geometry":{"type":"LineString","coordinates":[[8.48802,47.391531],[8.487639,47.391811],[8.487927,47.392467]]}},{"type":"Feature","properties":{},"geometry":{"type":"LineString","coordinates":[[8.48963,47.390623],[8.489586,47.390484],[8.489044,47.389156],[8.488982,47.389007]]}},{"type":"Feature","properties":{},"geometry":{"type":"LineString","coordinates":[[8.532419,47.342936],[8.532512,47.342965],[8.532886,47.343064],[8.532907,47.343069],[8.532928,47.343073],[8.53295,47.343077],[8.532972,47.343078],[8.532994,47.343079],[8.533016,47.343079],[8.533038,47.343077],[8.53306,47.343074],[8.533097,47.343067],[8.533133,47.343059],[8.533168,47.343049],[8.533202,47.343038]]}},{"type":"Feature","properties":{},"geometry":{"type":"LineString","coordinates":[[8.519092,47.33872],[8.5191,47.33861],[8.519111,47.3385],[8.519122,47.338389],[8.519135,47.338279],[8.519236,47.337568],[8.519243,47.337522],[8.519245,47.337477],[8.519242,47.337432],[8.519235,47.337387],[8.519223,47.337342],[8.519207,47.337298],[8.519186,47.337255],[8.51916,47.337213]]}},{"type":"Feature","properties":{},"geometry":{"type":"LineString","coordinates":[[8.519079,47.339174],[8.519092,47.33872]]}},{"type":"Feature","properties":{},"geometry":{"type":"LineString","coordinates":[[8.519244,47.335116],[8.519292,47.335057],[8.519309,47.335021],[8.519324,47.334985],[8.519338,47.334949],[8.519351,47.334912],[8.519362,47.334875],[8.519372,47.334838],[8.519381,47.334801],[8.519388,47.334764],[8.519394,47.334727],[8.519399,47.334689],[8.519402,47.334652],[8.519404,47.334614],[8.519405,47.334577],[8.519404,47.334539],[8.519401,47.334502],[8.519398,47.334465],[8.519393,47.334417],[8.519386,47.334369],[8.519377,47.334321],[8.519366,47.334274],[8.519354,47.334226],[8.519339,47.334179],[8.519323,47.334133],[8.519304,47.334086],[8.519284,47.33404],[8.519262,47.333995],[8.519237,47.333949],[8.519211,47.333905],[8.519184,47.33386],[8.519154,47.333817],[8.519123,47.333774],[8.51909,47.333731]]}},{"type":"Feature","properties":{},"geometry":{"type":"LineString","coordinates":[[8.518347,47.332973],[8.518059,47.33264],[8.517804,47.332416],[8.517407,47.332038],[8.517163,47.331816],[8.517126,47.33178],[8.51709,47.331744],[8.517056,47.331707],[8.517022,47.33167],[8.51699,47.331632],[8.516959,47.331594],[8.516929,47.331555],[8.516901,47.331516],[8.516874,47.331476],[8.516848,47.331436],[8.516824,47.331396],[8.516801,47.331355],[8.516779,47.331314],[8.516759,47.331272],[8.51674,47.33123],[8.516723,47.331188]]}},{"type":"Feature","properties":{},"geometry":{"type":"LineString","coordinates":[[8.51909,47.333731],[8.519033,47.333665],[8.518762,47.333367],[8.518347,47.332973]]}},{"type":"Feature","properties":{},"geometry":{"type":"LineString","coordinates":[[8.518219,47.336174],[8.518228,47.336128],[8.518241,47.336082],[8.51826,47.336036],[8.518283,47.335992],[8.518311,47.335949],[8.518343,47.335908],[8.51838,47.335868],[8.518421,47.33583],[8.518536,47.335748],[8.518648,47.335664],[8.518757,47.335577],[8.518862,47.335489],[8.518963,47.335398],[8.519061,47.335306],[8.519154,47.335212],[8.519244,47.335116]]}},{"type":"Feature","properties":{},"geometry":{"type":"LineString","coordinates":[[8.51806,47.363065],[8.518016,47.363077],[8.517971,47.363088],[8.517926,47.363097],[8.517881,47.363106],[8.517835,47.363114],[8.517789,47.363122],[8.517743,47.363128],[8.517696,47.363133],[8.517649,47.363137],[8.517602,47.363141],[8.517555,47.363143],[8.517508,47.363145],[8.517461,47.363145],[8.517414,47.363145],[8.517367,47.363144],[8.517319,47.363141]]}},{"type":"Feature","properties":{},"geometry":{"type":"LineString","coordinates":[[8.52224,47.363149],[8.521069,47.362705],[8.521009,47.362687],[8.520948,47.362672],[8.520885,47.362659],[8.520822,47.362648],[8.520757,47.36264],[8.520692,47.362634],[8.520627,47.362631],[8.520562,47.36263],[8.519761,47.362595],[8.519698,47.362594],[8.519636,47.362597],[8.519574,47.362602],[8.519512,47.362611],[8.519452,47.362623],[8.519393,47.362637],[8.519336,47.362655],[8.519281,47.362675],[8.519057,47.362747]]}},{"type":"Feature","properties":{},"geometry":{"type":"LineString","coordinates":[[8.52472,47.366129],[8.524603,47.366026],[8.524489,47.365921],[8.524379,47.365813],[8.524274,47.365704],[8.524172,47.365593],[8.524074,47.365481],[8.523981,47.365367],[8.523892,47.365251],[8.523807,47.365134],[8.523726,47.365015],[8.52365,47.364895],[8.523578,47.364774],[8.523511,47.364651],[8.523448,47.364528],[8.52339,47.364403],[8.523336,47.364278],[8.523236,47.364141],[8.523199,47.363932]]}},{"type":"Feature","properties":{},"geometry":{"type":"LineString","coordinates":[[8.539433,47.410369],[8.539359,47.410232],[8.538233,47.409405]]}},{"type":"Feature","properties":{},"geometry":{"type":"LineString","coordinates":[[8.541858,47.376023],[8.543493,47.375825]]}},{"type":"Feature","properties":{},"geometry":{"type":"LineString","coordinates":[[8.543493,47.375825],[8.543528,47.375942]]}},{"type":"Feature","properties":{"nr":17,"name":"Juchhof - Vulkanstrasse - Bahnhof Altstetten","abschnitt":"Stadtgrenze (Schlieren) - Bhf Altstetten","beschriftung":1},"geometry":{"coordinates":[[[8.487927,47.392467],[8.48791,47.392457],[8.487893,47.392448],[8.487875,47.39244],[8.487856,47.392433],[8.487836,47.392427],[8.487816,47.392422],[8.487795,47.392417],[8.487774,47.392414],[8.487753,47.392411],[8.487732,47.39241],[8.48771,47.392409],[8.487688,47.39241],[8.487667,47.392411],[8.487645,47.392413],[8.487624,47.392417],[8.487604,47.392421],[8.487371,47.392465],[8.486794,47.392605],[8.48617,47.392756],[8.484716,47.393062],[8.483693,47.393322],[8.483475,47.393377],[8.479306,47.394474],[8.476706,47.395175],[8.475806,47.395417],[8.471615,47.396548],[8.471155,47.396656],[8.468846,47.397278],[8.468858,47.397298],[8.468282,47.397454],[8.468194,47.397484],[8.468137,47.397512],[8.468082,47.397531],[8.468026,47.397549],[8.46797,47.397566],[8.467912,47.397581],[8.467663,47.39765],[8.466737,47.397899],[8.465591,47.398191],[8.465178,47.3983]]],"type":"MultiLineString"}},{"type":"Feature","properties":{"nr":19,"name":"Letzigraben - Sihlhölzli","abschnitt":"Letzigraben - Sihl","beschriftung":1},"geometry":{"coordinates":[[[8.524948,47.366343],[8.524447,47.36664],[8.523547,47.367166],[8.523492,47.367222],[8.523382,47.367336],[8.523277,47.367437],[8.522723,47.367909],[8.522662,47.367962],[8.522186,47.368368],[8.52216,47.36839],[8.521982,47.368533],[8.5219,47.368599],[8.521813,47.368676],[8.521369,47.368984],[8.521143,47.369141],[8.521014,47.36923],[8.520391,47.369662],[8.520315,47.369694],[8.519999,47.369953],[8.519814,47.37015],[8.519352,47.37067],[8.519158,47.37087],[8.518785,47.371304],[8.518654,47.371434],[8.518277,47.371799],[8.518171,47.371906],[8.517529,47.372557],[8.516928,47.373003],[8.516676,47.373169],[8.515768,47.37377],[8.515152,47.374176],[8.514951,47.374307],[8.514634,47.374517],[8.514547,47.374576],[8.513936,47.374979],[8.513488,47.375274],[8.512681,47.375805],[8.512581,47.375871],[8.512419,47.375917],[8.511991,47.376203],[8.511624,47.376506],[8.510685,47.377017],[8.509601,47.377614],[8.509082,47.377908],[8.509037,47.377936],[8.508994,47.377965],[8.508953,47.377996],[8.508913,47.378028],[8.508647,47.377975],[8.508381,47.377919],[8.508117,47.377861],[8.507853,47.3778],[8.507538,47.377926],[8.506526,47.37849],[8.506492,47.378507],[8.506458,47.378522],[8.506422,47.378537],[8.506386,47.37855],[8.506349,47.378563],[8.506311,47.378575],[8.506272,47.378585],[8.506233,47.378595],[8.506194,47.378603],[8.506153,47.378611],[8.506113,47.378617],[8.506072,47.378622],[8.506031,47.378626],[8.50599,47.378629],[8.505948,47.378631],[8.505907,47.378631],[8.503536,47.378532],[8.500806,47.378424],[8.500734,47.37842],[8.500663,47.378418],[8.500591,47.378419],[8.50052,47.378421],[8.500448,47.378425],[8.500377,47.378432],[8.500307,47.37844],[8.500237,47.378451],[8.500168,47.378464],[8.5001,47.378479],[8.500032,47.378496],[8.499966,47.378514],[8.499902,47.378535],[8.499838,47.378558],[8.499776,47.378582],[8.499716,47.378609]]],"type":"MultiLineString"}},{"type":"Feature","properties":{"nr":2,"name":"Katzenbach - Seebach - Schwamendingen","abschnitt":"Stadtgrenze (Büsisee) - Herbstweg","beschriftung":1},"geometry":{"coordinates":[[[8.512371,47.430609],[8.512665,47.43018],[8.512696,47.430123],[8.512621,47.430059],[8.512304,47.429976],[8.512176,47.42992],[8.512144,47.429871],[8.512206,47.429827],[8.512513,47.429742],[8.512718,47.429665],[8.512786,47.429393],[8.512884,47.429014],[8.513131,47.428283],[8.51332,47.427702],[8.513412,47.427458],[8.513431,47.427408],[8.513453,47.427359],[8.513479,47.427311],[8.513509,47.427264],[8.513541,47.427217],[8.513578,47.427172],[8.513617,47.427129],[8.513659,47.427086],[8.514711,47.426204],[8.514821,47.426116],[8.514929,47.426028],[8.515037,47.42594],[8.515144,47.42585],[8.515193,47.425811],[8.515243,47.425773],[8.515295,47.425735],[8.515349,47.425699],[8.515404,47.425663],[8.51546,47.425629],[8.515518,47.425596],[8.515577,47.425563],[8.515634,47.425533],[8.515691,47.425504],[8.51575,47.425475],[8.51581,47.425447],[8.51587,47.425421],[8.515932,47.425395],[8.515994,47.42537],[8.516058,47.425347],[8.516126,47.425324],[8.516195,47.425303],[8.516266,47.425285],[8.516338,47.425268],[8.516411,47.425254],[8.516484,47.425242],[8.516559,47.425232],[8.516634,47.425224],[8.517157,47.425181],[8.517172,47.42518],[8.517186,47.425181],[8.517199,47.425186],[8.51721,47.425192],[8.517215,47.425203],[8.517218,47.425214],[8.517218,47.425226],[8.517216,47.425237],[8.51732,47.42484],[8.517333,47.42478],[8.517341,47.42472],[8.517344,47.424659],[8.517342,47.424598],[8.517334,47.424538],[8.517321,47.424478],[8.517303,47.424419],[8.517279,47.42436],[8.51719,47.424145],[8.517129,47.424022],[8.516978,47.423793],[8.516937,47.423754],[8.516895,47.423716],[8.516851,47.423678],[8.516806,47.423641],[8.51676,47.423605],[8.516713,47.42357],[8.516664,47.423535],[8.516613,47.423502],[8.516553,47.423466],[8.516492,47.423431],[8.516041,47.423195],[8.515988,47.423168],[8.515786,47.423062],[8.515583,47.422947],[8.515457,47.422868],[8.515328,47.422781],[8.515257,47.422727],[8.515188,47.422671],[8.515123,47.422613],[8.515062,47.422554],[8.515025,47.422516],[8.514752,47.422205],[8.514424,47.421801],[8.51438,47.421749],[8.514334,47.421697],[8.514287,47.421645],[8.514238,47.421594],[8.51374,47.42107],[8.513669,47.420977],[8.513839,47.420538],[8.513978,47.420235]],[[8.542157,47.425479],[8.542911,47.42497],[8.54296,47.424933],[8.543011,47.424898],[8.543064,47.424865],[8.54312,47.424833],[8.543178,47.424803],[8.543238,47.424776],[8.543299,47.42475],[8.543363,47.424726],[8.543421,47.42469],[8.543164,47.424296],[8.543205,47.424235],[8.544039,47.423943],[8.544845,47.423656],[8.544949,47.42362],[8.545052,47.423582],[8.545154,47.423544],[8.545256,47.423505],[8.545357,47.423465],[8.545457,47.423424],[8.545556,47.423382],[8.545654,47.423339],[8.545752,47.423296],[8.545849,47.423252],[8.545945,47.423206],[8.54604,47.42316],[8.546134,47.423113],[8.546228,47.423066],[8.54632,47.423017],[8.546412,47.422968],[8.547122,47.422563],[8.548902,47.421536],[8.549661,47.421178],[8.549919,47.421067],[8.550014,47.421031],[8.550126,47.420992],[8.55026,47.42095],[8.550329,47.420932],[8.550398,47.420914],[8.550468,47.420897],[8.550538,47.420881],[8.550609,47.420865],[8.55068,47.420851],[8.550751,47.420838],[8.550823,47.420825],[8.550895,47.420814],[8.551334,47.420739],[8.551483,47.420714],[8.551688,47.420677],[8.552511,47.420529],[8.552675,47.420497],[8.552725,47.420486],[8.552775,47.420478],[8.552826,47.42047],[8.552877,47.420464],[8.552929,47.42046],[8.552981,47.420457],[8.553033,47.420456],[8.553085,47.420456],[8.553137,47.420455],[8.553189,47.420454],[8.553241,47.42045],[8.553292,47.420445],[8.553343,47.420438],[8.553394,47.42043],[8.553444,47.42042],[8.553493,47.420408],[8.55391,47.420313],[8.55399,47.420291],[8.554069,47.420266],[8.554146,47.42024],[8.554222,47.420212],[8.554296,47.420181],[8.554368,47.42015],[8.554439,47.420116],[8.554508,47.420081],[8.554653,47.420027],[8.555084,47.419852],[8.555525,47.419677],[8.555739,47.419583],[8.559716,47.418007],[8.559885,47.417888],[8.56091,47.415947],[8.560677,47.415863],[8.561068,47.414799],[8.561194,47.41483],[8.561318,47.414863],[8.561442,47.414897],[8.561565,47.414934],[8.561686,47.414971],[8.561806,47.415011],[8.561925,47.415052],[8.562043,47.415095],[8.562586,47.41532],[8.562659,47.415245],[8.562729,47.415168],[8.562798,47.415092],[8.562865,47.415014],[8.562969,47.414804],[8.562995,47.414737],[8.563017,47.414669],[8.563036,47.414601],[8.563051,47.414532],[8.563062,47.414463],[8.563068,47.414394],[8.563071,47.414325],[8.56307,47.414255],[8.563072,47.414169],[8.563075,47.41411],[8.563096,47.413555],[8.563168,47.413387],[8.563168,47.413225],[8.563172,47.413105],[8.563178,47.412934],[8.563209,47.412154],[8.563229,47.411969],[8.563236,47.411677],[8.56326,47.41105],[8.563293,47.410891],[8.563313,47.41081],[8.563337,47.41073],[8.563364,47.41065],[8.563394,47.410571],[8.563428,47.410492],[8.563466,47.410415],[8.563507,47.410338],[8.563551,47.410261],[8.563608,47.410173],[8.563668,47.410087],[8.563865,47.40985],[8.564038,47.409642],[8.564783,47.408767],[8.5649,47.408631],[8.565001,47.408513],[8.565252,47.408222],[8.565443,47.407999]],[[8.541688,47.425679],[8.541631,47.425697],[8.541574,47.425713],[8.541516,47.425727],[8.541457,47.425741],[8.541398,47.425754],[8.541338,47.425765],[8.541278,47.425775],[8.541217,47.425785],[8.541021,47.425804],[8.540834,47.42582],[8.539263,47.425948],[8.537052,47.426131],[8.536487,47.426204],[8.536342,47.426139],[8.536204,47.426125],[8.536066,47.426113],[8.535927,47.426104],[8.535788,47.426098],[8.533523,47.425992],[8.532272,47.425943],[8.530397,47.425853],[8.529951,47.42583],[8.529505,47.425809],[8.529058,47.425791],[8.528611,47.425775],[8.527901,47.425748],[8.527191,47.425717],[8.527014,47.425714],[8.526837,47.425713],[8.52666,47.425715],[8.526483,47.42572],[8.525215,47.425762],[8.524592,47.425777],[8.523969,47.425794],[8.523347,47.425812],[8.522724,47.42583],[8.521743,47.42586],[8.520762,47.425887],[8.520655,47.42589],[8.520547,47.42589],[8.52044,47.425887],[8.520333,47.42588],[8.520227,47.42587],[8.520121,47.425857],[8.520017,47.425841],[8.519913,47.425822],[8.518557,47.425525],[8.517669,47.425336],[8.517621,47.425328],[8.517573,47.425322],[8.517525,47.425317],[8.517476,47.425313],[8.517427,47.425311],[8.517378,47.42531],[8.517329,47.425311],[8.51728,47.425313],[8.517265,47.425311],[8.517251,47.425307],[8.517238,47.425301],[8.517227,47.425294],[8.517219,47.425281],[8.517214,47.425266],[8.517213,47.425252],[8.517216,47.425237]]],"type":"MultiLineString"}},{"type":"Feature","properties":{"nr":1,"name":"Katzensee - Affoltern - Milchbuck","abschnitt":"Stadtgrenze (Katzensee) - Scheuchzerstrasse","beschriftung":1},"geometry":{"coordinates":[[[8.540042,47.395499],[8.539741,47.395669],[8.538957,47.396086],[8.53877,47.396186],[8.537782,47.39667],[8.53762,47.396751],[8.537235,47.396944],[8.536632,47.397248],[8.535798,47.397694],[8.535481,47.397871],[8.535339,47.397977],[8.534897,47.397962],[8.534505,47.397934],[8.534202,47.397903],[8.533568,47.397787]],[[8.532831,47.398758],[8.532503,47.39873],[8.532477,47.398724],[8.532451,47.39872],[8.532423,47.398718],[8.532396,47.398717],[8.532369,47.398717],[8.532341,47.39872],[8.532315,47.398724],[8.532289,47.39873],[8.532263,47.398737],[8.532239,47.398745],[8.532216,47.398756],[8.532195,47.398767],[8.532175,47.39878],[8.532156,47.398794],[8.53214,47.398809],[8.532126,47.398824],[8.532105,47.39885],[8.531945,47.399107],[8.53193,47.399132],[8.531917,47.399158],[8.531905,47.399185],[8.531896,47.399212],[8.531887,47.39925],[8.531882,47.39929],[8.531882,47.399329],[8.531886,47.399368],[8.531965,47.399802],[8.531977,47.399862],[8.531986,47.399922],[8.531993,47.399982],[8.531998,47.400043],[8.532,47.400103],[8.532,47.400163],[8.531998,47.400224],[8.531993,47.400284],[8.531986,47.400344],[8.531977,47.400404],[8.531965,47.400464],[8.531951,47.400524],[8.531935,47.400583],[8.531916,47.400642],[8.531895,47.400701],[8.531872,47.400759],[8.531699,47.401156],[8.531674,47.401206],[8.531648,47.401256],[8.531621,47.401305],[8.531592,47.401354],[8.531561,47.401403],[8.53153,47.401451],[8.531497,47.401499],[8.531463,47.401546],[8.531427,47.401593],[8.53139,47.401639],[8.531352,47.401685],[8.531313,47.401731],[8.531272,47.401775],[8.53123,47.40182],[8.531187,47.401864],[8.531143,47.401907],[8.53073,47.402308],[8.530697,47.40234],[8.530666,47.402373],[8.530637,47.402407],[8.530611,47.402441],[8.530587,47.402477],[8.530565,47.402513],[8.530546,47.40255],[8.530529,47.402587],[8.530514,47.402625],[8.530502,47.402663],[8.530493,47.402702],[8.530485,47.40274],[8.530481,47.402779],[8.530479,47.402818],[8.53048,47.402857],[8.530483,47.402896],[8.530502,47.40306],[8.530513,47.403137],[8.530523,47.403213],[8.53053,47.40329],[8.530536,47.403367],[8.530537,47.403399],[8.530537,47.403431],[8.530535,47.403464],[8.530531,47.403496],[8.530527,47.403528],[8.530521,47.40356],[8.530513,47.403592],[8.530505,47.403624],[8.530495,47.403656],[8.530483,47.403687],[8.530471,47.403718],[8.530457,47.403749],[8.530441,47.40378],[8.530425,47.40381],[8.530407,47.40384],[8.530388,47.40387],[8.530308,47.404009],[8.530047,47.40443],[8.53002,47.404469],[8.529991,47.404506],[8.529959,47.404543],[8.529924,47.404578],[8.529887,47.404613],[8.529848,47.404646],[8.529806,47.404678],[8.529763,47.404708],[8.529717,47.404737],[8.529669,47.404765],[8.52962,47.404791],[8.529568,47.404815],[8.529515,47.404838],[8.529461,47.404859],[8.529405,47.404879],[8.529348,47.404896],[8.52881,47.405062],[8.528751,47.405084],[8.528693,47.405106],[8.528637,47.40513],[8.528581,47.405154],[8.528525,47.40518],[8.528471,47.405206],[8.528418,47.405233],[8.528366,47.405261],[8.528278,47.405312],[8.528194,47.405366],[8.528112,47.405422],[8.528035,47.40548],[8.527961,47.40554],[8.527891,47.405603],[8.527826,47.405667],[8.527764,47.405734],[8.527599,47.405942],[8.527187,47.406511],[8.52715,47.406566],[8.527111,47.406621],[8.527071,47.406676],[8.527029,47.406729],[8.526815,47.407026],[8.526772,47.407085],[8.526732,47.407145],[8.526694,47.407206],[8.526659,47.407267],[8.526625,47.407347],[8.52659,47.407426],[8.526554,47.407505],[8.526516,47.407584],[8.526477,47.407663],[8.526436,47.407741],[8.526395,47.407819],[8.526352,47.407896],[8.5263,47.407977],[8.526244,47.408057],[8.526185,47.408136],[8.526122,47.408213],[8.525816,47.408585],[8.525305,47.409204],[8.525161,47.409379],[8.525056,47.409507],[8.524372,47.410336],[8.524193,47.410553],[8.524015,47.410769],[8.52397,47.410818],[8.523927,47.410868],[8.523872,47.410935],[8.52382,47.411004],[8.523771,47.411073],[8.523725,47.411143],[8.523681,47.411215],[8.523641,47.411287],[8.523604,47.411359],[8.523569,47.411433],[8.523495,47.411615],[8.523475,47.411661],[8.523452,47.411707],[8.523428,47.411752],[8.523401,47.411797],[8.523373,47.411841],[8.523342,47.411884],[8.523309,47.411927],[8.523275,47.411969],[8.523224,47.412025],[8.523171,47.41208],[8.523113,47.412133],[8.523053,47.412184],[8.522677,47.412501],[8.522658,47.412517],[8.52264,47.412534],[8.522623,47.412552],[8.522609,47.41257],[8.522596,47.412589],[8.522584,47.412608],[8.522575,47.412628],[8.522567,47.412648],[8.522559,47.412672],[8.522554,47.412696],[8.522551,47.41272],[8.522551,47.412744],[8.522553,47.412769],[8.522557,47.412793],[8.522564,47.412817],[8.522573,47.41284],[8.522352,47.412933],[8.521478,47.413299],[8.521443,47.413314],[8.520766,47.413595],[8.520725,47.413612],[8.520624,47.413651],[8.520523,47.41369],[8.520421,47.413727],[8.520318,47.413763],[8.520215,47.413799],[8.52011,47.413833],[8.520005,47.413866],[8.519899,47.413898],[8.519698,47.41395],[8.518941,47.414144],[8.519307,47.414808],[8.519244,47.414828],[8.519183,47.41485],[8.519122,47.414873],[8.519062,47.414897],[8.519003,47.414922],[8.518945,47.414948],[8.518889,47.414976],[8.518834,47.415005],[8.51878,47.415034],[8.518727,47.415065],[8.518676,47.415097],[8.518626,47.41513],[8.518577,47.415164],[8.518531,47.415199],[8.518485,47.415234],[8.518441,47.415271],[8.517849,47.415805],[8.517388,47.416128],[8.517343,47.41616],[8.517296,47.41619],[8.517247,47.416219],[8.517196,47.416247],[8.517142,47.416272],[8.517087,47.416296],[8.517031,47.416318],[8.516972,47.416338],[8.516558,47.416478],[8.51652,47.416493],[8.516486,47.41651],[8.516454,47.41653],[8.516425,47.416552],[8.515939,47.416948],[8.51592,47.416963],[8.515902,47.416979],[8.515885,47.416995],[8.51587,47.417012],[8.515855,47.417029],[8.515842,47.417047],[8.515831,47.417065],[8.515821,47.417084],[8.515562,47.417697],[8.515533,47.417776],[8.515505,47.417854],[8.515479,47.417933],[8.515455,47.418013],[8.515441,47.418062],[8.515422,47.41811],[8.515399,47.418154],[8.515164,47.418611],[8.515129,47.418682],[8.515093,47.418753],[8.515055,47.418824],[8.515016,47.418894],[8.514976,47.418964],[8.514934,47.419034],[8.514891,47.419103],[8.514846,47.419172],[8.514801,47.41924],[8.514754,47.419309],[8.514705,47.419376],[8.514656,47.419443],[8.514605,47.41951],[8.514553,47.419577],[8.5145,47.419642],[8.514445,47.419708],[8.513978,47.420235],[8.513944,47.420276],[8.513906,47.420315],[8.513865,47.420353],[8.513821,47.420389],[8.513773,47.420423],[8.513723,47.420455],[8.51367,47.420485],[8.513614,47.420512],[8.51101,47.421535],[8.510096,47.421894],[8.510669,47.422918],[8.51074,47.423055],[8.510879,47.423321],[8.510802,47.423368],[8.510724,47.423414],[8.510644,47.423459],[8.510563,47.423503],[8.510481,47.423545],[8.510397,47.423587],[8.510313,47.423627],[8.510227,47.423666],[8.510152,47.423698],[8.510079,47.423733],[8.510008,47.423769],[8.509939,47.423807],[8.509873,47.423847],[8.509809,47.423889],[8.509747,47.423933],[8.509688,47.423978],[8.509632,47.424025],[8.509579,47.424073],[8.509528,47.424123],[8.509481,47.424174],[8.509437,47.424226],[8.509395,47.424279],[8.509357,47.424334],[8.509322,47.424389],[8.509301,47.424423],[8.509277,47.424456],[8.509251,47.424488],[8.509224,47.42452],[8.509194,47.424551],[8.509162,47.42458],[8.509128,47.424609],[8.509092,47.424637],[8.509051,47.424663],[8.509008,47.424688],[8.508963,47.424711],[8.508915,47.424731],[8.508866,47.42475],[8.508815,47.424767],[8.508763,47.424781],[8.50871,47.424794],[8.508719,47.424838],[8.508726,47.424883],[8.50873,47.424927],[8.508732,47.424972],[8.5087,47.425199],[8.508666,47.425426],[8.508659,47.425454],[8.508652,47.425481],[8.508642,47.425509],[8.508631,47.425536],[8.508619,47.425563],[8.508605,47.425589],[8.50859,47.425615],[8.508574,47.425641],[8.508556,47.425666],[8.508536,47.425691],[8.508515,47.425716],[8.508493,47.425739],[8.50847,47.425763],[8.508445,47.425785],[8.508419,47.425807],[8.508392,47.425828],[8.508384,47.425841],[8.508376,47.425854],[8.508371,47.425868],[8.508367,47.425881],[8.508365,47.425895],[8.508364,47.425909],[8.508366,47.425923],[8.508369,47.425937],[8.507492,47.426079],[8.507464,47.426086],[8.507436,47.426094],[8.507409,47.426102],[8.507382,47.426111],[8.507356,47.426121],[8.507331,47.426132],[8.507307,47.426144],[8.507283,47.426156],[8.507259,47.426176],[8.507239,47.426198],[8.506848,47.426665],[8.506779,47.426765],[8.506738,47.426865],[8.506687,47.426941],[8.506313,47.427393],[8.506264,47.427454],[8.506218,47.427516],[8.505905,47.428036],[8.505623,47.428526],[8.505429,47.428863],[8.505411,47.428894],[8.505391,47.428924],[8.50537,47.428954],[8.505348,47.428984],[8.505325,47.429013],[8.5053,47.429042],[8.505274,47.42907],[8.505247,47.429097],[8.505219,47.429124],[8.50519,47.429151],[8.505159,47.429177],[8.505127,47.429202],[8.505095,47.429227],[8.505061,47.429251],[8.505026,47.429274],[8.50499,47.429296],[8.504599,47.429543],[8.504178,47.429845],[8.504046,47.429932],[8.503911,47.430016],[8.503773,47.430099],[8.503632,47.430179],[8.503558,47.43022],[8.503486,47.430264],[8.503416,47.43031],[8.50335,47.430357],[8.503286,47.430407],[8.503226,47.430458],[8.503168,47.43051],[8.503114,47.430565],[8.503067,47.43062],[8.503023,47.430676],[8.50298,47.430733],[8.50294,47.43079],[8.502902,47.430848],[8.502865,47.430907],[8.502831,47.430966],[8.502799,47.431026],[8.502756,47.431126],[8.502709,47.431224],[8.502658,47.431322],[8.502603,47.431419],[8.502233,47.43189],[8.502016,47.432202],[8.501697,47.432638],[8.501677,47.432667],[8.501659,47.432696],[8.501643,47.432725],[8.501628,47.432755],[8.501616,47.432786],[8.501606,47.432817],[8.501599,47.432848],[8.501593,47.432879],[8.501591,47.432936],[8.50159,47.432992],[8.50159,47.433048],[8.501592,47.433104],[8.501595,47.43316],[8.5016,47.433217],[8.501606,47.433273],[8.501613,47.433329],[8.501668,47.433682],[8.50174,47.43413],[8.501747,47.434161],[8.501755,47.434191],[8.501766,47.43422],[8.501778,47.43425],[8.501964,47.434636]]],"type":"MultiLineString"}},{"type":"Feature","properties":{"nr":3,"name":"Opfikon - Seebach - Oerlikon","abschnitt":"Stadtgrenze (Opfikon) - Affolternstrasse","beschriftung":1},"geometry":{"coordinates":[[[8.557803,47.425509],[8.557653,47.425556],[8.557349,47.425616],[8.557248,47.425628],[8.557146,47.425638],[8.55622,47.425702],[8.556171,47.425705],[8.556123,47.425709],[8.556074,47.425714],[8.556027,47.42572],[8.555979,47.425728],[8.555932,47.425736],[8.555885,47.425746],[8.555839,47.425757],[8.555794,47.425769],[8.555749,47.425782],[8.555705,47.425796],[8.555662,47.425811],[8.555619,47.425828],[8.555578,47.425845],[8.555537,47.425863],[8.555498,47.425883],[8.555284,47.425992],[8.55512,47.42608],[8.554954,47.426165],[8.554786,47.426248],[8.554616,47.426329],[8.554806,47.426502],[8.55494,47.426608],[8.555078,47.426713],[8.554544,47.427045],[8.554516,47.427062],[8.554486,47.427078],[8.554454,47.427093],[8.554421,47.427106],[8.554387,47.427117],[8.554351,47.427126],[8.554314,47.427134],[8.554277,47.42714],[8.554082,47.427163],[8.551566,47.427443],[8.550814,47.427521],[8.550168,47.427592],[8.549383,47.427673],[8.549328,47.427678],[8.549273,47.427681],[8.549217,47.427684],[8.549162,47.427685],[8.549058,47.42769],[8.548953,47.427693],[8.548849,47.427694],[8.548745,47.427692],[8.54864,47.427689],[8.548536,47.427683],[8.548432,47.427675],[8.548329,47.427665],[8.548162,47.427646],[8.547996,47.427627],[8.54783,47.427606],[8.547664,47.427584],[8.547499,47.42756],[8.547334,47.427536],[8.547169,47.42751],[8.547005,47.427483],[8.546954,47.427445],[8.546893,47.427445],[8.546833,47.427444],[8.546773,47.427441],[8.546713,47.427437],[8.546653,47.427432],[8.546594,47.427425],[8.546534,47.427418],[8.546476,47.427408],[8.546433,47.427401],[8.54639,47.427394],[8.546347,47.42739],[8.546303,47.427388],[8.546259,47.427387],[8.546215,47.427389],[8.546171,47.427392],[8.546128,47.427397],[8.545758,47.427269],[8.545108,47.42697],[8.544487,47.426685],[8.544382,47.426636],[8.543993,47.426457],[8.54384,47.426387],[8.542575,47.425809],[8.542339,47.425686],[8.542312,47.425671],[8.542287,47.425655],[8.542264,47.425637],[8.542243,47.425619],[8.542224,47.425604],[8.542207,47.425589],[8.542192,47.425572],[8.54218,47.425555],[8.54217,47.425537],[8.542163,47.425518],[8.542158,47.425499],[8.542157,47.425479],[8.542102,47.425508],[8.542046,47.425536],[8.541989,47.425563],[8.54193,47.425588],[8.541871,47.425613],[8.541811,47.425636],[8.54175,47.425658],[8.541688,47.425679],[8.541606,47.425456],[8.541602,47.425444],[8.541597,47.425432],[8.54159,47.42542],[8.541581,47.425409],[8.54157,47.425399],[8.541558,47.42539],[8.541544,47.425381],[8.541529,47.425374],[8.541502,47.425363],[8.541475,47.425352],[8.54145,47.42534],[8.541425,47.425327],[8.541402,47.425313],[8.54138,47.425298],[8.541359,47.425282],[8.54134,47.425265],[8.54129,47.425212],[8.541237,47.425159],[8.541182,47.425108],[8.541125,47.425058],[8.541076,47.42502],[8.54103,47.42498],[8.540985,47.424939],[8.540943,47.424897],[8.540756,47.424702],[8.540226,47.42424],[8.54016,47.424178],[8.540096,47.424115],[8.540035,47.42405],[8.539975,47.423985],[8.539785,47.423754],[8.539368,47.423193],[8.539332,47.423139],[8.539298,47.423085],[8.539265,47.42303],[8.539235,47.422975],[8.539206,47.42292],[8.539179,47.422864],[8.539153,47.422808],[8.53913,47.422751],[8.539019,47.42241],[8.538976,47.422295],[8.538876,47.42193],[8.538868,47.421903],[8.538858,47.421877],[8.538846,47.421851],[8.538831,47.421826],[8.538813,47.421801],[8.538794,47.421777],[8.538772,47.421754],[8.538748,47.421732],[8.538706,47.421709],[8.538664,47.421686],[8.538621,47.421664],[8.538578,47.421643],[8.538533,47.421622],[8.538488,47.421603],[8.538441,47.421584],[8.538394,47.421566],[8.538451,47.421182],[8.538505,47.420784],[8.538538,47.420431],[8.538538,47.420418],[8.53854,47.420405],[8.538545,47.420392],[8.538552,47.420379],[8.538561,47.420367],[8.538573,47.420356],[8.538586,47.420347],[8.538601,47.420338],[8.538748,47.420256],[8.538684,47.420137],[8.538547,47.419866],[8.538514,47.419747],[8.538488,47.419621],[8.538432,47.419042],[8.538392,47.418655],[8.538372,47.418388],[8.538368,47.41819],[8.538403,47.417981],[8.538445,47.41763],[8.538356,47.417575],[8.538275,47.416931],[8.538218,47.416462],[8.538152,47.415913],[8.538107,47.41553],[8.538074,47.415263],[8.53805,47.415064],[8.538022,47.414839],[8.53802,47.414821],[8.537966,47.414378],[8.537893,47.413786],[8.537874,47.413668],[8.53775,47.412926],[8.537732,47.412614],[8.537723,47.412543],[8.537718,47.412473],[8.537717,47.412402],[8.537719,47.412331],[8.537745,47.412145],[8.537817,47.411803],[8.53798,47.41103],[8.538014,47.410926],[8.538043,47.410822],[8.538067,47.410724],[8.538086,47.410625],[8.538101,47.410526],[8.538112,47.410426],[8.538111,47.410401],[8.538108,47.410375]]],"type":"MultiLineString"}},{"type":"Feature","properties":{"nr":15,"name":"Triemli - Bahnhof Altstetten","abschnitt":"Triemli - Bhf Altstetten","beschriftung":1},"geometry":{"coordinates":[[[8.487927,47.392467],[8.487639,47.391811],[8.48802,47.391531],[8.489627,47.391086],[8.489729,47.39106],[8.489673,47.39074],[8.48963,47.390623],[8.489586,47.390484],[8.489044,47.389156],[8.488982,47.389007],[8.488682,47.388268],[8.488341,47.387431],[8.48828,47.387268],[8.488231,47.38714],[8.488094,47.386739],[8.488057,47.386629],[8.487534,47.385103],[8.487428,47.384793],[8.487277,47.384351],[8.487153,47.383993],[8.487123,47.383922],[8.48709,47.383852],[8.487052,47.383782],[8.487011,47.383714],[8.486965,47.383647],[8.486916,47.383582],[8.486863,47.383517],[8.486806,47.383454],[8.48613,47.382781]],[[8.487463,47.382432],[8.487471,47.382251],[8.487646,47.381653],[8.487665,47.381555],[8.487575,47.381366],[8.48748,47.381178],[8.487373,47.380976],[8.487262,47.380775],[8.487129,47.380518],[8.48707,47.38039],[8.487015,47.380261],[8.486963,47.380132],[8.486915,47.380001],[8.486707,47.379512],[8.486443,47.378944],[8.486407,47.378865],[8.486367,47.378787],[8.486323,47.37871],[8.486274,47.378634],[8.486222,47.37856],[8.486165,47.378487],[8.486104,47.378415],[8.486039,47.378345],[8.485849,47.378162],[8.485482,47.37788],[8.485181,47.377584],[8.485114,47.377523],[8.48488,47.377278],[8.484658,47.3771],[8.484615,47.377028],[8.484738,47.376339],[8.484721,47.376034],[8.484717,47.376005],[8.48471,47.375977],[8.4847,47.375948],[8.484688,47.375921],[8.484673,47.375893],[8.484656,47.375867],[8.484635,47.375841],[8.484613,47.375817],[8.484588,47.375793],[8.484561,47.375771],[8.484531,47.37575],[8.4845,47.37573],[8.484467,47.375712],[8.484432,47.375695],[8.484395,47.37568],[8.484357,47.375667],[8.484408,47.375584],[8.484483,47.375481],[8.484549,47.375386],[8.485489,47.375374],[8.486489,47.375509],[8.4869,47.375564],[8.48699,47.37529],[8.487082,47.375036],[8.487094,47.375007],[8.487109,47.374978],[8.487126,47.37495],[8.487145,47.374923],[8.487166,47.374896],[8.487189,47.37487],[8.487214,47.374844],[8.487241,47.37482],[8.487285,47.374784],[8.487333,47.374751],[8.487385,47.374721],[8.48744,47.374693],[8.487497,47.374668],[8.487558,47.374646],[8.487621,47.374627],[8.487686,47.374612],[8.488099,47.374527],[8.488185,47.374507],[8.488269,47.374484],[8.488352,47.374457],[8.488432,47.374427],[8.488461,47.37442],[8.488488,47.374411],[8.488515,47.374401],[8.488541,47.37439],[8.488566,47.374378],[8.488589,47.374364],[8.488611,47.37435],[8.488632,47.374334],[8.489591,47.37365],[8.490394,47.373089],[8.490445,47.37305],[8.490494,47.37301],[8.49054,47.372968],[8.490584,47.372925],[8.490626,47.372881],[8.490664,47.372835],[8.4907,47.372789],[8.490733,47.372742],[8.490766,47.372683],[8.490797,47.372624],[8.490826,47.372565],[8.490855,47.372506],[8.490881,47.372446],[8.490907,47.372386],[8.49093,47.372326],[8.490952,47.372265],[8.491048,47.372034],[8.491064,47.371979],[8.491077,47.371924],[8.491085,47.371868],[8.491089,47.371812],[8.491088,47.371756],[8.491084,47.3717],[8.491075,47.371644],[8.491061,47.371589],[8.49099,47.371401],[8.490978,47.371368],[8.490969,47.371334],[8.490961,47.371301],[8.490955,47.371267],[8.490951,47.371233],[8.490948,47.371199],[8.490947,47.371165],[8.490948,47.371131],[8.490951,47.371099],[8.490956,47.371068],[8.490962,47.371036],[8.49097,47.371005],[8.490979,47.370974],[8.49099,47.370943],[8.491003,47.370912],[8.491018,47.370882],[8.491033,47.370852],[8.491051,47.370823],[8.49107,47.370794],[8.49109,47.370766],[8.491112,47.370738],[8.491136,47.37071],[8.491161,47.370683],[8.491187,47.370657],[8.491501,47.370369],[8.49153,47.370345],[8.491557,47.37032],[8.491583,47.370295],[8.491608,47.370269],[8.491631,47.370242],[8.491652,47.370214],[8.491672,47.370186],[8.49169,47.370158],[8.491707,47.370129],[8.491721,47.3701],[8.491735,47.37007],[8.491746,47.37004],[8.491756,47.37001],[8.491763,47.369979],[8.49177,47.369948],[8.491774,47.369917],[8.491813,47.369932],[8.49185,47.369947],[8.491888,47.369964],[8.491924,47.369981],[8.491959,47.369999],[8.491994,47.370018],[8.492027,47.370037],[8.49206,47.370058],[8.492091,47.370079],[8.492121,47.370101],[8.492151,47.370123],[8.492179,47.370146],[8.492205,47.37017],[8.492231,47.370195],[8.492256,47.37022],[8.492279,47.370245],[8.492862,47.369976],[8.492966,47.369927],[8.493073,47.369879],[8.493181,47.369833],[8.493291,47.369789],[8.493402,47.369747],[8.493515,47.369707],[8.493629,47.369669],[8.493745,47.369632],[8.493886,47.369587],[8.494026,47.36954],[8.494164,47.36949],[8.494299,47.369438],[8.494433,47.369383],[8.494565,47.369326],[8.494694,47.369267],[8.494822,47.369206],[8.494852,47.369193],[8.494885,47.369182],[8.494919,47.369174],[8.494954,47.369168],[8.49499,47.369165],[8.495026,47.369164],[8.495062,47.369165],[8.495097,47.369169],[8.495096,47.369151],[8.495096,47.369133],[8.495097,47.369115],[8.4951,47.369097],[8.495104,47.36908],[8.495109,47.369062],[8.495115,47.369045],[8.495123,47.369027],[8.495133,47.36901],[8.495143,47.368994],[8.495155,47.368978],[8.495168,47.368962],[8.495182,47.368947],[8.495197,47.368932],[8.495213,47.368918],[8.49523,47.368904],[8.495269,47.36888],[8.495309,47.368857],[8.49535,47.368835],[8.495392,47.368814],[8.495434,47.368793],[8.495477,47.368773],[8.495521,47.368754],[8.495566,47.368736],[8.495582,47.368729],[8.495595,47.36872],[8.495605,47.36871],[8.495612,47.368699],[8.495614,47.368686],[8.495613,47.368674],[8.495607,47.368662],[8.495598,47.368651],[8.495743,47.368463],[8.49588,47.368313],[8.496065,47.368177],[8.496409,47.368148],[8.496317,47.368087],[8.496224,47.368027],[8.496128,47.36797],[8.49603,47.367914],[8.49593,47.36786],[8.495828,47.367808],[8.495724,47.367757],[8.495618,47.367709],[8.495786,47.367528]]],"type":"MultiLineString"}},{"type":"Feature","properties":{"nr":5,"name":"Stettbach - Schwamendingen - Oerlikonerstrasse (inkl. Herzogenmühlestrasse)","abschnitt":"Andreasstrassse/Bhf Stettbach - Bhf Oerlikon","beschriftung":1},"geometry":{"coordinates":[[[8.572304,47.404262],[8.571907,47.404493],[8.571214,47.404895],[8.571178,47.404943],[8.570924,47.405086],[8.570842,47.405133],[8.570759,47.405178],[8.570674,47.405223],[8.570588,47.405267],[8.570495,47.405312],[8.570401,47.405357],[8.570305,47.4054],[8.570208,47.405442],[8.57011,47.405482],[8.570011,47.405522],[8.56991,47.40556],[8.569809,47.405596],[8.569591,47.405677],[8.569386,47.405751],[8.568922,47.405919],[8.568774,47.40598],[8.568345,47.406159],[8.568229,47.406204],[8.568114,47.406251],[8.568,47.406298],[8.567887,47.406346],[8.567775,47.406395],[8.567663,47.406445],[8.567552,47.406496],[8.567442,47.406547],[8.567325,47.406605],[8.567186,47.406673],[8.567059,47.406732],[8.566935,47.406793],[8.566814,47.406857],[8.566695,47.406924],[8.56658,47.406993],[8.566468,47.407065],[8.56636,47.407139],[8.566255,47.407216],[8.56619,47.407263],[8.566128,47.407312],[8.566068,47.407363],[8.566011,47.407415],[8.565953,47.407467],[8.565897,47.407519],[8.565843,47.407573],[8.56579,47.407627],[8.565443,47.407999],[8.565258,47.407865],[8.56507,47.407733],[8.56464,47.407445],[8.563298,47.406572],[8.563068,47.406423],[8.563009,47.406388],[8.562948,47.406353],[8.562886,47.40632],[8.562823,47.406288],[8.562759,47.406256],[8.562694,47.406226],[8.562628,47.406197],[8.562561,47.406169],[8.562493,47.406142],[8.562424,47.406116],[8.562354,47.406091],[8.562283,47.406067],[8.562211,47.406044],[8.562139,47.406022],[8.562066,47.406002],[8.561992,47.405983],[8.561918,47.405965],[8.561843,47.405948],[8.561768,47.405932],[8.561692,47.405918],[8.561615,47.405904],[8.561538,47.405892],[8.561461,47.405881],[8.561383,47.405872],[8.561305,47.405863],[8.561227,47.405856],[8.561149,47.40585],[8.56107,47.405845],[8.560991,47.405842],[8.560912,47.40584],[8.560833,47.405839],[8.560754,47.405839],[8.560705,47.405839],[8.560482,47.405847],[8.558641,47.406012],[8.558566,47.40602],[8.55849,47.406026],[8.558414,47.406031],[8.558338,47.406034],[8.558262,47.406036],[8.558185,47.406036],[8.558109,47.406034],[8.558033,47.40603],[8.557957,47.406025],[8.557881,47.406019],[8.557806,47.406011],[8.557731,47.406001],[8.557657,47.405989],[8.557583,47.405976],[8.557509,47.405961],[8.557437,47.405945],[8.557309,47.405939],[8.557199,47.405992],[8.556057,47.406427],[8.555978,47.406287],[8.555809,47.40599],[8.555733,47.405864],[8.555707,47.405823],[8.555308,47.405303],[8.555284,47.40523],[8.555243,47.405134],[8.555202,47.405084],[8.555164,47.405034],[8.555128,47.404982],[8.555095,47.404929],[8.555065,47.404875],[8.555038,47.404821],[8.555014,47.404766],[8.554993,47.404711],[8.554963,47.404598],[8.554838,47.404611],[8.554713,47.404626],[8.554589,47.404641],[8.554464,47.404658],[8.55434,47.404675],[8.554217,47.404694],[8.554093,47.404713],[8.55397,47.404733],[8.553847,47.404754],[8.553725,47.404776],[8.553603,47.404799],[8.553481,47.404822],[8.55336,47.404847],[8.553239,47.404872],[8.553119,47.404899],[8.552999,47.404926],[8.552876,47.404953],[8.552142,47.405128],[8.551806,47.405215],[8.551667,47.405252],[8.551093,47.405404],[8.550995,47.405429],[8.550896,47.405452],[8.550775,47.405477],[8.550652,47.405499],[8.550118,47.405593],[8.549952,47.405622],[8.549786,47.405652],[8.548372,47.405902],[8.548142,47.406004],[8.547158,47.406331]],[[8.572466,47.412872],[8.57247,47.412827],[8.572477,47.412783],[8.572487,47.412738],[8.5725,47.412694],[8.572515,47.412651],[8.572533,47.412608],[8.572553,47.412565],[8.572576,47.412523],[8.572697,47.41229],[8.572702,47.412275],[8.572704,47.412259],[8.572704,47.412244],[8.572702,47.412228],[8.572697,47.412213],[8.572691,47.412198],[8.572682,47.412184],[8.572671,47.41217],[8.572612,47.412113],[8.5726,47.412094],[8.572589,47.412075],[8.572581,47.412055],[8.572576,47.412035],[8.572573,47.412015],[8.572573,47.411995],[8.572576,47.411974],[8.572581,47.411954],[8.572631,47.411827],[8.572687,47.4117],[8.572711,47.411589],[8.572732,47.411478],[8.572614,47.411182],[8.57257,47.411065],[8.572521,47.410949],[8.572466,47.410834],[8.572407,47.410719],[8.572387,47.410693],[8.572364,47.410669],[8.572339,47.410645],[8.572311,47.410623],[8.572276,47.410246],[8.572271,47.410046],[8.572286,47.409842],[8.572284,47.409729],[8.572278,47.409468],[8.572293,47.409331],[8.572342,47.408888],[8.572734,47.40731],[8.572924,47.406602],[8.572941,47.406538],[8.573009,47.406265],[8.573051,47.406073],[8.573055,47.406007],[8.573054,47.40594],[8.573048,47.405873],[8.573037,47.405806],[8.573009,47.405689],[8.572978,47.405573],[8.572711,47.404717],[8.572601,47.404535],[8.572431,47.404379],[8.572304,47.404262],[8.572559,47.404075],[8.572782,47.40416],[8.573181,47.404068],[8.573238,47.404042],[8.573294,47.404015],[8.573349,47.403988],[8.573402,47.403959],[8.573455,47.40393],[8.573507,47.403899],[8.573558,47.403868],[8.573607,47.403836],[8.573655,47.403803],[8.573702,47.403769],[8.573748,47.403735],[8.573793,47.4037],[8.573836,47.403664],[8.573878,47.403627],[8.573918,47.40359],[8.573958,47.403552],[8.573967,47.403536],[8.573972,47.40352],[8.573972,47.403504],[8.573967,47.403488],[8.573957,47.403473],[8.573943,47.403459],[8.573925,47.403448],[8.573904,47.40344],[8.573951,47.403444],[8.573998,47.403447],[8.574045,47.403447],[8.574093,47.403446],[8.57414,47.403442],[8.574186,47.403436],[8.574233,47.403429],[8.574278,47.403419],[8.574646,47.403324],[8.574944,47.403246],[8.575902,47.402925],[8.575946,47.402909],[8.57599,47.402893],[8.576032,47.402875],[8.576074,47.402857],[8.576114,47.402837],[8.576154,47.402816],[8.576192,47.402795],[8.576229,47.402772],[8.576541,47.403067],[8.576668,47.403173],[8.576874,47.403862],[8.577018,47.403843],[8.578494,47.403617],[8.578998,47.403487],[8.581773,47.402682],[8.581924,47.402639],[8.582076,47.402598],[8.582228,47.402559],[8.582381,47.402521],[8.582535,47.402484],[8.582689,47.402448],[8.582845,47.402414],[8.583,47.402381],[8.583297,47.402322],[8.583594,47.402264],[8.583891,47.402209],[8.58419,47.402155],[8.584581,47.402081],[8.584774,47.402046],[8.584911,47.402021],[8.585047,47.401994],[8.585183,47.401966],[8.585319,47.401937],[8.585516,47.401892],[8.585712,47.401845],[8.586164,47.401734],[8.587026,47.401521],[8.587584,47.401383],[8.587681,47.401358],[8.587778,47.401331],[8.587875,47.401303],[8.587971,47.401274],[8.588131,47.401222],[8.588229,47.401188],[8.588326,47.401152],[8.58843,47.401112],[8.588533,47.40107],[8.588634,47.401027],[8.588734,47.400982],[8.588832,47.400936],[8.588928,47.400888],[8.589023,47.400838],[8.589117,47.400788],[8.589244,47.400718],[8.589427,47.400619],[8.589527,47.400564],[8.58963,47.40051],[8.589734,47.400458],[8.58984,47.400407],[8.589953,47.400355],[8.590069,47.400306],[8.590186,47.400259],[8.590306,47.400214],[8.590426,47.40017],[8.590548,47.400129],[8.590672,47.40009],[8.590797,47.400054],[8.590931,47.400018],[8.591192,47.399947],[8.591357,47.399903],[8.5914,47.399891],[8.591442,47.399877],[8.591483,47.399862],[8.591522,47.399846],[8.59156,47.399828],[8.591597,47.399809],[8.591632,47.399788],[8.591666,47.399766],[8.591698,47.399744],[8.591728,47.39972],[8.591756,47.399695],[8.591782,47.399669],[8.591806,47.399642],[8.591828,47.399614],[8.591848,47.399586],[8.591865,47.399556],[8.592017,47.399459],[8.596049,47.398344],[8.596128,47.398309]]],"type":"MultiLineString"}},{"type":"Feature","properties":{"nr":6,"name":"Schwamendingen - Irchel - Hottingen - Stadelhofen - Bellevue","abschnitt":"Altwiesenstrasse - Quaibrücke / Rämistrasse","beschriftung":1},"geometry":{"coordinates":[[[8.547917,47.39922],[8.548017,47.399161],[8.548514,47.399291],[8.548538,47.399298],[8.548561,47.399307],[8.548582,47.399316],[8.548603,47.399327],[8.548623,47.399338],[8.548641,47.399351],[8.548658,47.399364],[8.548674,47.399378],[8.548691,47.399402],[8.548712,47.399425],[8.548735,47.399447],[8.548761,47.399467],[8.54879,47.399486],[8.548821,47.399503],[8.548853,47.399518],[8.548888,47.399531],[8.548924,47.399541],[8.548962,47.39955],[8.549,47.399557],[8.549039,47.399561],[8.549079,47.399562],[8.549118,47.399562],[8.549158,47.399559],[8.549197,47.399554],[8.549885,47.399392],[8.550091,47.399438],[8.550131,47.399447],[8.550171,47.399454],[8.550212,47.399459],[8.550254,47.399462],[8.550296,47.399463],[8.550338,47.399461],[8.550379,47.399457],[8.55042,47.399452],[8.55046,47.399443],[8.550499,47.399433],[8.550537,47.399421],[8.550574,47.399407],[8.550608,47.399391],[8.550641,47.399374],[8.550672,47.399354],[8.5507,47.399333],[8.550903,47.399145],[8.551236,47.399061],[8.552392,47.399077],[8.552464,47.399083],[8.552535,47.399092],[8.552605,47.399105],[8.552674,47.39912],[8.552741,47.399139],[8.552806,47.39916],[8.552869,47.399184],[8.552929,47.399211],[8.552989,47.399242],[8.553048,47.399272],[8.553106,47.399304],[8.553163,47.399336],[8.553219,47.399369],[8.553275,47.399403],[8.553329,47.399437],[8.553383,47.399472],[8.553571,47.399567],[8.553928,47.399938],[8.554183,47.400196],[8.554289,47.400303],[8.554934,47.40095],[8.554969,47.400985],[8.55517,47.401186],[8.555629,47.401647],[8.555644,47.401662],[8.555904,47.401924],[8.555917,47.401937],[8.555952,47.401971],[8.556163,47.402189],[8.556221,47.402247],[8.556281,47.402303],[8.556345,47.402357],[8.556412,47.40241],[8.556482,47.40246],[8.556555,47.402509],[8.556631,47.402556],[8.556709,47.402601],[8.55679,47.402643],[8.556874,47.402684],[8.556959,47.402722],[8.557047,47.402758],[8.557137,47.402792],[8.557228,47.402823],[8.557322,47.402851],[8.557417,47.402877],[8.557546,47.402904],[8.557676,47.402928],[8.557807,47.402951],[8.557938,47.402972],[8.558634,47.403069],[8.55872,47.403079],[8.558804,47.403093],[8.558887,47.403109],[8.558969,47.403128],[8.55905,47.40315],[8.559129,47.403174],[8.559207,47.403201],[8.559282,47.40323],[8.559467,47.403326],[8.559579,47.403394],[8.559768,47.403509],[8.559862,47.403563],[8.559912,47.403594],[8.559964,47.403624],[8.560019,47.403651],[8.560076,47.403676],[8.560136,47.403698],[8.560197,47.403718],[8.560259,47.403736],[8.560323,47.403751],[8.560453,47.403783],[8.560588,47.40381],[8.561338,47.403926],[8.561478,47.403947],[8.561606,47.403969],[8.561641,47.403976],[8.561676,47.403984],[8.56171,47.403993],[8.561743,47.404003],[8.561776,47.404014],[8.561807,47.404027],[8.561838,47.40404],[8.561868,47.404054],[8.561897,47.404069],[8.561925,47.404085],[8.561952,47.404102],[8.561977,47.404119],[8.562002,47.404138],[8.562025,47.404157],[8.562047,47.404177],[8.562067,47.404198],[8.56293,47.404114],[8.563448,47.404043],[8.563467,47.404061],[8.563487,47.404077],[8.563509,47.404092],[8.563533,47.404106],[8.563558,47.404119],[8.563584,47.404131],[8.563612,47.404142],[8.56364,47.404151],[8.563669,47.404158],[8.5637,47.404165],[8.56373,47.404169],[8.563761,47.404173],[8.563793,47.404174],[8.563824,47.404175],[8.563856,47.404173],[8.563887,47.40417],[8.564321,47.404101],[8.564353,47.404097],[8.564385,47.404095],[8.564417,47.404094],[8.564449,47.404094],[8.564481,47.404095],[8.564513,47.404097],[8.564545,47.404101],[8.564577,47.404105],[8.564608,47.40411],[8.564639,47.404117],[8.564669,47.404124],[8.564699,47.404132],[8.564728,47.404142],[8.564756,47.404152],[8.564784,47.404163],[8.564811,47.404175],[8.564836,47.404189],[8.564861,47.404202],[8.564885,47.404217],[8.564908,47.404233],[8.56493,47.404249],[8.56495,47.404266],[8.564969,47.404283],[8.564987,47.404301],[8.565004,47.40432],[8.565019,47.404339],[8.565032,47.404359],[8.565045,47.404379],[8.565056,47.4044],[8.565065,47.404421],[8.565073,47.404442],[8.565079,47.404463],[8.565219,47.404988],[8.565223,47.405016],[8.565229,47.405044],[8.565236,47.405073],[8.565245,47.4051],[8.565263,47.405148],[8.565286,47.405194],[8.565314,47.405239],[8.565345,47.405283],[8.565381,47.405325],[8.565421,47.405366],[8.565465,47.405405],[8.565512,47.405442],[8.566785,47.406242],[8.56711,47.406453],[8.567325,47.406605],[8.567509,47.406736],[8.567593,47.406799],[8.567676,47.406863],[8.567757,47.406927],[8.567838,47.406992],[8.567917,47.407057],[8.567996,47.407123],[8.568073,47.40719],[8.568149,47.407257],[8.569465,47.408394],[8.569685,47.408584],[8.569723,47.408616],[8.569761,47.408648],[8.569801,47.408679],[8.569841,47.408709],[8.569883,47.408739],[8.569925,47.408768],[8.569969,47.408796],[8.570013,47.408824],[8.570076,47.408862],[8.570141,47.408898],[8.570232,47.408945],[8.570327,47.408989],[8.570424,47.409031],[8.570524,47.40907],[8.570626,47.409106],[8.57073,47.409138],[8.570836,47.409168],[8.570945,47.409195],[8.571008,47.409208],[8.571072,47.409221],[8.571137,47.409233],[8.571202,47.409244],[8.571267,47.409253],[8.571333,47.409261],[8.571399,47.409269],[8.571465,47.409275],[8.571815,47.409304],[8.571897,47.409311],[8.571996,47.409319],[8.572095,47.409325],[8.572194,47.409329],[8.572293,47.409331],[8.572417,47.40933],[8.572541,47.409325],[8.572664,47.409317],[8.572787,47.409305],[8.572908,47.40929],[8.573029,47.409272],[8.573149,47.40925],[8.573267,47.409224],[8.573766,47.409113],[8.574811,47.408873],[8.57496,47.408836],[8.57508,47.408806],[8.57566,47.408655],[8.576456,47.408441],[8.576913,47.408318],[8.577842,47.408068],[8.577949,47.408036],[8.578056,47.408002],[8.578162,47.407967],[8.578266,47.407931],[8.57837,47.407892],[8.578472,47.407853],[8.578572,47.407811],[8.578671,47.407768],[8.579387,47.407438],[8.579527,47.407373],[8.580927,47.406723],[8.580994,47.406691],[8.581059,47.406657],[8.581121,47.406621],[8.581181,47.406582],[8.581237,47.406541],[8.581289,47.406498],[8.581338,47.406453],[8.581384,47.406407],[8.581742,47.406027],[8.581145,47.405884],[8.581703,47.404755],[8.581729,47.404705],[8.581776,47.40461],[8.582144,47.403866],[8.582158,47.403833],[8.58217,47.4038],[8.582181,47.403767],[8.58219,47.403733],[8.582197,47.403699],[8.582202,47.403665],[8.582206,47.403631],[8.582208,47.403597],[8.582208,47.403546],[8.582204,47.403495],[8.582196,47.403444],[8.582184,47.403394],[8.582169,47.403344],[8.58215,47.403295],[8.582127,47.403247],[8.582101,47.403199],[8.581855,47.402809],[8.581773,47.402682]],[[8.555719,47.369581],[8.555852,47.369627],[8.556539,47.369957],[8.556653,47.370009],[8.55674,47.370048],[8.55715,47.370214],[8.557247,47.370254],[8.557347,47.370293],[8.557447,47.37033],[8.557549,47.370365],[8.557652,47.370398],[8.557757,47.37043],[8.557862,47.37046],[8.557969,47.370488],[8.557486,47.370924],[8.557809,47.371356],[8.557911,47.371426],[8.558179,47.371529],[8.558738,47.371764],[8.558917,47.371844],[8.558908,47.371948],[8.558901,47.371979],[8.558877,47.372057],[8.558627,47.372891],[8.558595,47.372969],[8.558545,47.372961],[8.558495,47.372955],[8.558443,47.372951],[8.558392,47.372951],[8.55834,47.372952],[8.558289,47.372957],[8.558239,47.372964],[8.558189,47.372973],[8.558141,47.372985],[8.558094,47.372999],[8.558048,47.373016],[8.558005,47.373034],[8.557963,47.373055],[8.557924,47.373078],[8.557888,47.373103],[8.557854,47.373129],[8.557535,47.373398],[8.55733,47.373604],[8.556612,47.374234],[8.55641,47.37441],[8.556211,47.3746],[8.555427,47.375278],[8.555241,47.375505],[8.555209,47.375659],[8.554767,47.376621],[8.554694,47.376838],[8.554775,47.376816],[8.554854,47.376793],[8.554932,47.376766],[8.555008,47.376738],[8.555083,47.376708],[8.555156,47.376676],[8.555227,47.376642],[8.555296,47.376606],[8.555843,47.377198],[8.555861,47.377227],[8.555875,47.377257],[8.555883,47.377288],[8.555886,47.377319],[8.555884,47.37735],[8.555876,47.377381],[8.555864,47.377411],[8.555846,47.37744],[8.555824,47.377468],[8.555797,47.377493],[8.555766,47.377516],[8.555731,47.377537],[8.555693,47.377555],[8.555653,47.377569],[8.55561,47.377581],[8.555565,47.377589],[8.555552,47.377591],[8.555024,47.37767],[8.554977,47.377678],[8.554931,47.377687],[8.554885,47.377699],[8.554841,47.377711],[8.554797,47.377725],[8.554754,47.37774],[8.554712,47.377757],[8.554671,47.377775],[8.554632,47.377794],[8.554594,47.377814],[8.554557,47.377836],[8.554522,47.377858],[8.554488,47.377882],[8.554457,47.377907],[8.554426,47.377932],[8.554398,47.377959],[8.554098,47.378251],[8.553619,47.378716],[8.553603,47.378733],[8.553588,47.37875],[8.553576,47.378769],[8.553567,47.378788],[8.55356,47.378807],[8.553556,47.378827],[8.553554,47.378847],[8.553556,47.378867],[8.553559,47.378887],[8.553566,47.378906],[8.553574,47.378925],[8.553586,47.378944],[8.5536,47.378961],[8.553616,47.378978],[8.553634,47.378994],[8.553654,47.379008],[8.553812,47.379121],[8.553947,47.379219],[8.554121,47.379345],[8.554808,47.379853],[8.554836,47.379869],[8.554863,47.379886],[8.554888,47.379904],[8.554912,47.379923],[8.554934,47.379943],[8.554954,47.379964],[8.554973,47.379985],[8.554989,47.380007],[8.555652,47.381113],[8.555395,47.381229],[8.555407,47.38124],[8.555419,47.381252],[8.555429,47.381264],[8.555438,47.381276],[8.555446,47.381289],[8.555452,47.381302],[8.555458,47.381316],[8.555461,47.381329],[8.555464,47.381343],[8.555465,47.381357],[8.555465,47.381371],[8.555463,47.381385],[8.55546,47.381398],[8.555455,47.381412],[8.55545,47.381425],[8.555442,47.381438],[8.555345,47.381596],[8.555107,47.382001],[8.554996,47.382177],[8.554929,47.382285],[8.55423,47.383406],[8.55421,47.38344],[8.554188,47.383475],[8.554157,47.383519],[8.554122,47.383562],[8.554085,47.383604],[8.554045,47.383644],[8.554012,47.383674],[8.553978,47.383704],[8.553904,47.383761],[8.55383,47.383818],[8.553748,47.383882],[8.552301,47.384998],[8.552148,47.385112],[8.552098,47.38515],[8.552053,47.38519],[8.552011,47.385231],[8.551973,47.385275],[8.55194,47.38532],[8.551912,47.385367],[8.551888,47.385415],[8.551869,47.385464],[8.551613,47.386405],[8.551548,47.386625],[8.551481,47.386854],[8.551477,47.386901],[8.551471,47.386978],[8.551287,47.388039],[8.551276,47.3881],[8.551269,47.388141],[8.551157,47.388769],[8.551142,47.388906],[8.551122,47.389435],[8.551116,47.389598],[8.551087,47.389602],[8.551059,47.389608],[8.551032,47.389615],[8.551007,47.389625],[8.550984,47.389637],[8.550962,47.38965],[8.550943,47.389665],[8.550926,47.389681],[8.550915,47.389694],[8.550906,47.389708],[8.550898,47.389722],[8.550892,47.389736],[8.550887,47.38975],[8.550884,47.389765],[8.550883,47.38978],[8.550883,47.389795],[8.550882,47.389882],[8.550875,47.390111],[8.550872,47.390174],[8.550873,47.390237],[8.550913,47.390977],[8.550926,47.391209],[8.550955,47.391741],[8.550979,47.392175],[8.550978,47.392204],[8.550973,47.392233],[8.550963,47.392261],[8.550948,47.392289],[8.55093,47.392315],[8.550907,47.392339],[8.550881,47.392362],[8.550851,47.392383],[8.550818,47.392402],[8.550774,47.392421],[8.55073,47.392439],[8.550685,47.392457],[8.55064,47.392474],[8.550593,47.39249],[8.550547,47.392505],[8.550499,47.392519],[8.550451,47.392533],[8.550721,47.392844],[8.550934,47.39313],[8.551084,47.393342],[8.551196,47.393575],[8.55129,47.393763],[8.551396,47.394022],[8.551688,47.394798],[8.55174,47.394938],[8.551801,47.395067],[8.552153,47.395802],[8.552501,47.396511],[8.552542,47.396637],[8.552562,47.396701],[8.552602,47.396859],[8.552621,47.397005],[8.552639,47.397406],[8.552663,47.397537],[8.552793,47.397995],[8.552897,47.398273],[8.552961,47.398427],[8.553184,47.399009],[8.553287,47.399194],[8.553299,47.399212],[8.553299,47.399215],[8.553297,47.399216],[8.55347,47.399447],[8.553571,47.399567]],[[8.54614,47.367906],[8.546471,47.367611],[8.546496,47.367589],[8.54655,47.367547],[8.546604,47.367503],[8.546656,47.367459],[8.546706,47.367414],[8.546793,47.367333],[8.54688,47.367257],[8.54707,47.367067],[8.54726,47.366881],[8.547291,47.366849],[8.547325,47.366818],[8.547359,47.366788],[8.547394,47.366758],[8.54743,47.366728],[8.547468,47.366699],[8.547506,47.366671],[8.547546,47.366644],[8.547872,47.366438],[8.547914,47.366445],[8.547956,47.36645],[8.547999,47.366453],[8.548043,47.366452],[8.548086,47.366449],[8.548128,47.366441],[8.548492,47.366283],[8.548736,47.366187],[8.548879,47.366131],[8.549012,47.366087],[8.549146,47.366045],[8.549282,47.366005],[8.549418,47.365966],[8.549555,47.365929],[8.549693,47.365893],[8.549833,47.36586],[8.549973,47.365828],[8.550193,47.365795],[8.550835,47.365741],[8.550964,47.36573],[8.551093,47.365715],[8.551221,47.365698],[8.551348,47.365678],[8.551474,47.365654],[8.551599,47.365628],[8.551722,47.365599],[8.551844,47.365567],[8.551961,47.365539],[8.55208,47.365513],[8.5522,47.36549],[8.55232,47.365469],[8.552851,47.366044],[8.553008,47.366214],[8.553205,47.366429],[8.5535,47.366743],[8.553619,47.36681],[8.554727,47.367344],[8.555063,47.367506],[8.555355,47.367646],[8.555784,47.367853],[8.556146,47.368027],[8.556942,47.368411]],[[8.544282,47.367078],[8.544374,47.367014],[8.544462,47.366947],[8.544546,47.366879],[8.544626,47.366808],[8.544702,47.366735],[8.544774,47.36666],[8.544841,47.366583],[8.544904,47.366504],[8.54493,47.366465],[8.544956,47.366425],[8.54498,47.366385],[8.545002,47.366345],[8.545224,47.366437],[8.545631,47.366617],[8.545658,47.366631],[8.545685,47.366645],[8.54571,47.36666],[8.545733,47.366676],[8.545756,47.366694],[8.545777,47.366712],[8.545796,47.36673],[8.545814,47.36675],[8.545878,47.366719],[8.54594,47.366687],[8.546,47.366653],[8.546058,47.366618],[8.546114,47.366581],[8.546168,47.366542],[8.546219,47.366502],[8.546268,47.366461],[8.546656,47.366147],[8.546914,47.365942]],[[8.548879,47.366131],[8.548218,47.36549],[8.548024,47.365302],[8.547904,47.3652],[8.547463,47.365552],[8.547307,47.365661],[8.54711,47.365799],[8.546983,47.365887],[8.546914,47.365942],[8.547195,47.366072],[8.547712,47.366368],[8.547749,47.366388],[8.547789,47.366407],[8.54783,47.366423],[8.547872,47.366438]]],"type":"MultiLineString"}},{"type":"Feature","properties":{"nr":22,"name":"Wiedikon - Bullingerplatz - Hohlstrasse","abschnitt":"Gutstrasse - Hohlstrasse","beschriftung":1},"geometry":{"coordinates":[[[8.516111,47.37872],[8.516149,47.37849],[8.516264,47.377781],[8.51633,47.377377],[8.516391,47.377008],[8.516517,47.376285],[8.516597,47.375799],[8.516642,47.375641],[8.516313,47.37546],[8.515524,47.375017],[8.514724,47.374571],[8.514634,47.374517],[8.514422,47.374398],[8.513509,47.373888],[8.512406,47.37327],[8.512246,47.373181],[8.512087,47.373092],[8.511673,47.372859],[8.511139,47.37256],[8.510942,47.37245],[8.510392,47.372141],[8.510367,47.371955],[8.510212,47.37108],[8.510202,47.371028],[8.510083,47.370438],[8.510078,47.370418],[8.510069,47.370399],[8.510056,47.370382],[8.51004,47.370365],[8.509807,47.370148]],[[8.521482,47.379647],[8.521262,47.379774],[8.521173,47.379822],[8.521081,47.379867],[8.520987,47.37991],[8.520891,47.379951],[8.520728,47.38002],[8.520641,47.380058],[8.520554,47.380095],[8.520465,47.380131],[8.520376,47.380165],[8.519767,47.380407],[8.519595,47.380248],[8.519424,47.380087],[8.519255,47.379926],[8.519087,47.379764],[8.518957,47.379637],[8.51881,47.379491],[8.518664,47.379345],[8.51852,47.379199],[8.518377,47.379051],[8.518253,47.378946],[8.51816,47.378849],[8.518069,47.378751],[8.51798,47.378652],[8.517893,47.378552],[8.517809,47.378451],[8.517726,47.378349],[8.517647,47.378247],[8.517569,47.378143],[8.516781,47.377125],[8.516735,47.377039],[8.516391,47.377008]]],"type":"MultiLineString"}},{"type":"Feature","properties":{"nr":7,"name":"Witikon - Fluntern","abschnitt":"Witikonerstrasse - Voltastrasse","beschriftung":1},"geometry":{"coordinates":[[[8.555652,47.381113],[8.556365,47.380795],[8.556403,47.380778],[8.556605,47.380696],[8.556708,47.38064],[8.556937,47.380515],[8.558294,47.379766],[8.558402,47.379707],[8.559333,47.37919],[8.559455,47.379109],[8.559639,47.379003],[8.561017,47.378215],[8.561072,47.378183],[8.561608,47.377877],[8.561673,47.377841],[8.561741,47.377807],[8.561812,47.377777],[8.561885,47.377749],[8.56196,47.377724],[8.562038,47.377702],[8.562117,47.377683],[8.562198,47.377668],[8.562206,47.377666],[8.562236,47.377656],[8.562264,47.377643],[8.56229,47.377628],[8.562313,47.377612],[8.562333,47.377593],[8.56235,47.377573],[8.562363,47.377552],[8.562373,47.37753],[8.562546,47.377108],[8.562573,47.377047],[8.562605,47.376987],[8.562642,47.376928],[8.562684,47.376871],[8.56273,47.376816],[8.56278,47.376762],[8.562835,47.37671],[8.562895,47.376661],[8.563452,47.37621],[8.563492,47.376178],[8.56358,47.37577],[8.563609,47.375755],[8.563637,47.375738],[8.563665,47.37572],[8.56369,47.375702],[8.563763,47.375637],[8.563785,47.375603],[8.563807,47.375567],[8.563827,47.375532],[8.563846,47.375496],[8.564142,47.375497],[8.564203,47.375478],[8.564266,47.375461],[8.564329,47.375447],[8.564393,47.375434],[8.565773,47.375289],[8.56596,47.375271],[8.566271,47.375241],[8.566307,47.375237],[8.566343,47.375232],[8.566378,47.375224],[8.566412,47.375216],[8.566446,47.375206],[8.566478,47.375194],[8.56651,47.375181],[8.56654,47.375167],[8.566568,47.375151],[8.566595,47.375135],[8.566621,47.375117],[8.566644,47.375098],[8.566666,47.375078],[8.566686,47.375057],[8.566704,47.375035],[8.56672,47.375013],[8.56675,47.374877],[8.566763,47.374878],[8.566777,47.374877],[8.56679,47.374875],[8.566803,47.374872],[8.566815,47.374868],[8.566827,47.374863],[8.566837,47.374856],[8.566846,47.374849],[8.566878,47.374807],[8.567071,47.374531],[8.56717,47.37439],[8.567201,47.37435],[8.567234,47.374311],[8.567269,47.374273],[8.567305,47.374235],[8.567344,47.374198],[8.567384,47.374163],[8.567426,47.374128],[8.56747,47.374094],[8.567516,47.374061],[8.567563,47.374029],[8.567612,47.373999],[8.567662,47.373969],[8.567713,47.373941],[8.567767,47.373914],[8.567821,47.373888],[8.567877,47.373864],[8.568494,47.373601],[8.568576,47.373573],[8.568656,47.373542],[8.568734,47.373509],[8.56881,47.373472],[8.568883,47.373433],[8.568952,47.373391],[8.569117,47.373297],[8.569766,47.372898],[8.569811,47.372866],[8.569858,47.372836],[8.569907,47.372806],[8.569957,47.372778],[8.570009,47.372751],[8.570062,47.372725],[8.570116,47.372701],[8.570172,47.372678],[8.570229,47.372656],[8.570287,47.372636],[8.570346,47.372618],[8.570406,47.372601],[8.570467,47.372585],[8.570529,47.372571],[8.570591,47.372559],[8.570654,47.372548],[8.572138,47.372332],[8.572198,47.372326],[8.572258,47.372321],[8.572318,47.372317],[8.572378,47.372314],[8.572438,47.372312],[8.572498,47.372311],[8.572559,47.372311],[8.572619,47.372312],[8.572679,47.372313],[8.572739,47.372316],[8.572799,47.372319],[8.572859,47.372324],[8.572919,47.372329],[8.572978,47.372335],[8.573038,47.372342],[8.573097,47.37235],[8.573713,47.37242],[8.573786,47.372424],[8.573859,47.372426],[8.573932,47.372424],[8.574005,47.372421],[8.574077,47.372414],[8.574149,47.372405],[8.574219,47.372393],[8.574289,47.372378],[8.574352,47.372362],[8.574413,47.372345],[8.574474,47.372325],[8.574532,47.372303],[8.574589,47.372279],[8.574644,47.372253],[8.574697,47.372225],[8.574748,47.372196],[8.574779,47.37218],[8.574813,47.372166],[8.574848,47.372154],[8.574884,47.372144],[8.574921,47.372136],[8.57496,47.372131],[8.574999,47.372128],[8.575038,47.372127],[8.575079,47.372109],[8.575119,47.372091],[8.575159,47.372071],[8.575196,47.37205],[8.575233,47.372028],[8.575269,47.372006],[8.575303,47.371982],[8.575336,47.371958],[8.575367,47.371933],[8.575397,47.371907],[8.575426,47.37188],[8.575453,47.371852],[8.575478,47.371824],[8.575502,47.371795],[8.575524,47.371766],[8.575544,47.371736],[8.575566,47.371676],[8.575589,47.371616],[8.575615,47.371557],[8.575643,47.371499],[8.575674,47.371441],[8.575706,47.371383],[8.575741,47.371327],[8.575778,47.37127],[8.575817,47.371215],[8.575859,47.37116],[8.575902,47.371106],[8.575947,47.371053],[8.575995,47.371],[8.576044,47.370948],[8.576095,47.370898],[8.576149,47.370848],[8.576631,47.370351],[8.576709,47.370274],[8.576783,47.370195],[8.576853,47.370115],[8.576919,47.370033],[8.576981,47.369949],[8.577039,47.369865],[8.577093,47.369779],[8.577142,47.369692],[8.57727,47.369508],[8.577842,47.368756],[8.578536,47.367855],[8.578901,47.367381],[8.579,47.367253],[8.579143,47.367195],[8.579216,47.367159],[8.579405,47.367071],[8.579637,47.366991],[8.579839,47.366943],[8.579933,47.36692],[8.580228,47.366873],[8.581002,47.366803],[8.581144,47.366789],[8.581284,47.366771],[8.581585,47.366731],[8.581942,47.366683],[8.582076,47.366664],[8.58221,47.366643],[8.582343,47.366622],[8.582476,47.366598],[8.582609,47.366574],[8.58274,47.366547],[8.582871,47.36652],[8.583002,47.366491],[8.583109,47.366459],[8.583214,47.366425],[8.583316,47.366387],[8.583417,47.366346],[8.584117,47.36605],[8.584969,47.365678],[8.584969,47.365678],[8.585012,47.365661],[8.585056,47.365646],[8.585101,47.365632],[8.585147,47.36562],[8.585147,47.36562],[8.585203,47.365607],[8.585254,47.365595],[8.585307,47.365584],[8.585377,47.36557],[8.585377,47.36557],[8.58544,47.36556],[8.585503,47.365554],[8.585538,47.365552],[8.586643,47.365508],[8.587179,47.365499],[8.587752,47.365525],[8.587881,47.365534],[8.588094,47.365547],[8.588239,47.36541],[8.588486,47.365165],[8.588513,47.365142],[8.588542,47.36512],[8.588572,47.3651],[8.588605,47.365081],[8.58864,47.365063],[8.588676,47.365048],[8.588714,47.365033],[8.588753,47.365021],[8.588793,47.365011],[8.588834,47.365002],[8.588876,47.364995],[8.588918,47.36499],[8.588961,47.364987],[8.589004,47.364986],[8.589047,47.364988],[8.58909,47.364991],[8.590034,47.365071],[8.590219,47.365068],[8.590553,47.364955],[8.591012,47.364819],[8.591523,47.364662],[8.591587,47.364642],[8.591622,47.36463],[8.591655,47.364616],[8.591686,47.364601],[8.591715,47.364583],[8.591741,47.364564],[8.591764,47.364543],[8.591785,47.364521],[8.591803,47.364497],[8.591983,47.364229],[8.592061,47.364113],[8.592398,47.363733],[8.592422,47.363712],[8.592445,47.363689],[8.592467,47.363667],[8.592487,47.363643],[8.592506,47.36362],[8.592524,47.363595],[8.592541,47.363571],[8.592556,47.363546],[8.59257,47.363521],[8.592583,47.363495],[8.592594,47.363469],[8.592604,47.363443],[8.592612,47.363416],[8.59262,47.36339],[8.592625,47.363363],[8.59263,47.363336],[8.592639,47.363299],[8.59265,47.363262],[8.592663,47.363226],[8.592677,47.36319],[8.592694,47.363154],[8.592713,47.363119],[8.592734,47.363084],[8.592757,47.36305],[8.592781,47.363017],[8.592807,47.362984],[8.592836,47.362952],[8.592865,47.36292],[8.592897,47.36289],[8.59293,47.36286],[8.592965,47.362831],[8.593001,47.362803],[8.593096,47.362684],[8.592914,47.362591],[8.592891,47.362579],[8.592872,47.362565],[8.592856,47.362549],[8.592844,47.362531],[8.592837,47.362513],[8.592834,47.362493],[8.592835,47.362474],[8.592842,47.362455],[8.592885,47.362361],[8.592933,47.362268],[8.592986,47.362175],[8.593043,47.362085],[8.593105,47.361995],[8.593172,47.361907],[8.593242,47.361821],[8.593317,47.361736],[8.593397,47.361652],[8.593909,47.36114],[8.593941,47.361113],[8.593973,47.361085],[8.594003,47.361056],[8.594031,47.361027],[8.594059,47.360998],[8.594086,47.360968],[8.594111,47.360937],[8.594135,47.360906],[8.594157,47.360875],[8.594179,47.360843],[8.594199,47.360811],[8.594218,47.360778],[8.594235,47.360745],[8.594251,47.360712],[8.594266,47.360679],[8.59428,47.360645],[8.594303,47.360559],[8.594325,47.360474],[8.594344,47.360388],[8.594362,47.360302],[8.594377,47.360215],[8.59439,47.360129],[8.594401,47.360042],[8.594409,47.359956],[8.59457,47.359878]]],"type":"MultiLineString"}},{"type":"Feature","properties":{"nr":9,"name":"Tiefenbrunnen - Limmatquai - Rämistrasse","abschnitt":"Arosastrasse - Rämistrasse","beschriftung":1},"geometry":{"coordinates":[[[8.544282,47.367078],[8.544279,47.367101],[8.544278,47.367125],[8.544278,47.367149],[8.54428,47.367173],[8.544284,47.367196],[8.544289,47.36722],[8.544296,47.367243],[8.544305,47.367266],[8.544312,47.367302],[8.544316,47.367338],[8.544316,47.367374],[8.544313,47.36741],[8.544307,47.367446],[8.544298,47.367482],[8.544286,47.367517],[8.544271,47.367552],[8.544054,47.367998],[8.543893,47.368318],[8.54379,47.36849],[8.543576,47.368987],[8.543552,47.36902],[8.543532,47.369053],[8.543516,47.369088],[8.543505,47.369123],[8.543498,47.369159],[8.543495,47.369195],[8.543497,47.369231],[8.543503,47.369267],[8.543507,47.369313],[8.54351,47.369359],[8.54351,47.369405],[8.543509,47.369451],[8.543506,47.369497],[8.543502,47.369543],[8.543496,47.369588],[8.543488,47.369634],[8.543475,47.369692],[8.54346,47.369751],[8.543442,47.369808],[8.543421,47.369866],[8.543398,47.369923],[8.543372,47.369979],[8.543343,47.370035],[8.543312,47.37009],[8.543191,47.370315],[8.54316,47.370378],[8.543132,47.370441],[8.543106,47.370505],[8.543081,47.370569],[8.543055,47.370645],[8.543031,47.370721],[8.54301,47.370798],[8.542991,47.370875],[8.542931,47.371181],[8.542904,47.371322],[8.542882,47.371438],[8.542863,47.371555],[8.542847,47.371672],[8.542833,47.371788],[8.542827,47.371846],[8.54281,47.372133],[8.54279,47.372474],[8.542781,47.372622],[8.542783,47.37279],[8.542785,47.372923],[8.542789,47.373178],[8.54279,47.373232],[8.542795,47.373332],[8.542804,47.373431],[8.542812,47.373504],[8.542822,47.373577],[8.542839,47.37368],[8.542859,47.373782],[8.54287,47.373826],[8.542903,47.373917],[8.54295,47.374048],[8.542965,47.374106],[8.543025,47.374355],[8.54312,47.374743],[8.543149,47.37486],[8.543387,47.375497],[8.543413,47.375567],[8.543423,47.375593],[8.543528,47.375942],[8.543565,47.376053],[8.543601,47.376164],[8.543634,47.376275],[8.543665,47.376386],[8.543668,47.376412],[8.543673,47.376437],[8.54368,47.376462],[8.543689,47.376486],[8.5437,47.376511],[8.543714,47.376534],[8.543729,47.376557],[8.543747,47.37658],[8.543766,47.376601],[8.543788,47.376622],[8.543811,47.376642],[8.543836,47.376661],[8.543862,47.376679],[8.54389,47.376696],[8.54392,47.376712],[8.54395,47.376726],[8.543982,47.376739],[8.544015,47.376751],[8.54405,47.376761],[8.544084,47.376771],[8.54412,47.376778],[8.544156,47.376784],[8.544193,47.376789],[8.54423,47.376792],[8.544267,47.376794],[8.544305,47.376794],[8.544342,47.376793],[8.544379,47.37679],[8.544416,47.376786],[8.544452,47.37678],[8.544488,47.376773],[8.544523,47.376764],[8.544176,47.377004],[8.544195,47.377018],[8.544212,47.377032],[8.544228,47.377048],[8.544242,47.377064],[8.544253,47.377082],[8.544262,47.377099],[8.544269,47.377118],[8.544274,47.377136],[8.544299,47.378004],[8.544287,47.378736],[8.544285,47.378897],[8.544284,47.378922],[8.544242,47.379429],[8.544275,47.379436],[8.544308,47.379441],[8.544342,47.379445],[8.544376,47.379447],[8.54441,47.379448],[8.544445,47.379446],[8.544479,47.379443],[8.544512,47.379438],[8.544545,47.379431],[8.544578,47.379423],[8.544609,47.379413],[8.544639,47.379402],[8.544667,47.379389],[8.544694,47.379374],[8.54472,47.379359],[8.544743,47.379342],[8.544911,47.379194],[8.545056,47.379066],[8.545113,47.379028],[8.545168,47.378988],[8.545219,47.378946],[8.545267,47.378903],[8.545311,47.378857],[8.545352,47.37881],[8.54539,47.378762],[8.545423,47.378713],[8.545595,47.378443],[8.545666,47.378332],[8.545817,47.3781],[8.546392,47.377211],[8.546434,47.377155],[8.546475,47.377098],[8.546514,47.377041],[8.546552,47.376984],[8.547323,47.377149],[8.548385,47.377376]],[[8.543576,47.368987],[8.543839,47.368758],[8.544164,47.368475],[8.544313,47.368336],[8.544639,47.36803],[8.544892,47.367793],[8.545033,47.367846],[8.545325,47.367959],[8.54592,47.368195],[8.54614,47.367906]],[[8.547904,47.3652],[8.547781,47.365097],[8.547549,47.364873],[8.547425,47.364771],[8.547351,47.36471],[8.547296,47.364672],[8.547237,47.364636],[8.547176,47.364603],[8.547111,47.364572],[8.547472,47.364114],[8.548122,47.363289],[8.548144,47.363259],[8.548235,47.363144],[8.548538,47.36276],[8.548629,47.36264],[8.54887,47.362334],[8.549131,47.362005],[8.549475,47.36157],[8.549491,47.361549],[8.549862,47.361096],[8.54989,47.361062],[8.550221,47.360642],[8.550262,47.360587],[8.550281,47.360561],[8.550687,47.360046],[8.550858,47.35983],[8.550866,47.35982],[8.551353,47.359201],[8.551396,47.359146],[8.551439,47.359091],[8.551716,47.358738],[8.552444,47.357813],[8.552768,47.357403],[8.552894,47.357245],[8.553219,47.356831],[8.553545,47.356417],[8.553715,47.3562],[8.554052,47.355773],[8.554119,47.355696],[8.554211,47.35559],[8.55451,47.355243],[8.554734,47.355023],[8.555054,47.354762],[8.555069,47.354749],[8.555384,47.354493],[8.555485,47.354411],[8.555743,47.354201],[8.555824,47.354135],[8.556546,47.353546],[8.556627,47.353476],[8.556654,47.35346],[8.55668,47.353443],[8.556704,47.353425],[8.556726,47.353407],[8.556748,47.353387],[8.556767,47.353367],[8.556785,47.353346],[8.556801,47.353325],[8.556816,47.353303],[8.556829,47.35328],[8.55684,47.353257],[8.556849,47.353234],[8.556856,47.35321],[8.556861,47.353186],[8.556865,47.353162],[8.556866,47.353138],[8.556865,47.353106],[8.556861,47.353073],[8.556853,47.353042],[8.556842,47.35301],[8.556952,47.352969],[8.557059,47.352925],[8.557164,47.352878],[8.557267,47.352829],[8.557367,47.352777],[8.557464,47.352723],[8.557559,47.352667],[8.55765,47.352609],[8.557769,47.352521],[8.557899,47.352626],[8.558802,47.353241],[8.55885,47.353189],[8.55905,47.35298],[8.559116,47.352904],[8.559223,47.352783],[8.559374,47.352625],[8.559405,47.352587],[8.559453,47.352534],[8.559499,47.352481],[8.559543,47.352426],[8.559585,47.35237],[8.559632,47.352304],[8.559675,47.352237],[8.559716,47.35217],[8.559753,47.352101],[8.559756,47.3521],[8.559759,47.3521],[8.559762,47.352099],[8.559765,47.352098],[8.559768,47.352098],[8.55977,47.352097],[8.559773,47.352097],[8.559776,47.352096],[8.559779,47.352095],[8.559782,47.352095],[8.559784,47.352094],[8.559787,47.352093],[8.55979,47.352093],[8.559793,47.352092],[8.559796,47.352091],[8.559798,47.352091],[8.559801,47.35209],[8.559804,47.352089],[8.559807,47.352089],[8.55981,47.352088],[8.559812,47.352087],[8.559815,47.352087],[8.559818,47.352086],[8.559821,47.352085],[8.559824,47.352084],[8.559826,47.352084],[8.559829,47.352083],[8.559832,47.352082],[8.559835,47.352082],[8.559838,47.352081],[8.55984,47.35208],[8.559843,47.352079],[8.559846,47.352079],[8.559849,47.352078],[8.559851,47.352077],[8.559854,47.352076],[8.559857,47.352076],[8.55986,47.352075],[8.559862,47.352074],[8.559865,47.352073],[8.559868,47.352073],[8.559871,47.352072],[8.559873,47.352071],[8.559876,47.35207],[8.559879,47.352069],[8.559881,47.352069],[8.559884,47.352068],[8.559887,47.352067],[8.55989,47.352066],[8.559892,47.352065],[8.559895,47.352065],[8.559898,47.352064],[8.559901,47.352063],[8.559903,47.352062],[8.559906,47.352061],[8.559909,47.35206],[8.559911,47.35206],[8.559914,47.352059],[8.559917,47.352058],[8.559919,47.352057],[8.559922,47.352056],[8.559925,47.352055],[8.559928,47.352055],[8.55993,47.352054],[8.559933,47.352053],[8.559936,47.352052],[8.559938,47.352051],[8.559941,47.35205],[8.559944,47.352049],[8.559946,47.352048],[8.559949,47.352048],[8.559952,47.352047],[8.559954,47.352046],[8.559957,47.352045],[8.55996,47.352044],[8.559962,47.352043],[8.559965,47.352042],[8.559968,47.352041],[8.55997,47.35204],[8.559973,47.352039],[8.559975,47.352039],[8.559978,47.352038],[8.559981,47.352037],[8.559983,47.352036],[8.559986,47.352035],[8.559989,47.352034],[8.559991,47.352033],[8.559994,47.352032],[8.559997,47.352031],[8.559999,47.35203],[8.560002,47.352029],[8.560004,47.352028],[8.560007,47.352027],[8.56001,47.352026],[8.560012,47.352025],[8.560015,47.352024],[8.560017,47.352023],[8.56002,47.352022],[8.560023,47.352021],[8.560025,47.35202],[8.560028,47.352019],[8.56003,47.352018],[8.560033,47.352017],[8.560035,47.352016],[8.560038,47.352015],[8.560041,47.352014],[8.560043,47.352013],[8.560046,47.352012],[8.560048,47.352011],[8.560051,47.35201],[8.560053,47.352009],[8.560056,47.352008],[8.560058,47.352007],[8.560061,47.352006],[8.560064,47.352005],[8.560066,47.352004],[8.560069,47.352003],[8.560071,47.352002],[8.560074,47.352001],[8.560076,47.352],[8.560079,47.351999],[8.560081,47.351997],[8.560084,47.351996],[8.560086,47.351995],[8.560089,47.351994],[8.560091,47.351993],[8.560094,47.351992],[8.560096,47.351991],[8.560099,47.35199],[8.560101,47.351989],[8.560104,47.351988],[8.560106,47.351987],[8.560109,47.351985],[8.560111,47.351984],[8.560114,47.351983],[8.560116,47.351982],[8.560119,47.351981],[8.560121,47.35198],[8.560123,47.351979],[8.560126,47.351978],[8.560128,47.351976],[8.560131,47.351975],[8.560133,47.351974],[8.560136,47.351973],[8.560138,47.351972],[8.560141,47.351971],[8.560143,47.35197],[8.560145,47.351968],[8.560148,47.351967],[8.56015,47.351966],[8.560153,47.351965],[8.560155,47.351964],[8.560158,47.351963],[8.56016,47.351961],[8.560162,47.35196],[8.560165,47.351959],[8.560167,47.351958],[8.56017,47.351957],[8.560172,47.351955],[8.560174,47.351954],[8.560177,47.351953],[8.560179,47.351952],[8.560181,47.351951],[8.560184,47.351949],[8.560186,47.351948],[8.560189,47.351947],[8.560191,47.351946],[8.560193,47.351944],[8.560196,47.351943],[8.560198,47.351942],[8.5602,47.351941],[8.560203,47.351939],[8.560205,47.351938],[8.560207,47.351937],[8.56021,47.351936],[8.560212,47.351934],[8.560214,47.351933],[8.560217,47.351932],[8.560219,47.351931],[8.560221,47.351929],[8.560224,47.351928],[8.560226,47.351927],[8.560228,47.351926],[8.56023,47.351924],[8.560233,47.351923],[8.560235,47.351922],[8.560237,47.35192],[8.56024,47.351919],[8.560242,47.351918],[8.560244,47.351916],[8.560246,47.351915],[8.560249,47.351914],[8.560251,47.351913],[8.560253,47.351911],[8.560255,47.35191],[8.560258,47.351909],[8.56026,47.351907],[8.560262,47.351906],[8.560264,47.351905],[8.560267,47.351903],[8.560269,47.351902],[8.560271,47.351901],[8.560273,47.351899],[8.560275,47.351898],[8.560278,47.351897],[8.56028,47.351895],[8.560282,47.351894],[8.560284,47.351893],[8.560286,47.351891],[8.560289,47.35189],[8.560291,47.351888],[8.560293,47.351887],[8.560295,47.351886],[8.560297,47.351884],[8.5603,47.351883],[8.560302,47.351882],[8.560304,47.35188],[8.560306,47.351879],[8.560308,47.351877],[8.56031,47.351876],[8.560312,47.351875],[8.560315,47.351873],[8.560317,47.351872],[8.560319,47.35187],[8.560321,47.351869],[8.560323,47.351868],[8.560325,47.351866],[8.560327,47.351865],[8.560329,47.351863],[8.560332,47.351862],[8.560334,47.35186],[8.560336,47.351859],[8.560338,47.351858],[8.56034,47.351856],[8.560342,47.351855],[8.560344,47.351853],[8.560346,47.351852],[8.560348,47.35185],[8.56035,47.351849],[8.560352,47.351847],[8.560354,47.351846],[8.560356,47.351845],[8.560358,47.351843],[8.56036,47.351842],[8.560363,47.35184],[8.560365,47.351839],[8.560367,47.351837],[8.560369,47.351836],[8.560371,47.351834],[8.560373,47.351833],[8.560375,47.351831],[8.560377,47.35183],[8.560379,47.351828],[8.560381,47.351827],[8.560383,47.351825],[8.560385,47.351824]]],"type":"MultiLineString"}},{"type":"Feature","properties":{"nr":28,"name":"Manegg - Wollishofen","abschnitt":"Maneggbrücke - Tannenrauchstrasse","beschriftung":1},"geometry":{"coordinates":[[[8.528788,47.344066],[8.528662,47.344029],[8.527746,47.344024],[8.527551,47.34406],[8.527427,47.344095],[8.526877,47.344362],[8.526659,47.344436],[8.526449,47.344384],[8.525683,47.344019],[8.525008,47.343695],[8.524541,47.343468],[8.524568,47.343397],[8.524583,47.343332],[8.524621,47.342894],[8.524638,47.342363],[8.524653,47.342256],[8.524721,47.340956],[8.524413,47.340951],[8.524032,47.340958],[8.523982,47.340957],[8.523932,47.340953],[8.523883,47.340945],[8.523835,47.340935],[8.523787,47.340922],[8.523741,47.340906],[8.523698,47.340888],[8.523657,47.340867],[8.523619,47.340843],[8.523584,47.340818],[8.523553,47.34079],[8.523525,47.340761],[8.523287,47.340497],[8.52294,47.340197],[8.522846,47.340139],[8.522755,47.340079],[8.522668,47.340017],[8.522584,47.339952],[8.522504,47.339886],[8.522428,47.339817],[8.522356,47.339746],[8.522288,47.339673],[8.52225,47.339616],[8.522216,47.339558],[8.522187,47.339498],[8.522161,47.339438],[8.52214,47.339377],[8.522123,47.339315],[8.52211,47.339253],[8.522102,47.339191],[8.52208,47.339069],[8.522069,47.339008],[8.522052,47.338947],[8.52203,47.338887],[8.522003,47.338828],[8.521841,47.338565],[8.521555,47.338047],[8.5215,47.337952],[8.521443,47.337858],[8.521383,47.337765],[8.521321,47.337673],[8.521233,47.337547],[8.521142,47.337421],[8.521049,47.337297],[8.520954,47.337173],[8.520929,47.337146],[8.520901,47.337119],[8.520869,47.337094],[8.520835,47.337071],[8.520798,47.33705],[8.520758,47.337031],[8.520716,47.337014],[8.520673,47.336999],[8.520628,47.336987],[8.520582,47.336977],[8.520532,47.336968],[8.520482,47.336962],[8.52043,47.336958],[8.520379,47.336957],[8.520328,47.336959],[8.520277,47.336964],[8.520226,47.336971],[8.520177,47.336982],[8.5201,47.337004],[8.520023,47.337024],[8.519944,47.337043],[8.519864,47.337059],[8.51976,47.337077],[8.51961,47.337103],[8.51916,47.337213]]],"type":"MultiLineString"}},{"type":"Feature","properties":{"nr":11,"name":"Oerlikon - Bucheggplatz - Viadukt - Gleisquerung - PJZ","abschnitt":"Regensbergstrasse - Hohlstrasse","beschriftung":1},"geometry":{"coordinates":[[[8.525641,47.387397],[8.525165,47.38724],[8.523559,47.386707],[8.523027,47.386533],[8.522958,47.386509],[8.52289,47.386484],[8.522822,47.386458],[8.522756,47.386431],[8.522689,47.386404],[8.522624,47.386376],[8.52256,47.386347],[8.522496,47.386317],[8.522433,47.386286],[8.522371,47.386255],[8.52231,47.386222],[8.522249,47.386189],[8.52219,47.386156],[8.522131,47.386121],[8.522074,47.386086],[8.522017,47.38605],[8.521933,47.385993],[8.521851,47.385933],[8.521772,47.385873],[8.521696,47.38581],[8.521623,47.385746],[8.521554,47.38568],[8.521487,47.385612],[8.521424,47.385543],[8.521377,47.385489],[8.521332,47.385433],[8.521289,47.385377],[8.521248,47.38532],[8.521208,47.385262],[8.521171,47.385204],[8.521135,47.385145],[8.521102,47.385086],[8.520901,47.384578],[8.520886,47.383858],[8.52106,47.383351],[8.52134,47.382914],[8.521657,47.38256],[8.522364,47.382012],[8.519767,47.380407]],[[8.525438,47.387496],[8.525627,47.387582],[8.52574,47.387636],[8.52585,47.387692],[8.525957,47.38775],[8.526062,47.387811],[8.526163,47.387874],[8.526262,47.387939],[8.526357,47.388006],[8.526449,47.388076],[8.526542,47.388148],[8.526385,47.388237],[8.526343,47.38826],[8.526899,47.389072],[8.52721,47.38914],[8.527373,47.389242],[8.52723,47.389317],[8.527665,47.390093],[8.527896,47.390505],[8.52806,47.390731],[8.528509,47.391373],[8.528531,47.391405],[8.528581,47.391471],[8.528627,47.391538],[8.528671,47.391606],[8.528711,47.391675],[8.528876,47.391978],[8.528912,47.392045],[8.529241,47.39265],[8.529252,47.392672],[8.529257,47.392696],[8.529257,47.392719],[8.529252,47.392743],[8.529136,47.393017],[8.529116,47.393065],[8.529197,47.393229],[8.529277,47.393401],[8.529365,47.393515],[8.529499,47.393994],[8.529508,47.394026],[8.529543,47.394153],[8.529694,47.394687],[8.52971,47.394742],[8.529738,47.394846],[8.530008,47.395815],[8.530639,47.395818],[8.530691,47.395818],[8.530743,47.395817],[8.530794,47.395814],[8.530846,47.395811],[8.530897,47.395806],[8.530948,47.395799],[8.530998,47.395792],[8.531048,47.395783],[8.531441,47.395711],[8.53156,47.395689],[8.531627,47.395677],[8.531662,47.395672],[8.531697,47.395668],[8.531732,47.395665],[8.531768,47.395663],[8.531803,47.395662],[8.531839,47.395662],[8.531875,47.395662],[8.53191,47.395664],[8.53214,47.395678],[8.53214,47.395712],[8.532143,47.395745],[8.532148,47.395778],[8.532157,47.395811],[8.532194,47.395948],[8.532408,47.39661],[8.532427,47.396711],[8.532445,47.396812],[8.532462,47.396913],[8.532477,47.397014],[8.53249,47.397115],[8.532503,47.397216],[8.532514,47.397318],[8.532523,47.397419],[8.532475,47.39749],[8.532488,47.397788],[8.532472,47.397941],[8.532456,47.3981],[8.532445,47.398146],[8.532438,47.398192],[8.532437,47.398239],[8.532441,47.398285],[8.532449,47.398332],[8.532462,47.398377],[8.53248,47.398422],[8.532502,47.398466],[8.532529,47.398509],[8.532561,47.39855],[8.532596,47.39859],[8.532636,47.398628],[8.53268,47.398664],[8.532727,47.398698],[8.532777,47.398729],[8.532831,47.398758],[8.532875,47.398777],[8.532919,47.398795],[8.532965,47.398811],[8.533012,47.398827],[8.53306,47.39884],[8.533109,47.398852],[8.533159,47.398863],[8.533209,47.398872],[8.533547,47.398863],[8.533589,47.398861],[8.53363,47.398857],[8.533671,47.398851],[8.533711,47.398843],[8.533751,47.398833],[8.533789,47.398821],[8.533826,47.398807],[8.533861,47.398792],[8.533894,47.398775],[8.533926,47.398756],[8.533956,47.398736],[8.533983,47.398714],[8.534008,47.398691],[8.534031,47.398667],[8.534051,47.398642],[8.534068,47.398616],[8.534155,47.398383],[8.534181,47.39829],[8.534191,47.398265],[8.534198,47.398239],[8.534203,47.398213],[8.534207,47.398187],[8.534209,47.39816],[8.534208,47.398134],[8.534206,47.398108],[8.534201,47.398082],[8.534183,47.398048],[8.53416,47.398016],[8.534133,47.397985],[8.534102,47.397957],[8.534067,47.39793],[8.534028,47.397906],[8.533986,47.397884],[8.533942,47.397865],[8.533568,47.397787],[8.533238,47.39773],[8.533197,47.397722],[8.533156,47.397717],[8.533115,47.397714],[8.533073,47.397712],[8.533032,47.397713],[8.53299,47.397715],[8.532949,47.39772],[8.532908,47.397726],[8.532869,47.397737],[8.53283,47.397749],[8.532793,47.397762],[8.532758,47.397778],[8.532724,47.397795],[8.532692,47.397814],[8.532662,47.397835],[8.532634,47.397856],[8.532606,47.397885],[8.532579,47.397914],[8.532554,47.397943],[8.532531,47.397974],[8.532509,47.398004],[8.53249,47.398036],[8.532472,47.398068],[8.532456,47.3981]],[[8.533209,47.398872],[8.533199,47.398948],[8.533194,47.399024],[8.533193,47.3991],[8.533196,47.399176],[8.533204,47.399252],[8.533215,47.399327],[8.533231,47.399403],[8.533251,47.399477],[8.533276,47.399552],[8.533304,47.399625],[8.533336,47.399698],[8.533373,47.39977],[8.533413,47.399841],[8.533457,47.39991],[8.533505,47.399979],[8.533557,47.400046],[8.534001,47.40067],[8.534443,47.401291],[8.534505,47.401377],[8.534555,47.401451],[8.534607,47.401524],[8.534661,47.401597],[8.534716,47.401669],[8.534774,47.401741],[8.534832,47.401812],[8.534893,47.401882],[8.534955,47.401952],[8.535019,47.402021],[8.535085,47.402089],[8.535152,47.402157],[8.53522,47.402223],[8.535291,47.402289],[8.535363,47.402355],[8.535436,47.402419],[8.535511,47.402483],[8.535595,47.402542],[8.535676,47.402603],[8.535755,47.402665],[8.535832,47.402729],[8.535906,47.402794],[8.535977,47.402861],[8.536046,47.402929],[8.536111,47.402998],[8.536158,47.40305],[8.536204,47.403102],[8.536248,47.403156],[8.53629,47.40321],[8.536331,47.403264],[8.53637,47.403319],[8.536407,47.403375],[8.536443,47.403431],[8.53673,47.403926],[8.537594,47.405748],[8.537944,47.406501],[8.537973,47.406562],[8.538291,47.407172],[8.538495,47.407602],[8.538572,47.407738],[8.538651,47.407874],[8.538717,47.407985],[8.538784,47.408096],[8.53883,47.408165],[8.538878,47.408234],[8.538927,47.408302],[8.538978,47.40837],[8.53903,47.408438],[8.539084,47.408505],[8.539139,47.408571],[8.539196,47.408637],[8.539238,47.40868],[8.539282,47.408723],[8.539327,47.408764],[8.539373,47.408805],[8.539421,47.408845],[8.53947,47.408885],[8.539521,47.408924],[8.539572,47.408962]]],"type":"MultiLineString"}},{"type":"Feature","properties":{"nr":33,"name":"Letzigraben - Pfingstweidstrasse","abschnitt":"Triemli - Pfingstweidstrasse","beschriftung":1},"geometry":{"coordinates":[[[8.512123,47.389632],[8.512049,47.389598],[8.511973,47.389566],[8.511896,47.389536],[8.511817,47.389507],[8.511737,47.389481],[8.511655,47.389456],[8.511573,47.389433],[8.511489,47.389413],[8.511276,47.389388],[8.510728,47.389309],[8.510685,47.389303],[8.510643,47.389296],[8.510602,47.389288],[8.51056,47.389279],[8.510519,47.389269],[8.510479,47.389258],[8.510439,47.389247],[8.5104,47.389234],[8.510361,47.389221],[8.510323,47.389206],[8.510286,47.389191],[8.510249,47.389176],[8.510213,47.389159],[8.510179,47.389141],[8.510145,47.389123],[8.510111,47.389104],[8.510079,47.389084],[8.510048,47.389064],[8.510018,47.389043],[8.509988,47.389021],[8.50996,47.388998],[8.509933,47.388975],[8.509907,47.388952],[8.509883,47.388928],[8.509859,47.388903],[8.509837,47.388878],[8.509816,47.388852],[8.509796,47.388826],[8.509777,47.388799],[8.50976,47.388772],[8.509744,47.388745],[8.509729,47.388717],[8.509576,47.388338],[8.508961,47.386414],[8.508693,47.385562],[8.508684,47.38553],[8.508673,47.385497],[8.508661,47.385465],[8.508647,47.385433],[8.508633,47.385401],[8.508617,47.38537],[8.508599,47.385338],[8.508581,47.385307],[8.508561,47.385277],[8.50854,47.385247],[8.508518,47.385217],[8.508495,47.385188],[8.50847,47.385159],[8.508444,47.38513],[8.508418,47.385102],[8.50839,47.385075],[8.507756,47.384549],[8.507387,47.38426],[8.506984,47.383946],[8.506241,47.383357],[8.50609,47.383244],[8.504948,47.382351],[8.504827,47.382256],[8.503996,47.38159],[8.503836,47.381443],[8.503862,47.381422],[8.503886,47.381399],[8.503909,47.381376],[8.503931,47.381353],[8.503952,47.381329],[8.503971,47.381305],[8.503989,47.38128],[8.504006,47.381255],[8.504022,47.381229],[8.504036,47.381203],[8.504049,47.381177],[8.504061,47.38115],[8.504071,47.381123],[8.50408,47.381096],[8.504087,47.381069],[8.504093,47.381041],[8.504042,47.381025],[8.503989,47.381011],[8.503935,47.381],[8.503879,47.380993],[8.503823,47.380989],[8.503766,47.380987],[8.50371,47.38099],[8.503654,47.380995],[8.503598,47.381004],[8.503544,47.381015],[8.503492,47.38103],[8.503442,47.381048],[8.503394,47.381068],[8.503348,47.381091],[8.503306,47.381117],[8.503267,47.381145]],[[8.503836,47.381443],[8.503797,47.381452],[8.503758,47.381459],[8.503718,47.381465],[8.503678,47.38147],[8.503637,47.381474],[8.503596,47.381476],[8.503556,47.381478],[8.503515,47.381478],[8.503474,47.381477],[8.503433,47.381474],[8.503392,47.381471],[8.503352,47.381466],[8.503312,47.38146],[8.503273,47.381452],[8.503233,47.381444],[8.503195,47.381435],[8.503189,47.381416],[8.503185,47.381397],[8.503182,47.381379],[8.503181,47.38136],[8.503181,47.381341],[8.503182,47.381322],[8.503184,47.381303],[8.503188,47.381285],[8.503194,47.381266],[8.5032,47.381248],[8.503208,47.38123],[8.503218,47.381212],[8.503228,47.381195],[8.50324,47.381177],[8.503253,47.381161],[8.503267,47.381145],[8.503168,47.381078],[8.502115,47.380292],[8.50194,47.380165],[8.501869,47.380116],[8.500437,47.379129],[8.500255,47.379],[8.500074,47.378871],[8.499894,47.37874],[8.499716,47.378609],[8.499624,47.378537],[8.499533,47.378464],[8.499444,47.37839],[8.499356,47.378316],[8.49927,47.378241],[8.499185,47.378165],[8.499101,47.378088],[8.499019,47.378011],[8.498764,47.37777],[8.498618,47.3776],[8.4985,47.377462],[8.49666,47.375484],[8.496076,47.374855],[8.495868,47.374631],[8.495711,47.374486],[8.495606,47.374388],[8.494773,47.373488],[8.494715,47.373425],[8.494659,47.373361],[8.494605,47.373297],[8.494553,47.373231],[8.49451,47.373175],[8.494469,47.373119],[8.494429,47.373062],[8.494391,47.373004],[8.494354,47.372946],[8.494319,47.372888],[8.494285,47.372829],[8.494253,47.37277],[8.494113,47.372504],[8.49399,47.372271],[8.493952,47.372197],[8.493911,47.372124],[8.493868,47.372052],[8.493822,47.37198],[8.493775,47.371909],[8.493725,47.371839],[8.493673,47.371769],[8.493619,47.371701],[8.493547,47.371614],[8.493472,47.371529],[8.493309,47.371367],[8.493145,47.371207],[8.492982,47.371049],[8.492819,47.370892],[8.492764,47.370834],[8.492711,47.370774],[8.492661,47.370714],[8.492613,47.370653],[8.492381,47.370354],[8.49233,47.3703],[8.492279,47.370245]]],"type":"MultiLineString"}},{"type":"Feature","properties":{"nr":18,"name":"Altstetten - Albisrieden - Wiedikon","abschnitt":"Stadtgrenze (Schlieren) - Bertastrasse","beschriftung":1},"geometry":{"coordinates":[[[8.465177,47.391314],[8.465505,47.39114],[8.465523,47.391131],[8.465541,47.391124],[8.465561,47.391119],[8.465582,47.391115],[8.465604,47.391113],[8.465625,47.391113],[8.465647,47.391115],[8.465668,47.391118],[8.465926,47.391152],[8.465962,47.391154],[8.465999,47.391154],[8.466036,47.391151],[8.466072,47.391146],[8.466107,47.391139],[8.466141,47.391129],[8.466174,47.391117],[8.466204,47.391103],[8.466394,47.390998],[8.466587,47.390896],[8.46665,47.390862],[8.466713,47.39083],[8.466778,47.390799],[8.466845,47.390769],[8.466912,47.390741],[8.466981,47.390714],[8.46705,47.390688],[8.467121,47.390663],[8.467331,47.390582],[8.467379,47.390559],[8.467425,47.390535],[8.467469,47.39051],[8.467512,47.390483],[8.467678,47.390361],[8.467848,47.390241],[8.468021,47.390124],[8.468198,47.390009],[8.468378,47.389896],[8.468561,47.389786],[8.468747,47.389679],[8.468937,47.389573],[8.469035,47.389532],[8.469132,47.389488],[8.469227,47.389443],[8.46932,47.389396],[8.469394,47.389356],[8.469468,47.389315],[8.46954,47.389273],[8.469611,47.38923],[8.46968,47.389187],[8.469748,47.389142],[8.469815,47.389096],[8.46988,47.389049],[8.469928,47.389071],[8.469978,47.389092],[8.47003,47.389111],[8.470082,47.389129],[8.470136,47.389145],[8.470191,47.389159],[8.470247,47.389172],[8.470303,47.389182],[8.47036,47.389191],[8.470418,47.389198],[8.470476,47.389203],[8.470535,47.389206],[8.470593,47.389208],[8.470652,47.389207],[8.470711,47.389205],[8.470769,47.389201],[8.470829,47.389194],[8.470889,47.389185],[8.470949,47.389176],[8.471008,47.389165],[8.471067,47.389153],[8.471125,47.389139],[8.471182,47.389125],[8.471239,47.389109],[8.472316,47.388784],[8.472465,47.388734],[8.472589,47.388693],[8.472713,47.38865],[8.472835,47.388606],[8.472956,47.388561],[8.473106,47.388502],[8.474416,47.387967],[8.47448,47.387941],[8.474545,47.387915],[8.474611,47.38789],[8.474677,47.387866],[8.47479,47.387827],[8.474905,47.387791],[8.47498,47.387768],[8.475057,47.387747],[8.475134,47.387727],[8.475211,47.387707],[8.475289,47.387689],[8.475368,47.387672],[8.475447,47.387656],[8.475526,47.387641],[8.476288,47.387503],[8.476379,47.387488],[8.476469,47.387471],[8.476558,47.387453],[8.476647,47.387434],[8.476798,47.387395],[8.476949,47.387355],[8.477913,47.387109],[8.478442,47.386975],[8.478691,47.386906],[8.47884,47.386865],[8.480355,47.386402],[8.481344,47.386124],[8.481357,47.38612],[8.481505,47.386075],[8.481653,47.386031],[8.481803,47.385988],[8.481953,47.385946],[8.482218,47.385872],[8.484545,47.385173],[8.484983,47.385041],[8.485797,47.384797],[8.485921,47.384759],[8.486691,47.384528],[8.487277,47.384351]],[[8.48613,47.382781],[8.486921,47.382572],[8.487463,47.382432],[8.488061,47.382277],[8.489269,47.381965],[8.489433,47.381922],[8.489597,47.381877],[8.489759,47.381831],[8.48992,47.381783],[8.490081,47.381733],[8.49024,47.381683],[8.490398,47.38163],[8.490555,47.381576],[8.490785,47.381493],[8.491014,47.381409],[8.491241,47.381322],[8.491466,47.381233],[8.491601,47.381181],[8.491759,47.381119],[8.492548,47.38081],[8.492687,47.380754],[8.492826,47.380698],[8.492963,47.38064],[8.493099,47.380581],[8.493234,47.380521],[8.493368,47.380459],[8.493501,47.380397],[8.493632,47.380333],[8.49374,47.38028],[8.493846,47.380226],[8.493952,47.380171],[8.494056,47.380116],[8.49422,47.380027],[8.494381,47.379936],[8.494431,47.379907],[8.494697,47.379754],[8.495294,47.379396],[8.496582,47.378541],[8.496668,47.378482],[8.496756,47.378424],[8.496846,47.378368],[8.496939,47.378313],[8.497034,47.37826],[8.497131,47.37821],[8.49723,47.378161],[8.497331,47.378114],[8.497489,47.378043],[8.49765,47.377975],[8.497814,47.37791],[8.497979,47.377847],[8.49846,47.37766],[8.498618,47.3776],[8.498741,47.377515],[8.498861,47.377428],[8.498978,47.37734],[8.499092,47.37725],[8.499203,47.377158],[8.499311,47.377065],[8.499416,47.376969],[8.499518,47.376873],[8.499873,47.376553],[8.500314,47.376164],[8.500753,47.375773],[8.50203,47.374649],[8.50214,47.374553],[8.502253,47.374458],[8.502528,47.374233],[8.502662,47.374127],[8.502797,47.374022],[8.502934,47.373919],[8.503073,47.373816],[8.503281,47.373666],[8.503494,47.373518],[8.503709,47.373373],[8.503929,47.373231],[8.504068,47.373142],[8.504209,47.373055],[8.504351,47.372969],[8.504494,47.372884],[8.504639,47.372799],[8.504784,47.372716],[8.504932,47.372634],[8.50508,47.372552],[8.505799,47.372173],[8.506152,47.371986],[8.506303,47.371905],[8.508348,47.370883],[8.508502,47.370806],[8.508961,47.370575],[8.509637,47.37024],[8.509807,47.370148]]],"type":"MultiLineString"}},{"type":"Feature","properties":{"nr":8,"name":"Tiefenbrunnen - Stadelhofen","abschnitt":"Stadtgrenze (Zollikon) - Stadelhoferplatz","beschriftung":1},"geometry":{"coordinates":[[[8.560724,47.35437],[8.56092,47.354185],[8.561123,47.353993],[8.561183,47.353939],[8.561195,47.353928],[8.561208,47.353919],[8.561223,47.35391],[8.561238,47.353901],[8.561254,47.353894],[8.561272,47.353888],[8.56129,47.353883],[8.561308,47.353878],[8.561327,47.353875],[8.561347,47.353873],[8.561366,47.353872],[8.561386,47.353872],[8.561405,47.353874],[8.561616,47.353894],[8.561639,47.353833],[8.561664,47.353773],[8.56169,47.353713],[8.561733,47.353623],[8.56178,47.353534],[8.561831,47.353446],[8.561988,47.353156],[8.562181,47.352877],[8.562407,47.35261],[8.562846,47.352129],[8.562938,47.352024],[8.563023,47.351916],[8.563101,47.351805],[8.563196,47.351651],[8.563242,47.351576],[8.564075,47.350205],[8.564137,47.350108],[8.564213,47.350016],[8.564301,47.349928],[8.564779,47.349532],[8.564813,47.349504],[8.564845,47.349475],[8.564875,47.349446],[8.564911,47.349406],[8.564944,47.349366],[8.564974,47.349324],[8.565116,47.349132],[8.565628,47.348526],[8.566898,47.34712],[8.567099,47.346904]],[[8.548879,47.366131],[8.548918,47.366116],[8.548955,47.3661],[8.548992,47.366083],[8.549028,47.366065],[8.549062,47.366046],[8.549096,47.366026],[8.549128,47.366006],[8.54916,47.365984],[8.549842,47.365323],[8.550149,47.365008],[8.550201,47.364961],[8.550255,47.364915],[8.550311,47.36487],[8.550368,47.364827],[8.550665,47.364612],[8.551307,47.364147],[8.55147,47.364012],[8.552383,47.363257],[8.552434,47.36322],[8.552574,47.363118],[8.552711,47.363014],[8.552846,47.362909],[8.552979,47.362803],[8.553063,47.362733],[8.553146,47.362663],[8.553228,47.362592],[8.55331,47.362521],[8.553434,47.362408],[8.553556,47.362295],[8.553676,47.362179],[8.553793,47.362063],[8.553855,47.361999],[8.554315,47.361537],[8.554349,47.361525],[8.554381,47.36151],[8.554412,47.361495],[8.554441,47.361477],[8.554468,47.361459],[8.554493,47.361439],[8.554516,47.361417],[8.554536,47.361395],[8.554767,47.361125],[8.554947,47.360869],[8.555462,47.360311],[8.55552,47.360248],[8.556027,47.359699],[8.556045,47.359677],[8.556065,47.359656],[8.556086,47.359635],[8.556108,47.359615],[8.556132,47.359596],[8.556157,47.359577],[8.556183,47.359559],[8.556211,47.359542],[8.556614,47.359331],[8.556643,47.359308],[8.556669,47.359284],[8.556692,47.359258],[8.556711,47.359231],[8.556867,47.359033],[8.557098,47.358737],[8.557783,47.357836],[8.55781,47.357801],[8.558179,47.357319],[8.558668,47.356681],[8.558879,47.356407],[8.559287,47.35587],[8.559673,47.355363],[8.559815,47.355257],[8.560471,47.354627],[8.560724,47.35437],[8.560569,47.354295],[8.560512,47.354265],[8.560483,47.354213],[8.560462,47.353618],[8.560422,47.352478],[8.560817,47.35206],[8.560385,47.351824],[8.560401,47.351811],[8.56049,47.351742],[8.560585,47.351665],[8.560677,47.351585],[8.560765,47.351503],[8.56085,47.35142],[8.56095,47.351317],[8.561348,47.350881],[8.562229,47.349912],[8.563285,47.348752],[8.564436,47.347488],[8.564499,47.347416],[8.564558,47.347342],[8.564613,47.347267],[8.564663,47.34719],[8.56494,47.346709],[8.564961,47.346675],[8.564984,47.346641],[8.565009,47.346608],[8.565034,47.346575],[8.565061,47.346543],[8.56509,47.346512],[8.56512,47.346481],[8.565151,47.346451]]],"type":"MultiLineString"}},{"type":"Feature","properties":{"nr":26,"name":"Kilchbergstrasse - Wollishofen - Brunau - Selnau","abschnitt":"Stadtgrenze (Kilchbergstrasse) - Flössergasse","beschriftung":1},"geometry":{"coordinates":[[[8.527309,47.351826],[8.527335,47.3517],[8.527365,47.351575],[8.5274,47.351451],[8.52744,47.351327],[8.527736,47.350483],[8.527766,47.350397],[8.527796,47.350305],[8.527823,47.350213],[8.527847,47.35012],[8.527868,47.350028],[8.527884,47.349949],[8.527897,47.34987],[8.527909,47.349791],[8.527918,47.349712],[8.527937,47.349533],[8.528043,47.348507],[8.528059,47.348341],[8.528004,47.348334],[8.52795,47.348324],[8.527897,47.34831],[8.527845,47.348295],[8.527796,47.348276],[8.527749,47.348255],[8.527704,47.348232],[8.527663,47.348206],[8.527536,47.348105],[8.527089,47.34772],[8.527012,47.347641],[8.526981,47.347603],[8.526952,47.347564],[8.526925,47.347525],[8.526901,47.347484],[8.526881,47.347443],[8.526863,47.347401],[8.526847,47.347359],[8.526835,47.347316],[8.526826,47.347273],[8.52682,47.34723],[8.526816,47.347186],[8.526816,47.347143],[8.526819,47.347099],[8.526825,47.347056],[8.526833,47.347013],[8.526845,47.34697],[8.526855,47.346936],[8.526868,47.346906],[8.526884,47.346877],[8.526912,47.346828],[8.526943,47.346779],[8.526977,47.346731],[8.527014,47.346684],[8.527583,47.346063],[8.527616,47.346027],[8.528085,47.345518],[8.528119,47.34548],[8.528174,47.345418],[8.528226,47.345355],[8.528276,47.345291],[8.528323,47.345226],[8.528369,47.345159],[8.528412,47.34509],[8.528452,47.345021],[8.528489,47.344951],[8.528524,47.344881],[8.528556,47.34481],[8.528584,47.344738],[8.52861,47.344666],[8.528771,47.344189],[8.528788,47.344066],[8.528854,47.343938],[8.528861,47.343927],[8.528894,47.343865],[8.52893,47.343803],[8.528968,47.343743],[8.529008,47.343683],[8.529039,47.343639],[8.529072,47.343597],[8.529107,47.343554],[8.529143,47.343513],[8.529181,47.343472],[8.529221,47.343432],[8.529262,47.343393],[8.529305,47.343354],[8.529349,47.343317],[8.529395,47.34328],[8.529442,47.343244],[8.52949,47.343208],[8.52954,47.343174],[8.529591,47.343141],[8.529644,47.343108],[8.529698,47.343077],[8.529921,47.342946],[8.529951,47.342925],[8.53003,47.342878],[8.530053,47.342848],[8.530618,47.342528],[8.530636,47.34252],[8.530654,47.342512],[8.530674,47.342505],[8.530694,47.3425],[8.530715,47.342497],[8.530736,47.342494],[8.530758,47.342493],[8.530779,47.342494],[8.530801,47.342496],[8.530822,47.342499],[8.530842,47.342504],[8.530862,47.342509],[8.530881,47.342517],[8.530898,47.342525],[8.530915,47.342535],[8.53093,47.342545],[8.531212,47.342557],[8.531247,47.342558],[8.531282,47.34256],[8.531317,47.342563],[8.531352,47.342567],[8.531386,47.342573],[8.53142,47.342579],[8.531454,47.342586],[8.531487,47.342595],[8.531578,47.342622],[8.531635,47.342643],[8.53169,47.342664],[8.531744,47.342688],[8.531797,47.342712],[8.531889,47.342753],[8.531983,47.342791],[8.532079,47.342827],[8.532176,47.342862],[8.532419,47.342936],[8.532512,47.342965],[8.532886,47.343064],[8.532907,47.343069],[8.532928,47.343073],[8.53295,47.343077],[8.532972,47.343078],[8.532994,47.343079],[8.533016,47.343079],[8.533038,47.343077],[8.53306,47.343074],[8.533097,47.343067],[8.533133,47.343059],[8.533168,47.343049],[8.533202,47.343038],[8.533243,47.343023],[8.533282,47.343005],[8.533319,47.342986],[8.533354,47.342965],[8.533387,47.342943],[8.533417,47.342918],[8.533444,47.342893],[8.533469,47.342866],[8.534157,47.342001],[8.534181,47.341971],[8.534268,47.341854],[8.534504,47.341517],[8.534552,47.341445],[8.534595,47.341373],[8.534635,47.341299],[8.53467,47.341224],[8.534739,47.341072],[8.534764,47.341014],[8.5348,47.340918],[8.534883,47.340721],[8.534915,47.340653],[8.534949,47.340585],[8.534987,47.340518],[8.535026,47.340451],[8.535246,47.340096],[8.53576,47.339261],[8.535886,47.339057],[8.535916,47.339007],[8.535941,47.338956],[8.535961,47.338903],[8.535976,47.338851],[8.535987,47.338797],[8.535993,47.338743],[8.535993,47.338689],[8.535989,47.338636],[8.53596,47.338378],[8.53596,47.338363],[8.535961,47.338348],[8.535963,47.338334],[8.535967,47.338319],[8.535972,47.338305],[8.535978,47.33829],[8.535986,47.338276],[8.535995,47.338263],[8.536243,47.337892],[8.536249,47.337883],[8.536324,47.337774],[8.53649,47.33755],[8.536828,47.337078],[8.537014,47.33683],[8.537388,47.336331],[8.53786,47.335705],[8.537913,47.335635],[8.538168,47.335298],[8.538228,47.335227],[8.538291,47.335157],[8.538355,47.335087],[8.53842,47.335019],[8.538488,47.334951],[8.538557,47.334884],[8.538628,47.334817],[8.5387,47.334752],[8.538966,47.334554],[8.539006,47.334525],[8.539951,47.33383],[8.540053,47.333757],[8.540158,47.333686],[8.540273,47.333612],[8.54039,47.33354]],[[8.526836,47.354797],[8.52689,47.354451],[8.527013,47.353705],[8.527047,47.353499],[8.527091,47.353233],[8.52715,47.352875],[8.527265,47.352171],[8.527309,47.351826],[8.526934,47.351791],[8.526383,47.353351],[8.526349,47.353446],[8.52633,47.353502],[8.526119,47.354142],[8.526055,47.354329],[8.526016,47.354383],[8.526058,47.354878],[8.526171,47.356227],[8.526178,47.356463],[8.526181,47.356572],[8.526088,47.358074],[8.526079,47.358227],[8.525941,47.35907],[8.525828,47.35976],[8.525821,47.359803],[8.525738,47.360307],[8.525722,47.360358],[8.525656,47.360764],[8.525646,47.360831],[8.525634,47.360898],[8.52562,47.360965],[8.525605,47.361031],[8.525588,47.361098],[8.525569,47.361164],[8.525548,47.36123],[8.525526,47.361295],[8.525633,47.361366],[8.525739,47.361438],[8.525842,47.361512],[8.525943,47.361587],[8.526228,47.361782],[8.526297,47.361835],[8.526365,47.361889],[8.526431,47.361943],[8.526496,47.361998],[8.526479,47.361957],[8.526466,47.361915],[8.526457,47.361872],[8.526452,47.361829],[8.526451,47.361786],[8.526454,47.361743],[8.526461,47.3617],[8.526472,47.361658],[8.526542,47.36128],[8.526524,47.361238],[8.526674,47.360431],[8.526777,47.359834],[8.526866,47.359322],[8.526884,47.359231],[8.526904,47.35914],[8.526922,47.359063],[8.526951,47.358918],[8.526976,47.358772],[8.526995,47.358626],[8.527009,47.358479],[8.527009,47.358475],[8.527009,47.358451],[8.527008,47.358331],[8.527008,47.358263],[8.527007,47.357411],[8.527019,47.357277],[8.527016,47.356958],[8.527005,47.356651],[8.526987,47.356414],[8.526901,47.355285],[8.526884,47.35524],[8.526861,47.354967],[8.526836,47.354797]],[[8.526396,47.363346],[8.526496,47.361998]],[[8.532539,47.369163],[8.532301,47.369098],[8.532099,47.369021],[8.532023,47.368987],[8.531949,47.36895],[8.530746,47.368496],[8.530677,47.368472],[8.530611,47.368446],[8.530547,47.368416],[8.530486,47.368384],[8.530428,47.36835],[8.530373,47.368313],[8.530321,47.368275],[8.530273,47.368234],[8.529978,47.367985],[8.529919,47.367939],[8.529857,47.367893],[8.529808,47.367859],[8.529757,47.367826],[8.529706,47.367793],[8.529653,47.367761],[8.5296,47.36773],[8.529545,47.3677],[8.529489,47.36767],[8.529432,47.367642],[8.529375,47.367614],[8.529316,47.367588],[8.529257,47.367562],[8.529196,47.367537],[8.529135,47.367513],[8.529073,47.367491],[8.52901,47.367469],[8.528947,47.367448],[8.528798,47.367398],[8.52865,47.367347],[8.528504,47.367295],[8.528359,47.367241],[8.528279,47.367204],[8.528202,47.367164],[8.528127,47.367123],[8.528055,47.367079],[8.527985,47.367034],[8.527918,47.366987],[8.527855,47.366937],[8.527794,47.366886],[8.527758,47.366854],[8.527724,47.366822],[8.527691,47.366789],[8.527659,47.366755],[8.527629,47.366721],[8.527599,47.366686],[8.527571,47.366651],[8.527545,47.366615],[8.526782,47.365612],[8.526681,47.365485],[8.526602,47.365387],[8.526403,47.365131],[8.526371,47.365085],[8.526343,47.365037],[8.526321,47.364989],[8.526303,47.364939],[8.526291,47.364889],[8.526284,47.364838],[8.526282,47.364787],[8.526285,47.364736],[8.526332,47.364221],[8.526396,47.363346],[8.525772,47.36332],[8.525526,47.361295],[8.52542,47.361229],[8.525312,47.361164],[8.525203,47.3611],[8.525091,47.361038],[8.524941,47.360959],[8.524789,47.360882],[8.524412,47.360662],[8.523997,47.36042],[8.523932,47.36038],[8.523864,47.360342],[8.523794,47.360307],[8.523722,47.360273]]],"type":"MultiLineString"}},{"type":"Feature","properties":{"nr":27,"name":"Nidelbadstrasse - Wollishofen - See - Bellevue","abschnitt":"Stadtgrenze Wollishofen - Bellevue","beschriftung":1},"geometry":{"coordinates":[[[8.536471,47.330786],[8.536368,47.331031],[8.536368,47.331031],[8.536368,47.331032],[8.536367,47.331033],[8.536367,47.331034],[8.536366,47.331035],[8.536366,47.331036],[8.536366,47.331036],[8.536365,47.331037],[8.536365,47.331038],[8.536365,47.331039],[8.536364,47.33104],[8.536364,47.331041],[8.536364,47.331042],[8.536363,47.331042],[8.536363,47.331043],[8.536363,47.331044],[8.536362,47.331045],[8.536362,47.331046],[8.536361,47.331047],[8.536361,47.331048],[8.536361,47.331048],[8.53636,47.331049],[8.53636,47.33105],[8.53636,47.331051],[8.53636,47.331052],[8.536359,47.331053],[8.536359,47.331054],[8.536359,47.331055],[8.536358,47.331055],[8.536358,47.331056],[8.536358,47.331057],[8.536357,47.331058],[8.536357,47.331059],[8.536357,47.33106],[8.536356,47.331061],[8.536356,47.331061],[8.536356,47.331062],[8.536356,47.331063],[8.536355,47.331064],[8.536355,47.331065],[8.536355,47.331066],[8.536354,47.331067],[8.536354,47.331068],[8.536354,47.331068],[8.536354,47.331069],[8.536353,47.33107],[8.536353,47.331071],[8.536353,47.331072],[8.536352,47.331073],[8.536352,47.331074],[8.536352,47.331075],[8.536352,47.331075],[8.536351,47.331076],[8.536351,47.331077],[8.536351,47.331078],[8.536351,47.331079],[8.53635,47.33108],[8.53635,47.331081],[8.53635,47.331082],[8.53635,47.331082],[8.53635,47.331083],[8.536349,47.331084],[8.536349,47.331085],[8.536349,47.331086],[8.536349,47.331087],[8.536348,47.331088],[8.536348,47.331089],[8.536348,47.331089],[8.536348,47.33109],[8.536348,47.331091],[8.536347,47.331092],[8.536347,47.331093],[8.536347,47.331094],[8.536347,47.331095],[8.536347,47.331096],[8.536346,47.331096],[8.536346,47.331097],[8.536346,47.331098],[8.536346,47.331099],[8.536346,47.3311],[8.536346,47.331101],[8.536345,47.331102],[8.536345,47.331103],[8.536345,47.331104],[8.536345,47.331104],[8.536345,47.331105],[8.536344,47.331106],[8.536344,47.331107],[8.536344,47.331108],[8.536344,47.331109],[8.536344,47.33111],[8.536344,47.331111],[8.536344,47.331111],[8.536343,47.331112],[8.536343,47.331113],[8.536343,47.331114],[8.536343,47.331115],[8.536343,47.331116],[8.536343,47.331117],[8.536343,47.331118],[8.536343,47.331119],[8.536342,47.331119],[8.536342,47.33112],[8.536342,47.331121],[8.536342,47.331122],[8.536342,47.331123],[8.536342,47.331124],[8.536342,47.331125],[8.536342,47.331126],[8.536342,47.331127],[8.536341,47.331127],[8.536341,47.331128],[8.536341,47.331129],[8.536341,47.33113],[8.536341,47.331131],[8.536341,47.331132],[8.536341,47.331133],[8.536341,47.331134],[8.536341,47.331135],[8.536341,47.331135],[8.536341,47.331136],[8.536341,47.331137],[8.53634,47.331138],[8.53634,47.331139],[8.53634,47.33114],[8.53634,47.331141],[8.53634,47.331142],[8.53634,47.331143],[8.536339,47.331145],[8.536338,47.331147],[8.536336,47.331149],[8.536335,47.331152],[8.536334,47.331154],[8.536332,47.331156],[8.536331,47.331158],[8.53633,47.33116],[8.536328,47.331163],[8.536327,47.331165],[8.536326,47.331167],[8.536324,47.331169],[8.536323,47.331172],[8.536322,47.331174],[8.53632,47.331176],[8.536319,47.331178],[8.536318,47.331181],[8.536316,47.331183],[8.536315,47.331185],[8.536313,47.331187],[8.536312,47.331189],[8.536311,47.331192],[8.536309,47.331194],[8.536308,47.331196],[8.536306,47.331198],[8.536305,47.3312],[8.536303,47.331203],[8.536302,47.331205],[8.536301,47.331207],[8.536299,47.331209],[8.536298,47.331211],[8.536296,47.331214],[8.536295,47.331216],[8.536293,47.331218],[8.536292,47.33122],[8.53629,47.331222],[8.536289,47.331225],[8.536287,47.331227],[8.536286,47.331229],[8.536284,47.331231],[8.536283,47.331233],[8.536281,47.331235],[8.53628,47.331238],[8.536278,47.33124],[8.536277,47.331242],[8.536275,47.331244],[8.536273,47.331246],[8.536272,47.331249],[8.53627,47.331251],[8.536269,47.331253],[8.536267,47.331255],[8.536266,47.331257],[8.536264,47.331259],[8.536262,47.331261],[8.536261,47.331264],[8.536259,47.331266],[8.536258,47.331268],[8.536256,47.33127],[8.536254,47.331272],[8.536253,47.331274],[8.536251,47.331276],[8.536249,47.331279],[8.536248,47.331281],[8.536246,47.331283],[8.536245,47.331285],[8.536243,47.331287],[8.536241,47.331289],[8.53624,47.331291],[8.536238,47.331294],[8.536236,47.331296],[8.536234,47.331298],[8.536233,47.3313],[8.536231,47.331302],[8.536229,47.331304],[8.536228,47.331306],[8.536226,47.331308],[8.536224,47.33131],[8.536222,47.331313],[8.536221,47.331315],[8.536219,47.331317],[8.536217,47.331319],[8.536216,47.331321],[8.536214,47.331323],[8.536212,47.331325],[8.53621,47.331327],[8.536208,47.331329],[8.536207,47.331331],[8.536205,47.331333],[8.536203,47.331336],[8.536201,47.331338],[8.5362,47.33134],[8.536198,47.331342],[8.536196,47.331344],[8.536194,47.331346],[8.536192,47.331348],[8.53619,47.33135],[8.536189,47.331352],[8.536187,47.331354],[8.536185,47.331356],[8.536183,47.331358],[8.536181,47.33136],[8.536179,47.331362],[8.536177,47.331364],[8.536176,47.331367],[8.536174,47.331369],[8.536172,47.331371],[8.53617,47.331373],[8.536168,47.331375],[8.536166,47.331377],[8.536164,47.331379],[8.536162,47.331381],[8.53616,47.331383],[8.536159,47.331385],[8.536157,47.331387],[8.536155,47.331389],[8.536153,47.331391],[8.536151,47.331393],[8.536149,47.331395],[8.536147,47.331397],[8.536145,47.331399],[8.536143,47.331401],[8.536141,47.331403],[8.536139,47.331405],[8.536137,47.331407],[8.536135,47.331409],[8.536133,47.331411],[8.536131,47.331413],[8.536129,47.331415],[8.536127,47.331417],[8.536125,47.331419],[8.536123,47.331421],[8.536121,47.331423],[8.536119,47.331425],[8.536117,47.331427],[8.536115,47.331429],[8.536113,47.331431],[8.536111,47.331433],[8.536109,47.331435],[8.536107,47.331437],[8.536105,47.331439],[8.536103,47.331441],[8.536101,47.331443],[8.536098,47.331445],[8.536096,47.331446],[8.536094,47.331448],[8.536092,47.33145],[8.53609,47.331452],[8.536088,47.331454],[8.536086,47.331456],[8.536084,47.331458],[8.536082,47.33146],[8.536079,47.331462],[8.536077,47.331464],[8.536075,47.331466],[8.536073,47.331468],[8.536071,47.33147],[8.536069,47.331472],[8.536067,47.331474],[8.536064,47.331475],[8.536062,47.331477],[8.53606,47.331479],[8.536058,47.331481],[8.536056,47.331483],[8.536054,47.331485],[8.536051,47.331487],[8.536049,47.331489],[8.536047,47.331491],[8.536045,47.331493],[8.536043,47.331494],[8.53604,47.331496],[8.536038,47.331498],[8.536036,47.3315],[8.536034,47.331502],[8.536032,47.331504],[8.536029,47.331506],[8.536027,47.331508],[8.536025,47.331509],[8.536023,47.331511],[8.53602,47.331513],[8.536018,47.331515],[8.536016,47.331517],[8.536013,47.331519],[8.536011,47.331521],[8.536009,47.331522],[8.536007,47.331524],[8.536004,47.331526],[8.536002,47.331528],[8.536,47.33153],[8.535997,47.331532],[8.535995,47.331533],[8.535993,47.331535],[8.53599,47.331537],[8.535988,47.331539],[8.535986,47.331541],[8.535983,47.331542],[8.535981,47.331544],[8.535979,47.331546],[8.535976,47.331548],[8.535974,47.33155],[8.535972,47.331552],[8.535969,47.331553],[8.535967,47.331555],[8.535965,47.331557],[8.535962,47.331559],[8.53596,47.33156],[8.535957,47.331562],[8.535955,47.331564],[8.535953,47.331566],[8.53595,47.331568],[8.535948,47.331569],[8.535945,47.331571],[8.535943,47.331573],[8.535941,47.331575],[8.535938,47.331576],[8.535936,47.331578],[8.535933,47.33158],[8.535931,47.331582],[8.535928,47.331583],[8.535926,47.331585],[8.535923,47.331587],[8.535921,47.331589],[8.535919,47.33159],[8.535916,47.331592],[8.535914,47.331594],[8.535911,47.331595],[8.535909,47.331597],[8.535906,47.331599],[8.535904,47.331601],[8.535901,47.331602],[8.535899,47.331604],[8.535896,47.331606],[8.535894,47.331608],[8.535891,47.331609],[8.535889,47.331611],[8.535886,47.331613],[8.535884,47.331614],[8.535881,47.331616],[8.535879,47.331618],[8.535876,47.331619],[8.535873,47.331621],[8.535871,47.331623],[8.535868,47.331624],[8.535866,47.331626],[8.535863,47.331628],[8.535861,47.331629],[8.535858,47.331631],[8.535855,47.331633],[8.535853,47.331634],[8.53585,47.331636],[8.535848,47.331638],[8.535845,47.331639],[8.535843,47.331641],[8.53584,47.331643],[8.535837,47.331644],[8.535835,47.331646],[8.535832,47.331647],[8.535828,47.33165],[8.535824,47.331652],[8.53582,47.331655],[8.535815,47.331657],[8.535811,47.33166],[8.535807,47.331662],[8.535803,47.331665],[8.535799,47.331667],[8.535795,47.33167],[8.535791,47.331672],[8.535787,47.331675],[8.535782,47.331677],[8.535778,47.33168],[8.535774,47.331682],[8.53577,47.331685],[8.535766,47.331687],[8.535762,47.33169],[8.535758,47.331692],[8.535754,47.331695],[8.53575,47.331697],[8.535746,47.3317],[8.535742,47.331702],[8.535738,47.331705],[8.535734,47.331707],[8.535729,47.33171],[8.535725,47.331712],[8.535721,47.331715],[8.535717,47.331718],[8.535713,47.33172],[8.535709,47.331723],[8.535705,47.331725],[8.535701,47.331728],[8.535697,47.33173],[8.535693,47.331733],[8.535689,47.331736],[8.535685,47.331738],[8.535681,47.331741],[8.535677,47.331743],[8.535673,47.331746],[8.535669,47.331749],[8.535665,47.331751],[8.535661,47.331754],[8.535657,47.331756],[8.535653,47.331759],[8.535649,47.331761],[8.535646,47.331764],[8.535642,47.331767],[8.535638,47.331769],[8.535634,47.331772],[8.53563,47.331775],[8.535626,47.331777],[8.535622,47.33178],[8.535618,47.331783],[8.535614,47.331785],[8.53561,47.331788],[8.535606,47.33179],[8.535602,47.331793],[8.535599,47.331796],[8.535595,47.331798],[8.535591,47.331801],[8.535587,47.331804],[8.535583,47.331806],[8.535579,47.331809],[8.535575,47.331812],[8.535571,47.331814],[8.535568,47.331817],[8.535564,47.33182],[8.53556,47.331822],[8.535556,47.331825],[8.535552,47.331828],[8.535548,47.331831],[8.535545,47.331833],[8.535541,47.331836],[8.535537,47.331839],[8.535533,47.331841],[8.535529,47.331844],[8.535526,47.331847],[8.535522,47.33185],[8.535518,47.331852],[8.535514,47.331855],[8.53551,47.331858],[8.535507,47.33186],[8.535503,47.331863],[8.535499,47.331866],[8.535495,47.331869],[8.535492,47.331871],[8.535488,47.331874],[8.535484,47.331877],[8.53548,47.33188],[8.535477,47.331882],[8.535473,47.331885],[8.535469,47.331888],[8.535465,47.331891],[8.535462,47.331893],[8.535458,47.331896],[8.535454,47.331899],[8.535451,47.331902],[8.535447,47.331905],[8.535443,47.331907],[8.53544,47.33191],[8.535436,47.331913],[8.535432,47.331916],[8.535429,47.331919],[8.535425,47.331921],[8.535421,47.331924],[8.535418,47.331927],[8.535414,47.33193],[8.53541,47.331933],[8.535407,47.331935],[8.535403,47.331938],[8.535399,47.331941],[8.535396,47.331944],[8.535392,47.331947],[8.535389,47.33195],[8.535385,47.331952],[8.535381,47.331955],[8.535378,47.331958],[8.535374,47.331961],[8.535371,47.331964],[8.535367,47.331967],[8.535364,47.331969],[8.53536,47.331972],[8.535356,47.331975],[8.535353,47.331978],[8.535349,47.331981],[8.535346,47.331984],[8.535342,47.331987],[8.535339,47.33199],[8.535336,47.331992],[8.535333,47.331995],[8.535331,47.331997],[8.535328,47.332],[8.535326,47.332003],[8.535323,47.332005],[8.535321,47.332008],[8.535318,47.332011],[8.535315,47.332013],[8.535313,47.332016],[8.53531,47.332019],[8.535308,47.332021],[8.535305,47.332024],[8.535303,47.332027],[8.5353,47.332029],[8.535298,47.332032],[8.535295,47.332035],[8.535293,47.332037],[8.53529,47.33204],[8.535288,47.332043],[8.535285,47.332045],[8.535283,47.332048],[8.53528,47.332051],[8.535278,47.332054],[8.535275,47.332056],[8.535273,47.332059],[8.53527,47.332062],[8.535268,47.332064],[8.535266,47.332067],[8.535263,47.33207],[8.535261,47.332072],[8.535258,47.332075],[8.535256,47.332078],[8.535254,47.332081],[8.535251,47.332083],[8.535249,47.332086],[8.535247,47.332089],[8.535244,47.332092],[8.535242,47.332094],[8.53524,47.332097],[8.535237,47.3321],[8.535235,47.332103],[8.535233,47.332105],[8.53523,47.332108],[8.535228,47.332111],[8.535226,47.332114],[8.535224,47.332117],[8.535221,47.332119],[8.535219,47.332122],[8.535217,47.332125],[8.535215,47.332128],[8.535212,47.33213],[8.53521,47.332133],[8.535208,47.332136],[8.535206,47.332139],[8.535204,47.332142],[8.535201,47.332144],[8.535199,47.332147],[8.535197,47.33215],[8.535195,47.332153],[8.535193,47.332156],[8.535191,47.332158],[8.535188,47.332161],[8.535186,47.332164],[8.535184,47.332167],[8.535182,47.33217],[8.53518,47.332173],[8.535178,47.332175],[8.535176,47.332178],[8.535174,47.332181],[8.535172,47.332184],[8.535169,47.332187],[8.535167,47.33219],[8.535165,47.332193],[8.535163,47.332195],[8.535161,47.332198],[8.535159,47.332201],[8.535157,47.332204],[8.535155,47.332207],[8.535153,47.33221],[8.535151,47.332213],[8.535149,47.332215],[8.535147,47.332218],[8.535145,47.332221],[8.535143,47.332224],[8.535141,47.332227],[8.535139,47.33223],[8.535137,47.332233],[8.535136,47.332236],[8.535134,47.332238],[8.535132,47.332241],[8.53513,47.332244],[8.535128,47.332247],[8.535126,47.33225],[8.535124,47.332253],[8.535122,47.332256],[8.53512,47.332259],[8.535119,47.332262],[8.535117,47.332265],[8.535115,47.332268],[8.535113,47.33227],[8.535111,47.332273],[8.535109,47.332276],[8.535108,47.332279],[8.535106,47.332282],[8.535104,47.332285],[8.535102,47.332288],[8.535101,47.332291],[8.535099,47.332294],[8.535097,47.332297],[8.535095,47.3323],[8.535094,47.332303],[8.535092,47.332306],[8.53509,47.332309],[8.535088,47.332312],[8.535087,47.332315],[8.535085,47.332318],[8.535083,47.33232],[8.535082,47.332323],[8.53508,47.332326],[8.535078,47.332329],[8.535077,47.332332],[8.535075,47.332335],[8.535073,47.332338],[8.535072,47.332341],[8.53507,47.332344],[8.535069,47.332347],[8.535067,47.33235],[8.534855,47.332824],[8.534781,47.333036],[8.534693,47.333141],[8.534671,47.333174],[8.534652,47.333208],[8.534522,47.33345],[8.534374,47.333677],[8.534317,47.333755],[8.534154,47.333976],[8.534126,47.334015],[8.533998,47.334173],[8.533624,47.334637],[8.533561,47.334729],[8.53311,47.335309],[8.533061,47.335372],[8.532975,47.335502],[8.532966,47.335516],[8.532834,47.335799],[8.53271,47.336188],[8.533055,47.336468],[8.533204,47.336616],[8.532933,47.336846],[8.532891,47.336881],[8.532851,47.336916],[8.532812,47.336951],[8.532773,47.336987],[8.532736,47.337024],[8.5327,47.337061],[8.532665,47.337098],[8.532632,47.337136],[8.532592,47.337185],[8.532553,47.337234],[8.532517,47.337283],[8.532482,47.337334],[8.532449,47.337384],[8.532419,47.337436],[8.53239,47.337488],[8.532364,47.337541],[8.532333,47.337601],[8.532307,47.337663],[8.532285,47.337725],[8.532268,47.337788],[8.532123,47.338301],[8.532094,47.338395],[8.532046,47.3386],[8.531515,47.340549],[8.531456,47.340767],[8.531421,47.340892],[8.531406,47.340948],[8.531393,47.340993],[8.531378,47.341038],[8.531361,47.341083],[8.531343,47.341128],[8.531324,47.341172],[8.531303,47.341216],[8.53128,47.341259],[8.531255,47.341302],[8.531229,47.341345],[8.531202,47.341387],[8.531172,47.341429],[8.531142,47.34147],[8.53111,47.341511],[8.531076,47.341551],[8.531041,47.341591],[8.531005,47.341629],[8.530974,47.341665],[8.53094,47.3417],[8.530903,47.341733],[8.530863,47.341764],[8.53082,47.341793],[8.530775,47.341821],[8.530727,47.341846],[8.530676,47.341869],[8.530908,47.342451],[8.530915,47.342474],[8.530921,47.342498],[8.530926,47.342521],[8.53093,47.342545]],[[8.533202,47.343038],[8.533236,47.343222],[8.533168,47.343356],[8.532824,47.343615],[8.532578,47.343944],[8.532416,47.344216],[8.532452,47.344226],[8.532487,47.344236],[8.532521,47.344247],[8.532555,47.34426],[8.532588,47.344273],[8.53262,47.344287],[8.532651,47.344302],[8.532682,47.344318],[8.532804,47.344405],[8.532923,47.344495],[8.533041,47.344589],[8.533156,47.344684],[8.533267,47.344781],[8.533375,47.34488],[8.533404,47.344913],[8.53343,47.344947],[8.533452,47.344983],[8.53347,47.345019],[8.533773,47.345036],[8.53385,47.345028],[8.533899,47.345018],[8.533947,47.344987],[8.534389,47.345042],[8.53449,47.345062],[8.534473,47.345158],[8.534456,47.345258],[8.534399,47.345587],[8.534384,47.345726],[8.534373,47.345865],[8.534363,47.346548],[8.534313,47.35027],[8.534313,47.350274],[8.534311,47.35038],[8.534308,47.350477],[8.534304,47.350574],[8.534299,47.350672],[8.534292,47.350769],[8.534284,47.350866],[8.534275,47.350964],[8.534264,47.351061],[8.534252,47.351158],[8.534208,47.351553],[8.534166,47.351942],[8.534146,47.352152],[8.534135,47.352292],[8.534126,47.352432],[8.534118,47.352572],[8.534112,47.352712],[8.534107,47.352852],[8.534104,47.352993],[8.534102,47.353133],[8.534102,47.353273],[8.534111,47.353809],[8.534114,47.35391],[8.534119,47.354011],[8.534126,47.354112],[8.534134,47.354213],[8.534144,47.354314],[8.534156,47.354414],[8.53417,47.354515],[8.534185,47.354615],[8.534266,47.355012],[8.534276,47.355047],[8.534372,47.35539],[8.5345,47.355775],[8.534591,47.35602],[8.534687,47.356265],[8.534709,47.356389],[8.534727,47.356513],[8.534775,47.356559],[8.534821,47.356606],[8.534866,47.356654],[8.53491,47.356701],[8.534952,47.35675],[8.534993,47.356799],[8.535033,47.356848],[8.535071,47.356898],[8.535108,47.356949],[8.535144,47.357],[8.535178,47.357051],[8.535211,47.357103],[8.535242,47.357155],[8.535272,47.357207],[8.5353,47.35726],[8.535327,47.357314],[8.535353,47.357367],[8.535377,47.357421],[8.5354,47.357475],[8.535421,47.35753],[8.535441,47.357584],[8.535459,47.357639],[8.535475,47.357695],[8.535491,47.35775],[8.535504,47.357806],[8.535516,47.357861],[8.535527,47.357917],[8.535536,47.357973],[8.535544,47.358029],[8.53555,47.358085],[8.535554,47.358142],[8.535557,47.358198],[8.535498,47.359094],[8.535476,47.359619],[8.535427,47.360339],[8.535382,47.361003],[8.535362,47.361328],[8.535357,47.361403],[8.535277,47.362304],[8.535271,47.362366],[8.535269,47.362428],[8.53527,47.362491],[8.535274,47.362553],[8.535188,47.363583],[8.535252,47.363607],[8.535314,47.363634],[8.535373,47.363664],[8.53543,47.363696],[8.536229,47.364095],[8.53694,47.364451],[8.537776,47.364868],[8.538834,47.365395],[8.538956,47.365456],[8.539799,47.365878],[8.540023,47.36599],[8.540526,47.366286],[8.540558,47.36631],[8.540594,47.366333],[8.540631,47.366353],[8.540671,47.366371],[8.540713,47.366387],[8.540757,47.3664],[8.540802,47.366411],[8.540849,47.366419],[8.54098,47.366441],[8.54111,47.366464],[8.54124,47.366489],[8.541369,47.366516],[8.541497,47.366545],[8.541624,47.366575],[8.54175,47.366607],[8.541876,47.366641],[8.542002,47.366673],[8.54213,47.366702],[8.542259,47.366728],[8.542389,47.366751],[8.543926,47.367014],[8.544282,47.367078]]],"type":"MultiLineString"}},{"type":"Feature","properties":{"nr":29,"name":"Leimbach - Brunau","abschnitt":"Stadtgrenze (Leimbach) - Brunaustrasse","beschriftung":1},"geometry":{"coordinates":[[[8.519399,47.343373],[8.519384,47.343508],[8.519366,47.343643],[8.519344,47.343777],[8.519318,47.343911],[8.519288,47.344045],[8.519254,47.344178],[8.519217,47.344311],[8.519176,47.344444],[8.519026,47.344863],[8.51899,47.344961],[8.518959,47.345061],[8.518932,47.345161],[8.518911,47.345261],[8.518896,47.345351],[8.518885,47.345441],[8.518878,47.345531],[8.518874,47.345622],[8.518877,47.345685],[8.518883,47.345749],[8.518891,47.345813],[8.518901,47.345876],[8.518911,47.345924],[8.518923,47.345972],[8.518937,47.34602],[8.518952,47.346068],[8.518968,47.346115],[8.518986,47.346162],[8.519006,47.346209],[8.519028,47.346255],[8.519053,47.346307],[8.519081,47.346358],[8.519111,47.346408],[8.519142,47.346458],[8.519175,47.346507],[8.51921,47.346556],[8.519247,47.346604],[8.519286,47.346651],[8.519344,47.346719],[8.519406,47.346784],[8.519472,47.346848],[8.519541,47.346911],[8.519613,47.346971],[8.519689,47.34703],[8.519767,47.347087],[8.519849,47.347142],[8.520372,47.347519],[8.520602,47.34768],[8.520831,47.347841],[8.521178,47.34809],[8.521475,47.348303],[8.521925,47.348625],[8.522046,47.348712],[8.522339,47.348923],[8.522469,47.349019],[8.522596,47.349118],[8.522719,47.349219],[8.522837,47.349321],[8.52287,47.349384],[8.523098,47.349583],[8.523198,47.349678],[8.523294,47.349774],[8.523389,47.349871],[8.523481,47.349969],[8.523571,47.350068],[8.523658,47.350169],[8.523742,47.35027],[8.523824,47.350372],[8.523919,47.350496],[8.524011,47.350622],[8.524099,47.350748],[8.524184,47.350876],[8.524265,47.351004],[8.524343,47.351134],[8.524417,47.351264],[8.524488,47.351396],[8.524612,47.351624],[8.524694,47.351773],[8.524709,47.351801],[8.524777,47.35193],[8.524857,47.352161],[8.524865,47.352202],[8.52487,47.352242],[8.524873,47.352282],[8.524875,47.352322],[8.524874,47.352363],[8.524872,47.352403],[8.524868,47.352444],[8.524862,47.352484],[8.524854,47.352524],[8.524844,47.352564],[8.524832,47.352603],[8.524818,47.352642],[8.524803,47.352681],[8.524786,47.35272],[8.524766,47.352758],[8.524746,47.352796],[8.524814,47.352869],[8.524878,47.352943],[8.524905,47.352977],[8.525351,47.352605],[8.525708,47.352268],[8.525819,47.352124],[8.525924,47.35193],[8.525991,47.351781],[8.526026,47.35156],[8.526005,47.351385],[8.52593,47.35115],[8.525853,47.351023],[8.525786,47.350955],[8.525684,47.350897],[8.525614,47.350871],[8.525565,47.350827],[8.525217,47.350479],[8.525191,47.350449],[8.525133,47.350384],[8.525072,47.350319],[8.525013,47.350259],[8.524953,47.3502],[8.524862,47.350116],[8.524812,47.350072],[8.524761,47.350029],[8.524709,47.349986],[8.524656,47.349943],[8.524548,47.34986],[8.522281,47.34823],[8.521872,47.347937],[8.521498,47.347669],[8.521318,47.347539],[8.521172,47.347433],[8.521028,47.347324],[8.52091,47.347232],[8.520794,47.347138],[8.520731,47.347086],[8.52067,47.347033],[8.520611,47.346979],[8.520553,47.346925],[8.520497,47.34687],[8.520442,47.346814],[8.520389,47.346757],[8.520338,47.3467],[8.52026,47.346607],[8.520185,47.346514],[8.520115,47.346418],[8.520049,47.346322],[8.520003,47.34625],[8.51996,47.346178],[8.519921,47.346105],[8.519885,47.34603],[8.519853,47.345955],[8.519825,47.34588],[8.519801,47.345803],[8.51978,47.345727],[8.519711,47.345503],[8.519659,47.345275],[8.51959,47.34489],[8.519533,47.34445],[8.519491,47.343998],[8.51946,47.343719],[8.519399,47.343373],[8.51938,47.343169],[8.51916,47.340715],[8.519096,47.339928],[8.519089,47.339834],[8.519084,47.33974],[8.519079,47.339646],[8.519076,47.339551],[8.519075,47.339457],[8.519075,47.339363],[8.519076,47.339269],[8.519079,47.339174],[8.519092,47.33872],[8.5191,47.33861],[8.519111,47.3385],[8.519122,47.338389],[8.519135,47.338279],[8.519236,47.337568],[8.519243,47.337522],[8.519245,47.337477],[8.519242,47.337432],[8.519235,47.337387],[8.519223,47.337342],[8.519207,47.337298],[8.519186,47.337255],[8.51916,47.337213],[8.519144,47.337191],[8.519126,47.33717],[8.519106,47.33715],[8.519085,47.33713],[8.518617,47.336767],[8.518573,47.336738],[8.518532,47.336707],[8.518493,47.336675],[8.518456,47.336642],[8.518421,47.336607],[8.518389,47.336571],[8.518359,47.336535],[8.518333,47.336497],[8.518308,47.336459],[8.518287,47.33642],[8.518269,47.33638],[8.518253,47.336339],[8.51824,47.336299],[8.51823,47.336257],[8.518223,47.336216],[8.518219,47.336174],[8.518228,47.336128],[8.518241,47.336082],[8.51826,47.336036],[8.518283,47.335992],[8.518311,47.335949],[8.518343,47.335908],[8.51838,47.335868],[8.518421,47.33583],[8.518536,47.335748],[8.518648,47.335664],[8.518757,47.335577],[8.518862,47.335489],[8.518963,47.335398],[8.519061,47.335306],[8.519154,47.335212],[8.519244,47.335116],[8.519292,47.335057],[8.519309,47.335021],[8.519324,47.334985],[8.519338,47.334949],[8.519351,47.334912],[8.519362,47.334875],[8.519372,47.334838],[8.519381,47.334801],[8.519388,47.334764],[8.519394,47.334727],[8.519399,47.334689],[8.519402,47.334652],[8.519404,47.334614],[8.519405,47.334577],[8.519404,47.334539],[8.519401,47.334502],[8.519398,47.334465],[8.519393,47.334417],[8.519386,47.334369],[8.519377,47.334321],[8.519366,47.334274],[8.519354,47.334226],[8.519339,47.334179],[8.519323,47.334133],[8.519304,47.334086],[8.519284,47.33404],[8.519262,47.333995],[8.519237,47.333949],[8.519211,47.333905],[8.519184,47.33386],[8.519154,47.333817],[8.519123,47.333774],[8.51909,47.333731],[8.519033,47.333665],[8.518762,47.333367],[8.518347,47.332973],[8.518059,47.33264],[8.517804,47.332416],[8.517407,47.332038],[8.517163,47.331816],[8.517126,47.33178],[8.51709,47.331744],[8.517056,47.331707],[8.517022,47.33167],[8.51699,47.331632],[8.516959,47.331594],[8.516929,47.331555],[8.516901,47.331516],[8.516874,47.331476],[8.516848,47.331436],[8.516824,47.331396],[8.516801,47.331355],[8.516779,47.331314],[8.516759,47.331272],[8.51674,47.33123],[8.516723,47.331188],[8.516701,47.33113],[8.516682,47.331071],[8.516665,47.331012],[8.516652,47.330953],[8.516639,47.330875],[8.51663,47.330797],[8.516626,47.330719],[8.516625,47.330641],[8.51663,47.330578],[8.516638,47.330515],[8.516648,47.330453],[8.516661,47.330391],[8.516678,47.330329],[8.516697,47.330267],[8.516718,47.330206],[8.516743,47.330146],[8.51677,47.330086],[8.516801,47.330026],[8.516833,47.329967],[8.516869,47.329909],[8.516907,47.329852],[8.516948,47.329796],[8.516991,47.32974],[8.517037,47.329686],[8.517977,47.328635],[8.518603,47.327933],[8.518632,47.327899],[8.518661,47.327865],[8.518688,47.32783],[8.518714,47.327794],[8.518739,47.327758],[8.518762,47.327722],[8.518785,47.327685],[8.518806,47.327648],[8.518826,47.327611],[8.518844,47.327574],[8.518861,47.327536],[8.518877,47.327498],[8.518892,47.327459],[8.518905,47.327421],[8.518917,47.327382],[8.518928,47.327343],[8.518937,47.327304],[8.518945,47.327265],[8.518952,47.327225],[8.518957,47.327186],[8.518961,47.327146],[8.518963,47.327107],[8.518965,47.327067],[8.518964,47.327028],[8.518963,47.326988],[8.51896,47.326948],[8.518956,47.326909],[8.51895,47.326869],[8.518943,47.32683],[8.518935,47.326791],[8.518925,47.326752],[8.518914,47.326713],[8.518514,47.325373],[8.518491,47.325296],[8.518473,47.325218],[8.518459,47.325139],[8.51845,47.32506],[8.518444,47.324982],[8.518443,47.324903],[8.518446,47.324824],[8.518454,47.324745],[8.518466,47.324666],[8.518482,47.324588],[8.518502,47.32451],[8.518526,47.324433],[8.518555,47.324356],[8.518588,47.324281],[8.518625,47.324206],[8.518666,47.324132],[8.518764,47.323947]]],"type":"MultiLineString"}},{"type":"Feature","properties":{"nr":10,"name":"Irchel - Röntgenstrasse","abschnitt":"Frohburgstrasse - Zollstrasse / Neugasse","beschriftung":1},"geometry":{"coordinates":[[[8.52745,47.383587],[8.528178,47.383269],[8.528679,47.383795],[8.528855,47.383967],[8.528876,47.383988],[8.528899,47.384008],[8.528925,47.384027],[8.528952,47.384045],[8.529795,47.384833],[8.529847,47.384893],[8.530465,47.385484],[8.531103,47.385007],[8.531289,47.384872],[8.531942,47.384823]],[[8.529939,47.381733],[8.529971,47.381768],[8.530318,47.382171],[8.530353,47.382212],[8.530404,47.382275],[8.530921,47.382873],[8.53097,47.38293],[8.531072,47.382996],[8.53122,47.383087],[8.531279,47.383122],[8.531309,47.383141],[8.53163,47.383344],[8.531678,47.383375],[8.531728,47.383405],[8.532084,47.383629],[8.532464,47.383864],[8.53256,47.38392],[8.532351,47.384075],[8.532172,47.384207],[8.531976,47.384352],[8.531942,47.384823],[8.533012,47.385601],[8.533084,47.385653],[8.534277,47.386523],[8.53462,47.386768],[8.534913,47.386983],[8.535019,47.38692],[8.535062,47.386885],[8.535158,47.386813],[8.535503,47.386888],[8.536541,47.38711],[8.537108,47.387225],[8.537605,47.387398],[8.537703,47.387432],[8.537932,47.387512],[8.538034,47.387546],[8.538497,47.387705],[8.539123,47.38792],[8.53936,47.388001],[8.539413,47.387916],[8.539469,47.387831],[8.539694,47.387851],[8.540118,47.387852],[8.540383,47.387855],[8.540488,47.387935],[8.54055,47.387983],[8.540573,47.388008],[8.540595,47.388034],[8.540616,47.38806],[8.540636,47.388087],[8.540654,47.388114],[8.540671,47.388142],[8.540687,47.388169],[8.540702,47.388198],[8.540647,47.388323],[8.540679,47.388331],[8.540711,47.388341],[8.540741,47.388352],[8.54077,47.388365],[8.540799,47.388378],[8.540825,47.388393],[8.540851,47.388409],[8.540875,47.388426],[8.541039,47.388385],[8.541168,47.388399],[8.541628,47.388476],[8.542187,47.388687],[8.542347,47.38875],[8.542457,47.388837],[8.543263,47.389479],[8.5437,47.389823],[8.543988,47.390046],[8.544513,47.390441],[8.544792,47.390634],[8.545021,47.390776],[8.545179,47.390868],[8.545382,47.391006],[8.545564,47.39113],[8.545824,47.391272],[8.546127,47.391437],[8.546475,47.391621],[8.546586,47.391679],[8.5467,47.391736],[8.546816,47.39179],[8.546935,47.391842],[8.547055,47.391891],[8.547178,47.391938],[8.547303,47.391983],[8.547429,47.392025],[8.547531,47.392061],[8.547633,47.392096],[8.547736,47.392129],[8.547841,47.39216],[8.547934,47.392187],[8.548027,47.392212],[8.548121,47.392236],[8.548216,47.392259],[8.548311,47.392281],[8.548407,47.392301],[8.548504,47.392321],[8.548601,47.392339],[8.548848,47.392377],[8.549096,47.392413],[8.549891,47.392524],[8.54996,47.392536],[8.550029,47.392545],[8.5501,47.392551],[8.55017,47.392553],[8.550241,47.392553],[8.550312,47.392549],[8.550382,47.392543],[8.550451,47.392533]]],"type":"MultiLineString"}},{"type":"Feature","properties":{"nr":30,"name":"Höngg - Wipkingen","abschnitt":"Regensdorferstrasse - Scheffelstrasse","beschriftung":1},"geometry":{"coordinates":[[[8.530008,47.395815],[8.529953,47.395806],[8.529897,47.395797],[8.52984,47.39579],[8.529784,47.395783],[8.529727,47.395778],[8.52967,47.395773],[8.529613,47.395769],[8.529556,47.395766],[8.529473,47.395762],[8.52939,47.39576],[8.529307,47.395761],[8.529224,47.395764],[8.529141,47.39577],[8.529059,47.395778],[8.528977,47.395789],[8.528896,47.395802],[8.527567,47.396014],[8.527541,47.39602],[8.527517,47.396028],[8.527495,47.396039],[8.527475,47.396052],[8.527447,47.396073],[8.527417,47.396091],[8.527383,47.396106],[8.527346,47.396119],[8.527308,47.396129],[8.527268,47.396135],[8.527227,47.396138],[8.527186,47.396137],[8.527145,47.396133],[8.527106,47.396126],[8.527068,47.396116],[8.527032,47.396102],[8.526887,47.396126],[8.526682,47.396167],[8.524813,47.396557],[8.524645,47.396597],[8.523895,47.396749],[8.523906,47.396762],[8.523915,47.396777],[8.523921,47.396791],[8.523925,47.396807],[8.523926,47.396822],[8.523924,47.396837],[8.52392,47.396853],[8.523914,47.396867],[8.523905,47.396882],[8.523893,47.396895],[8.52388,47.396907],[8.523864,47.396919],[8.523847,47.396929],[8.523828,47.396937],[8.523807,47.396944],[8.523786,47.39695],[8.523705,47.396963],[8.523624,47.396975],[8.523542,47.396984],[8.523459,47.39699],[8.523376,47.396994],[8.523293,47.396995],[8.52321,47.396994],[8.523127,47.396991],[8.522748,47.396988],[8.522666,47.396991],[8.522584,47.396995],[8.522503,47.396999],[8.522421,47.397006],[8.52234,47.397013],[8.522259,47.397021],[8.522178,47.397031],[8.522098,47.397042],[8.522018,47.397054],[8.521939,47.397067],[8.521859,47.397081],[8.521781,47.397097],[8.521703,47.397114],[8.521625,47.397131],[8.521548,47.39715],[8.521472,47.39717],[8.521318,47.397211],[8.521164,47.39725],[8.521009,47.397288],[8.520854,47.397326],[8.520698,47.397362],[8.520541,47.397397],[8.520384,47.397431],[8.520227,47.397464],[8.520047,47.397504],[8.519868,47.397547],[8.519691,47.397593],[8.519515,47.397641],[8.519341,47.397692],[8.519169,47.397745],[8.518998,47.397801],[8.518829,47.397859],[8.518774,47.397882],[8.51872,47.397905],[8.518667,47.39793],[8.518616,47.397956],[8.518565,47.397983],[8.518516,47.398011],[8.518468,47.398039],[8.518422,47.398069],[8.518376,47.3981],[8.518333,47.398132],[8.51829,47.398164],[8.51825,47.398198],[8.51821,47.398232],[8.518173,47.398268],[8.518136,47.398303],[8.518102,47.39834],[8.518083,47.398365],[8.518066,47.39839],[8.51805,47.398415],[8.518036,47.398441],[8.518024,47.398468],[8.518013,47.398494],[8.518005,47.398522],[8.517998,47.398549],[8.517813,47.398524],[8.517076,47.398324],[8.51701,47.398307],[8.516944,47.398291],[8.516877,47.398276],[8.51681,47.398262],[8.516742,47.398249],[8.516674,47.398237],[8.516605,47.398227],[8.516536,47.398218],[8.516345,47.398192],[8.516122,47.398156],[8.5159,47.398116],[8.51568,47.398073],[8.515461,47.398028],[8.515338,47.397999],[8.515215,47.397972],[8.515092,47.397946],[8.514968,47.397921],[8.514843,47.397897],[8.514718,47.397875],[8.514592,47.397854],[8.514466,47.397834],[8.514365,47.39782],[8.514264,47.397809],[8.514162,47.397799],[8.51406,47.397791],[8.513132,47.397727],[8.513018,47.397721],[8.512904,47.397718],[8.51279,47.397716],[8.512675,47.397716],[8.512545,47.397718],[8.512415,47.397722],[8.512285,47.397729],[8.512155,47.397737],[8.511559,47.397794],[8.511492,47.397803],[8.511425,47.397813],[8.511359,47.397824],[8.511293,47.397836],[8.511227,47.397849],[8.511163,47.397864],[8.511098,47.39788],[8.511035,47.397897],[8.510989,47.397909],[8.510472,47.398055],[8.509752,47.398258],[8.509698,47.398274],[8.509645,47.398291],[8.509593,47.398309],[8.509542,47.398328],[8.509492,47.398347],[8.509442,47.398369],[8.509394,47.398391],[8.509346,47.398414],[8.5093,47.398438],[8.509255,47.398463],[8.50921,47.398488],[8.509167,47.398515],[8.509126,47.398543],[8.509085,47.398572],[8.509046,47.398601],[8.509008,47.398631],[8.508842,47.398777],[8.508827,47.398794],[8.508815,47.398811],[8.508805,47.39883],[8.508798,47.398849],[8.508937,47.398872],[8.509212,47.398921],[8.509271,47.398929],[8.509331,47.398935],[8.509395,47.398938],[8.50946,47.39894],[8.509525,47.39894],[8.50959,47.398938],[8.509641,47.398935],[8.509691,47.39893],[8.509742,47.398925],[8.509792,47.398917],[8.509817,47.399018],[8.509821,47.399033],[8.509822,47.399048],[8.509821,47.399063],[8.509818,47.399078],[8.509813,47.399092],[8.509806,47.399107],[8.509797,47.39912],[8.509786,47.399133],[8.509635,47.399259],[8.509508,47.399368],[8.509329,47.399539],[8.509215,47.399674],[8.508989,47.399929],[8.508917,47.400023],[8.508726,47.4002],[8.508583,47.40035],[8.507905,47.400864],[8.507629,47.40106],[8.507467,47.401184],[8.507324,47.401307],[8.50715,47.401475],[8.506847,47.401785],[8.506714,47.401919],[8.506569,47.402059],[8.50649,47.402106],[8.506103,47.402477],[8.505601,47.402962],[8.505382,47.403117],[8.504944,47.40336],[8.504586,47.403568],[8.504494,47.403595],[8.504317,47.403432],[8.504188,47.40332],[8.503753,47.403542],[8.503272,47.403802],[8.503264,47.40382],[8.503252,47.403837],[8.503238,47.403853],[8.503222,47.403869],[8.503203,47.403882],[8.503182,47.403895],[8.503159,47.403906],[8.503135,47.403915],[8.503049,47.403949],[8.502965,47.403983],[8.502881,47.404018],[8.502798,47.404055],[8.502716,47.404092],[8.502635,47.40413],[8.502555,47.404169],[8.502476,47.404209],[8.501833,47.404518],[8.501586,47.404633],[8.501556,47.404647],[8.501523,47.404657],[8.501489,47.404665],[8.501454,47.404669],[8.501405,47.404704],[8.501379,47.404722],[8.501352,47.404738],[8.501325,47.404754],[8.501296,47.404769],[8.500936,47.404921],[8.500778,47.404987],[8.500727,47.404992],[8.500596,47.405038],[8.500189,47.405175],[8.499951,47.40526],[8.499426,47.405417],[8.499273,47.405463],[8.498667,47.405635],[8.498392,47.405709],[8.498116,47.405782],[8.49784,47.405853],[8.497562,47.405922],[8.497284,47.40599],[8.497004,47.406055],[8.496724,47.406119],[8.496442,47.406181],[8.49635,47.406201],[8.496256,47.406219],[8.496163,47.406236],[8.496069,47.406252],[8.495974,47.406267],[8.49588,47.40628],[8.495784,47.406293],[8.495689,47.406304],[8.495604,47.40631],[8.495519,47.406317],[8.495434,47.406325],[8.49535,47.406334],[8.495266,47.406344],[8.495182,47.406356],[8.495099,47.406369],[8.495016,47.406382],[8.494933,47.406397],[8.494851,47.406413],[8.494769,47.40643],[8.494688,47.406449],[8.494608,47.406468],[8.494528,47.406488],[8.494448,47.40651],[8.494369,47.406533],[8.494258,47.406564],[8.494147,47.406597],[8.494037,47.406632],[8.493929,47.406668],[8.493822,47.406706],[8.493716,47.406746],[8.493612,47.406788],[8.493509,47.406831],[8.493408,47.406876],[8.493309,47.406922],[8.493211,47.40697],[8.493114,47.40702],[8.49302,47.407071],[8.492927,47.407124],[8.492836,47.407178],[8.492747,47.407233],[8.492694,47.407261],[8.49264,47.407288],[8.492583,47.407312],[8.492525,47.407335],[8.492449,47.407365],[8.492371,47.407394],[8.492292,47.407421],[8.492211,47.407447],[8.492129,47.407471],[8.492047,47.407493],[8.491963,47.407513],[8.491878,47.407531],[8.490681,47.407827],[8.490643,47.407834],[8.490604,47.407839],[8.490564,47.407843],[8.490525,47.407846],[8.490485,47.407847],[8.490445,47.407846],[8.490406,47.407844],[8.490366,47.407841],[8.490327,47.407836],[8.490288,47.407829],[8.49025,47.407821],[8.490213,47.407812],[8.490176,47.407801],[8.490141,47.407789],[8.490106,47.407775],[8.490073,47.407761],[8.489979,47.407717],[8.489882,47.407675],[8.489771,47.407631]]],"type":"MultiLineString"}},{"type":"Feature","properties":{"nr":31,"name":"Lengg - Hochschulen - Oerlikon","abschnitt":"Enzehbühlstrasse - Gubelplatz","beschriftung":1},"geometry":{"coordinates":[[[8.566521,47.360669],[8.567148,47.361053],[8.567802,47.36047],[8.567865,47.360403],[8.567918,47.360332],[8.567962,47.360257]],[[8.543185,47.396407],[8.544309,47.396189],[8.545143,47.396026],[8.545192,47.396015],[8.545415,47.395966],[8.545438,47.396049],[8.545464,47.396132],[8.545494,47.396214],[8.545527,47.396296],[8.545563,47.396377],[8.545602,47.396458],[8.545644,47.396537],[8.545689,47.396616],[8.545817,47.396808],[8.545949,47.396999],[8.546085,47.397188],[8.546224,47.397377],[8.546368,47.397563],[8.546515,47.397749],[8.546666,47.397933],[8.546821,47.398115],[8.547464,47.398832],[8.547573,47.398931],[8.547686,47.399029],[8.5478,47.399125],[8.547917,47.39922],[8.548038,47.399315],[8.548161,47.399409],[8.548124,47.399395],[8.548085,47.399385],[8.548044,47.399377],[8.548002,47.399373],[8.547959,47.399372],[8.547917,47.399374],[8.547875,47.399379],[8.547835,47.399388],[8.547796,47.399399],[8.547759,47.399414],[8.547725,47.399431],[8.547694,47.39945],[8.547666,47.399472],[8.547643,47.399496],[8.547623,47.399522],[8.547607,47.399549],[8.54747,47.399697],[8.547433,47.399734],[8.547393,47.399771],[8.547349,47.399805],[8.547302,47.399837],[8.547252,47.399868],[8.5472,47.399895],[8.547144,47.399921],[8.547087,47.399944],[8.547027,47.399965],[8.546965,47.399982],[8.546902,47.399997],[8.546838,47.40001],[8.546773,47.400019],[8.546706,47.400026],[8.54664,47.400029],[8.546573,47.40003],[8.546432,47.40002],[8.54629,47.400012],[8.546149,47.400008],[8.546007,47.400006],[8.545865,47.400008],[8.545723,47.400012],[8.545582,47.400019],[8.545441,47.400028],[8.544438,47.399838],[8.543686,47.399694],[8.543618,47.39968],[8.54355,47.399664],[8.543484,47.399647],[8.543418,47.399629],[8.543353,47.39961],[8.543288,47.399589],[8.543225,47.399567],[8.543162,47.399545],[8.543073,47.399512],[8.542986,47.399478],[8.542901,47.39944],[8.542819,47.3994],[8.54269,47.399336],[8.542631,47.399302],[8.542552,47.399261]],[[8.573532,47.349585],[8.573433,47.34961],[8.573364,47.349639],[8.573208,47.349893],[8.573123,47.350156],[8.573,47.350328],[8.572918,47.350424],[8.572639,47.350817],[8.57262,47.35087],[8.572642,47.350917],[8.572853,47.351325],[8.572876,47.351377],[8.572598,47.352474],[8.572529,47.352537],[8.57242,47.352624],[8.572315,47.352716],[8.572266,47.352752],[8.572236,47.352796],[8.572226,47.35283],[8.572016,47.353797],[8.572052,47.354016],[8.572084,47.354262],[8.572092,47.354554],[8.572086,47.354673],[8.572082,47.354706],[8.572048,47.354856],[8.572013,47.354962],[8.571996,47.355003],[8.571955,47.355085],[8.57192,47.355146],[8.571881,47.355204],[8.571823,47.355282],[8.571792,47.355319],[8.571705,47.35541],[8.571336,47.355747],[8.571299,47.355778],[8.570552,47.35655],[8.570452,47.35665],[8.569933,47.357211],[8.569814,47.357347],[8.569371,47.357946],[8.56928,47.358199],[8.569214,47.358572],[8.569245,47.358819],[8.569274,47.358928],[8.569346,47.359008],[8.569452,47.359072],[8.569479,47.359129],[8.569449,47.359159],[8.569437,47.359197],[8.569482,47.359239],[8.569497,47.359246],[8.56951,47.359254],[8.569622,47.35933],[8.569762,47.359347],[8.569195,47.35973],[8.569047,47.359834],[8.568984,47.359881],[8.568917,47.359927],[8.568847,47.35997],[8.568775,47.36001],[8.568727,47.360035],[8.568677,47.360058],[8.568627,47.360081],[8.568576,47.360102],[8.568504,47.360129],[8.568431,47.360154],[8.568355,47.360177],[8.568279,47.360198],[8.568201,47.360216],[8.568122,47.360232],[8.568042,47.360246],[8.567962,47.360257]],[[8.559673,47.355363],[8.559864,47.355435],[8.560655,47.355728],[8.561075,47.355885],[8.561123,47.355826],[8.561168,47.355766],[8.56121,47.355705],[8.561248,47.355644],[8.561272,47.355598],[8.561431,47.355296],[8.561443,47.355271],[8.561454,47.355246],[8.561463,47.35522],[8.561471,47.355194],[8.561478,47.355167],[8.561483,47.355141],[8.561487,47.355114],[8.561489,47.355088],[8.56263,47.355084],[8.562647,47.355084],[8.562664,47.355083],[8.56268,47.355081],[8.562697,47.355079],[8.562713,47.355075],[8.562728,47.35507],[8.562743,47.355065],[8.562757,47.355059],[8.562771,47.355052],[8.562783,47.355044],[8.562794,47.355035],[8.562805,47.355026],[8.562814,47.355016],[8.562821,47.355006],[8.562828,47.354996],[8.562833,47.354985],[8.56286,47.354942],[8.563146,47.354495],[8.56319,47.354438],[8.563235,47.354382],[8.563283,47.354327],[8.563332,47.354272],[8.563382,47.354218],[8.563435,47.354165],[8.563489,47.354113],[8.563545,47.354061],[8.564825,47.352898],[8.564867,47.352865],[8.564912,47.352832],[8.564958,47.352801],[8.565005,47.352771],[8.565048,47.352746],[8.565091,47.352722],[8.565136,47.352699],[8.565182,47.352677],[8.565432,47.352563],[8.565527,47.352517],[8.565618,47.352469],[8.565706,47.352419],[8.565792,47.352366],[8.565874,47.352311],[8.565953,47.352254],[8.566028,47.352195],[8.5661,47.352133],[8.56651,47.351767],[8.568051,47.351504],[8.568096,47.351497],[8.56814,47.351489],[8.568185,47.351481],[8.568228,47.351471],[8.568272,47.35146],[8.568314,47.351448],[8.568357,47.351435],[8.568398,47.351421],[8.569503,47.351978],[8.569652,47.352061],[8.56969,47.352076],[8.56973,47.352088],[8.569771,47.352099],[8.569814,47.352107],[8.571695,47.3523],[8.571742,47.352308],[8.571789,47.352317],[8.571835,47.352327],[8.57188,47.352339],[8.571925,47.352352],[8.571969,47.352366],[8.572011,47.352382],[8.572053,47.352398],[8.572094,47.352416],[8.572134,47.352435],[8.572173,47.352455],[8.57221,47.352476],[8.572246,47.352498],[8.572281,47.352521],[8.572314,47.352545],[8.572346,47.352569],[8.572375,47.352591],[8.572421,47.352624]],[[8.540042,47.395499],[8.540265,47.395363],[8.541072,47.394669],[8.54171,47.394142],[8.541723,47.394132],[8.541737,47.394122],[8.541752,47.394112],[8.541768,47.394104],[8.541785,47.394096],[8.541802,47.394089],[8.54182,47.394082],[8.541839,47.394077]],[[8.566521,47.360669],[8.565626,47.361311],[8.565497,47.361406],[8.565326,47.361531],[8.565303,47.361548],[8.563881,47.362569],[8.563573,47.36279],[8.563258,47.363019],[8.563102,47.363126],[8.561764,47.364085],[8.561639,47.364175],[8.561496,47.364278],[8.560439,47.365034],[8.560374,47.36509],[8.560289,47.365172],[8.559852,47.365591],[8.559083,47.366395],[8.558691,47.366806],[8.558577,47.366921],[8.556942,47.368411],[8.556152,47.369132],[8.556068,47.369212],[8.555955,47.369319],[8.555796,47.369497],[8.555719,47.369581],[8.555507,47.369829],[8.555004,47.370399],[8.554591,47.370865],[8.554137,47.371356],[8.552793,47.37285],[8.552398,47.37329],[8.552286,47.373407],[8.552079,47.373686],[8.552067,47.373707],[8.552057,47.373728],[8.552049,47.373749],[8.552043,47.373771],[8.552038,47.373793],[8.552036,47.373814],[8.552035,47.373837],[8.552036,47.373859],[8.552039,47.373885],[8.552045,47.373912],[8.551793,47.37445],[8.551781,47.37447],[8.55177,47.37449],[8.551762,47.37451],[8.551754,47.374531],[8.551748,47.374552],[8.551744,47.374573],[8.551741,47.374594],[8.55174,47.374615],[8.551741,47.374636],[8.551743,47.374658],[8.551746,47.374679],[8.551752,47.3747],[8.551758,47.374721],[8.551766,47.374741],[8.551776,47.374761],[8.551787,47.374781],[8.551363,47.374759],[8.551308,47.374899],[8.551218,47.374957],[8.549582,47.375439],[8.549117,47.375748],[8.548604,47.376882],[8.548385,47.377376],[8.548194,47.377806],[8.54786,47.378197],[8.547183,47.379027],[8.547092,47.379139],[8.546923,47.379347],[8.546576,47.379783],[8.546556,47.379808],[8.546043,47.380548],[8.545861,47.38081],[8.545281,47.381644],[8.545272,47.381658],[8.545265,47.381674],[8.545259,47.381689],[8.545254,47.381705],[8.54525,47.381721],[8.545249,47.381737],[8.545248,47.381753],[8.545249,47.381769],[8.545272,47.381768],[8.545295,47.38177],[8.545316,47.381776],[8.545335,47.381785],[8.545351,47.381797],[8.545362,47.38181],[8.545368,47.381826],[8.54537,47.381841],[8.545364,47.382149],[8.545363,47.38221],[8.545361,47.38231],[8.545351,47.382831],[8.545349,47.382984],[8.545346,47.383104],[8.545337,47.38343],[8.545336,47.383456],[8.545332,47.383482],[8.545328,47.383503],[8.545322,47.383524],[8.545314,47.383545],[8.545305,47.383565],[8.544861,47.384942],[8.544852,47.384965],[8.544847,47.384989],[8.544846,47.385012],[8.544848,47.385036],[8.544855,47.385063],[8.544866,47.38509],[8.544882,47.385115],[8.544902,47.385139],[8.54548,47.385842],[8.54562,47.386021],[8.544984,47.386777],[8.544972,47.386791],[8.544936,47.386836],[8.544585,47.387272],[8.544578,47.387284],[8.544574,47.387295],[8.544571,47.387308],[8.544569,47.38732],[8.544569,47.387332],[8.544571,47.387344],[8.544575,47.387357],[8.54458,47.387368],[8.54461,47.387422],[8.544645,47.387482],[8.544522,47.387518],[8.544482,47.387533],[8.544443,47.387549],[8.544405,47.387567],[8.544368,47.387586],[8.544033,47.387779],[8.544105,47.387837],[8.544179,47.387895],[8.544194,47.387909],[8.544204,47.387925],[8.544211,47.387941],[8.544214,47.387959],[8.544175,47.388092],[8.543889,47.389159],[8.54376,47.389622],[8.5437,47.389823],[8.543456,47.390716],[8.543414,47.390831],[8.543398,47.390866],[8.54338,47.390901],[8.543361,47.390936],[8.54334,47.39097],[8.543318,47.391004],[8.543294,47.391038],[8.54327,47.391071],[8.543244,47.391104],[8.543216,47.391136],[8.543187,47.391168],[8.543157,47.391199],[8.543126,47.391229],[8.543094,47.391259],[8.54306,47.391289],[8.543025,47.391317],[8.542989,47.391345],[8.542954,47.391372],[8.542918,47.391398],[8.542879,47.391423],[8.54284,47.391447],[8.542692,47.391538],[8.542318,47.391758],[8.542252,47.391801],[8.542188,47.391845],[8.542127,47.391891],[8.542069,47.391939],[8.542013,47.391988],[8.54196,47.392039],[8.54191,47.39209],[8.541863,47.392144],[8.541821,47.392197],[8.541782,47.392252],[8.541745,47.392307],[8.541711,47.392363],[8.541673,47.392435],[8.541638,47.392507],[8.541608,47.39258],[8.541583,47.392654],[8.541564,47.392729],[8.541551,47.392805],[8.541543,47.392882],[8.54154,47.392958],[8.541546,47.39316],[8.541552,47.393236],[8.541561,47.393312],[8.541573,47.393388],[8.541588,47.393464],[8.541607,47.393539],[8.541628,47.393614],[8.541653,47.393689],[8.541681,47.393763],[8.541707,47.393823],[8.541839,47.394077],[8.542748,47.395519],[8.542915,47.395803],[8.542987,47.395953],[8.543056,47.396104],[8.543122,47.396255],[8.543185,47.396407],[8.542944,47.396454],[8.542069,47.396633],[8.541543,47.39674],[8.540929,47.396857],[8.541088,47.397088],[8.542489,47.399138],[8.542548,47.399254],[8.542552,47.399261],[8.542609,47.399369],[8.542674,47.399483],[8.542741,47.399597],[8.542716,47.399758],[8.543059,47.400195],[8.543721,47.401079],[8.54408,47.401519],[8.544372,47.401893],[8.544934,47.402589],[8.545223,47.402978],[8.545422,47.403311],[8.545845,47.404014],[8.546099,47.404464],[8.546572,47.405245],[8.546669,47.405418],[8.547154,47.40623],[8.547169,47.406282],[8.547158,47.406331],[8.547174,47.406358],[8.547187,47.406385],[8.547197,47.406412],[8.547206,47.40644],[8.547211,47.406469],[8.547214,47.406497],[8.547215,47.406525],[8.547212,47.406554],[8.547208,47.406584],[8.5472,47.406613],[8.546961,47.407362],[8.546479,47.40757],[8.546366,47.407548],[8.54633,47.407543],[8.546294,47.40754],[8.546258,47.407538],[8.546221,47.407537],[8.546185,47.407537],[8.546148,47.407539],[8.546112,47.407542],[8.546076,47.407546],[8.54604,47.407551],[8.546005,47.407557],[8.54597,47.407565],[8.545936,47.407574],[8.545903,47.407584],[8.54587,47.407595],[8.545838,47.407607],[8.545807,47.40762],[8.545503,47.407746],[8.5449,47.408007],[8.544715,47.407835],[8.54442,47.407773],[8.544391,47.407768],[8.544362,47.407762],[8.544335,47.407754],[8.544309,47.407744],[8.544285,47.407732],[8.544263,47.407719],[8.544243,47.407703],[8.544226,47.407687],[8.544084,47.407484]],[[8.5449,47.408007],[8.544586,47.408138],[8.544601,47.408155],[8.544614,47.408172],[8.544625,47.408191],[8.544633,47.40821],[8.544638,47.408229],[8.544641,47.408248],[8.544641,47.408268],[8.544639,47.408288],[8.544377,47.408857],[8.544291,47.409044],[8.544106,47.409446],[8.544095,47.409585],[8.543839,47.409694],[8.543882,47.409795],[8.543866,47.409884],[8.543577,47.410398],[8.543574,47.410452],[8.543265,47.410932],[8.542655,47.411777],[8.542577,47.411871]]],"type":"MultiLineString"}},{"type":"Feature","properties":{"nr":12,"name":"Hardturm - Heinrichstrasse - Hauptbahnhof","abschnitt":"Pfingstweidstrasse - Sihlquai (HB)","beschriftung":1},"geometry":{"coordinates":[[[8.5376,47.379839],[8.536921,47.38002],[8.535182,47.381008],[8.533634,47.381886],[8.53351,47.381971],[8.533322,47.382114],[8.533272,47.382152],[8.532872,47.382464],[8.532741,47.382567],[8.532368,47.382861],[8.53232,47.382898],[8.531678,47.383375],[8.531051,47.38384],[8.530956,47.383926],[8.530419,47.384342],[8.529795,47.384833],[8.529163,47.385322],[8.528584,47.385779],[8.528485,47.385845],[8.527879,47.386319],[8.527814,47.38635],[8.527136,47.38667],[8.526941,47.386764],[8.526814,47.386836],[8.525884,47.387279],[8.525641,47.387397],[8.525438,47.387496],[8.525416,47.387507],[8.524726,47.387843],[8.523538,47.388421],[8.521309,47.389505],[8.521474,47.389678],[8.522279,47.390505],[8.522852,47.391122],[8.522825,47.39113],[8.522798,47.391137],[8.52277,47.391142],[8.522742,47.391147],[8.522713,47.391151],[8.522685,47.391153],[8.522656,47.391155],[8.522627,47.391155],[8.522598,47.391154],[8.522569,47.391152],[8.52254,47.391149],[8.522512,47.391145],[8.522484,47.39114],[8.522456,47.391134],[8.522429,47.391127],[8.522403,47.391119],[8.522373,47.391107],[8.522343,47.391095],[8.522315,47.391082],[8.522287,47.391068],[8.522261,47.391053],[8.522235,47.391038],[8.522211,47.391021],[8.522187,47.391004],[8.522165,47.390986],[8.522144,47.390968],[8.522125,47.390949],[8.522107,47.390929],[8.52209,47.390908],[8.522074,47.390888],[8.52206,47.390866],[8.522048,47.390845],[8.521822,47.39087],[8.521072,47.391029],[8.520457,47.39119],[8.520388,47.391298],[8.520103,47.391376],[8.518876,47.391731],[8.518816,47.391748],[8.518139,47.391945],[8.517416,47.392155],[8.516823,47.392325],[8.515591,47.392665],[8.512923,47.39343],[8.512832,47.393453],[8.51274,47.393476],[8.51265,47.393496],[8.51256,47.393515],[8.512469,47.393534],[8.512377,47.393551],[8.512285,47.393567],[8.512193,47.393582],[8.512101,47.393596],[8.512008,47.393609],[8.511914,47.393621],[8.511821,47.393632],[8.511727,47.393642],[8.511633,47.39365],[8.511539,47.393658],[8.511444,47.393664],[8.51135,47.393669],[8.511255,47.393673],[8.510318,47.393706],[8.509159,47.393745],[8.508173,47.393779],[8.50763,47.393798],[8.506628,47.393832],[8.505557,47.393874],[8.505503,47.393877],[8.505253,47.393889],[8.505155,47.393896],[8.505057,47.393901],[8.504959,47.393905],[8.504861,47.393908],[8.504763,47.393909],[8.504665,47.393908],[8.504566,47.393906],[8.504468,47.393902],[8.503943,47.393881],[8.503334,47.393853],[8.502378,47.392883],[8.502722,47.392632],[8.502802,47.392531]],[[8.522491,47.390733],[8.522437,47.390752],[8.522383,47.390768],[8.522329,47.390784],[8.522274,47.390799],[8.522218,47.390812],[8.522162,47.390824],[8.522105,47.390835],[8.522048,47.390845]]],"type":"MultiLineString"}},{"type":"Feature","properties":{"nr":34,"name":"Höngg - Meierhofplatz - Wipkingerbrücke","abschnitt":"Frankentalerstrasse - Escher-Wyss-Platz","beschriftung":1},"geometry":{"coordinates":[[[8.522852,47.391122],[8.523449,47.391739],[8.523937,47.392247],[8.523858,47.392289],[8.523778,47.39233],[8.523696,47.392369],[8.523613,47.392406],[8.523528,47.392442],[8.523441,47.392476],[8.523353,47.392508],[8.523264,47.392539],[8.523242,47.392548],[8.52322,47.392558],[8.5232,47.392569],[8.52318,47.39258],[8.523162,47.392593],[8.523145,47.392606],[8.523129,47.39262],[8.523114,47.392634],[8.523101,47.392649],[8.523089,47.392665],[8.523078,47.392681],[8.523069,47.392697],[8.523061,47.392714],[8.523055,47.392731],[8.52305,47.392749],[8.523047,47.392766],[8.523099,47.392769],[8.523151,47.392771],[8.523203,47.392772],[8.523255,47.392771],[8.523307,47.392769],[8.523359,47.392766],[8.523411,47.392762],[8.523462,47.392756],[8.523513,47.392749],[8.523564,47.392741],[8.523614,47.392732],[8.523664,47.392722],[8.523713,47.39271],[8.523761,47.392697],[8.523809,47.392683],[8.523856,47.392668],[8.523902,47.392653],[8.523945,47.392636],[8.523988,47.392617],[8.524028,47.392596],[8.524066,47.392574],[8.524103,47.39255],[8.524137,47.392524],[8.524169,47.392498],[8.524193,47.392475],[8.524216,47.392451],[8.524237,47.392427],[8.524255,47.392403],[8.524256,47.392402],[8.524253,47.392383],[8.524247,47.392364],[8.524239,47.392346],[8.524227,47.392328],[8.524212,47.392312],[8.524194,47.392297],[8.524175,47.392283],[8.524153,47.392271],[8.524129,47.392261],[8.524103,47.392252],[8.524076,47.392246],[8.524049,47.392242],[8.524021,47.39224],[8.523992,47.39224],[8.523964,47.392242],[8.523937,47.392247]],[[8.523047,47.392766],[8.521559,47.393825],[8.521522,47.393824],[8.521484,47.393825],[8.521446,47.393827],[8.521409,47.39383],[8.521372,47.393835],[8.521335,47.393841],[8.521299,47.393849],[8.521264,47.393857],[8.52072,47.394033],[8.519749,47.394341],[8.51963,47.394378],[8.519511,47.394414],[8.519391,47.394449],[8.519271,47.394483],[8.51915,47.394517],[8.519028,47.394549],[8.518906,47.39458],[8.518783,47.39461],[8.51859,47.394655],[8.518396,47.394698],[8.5182,47.394738],[8.518004,47.394777],[8.517817,47.39481],[8.517629,47.394842],[8.51744,47.394871],[8.51725,47.394897],[8.515771,47.39509],[8.515586,47.395116],[8.515401,47.395143],[8.515216,47.395173],[8.515033,47.395204],[8.514842,47.395239],[8.514651,47.395275],[8.514462,47.395313],[8.514273,47.395353],[8.514085,47.395395],[8.513898,47.395439],[8.513712,47.395485],[8.513527,47.395533],[8.513351,47.39557],[8.513173,47.395606],[8.512995,47.39564],[8.512816,47.395671],[8.512636,47.395701],[8.512456,47.395728],[8.512275,47.395754],[8.512093,47.395777],[8.511879,47.395802],[8.511663,47.395825],[8.511582,47.395833],[8.510774,47.39591],[8.510683,47.39592],[8.510594,47.395931],[8.510504,47.395943],[8.510415,47.395957],[8.510326,47.395972],[8.510238,47.395988],[8.51015,47.396005],[8.510063,47.396023],[8.50993,47.396053],[8.5098,47.396086],[8.50967,47.396121],[8.509542,47.39616],[8.509412,47.396198],[8.508573,47.396453],[8.508297,47.396539],[8.508214,47.396566],[8.508105,47.396605],[8.507997,47.396646],[8.50789,47.396688],[8.507786,47.396733],[8.506833,47.397141],[8.506771,47.397168],[8.505633,47.397654],[8.505527,47.397702],[8.505424,47.397751],[8.505324,47.397803],[8.505226,47.397857],[8.505128,47.397916],[8.505035,47.397977],[8.504945,47.398041],[8.504858,47.398107],[8.504776,47.398175],[8.504698,47.398245],[8.504623,47.398318],[8.504553,47.398392],[8.504511,47.39845],[8.504468,47.398508],[8.504422,47.398565],[8.504375,47.398621],[8.504327,47.398677],[8.504276,47.398732],[8.504224,47.398786],[8.504171,47.398839],[8.504093,47.398913],[8.504013,47.398985],[8.503939,47.399048],[8.503861,47.39911],[8.503781,47.399169],[8.503698,47.399227],[8.503611,47.399283],[8.503523,47.399337],[8.503431,47.399389],[8.503337,47.399439],[8.503179,47.399509],[8.502864,47.399648],[8.50239,47.399823],[8.502281,47.399864],[8.50126,47.40024],[8.500391,47.400586],[8.5003,47.400621],[8.500212,47.400659],[8.500127,47.400699],[8.500045,47.400742],[8.499966,47.400788],[8.49989,47.400837],[8.499817,47.400888],[8.499749,47.400941],[8.499591,47.401081],[8.499433,47.401222],[8.499358,47.401288],[8.499319,47.401326],[8.499283,47.401365],[8.499252,47.401406],[8.499225,47.401448],[8.499203,47.401492],[8.499185,47.401536],[8.499172,47.401581],[8.499164,47.401627],[8.49916,47.401656],[8.499157,47.401684],[8.499157,47.401712],[8.49916,47.401741],[8.499164,47.401769],[8.49917,47.401797],[8.499179,47.401825],[8.499189,47.401853],[8.49929,47.402037],[8.499376,47.402245],[8.499379,47.402259],[8.499379,47.402273],[8.499376,47.402287],[8.499371,47.402301],[8.499363,47.402314],[8.499353,47.402326],[8.49934,47.402337],[8.499325,47.402347],[8.499309,47.402355],[8.499292,47.402362],[8.498761,47.402631],[8.498691,47.40267],[8.498622,47.402709],[8.498555,47.40275],[8.498489,47.402792],[8.498406,47.402848],[8.498375,47.402879],[8.498343,47.402909],[8.49831,47.402938],[8.498275,47.402967],[8.498218,47.40301],[8.498159,47.403053],[8.498098,47.403094],[8.498036,47.403134],[8.497973,47.403172],[8.497907,47.40321],[8.497841,47.403246],[8.497773,47.403281],[8.497095,47.403609],[8.496929,47.40364],[8.496762,47.403668],[8.496594,47.403693],[8.496425,47.403716],[8.49634,47.403717],[8.496256,47.40372],[8.496171,47.403726],[8.496088,47.403734],[8.496004,47.403744],[8.495922,47.403756],[8.49584,47.40377],[8.495759,47.403787],[8.495635,47.40381],[8.495511,47.403832],[8.495386,47.403852],[8.495261,47.403871],[8.495163,47.403888],[8.495065,47.403907],[8.494968,47.403927],[8.494871,47.403948],[8.494786,47.403972],[8.494741,47.403984],[8.494633,47.404019],[8.493957,47.404266],[8.493852,47.4043],[8.493823,47.404306],[8.493631,47.404366],[8.492833,47.404682],[8.492688,47.404735],[8.492541,47.404787],[8.492394,47.404838],[8.492245,47.404886],[8.492095,47.404934],[8.491944,47.404979],[8.491792,47.405023],[8.491639,47.405065],[8.491057,47.405236],[8.490406,47.405426],[8.490205,47.405484],[8.490009,47.405537],[8.489775,47.405596],[8.489292,47.405708],[8.489226,47.405724],[8.48916,47.405742],[8.489096,47.405762],[8.489033,47.405785],[8.488973,47.40581],[8.488914,47.405836],[8.488857,47.405865],[8.488802,47.405896],[8.488743,47.405938],[8.488687,47.405982],[8.488634,47.406028],[8.488583,47.406076],[8.488536,47.406124],[8.488493,47.406175],[8.488452,47.406226],[8.488415,47.406279],[8.488398,47.406312],[8.488379,47.406345],[8.488358,47.406377],[8.488336,47.406408],[8.488313,47.406439],[8.488287,47.40647],[8.488261,47.4065],[8.488233,47.406529],[8.488204,47.406558],[8.488173,47.406586],[8.488141,47.406613],[8.488107,47.40664],[8.488073,47.406665],[8.488037,47.406691],[8.488,47.406715],[8.487961,47.406738],[8.487901,47.406775],[8.487839,47.406811],[8.487776,47.406846],[8.487711,47.406879],[8.487004,47.40727],[8.486927,47.407304],[8.486849,47.407336],[8.48677,47.407368],[8.48669,47.407398],[8.486517,47.407476],[8.486331,47.407534],[8.486141,47.407588],[8.48593,47.407643],[8.485465,47.407759],[8.484922,47.407913],[8.484836,47.407938],[8.484814,47.407947],[8.484317,47.408154],[8.483981,47.408306],[8.483188,47.408676],[8.483032,47.408749],[8.482964,47.408779],[8.482894,47.408807],[8.482822,47.408833],[8.48275,47.408858],[8.482676,47.408882],[8.482601,47.408903],[8.482525,47.408923],[8.482448,47.408942],[8.481888,47.409073],[8.481798,47.409095],[8.481708,47.409118],[8.481619,47.409142],[8.481531,47.409167],[8.481444,47.409193],[8.481357,47.409221],[8.481271,47.409249],[8.481186,47.409279],[8.481087,47.409314],[8.48099,47.409352],[8.480895,47.40939],[8.480801,47.409431],[8.480708,47.409473],[8.480617,47.409517],[8.480528,47.409562],[8.480441,47.409609],[8.48035,47.409665],[8.480256,47.409719],[8.480159,47.40977],[8.480059,47.409819],[8.479957,47.409865],[8.479853,47.409909],[8.479746,47.40995],[8.479637,47.409989]]],"type":"MultiLineString"}},{"type":"Feature","properties":{"nr":21,"name":"Friesenberg - Stauffacher","abschnitt":"Schweighofstrasse - Birmensdorferstrasse","beschriftung":1},"geometry":{"coordinates":[[[8.525982,47.371836],[8.526,47.371814],[8.526015,47.37179],[8.526026,47.371766],[8.526032,47.37174],[8.526034,47.371714],[8.526032,47.371689],[8.526025,47.371664],[8.526014,47.371639],[8.525639,47.371288],[8.524943,47.370616],[8.524749,47.370432],[8.52467,47.37034],[8.523685,47.369412],[8.523548,47.369341],[8.522956,47.369021],[8.521982,47.368533]],[[8.521813,47.368676],[8.521522,47.368641],[8.521225,47.368636],[8.521074,47.368635],[8.520923,47.368633],[8.520439,47.368627],[8.520309,47.368613],[8.520099,47.368578],[8.519931,47.368547],[8.519733,47.36851],[8.519698,47.368579],[8.519659,47.368647],[8.519616,47.368715],[8.519571,47.368781],[8.51953,47.368793],[8.519487,47.368802],[8.519443,47.368808],[8.519399,47.36881],[8.519354,47.368809],[8.51931,47.368804],[8.519267,47.368797],[8.519225,47.368786],[8.519005,47.368727],[8.518734,47.368668],[8.518641,47.368644],[8.518548,47.368621],[8.518454,47.368599],[8.518359,47.36858],[8.518263,47.368561],[8.518167,47.368544],[8.51807,47.368529],[8.517973,47.368515],[8.517875,47.368503],[8.517777,47.368492],[8.517678,47.368483],[8.51758,47.368476],[8.517481,47.36847],[8.517382,47.368465],[8.517282,47.368462],[8.517183,47.368461],[8.516094,47.367855],[8.515845,47.367752],[8.515562,47.367575],[8.515503,47.367533],[8.515127,47.367258],[8.514647,47.366923],[8.514606,47.366891],[8.514572,47.366862],[8.51454,47.366833],[8.514508,47.366803],[8.514478,47.366773],[8.514235,47.366517],[8.514104,47.366394],[8.513987,47.366254],[8.513448,47.365523],[8.51342,47.365478],[8.51339,47.365433],[8.513356,47.36539],[8.51332,47.365347],[8.51328,47.365306],[8.513238,47.365266],[8.513193,47.365227],[8.513146,47.36519],[8.512705,47.364848],[8.51236,47.364609],[8.511702,47.364171],[8.511656,47.364156],[8.510383,47.363764],[8.509747,47.363507],[8.509291,47.363294],[8.508852,47.363081],[8.508495,47.362841],[8.50838,47.362774],[8.507918,47.362428],[8.50741,47.362068],[8.507191,47.361908],[8.506585,47.361466],[8.506017,47.361195]]],"type":"MultiLineString"}},{"type":"Feature","properties":{"nr":13,"name":"Bahnhof Altstetten - Pfingstweidstrasse - Hauptbahnhof","abschnitt":"Max-Högger-Strasse - Sihlquai (HB)","beschriftung":1},"geometry":{"coordinates":[[[8.537415,47.379548],[8.536749,47.379731],[8.536307,47.379854],[8.536232,47.379867],[8.536061,47.379927],[8.535944,47.379963],[8.535922,47.37997],[8.535903,47.37998],[8.535883,47.379991],[8.53586,47.379999],[8.534917,47.380269],[8.534492,47.380373],[8.534301,47.380419],[8.534216,47.380438],[8.533261,47.380695],[8.532705,47.380854],[8.532217,47.380987],[8.531936,47.381063],[8.531192,47.381264],[8.531145,47.381277],[8.531099,47.381293],[8.531056,47.381312],[8.531016,47.381334],[8.53093,47.381394],[8.530892,47.381423],[8.530851,47.381449],[8.530808,47.381474],[8.530762,47.381498],[8.530721,47.381513],[8.530679,47.381527],[8.529939,47.381733],[8.529456,47.381862],[8.529407,47.381873],[8.529358,47.381882],[8.529232,47.381908],[8.528757,47.382091],[8.528662,47.382134],[8.528461,47.38233],[8.528432,47.38236],[8.52833,47.382468],[8.528238,47.382568],[8.528068,47.38276],[8.528034,47.382801],[8.527671,47.383262],[8.527593,47.383371],[8.52745,47.383587],[8.527241,47.383646],[8.525651,47.38435],[8.524191,47.384974],[8.524071,47.384937],[8.524053,47.384932],[8.524034,47.384931],[8.524015,47.384931],[8.523997,47.384934],[8.523929,47.384956],[8.521913,47.385905],[8.521959,47.38594],[8.521771,47.38604],[8.521446,47.386063],[8.521438,47.386089],[8.521427,47.386113],[8.521412,47.386137],[8.521395,47.38616],[8.521374,47.386182],[8.52135,47.386202],[8.521324,47.386221],[8.521295,47.386237],[8.520693,47.386511],[8.519106,47.387242],[8.518829,47.387384],[8.51791,47.38784],[8.517299,47.388124],[8.516615,47.388419],[8.516089,47.388649],[8.51578,47.388747],[8.514669,47.389111],[8.514587,47.389141],[8.514505,47.38917],[8.514421,47.389197],[8.514336,47.389223],[8.51425,47.389247],[8.514164,47.38927],[8.514076,47.389291],[8.513988,47.38931],[8.513039,47.389485],[8.512123,47.389632],[8.511488,47.389798],[8.51085,47.389961],[8.510029,47.390207],[8.508545,47.390652],[8.506355,47.391308],[8.505445,47.391584],[8.503526,47.39216],[8.503468,47.392178],[8.50341,47.392198],[8.503353,47.392219],[8.503298,47.392242],[8.503244,47.392266],[8.503191,47.392291],[8.50314,47.392318],[8.50309,47.392346],[8.502802,47.392531],[8.502407,47.392319],[8.502362,47.392295],[8.502315,47.392273],[8.502267,47.392252],[8.502218,47.392233],[8.502167,47.392215],[8.502115,47.392199],[8.502062,47.392185],[8.502008,47.392172],[8.501954,47.392161],[8.501898,47.392152],[8.501842,47.392145],[8.501786,47.39214],[8.501729,47.392136],[8.501672,47.392134],[8.501615,47.392134],[8.501558,47.392136],[8.49582,47.392158],[8.495767,47.392158],[8.495364,47.392173],[8.495082,47.392191],[8.494884,47.392207],[8.494829,47.392213],[8.494773,47.392217],[8.494718,47.39222],[8.494662,47.392223],[8.494609,47.392223],[8.494556,47.392221],[8.494503,47.392217],[8.49445,47.392212],[8.494369,47.3922],[8.494287,47.39219],[8.494205,47.392182],[8.494122,47.392176],[8.49404,47.392172],[8.493957,47.39217],[8.493873,47.39217],[8.49379,47.392172],[8.493526,47.392171],[8.493431,47.392169],[8.493337,47.392168],[8.493242,47.392168],[8.493148,47.392169],[8.492984,47.392173],[8.492821,47.392181],[8.492658,47.392191],[8.492496,47.392205],[8.492435,47.392211],[8.492375,47.392217],[8.492314,47.392224],[8.492254,47.392232],[8.492195,47.392242],[8.492135,47.392251],[8.492076,47.392262],[8.492018,47.392274],[8.491478,47.392399],[8.491226,47.392468],[8.490972,47.392537],[8.490852,47.39257],[8.489928,47.392823],[8.488871,47.393111]]],"type":"MultiLineString"}},{"type":"Feature","properties":{"nr":14,"name":"Hardturm - Pfingstweidstrasse","abschnitt":"Hardturmstrasse - Pfingstweidstrasse","beschriftung":1},"geometry":{"coordinates":[[[8.51274,47.393476],[8.51258,47.393364],[8.511873,47.392082],[8.51166,47.392099],[8.511604,47.392],[8.51148,47.391772],[8.511429,47.391681],[8.511423,47.391671],[8.511415,47.391662],[8.511405,47.391653],[8.511394,47.391646],[8.511379,47.391564],[8.510795,47.39072],[8.510589,47.390514],[8.510029,47.390207]]],"type":"MultiLineString"}},{"type":"Feature","properties":{"nr":16,"name":"Höngg - Bahnhof Altstetten","abschnitt":"Meierhofplatz - Vulkanstrasse","beschriftung":1},"geometry":{"coordinates":[[[8.49929,47.402037],[8.499218,47.402055],[8.499144,47.402069],[8.499068,47.402081],[8.498992,47.402089],[8.498915,47.402093],[8.498838,47.402094],[8.498761,47.402091],[8.498684,47.402085],[8.497935,47.402024],[8.497896,47.402024],[8.497857,47.402026],[8.497844,47.402003],[8.497829,47.401981],[8.49781,47.401961],[8.497788,47.401941],[8.497763,47.401924],[8.497736,47.401908],[8.497707,47.401894],[8.497676,47.401882],[8.497479,47.401845],[8.49731,47.401873],[8.496998,47.40191],[8.49686,47.401938],[8.495605,47.4016],[8.495562,47.401592],[8.495518,47.401586],[8.495473,47.40158],[8.495429,47.401575],[8.495384,47.401571],[8.495339,47.401568],[8.495294,47.401567],[8.495249,47.401566],[8.495204,47.401566],[8.495159,47.401568],[8.495114,47.40157],[8.49507,47.401573],[8.495025,47.401578],[8.494981,47.401583],[8.494937,47.401589],[8.494893,47.401597],[8.494738,47.401623],[8.494584,47.401649],[8.494428,47.401674],[8.494273,47.401697],[8.494117,47.40172],[8.493961,47.401742],[8.493804,47.401762],[8.493648,47.401782],[8.493699,47.401728],[8.493689,47.401387],[8.493722,47.401031],[8.493773,47.401019],[8.493825,47.401008],[8.494006,47.400963],[8.494083,47.400942],[8.4942,47.400911],[8.494401,47.400854],[8.494433,47.400844],[8.494463,47.400832],[8.494489,47.400816],[8.494512,47.400798],[8.494531,47.400779],[8.494545,47.400757],[8.494554,47.400734],[8.494559,47.400711],[8.494546,47.400661],[8.494267,47.400311],[8.49417,47.400218],[8.494331,47.400164],[8.494492,47.400108],[8.494651,47.40005],[8.494809,47.399991],[8.495358,47.399797],[8.49489,47.39851],[8.494836,47.398519],[8.494781,47.398524],[8.494726,47.398525],[8.494671,47.398524],[8.494616,47.398519],[8.494562,47.39851],[8.49451,47.398498],[8.494459,47.398484],[8.49441,47.398466],[8.494364,47.398445],[8.494321,47.398421],[8.494281,47.398395],[8.494245,47.398367],[8.494213,47.398336],[8.494185,47.398304],[8.494161,47.39827],[8.494117,47.398164],[8.494051,47.39798],[8.494015,47.397884],[8.493812,47.397337],[8.493767,47.397232],[8.493755,47.397199],[8.493742,47.397167],[8.493726,47.397135],[8.493709,47.397103],[8.49369,47.397072],[8.493669,47.397041],[8.493647,47.397011],[8.493623,47.396982],[8.493583,47.396934],[8.493541,47.396887],[8.493498,47.39684],[8.493454,47.396794],[8.493409,47.396749],[8.493363,47.396703],[8.493316,47.396659],[8.493268,47.396615],[8.491207,47.395],[8.49094,47.394777],[8.490755,47.394622],[8.490313,47.394282],[8.490313,47.394145],[8.490121,47.393766],[8.490023,47.393789],[8.489996,47.393796],[8.489968,47.393801],[8.489939,47.393804],[8.48991,47.393806],[8.489881,47.393807],[8.489852,47.393807],[8.489823,47.393805],[8.489795,47.393802],[8.489766,47.393797],[8.489739,47.393791],[8.489712,47.393784],[8.489685,47.393776],[8.48966,47.393766],[8.489636,47.393755],[8.489613,47.393743],[8.489591,47.39373],[8.489492,47.393658],[8.489396,47.393584],[8.489302,47.393508],[8.489211,47.393431],[8.489122,47.393353],[8.489036,47.393274],[8.488952,47.393193],[8.488871,47.393111],[8.487927,47.392467]]],"type":"MultiLineString"}},{"type":"Feature","properties":{"nr":20,"name":"Triemli - Giesshübel","abschnitt":"Triemli - Giesshübel","beschriftung":1},"geometry":{"coordinates":[[[8.511616,47.36826],[8.511464,47.368425],[8.511072,47.368901],[8.511043,47.368936],[8.510405,47.369713],[8.510376,47.36975],[8.510349,47.369788],[8.510313,47.369841],[8.510279,47.369894],[8.509807,47.370148]],[[8.523199,47.363932],[8.522294,47.362963],[8.52224,47.363149],[8.521069,47.362705],[8.521009,47.362687],[8.520948,47.362672],[8.520885,47.362659],[8.520822,47.362648],[8.520757,47.36264],[8.520692,47.362634],[8.520627,47.362631],[8.520562,47.36263],[8.519761,47.362595],[8.519698,47.362594],[8.519636,47.362597],[8.519574,47.362602],[8.519512,47.362611],[8.519452,47.362623],[8.519393,47.362637],[8.519336,47.362655],[8.519281,47.362675],[8.519057,47.362747],[8.51806,47.363065],[8.518016,47.363077],[8.517971,47.363088],[8.517926,47.363097],[8.517881,47.363106],[8.517835,47.363114],[8.517789,47.363122],[8.517743,47.363128],[8.517696,47.363133],[8.517649,47.363137],[8.517602,47.363141],[8.517555,47.363143],[8.517508,47.363145],[8.517461,47.363145],[8.517414,47.363145],[8.517367,47.363144],[8.517319,47.363141],[8.517294,47.363235],[8.51704,47.363487],[8.51433,47.366198],[8.514104,47.366394],[8.513968,47.366493],[8.512824,47.367348],[8.512293,47.367745],[8.511731,47.368167],[8.511616,47.36826],[8.511243,47.368055],[8.511203,47.368026],[8.511166,47.367995],[8.511133,47.367962],[8.511104,47.367927],[8.510628,47.367879],[8.509555,47.367676],[8.509399,47.36765],[8.509243,47.367623],[8.509088,47.367596],[8.508933,47.367567],[8.508778,47.367538],[8.508624,47.367507],[8.50847,47.367476],[8.508316,47.367444],[8.508163,47.367411],[8.508011,47.367377],[8.507859,47.367342],[8.507707,47.367306],[8.507556,47.367269],[8.507405,47.367232],[8.507255,47.367193],[8.507105,47.367154],[8.506948,47.367127],[8.506785,47.367079],[8.506622,47.36703],[8.506461,47.366979],[8.5063,47.366926],[8.506141,47.366873],[8.505982,47.366817],[8.505825,47.366761],[8.505669,47.366703],[8.505463,47.366623],[8.50526,47.366541],[8.505058,47.366457],[8.504859,47.36637],[8.504663,47.366281],[8.504468,47.366189],[8.504277,47.366095],[8.504087,47.365999],[8.504073,47.365991],[8.503709,47.365799],[8.502572,47.3652],[8.502362,47.365246],[8.502341,47.365245],[8.502238,47.365246],[8.500943,47.365242],[8.500853,47.365244],[8.500788,47.365249],[8.500755,47.365254],[8.500726,47.365262],[8.500697,47.365272],[8.500668,47.365285],[8.500624,47.365308],[8.500564,47.365373],[8.499608,47.366964],[8.499472,47.367188],[8.499426,47.367255],[8.499358,47.367343],[8.499217,47.367433],[8.499077,47.367522],[8.498668,47.367762],[8.498594,47.3678],[8.498516,47.367835],[8.498476,47.36785],[8.4984,47.367878],[8.498333,47.367898],[8.498263,47.367916],[8.498191,47.367931],[8.498118,47.367942],[8.498036,47.367952],[8.497952,47.367959],[8.497867,47.367962],[8.497783,47.367961],[8.497722,47.367958],[8.497662,47.367953],[8.497606,47.367947],[8.497273,47.367901],[8.497062,47.367867],[8.496754,47.367805],[8.49644,47.367732],[8.496369,47.367714],[8.495786,47.367528]]],"type":"MultiLineString"}},{"type":"Feature","properties":{"nr":23,"name":"Altstetten - Hauptbahnhof","abschnitt":"Saumackerstrasse - Kasernenstrasse","beschriftung":1},"geometry":{"coordinates":[[[8.532429,47.374518],[8.531811,47.374818],[8.531713,47.374874],[8.53066,47.37557],[8.530608,47.375605],[8.530495,47.375679],[8.529738,47.376179],[8.529615,47.37626],[8.529474,47.376353],[8.528868,47.376753],[8.52884,47.376766],[8.52881,47.376777],[8.528778,47.376786],[8.528744,47.376792],[8.528736,47.376822],[8.528723,47.376852],[8.528706,47.376881],[8.528685,47.376909],[8.528661,47.376936],[8.528633,47.37696],[8.528601,47.376983],[8.528567,47.377004],[8.528314,47.377143],[8.527789,47.377417],[8.527683,47.377472],[8.526722,47.377977],[8.526264,47.378218],[8.525749,47.378489],[8.525629,47.378552],[8.52506,47.378851],[8.524952,47.378908],[8.52476,47.379009],[8.524281,47.379263],[8.523939,47.379443],[8.522791,47.380054],[8.522772,47.380065],[8.522751,47.380075],[8.522729,47.380085],[8.522706,47.380093],[8.522683,47.3801],[8.522659,47.380106],[8.522634,47.38011],[8.522609,47.380114],[8.522584,47.380116],[8.522558,47.380117],[8.522532,47.380117],[8.522507,47.380115],[8.522482,47.380113],[8.522456,47.380109],[8.522432,47.380104],[8.522408,47.380098],[8.522268,47.380059],[8.52213,47.380017],[8.521995,47.379972],[8.521862,47.379923],[8.52183,47.379912],[8.521799,47.3799],[8.521769,47.379887],[8.52174,47.379873],[8.521712,47.379859],[8.521685,47.379843],[8.521659,47.379826],[8.521634,47.379809],[8.521611,47.379791],[8.521588,47.379772],[8.521567,47.379753],[8.521547,47.379733],[8.521529,47.379712],[8.521512,47.379691],[8.521496,47.379669],[8.521482,47.379647],[8.520996,47.379171],[8.520188,47.378382],[8.520135,47.378402],[8.519882,47.378495],[8.519659,47.378578],[8.519511,47.378634],[8.518956,47.378841],[8.518482,47.379014],[8.518377,47.379051],[8.518141,47.379132],[8.517903,47.379211],[8.517664,47.379288],[8.517424,47.379363],[8.516713,47.379574],[8.516472,47.379646],[8.516052,47.379632],[8.515637,47.379638],[8.515368,47.379718],[8.513853,47.380167],[8.512578,47.380532],[8.511671,47.380886],[8.509879,47.381628],[8.508999,47.381994],[8.508208,47.382323],[8.507185,47.382752],[8.506194,47.383166],[8.50609,47.383244],[8.504158,47.384074],[8.503355,47.384419],[8.50328,47.38445],[8.503204,47.38448],[8.503128,47.384508],[8.50305,47.384536],[8.502933,47.384571],[8.502815,47.384606],[8.501124,47.385102],[8.500916,47.385164],[8.500246,47.385363],[8.497921,47.386044],[8.496527,47.386451],[8.49552,47.386742],[8.494172,47.387138],[8.493984,47.387193],[8.493658,47.3873],[8.492822,47.387603],[8.491547,47.388064],[8.491211,47.388195],[8.491048,47.388258],[8.490821,47.388346],[8.490555,47.388436],[8.48991,47.388671],[8.489755,47.388727],[8.488982,47.389007]]],"type":"MultiLineString"}},{"type":"Feature","properties":{"nr":24,"name":"Bullingerplatz - See","abschnitt":"Bullingerplatz - General-Guisan-Quai","beschriftung":1},"geometry":{"coordinates":[[[8.536229,47.364095],[8.53522,47.365467],[8.534536,47.366402],[8.534024,47.367114],[8.533937,47.367236],[8.533828,47.367389],[8.533291,47.368117],[8.533221,47.368188],[8.533178,47.368249],[8.533134,47.36831],[8.53312,47.36833],[8.532873,47.368665],[8.532849,47.368698],[8.532579,47.369069],[8.532539,47.369163],[8.532199,47.369381],[8.531824,47.369649],[8.531321,47.370011],[8.531669,47.370222],[8.532141,47.370524],[8.53193,47.370664],[8.53153,47.370899],[8.531481,47.370924],[8.53143,47.370949],[8.531379,47.370972],[8.531326,47.370994],[8.530598,47.371203],[8.530435,47.371262]],[[8.53031,47.371074],[8.530173,47.371114],[8.530035,47.371152],[8.529896,47.371189],[8.529755,47.371223],[8.529705,47.371231],[8.528614,47.371315],[8.528485,47.371323],[8.527883,47.371363],[8.527801,47.371367],[8.52772,47.371372],[8.52764,47.37138],[8.52756,47.37139],[8.527459,47.371405],[8.527358,47.371423],[8.52726,47.371444],[8.527162,47.371468],[8.526347,47.371668],[8.526293,47.371679],[8.526241,47.371693],[8.526191,47.371711],[8.526143,47.371731],[8.526098,47.371753],[8.526056,47.371779],[8.526017,47.371806],[8.525982,47.371836],[8.526063,47.371878],[8.526143,47.371922],[8.526221,47.371968],[8.526297,47.372015],[8.52637,47.372064],[8.526441,47.372114],[8.52651,47.372166],[8.526576,47.37222],[8.526605,47.372235],[8.526632,47.372253],[8.526657,47.372272],[8.526678,47.372293],[8.525821,47.372819],[8.525818,47.372843],[8.525811,47.372867],[8.525801,47.372891],[8.525789,47.372914],[8.525773,47.372937],[8.525754,47.372958],[8.525732,47.372978],[8.525708,47.372996],[8.525198,47.373387],[8.525034,47.373512],[8.524699,47.373769],[8.524554,47.373879],[8.524248,47.374113],[8.524223,47.374131],[8.524201,47.374151],[8.524181,47.374172],[8.524165,47.374194],[8.524152,47.374217],[8.524141,47.374241],[8.524135,47.374265],[8.524132,47.374289],[8.52417,47.374345],[8.524211,47.3744],[8.524254,47.374455],[8.524298,47.374509],[8.52436,47.374578],[8.524424,47.374645],[8.52469,47.375016],[8.524952,47.375383],[8.524763,47.375445],[8.524221,47.375625],[8.524029,47.375688],[8.523838,47.375751],[8.523415,47.375891],[8.523291,47.375933],[8.523216,47.375941],[8.522505,47.376195],[8.521581,47.376523],[8.520721,47.376831],[8.520645,47.37685],[8.520021,47.377092],[8.519946,47.377175],[8.519399,47.377387],[8.519306,47.3774],[8.519114,47.377475],[8.518808,47.377594],[8.518661,47.377647],[8.518592,47.377691],[8.51846,47.377743],[8.518329,47.377797],[8.5182,47.377851],[8.518071,47.377907],[8.517944,47.377965],[8.517818,47.378023],[8.517693,47.378083],[8.517569,47.378143],[8.517413,47.378216],[8.517254,47.378286],[8.517094,47.378354],[8.516931,47.37842],[8.516767,47.378484],[8.516601,47.378545],[8.516433,47.378604],[8.516264,47.378661],[8.516111,47.37872],[8.516034,47.379187],[8.516052,47.379632]]],"type":"MultiLineString"}},{"type":"Feature","properties":{"nr":25,"name":"Brunau - Sihlpromenade - Hauptbahnhof - Sihlquai","abschnitt":"Brunaustrasse - Sihlquai","beschriftung":1},"geometry":{"coordinates":[[[8.524905,47.352977],[8.524938,47.353019],[8.524993,47.353097],[8.525043,47.353176],[8.525089,47.353256],[8.52513,47.353338],[8.525166,47.353421],[8.525114,47.353523],[8.525112,47.353605],[8.525121,47.353717],[8.525111,47.353822],[8.525071,47.354045],[8.524982,47.354529],[8.524873,47.35512],[8.524827,47.355367],[8.524798,47.355569],[8.524783,47.355775],[8.524763,47.35623],[8.52475,47.356537],[8.524733,47.356769],[8.524696,47.357003],[8.524646,47.357219],[8.524643,47.357231],[8.524577,47.357457],[8.524289,47.358316],[8.5241,47.358878],[8.52385,47.359632],[8.523783,47.359942],[8.523722,47.360273],[8.523605,47.360431],[8.523541,47.360579],[8.52342,47.361104],[8.523218,47.36202],[8.523164,47.362507],[8.523142,47.362865],[8.523146,47.362935],[8.523174,47.363412],[8.52313,47.363536],[8.523199,47.363932],[8.523236,47.364141],[8.523336,47.364278],[8.52339,47.364403],[8.523448,47.364528],[8.523511,47.364651],[8.523578,47.364774],[8.52365,47.364895],[8.523726,47.365015],[8.523807,47.365134],[8.523892,47.365251],[8.523981,47.365367],[8.524074,47.365481],[8.524172,47.365593],[8.524274,47.365704],[8.524379,47.365813],[8.524489,47.365921],[8.524603,47.366026],[8.52472,47.366129],[8.524775,47.366184],[8.524831,47.366238],[8.524889,47.366291],[8.524948,47.366343],[8.526104,47.367111],[8.528047,47.368378],[8.528125,47.368479],[8.528256,47.368483],[8.528512,47.368651],[8.528831,47.368682],[8.528683,47.368768],[8.528536,47.368855],[8.52839,47.368942],[8.528245,47.36903],[8.528207,47.369048],[8.528167,47.369064],[8.528128,47.36908],[8.528087,47.369095],[8.528046,47.369109],[8.528004,47.369122],[8.527961,47.369134],[8.527918,47.369145],[8.528676,47.369596],[8.528759,47.369645],[8.529117,47.369874],[8.529185,47.369921],[8.529251,47.369969],[8.529317,47.370017],[8.529381,47.370067],[8.529445,47.370117],[8.529507,47.370168],[8.529567,47.370219],[8.529627,47.370271],[8.529689,47.370328],[8.529749,47.370386],[8.529808,47.370444],[8.529865,47.370503],[8.52992,47.370563],[8.529973,47.370624],[8.530025,47.370685],[8.530075,47.370747],[8.530138,47.370827],[8.530198,47.370909],[8.530256,47.370991],[8.53031,47.371074],[8.530435,47.371262],[8.530592,47.371546],[8.531045,47.372302],[8.531267,47.372732],[8.531275,47.37277],[8.531284,47.372807],[8.531295,47.372844],[8.531307,47.372882],[8.53132,47.372919],[8.531334,47.372955],[8.53135,47.372992],[8.531367,47.373028],[8.53138,47.373057],[8.531395,47.373085],[8.531412,47.373113],[8.53143,47.37314],[8.531451,47.373166],[8.531472,47.373192],[8.531496,47.373218],[8.531521,47.373242],[8.531653,47.373373],[8.531953,47.373815],[8.53236,47.374412],[8.532394,47.374465],[8.532429,47.374518],[8.532461,47.374562],[8.532494,47.374607],[8.532529,47.374651],[8.532565,47.374694],[8.532602,47.374737],[8.532641,47.374779],[8.532681,47.374821],[8.532722,47.374862],[8.533114,47.375245],[8.533256,47.375376],[8.533379,47.37549],[8.533504,47.375603],[8.533631,47.375714],[8.533762,47.375824],[8.534865,47.376524],[8.535707,47.377273],[8.535774,47.377326],[8.535823,47.377367],[8.535871,47.377408],[8.535917,47.377449],[8.535963,47.377492],[8.536007,47.377534],[8.53605,47.377578],[8.536092,47.377621],[8.536132,47.377666],[8.536186,47.377726],[8.536237,47.377788],[8.536285,47.377851],[8.536332,47.377914],[8.536349,47.377932],[8.536368,47.37795],[8.53639,47.377966],[8.536413,47.377981],[8.536438,47.377995],[8.536465,47.378007],[8.536493,47.378017],[8.536523,47.378026],[8.537415,47.379548],[8.5376,47.379839]]],"type":"MultiLineString"}},{"type":"Feature","properties":{"nr":32,"name":"Affoltern - Oerlikon","abschnitt":"Zehntenhausstrasse - Oerlikonerstrasse","beschriftung":1},"geometry":{"coordinates":[[[8.547158,47.406331],[8.546763,47.406474],[8.546119,47.406739],[8.545934,47.406816],[8.545519,47.406988],[8.545413,47.40703],[8.545306,47.407071],[8.545199,47.407112],[8.545091,47.407152],[8.544084,47.407484],[8.543338,47.407728],[8.543263,47.407753],[8.543118,47.4078],[8.542536,47.407992],[8.542411,47.408033],[8.54197,47.408178],[8.54179,47.408236],[8.541192,47.408432],[8.540282,47.40873],[8.539572,47.408962],[8.538568,47.409293],[8.538233,47.409405]],[[8.539433,47.410369],[8.538953,47.410404],[8.538851,47.410407],[8.538693,47.410403],[8.538315,47.410387],[8.53828,47.410385],[8.538108,47.410375],[8.537709,47.410353],[8.537555,47.410347],[8.537414,47.410346],[8.537298,47.410349],[8.537225,47.410353],[8.537087,47.410363],[8.53612,47.41044],[8.536096,47.410442],[8.53586,47.410465],[8.535803,47.410475],[8.535057,47.410591],[8.53484,47.410638],[8.534778,47.410651],[8.534492,47.410713],[8.534178,47.410785],[8.534037,47.410818],[8.533868,47.410861],[8.533571,47.410939],[8.533477,47.410962],[8.533363,47.410986],[8.533275,47.411004],[8.53314,47.411026],[8.532982,47.411046],[8.532896,47.411055],[8.532753,47.411063],[8.532485,47.411098],[8.532297,47.411123],[8.532102,47.41116],[8.531933,47.411199],[8.531681,47.411262],[8.531526,47.411304],[8.531363,47.41135],[8.530794,47.411506],[8.530175,47.411675],[8.530061,47.411695],[8.528998,47.411888],[8.528842,47.411916],[8.52878,47.411926],[8.528669,47.411927],[8.528527,47.411917],[8.527966,47.411953],[8.527858,47.411959],[8.527385,47.412001],[8.527025,47.412052],[8.526677,47.412108],[8.526472,47.412157],[8.526098,47.412286],[8.525824,47.412381],[8.525511,47.41249],[8.525339,47.412555],[8.525269,47.412583],[8.525201,47.412612],[8.525135,47.412643],[8.52507,47.412676],[8.525007,47.41271],[8.524946,47.412746],[8.524886,47.412784],[8.524829,47.412822],[8.524131,47.413301],[8.524099,47.413327],[8.524068,47.413354],[8.52404,47.413383],[8.524013,47.413412],[8.523989,47.413442],[8.523966,47.413472],[8.523946,47.413503],[8.523928,47.413535],[8.523881,47.413628],[8.523795,47.413619],[8.523708,47.413612],[8.523621,47.413608],[8.523534,47.413607],[8.523447,47.413608],[8.52336,47.413612],[8.523274,47.413618],[8.523187,47.413627],[8.523102,47.413639],[8.523017,47.413653],[8.522934,47.413669],[8.522851,47.413688],[8.52277,47.41371],[8.52269,47.413734],[8.522612,47.41376],[8.522536,47.413788],[8.521237,47.414315],[8.521139,47.414353],[8.521039,47.41439],[8.520938,47.414425],[8.520836,47.414458],[8.520733,47.41449],[8.520629,47.41452],[8.520524,47.414549],[8.520418,47.414576],[8.520273,47.41461],[8.520127,47.414641],[8.519979,47.414668],[8.51983,47.414693],[8.519763,47.414703],[8.519696,47.414714],[8.51963,47.414726],[8.519564,47.41474],[8.519498,47.414755],[8.519434,47.414771],[8.51937,47.414789],[8.519307,47.414808],[8.519167,47.41483],[8.519027,47.414854],[8.518888,47.41488],[8.51875,47.414908],[8.518613,47.414938],[8.518477,47.41497],[8.518342,47.415005],[8.518208,47.415041],[8.518076,47.415079],[8.517944,47.415119],[8.517814,47.415161],[8.517685,47.415205],[8.517558,47.41525],[8.517432,47.415298],[8.517308,47.415347],[8.517185,47.415399],[8.516948,47.415489],[8.516797,47.415551],[8.516592,47.415634],[8.515951,47.415875],[8.514838,47.416259],[8.514701,47.416306],[8.514571,47.416351],[8.513916,47.416577],[8.513738,47.41664],[8.513703,47.416654],[8.513627,47.416684],[8.51349,47.41674],[8.513353,47.416797],[8.513217,47.416854],[8.513082,47.416913],[8.512948,47.416972],[8.512815,47.417032],[8.512682,47.417093],[8.512551,47.417155],[8.51242,47.417217],[8.51229,47.417281],[8.512161,47.417345],[8.512033,47.417411],[8.511906,47.417477],[8.51178,47.417543],[8.511655,47.417611],[8.511531,47.41768],[8.511293,47.417819],[8.509802,47.41868],[8.509871,47.418741],[8.509517,47.418923],[8.509057,47.419188],[8.508838,47.419306],[8.508793,47.419265],[8.508268,47.419518],[8.508776,47.420015],[8.508857,47.420095],[8.508934,47.420177],[8.509007,47.42026],[8.509076,47.420345],[8.509084,47.420356],[8.509089,47.420368],[8.509093,47.42038],[8.509095,47.420393],[8.509095,47.420406],[8.509094,47.420418],[8.50909,47.42043],[8.509085,47.420443],[8.509084,47.420445],[8.509075,47.420459],[8.509063,47.420473],[8.509048,47.420486],[8.509031,47.420497],[8.508973,47.420531],[8.508911,47.420563],[8.508847,47.420592],[8.50878,47.420619],[8.508739,47.420633],[8.508653,47.420658],[8.508566,47.420682],[8.507376,47.421008]],[[8.539433,47.410369],[8.539359,47.410232],[8.538233,47.409405]]],"type":"MultiLineString"}},{"type":"Feature","properties":{"nr":35,"name":"Glattpark - Andreasstrasse","abschnitt":"Stadtgrenze (Haltestelle Glattpark) - Andreasstrasse","beschriftung":1},"geometry":{"coordinates":[[[8.55063,47.413027],[8.550649,47.41311],[8.550668,47.413198],[8.550689,47.413286],[8.550712,47.413374],[8.550738,47.413461],[8.550765,47.413548],[8.550795,47.413635],[8.550827,47.413722],[8.55086,47.413808],[8.550961,47.414053],[8.551005,47.414146],[8.551051,47.414237],[8.55111,47.414347],[8.551172,47.414455],[8.551239,47.414562],[8.551309,47.414668],[8.551374,47.414761],[8.551441,47.414852],[8.551512,47.414943],[8.551585,47.415032],[8.551874,47.415361],[8.552886,47.416465],[8.553833,47.417498],[8.554503,47.418232],[8.555739,47.419583],[8.556283,47.420194]]],"type":"MultiLineString"}},{"type":"Feature","properties":{"nr":36,"name":"Kaserne - Limmatquai","abschnitt":"Kasernenstrasse - Limmatquai","beschriftung":1},"geometry":{"coordinates":[[[8.543493,47.375825],[8.541858,47.376023],[8.541702,47.376],[8.541044,47.375903],[8.540966,47.375891],[8.540898,47.376056],[8.540846,47.376019],[8.539548,47.375675],[8.539266,47.375741],[8.538566,47.375913],[8.538436,47.375943],[8.537758,47.376102],[8.537557,47.376159],[8.53737,47.376226],[8.537142,47.376327],[8.536533,47.37662],[8.535499,47.377088]]],"type":"MultiLineString"}},{"type":"Feature","properties":{"nr":4,"name":"Opfikonstrasse - Bahnhof Oerlikon - Birchstrasse","abschnitt":"Stadtgrenze (Andreasstrasse)  - Birchstrasse","beschriftung":1},"geometry":{"coordinates":[[[8.573701,47.413011],[8.57284,47.412999],[8.572813,47.412999],[8.572787,47.412997],[8.57276,47.412993],[8.572735,47.412987],[8.57271,47.412979],[8.572687,47.41297],[8.572665,47.41296],[8.572645,47.412947],[8.572613,47.412928],[8.572579,47.41291],[8.572542,47.412896],[8.572503,47.412884],[8.572483,47.412879],[8.572466,47.412872],[8.57245,47.413305],[8.572215,47.413302],[8.572188,47.4133],[8.57216,47.413298],[8.572132,47.413298],[8.572105,47.4133],[8.572077,47.413302],[8.57205,47.413306],[8.572023,47.413311],[8.571997,47.413317],[8.571633,47.413253],[8.571269,47.413186],[8.570883,47.413183],[8.570497,47.413178],[8.570111,47.413172],[8.569725,47.413164],[8.56837,47.413154],[8.568338,47.413156],[8.568306,47.413159],[8.568275,47.413164],[8.568243,47.413169],[8.568213,47.413175],[8.568182,47.413182],[8.568152,47.41319],[8.568122,47.413199],[8.567702,47.413247],[8.567666,47.413255],[8.56763,47.413264],[8.567596,47.413275],[8.567563,47.413287],[8.5672,47.413293],[8.566837,47.413297],[8.56682,47.413283],[8.566801,47.41327],[8.566782,47.413257],[8.566762,47.413245],[8.566741,47.413234],[8.566719,47.413224],[8.566697,47.413215],[8.566673,47.413206],[8.566649,47.413198],[8.566625,47.413191],[8.5666,47.413185],[8.566574,47.413179],[8.566549,47.413175],[8.566522,47.413172],[8.566496,47.413169],[8.56647,47.413167],[8.566341,47.41317],[8.565441,47.413169],[8.564639,47.413152],[8.563231,47.413114],[8.563172,47.413105],[8.562107,47.413094],[8.561159,47.413085],[8.55978,47.413073],[8.558736,47.41307],[8.557708,47.41306],[8.555714,47.413042],[8.555358,47.41304],[8.55466,47.413037],[8.554331,47.413047],[8.55308,47.413028],[8.552924,47.413026],[8.552497,47.413026],[8.550902,47.413012],[8.55063,47.413027],[8.550375,47.413038],[8.550198,47.413022],[8.550004,47.413001],[8.549905,47.412989],[8.549839,47.412984],[8.549651,47.412976],[8.549222,47.412964],[8.548809,47.412947],[8.548578,47.412931],[8.548032,47.412868],[8.547964,47.412856],[8.547895,47.412846],[8.547826,47.412837],[8.547757,47.41283],[8.547687,47.412824],[8.547617,47.412819],[8.547547,47.412816],[8.547477,47.412814],[8.547442,47.412814],[8.547407,47.412814],[8.547371,47.412812],[8.547337,47.412809],[8.547302,47.412804],[8.547268,47.412798],[8.547234,47.412791],[8.547201,47.412782],[8.546651,47.41265],[8.546398,47.41257],[8.546318,47.412809],[8.54631,47.412825],[8.546302,47.41284],[8.546292,47.412855],[8.54628,47.41287],[8.546268,47.412884],[8.546254,47.412898],[8.546239,47.412911],[8.546223,47.412924],[8.546114,47.413015],[8.545842,47.412892],[8.54555,47.412759],[8.545162,47.412614],[8.544623,47.412419],[8.544575,47.412404],[8.544525,47.412392],[8.544473,47.412383],[8.544421,47.412377],[8.54441,47.412376],[8.544399,47.412377],[8.544389,47.412378],[8.544379,47.412381],[8.544369,47.412384],[8.54436,47.412388],[8.544352,47.412393],[8.544345,47.412399],[8.544325,47.412418],[8.54431,47.41244],[8.544298,47.412462],[8.54429,47.412486],[8.544284,47.412512],[8.542738,47.411918],[8.542699,47.411904],[8.542659,47.411892],[8.542619,47.41188],[8.542577,47.411871],[8.542554,47.411864],[8.542533,47.411855],[8.542514,47.411843],[8.5425,47.411829],[8.542489,47.411814],[8.542482,47.411797],[8.54248,47.41178],[8.542482,47.411763],[8.542509,47.411668],[8.542512,47.41165],[8.542512,47.411633],[8.542508,47.411615],[8.5425,47.411599],[8.542489,47.411583],[8.542475,47.411568],[8.542458,47.411555],[8.542438,47.411543],[8.541977,47.411307],[8.541259,47.410933],[8.541173,47.410885],[8.540898,47.410712],[8.540827,47.410674],[8.540773,47.410647],[8.540715,47.410623],[8.540081,47.410376],[8.540061,47.410369],[8.54004,47.410363],[8.540019,47.410359],[8.539997,47.410355],[8.539433,47.410369]]],"type":"MultiLineString"}}]}