{"type":"FeatureCollection","features":[{"type":"Feature","properties":{"kind":"area"},"geometry":{"type":"Polygon","coordinates":[[[8.490189,47.43263],[8.491924,47.432967],[8.49311,47.433007],[8.493158,47.433114],[8.494049,47.433095],[8.494836,47.432632],[8.495225,47.432582],[8.495469,47.432395],[8.495555,47.432047],[8.495341,47.431786],[8.494654,47.431699],[8.494352,47.431519],[8.493635,47.431523],[8.493505,47.431471],[8.493604,47.431325],[8.493248,47.431345],[8.49275,47.431169],[8.492283,47.430679],[8.492311,47.430571],[8.492019,47.430489],[8.491244,47.429813],[8.491019,47.429799],[8.490491,47.429463],[8.490148,47.429463],[8.487951,47.43034],[8.486663,47.430689],[8.486346,47.43106],[8.485805,47.431223],[8.485592,47.431623],[8.485595,47.43188],[8.485954,47.432334],[8.487066,47.432358],[8.488726,47.43291],[8.489596,47.432871],[8.490189,47.43263]]]}},{"type":"Feature","properties":{"kind":"area"},"geometry":{"type":"Polygon","coordinates":[[[8.496014,47.433532],[8.495809,47.434155],[8.494996,47.434499],[8.494536,47.435022],[8.494672,47.435473],[8.495525,47.435774],[8.495649,47.435896],[8.495976,47.435781],[8.496262,47.435838],[8.497009,47.435784],[8.497312,47.435568],[8.497593,47.43554],[8.497612,47.43541],[8.497877,47.435246],[8.498606,47.435072],[8.49895,47.435113],[8.499859,47.434838],[8.500129,47.43445],[8.49987,47.433701],[8.499933,47.433026],[8.49977,47.432748],[8.499745,47.432353],[8.498965,47.431478],[8.498874,47.431581],[8.498651,47.431542],[8.497979,47.431654],[8.497883,47.431755],[8.497146,47.431953],[8.496748,47.432268],[8.496496,47.432682],[8.496554,47.432927],[8.496289,47.433027],[8.496014,47.433532]]]}},{"type":"Feature","properties":{"kind":"area"},"geometry":{"type":"Polygon","coordinates":[[[8.552985,47.392265],[8.55309,47.392397],[8.553238,47.392398],[8.553832,47.392112],[8.553028,47.391907],[8.552901,47.391977],[8.552985,47.392265]]]}},{"type":"Feature","properties":{"kind":"area"},"geometry":{"type":"Polygon","coordinates":[[[8.493135,47.399608],[8.493354,47.399584],[8.493246,47.399414],[8.492536,47.399489],[8.491139,47.399428],[8.490243,47.399604],[8.486739,47.401252],[8.486256,47.401498],[8.486184,47.401623],[8.482828,47.402818],[8.482636,47.403053],[8.483099,47.402969],[8.487002,47.401523],[8.487243,47.401276],[8.490706,47.399697],[8.493135,47.399608]]]}},{"type":"Feature","properties":{"kind":"area"},"geometry":{"type":"Polygon","coordinates":[[[8.523264,47.36533],[8.524489,47.366603],[8.52949,47.369899],[8.53004,47.370362],[8.530685,47.37106],[8.532611,47.374251],[8.533592,47.375333],[8.53549,47.376709],[8.53649,47.377627],[8.536686,47.377966],[8.537506,47.377728],[8.536541,47.376919],[8.536322,47.376557],[8.536087,47.376643],[8.535577,47.376428],[8.534068,47.375339],[8.53258,47.373606],[8.532124,47.372785],[8.531742,47.372403],[8.530704,47.370537],[8.529537,47.369511],[8.524712,47.366304],[8.523707,47.365235],[8.523222,47.36425],[8.522756,47.364319],[8.523264,47.36533]]]}},{"type":"Feature","properties":{"kind":"area"},"geometry":{"type":"Polygon","coordinates":[[[8.470517,47.3295],[8.471772,47.330391],[8.472242,47.330632],[8.472713,47.330731],[8.472715,47.330397],[8.471646,47.330207],[8.47153,47.329996],[8.471542,47.329861],[8.471678,47.329837],[8.471604,47.32963],[8.470457,47.329188],[8.470331,47.329388],[8.470517,47.3295]]]}},{"type":"Feature","properties":{"kind":"area"},"geometry":{"type":"Polygon","coordinates":[[[8.502236,47.395017],[8.50216,47.394614],[8.503283,47.394517],[8.503359,47.39492],[8.502236,47.395017]]]}},{"type":"Feature","properties":{"kind":"area"},"geometry":{"type":"Polygon","coordinates":[[[8.499714,47.39413],[8.499626,47.394852],[8.498962,47.394827],[8.499022,47.394104],[8.499714,47.39413]]]}},{"type":"Feature","properties":{"kind":"area"},"geometry":{"type":"Polygon","coordinates":[[[8.496225,47.394047],[8.495725,47.394683],[8.49526,47.394685],[8.495252,47.394043],[8.496225,47.394047]]]}},{"type":"Feature","properties":{"kind":"area"},"geometry":{"type":"Polygon","coordinates":[[[8.544765,47.39827],[8.544612,47.398471],[8.544757,47.398768],[8.545043,47.398616],[8.545132,47.398401],[8.544278,47.397059],[8.544051,47.397413],[8.543929,47.397252],[8.543032,47.396989],[8.54302,47.397126],[8.543705,47.397568],[8.543878,47.398024],[8.54425,47.397861],[8.54448,47.398131],[8.544778,47.398159],[8.544765,47.39827]]]}},{"type":"Feature","properties":{"kind":"area"},"geometry":{"type":"Polygon","coordinates":[[[8.481335,47.317032],[8.480853,47.317141],[8.480764,47.317487],[8.481576,47.317863],[8.481737,47.317837],[8.481335,47.317032]]]}},{"type":"Feature","properties":{"kind":"area"},"geometry":{"type":"Polygon","coordinates":[[[8.476067,47.311191],[8.476769,47.310989],[8.476833,47.310865],[8.476643,47.310708],[8.475815,47.310924],[8.476067,47.311191]]]}},{"type":"Feature","properties":{"kind":"area"},"geometry":{"type":"Polygon","coordinates":[[[8.510156,47.408175],[8.510115,47.408114],[8.509754,47.408234],[8.510062,47.408659],[8.509864,47.408855],[8.510036,47.40909],[8.510235,47.409023],[8.510163,47.408923],[8.51048,47.408817],[8.509937,47.408247],[8.510156,47.408175]]]}},{"type":"Feature","properties":{"kind":"area"},"geometry":{"type":"Polygon","coordinates":[[[8.470049,47.329267],[8.469981,47.32909],[8.469795,47.329009],[8.469598,47.329147],[8.469383,47.329085],[8.468752,47.329156],[8.468666,47.329266],[8.468355,47.329214],[8.468664,47.3293],[8.469048,47.329703],[8.468767,47.329893],[8.468766,47.330126],[8.468625,47.330194],[8.468402,47.330188],[8.468276,47.330079],[8.468324,47.329819],[8.468153,47.330312],[8.468238,47.330328],[8.46772,47.331584],[8.468755,47.331376],[8.469299,47.331648],[8.469478,47.331634],[8.469578,47.3309],[8.469814,47.330309],[8.469802,47.329762],[8.470049,47.329267]]]}},{"type":"Feature","properties":{"kind":"area"},"geometry":{"type":"Polygon","coordinates":[[[8.468035,47.329303],[8.468169,47.329146],[8.468076,47.329107],[8.468085,47.328602],[8.467724,47.328075],[8.466791,47.328067],[8.466102,47.328268],[8.466231,47.329928],[8.465968,47.330989],[8.467498,47.330764],[8.468035,47.329303]]]}},{"type":"Feature","properties":{"kind":"area"},"geometry":{"type":"Polygon","coordinates":[[[8.460239,47.427382],[8.458895,47.42734],[8.458787,47.427457],[8.460133,47.427611],[8.460239,47.427382]]]}},{"type":"Feature","properties":{"kind":"area"},"geometry":{"type":"Polygon","coordinates":[[[8.432339,47.424734],[8.432687,47.424884],[8.433043,47.425238],[8.43238,47.425354],[8.432114,47.425489],[8.431897,47.425404],[8.431784,47.425069],[8.43207,47.424798],[8.432339,47.424734]]]}},{"type":"Feature","properties":{"kind":"area"},"geometry":{"type":"Polygon","coordinates":[[[8.582638,47.438361],[8.582769,47.438514],[8.583286,47.438539],[8.583258,47.438152],[8.582973,47.438092],[8.582698,47.438183],[8.582638,47.438361]]]}},{"type":"Feature","properties":{"kind":"area"},"geometry":{"type":"Polygon","coordinates":[[[8.568305,47.420952],[8.568104,47.420547],[8.56722,47.420747],[8.567421,47.421152],[8.568305,47.420952]]]}},{"type":"Feature","properties":{"kind":"area"},"geometry":{"type":"Polygon","coordinates":[[[8.538278,47.380612],[8.538408,47.381279],[8.538349,47.381763],[8.53782,47.382759],[8.537394,47.383097],[8.53771,47.383216],[8.538185,47.382939],[8.538538,47.38254],[8.538972,47.381202],[8.538905,47.380297],[8.53848,47.379314],[8.537759,47.379608],[8.538252,47.380299],[8.538278,47.380612]]]}},{"type":"Feature","properties":{"kind":"area"},"geometry":{"type":"Polygon","coordinates":[[[8.536686,47.377966],[8.537506,47.377728],[8.53848,47.379314],[8.537717,47.379639],[8.536686,47.377966]]]}},{"type":"Feature","properties":{"kind":"area"},"geometry":{"type":"Polygon","coordinates":[[[8.524197,47.353193],[8.524507,47.352849],[8.524873,47.353216],[8.525011,47.353572],[8.52497,47.353961],[8.52429,47.357978],[8.523465,47.360429],[8.523054,47.36217],[8.522993,47.36287],[8.523222,47.36425],[8.522756,47.364319],[8.522583,47.363185],[8.522654,47.362429],[8.523196,47.359969],[8.524254,47.356682],[8.524567,47.353574],[8.524533,47.353438],[8.524197,47.353193]]]}},{"type":"Feature","properties":{"kind":"area"},"geometry":{"type":"Polygon","coordinates":[[[8.519393,47.325388],[8.519703,47.325492],[8.520215,47.324756],[8.520124,47.324687],[8.519919,47.324658],[8.519393,47.325388]]]}},{"type":"Feature","properties":{"kind":"area"},"geometry":{"type":"Polygon","coordinates":[[[8.56518,47.434528],[8.563694,47.4346],[8.562935,47.434814],[8.559376,47.436509],[8.554621,47.44028],[8.551322,47.443005],[8.551406,47.44307],[8.551268,47.443047],[8.548838,47.44494],[8.548817,47.444869],[8.558972,47.436611],[8.562925,47.434688],[8.563812,47.434462],[8.565233,47.434422],[8.565088,47.43447],[8.56518,47.434528]]]}},{"type":"Feature","properties":{"kind":"area"},"geometry":{"type":"Polygon","coordinates":[[[8.567657,47.432384],[8.567255,47.432803],[8.566551,47.434017],[8.566096,47.434308],[8.565233,47.434422],[8.565088,47.43447],[8.56518,47.434528],[8.566055,47.434441],[8.566576,47.434162],[8.567351,47.432934],[8.56805,47.43229],[8.568597,47.432043],[8.570209,47.431679],[8.570805,47.431384],[8.571149,47.431096],[8.570987,47.431019],[8.570239,47.43152],[8.568615,47.431903],[8.567657,47.432384]]]}},{"type":"Feature","properties":{"kind":"area"},"geometry":{"type":"Polygon","coordinates":[[[8.573547,47.424882],[8.573982,47.425405],[8.574119,47.426155],[8.573869,47.426812],[8.573338,47.427321],[8.57392,47.426311],[8.573943,47.425795],[8.573817,47.425387],[8.572302,47.424048],[8.569778,47.422015],[8.569672,47.422039],[8.569759,47.422],[8.568752,47.421019],[8.568594,47.420523],[8.568707,47.420615],[8.56873,47.420468],[8.569047,47.421085],[8.569273,47.420792],[8.569072,47.421139],[8.569465,47.421597],[8.573547,47.424882]]]}},{"type":"Feature","properties":{"kind":"area"},"geometry":{"type":"Polygon","coordinates":[[[8.571538,47.428792],[8.571412,47.430548],[8.571283,47.430914],[8.571048,47.431097],[8.570987,47.431019],[8.57126,47.430252],[8.571437,47.428559],[8.571883,47.428076],[8.573413,47.427073],[8.573338,47.427321],[8.571828,47.428325],[8.571538,47.428792]]]}},{"type":"Feature","properties":{"kind":"area"},"geometry":{"type":"Polygon","coordinates":[[[8.566654,47.415362],[8.566564,47.416054],[8.567065,47.417125],[8.5669,47.417079],[8.566488,47.41625],[8.566414,47.415644],[8.567049,47.414483],[8.567057,47.412905],[8.567362,47.412393],[8.568106,47.411948],[8.568195,47.412028],[8.567385,47.412577],[8.567238,47.413118],[8.567312,47.413094],[8.567173,47.414559],[8.566654,47.415362]]]}},{"type":"Feature","properties":{"kind":"area"},"geometry":{"type":"Polygon","coordinates":[[[8.568229,47.419914],[8.568707,47.420615],[8.56873,47.420468],[8.567065,47.417125],[8.5669,47.417079],[8.568247,47.419892],[8.566694,47.419386],[8.564955,47.418988],[8.566671,47.419405],[8.568229,47.419914]]]}},{"type":"Feature","properties":{"kind":"area"},"geometry":{"type":"Polygon","coordinates":[[[8.477566,47.401403],[8.478046,47.40199],[8.479081,47.401603],[8.478601,47.401016],[8.477566,47.401403]]]}},{"type":"Feature","properties":{"kind":"area"},"geometry":{"type":"Polygon","coordinates":[[[8.478163,47.402112],[8.478642,47.402706],[8.479662,47.402328],[8.479183,47.401735],[8.478163,47.402112]]]}},{"type":"Feature","properties":{"kind":"area"},"geometry":{"type":"Polygon","coordinates":[[[8.478538,47.40276],[8.478152,47.402285],[8.476473,47.40291],[8.476859,47.403385],[8.478538,47.40276]]]}},{"type":"Feature","properties":{"kind":"area"},"geometry":{"type":"Polygon","coordinates":[[[8.476179,47.40253],[8.477858,47.401906],[8.477487,47.40145],[8.475808,47.402074],[8.476179,47.40253]]]}},{"type":"Feature","properties":{"kind":"area"},"geometry":{"type":"Polygon","coordinates":[[[8.539861,47.365745],[8.537258,47.368628],[8.536741,47.368801],[8.535227,47.368957],[8.534344,47.370122],[8.53239,47.370729],[8.532269,47.370855],[8.533402,47.372096],[8.533538,47.372405],[8.533569,47.373741],[8.535027,47.37441],[8.535232,47.37463],[8.536132,47.376583],[8.536322,47.376557],[8.535323,47.374479],[8.534876,47.374162],[8.53372,47.373676],[8.533765,47.372348],[8.53356,47.371938],[8.532507,47.370893],[8.534737,47.370218],[8.53549,47.369123],[8.537264,47.36891],[8.53986,47.36617],[8.540071,47.36585],[8.539861,47.365745]]]}},{"type":"Feature","properties":{"kind":"area"},"geometry":{"type":"Polygon","coordinates":[[[8.452302,47.437823],[8.452972,47.437635],[8.452829,47.437332],[8.453152,47.437007],[8.452001,47.437298],[8.452302,47.437823]]]}},{"type":"Feature","properties":{"kind":"area"},"geometry":{"type":"Polygon","coordinates":[[[8.444339,47.409854],[8.444235,47.409914],[8.443747,47.409774],[8.442874,47.409231],[8.441487,47.408657],[8.44083,47.407699],[8.440567,47.407562],[8.44051,47.407613],[8.44069,47.407706],[8.441346,47.408631],[8.439759,47.408314],[8.440575,47.408568],[8.441314,47.408688],[8.442951,47.409355],[8.443873,47.409893],[8.444424,47.410001],[8.444339,47.409854]]]}},{"type":"Feature","properties":{"kind":"area"},"geometry":{"type":"Polygon","coordinates":[[[8.646767,47.378783],[8.644137,47.380535],[8.643245,47.380938],[8.642123,47.381283],[8.640348,47.381515],[8.634056,47.381509],[8.633163,47.381682],[8.632272,47.382034],[8.629701,47.38398],[8.62891,47.384714],[8.628569,47.385245],[8.62717,47.388449],[8.62734,47.388485],[8.6287,47.385284],[8.629074,47.384709],[8.632187,47.382199],[8.633342,47.381738],[8.634195,47.381589],[8.640401,47.381611],[8.642064,47.381404],[8.643266,47.381052],[8.644165,47.380662],[8.645003,47.380154],[8.654558,47.373621],[8.654453,47.373558],[8.646767,47.378783]]]}},{"type":"Feature","properties":{"kind":"area"},"geometry":{"type":"Polygon","coordinates":[[[8.621027,47.398874],[8.62114,47.398944],[8.620188,47.399591],[8.619451,47.399817],[8.618301,47.400001],[8.617062,47.400167],[8.615872,47.399864],[8.615035,47.399788],[8.615043,47.399655],[8.615501,47.399662],[8.617131,47.400054],[8.618242,47.399901],[8.619997,47.399544],[8.621027,47.398874]]]}},{"type":"Feature","properties":{"kind":"area"},"geometry":{"type":"Polygon","coordinates":[[[8.615035,47.399788],[8.614952,47.399625],[8.613274,47.399709],[8.606339,47.401243],[8.6064,47.401359],[8.606583,47.401378],[8.613457,47.39979],[8.615035,47.399788]]]}},{"type":"Feature","properties":{"kind":"area"},"geometry":{"type":"Polygon","coordinates":[[[8.598551,47.40594],[8.597046,47.406082],[8.596513,47.406291],[8.596172,47.406191],[8.594918,47.406337],[8.59467,47.406515],[8.593544,47.406688],[8.593328,47.40663],[8.593628,47.406492],[8.592867,47.406522],[8.591615,47.406626],[8.590597,47.406839],[8.589848,47.40683],[8.588784,47.406975],[8.588303,47.407191],[8.587474,47.407872],[8.5863,47.408162],[8.586343,47.408243],[8.58748,47.407967],[8.587924,47.40771],[8.588384,47.407252],[8.588816,47.407072],[8.590609,47.406931],[8.591918,47.406732],[8.592066,47.406778],[8.591986,47.406715],[8.593016,47.406619],[8.593458,47.406808],[8.594703,47.406628],[8.59503,47.406398],[8.596125,47.406291],[8.596443,47.406405],[8.596647,47.406384],[8.597068,47.40619],[8.598848,47.405986],[8.598992,47.405902],[8.598978,47.405793],[8.598551,47.40594]]]}},{"type":"Feature","properties":{"kind":"area"},"geometry":{"type":"Polygon","coordinates":[[[8.604342,47.402138],[8.604949,47.401745],[8.606364,47.401379],[8.606339,47.401243],[8.60476,47.401692],[8.604253,47.40202],[8.604342,47.402138]]]}},{"type":"Feature","properties":{"kind":"area"},"geometry":{"type":"Polygon","coordinates":[[[8.590492,47.407435],[8.596144,47.406612],[8.597281,47.406327],[8.597514,47.406368],[8.596626,47.406646],[8.593799,47.407087],[8.590277,47.407507],[8.58981,47.407641],[8.589745,47.407513],[8.590492,47.407435]]]}},{"type":"Feature","properties":{"kind":"area"},"geometry":{"type":"Polygon","coordinates":[[[8.487088,47.400227],[8.487483,47.400731],[8.486507,47.401099],[8.486103,47.400579],[8.487088,47.400227]]]}},{"type":"Feature","properties":{"kind":"area"},"geometry":{"type":"Polygon","coordinates":[[[8.414029,47.369261],[8.414138,47.369381],[8.414235,47.368912],[8.414013,47.368609],[8.41339,47.36812],[8.413307,47.367732],[8.414327,47.366613],[8.414756,47.366255],[8.415389,47.365947],[8.415765,47.365441],[8.416438,47.365072],[8.416655,47.364472],[8.417401,47.364031],[8.419195,47.363465],[8.420586,47.362374],[8.421962,47.361731],[8.423607,47.3613],[8.424777,47.360748],[8.4249,47.360372],[8.425165,47.360203],[8.42561,47.360098],[8.425839,47.359729],[8.426576,47.359412],[8.426908,47.358993],[8.427511,47.358612],[8.428099,47.358393],[8.428601,47.357994],[8.429284,47.357793],[8.429578,47.357557],[8.429875,47.356374],[8.430639,47.355745],[8.431436,47.355588],[8.432273,47.355619],[8.433074,47.355871],[8.434788,47.356718],[8.435339,47.356768],[8.435739,47.356663],[8.435144,47.35672],[8.434672,47.356652],[8.432861,47.355751],[8.432215,47.355588],[8.431105,47.355567],[8.430438,47.355779],[8.429762,47.356389],[8.429555,47.357476],[8.42936,47.357667],[8.428533,47.357951],[8.426903,47.358907],[8.426551,47.359356],[8.425781,47.359669],[8.425582,47.360062],[8.425106,47.360166],[8.424829,47.360347],[8.424653,47.360699],[8.424343,47.360901],[8.421903,47.361695],[8.420446,47.362371],[8.419857,47.362938],[8.419235,47.363332],[8.418033,47.363788],[8.417355,47.363927],[8.416582,47.364413],[8.4164,47.365006],[8.415678,47.365388],[8.415237,47.365918],[8.414542,47.366313],[8.413233,47.367696],[8.413295,47.368134],[8.414006,47.368789],[8.41414,47.369152],[8.414029,47.369261]]]}},{"type":"Feature","properties":{"kind":"area"},"geometry":{"type":"Polygon","coordinates":[[[8.620674,47.433819],[8.621029,47.434049],[8.62151,47.434173],[8.621778,47.43367],[8.621561,47.43352],[8.621262,47.43351],[8.620738,47.433695],[8.620674,47.433819]]]}},{"type":"Feature","properties":{"kind":"area"},"geometry":{"type":"Polygon","coordinates":[[[8.5863,47.408162],[8.572445,47.411325],[8.570592,47.41125],[8.570116,47.41131],[8.568106,47.411948],[8.568195,47.412028],[8.569123,47.411689],[8.570385,47.411379],[8.572331,47.411436],[8.572962,47.411328],[8.579656,47.409835],[8.586343,47.408243],[8.5863,47.408162]]]}},{"type":"Feature","properties":{"kind":"area"},"geometry":{"type":"Polygon","coordinates":[[[8.604176,47.402071],[8.603,47.403037],[8.599948,47.405193],[8.600054,47.405265],[8.604144,47.402315],[8.604281,47.402202],[8.604176,47.402071]]]}},{"type":"Feature","properties":{"kind":"area"},"geometry":{"type":"Polygon","coordinates":[[[8.519373,47.331658],[8.518826,47.33091],[8.518443,47.329838],[8.518365,47.329849],[8.518761,47.330989],[8.520945,47.33377],[8.521301,47.334401],[8.520984,47.333716],[8.519373,47.331658]]]}},{"type":"Feature","properties":{"kind":"area"},"geometry":{"type":"Polygon","coordinates":[[[8.641042,47.267439],[8.642697,47.266968],[8.642762,47.267149],[8.642902,47.267123],[8.642813,47.266987],[8.643297,47.266863],[8.643336,47.26701],[8.643446,47.267],[8.643447,47.2669],[8.643465,47.267018],[8.643493,47.266905],[8.643968,47.266978],[8.64399,47.267143],[8.645056,47.267127],[8.644861,47.267401],[8.64515,47.267462],[8.64524,47.267265],[8.645615,47.267397],[8.647814,47.267488],[8.647738,47.267004],[8.648018,47.266742],[8.648259,47.266658],[8.649275,47.266607],[8.649366,47.266716],[8.649387,47.266616],[8.649579,47.266737],[8.649572,47.266592],[8.649928,47.266439],[8.650506,47.265386],[8.650673,47.265375],[8.650634,47.265297],[8.651636,47.264642],[8.652271,47.264533],[8.652363,47.264671],[8.65271,47.264564],[8.653048,47.264579],[8.653205,47.264525],[8.653157,47.264397],[8.653258,47.264381],[8.653442,47.264611],[8.653301,47.264004],[8.654531,47.263785],[8.654598,47.263889],[8.654506,47.26383],[8.653366,47.264031],[8.653426,47.264372],[8.654646,47.264198],[8.654799,47.264433],[8.65492,47.264396],[8.654872,47.26412],[8.655353,47.264035],[8.655446,47.264111],[8.655642,47.264095],[8.655628,47.263818],[8.656242,47.263835],[8.656218,47.26393],[8.656201,47.263874],[8.655729,47.263895],[8.655815,47.264255],[8.656197,47.264163],[8.656199,47.263996],[8.656665,47.264111],[8.6567,47.264015],[8.657862,47.264001],[8.657874,47.264074],[8.659731,47.264243],[8.659753,47.264491],[8.660314,47.264445],[8.660444,47.264418],[8.660402,47.264024],[8.660717,47.263701],[8.660763,47.263973],[8.660948,47.263921],[8.660753,47.263685],[8.661356,47.263301],[8.661611,47.262702],[8.661861,47.262598],[8.662057,47.262367],[8.663101,47.261876],[8.663281,47.261894],[8.663398,47.262018],[8.663851,47.262053],[8.663961,47.261786],[8.664103,47.262062],[8.665145,47.262081],[8.666374,47.261952],[8.666728,47.261752],[8.666674,47.261423],[8.669892,47.260455],[8.669906,47.260235],[8.672135,47.259597],[8.672938,47.259178],[8.674334,47.258829],[8.674648,47.258837],[8.674771,47.259078],[8.674936,47.25904],[8.674974,47.259111],[8.675697,47.258944],[8.675546,47.258635],[8.674809,47.258787],[8.675512,47.258603],[8.675473,47.258509],[8.675624,47.258481],[8.676036,47.25927],[8.676439,47.259193],[8.67618,47.258825],[8.675999,47.258776],[8.676509,47.258639],[8.676655,47.258653],[8.676748,47.258796],[8.677105,47.258695],[8.677208,47.258608],[8.676984,47.258323],[8.677403,47.258143],[8.677785,47.258231],[8.678161,47.257967],[8.678237,47.258009],[8.678904,47.257778],[8.679146,47.257899],[8.679051,47.257763],[8.679483,47.257817],[8.68054,47.257577],[8.680497,47.257508],[8.681026,47.257279],[8.680986,47.256508],[8.681866,47.255996],[8.682296,47.255865],[8.68248,47.256022],[8.682289,47.255899],[8.6819,47.256033],[8.681033,47.256521],[8.681083,47.256729],[8.681407,47.256985],[8.682643,47.256395],[8.682463,47.256146],[8.682554,47.256277],[8.682758,47.256321],[8.684343,47.255727],[8.684471,47.255961],[8.685157,47.255802],[8.687043,47.25512],[8.686979,47.255059],[8.687447,47.254891],[8.687376,47.254815],[8.687606,47.254694],[8.687569,47.25459],[8.687809,47.25488],[8.687936,47.254827],[8.68778,47.254615],[8.688069,47.254448],[8.688203,47.254578],[8.688474,47.254317],[8.68848,47.25424],[8.688114,47.254104],[8.688188,47.254028],[8.688391,47.254008],[8.688667,47.253666],[8.689087,47.253854],[8.68912,47.253803],[8.688901,47.253704],[8.689065,47.253347],[8.688655,47.253226],[8.688848,47.25288],[8.689362,47.252515],[8.689163,47.252729],[8.689693,47.25296],[8.690015,47.252623],[8.689643,47.252431],[8.69072,47.251832],[8.691915,47.251543],[8.692008,47.251844],[8.692209,47.251827],[8.692214,47.251607],[8.692337,47.251542],[8.693143,47.251453],[8.693972,47.250958],[8.693895,47.250867],[8.694127,47.250789],[8.694106,47.250713],[8.694287,47.25063],[8.694118,47.250716],[8.694183,47.250819],[8.694714,47.250553],[8.696302,47.249418],[8.696559,47.249322],[8.696751,47.248972],[8.696722,47.24911],[8.69691,47.249312],[8.697061,47.249249],[8.696907,47.249062],[8.697594,47.248966],[8.697562,47.248872],[8.698626,47.248583],[8.699389,47.248206],[8.700133,47.247693],[8.700308,47.247876],[8.700673,47.247817],[8.700433,47.247458],[8.700535,47.247568],[8.700625,47.247542],[8.700548,47.247427],[8.701393,47.247109],[8.7016,47.247435],[8.703781,47.246917],[8.705727,47.246612],[8.705873,47.246445],[8.705978,47.246564],[8.706079,47.246334],[8.706394,47.246157],[8.706113,47.24592],[8.706535,47.245705],[8.707312,47.246242],[8.707492,47.246166],[8.707205,47.246033],[8.707124,47.245744],[8.708272,47.245376],[8.708742,47.245061],[8.708673,47.244799],[8.708999,47.244484],[8.709635,47.244375],[8.709881,47.244759],[8.710069,47.244709],[8.709727,47.244194],[8.71015,47.24419],[8.710502,47.243758],[8.710564,47.2436],[8.710384,47.243467],[8.710836,47.242713],[8.711008,47.242713],[8.711576,47.242157],[8.712074,47.241592],[8.711941,47.241524],[8.712397,47.241191],[8.7134,47.24071],[8.713374,47.240583],[8.713997,47.240246],[8.714136,47.240324],[8.714012,47.240289],[8.713448,47.240601],[8.713473,47.240699],[8.713699,47.24089],[8.713799,47.24084],[8.713876,47.240907],[8.714183,47.240744],[8.71415,47.240584],[8.715266,47.23973],[8.715368,47.239542],[8.715469,47.23963],[8.715466,47.239542],[8.716195,47.239316],[8.716116,47.239197],[8.716434,47.239106],[8.716719,47.239555],[8.716898,47.239516],[8.716714,47.239257],[8.717853,47.23871],[8.71749,47.238922],[8.717716,47.239211],[8.718539,47.239025],[8.718384,47.238676],[8.718167,47.238645],[8.718586,47.238559],[8.718814,47.238795],[8.718983,47.238738],[8.7189,47.238608],[8.719403,47.238451],[8.719373,47.23834],[8.72007,47.238194],[8.720209,47.238562],[8.720637,47.238402],[8.720282,47.238195],[8.721268,47.237863],[8.72138,47.23804],[8.721422,47.237844],[8.722406,47.237786],[8.722864,47.237674],[8.722982,47.237833],[8.723877,47.237955],[8.724004,47.238081],[8.72414,47.23794],[8.725529,47.237833],[8.725959,47.237693],[8.725723,47.237396],[8.726235,47.237203],[8.726306,47.237265],[8.726854,47.237245],[8.726857,47.237155],[8.726966,47.237395],[8.727124,47.237338],[8.727001,47.237179],[8.72783,47.236834],[8.727939,47.23693],[8.728144,47.236852],[8.728071,47.236773],[8.72853,47.236665],[8.728497,47.236537],[8.728673,47.236348],[8.728926,47.2363],[8.729834,47.235757],[8.73258,47.234915],[8.733349,47.234602],[8.733771,47.23437],[8.733982,47.23413],[8.733927,47.234022],[8.73431,47.233662],[8.735278,47.233431],[8.7357,47.233396],[8.735841,47.233594],[8.736061,47.233628],[8.735523,47.233627],[8.735695,47.233903],[8.736106,47.234045],[8.736214,47.234042],[8.736152,47.233747],[8.736225,47.233828],[8.736618,47.233777],[8.736582,47.233581],[8.73684,47.233563],[8.736971,47.233718],[8.736956,47.233542],[8.737408,47.233536],[8.737598,47.233578],[8.737624,47.23379],[8.737763,47.23379],[8.737837,47.233626],[8.737987,47.233585],[8.738204,47.233639],[8.73821,47.233766],[8.738273,47.233659],[8.739358,47.233945],[8.739267,47.234145],[8.739345,47.234179],[8.73946,47.234079],[8.739406,47.234206],[8.739763,47.234285],[8.739785,47.234095],[8.73993,47.234102],[8.740008,47.234178],[8.741336,47.234407],[8.741304,47.234617],[8.742091,47.234684],[8.742104,47.234605],[8.742669,47.234588],[8.746279,47.233742],[8.747055,47.233765],[8.747313,47.233838],[8.747428,47.234002],[8.748721,47.234418],[8.749857,47.234487],[8.750034,47.234416],[8.74993,47.234198],[8.750112,47.234191],[8.750302,47.23455],[8.750322,47.234445],[8.75077,47.234215],[8.752041,47.234302],[8.752202,47.234752],[8.754561,47.23445],[8.754569,47.234377],[8.754788,47.234364],[8.754689,47.234434],[8.755354,47.234326],[8.755393,47.234405],[8.755793,47.234235],[8.755918,47.234405],[8.756691,47.234116],[8.756627,47.234061],[8.756957,47.233881],[8.756894,47.233788],[8.757082,47.233681],[8.757387,47.233698],[8.757198,47.233756],[8.757297,47.23399],[8.757497,47.233926],[8.757535,47.233722],[8.758109,47.233694],[8.758109,47.233484],[8.758443,47.233439],[8.758216,47.233629],[8.758306,47.233891],[8.759083,47.233684],[8.759163,47.233518],[8.7592,47.233695],[8.75904,47.233891],[8.759187,47.233989],[8.759329,47.233994],[8.759341,47.233859],[8.759465,47.233864],[8.75942,47.234001],[8.759513,47.233916],[8.761678,47.234037],[8.761667,47.234138],[8.761896,47.234189],[8.761981,47.234126],[8.761961,47.234204],[8.763299,47.234228],[8.763346,47.234143],[8.763767,47.234135],[8.76379,47.234199],[8.764039,47.234208],[8.764029,47.234343],[8.766619,47.234359],[8.768442,47.23453],[8.768795,47.234489],[8.769787,47.234648],[8.770368,47.234439],[8.771185,47.234439],[8.77164,47.234294],[8.771907,47.234392],[8.772715,47.234369],[8.772725,47.234302],[8.77293,47.234314],[8.772921,47.234408],[8.773893,47.23439],[8.77411,47.234465],[8.77494,47.234354],[8.774978,47.234434],[8.77604,47.233922],[8.776131,47.23406],[8.776609,47.234109],[8.776893,47.234045],[8.777082,47.233953],[8.777,47.23385],[8.777145,47.233934],[8.777247,47.233864],[8.777255,47.233607],[8.777607,47.233723],[8.778319,47.233752],[8.778319,47.233618],[8.778515,47.233606],[8.778541,47.233686],[8.778962,47.2337],[8.778525,47.233739],[8.778504,47.233831],[8.779644,47.234286],[8.780608,47.234362],[8.782058,47.235051],[8.783983,47.234893],[8.786194,47.234219],[8.787382,47.234255],[8.787712,47.234441],[8.788347,47.23538],[8.789618,47.235631],[8.790318,47.235998],[8.790957,47.236189],[8.791882,47.237256],[8.792065,47.237798],[8.792703,47.238165],[8.7932,47.238593],[8.793776,47.238838],[8.794612,47.238951],[8.79561,47.238874],[8.795609,47.238997],[8.796819,47.239655],[8.797593,47.239708],[8.797692,47.239515],[8.797786,47.239716],[8.798541,47.2398],[8.798803,47.239777],[8.798876,47.23959],[8.798915,47.239791],[8.799248,47.239797],[8.799309,47.239472],[8.800024,47.239104],[8.800085,47.239277],[8.800448,47.239361],[8.80022,47.238987],[8.800501,47.239002],[8.800491,47.238827],[8.800662,47.238622],[8.800938,47.238583],[8.800763,47.238193],[8.800274,47.237899],[8.80246,47.237689],[8.803127,47.237766],[8.804502,47.23753],[8.80497,47.237347],[8.80626,47.237484],[8.806337,47.237696],[8.806664,47.237659],[8.807894,47.237777],[8.808325,47.237585],[8.808586,47.237319],[8.808939,47.237219],[8.809582,47.237177],[8.809579,47.237253],[8.809613,47.237197],[8.809959,47.237273],[8.810215,47.237191],[8.810173,47.236952],[8.810331,47.236801],[8.810448,47.236784],[8.810355,47.236931],[8.81046,47.23709],[8.810598,47.237041],[8.810485,47.236916],[8.810937,47.236587],[8.811606,47.236509],[8.811914,47.236607],[8.813337,47.236632],[8.814149,47.236817],[8.814506,47.236807],[8.815135,47.236689],[8.815449,47.236512],[8.815492,47.236652],[8.815605,47.236607],[8.815534,47.236501],[8.816589,47.236374],[8.817021,47.235841],[8.817279,47.234939],[8.817585,47.234988],[8.817897,47.234898],[8.817325,47.234808],[8.817679,47.233465],[8.817725,47.233402],[8.817997,47.233455],[8.817876,47.233394],[8.818036,47.232835],[8.817887,47.232263],[8.81798,47.23171],[8.817774,47.231102],[8.817943,47.229442],[8.817837,47.229351],[8.81764,47.229353],[8.817593,47.229025],[8.81746,47.229016],[8.817312,47.228681],[8.817133,47.228688],[8.817175,47.228527],[8.817035,47.228381],[8.816342,47.228145],[8.814233,47.227651],[8.814165,47.227695],[8.81126,47.226907],[8.811307,47.226782],[8.811513,47.226822],[8.813398,47.226215],[8.813656,47.22516],[8.813448,47.224564],[8.814049,47.225907],[8.814813,47.225679],[8.815034,47.225526],[8.814896,47.225466],[8.814956,47.225382],[8.815089,47.225404],[8.815194,47.22531],[8.815307,47.224948],[8.815089,47.224819],[8.814458,47.224733],[8.813134,47.223697],[8.813458,47.223507],[8.814587,47.223945],[8.815097,47.223747],[8.815535,47.222681],[8.815872,47.222454],[8.816412,47.222322],[8.816517,47.22236],[8.816557,47.222606],[8.8174,47.222606],[8.817822,47.222148],[8.819203,47.222031],[8.819873,47.221633],[8.820725,47.221498],[8.82158,47.221646],[8.822229,47.221954],[8.823982,47.222006],[8.824467,47.221581],[8.825015,47.221304],[8.825119,47.221453],[8.824981,47.221447],[8.824396,47.221835],[8.824957,47.222083],[8.825362,47.222011],[8.825333,47.221923],[8.825446,47.221897],[8.82559,47.221971],[8.825542,47.221512],[8.825965,47.221381],[8.826474,47.220863],[8.826477,47.220269],[8.82665,47.220101],[8.827175,47.219986],[8.827348,47.220036],[8.827949,47.219555],[8.828708,47.218587],[8.830035,47.218142],[8.830807,47.217623],[8.83129,47.217163],[8.831558,47.21721],[8.831775,47.216751],[8.831931,47.216821],[8.832364,47.216735],[8.832421,47.216992],[8.832397,47.216815],[8.832673,47.216675],[8.832828,47.216778],[8.833393,47.216663],[8.833366,47.216381],[8.834066,47.216277],[8.836329,47.216456],[8.839643,47.216279],[8.840368,47.216418],[8.842455,47.216368],[8.843141,47.215749],[8.843403,47.214598],[8.843365,47.214901],[8.843707,47.215483],[8.843901,47.215573],[8.844052,47.215463],[8.844153,47.21512],[8.843892,47.215257],[8.843848,47.214863],[8.844124,47.215063],[8.844402,47.21496],[8.844278,47.215191],[8.844338,47.215429],[8.844853,47.215489],[8.844915,47.215911],[8.845362,47.215905],[8.845376,47.215761],[8.845916,47.215814],[8.846286,47.21569],[8.846356,47.215778],[8.846758,47.215767],[8.847182,47.215588],[8.84729,47.21578],[8.845285,47.216227],[8.846477,47.217862],[8.846587,47.217883],[8.84725,47.217514],[8.847329,47.21737],[8.846397,47.216709],[8.846317,47.21654],[8.846658,47.216467],[8.847387,47.216534],[8.848281,47.216434],[8.84844,47.217117],[8.849473,47.217148],[8.849645,47.21724],[8.850057,47.217116],[8.85036,47.217269],[8.851137,47.217129],[8.851403,47.216872],[8.851266,47.216293],[8.851567,47.216326],[8.851659,47.21677],[8.851555,47.217328],[8.851215,47.217357],[8.851239,47.217443],[8.851044,47.217441],[8.850887,47.217331],[8.850451,47.217385],[8.850354,47.217487],[8.849733,47.217509],[8.849503,47.217753],[8.849559,47.218118],[8.849325,47.218359],[8.848346,47.218122],[8.848558,47.218405],[8.848299,47.218432],[8.848124,47.218786],[8.848137,47.219292],[8.849311,47.220182],[8.849505,47.221048],[8.849442,47.22128],[8.849738,47.221781],[8.850324,47.221686],[8.850309,47.221494],[8.850425,47.221395],[8.851067,47.221185],[8.851394,47.221365],[8.851509,47.221047],[8.851751,47.221042],[8.852256,47.22123],[8.853649,47.221246],[8.854374,47.221595],[8.85561,47.221596],[8.855782,47.221767],[8.855831,47.221383],[8.85657,47.222014],[8.858792,47.222096],[8.85943,47.221952],[8.860255,47.221375],[8.861531,47.220897],[8.86317,47.219469],[8.863452,47.219464],[8.864946,47.218624],[8.865654,47.218392],[8.866841,47.218182],[8.867299,47.218278],[8.868426,47.218204],[8.86981,47.218396],[8.870818,47.217982],[8.871193,47.21814],[8.87145,47.217998],[8.872073,47.217949],[8.872686,47.217715],[8.87274,47.217888],[8.874479,47.217756],[8.874501,47.217825],[8.87563,47.217602],[8.876432,47.217256],[8.876675,47.216886],[8.876874,47.216243],[8.876165,47.216017],[8.876196,47.215896],[8.877229,47.21591],[8.877272,47.215689],[8.877502,47.215602],[8.878525,47.21574],[8.878831,47.21587],[8.879778,47.215746],[8.882373,47.215936],[8.88216,47.216252],[8.882449,47.216372],[8.882646,47.216209],[8.883128,47.216378],[8.883098,47.216534],[8.88321,47.216461],[8.883878,47.216535],[8.885179,47.216899],[8.885255,47.217142],[8.885642,47.217334],[8.887659,47.217747],[8.888396,47.218149],[8.889085,47.218327],[8.890082,47.218415],[8.890505,47.218326],[8.891044,47.218619],[8.89339,47.21883],[8.89383,47.2188],[8.894061,47.218827],[8.894114,47.218927],[8.894145,47.218837],[8.894436,47.218935],[8.894457,47.218874],[8.894957,47.218949],[8.895405,47.219187],[8.89585,47.219668],[8.896907,47.220249],[8.898064,47.220368],[8.899062,47.220789],[8.901635,47.221156],[8.903612,47.221049],[8.903859,47.221185],[8.905115,47.22113],[8.906442,47.221527],[8.906827,47.222119],[8.907103,47.222324],[8.908185,47.222764],[8.909363,47.222432],[8.909624,47.222467],[8.909633,47.222406],[8.91041,47.222494],[8.911004,47.22297],[8.911627,47.223057],[8.916018,47.223199],[8.917118,47.2235],[8.917049,47.223709],[8.915793,47.224467],[8.915922,47.224811],[8.91641,47.225062],[8.916393,47.225302],[8.916513,47.225352],[8.916873,47.224903],[8.916782,47.224841],[8.917074,47.224879],[8.917176,47.225095],[8.917419,47.225137],[8.917384,47.225008],[8.917545,47.225016],[8.917295,47.224967],[8.917323,47.224897],[8.917773,47.224969],[8.919954,47.224885],[8.920998,47.22494],[8.920896,47.225468],[8.920921,47.225012],[8.919951,47.224953],[8.918708,47.22498],[8.91866,47.225134],[8.917995,47.225071],[8.917915,47.225324],[8.918228,47.225377],[8.918185,47.225517],[8.918784,47.22562],[8.919351,47.225921],[8.921927,47.225935],[8.924084,47.225744],[8.924125,47.225618],[8.923782,47.225539],[8.923836,47.225433],[8.922689,47.225182],[8.922572,47.225371],[8.922543,47.225184],[8.922692,47.225088],[8.924397,47.225535],[8.925576,47.225614],[8.926181,47.225592],[8.92635,47.2255],[8.926412,47.225308],[8.926388,47.225549],[8.925757,47.225642],[8.925758,47.225737],[8.926025,47.225817],[8.926676,47.225781],[8.926951,47.225328],[8.926811,47.225736],[8.927331,47.225892],[8.928156,47.225941],[8.933165,47.225684],[8.934285,47.225555],[8.934521,47.225457],[8.934592,47.225305],[8.934784,47.225274],[8.934926,47.2253],[8.93466,47.225327],[8.934635,47.225524],[8.935088,47.225541],[8.935507,47.225443],[8.935838,47.225566],[8.937017,47.225397],[8.937326,47.225159],[8.940232,47.224761],[8.940245,47.224542],[8.940347,47.224955],[8.940591,47.224954],[8.940579,47.22479],[8.941058,47.224811],[8.941309,47.224685],[8.94238,47.224469],[8.942556,47.224585],[8.942406,47.224513],[8.941627,47.22471],[8.94159,47.22495],[8.94242,47.224941],[8.942906,47.224713],[8.943472,47.224809],[8.94452,47.224683],[8.944678,47.224755],[8.944803,47.224659],[8.945059,47.224744],[8.946036,47.224693],[8.946327,47.224434],[8.946479,47.22453],[8.947022,47.224504],[8.947923,47.224346],[8.947857,47.224089],[8.94698,47.224156],[8.947052,47.224065],[8.947553,47.224038],[8.947632,47.223751],[8.947037,47.22368],[8.946784,47.224174],[8.946532,47.22414],[8.946199,47.224315],[8.946526,47.223945],[8.946715,47.22351],[8.946449,47.223454],[8.946376,47.223224],[8.946471,47.223114],[8.946314,47.223122],[8.947078,47.223145],[8.947021,47.223595],[8.947648,47.223667],[8.94778,47.223161],[8.947295,47.223108],[8.947144,47.222469],[8.946835,47.222496],[8.947084,47.223002],[8.946505,47.222938],[8.946612,47.222942],[8.94652,47.222691],[8.946725,47.222528],[8.945765,47.221915],[8.946227,47.22176],[8.94611,47.221542],[8.945659,47.221574],[8.945144,47.221792],[8.944083,47.22184],[8.943781,47.221765],[8.943762,47.221477],[8.942874,47.22147],[8.942749,47.221325],[8.942082,47.221403],[8.941754,47.221298],[8.940704,47.221321],[8.940263,47.221381],[8.939935,47.221549],[8.939625,47.221479],[8.940123,47.221235],[8.940357,47.220941],[8.940003,47.22064],[8.940112,47.220518],[8.940081,47.220265],[8.940232,47.220263],[8.940114,47.220437],[8.940184,47.220548],[8.940455,47.220605],[8.940464,47.220907],[8.940678,47.220844],[8.940479,47.220562],[8.940232,47.220451],[8.940291,47.22023],[8.94061,47.220187],[8.940344,47.219959],[8.940326,47.219817],[8.940893,47.219685],[8.941011,47.219345],[8.940805,47.219341],[8.940741,47.219122],[8.94093,47.219097],[8.941633,47.218329],[8.941053,47.217836],[8.94018,47.217908],[8.938278,47.217693],[8.937745,47.217754],[8.937637,47.217689],[8.937542,47.21778],[8.937088,47.217866],[8.93693,47.217613],[8.93749,47.217483],[8.937291,47.216887],[8.937626,47.216902],[8.937744,47.217102],[8.938171,47.217253],[8.938562,47.217545],[8.939398,47.217435],[8.94093,47.217433],[8.941439,47.217199],[8.942106,47.21737],[8.943842,47.217145],[8.94395,47.217219],[8.944629,47.21714],[8.943893,47.216761],[8.943867,47.216665],[8.94221,47.216136],[8.941941,47.215971],[8.942007,47.215518],[8.941911,47.215328],[8.941587,47.215173],[8.941042,47.215278],[8.940644,47.215208],[8.940504,47.214968],[8.940084,47.214882],[8.939826,47.214652],[8.939398,47.214647],[8.938956,47.214482],[8.937925,47.214565],[8.937888,47.214434],[8.938625,47.214194],[8.938477,47.213929],[8.938138,47.213831],[8.937954,47.213651],[8.936587,47.213521],[8.936385,47.213408],[8.935987,47.213412],[8.935416,47.213267],[8.935024,47.213297],[8.934917,47.213397],[8.935368,47.213615],[8.935599,47.214039],[8.936404,47.214307],[8.936528,47.214426],[8.936587,47.214837],[8.935582,47.214933],[8.934926,47.214483],[8.934681,47.213781],[8.934416,47.213722],[8.934328,47.21384],[8.934582,47.214606],[8.934951,47.214824],[8.935075,47.21512],[8.934092,47.215415],[8.93376,47.215285],[8.933599,47.215095],[8.933782,47.21424],[8.933599,47.214217],[8.933428,47.214018],[8.933478,47.213812],[8.934188,47.21328],[8.93417,47.212877],[8.933987,47.21282],[8.9336,47.212928],[8.933461,47.212877],[8.933485,47.212685],[8.931884,47.211984],[8.930645,47.211901],[8.929509,47.211704],[8.926038,47.210848],[8.920607,47.209263],[8.915572,47.208276],[8.913596,47.207788],[8.911472,47.207474],[8.909203,47.207401],[8.908474,47.20704],[8.907924,47.206903],[8.907795,47.207036],[8.907123,47.20693],[8.906062,47.2066],[8.906094,47.206423],[8.905786,47.206345],[8.905881,47.206541],[8.90561,47.206341],[8.904374,47.20586],[8.902848,47.205713],[8.90008,47.205105],[8.8994,47.205093],[8.898711,47.2049],[8.897871,47.205019],[8.897922,47.20464],[8.89781,47.204632],[8.89775,47.205012],[8.897562,47.204997],[8.897612,47.204679],[8.897281,47.204705],[8.897878,47.205582],[8.898073,47.206084],[8.897765,47.20602],[8.896945,47.204745],[8.895981,47.204102],[8.895555,47.204499],[8.89575,47.204628],[8.895632,47.204718],[8.895129,47.20441],[8.895007,47.204437],[8.89512,47.204874],[8.895297,47.205213],[8.895884,47.205579],[8.896023,47.205928],[8.896607,47.206083],[8.896943,47.205971],[8.897074,47.206083],[8.897018,47.206185],[8.896545,47.206356],[8.895876,47.206257],[8.895288,47.205801],[8.893096,47.20759],[8.89258,47.207474],[8.891465,47.20785],[8.890786,47.208186],[8.890338,47.207911],[8.890506,47.207679],[8.892018,47.207253],[8.892231,47.206733],[8.892335,47.206711],[8.89219,47.207216],[8.892385,47.207188],[8.892734,47.206679],[8.89423,47.206029],[8.894514,47.205515],[8.894289,47.204942],[8.893768,47.204596],[8.892941,47.204882],[8.892667,47.205341],[8.89282,47.205522],[8.892734,47.205618],[8.893006,47.205731],[8.892885,47.205859],[8.892564,47.20583],[8.892472,47.205938],[8.891907,47.205861],[8.891624,47.205582],[8.890994,47.205847],[8.890569,47.205874],[8.890267,47.205588],[8.890377,47.205131],[8.890044,47.204923],[8.889479,47.205067],[8.888884,47.204918],[8.888804,47.205446],[8.889057,47.205801],[8.888889,47.206093],[8.88797,47.206126],[8.88793,47.2065],[8.887467,47.206915],[8.887571,47.207203],[8.887389,47.207883],[8.887713,47.208172],[8.88892,47.207923],[8.889676,47.208018],[8.88969,47.208163],[8.889532,47.208228],[8.88877,47.208182],[8.887933,47.20841],[8.887311,47.208771],[8.885841,47.208649],[8.884505,47.208296],[8.884146,47.208086],[8.883902,47.20768],[8.883378,47.207477],[8.883033,47.207065],[8.882222,47.206637],[8.881854,47.20666],[8.881402,47.207194],[8.880885,47.207448],[8.879632,47.207524],[8.87795,47.207258],[8.876905,47.20661],[8.875859,47.206479],[8.875791,47.206134],[8.875974,47.205333],[8.875654,47.20498],[8.875426,47.204989],[8.87547,47.205464],[8.875163,47.205652],[8.875269,47.20564],[8.875185,47.205835],[8.875365,47.205969],[8.875284,47.206059],[8.87541,47.206563],[8.875186,47.206343],[8.87282,47.206392],[8.871872,47.20658],[8.871368,47.206585],[8.870291,47.206262],[8.869428,47.206167],[8.868878,47.206244],[8.868626,47.206189],[8.868486,47.206138],[8.868495,47.205973],[8.86835,47.205875],[8.867884,47.205886],[8.866565,47.205499],[8.865942,47.205521],[8.865226,47.205417],[8.865171,47.205222],[8.864895,47.205333],[8.864073,47.205286],[8.86399,47.20521],[8.863501,47.205305],[8.863432,47.20523],[8.863744,47.204687],[8.863617,47.204391],[8.864552,47.202286],[8.864382,47.202045],[8.863537,47.201471],[8.862903,47.201504],[8.861545,47.204882],[8.860601,47.204785],[8.86049,47.204705],[8.860629,47.204094],[8.861296,47.204201],[8.861548,47.20325],[8.861421,47.202583],[8.860683,47.202243],[8.860826,47.201851],[8.86063,47.201668],[8.860042,47.201761],[8.859914,47.201899],[8.860116,47.202598],[8.860852,47.2031],[8.860602,47.203522],[8.859872,47.203269],[8.859315,47.2029],[8.859016,47.201808],[8.858839,47.201585],[8.857666,47.201751],[8.857766,47.202521],[8.858283,47.202746],[8.858316,47.202921],[8.858229,47.203093],[8.857589,47.203236],[8.857794,47.203697],[8.85979,47.20422],[8.859772,47.204453],[8.859618,47.204545],[8.857935,47.204467],[8.85716,47.204247],[8.856484,47.203773],[8.856425,47.203095],[8.856815,47.202225],[8.856679,47.201979],[8.856403,47.202002],[8.856092,47.202273],[8.85605,47.202589],[8.855859,47.202617],[8.855783,47.202878],[8.855605,47.202915],[8.855626,47.203158],[8.855119,47.203537],[8.855148,47.203699],[8.854884,47.203512],[8.85425,47.203447],[8.854015,47.203179],[8.853922,47.203184],[8.853947,47.20344],[8.853817,47.203446],[8.853765,47.203342],[8.853704,47.203486],[8.853469,47.203531],[8.853309,47.203407],[8.853369,47.203513],[8.85321,47.203604],[8.852347,47.20345],[8.852226,47.203371],[8.852264,47.203275],[8.852667,47.202676],[8.852553,47.202562],[8.851801,47.202956],[8.850985,47.203221],[8.851507,47.202893],[8.851314,47.202533],[8.851466,47.201511],[8.851795,47.2013],[8.851874,47.201048],[8.852508,47.20117],[8.853105,47.201062],[8.852765,47.200587],[8.853375,47.200323],[8.853249,47.20011],[8.852642,47.200194],[8.852686,47.199959],[8.852303,47.199468],[8.852374,47.199331],[8.852675,47.19919],[8.85286,47.199264],[8.853,47.199494],[8.853899,47.199291],[8.853759,47.199019],[8.853967,47.198742],[8.854225,47.198638],[8.854151,47.198501],[8.854316,47.198463],[8.854199,47.198211],[8.853508,47.198337],[8.852795,47.198547],[8.852962,47.198857],[8.852775,47.198955],[8.852337,47.199051],[8.852224,47.198909],[8.852667,47.198618],[8.852541,47.198538],[8.852723,47.198105],[8.852493,47.197506],[8.852192,47.197134],[8.852003,47.197211],[8.851693,47.197055],[8.850716,47.194153],[8.851484,47.194177],[8.851942,47.194033],[8.851494,47.193771],[8.851586,47.193731],[8.851124,47.193339],[8.850848,47.193479],[8.850783,47.193427],[8.850275,47.19373],[8.850577,47.194014],[8.850192,47.193722],[8.850023,47.19343],[8.850248,47.193317],[8.85008,47.193123],[8.850169,47.193076],[8.849749,47.192548],[8.849476,47.192526],[8.849499,47.192434],[8.849338,47.19241],[8.849275,47.192573],[8.847804,47.192475],[8.847056,47.192115],[8.84684,47.1922],[8.846852,47.192334],[8.846335,47.192314],[8.846166,47.192281],[8.845668,47.191848],[8.844687,47.191629],[8.843387,47.191611],[8.842329,47.191442],[8.842153,47.191333],[8.841668,47.191333],[8.841,47.191548],[8.840902,47.191386],[8.840331,47.191421],[8.839874,47.191566],[8.839223,47.192113],[8.839111,47.191996],[8.838358,47.192071],[8.836668,47.19295],[8.835316,47.193363],[8.833335,47.194514],[8.833092,47.194519],[8.833699,47.194243],[8.833481,47.19403],[8.832952,47.194303],[8.832748,47.194117],[8.832488,47.194276],[8.832912,47.194604],[8.832508,47.194809],[8.832624,47.194889],[8.83251,47.194967],[8.831845,47.195332],[8.83103,47.195241],[8.829858,47.19479],[8.828465,47.194586],[8.827013,47.194007],[8.826383,47.193888],[8.825423,47.193972],[8.825053,47.194126],[8.823529,47.194915],[8.823413,47.195125],[8.823242,47.195127],[8.823344,47.195225],[8.822646,47.195588],[8.821743,47.19535],[8.821928,47.195158],[8.821551,47.195217],[8.820963,47.195034],[8.820638,47.195346],[8.820925,47.195532],[8.820719,47.19588],[8.820532,47.195875],[8.819973,47.195624],[8.820015,47.195533],[8.819656,47.195453],[8.819672,47.195139],[8.819561,47.195074],[8.818849,47.19552],[8.818726,47.195491],[8.818536,47.195226],[8.81881,47.19512],[8.818748,47.19476],[8.818171,47.194865],[8.817538,47.195029],[8.817549,47.195154],[8.817972,47.195449],[8.817146,47.195575],[8.816246,47.19624],[8.816371,47.196324],[8.816197,47.196571],[8.815612,47.197085],[8.815468,47.198041],[8.815372,47.19807],[8.815542,47.198079],[8.815613,47.198535],[8.81584,47.198905],[8.815763,47.199136],[8.815609,47.199156],[8.815793,47.199644],[8.81501,47.199458],[8.814716,47.199604],[8.814488,47.199994],[8.814275,47.200105],[8.814313,47.200302],[8.813848,47.200344],[8.813378,47.200687],[8.813164,47.200582],[8.812936,47.200708],[8.812859,47.200644],[8.812582,47.200726],[8.812563,47.200865],[8.812228,47.200846],[8.812231,47.200919],[8.811845,47.201042],[8.811408,47.201036],[8.81114,47.201232],[8.809938,47.201694],[8.810052,47.20146],[8.810674,47.201279],[8.810894,47.201135],[8.810853,47.201039],[8.81068,47.200999],[8.809357,47.201275],[8.809017,47.201264],[8.809091,47.201435],[8.808965,47.201563],[8.809726,47.201697],[8.809556,47.201863],[8.808869,47.201777],[8.808633,47.201597],[8.808165,47.201459],[8.807618,47.201417],[8.805262,47.201654],[8.80445,47.201852],[8.80239,47.202672],[8.802255,47.202869],[8.802494,47.2031],[8.802089,47.203258],[8.801853,47.203594],[8.801231,47.204069],[8.800769,47.204324],[8.799596,47.20456],[8.799089,47.204814],[8.798877,47.204715],[8.79868,47.204375],[8.798803,47.204077],[8.79897,47.204176],[8.799045,47.204128],[8.798871,47.203998],[8.798973,47.203778],[8.799139,47.203732],[8.799022,47.203655],[8.799379,47.203525],[8.799809,47.203209],[8.79962,47.202956],[8.79956,47.203027],[8.799416,47.202981],[8.799424,47.202794],[8.799086,47.202809],[8.799042,47.202986],[8.798851,47.203061],[8.797498,47.203157],[8.797257,47.20336],[8.797128,47.203242],[8.797057,47.203339],[8.796184,47.203417],[8.795529,47.203432],[8.795517,47.203373],[8.795383,47.203497],[8.795422,47.203921],[8.795218,47.203871],[8.795223,47.203957],[8.794941,47.203919],[8.794944,47.203976],[8.794189,47.204036],[8.79351,47.203709],[8.792848,47.203871],[8.792839,47.20419],[8.79298,47.204403],[8.793236,47.20449],[8.793839,47.204436],[8.793764,47.204563],[8.794007,47.205077],[8.792841,47.20552],[8.793057,47.20572],[8.794036,47.205343],[8.794195,47.205529],[8.794013,47.205602],[8.7942,47.205824],[8.793405,47.206145],[8.793783,47.206611],[8.795898,47.205793],[8.796067,47.205301],[8.796287,47.205168],[8.796632,47.205208],[8.796531,47.205636],[8.797159,47.205836],[8.797362,47.205791],[8.797693,47.205396],[8.798498,47.20568],[8.798485,47.205835],[8.798201,47.20595],[8.798177,47.206537],[8.797995,47.207104],[8.797634,47.207165],[8.797735,47.207228],[8.797668,47.207442],[8.797771,47.207485],[8.797741,47.207588],[8.797522,47.207625],[8.797489,47.207899],[8.797662,47.207931],[8.797498,47.208036],[8.797495,47.208345],[8.797631,47.208485],[8.797518,47.208539],[8.79748,47.208942],[8.797607,47.209089],[8.797494,47.209201],[8.797559,47.209369],[8.797681,47.20939],[8.797587,47.209647],[8.79776,47.210065],[8.797878,47.210175],[8.797995,47.210119],[8.798496,47.21059],[8.798469,47.210807],[8.79825,47.210938],[8.798369,47.211178],[8.798291,47.211209],[8.798699,47.211635],[8.799125,47.212442],[8.799408,47.212596],[8.799623,47.212598],[8.799863,47.212459],[8.799955,47.212254],[8.799732,47.211701],[8.799914,47.211835],[8.799826,47.211979],[8.800045,47.212278],[8.800256,47.212095],[8.800622,47.212306],[8.801063,47.212311],[8.801198,47.212291],[8.801259,47.212125],[8.801369,47.212298],[8.801162,47.212525],[8.801585,47.21263],[8.801679,47.212442],[8.801454,47.212376],[8.801492,47.212317],[8.801747,47.212376],[8.80184,47.212217],[8.802112,47.212272],[8.80211,47.212405],[8.802402,47.212489],[8.802445,47.212659],[8.802683,47.212787],[8.802521,47.212994],[8.801789,47.21317],[8.801729,47.213276],[8.801837,47.213297],[8.801901,47.213491],[8.802348,47.213489],[8.802463,47.213195],[8.802584,47.21315],[8.802755,47.213276],[8.803649,47.213504],[8.804508,47.213443],[8.804521,47.213561],[8.804961,47.213712],[8.805044,47.213637],[8.80569,47.213917],[8.805645,47.213991],[8.806007,47.214292],[8.806026,47.214506],[8.80661,47.214635],[8.806876,47.21513],[8.80649,47.215286],[8.806446,47.21566],[8.806014,47.21619],[8.806055,47.216584],[8.806397,47.217178],[8.806731,47.217348],[8.806703,47.2175],[8.80651,47.217581],[8.806529,47.217827],[8.807793,47.218849],[8.807806,47.218954],[8.807581,47.219079],[8.806814,47.218401],[8.806407,47.218308],[8.805489,47.218527],[8.805299,47.218431],[8.804695,47.218438],[8.803957,47.218167],[8.803504,47.218214],[8.803123,47.217889],[8.803143,47.217785],[8.802899,47.217703],[8.80256,47.217347],[8.800285,47.215657],[8.799449,47.215524],[8.797102,47.215528],[8.794915,47.214674],[8.794133,47.213877],[8.793091,47.21333],[8.792883,47.213023],[8.792896,47.211517],[8.792719,47.210255],[8.792314,47.209123],[8.792429,47.208917],[8.792177,47.208346],[8.79203,47.208301],[8.791756,47.207814],[8.791929,47.207527],[8.792135,47.207431],[8.792456,47.207772],[8.792309,47.207463],[8.792085,47.207352],[8.791641,47.207757],[8.791737,47.207554],[8.791516,47.207313],[8.791433,47.207345],[8.791501,47.207223],[8.791371,47.207043],[8.791199,47.206897],[8.791112,47.206955],[8.79122,47.2068],[8.790516,47.206303],[8.788267,47.206346],[8.787313,47.20661],[8.786355,47.206751],[8.783671,47.206801],[8.780488,47.207549],[8.779646,47.207654],[8.778865,47.207284],[8.777789,47.207324],[8.777783,47.20747],[8.775647,47.207394],[8.775664,47.207141],[8.775415,47.207131],[8.775146,47.208254],[8.775116,47.208183],[8.775051,47.208243],[8.775153,47.207911],[8.774995,47.207962],[8.775075,47.207699],[8.774278,47.206845],[8.774159,47.206766],[8.773993,47.206885],[8.774254,47.206598],[8.773908,47.205983],[8.774102,47.205717],[8.773849,47.205625],[8.773438,47.206144],[8.773521,47.206191],[8.773363,47.206141],[8.77337,47.205997],[8.77314,47.205946],[8.77296,47.206268],[8.773619,47.206798],[8.77287,47.206297],[8.773062,47.205934],[8.772639,47.205847],[8.772603,47.206078],[8.772444,47.206072],[8.772067,47.205763],[8.771745,47.20584],[8.771078,47.205771],[8.770826,47.205865],[8.770461,47.205841],[8.769641,47.206255],[8.768351,47.206504],[8.767612,47.206432],[8.765626,47.206942],[8.764955,47.206616],[8.764593,47.206598],[8.76445,47.206688],[8.763009,47.20694],[8.762778,47.206933],[8.762088,47.206653],[8.761179,47.206705],[8.760615,47.20703],[8.760138,47.207167],[8.759606,47.207211],[8.759378,47.207334],[8.758186,47.207445],[8.758323,47.20763],[8.757524,47.208146],[8.757346,47.207835],[8.756558,47.207962],[8.75653,47.20809],[8.75599,47.208042],[8.755996,47.207915],[8.755883,47.207902],[8.755847,47.208168],[8.755207,47.208151],[8.755113,47.207656],[8.754931,47.207535],[8.754481,47.207494],[8.754131,47.207729],[8.752763,47.207513],[8.752277,47.20757],[8.750397,47.207367],[8.750356,47.207814],[8.750107,47.207839],[8.750054,47.207468],[8.749285,47.207384],[8.749376,47.207162],[8.749581,47.207032],[8.749362,47.206839],[8.747418,47.20662],[8.747362,47.206547],[8.74716,47.207247],[8.746969,47.207226],[8.746981,47.207127],[8.746883,47.20712],[8.746875,47.207219],[8.746679,47.207203],[8.74676,47.206628],[8.746915,47.206438],[8.746593,47.206398],[8.746554,47.206779],[8.745306,47.206847],[8.745085,47.206937],[8.745073,47.207301],[8.744709,47.207608],[8.744476,47.207634],[8.744751,47.206465],[8.744516,47.206416],[8.74435,47.206879],[8.744188,47.206866],[8.744221,47.206754],[8.743724,47.206787],[8.743723,47.206599],[8.743529,47.206466],[8.742763,47.206451],[8.742547,47.206232],[8.742638,47.20596],[8.741881,47.205481],[8.741777,47.205847],[8.741523,47.205419],[8.740542,47.20535],[8.740219,47.205628],[8.739326,47.205333],[8.739009,47.204963],[8.738403,47.204828],[8.737914,47.204972],[8.737686,47.205281],[8.737504,47.205863],[8.737291,47.205861],[8.737449,47.205928],[8.737402,47.20603],[8.73687,47.206141],[8.736874,47.206391],[8.737327,47.206369],[8.737522,47.206452],[8.73752,47.206598],[8.737759,47.206505],[8.737724,47.2067],[8.737905,47.206651],[8.738469,47.207125],[8.739443,47.207453],[8.739531,47.207596],[8.74064,47.20749],[8.741737,47.207669],[8.741809,47.207905],[8.741935,47.207715],[8.742935,47.207843],[8.743167,47.207783],[8.743263,47.207865],[8.742921,47.208345],[8.742902,47.208562],[8.743078,47.208565],[8.742834,47.208645],[8.742774,47.208862],[8.742941,47.209071],[8.742836,47.209368],[8.742542,47.209623],[8.741658,47.209488],[8.741585,47.209567],[8.741984,47.209716],[8.740816,47.209289],[8.740291,47.209172],[8.740154,47.209241],[8.7395,47.208968],[8.739048,47.208568],[8.739041,47.208257],[8.738783,47.208216],[8.738855,47.208032],[8.739182,47.208043],[8.738871,47.207926],[8.738434,47.207586],[8.738243,47.207786],[8.738685,47.207971],[8.738543,47.208192],[8.737601,47.208108],[8.737476,47.208319],[8.737942,47.208511],[8.737872,47.20861],[8.738252,47.208716],[8.738252,47.208847],[8.737872,47.209053],[8.738034,47.209155],[8.738186,47.20911],[8.737872,47.209362],[8.738011,47.209173],[8.736766,47.208451],[8.736272,47.208334],[8.736093,47.208479],[8.736212,47.208733],[8.737332,47.209227],[8.737583,47.20949],[8.736532,47.209067],[8.735676,47.208486],[8.735372,47.207194],[8.735144,47.206735],[8.734371,47.206221],[8.734449,47.206177],[8.734129,47.20596],[8.733595,47.205296],[8.733407,47.205232],[8.732683,47.205285],[8.732146,47.205641],[8.731916,47.205549],[8.73193,47.205423],[8.732259,47.205183],[8.731954,47.205025],[8.731753,47.203986],[8.73168,47.203945],[8.73122,47.204224],[8.731094,47.20458],[8.731179,47.204906],[8.730522,47.204676],[8.730789,47.204424],[8.730107,47.204097],[8.730652,47.203625],[8.730581,47.203451],[8.730798,47.203239],[8.73042,47.202885],[8.729633,47.20267],[8.729677,47.20255],[8.729185,47.202506],[8.729095,47.202621],[8.728672,47.202736],[8.72817,47.202598],[8.728195,47.202533],[8.728571,47.202635],[8.728714,47.20252],[8.728443,47.202441],[8.728282,47.202175],[8.728088,47.202129],[8.728065,47.20256],[8.727936,47.202492],[8.728001,47.202259],[8.727873,47.202187],[8.727711,47.202236],[8.727211,47.202138],[8.727319,47.201876],[8.7272,47.202019],[8.726646,47.201905],[8.726674,47.201766],[8.725722,47.201656],[8.725509,47.201519],[8.724866,47.201432],[8.72445,47.201628],[8.72468,47.201821],[8.724988,47.201887],[8.723545,47.20187],[8.723345,47.201245],[8.723427,47.201188],[8.723149,47.200905],[8.723198,47.200807],[8.72258,47.200605],[8.721572,47.200447],[8.720363,47.200643],[8.720149,47.200584],[8.716416,47.201236],[8.716223,47.201488],[8.715969,47.201611],[8.715703,47.201582],[8.714836,47.201749],[8.714029,47.202241],[8.713097,47.203028],[8.713188,47.203066],[8.713272,47.202979],[8.713326,47.203123],[8.713209,47.203263],[8.713105,47.203221],[8.712856,47.203337],[8.712537,47.203691],[8.712568,47.203974],[8.71233,47.204146],[8.712261,47.204102],[8.71156,47.205284],[8.711658,47.205608],[8.71177,47.205628],[8.711689,47.206503],[8.71143,47.206378],[8.711317,47.206511],[8.709163,47.207485],[8.707206,47.208945],[8.707412,47.209021],[8.707322,47.209158],[8.707145,47.209121],[8.706161,47.209815],[8.706399,47.210703],[8.706197,47.210738],[8.7067,47.212039],[8.706444,47.212232],[8.705542,47.212184],[8.704328,47.211971],[8.704344,47.212038],[8.703395,47.212491],[8.702756,47.213178],[8.70277,47.21333],[8.702269,47.213867],[8.70214,47.213813],[8.701706,47.214342],[8.701317,47.215003],[8.701276,47.215515],[8.700494,47.216595],[8.699645,47.216868],[8.698704,47.217665],[8.698048,47.217865],[8.697366,47.218212],[8.696368,47.218433],[8.696404,47.218558],[8.695079,47.218663],[8.69315,47.219073],[8.692636,47.219308],[8.692579,47.219457],[8.692285,47.219578],[8.692004,47.219563],[8.691377,47.219967],[8.690922,47.220147],[8.690727,47.220089],[8.687623,47.221481],[8.687116,47.221775],[8.686599,47.222867],[8.686129,47.223333],[8.685962,47.223244],[8.685891,47.223302],[8.686064,47.223396],[8.685857,47.223603],[8.685922,47.223638],[8.685729,47.223833],[8.685531,47.223759],[8.685411,47.223867],[8.685593,47.223949],[8.685155,47.224377],[8.68389,47.224149],[8.68394,47.223972],[8.683276,47.223838],[8.682136,47.224251],[8.680984,47.224823],[8.680834,47.225017],[8.680458,47.225168],[8.680471,47.225444],[8.680208,47.225461],[8.680066,47.225322],[8.67866,47.226084],[8.676965,47.227437],[8.676426,47.228035],[8.675934,47.228853],[8.676352,47.229042],[8.676823,47.228105],[8.676401,47.229072],[8.675262,47.230351],[8.675133,47.230468],[8.675184,47.230328],[8.675038,47.230266],[8.674523,47.230786],[8.674084,47.231064],[8.674222,47.231161],[8.673843,47.231378],[8.673893,47.231425],[8.673601,47.231458],[8.673679,47.231534],[8.673529,47.231495],[8.673387,47.231568],[8.673401,47.231672],[8.673232,47.231519],[8.672226,47.232045],[8.672094,47.232289],[8.671737,47.232454],[8.671316,47.232596],[8.671118,47.232503],[8.66998,47.232826],[8.67003,47.23288],[8.668729,47.233495],[8.667801,47.234135],[8.6667,47.234632],[8.666445,47.23491],[8.666282,47.234828],[8.665026,47.23559],[8.665051,47.23569],[8.6649,47.235571],[8.664191,47.236018],[8.66435,47.236151],[8.663903,47.236446],[8.663672,47.236322],[8.663865,47.236471],[8.663111,47.236968],[8.662939,47.23697],[8.662844,47.236865],[8.661928,47.237243],[8.660525,47.238573],[8.660836,47.239432],[8.660692,47.239476],[8.660693,47.239657],[8.660971,47.239754],[8.661003,47.239859],[8.6609,47.240144],[8.660671,47.240229],[8.66077,47.240269],[8.660393,47.240836],[8.65963,47.240965],[8.659672,47.241198],[8.66001,47.241088],[8.660033,47.24181],[8.659724,47.241763],[8.659638,47.241571],[8.659381,47.241687],[8.659046,47.241617],[8.658651,47.242112],[8.657671,47.24296],[8.657452,47.243436],[8.657595,47.244399],[8.657104,47.244405],[8.656814,47.244531],[8.655994,47.244641],[8.655616,47.244914],[8.654007,47.245331],[8.652924,47.24589],[8.652741,47.246197],[8.652781,47.247021],[8.652593,47.247217],[8.652323,47.247238],[8.652164,47.247494],[8.651807,47.247319],[8.651737,47.247372],[8.652051,47.247968],[8.652141,47.248407],[8.651992,47.24843],[8.65217,47.248728],[8.651598,47.249034],[8.651545,47.249277],[8.651384,47.24928],[8.651284,47.249172],[8.65053,47.249502],[8.650601,47.249558],[8.650273,47.249592],[8.649675,47.24997],[8.648656,47.250307],[8.648733,47.250393],[8.648603,47.250444],[8.648429,47.250372],[8.647919,47.250627],[8.646986,47.250896],[8.646368,47.250952],[8.646209,47.251107],[8.643004,47.251889],[8.640085,47.251805],[8.639862,47.251695],[8.639584,47.251697],[8.639393,47.251511],[8.63957,47.251423],[8.639659,47.251098],[8.639544,47.25097],[8.639282,47.251055],[8.63851,47.250263],[8.637985,47.25013],[8.636895,47.250146],[8.636595,47.249918],[8.634995,47.24951],[8.63367,47.249831],[8.633623,47.249947],[8.632343,47.250354],[8.63118,47.250459],[8.630514,47.250674],[8.630609,47.250824],[8.630304,47.251036],[8.630493,47.251128],[8.629414,47.25157],[8.62916,47.251424],[8.628593,47.251557],[8.628106,47.251518],[8.627555,47.251691],[8.627015,47.251551],[8.624339,47.252111],[8.623761,47.25233],[8.623503,47.252281],[8.622835,47.252423],[8.622101,47.252679],[8.622155,47.252806],[8.621887,47.252778],[8.621417,47.253056],[8.620465,47.253373],[8.620267,47.253798],[8.619752,47.254003],[8.619651,47.2539],[8.619541,47.253952],[8.619645,47.254046],[8.618996,47.25442],[8.618704,47.254267],[8.618579,47.25441],[8.618848,47.254524],[8.618638,47.254475],[8.618381,47.254872],[8.618653,47.255024],[8.618189,47.255272],[8.618002,47.255161],[8.618015,47.255284],[8.617046,47.255509],[8.615278,47.255528],[8.615144,47.25541],[8.615204,47.255542],[8.614776,47.255629],[8.614811,47.255715],[8.614088,47.255714],[8.611749,47.256528],[8.611146,47.256643],[8.609308,47.257495],[8.609144,47.257456],[8.609249,47.257531],[8.609051,47.257607],[8.609095,47.257717],[8.608696,47.257917],[8.608408,47.25796],[8.608443,47.258014],[8.607941,47.258193],[8.60789,47.258127],[8.607193,47.258348],[8.607069,47.258459],[8.605837,47.258876],[8.605427,47.259122],[8.604908,47.259304],[8.604759,47.259219],[8.604455,47.259238],[8.60428,47.259411],[8.603793,47.259586],[8.603022,47.25954],[8.602779,47.259634],[8.602752,47.259759],[8.602483,47.259834],[8.602375,47.259777],[8.601971,47.259915],[8.601378,47.260208],[8.601227,47.26052],[8.600294,47.261325],[8.599482,47.261411],[8.599415,47.261204],[8.599288,47.261162],[8.597577,47.261803],[8.5976,47.261882],[8.595803,47.2621],[8.595454,47.262596],[8.594588,47.262595],[8.593894,47.263068],[8.593775,47.263052],[8.59343,47.26332],[8.593373,47.263261],[8.593288,47.263321],[8.593377,47.263357],[8.59285,47.263664],[8.592783,47.263605],[8.592885,47.263733],[8.5923,47.263965],[8.591814,47.264372],[8.591615,47.264286],[8.591547,47.26436],[8.591749,47.264427],[8.591658,47.264519],[8.591765,47.264615],[8.591596,47.264816],[8.591467,47.264756],[8.591219,47.264835],[8.590874,47.265577],[8.590598,47.265513],[8.590547,47.265648],[8.591016,47.265808],[8.590943,47.266046],[8.590834,47.266051],[8.590841,47.266125],[8.590988,47.266123],[8.590942,47.266506],[8.590365,47.266941],[8.590078,47.267741],[8.589813,47.267971],[8.589334,47.268158],[8.589441,47.268295],[8.589314,47.268497],[8.589057,47.2685],[8.5888,47.26837],[8.587763,47.269685],[8.587559,47.269604],[8.587622,47.269804],[8.587274,47.270212],[8.584191,47.272481],[8.584109,47.272455],[8.583967,47.272657],[8.583809,47.27308],[8.58266,47.274812],[8.582946,47.274883],[8.58307,47.274678],[8.583189,47.274703],[8.582994,47.275101],[8.582635,47.275041],[8.582406,47.275825],[8.582985,47.275952],[8.582982,47.276225],[8.582522,47.276486],[8.582159,47.276469],[8.58201,47.277053],[8.58211,47.277061],[8.582077,47.27722],[8.581861,47.27732],[8.581696,47.277264],[8.581616,47.277975],[8.581881,47.277983],[8.58187,47.278844],[8.581575,47.279855],[8.579952,47.281827],[8.579895,47.281918],[8.580059,47.281965],[8.579714,47.282376],[8.579486,47.282527],[8.57929,47.282556],[8.579199,47.282483],[8.579017,47.282598],[8.579106,47.282698],[8.579268,47.28267],[8.579009,47.282955],[8.578868,47.282911],[8.578604,47.283114],[8.57846,47.283246],[8.578545,47.283298],[8.577962,47.283863],[8.57773,47.283839],[8.577692,47.283909],[8.577959,47.284097],[8.577874,47.284581],[8.577163,47.285895],[8.576545,47.286589],[8.576365,47.286595],[8.575288,47.287695],[8.575138,47.287637],[8.574827,47.288198],[8.575045,47.288281],[8.574866,47.288758],[8.574488,47.288687],[8.574061,47.289691],[8.574265,47.289784],[8.573468,47.290932],[8.573414,47.290997],[8.573161,47.290877],[8.573066,47.290983],[8.573278,47.291067],[8.571852,47.292708],[8.57153,47.292997],[8.571221,47.293014],[8.571305,47.293111],[8.571488,47.293045],[8.570616,47.293668],[8.569268,47.295276],[8.569349,47.295311],[8.569216,47.295485],[8.568865,47.29557],[8.568721,47.295855],[8.56823,47.296249],[8.568053,47.296636],[8.567688,47.296921],[8.567519,47.296833],[8.567629,47.296962],[8.566127,47.298113],[8.56624,47.298199],[8.56594,47.298393],[8.565751,47.298305],[8.56482,47.299002],[8.563706,47.300309],[8.563895,47.300367],[8.562383,47.301784],[8.562146,47.301735],[8.561982,47.302065],[8.561585,47.302144],[8.561424,47.302381],[8.561521,47.302427],[8.561194,47.302869],[8.560226,47.303663],[8.559763,47.304361],[8.560033,47.30487],[8.559904,47.304975],[8.559651,47.304967],[8.5594,47.305166],[8.559304,47.305483],[8.559113,47.305525],[8.559109,47.306094],[8.558438,47.309279],[8.558239,47.309345],[8.558246,47.309421],[8.55842,47.309408],[8.558494,47.309682],[8.558237,47.309984],[8.557982,47.309885],[8.557417,47.310419],[8.557325,47.310368],[8.557363,47.31056],[8.556952,47.311041],[8.556783,47.31171],[8.556873,47.311838],[8.556808,47.312054],[8.556982,47.312215],[8.556806,47.312537],[8.556777,47.312854],[8.556913,47.312913],[8.55662,47.313648],[8.556315,47.313645],[8.556351,47.313887],[8.556504,47.313904],[8.556452,47.314175],[8.556589,47.314621],[8.556435,47.315483],[8.5559,47.316191],[8.555491,47.31654],[8.555568,47.316681],[8.555469,47.316786],[8.55538,47.316753],[8.555013,47.31723],[8.554664,47.31702],[8.554579,47.317124],[8.554971,47.317284],[8.554645,47.3177],[8.554308,47.317572],[8.554241,47.317637],[8.554416,47.317723],[8.554334,47.317812],[8.554055,47.317739],[8.554151,47.317799],[8.554066,47.317866],[8.554184,47.317945],[8.554266,47.317879],[8.554461,47.318095],[8.553924,47.318522],[8.553597,47.318969],[8.553487,47.31897],[8.553011,47.31969],[8.552859,47.319641],[8.552637,47.320066],[8.552707,47.32018],[8.552524,47.320248],[8.552191,47.320742],[8.551946,47.320679],[8.551875,47.320786],[8.552134,47.320867],[8.551774,47.32116],[8.551666,47.321434],[8.551798,47.32155],[8.551747,47.3218],[8.551387,47.321827],[8.551381,47.321911],[8.551806,47.321963],[8.55191,47.322123],[8.551833,47.322526],[8.551689,47.322502],[8.551466,47.322711],[8.55136,47.322691],[8.551288,47.322854],[8.551461,47.322896],[8.5512,47.323369],[8.551263,47.323626],[8.551084,47.323523],[8.550959,47.323751],[8.551045,47.32389],[8.550633,47.323745],[8.550323,47.324089],[8.550107,47.324077],[8.549766,47.324702],[8.549872,47.324741],[8.548995,47.32609],[8.547639,47.328646],[8.547798,47.328676],[8.547553,47.329554],[8.547704,47.329644],[8.547643,47.329776],[8.547401,47.330088],[8.547094,47.32999],[8.546944,47.330032],[8.546504,47.330551],[8.546665,47.330606],[8.546479,47.330843],[8.54628,47.330778],[8.545862,47.331289],[8.54629,47.331503],[8.546005,47.331874],[8.546104,47.331915],[8.546015,47.332019],[8.545924,47.331982],[8.5455,47.332525],[8.545054,47.332417],[8.544712,47.332748],[8.545211,47.333],[8.545155,47.333059],[8.544866,47.332965],[8.544218,47.3336],[8.543937,47.33351],[8.543322,47.334274],[8.543159,47.335324],[8.542467,47.33591],[8.542564,47.336041],[8.542336,47.336411],[8.541915,47.336501],[8.541909,47.336237],[8.541737,47.336197],[8.541614,47.336375],[8.541843,47.336525],[8.541517,47.336767],[8.540927,47.336945],[8.540256,47.336815],[8.540138,47.336869],[8.540027,47.337039],[8.540486,47.337182],[8.540242,47.337593],[8.540129,47.337562],[8.540223,47.337624],[8.540139,47.337756],[8.539603,47.337665],[8.539579,47.337719],[8.540093,47.337903],[8.540031,47.337956],[8.540395,47.338026],[8.540792,47.338455],[8.540708,47.338634],[8.540452,47.338578],[8.540206,47.338116],[8.539608,47.338268],[8.539705,47.338522],[8.539255,47.339468],[8.539373,47.339546],[8.539232,47.339515],[8.538712,47.340538],[8.538833,47.340903],[8.539344,47.34077],[8.539316,47.340714],[8.539482,47.340767],[8.538848,47.340936],[8.538165,47.340786],[8.538023,47.341095],[8.537761,47.341036],[8.537558,47.341448],[8.537428,47.341417],[8.537351,47.341557],[8.537609,47.341579],[8.537556,47.341683],[8.537331,47.341623],[8.536749,47.342489],[8.53686,47.342642],[8.537293,47.342761],[8.536935,47.344221],[8.537121,47.34428],[8.536656,47.345363],[8.536151,47.345281],[8.536182,47.34536],[8.536655,47.345441],[8.536539,47.345725],[8.535895,47.345773],[8.536239,47.345965],[8.53605,47.346508],[8.536177,47.346629],[8.536013,47.346897],[8.536827,47.346968],[8.536793,47.347161],[8.535262,47.347033],[8.534948,47.348692],[8.535951,47.3488],[8.53625,47.349027],[8.536076,47.349357],[8.535794,47.349582],[8.53566,47.349979],[8.535871,47.350806],[8.53583,47.351601],[8.536041,47.353302],[8.535966,47.353545],[8.536098,47.353956],[8.535994,47.354381],[8.536096,47.355016],[8.535954,47.355015],[8.535959,47.355199],[8.536141,47.355253],[8.536559,47.355908],[8.536737,47.357288],[8.53627,47.357315],[8.536315,47.357482],[8.53614,47.3575],[8.535904,47.358495],[8.536337,47.358692],[8.536538,47.359001],[8.537181,47.359082],[8.53714,47.359221],[8.536164,47.359253],[8.536065,47.360598],[8.536609,47.360609],[8.536744,47.360695],[8.536902,47.360571],[8.537056,47.359547],[8.537176,47.359575],[8.536997,47.360522],[8.536508,47.360954],[8.536462,47.360892],[8.536726,47.360711],[8.536592,47.360629],[8.536063,47.360619],[8.536003,47.36127],[8.536184,47.361608],[8.537081,47.362402],[8.537204,47.362947],[8.537381,47.363055],[8.536994,47.363574],[8.537184,47.364023],[8.538108,47.364597],[8.539946,47.365508],[8.539837,47.365722],[8.540071,47.36585],[8.540118,47.365798],[8.54099,47.366008],[8.541253,47.365976],[8.541594,47.36617],[8.541795,47.366183],[8.541762,47.366269],[8.542238,47.366346],[8.542236,47.366518],[8.542431,47.366619],[8.543983,47.366883],[8.544177,47.366793],[8.546485,47.362802],[8.546858,47.362264],[8.547021,47.362233],[8.547224,47.361821],[8.547348,47.361254],[8.547313,47.359407],[8.54725,47.358876],[8.547113,47.358713],[8.547232,47.35863],[8.547135,47.357841],[8.547828,47.357816],[8.548691,47.356707],[8.548615,47.356663],[8.548814,47.356663],[8.549129,47.356233],[8.549319,47.355728],[8.549609,47.355599],[8.550649,47.354315],[8.550292,47.353325],[8.550556,47.353271],[8.550591,47.353099],[8.551187,47.352724],[8.552201,47.352636],[8.552921,47.352701],[8.553375,47.352605],[8.553384,47.352507],[8.554379,47.352537],[8.554858,47.352383],[8.555223,47.35255],[8.555649,47.352418],[8.555659,47.35233],[8.556341,47.352281],[8.556662,47.352046],[8.557061,47.352022],[8.557868,47.35161],[8.558043,47.351614],[8.558256,47.351771],[8.558429,47.351659],[8.558754,47.351695],[8.559461,47.351211],[8.560728,47.349988],[8.560942,47.349314],[8.560822,47.349172],[8.560913,47.349031],[8.561291,47.348791],[8.561779,47.348963],[8.561866,47.348868],[8.561257,47.348506],[8.561137,47.348712],[8.561107,47.348628],[8.561666,47.34808],[8.561881,47.348164],[8.561998,47.348038],[8.561901,47.347995],[8.561812,47.34809],[8.561644,47.348019],[8.562152,47.347276],[8.562215,47.347228],[8.562682,47.34742],[8.562774,47.347324],[8.56219,47.347134],[8.562965,47.346427],[8.562881,47.34638],[8.563487,47.346],[8.564119,47.346202],[8.56515,47.345253],[8.566609,47.342654],[8.566884,47.340581],[8.567194,47.339484],[8.567401,47.339508],[8.567452,47.339301],[8.567299,47.339272],[8.567218,47.339349],[8.567356,47.339128],[8.567248,47.339111],[8.567284,47.339025],[8.567401,47.33904],[8.567542,47.338789],[8.567669,47.338331],[8.567773,47.338343],[8.567619,47.338468],[8.567651,47.33871],[8.56777,47.338735],[8.567983,47.338403],[8.568011,47.338322],[8.567752,47.338218],[8.567936,47.338258],[8.568081,47.338184],[8.568261,47.337917],[8.568128,47.337871],[8.568184,47.337781],[8.568364,47.337799],[8.568687,47.336741],[8.568581,47.336729],[8.568839,47.336165],[8.569064,47.336205],[8.569064,47.335846],[8.569373,47.335404],[8.570188,47.334678],[8.570016,47.334606],[8.570132,47.334463],[8.570557,47.334284],[8.570926,47.333693],[8.570825,47.333669],[8.571063,47.333075],[8.571318,47.332758],[8.571406,47.331956],[8.572136,47.331233],[8.57245,47.330424],[8.572584,47.330228],[8.572749,47.330178],[8.572534,47.330096],[8.572603,47.329868],[8.572511,47.329825],[8.572988,47.328185],[8.572649,47.328085],[8.572925,47.327348],[8.573099,47.327373],[8.572963,47.327379],[8.572795,47.327903],[8.572908,47.327946],[8.572787,47.327929],[8.572749,47.328046],[8.573016,47.328086],[8.57325,47.327458],[8.573742,47.326713],[8.573893,47.326725],[8.57404,47.326533],[8.573904,47.326582],[8.575238,47.325129],[8.575472,47.325221],[8.575531,47.325155],[8.575304,47.32506],[8.575437,47.32492],[8.575551,47.32499],[8.575512,47.324843],[8.575796,47.32474],[8.575804,47.324498],[8.576108,47.324231],[8.576394,47.323596],[8.576488,47.32361],[8.576673,47.323212],[8.576553,47.322983],[8.576822,47.321991],[8.577147,47.321795],[8.577739,47.321054],[8.577921,47.3205],[8.577803,47.320481],[8.577683,47.320605],[8.577676,47.320479],[8.577758,47.320249],[8.577916,47.320265],[8.57775,47.320212],[8.577849,47.320208],[8.578006,47.319815],[8.578105,47.319831],[8.57801,47.319836],[8.577879,47.320202],[8.578251,47.320249],[8.578462,47.319392],[8.578269,47.319056],[8.578259,47.318646],[8.577956,47.318339],[8.576903,47.317868],[8.576586,47.317444],[8.577267,47.317114],[8.577553,47.317085],[8.577829,47.316664],[8.577934,47.316697],[8.578066,47.31617],[8.578374,47.316144],[8.578418,47.315857],[8.578558,47.315838],[8.578617,47.315709],[8.578568,47.315425],[8.578675,47.315305],[8.57853,47.315279],[8.578432,47.315093],[8.578517,47.315233],[8.578692,47.315274],[8.578852,47.315087],[8.578599,47.31499],[8.579021,47.314104],[8.579401,47.313591],[8.579313,47.31356],[8.579529,47.313299],[8.579693,47.313354],[8.580161,47.313048],[8.579977,47.312973],[8.580635,47.3124],[8.580555,47.312277],[8.580663,47.31216],[8.580577,47.312269],[8.580884,47.312355],[8.581096,47.312126],[8.580823,47.311994],[8.58074,47.312077],[8.580808,47.311984],[8.581112,47.311695],[8.581239,47.311741],[8.58174,47.311226],[8.581845,47.311272],[8.581846,47.310991],[8.581974,47.310832],[8.5821,47.310874],[8.582251,47.310408],[8.582309,47.310549],[8.582473,47.31047],[8.582282,47.310348],[8.582472,47.310452],[8.582758,47.310229],[8.58332,47.309629],[8.583261,47.309573],[8.584057,47.308938],[8.583872,47.308841],[8.584009,47.3087],[8.584563,47.308219],[8.584706,47.308307],[8.584749,47.308104],[8.585102,47.308081],[8.58499,47.307906],[8.585161,47.307808],[8.585476,47.307804],[8.586202,47.307357],[8.586399,47.307184],[8.58632,47.307122],[8.586495,47.307036],[8.58645,47.306961],[8.587142,47.306655],[8.587305,47.306424],[8.587802,47.306172],[8.588234,47.305805],[8.588751,47.305903],[8.588785,47.305392],[8.589001,47.304897],[8.589203,47.304927],[8.589328,47.304371],[8.589327,47.30398],[8.58913,47.303954],[8.589025,47.303589],[8.589198,47.303276],[8.589132,47.303178],[8.589419,47.302751],[8.589637,47.30279],[8.589578,47.302665],[8.589754,47.302405],[8.590891,47.301667],[8.590863,47.301991],[8.591166,47.301851],[8.59144,47.301603],[8.591177,47.301493],[8.591067,47.301641],[8.591006,47.301582],[8.591549,47.301186],[8.591701,47.30084],[8.591949,47.300674],[8.591849,47.300626],[8.591954,47.300501],[8.592103,47.300563],[8.592896,47.299566],[8.59301,47.299746],[8.59419,47.299495],[8.594045,47.299309],[8.595669,47.298477],[8.596472,47.297663],[8.59631,47.297623],[8.596771,47.29681],[8.596895,47.29684],[8.597403,47.295857],[8.597957,47.294201],[8.59825,47.293977],[8.59861,47.293426],[8.598648,47.293611],[8.598802,47.293428],[8.598764,47.293206],[8.598983,47.293176],[8.600321,47.291689],[8.603064,47.289812],[8.605079,47.288072],[8.606139,47.287472],[8.605913,47.287355],[8.606129,47.287282],[8.605957,47.287207],[8.606141,47.287273],[8.606262,47.287164],[8.608378,47.284907],[8.608484,47.284609],[8.609752,47.283442],[8.609871,47.283517],[8.610124,47.283082],[8.609944,47.283034],[8.610103,47.282702],[8.610328,47.282371],[8.610446,47.282395],[8.610337,47.282325],[8.611628,47.281476],[8.611707,47.281519],[8.611989,47.2814],[8.612483,47.280966],[8.612404,47.280932],[8.612702,47.280711],[8.612518,47.280639],[8.612549,47.28052],[8.614425,47.278626],[8.614365,47.278519],[8.614828,47.278428],[8.614945,47.278307],[8.615116,47.278329],[8.615189,47.278275],[8.614946,47.278106],[8.615509,47.277729],[8.61568,47.277853],[8.617033,47.27717],[8.617157,47.276986],[8.617963,47.276518],[8.619282,47.275975],[8.619284,47.275824],[8.619379,47.275883],[8.620832,47.275304],[8.620909,47.275179],[8.621766,47.274853],[8.621823,47.274712],[8.62192,47.274776],[8.621983,47.274655],[8.622203,47.274731],[8.62246,47.274601],[8.622592,47.27472],[8.622687,47.27468],[8.622653,47.274507],[8.623972,47.273476],[8.624166,47.273645],[8.624679,47.273378],[8.624818,47.273421],[8.625538,47.273255],[8.625917,47.273065],[8.625762,47.272884],[8.626118,47.272711],[8.626287,47.272775],[8.626506,47.272669],[8.626446,47.272568],[8.626759,47.272411],[8.626982,47.272613],[8.628379,47.271359],[8.629751,47.270879],[8.63006,47.271027],[8.630766,47.270992],[8.632605,47.270775],[8.632621,47.270835],[8.633759,47.270645],[8.633761,47.270773],[8.634213,47.270645],[8.634239,47.270705],[8.634302,47.270634],[8.635731,47.270471],[8.63574,47.27037],[8.636443,47.270171],[8.636807,47.269845],[8.637373,47.268976],[8.637486,47.269019],[8.638192,47.268185],[8.638367,47.26793],[8.63823,47.267787],[8.638384,47.267788],[8.638352,47.267657],[8.638604,47.26773],[8.638663,47.267861],[8.640127,47.267565],[8.640161,47.267414],[8.640394,47.267626],[8.640645,47.267608],[8.640681,47.267691],[8.641134,47.267594],[8.641042,47.267439]]]}},{"type":"Feature","properties":{"kind":"area"},"geometry":{"type":"Polygon","coordinates":[[[8.627263,47.388469],[8.62734,47.388485],[8.626776,47.389763],[8.62665,47.390352],[8.626432,47.390519],[8.626351,47.390778],[8.626322,47.392881],[8.626184,47.393366],[8.623988,47.396164],[8.623672,47.396846],[8.62114,47.398944],[8.621027,47.398874],[8.623516,47.396797],[8.623969,47.395973],[8.623952,47.395464],[8.625758,47.393351],[8.625901,47.392891],[8.625726,47.391596],[8.625935,47.39069],[8.62623,47.390276],[8.626188,47.389802],[8.626347,47.389572],[8.626703,47.389524],[8.62717,47.388449],[8.627263,47.388469]]]}},{"type":"Feature","properties":{"kind":"area"},"geometry":{"type":"Polygon","coordinates":[[[8.331236,47.455347],[8.329274,47.456922],[8.328308,47.457501],[8.327164,47.457848],[8.32462,47.458177],[8.324036,47.458165],[8.32213,47.457794],[8.3209,47.457366],[8.321729,47.456322],[8.322667,47.456499],[8.323744,47.456435],[8.325108,47.456755],[8.325699,47.456766],[8.326866,47.456582],[8.32786,47.456108],[8.330084,47.454306],[8.331392,47.452957],[8.332901,47.450873],[8.333796,47.449905],[8.333407,47.448124],[8.33396,47.446814],[8.3346,47.445776],[8.334844,47.4456],[8.33483,47.44545],[8.335296,47.444946],[8.336178,47.444256],[8.338002,47.442135],[8.338982,47.441241],[8.339478,47.441055],[8.339987,47.440625],[8.340879,47.439603],[8.342285,47.438683],[8.34256,47.438399],[8.344109,47.437567],[8.346574,47.436579],[8.348241,47.436199],[8.349642,47.43553],[8.351479,47.434928],[8.352247,47.434749],[8.353305,47.43465],[8.35347,47.43447],[8.353634,47.434538],[8.353596,47.43466],[8.354533,47.434594],[8.354684,47.43467],[8.356301,47.434468],[8.358955,47.433272],[8.359271,47.432997],[8.36158,47.431757],[8.362981,47.431728],[8.3661,47.432394],[8.366287,47.432262],[8.366445,47.432313],[8.366325,47.432472],[8.366473,47.432604],[8.367307,47.432898],[8.367984,47.433341],[8.368867,47.433547],[8.370179,47.434091],[8.370973,47.43429],[8.37208,47.434184],[8.373006,47.433656],[8.373705,47.43269],[8.374066,47.431979],[8.374187,47.431225],[8.374583,47.430644],[8.375265,47.430057],[8.376025,47.429607],[8.377484,47.429036],[8.37961,47.428832],[8.379957,47.428717],[8.380246,47.428795],[8.380865,47.428639],[8.381524,47.428304],[8.383736,47.427786],[8.386418,47.427628],[8.388161,47.427703],[8.388965,47.42759],[8.391643,47.426557],[8.393934,47.426081],[8.39479,47.425802],[8.400368,47.423141],[8.401415,47.42228],[8.40247,47.420819],[8.403871,47.41868],[8.404597,47.417779],[8.404626,47.417593],[8.404856,47.417416],[8.404859,47.417211],[8.405254,47.416618],[8.405918,47.415996],[8.406328,47.415407],[8.406358,47.415111],[8.407278,47.413791],[8.407474,47.413663],[8.407338,47.413583],[8.409289,47.410853],[8.409769,47.41],[8.409904,47.409529],[8.40987,47.408797],[8.409403,47.407788],[8.408976,47.407323],[8.409033,47.407236],[8.408338,47.406625],[8.407893,47.406722],[8.407586,47.406171],[8.407108,47.405712],[8.406853,47.404424],[8.407014,47.403481],[8.407472,47.402624],[8.408459,47.401713],[8.409766,47.400985],[8.4115,47.40043],[8.413568,47.400139],[8.42751,47.399637],[8.429333,47.399687],[8.430316,47.399838],[8.432138,47.400453],[8.432961,47.400998],[8.436103,47.40399],[8.437452,47.40482],[8.439228,47.405611],[8.440995,47.406577],[8.442592,47.408001],[8.443267,47.40848],[8.444812,47.40913],[8.446027,47.409232],[8.446374,47.409385],[8.446738,47.409291],[8.447281,47.40931],[8.446909,47.409395],[8.447029,47.409419],[8.449064,47.409358],[8.450097,47.409137],[8.451184,47.40876],[8.452194,47.408196],[8.455451,47.40583],[8.457119,47.405071],[8.45857,47.404707],[8.462152,47.404157],[8.466683,47.402896],[8.469145,47.402682],[8.470576,47.402748],[8.471175,47.402896],[8.47357,47.403194],[8.474631,47.403465],[8.476818,47.403668],[8.479093,47.403579],[8.48025,47.403356],[8.481785,47.402787],[8.482304,47.402485],[8.483593,47.401466],[8.483977,47.400918],[8.484072,47.400935],[8.485046,47.39985],[8.485697,47.399376],[8.486882,47.398832],[8.488081,47.398532],[8.489691,47.398451],[8.491811,47.398713],[8.494493,47.398901],[8.495732,47.398785],[8.498094,47.39838],[8.499826,47.397705],[8.500519,47.397257],[8.502284,47.395803],[8.50326,47.395281],[8.50393,47.395041],[8.505962,47.394659],[8.509334,47.394396],[8.510566,47.394442],[8.512153,47.394364],[8.513519,47.394192],[8.514794,47.393785],[8.515907,47.393264],[8.517723,47.392616],[8.524297,47.391102],[8.52551,47.390615],[8.52795,47.38933],[8.529305,47.388258],[8.531974,47.386432],[8.536311,47.383896],[8.537394,47.383097],[8.53771,47.383216],[8.537886,47.383166],[8.538538,47.38254],[8.539612,47.381947],[8.539837,47.381706],[8.541327,47.379574],[8.542073,47.377813],[8.542113,47.377243],[8.542239,47.377214],[8.542392,47.376773],[8.542423,47.376171],[8.542224,47.375532],[8.542027,47.375377],[8.541811,47.374234],[8.541986,47.373828],[8.541807,47.372181],[8.541911,47.369937],[8.542066,47.369957],[8.542097,47.369858],[8.541901,47.36728],[8.542005,47.36699],[8.542327,47.366888],[8.542431,47.366619],[8.543983,47.366883],[8.543813,47.36712],[8.544012,47.367287],[8.543973,47.367583],[8.542956,47.369915],[8.543046,47.370128],[8.542803,47.371362],[8.542605,47.37134],[8.542475,47.37215],[8.542484,47.372491],[8.542682,47.37254],[8.542622,47.373015],[8.542849,47.374372],[8.543313,47.375765],[8.543393,47.376395],[8.543169,47.376705],[8.543108,47.377021],[8.543219,47.377127],[8.541847,47.379923],[8.53988,47.382664],[8.538539,47.383755],[8.536143,47.385026],[8.533657,47.38657],[8.533261,47.386694],[8.532695,47.387032],[8.532526,47.386897],[8.533168,47.386395],[8.534401,47.385711],[8.534466,47.385763],[8.534678,47.385635],[8.534609,47.385581],[8.534813,47.385542],[8.535456,47.385163],[8.53541,47.385117],[8.536044,47.38482],[8.535997,47.384775],[8.538607,47.383244],[8.539342,47.382706],[8.532688,47.386555],[8.528668,47.389248],[8.53207,47.387088],[8.532351,47.387242],[8.531266,47.387837],[8.528118,47.38987],[8.524722,47.391427],[8.523338,47.391851],[8.520604,47.392438],[8.51688,47.393416],[8.513915,47.394519],[8.510632,47.395011],[8.5055,47.3952],[8.504234,47.395471],[8.503646,47.39568],[8.502738,47.396178],[8.500898,47.397677],[8.500001,47.398266],[8.498962,47.398693],[8.498046,47.398949],[8.495392,47.399376],[8.493354,47.399584],[8.493254,47.39936],[8.489541,47.398884],[8.488375,47.398854],[8.48752,47.399044],[8.486592,47.399393],[8.485648,47.399881],[8.485657,47.399987],[8.485546,47.399963],[8.485596,47.400071],[8.485349,47.400165],[8.484979,47.400789],[8.483827,47.402048],[8.482832,47.402786],[8.482636,47.403053],[8.481407,47.403384],[8.48158,47.403471],[8.481364,47.403586],[8.480013,47.404006],[8.478229,47.404201],[8.477702,47.404092],[8.475568,47.404091],[8.469651,47.403197],[8.468025,47.403183],[8.46695,47.403341],[8.462603,47.404552],[8.458405,47.405237],[8.45702,47.40565],[8.455641,47.406366],[8.452251,47.408825],[8.450588,47.409531],[8.448728,47.409885],[8.445944,47.409909],[8.44469,47.410029],[8.444424,47.410001],[8.444341,47.409628],[8.442345,47.408524],[8.440283,47.406751],[8.437018,47.405191],[8.436086,47.404658],[8.435261,47.404012],[8.432335,47.401231],[8.431437,47.400749],[8.430009,47.400275],[8.428539,47.400098],[8.41302,47.400693],[8.41119,47.401035],[8.410276,47.401355],[8.409531,47.401722],[8.408255,47.402747],[8.407929,47.403173],[8.407696,47.404099],[8.407792,47.404684],[8.408071,47.405233],[8.408886,47.406035],[8.410023,47.407612],[8.410281,47.408162],[8.410465,47.409606],[8.409971,47.410951],[8.407678,47.414273],[8.407816,47.414327],[8.40761,47.414365],[8.407443,47.414655],[8.407602,47.415193],[8.407378,47.41567],[8.407348,47.416388],[8.406911,47.416556],[8.407023,47.416668],[8.406727,47.417242],[8.406213,47.417809],[8.404958,47.418368],[8.402122,47.422432],[8.400476,47.423956],[8.399919,47.424122],[8.399591,47.424401],[8.398228,47.42503],[8.397704,47.425105],[8.397329,47.425399],[8.395345,47.426294],[8.394032,47.426733],[8.393605,47.426777],[8.393306,47.426707],[8.391475,47.427179],[8.390094,47.427884],[8.389994,47.42802],[8.389355,47.428248],[8.388219,47.428388],[8.386879,47.428252],[8.38465,47.428305],[8.384067,47.428652],[8.383649,47.428535],[8.383143,47.428879],[8.383002,47.42876],[8.382489,47.428902],[8.382227,47.429143],[8.378162,47.429497],[8.376643,47.42987],[8.376088,47.430168],[8.375479,47.430755],[8.375151,47.432307],[8.374843,47.433225],[8.374461,47.433892],[8.373427,47.434588],[8.371835,47.435211],[8.370965,47.435347],[8.370293,47.435262],[8.369819,47.435102],[8.369232,47.434826],[8.367249,47.433468],[8.366202,47.432955],[8.363669,47.432711],[8.363139,47.432549],[8.362063,47.432718],[8.36208,47.432837],[8.36184,47.432848],[8.361752,47.433032],[8.361404,47.433077],[8.360532,47.433481],[8.359834,47.43404],[8.357379,47.434978],[8.355682,47.435233],[8.352918,47.435183],[8.3525,47.435341],[8.351835,47.435441],[8.35136,47.435762],[8.34988,47.436481],[8.348635,47.436926],[8.348615,47.437219],[8.348953,47.437547],[8.348994,47.437818],[8.348471,47.437489],[8.348151,47.437502],[8.347841,47.437255],[8.347495,47.43717],[8.346318,47.43746],[8.345683,47.437735],[8.344812,47.438277],[8.344065,47.438537],[8.341967,47.439822],[8.340632,47.441131],[8.340019,47.441878],[8.339356,47.442332],[8.338432,47.44328],[8.337661,47.444384],[8.336694,47.445415],[8.335939,47.445925],[8.335608,47.44665],[8.335638,47.446851],[8.335586,47.446924],[8.3355,47.446854],[8.335391,47.447014],[8.335399,47.447403],[8.33526,47.447453],[8.335933,47.448362],[8.335998,47.448913],[8.335175,47.450693],[8.333984,47.452868],[8.332461,47.454263],[8.332498,47.454356],[8.333038,47.454589],[8.333027,47.454696],[8.3328,47.454793],[8.332219,47.45465],[8.331973,47.45469],[8.331236,47.455347]]]}},{"type":"Feature","properties":{"kind":"area"},"geometry":{"type":"Polygon","coordinates":[[[8.319296,47.455594],[8.321201,47.456326],[8.321156,47.456392],[8.320897,47.45633],[8.321275,47.456494],[8.321213,47.456573],[8.321028,47.456538],[8.321174,47.456621],[8.32111,47.456702],[8.32093,47.456667],[8.321073,47.456749],[8.321006,47.456834],[8.317387,47.455398],[8.316858,47.455],[8.316367,47.454941],[8.315675,47.454625],[8.314976,47.454466],[8.314905,47.454526],[8.314195,47.454256],[8.313602,47.454233],[8.312952,47.454261],[8.312362,47.454502],[8.312075,47.454765],[8.31202,47.455037],[8.31243,47.455983],[8.314524,47.457509],[8.314811,47.457963],[8.314812,47.458502],[8.314977,47.458362],[8.315075,47.458403],[8.314681,47.458959],[8.314003,47.459411],[8.312284,47.460011],[8.311253,47.460219],[8.310274,47.460624],[8.309194,47.462046],[8.309051,47.462658],[8.309154,47.464508],[8.309046,47.465091],[8.308514,47.466324],[8.308472,47.467268],[8.308847,47.468108],[8.309776,47.469141],[8.310684,47.470555],[8.311135,47.47046],[8.311337,47.471044],[8.311248,47.472061],[8.311092,47.472573],[8.31082,47.472788],[8.310892,47.472955],[8.310364,47.474104],[8.310144,47.475038],[8.310159,47.475531],[8.310366,47.476078],[8.310717,47.476468],[8.312502,47.477789],[8.31344,47.478943],[8.314872,47.480401],[8.315024,47.480874],[8.314958,47.481279],[8.314827,47.481512],[8.314271,47.481945],[8.313164,47.482238],[8.311796,47.482262],[8.310045,47.48214],[8.307532,47.482491],[8.303707,47.482417],[8.301275,47.482562],[8.300809,47.482808],[8.299846,47.483938],[8.29883,47.484457],[8.29797,47.484734],[8.296251,47.484879],[8.294824,47.485205],[8.294265,47.485251],[8.2936,47.485242],[8.292434,47.485054],[8.291325,47.484726],[8.289976,47.484524],[8.289375,47.484522],[8.287911,47.484682],[8.284452,47.485586],[8.282206,47.485653],[8.280747,47.485354],[8.278274,47.483654],[8.277212,47.483315],[8.276289,47.483149],[8.275099,47.483338],[8.273788,47.483349],[8.27189,47.483612],[8.271303,47.483858],[8.270941,47.484547],[8.271009,47.486083],[8.270895,47.486836],[8.270748,47.487238],[8.269754,47.48832],[8.268504,47.488688],[8.265391,47.488941],[8.264341,47.488722],[8.263112,47.489044],[8.261014,47.489864],[8.259304,47.490829],[8.258324,47.491559],[8.257858,47.492015],[8.257447,47.492939],[8.257333,47.494077],[8.257667,47.496028],[8.257437,47.496647],[8.257032,47.496909],[8.255627,47.497189],[8.254624,47.497253],[8.254069,47.497126],[8.253138,47.496723],[8.252386,47.496219],[8.250051,47.494959],[8.247272,47.494229],[8.246063,47.494184],[8.244854,47.494365],[8.243846,47.494713],[8.243016,47.495122],[8.242284,47.495997],[8.242233,47.496345],[8.242651,47.497246],[8.243381,47.498228],[8.243642,47.49887],[8.243627,47.499537],[8.24326,47.50056],[8.242833,47.501055],[8.242217,47.501477],[8.241229,47.501878],[8.238732,47.503538],[8.237191,47.504828],[8.236204,47.505288],[8.235721,47.505853],[8.235573,47.505275],[8.236821,47.50472],[8.237897,47.503946],[8.238072,47.503712],[8.238079,47.502968],[8.238335,47.502362],[8.239018,47.502368],[8.238672,47.502578],[8.238292,47.503082],[8.238324,47.503662],[8.240771,47.501991],[8.240275,47.501977],[8.23928,47.502184],[8.237784,47.502204],[8.237168,47.502359],[8.237359,47.501413],[8.237671,47.501447],[8.237953,47.501279],[8.238116,47.501333],[8.238193,47.501112],[8.238508,47.501087],[8.238607,47.500939],[8.238525,47.50076],[8.238882,47.500493],[8.238858,47.500139],[8.239027,47.499942],[8.23892,47.499697],[8.239135,47.499286],[8.239343,47.499234],[8.239243,47.499083],[8.239676,47.498811],[8.240209,47.498121],[8.240376,47.498114],[8.241486,47.497173],[8.241376,47.496263],[8.241519,47.495728],[8.241886,47.495187],[8.242739,47.494522],[8.2437,47.494136],[8.244742,47.493857],[8.246673,47.493715],[8.247581,47.493812],[8.2508,47.494746],[8.252814,47.495801],[8.253011,47.496046],[8.253696,47.496501],[8.254396,47.496753],[8.25616,47.496704],[8.256537,47.496534],[8.256721,47.496112],[8.256427,47.494469],[8.256395,47.493518],[8.25694,47.491951],[8.257339,47.491509],[8.259034,47.490351],[8.260561,47.48963],[8.26365,47.488469],[8.264609,47.488257],[8.265808,47.488121],[8.268049,47.488196],[8.268668,47.488124],[8.269207,47.487932],[8.269671,47.487558],[8.269925,47.487125],[8.269873,47.485602],[8.270418,47.484275],[8.270874,47.483733],[8.271619,47.483428],[8.27293,47.483101],[8.276579,47.482762],[8.278353,47.483248],[8.280081,47.484287],[8.281256,47.485157],[8.282002,47.48527],[8.283471,47.48527],[8.284533,47.485202],[8.288432,47.484248],[8.289052,47.484167],[8.290759,47.484256],[8.291831,47.484471],[8.293614,47.484523],[8.298348,47.484087],[8.301021,47.482155],[8.302042,47.481941],[8.302844,47.481942],[8.304101,47.482095],[8.305605,47.482056],[8.307354,47.482173],[8.307997,47.482141],[8.310029,47.481655],[8.311345,47.481637],[8.312132,47.481741],[8.313329,47.481648],[8.314192,47.481308],[8.314521,47.480846],[8.314543,47.480569],[8.313361,47.479531],[8.312183,47.478293],[8.310145,47.476743],[8.309701,47.476064],[8.30952,47.475401],[8.309596,47.474679],[8.30973,47.474646],[8.309957,47.473543],[8.310573,47.472304],[8.310438,47.471156],[8.310107,47.470423],[8.309625,47.46966],[8.308458,47.468551],[8.307735,47.46743],[8.307888,47.4664],[8.308661,47.464173],[8.30862,47.463492],[8.308523,47.463227],[8.308341,47.463118],[8.308283,47.462745],[8.308649,47.461801],[8.309008,47.461254],[8.309264,47.460455],[8.309883,47.460106],[8.310272,47.460029],[8.310458,47.459742],[8.310652,47.459749],[8.310791,47.45963],[8.313046,47.459303],[8.314031,47.458903],[8.314151,47.458315],[8.313756,47.457927],[8.313108,47.457565],[8.312422,47.456995],[8.311578,47.455845],[8.311481,47.455392],[8.311696,47.454556],[8.311998,47.454299],[8.312438,47.454049],[8.313283,47.4538],[8.314647,47.453964],[8.317688,47.454921],[8.318531,47.455338],[8.319296,47.455594]]]}},{"type":"Feature","properties":{"kind":"area"},"geometry":{"type":"Polygon","coordinates":[[[8.562434,47.418735],[8.562115,47.418662],[8.562307,47.418876],[8.562062,47.41885],[8.562212,47.419017],[8.562123,47.419053],[8.562959,47.419859],[8.562872,47.419895],[8.564002,47.421162],[8.564096,47.421123],[8.564301,47.42135],[8.564205,47.42139],[8.565345,47.422651],[8.565434,47.422615],[8.565869,47.42311],[8.566215,47.422966],[8.562434,47.418735]]]}},{"type":"Feature","properties":{"kind":"area"},"geometry":{"type":"Polygon","coordinates":[[[8.516597,47.338884],[8.516725,47.3385],[8.517302,47.338007],[8.520185,47.336298],[8.520529,47.335938],[8.520984,47.335082],[8.520927,47.334479],[8.520392,47.333756],[8.518692,47.332255],[8.517721,47.331645],[8.517316,47.331126],[8.51748,47.330515],[8.518921,47.328615],[8.518483,47.328444],[8.517863,47.329108],[8.517219,47.330157],[8.51709,47.330538],[8.517112,47.33112],[8.517558,47.331772],[8.520345,47.33404],[8.520412,47.33422],[8.520288,47.334138],[8.520721,47.334717],[8.520715,47.335195],[8.520465,47.335669],[8.520082,47.336026],[8.51716,47.337812],[8.516706,47.338201],[8.516409,47.338695],[8.516338,47.339071],[8.516446,47.339675],[8.517017,47.340519],[8.51759,47.340983],[8.518028,47.341643],[8.518056,47.342028],[8.518552,47.342849],[8.518605,47.343208],[8.518166,47.344669],[8.51777,47.345439],[8.516959,47.346308],[8.516844,47.346788],[8.516009,47.348384],[8.51588,47.349071],[8.516087,47.349659],[8.516539,47.350265],[8.517553,47.350917],[8.519001,47.351385],[8.521698,47.352077],[8.522913,47.352299],[8.52417,47.353018],[8.524197,47.353193],[8.524507,47.352849],[8.523645,47.352379],[8.522353,47.35188],[8.519991,47.351147],[8.518946,47.350905],[8.518762,47.35101],[8.518232,47.350908],[8.51741,47.350596],[8.517065,47.350355],[8.516672,47.349866],[8.516359,47.348595],[8.516821,47.347587],[8.516804,47.347378],[8.518272,47.345065],[8.51886,47.343334],[8.518663,47.342396],[8.518458,47.342251],[8.518279,47.341688],[8.517808,47.340998],[8.516849,47.339907],[8.516632,47.339423],[8.516597,47.338884]]]}},{"type":"Feature","properties":{"kind":"area"},"geometry":{"type":"Polygon","coordinates":[[[8.510102,47.430892],[8.510362,47.431159],[8.510266,47.43127],[8.510577,47.43131],[8.510665,47.431411],[8.510402,47.431611],[8.510426,47.431778],[8.510684,47.431511],[8.511073,47.431399],[8.511221,47.431006],[8.510554,47.430346],[8.510425,47.430582],[8.509889,47.430691],[8.50983,47.430799],[8.510102,47.430892]]]}},{"type":"Feature","properties":{"kind":"area"},"geometry":{"type":"Polygon","coordinates":[[[8.591209,47.329046],[8.593328,47.328154],[8.593084,47.327798],[8.591674,47.327978],[8.590841,47.328803],[8.591209,47.329046]]]}},{"type":"Feature","properties":{"kind":"area"},"geometry":{"type":"Polygon","coordinates":[[[8.59369,47.324277],[8.593955,47.324149],[8.594956,47.323179],[8.595994,47.321821],[8.595974,47.321701],[8.59577,47.321745],[8.595019,47.322704],[8.592831,47.323891],[8.593349,47.324251],[8.59369,47.324277]]]}},{"type":"Feature","properties":{"kind":"area"},"geometry":{"type":"Polygon","coordinates":[[[8.568274,47.253725],[8.568098,47.254425],[8.567716,47.255129],[8.567261,47.255711],[8.566558,47.256346],[8.565581,47.256711],[8.562219,47.257629],[8.561385,47.258033],[8.560946,47.258354],[8.560602,47.259086],[8.560575,47.259847],[8.561379,47.260903],[8.561448,47.26164],[8.559877,47.263058],[8.559708,47.263521],[8.559904,47.264907],[8.559842,47.265375],[8.558968,47.268188],[8.558699,47.268757],[8.556926,47.270801],[8.55667,47.271224],[8.556436,47.271296],[8.556325,47.271547],[8.555486,47.272319],[8.554078,47.272952],[8.553637,47.273049],[8.550576,47.272864],[8.550114,47.272953],[8.549862,47.273181],[8.549865,47.273611],[8.550215,47.274046],[8.550563,47.275736],[8.551564,47.277325],[8.551441,47.277692],[8.550678,47.27849],[8.550808,47.278611],[8.549904,47.279018],[8.547994,47.279504],[8.547093,47.280087],[8.5458,47.281336],[8.544588,47.281918],[8.543334,47.282235],[8.542696,47.282637],[8.542713,47.282874],[8.542978,47.283218],[8.544113,47.283813],[8.544699,47.284405],[8.54523,47.285314],[8.545498,47.286161],[8.545221,47.288593],[8.5448,47.289463],[8.543245,47.291638],[8.542737,47.293197],[8.542309,47.293645],[8.539252,47.294845],[8.538649,47.295192],[8.537239,47.296226],[8.535827,47.297508],[8.535353,47.298072],[8.533374,47.299442],[8.532292,47.300065],[8.529915,47.300846],[8.529044,47.301325],[8.52832,47.301985],[8.5274,47.3034],[8.524739,47.304663],[8.524327,47.305053],[8.524304,47.305385],[8.524716,47.306199],[8.52551,47.307208],[8.526659,47.30941],[8.526722,47.310394],[8.526211,47.312314],[8.526601,47.313485],[8.527271,47.314341],[8.527758,47.314649],[8.527876,47.314928],[8.529545,47.316149],[8.529583,47.316683],[8.529091,47.317206],[8.526885,47.31842],[8.526025,47.319035],[8.525007,47.320035],[8.52466,47.320822],[8.52473,47.321313],[8.524537,47.32242],[8.524572,47.323255],[8.524092,47.323894],[8.523701,47.324106],[8.522776,47.3243],[8.520159,47.324276],[8.519642,47.324502],[8.519413,47.324714],[8.519129,47.325189],[8.519117,47.325451],[8.519586,47.326581],[8.519622,47.327425],[8.518921,47.328615],[8.518483,47.328444],[8.51896,47.327904],[8.519193,47.327355],[8.519187,47.326791],[8.518791,47.325303],[8.51917,47.324609],[8.519552,47.324316],[8.520311,47.324041],[8.521249,47.324002],[8.522774,47.32411],[8.523375,47.324028],[8.524097,47.323674],[8.524289,47.323437],[8.524224,47.322348],[8.524477,47.320631],[8.524859,47.319747],[8.525495,47.319026],[8.526147,47.318537],[8.52746,47.317728],[8.529025,47.317018],[8.529256,47.316837],[8.529395,47.316499],[8.529108,47.316105],[8.528524,47.315616],[8.527117,47.314737],[8.526533,47.314178],[8.525898,47.312217],[8.526409,47.310203],[8.526346,47.309576],[8.525253,47.307595],[8.525155,47.307067],[8.524669,47.306542],[8.524508,47.306539],[8.524491,47.306665],[8.524226,47.306525],[8.523835,47.305315],[8.524028,47.304773],[8.524773,47.30429],[8.526744,47.303524],[8.528149,47.301747],[8.52932,47.30087],[8.532246,47.299822],[8.533465,47.299102],[8.534742,47.298066],[8.536142,47.296699],[8.538602,47.294969],[8.539917,47.294318],[8.540523,47.29419],[8.541654,47.293735],[8.542259,47.293347],[8.542615,47.292689],[8.542929,47.291551],[8.544741,47.288913],[8.545066,47.287614],[8.544972,47.286984],[8.54518,47.286352],[8.544867,47.285309],[8.544202,47.284315],[8.543959,47.28409],[8.543128,47.283664],[8.542872,47.283631],[8.542595,47.283377],[8.542689,47.283377],[8.542561,47.28337],[8.542611,47.28357],[8.54249,47.283415],[8.542468,47.282516],[8.542928,47.282124],[8.544654,47.281698],[8.545743,47.280966],[8.546701,47.279952],[8.548526,47.278933],[8.549831,47.278733],[8.550293,47.278427],[8.550849,47.277841],[8.55097,47.277049],[8.550187,47.275931],[8.549898,47.274041],[8.549612,47.273399],[8.549867,47.272836],[8.550513,47.272621],[8.551066,47.272582],[8.552077,47.272812],[8.553282,47.272816],[8.554502,47.272514],[8.555513,47.271964],[8.558182,47.268932],[8.558584,47.268188],[8.559605,47.265393],[8.559409,47.263976],[8.559574,47.263068],[8.559929,47.262519],[8.561181,47.261714],[8.561091,47.261632],[8.561215,47.261035],[8.560527,47.260304],[8.560324,47.260241],[8.560388,47.260169],[8.560275,47.260147],[8.560129,47.259753],[8.56012,47.259321],[8.560355,47.2587],[8.560789,47.258093],[8.561624,47.257561],[8.562425,47.257375],[8.563481,47.256982],[8.565684,47.25644],[8.566566,47.255898],[8.567126,47.25539],[8.567475,47.254897],[8.567808,47.254023],[8.567902,47.25315],[8.56761,47.251587],[8.567639,47.250864],[8.567991,47.250888],[8.568274,47.253725]]]}},{"type":"Feature","properties":{"kind":"line"},"geometry":{"type":"LineString","coordinates":[[8.437463,47.404938],[8.436022,47.404207],[8.433155,47.401507],[8.432126,47.400759],[8.431534,47.40045],[8.430391,47.400102],[8.428993,47.399888],[8.427462,47.399893],[8.413246,47.40044],[8.411855,47.400624],[8.410865,47.400875],[8.409505,47.401422],[8.408742,47.401882],[8.408118,47.402427],[8.407541,47.403084],[8.407334,47.403786],[8.407315,47.404365],[8.407498,47.40498],[8.407962,47.405784],[8.409492,47.407432],[8.409978,47.408284],[8.410116,47.408731],[8.410163,47.409433],[8.410077,47.409977],[8.409901,47.410452],[8.403302,47.420042],[8.401732,47.422101],[8.400924,47.422938],[8.399497,47.423774],[8.395339,47.425877],[8.394218,47.426284],[8.392831,47.426387],[8.392028,47.426595],[8.390889,47.426992],[8.388939,47.427893],[8.387987,47.427957],[8.385517,47.427982],[8.384537,47.428071],[8.381044,47.429083],[8.379785,47.429108],[8.377527,47.429286],[8.376335,47.429727],[8.375051,47.430595],[8.374338,47.433555],[8.373529,47.434231],[8.372103,47.434681],[8.371104,47.434939],[8.369962,47.434681],[8.368631,47.433877],[8.366606,47.432914],[8.365444,47.432597],[8.364098,47.432314],[8.362742,47.432234],[8.361415,47.432498],[8.35988,47.433169],[8.358518,47.434012],[8.357333,47.434536],[8.356265,47.434778],[8.355319,47.434879],[8.353021,47.434944],[8.351733,47.43519],[8.34994,47.435839],[8.347875,47.436709],[8.346801,47.436869],[8.34428,47.437866],[8.342235,47.439088]]}},{"type":"Feature","properties":{"kind":"line"},"geometry":{"type":"LineString","coordinates":[[8.539986,47.365808],[8.537242,47.368752],[8.536779,47.368886],[8.535342,47.369047],[8.534691,47.370002],[8.534386,47.370231],[8.532503,47.370796],[8.532392,47.370884],[8.533448,47.371941],[8.533651,47.372394],[8.533637,47.373695],[8.534884,47.374246],[8.535311,47.374566],[8.536219,47.376583],[8.536171,47.376899]]}},{"type":"Feature","properties":{"kind":"line"},"geometry":{"type":"LineString","coordinates":[[8.624427,47.394997],[8.624464,47.395017],[8.624693,47.39516]]}},{"type":"Feature","properties":{"kind":"line"},"geometry":{"type":"LineString","coordinates":[[8.626361,47.39023],[8.626024,47.390588],[8.625804,47.391536],[8.625973,47.392621],[8.625967,47.39297],[8.625813,47.393394],[8.623999,47.395489],[8.624061,47.39594]]}},{"type":"Feature","properties":{"kind":"line"},"geometry":{"type":"LineString","coordinates":[[8.54004,47.382003],[8.539764,47.382524],[8.539346,47.382915],[8.538678,47.383388],[8.534711,47.385781],[8.53261,47.386964]]}},{"type":"Feature","properties":{"kind":"line"},"geometry":{"type":"LineString","coordinates":[[8.558789,47.26826],[8.558426,47.268871],[8.557795,47.269624],[8.557015,47.270341],[8.555961,47.271682],[8.555348,47.272284],[8.5544,47.272723],[8.553455,47.272894],[8.553076,47.272931],[8.550792,47.272776],[8.550372,47.272806],[8.549878,47.273001],[8.549742,47.273134],[8.549711,47.27332],[8.550147,47.274328],[8.550311,47.275647],[8.550581,47.276159],[8.551046,47.276765],[8.551217,47.277477],[8.551071,47.277919],[8.550495,47.27858],[8.549986,47.278848],[8.549265,47.278959],[8.548445,47.279188],[8.546839,47.280151],[8.546207,47.28085],[8.544819,47.281748],[8.543237,47.282143],[8.542992,47.282241],[8.54259,47.282544],[8.542525,47.282787],[8.542769,47.283297],[8.544175,47.284048],[8.545029,47.285195],[8.545372,47.286399],[8.545193,47.287931],[8.544901,47.288963],[8.54439,47.289931],[8.543107,47.291736],[8.542713,47.293082],[8.542158,47.293596],[8.539557,47.294625],[8.538246,47.295331],[8.536828,47.296345],[8.534905,47.298162],[8.533243,47.29941],[8.532191,47.299998],[8.529923,47.300717],[8.528569,47.301494],[8.528114,47.301999],[8.527316,47.303251],[8.527024,47.303508],[8.524654,47.304527],[8.52422,47.304848],[8.524099,47.305041],[8.524099,47.305528],[8.524548,47.306243],[8.525262,47.307079],[8.526425,47.309308],[8.526565,47.309789],[8.526588,47.310229],[8.526073,47.312138],[8.52612,47.312555],[8.526445,47.313535],[8.526949,47.314307],[8.527795,47.314996],[8.529296,47.316043],[8.529476,47.316339],[8.529468,47.316611],[8.529229,47.317013],[8.527201,47.318081],[8.525623,47.319096],[8.524782,47.320225],[8.524491,47.321322],[8.524449,47.323137],[8.524199,47.323691],[8.523647,47.324033],[8.523029,47.324188],[8.522433,47.324219],[8.521234,47.324125],[8.520132,47.324193],[8.51963,47.324393],[8.519232,47.324751],[8.518915,47.325378],[8.519296,47.326401],[8.51939,47.32743],[8.519223,47.327883],[8.518689,47.32853],[8.518122,47.329508],[8.517748,47.32981],[8.517241,47.330761],[8.517239,47.331186],[8.517455,47.331529],[8.520455,47.334027],[8.520847,47.334723],[8.520823,47.335219],[8.52056,47.335718],[8.520329,47.335963],[8.519865,47.33637],[8.518507,47.337114],[8.517201,47.337924],[8.516801,47.338257],[8.516493,47.338839],[8.516469,47.339197],[8.516638,47.339726],[8.516878,47.340162],[8.51757,47.340826],[8.517888,47.341242],[8.518225,47.341838],[8.518679,47.342945],[8.518714,47.343379],[8.518171,47.34495],[8.516668,47.34741],[8.516265,47.348427],[8.516255,47.348873],[8.516673,47.350184],[8.517452,47.35072],[8.518224,47.350995],[8.518852,47.351132]]}},{"type":"Feature","properties":{"kind":"line"},"geometry":{"type":"LineString","coordinates":[[8.522311,47.351913],[8.523772,47.352613],[8.524044,47.35272],[8.524423,47.352939]]}},{"type":"Feature","properties":{"kind":"line"},"geometry":{"type":"LineString","coordinates":[[8.494949,47.399197],[8.492741,47.399558],[8.49111,47.399525],[8.490544,47.399612],[8.48699,47.401291],[8.486727,47.401496]]}},{"type":"Feature","properties":{"kind":"line"},"geometry":{"type":"LineString","coordinates":[[8.518403,47.329841],[8.518479,47.330232],[8.518796,47.330918],[8.519781,47.332285],[8.520961,47.333739],[8.521244,47.334399]]}},{"type":"Feature","properties":{"kind":"line"},"geometry":{"type":"LineString","coordinates":[[8.543169,47.366746],[8.542897,47.367884],[8.542225,47.372405],[8.542425,47.373965],[8.542906,47.376026],[8.542906,47.376609],[8.542632,47.377487],[8.5417,47.379608],[8.54004,47.382003],[8.534956,47.384986],[8.531123,47.387379],[8.529768,47.388337]]}},{"type":"Feature","properties":{"kind":"line"},"geometry":{"type":"LineString","coordinates":[[8.62245,47.423837],[8.622529,47.423777],[8.622736,47.422753],[8.622517,47.419662],[8.622556,47.41926],[8.622879,47.41875],[8.623633,47.41821]]}},{"type":"Feature","properties":{"kind":"line"},"geometry":{"type":"LineString","coordinates":[[8.534565,47.353019],[8.534619,47.353073]]}},{"type":"Feature","properties":{"kind":"line"},"geometry":{"type":"LineString","coordinates":[[8.534565,47.353002],[8.5347,47.353028]]}},{"type":"Feature","properties":{"kind":"line"},"geometry":{"type":"LineString","coordinates":[[8.532261,47.387169],[8.528954,47.389254],[8.526291,47.390506]]}},{"type":"Feature","properties":{"kind":"line"},"geometry":{"type":"LineString","coordinates":[[8.486499,47.401582],[8.483197,47.402842],[8.481875,47.403016]]}},{"type":"Feature","properties":{"kind":"line"},"geometry":{"type":"LineString","coordinates":[[8.628889,47.408782],[8.628133,47.408331],[8.627185,47.408135],[8.625978,47.407612],[8.624858,47.407393],[8.624094,47.407069],[8.622943,47.406734],[8.621748,47.406659],[8.620669,47.406388],[8.61991,47.406269],[8.617817,47.406294],[8.617177,47.406223],[8.616274,47.406029],[8.615445,47.406001],[8.614527,47.405859],[8.612244,47.405296],[8.611978,47.405171],[8.611322,47.40457],[8.610669,47.404347],[8.609458,47.40448],[8.608987,47.404442],[8.608511,47.404504],[8.607199,47.404386],[8.606649,47.403995],[8.606483,47.403725],[8.606317,47.40361],[8.6062,47.403334],[8.605822,47.403078],[8.605081,47.402939],[8.604772,47.40303],[8.604491,47.402852],[8.604081,47.402762],[8.603404,47.402793]]}},{"type":"Feature","properties":{"kind":"line"},"geometry":{"type":"LineString","coordinates":[[8.623633,47.41821],[8.623877,47.418041]]}},{"type":"Feature","properties":{"kind":"line"},"geometry":{"type":"LineString","coordinates":[[8.597514,47.406368],[8.597233,47.406377],[8.596162,47.406662],[8.590542,47.407483],[8.590079,47.407486],[8.590009,47.407611]]}},{"type":"Feature","properties":{"kind":"line"},"geometry":{"type":"LineString","coordinates":[[8.6267,47.3898],[8.6264,47.389763],[8.626279,47.389905],[8.626265,47.390152],[8.626506,47.39025]]}},{"type":"Feature","properties":{"kind":"line"},"geometry":{"type":"LineString","coordinates":[[8.605159,47.349385],[8.604982,47.349524],[8.604931,47.349834],[8.60479,47.349982],[8.604214,47.350233]]}},{"type":"Feature","properties":{"kind":"line"},"geometry":{"type":"LineString","coordinates":[[8.430631,47.355717],[8.429915,47.356267],[8.429815,47.356423],[8.429665,47.356863],[8.429608,47.357443],[8.429417,47.357659],[8.429295,47.357754],[8.428579,47.357956],[8.428036,47.358367],[8.427443,47.358618],[8.426853,47.358989],[8.426582,47.359378],[8.42584,47.359713],[8.425637,47.360045],[8.424907,47.360311],[8.424746,47.360515],[8.424746,47.360688],[8.424336,47.360954],[8.424051,47.361082],[8.423814,47.361107],[8.423441,47.36131],[8.422174,47.361615],[8.421181,47.362103],[8.42072,47.362264],[8.420382,47.362472],[8.419878,47.362965],[8.419337,47.363322],[8.41902,47.363484],[8.417445,47.363967],[8.416621,47.364442],[8.416509,47.364913],[8.416379,47.365083],[8.415572,47.365526],[8.415351,47.365877],[8.414794,47.366178],[8.41333,47.36761],[8.413242,47.367875],[8.41333,47.368107],[8.413953,47.368671],[8.414173,47.36912],[8.413608,47.370293],[8.413215,47.370761],[8.413132,47.370961],[8.413163,47.371102],[8.413421,47.371276],[8.413459,47.371479],[8.412893,47.371811],[8.412504,47.372363],[8.411989,47.372755],[8.411109,47.372821],[8.410965,47.372894],[8.410685,47.373373],[8.410416,47.373465],[8.409775,47.373225],[8.409123,47.373456],[8.408356,47.373459],[8.407931,47.373627],[8.407231,47.373741],[8.406612,47.374054],[8.405572,47.374158],[8.403704,47.374101],[8.403569,47.374031],[8.403602,47.373859],[8.403481,47.373797],[8.403118,47.373822],[8.402885,47.374025],[8.402862,47.374321],[8.402588,47.37438],[8.401404,47.374217],[8.400433,47.374248],[8.399994,47.374426],[8.399636,47.374768],[8.399465,47.374828],[8.399027,47.374723],[8.398918,47.37464],[8.398798,47.374243],[8.398316,47.373836],[8.39809,47.373758],[8.397894,47.373838],[8.3977,47.374087],[8.397197,47.374473],[8.396914,47.374929],[8.396544,47.375048],[8.396012,47.375426],[8.39604,47.37555],[8.396769,47.376185],[8.396768,47.376366],[8.396759,47.376684],[8.396426,47.377001],[8.396371,47.37718],[8.39642,47.377414],[8.396634,47.377766],[8.396501,47.377999],[8.396589,47.379021],[8.396273,47.37923],[8.395928,47.3797],[8.395962,47.379979]]}},{"type":"Feature","properties":{"kind":"line"},"geometry":{"type":"LineString","coordinates":[[8.529768,47.388337],[8.527967,47.38958],[8.526291,47.390506],[8.524222,47.391337],[8.519078,47.392586],[8.517042,47.393194],[8.513999,47.394252],[8.512996,47.394485],[8.512067,47.39462],[8.510331,47.394758],[8.507579,47.394804],[8.505286,47.395006],[8.504379,47.395194],[8.503606,47.395454],[8.502447,47.396058],[8.500763,47.397464],[8.499799,47.398079],[8.498806,47.398483],[8.497894,47.398736],[8.494949,47.399197],[8.492057,47.398974],[8.489662,47.398627],[8.488855,47.398611],[8.488076,47.398673],[8.487243,47.398873],[8.486636,47.39907],[8.485763,47.39954],[8.484972,47.400278],[8.483112,47.402324],[8.481875,47.403016],[8.480622,47.403494],[8.479248,47.40374],[8.478011,47.40384],[8.476517,47.403852],[8.474729,47.403688],[8.470282,47.403014],[8.468929,47.402909],[8.467702,47.402988],[8.466551,47.403171],[8.46312,47.404166],[8.46167,47.404499],[8.458224,47.405031],[8.456701,47.405481],[8.455502,47.406109],[8.453814,47.407376],[8.451569,47.408882],[8.450351,47.409336],[8.449654,47.409497],[8.448204,47.4097],[8.446689,47.409697],[8.444604,47.409301],[8.443514,47.408836],[8.441564,47.407548],[8.439947,47.406196],[8.438615,47.405456],[8.437463,47.404938]]}},{"type":"Feature","properties":{"kind":"line"},"geometry":{"type":"LineString","coordinates":[[8.520661,47.336257],[8.520698,47.337077],[8.521294,47.338721]]}},{"type":"Feature","properties":{"kind":"line"},"geometry":{"type":"LineString","coordinates":[[8.439603,47.408074],[8.439478,47.407904],[8.439361,47.407831],[8.439238,47.407798]]}},{"type":"Feature","properties":{"kind":"line"},"geometry":{"type":"LineString","coordinates":[[8.444384,47.409937],[8.444049,47.409903],[8.443611,47.409753],[8.442841,47.409266],[8.441406,47.408679]]}},{"type":"Feature","properties":{"kind":"line"},"geometry":{"type":"LineString","coordinates":[[8.439661,47.408158],[8.439603,47.408074]]}},{"type":"Feature","properties":{"kind":"line"},"geometry":{"type":"LineString","coordinates":[[8.441406,47.408679],[8.440658,47.407646],[8.43973,47.407229],[8.438889,47.407042],[8.438636,47.40691],[8.438324,47.40655],[8.437497,47.406074],[8.436512,47.405243],[8.436029,47.404964],[8.43595,47.40479],[8.436086,47.404658]]}},{"type":"Feature","properties":{"kind":"line"},"geometry":{"type":"LineString","coordinates":[[8.437898,47.407465],[8.43716,47.407345],[8.43576,47.406833],[8.435078,47.406719],[8.434468,47.406247],[8.433654,47.405917],[8.433288,47.405634],[8.43312,47.405316],[8.43273,47.405142],[8.432472,47.404863],[8.432141,47.404804],[8.431491,47.404484],[8.430358,47.40416],[8.430144,47.403982],[8.42947,47.403762],[8.42923,47.403595],[8.427511,47.403359],[8.42715,47.403264],[8.425442,47.403133],[8.424976,47.403231],[8.424562,47.403188],[8.423876,47.402588],[8.423568,47.402483],[8.423376,47.402249],[8.422835,47.402043],[8.422496,47.401581],[8.421397,47.400938],[8.421235,47.40085],[8.420754,47.400842],[8.420257,47.40074],[8.420147,47.400593],[8.419932,47.400563],[8.419755,47.400437]]}},{"type":"Feature","properties":{"kind":"line"},"geometry":{"type":"LineString","coordinates":[[8.439238,47.407798],[8.439133,47.407781]]}},{"type":"Feature","properties":{"kind":"line"},"geometry":{"type":"LineString","coordinates":[[8.438025,47.407486],[8.437898,47.407465]]}},{"type":"Feature","properties":{"kind":"line"},"geometry":{"type":"LineString","coordinates":[[8.439133,47.407781],[8.438025,47.407486]]}},{"type":"Feature","properties":{"kind":"line"},"geometry":{"type":"LineString","coordinates":[[8.656129,47.372479],[8.655867,47.372647],[8.65557,47.372633],[8.655498,47.372692],[8.655523,47.372877],[8.644648,47.380296],[8.64367,47.380825],[8.642334,47.38129],[8.641735,47.381416],[8.640483,47.381559],[8.634019,47.381543],[8.633309,47.381677],[8.632688,47.381891],[8.631945,47.382284],[8.629181,47.38449],[8.628646,47.385276],[8.626295,47.390698],[8.626234,47.392752],[8.62618,47.393147],[8.625963,47.393591],[8.624061,47.39594],[8.623636,47.396834],[8.620468,47.399407],[8.619955,47.399624],[8.619391,47.399775],[8.617249,47.400094],[8.616889,47.400084],[8.615926,47.399819],[8.61538,47.399737],[8.614155,47.399695],[8.613471,47.399729],[8.605527,47.401479],[8.604496,47.401891],[8.603585,47.402665],[8.600009,47.405217]]}},{"type":"Feature","properties":{"kind":"line"},"geometry":{"type":"LineString","coordinates":[[8.600009,47.405217],[8.599389,47.405623],[8.599187,47.405733],[8.59898,47.405851]]}},{"type":"Feature","properties":{"kind":"line"},"geometry":{"type":"LineString","coordinates":[[8.537115,47.377863],[8.538089,47.37945]]}},{"type":"Feature","properties":{"kind":"line"},"geometry":{"type":"LineString","coordinates":[[8.538089,47.37945],[8.538591,47.380372],[8.538649,47.381462],[8.538301,47.382478],[8.53771,47.383216],[8.537161,47.383681]]}},{"type":"Feature","properties":{"kind":"line"},"geometry":{"type":"LineString","coordinates":[[8.492903,47.399542],[8.492057,47.398974]]}},{"type":"Feature","properties":{"kind":"line"},"geometry":{"type":"LineString","coordinates":[[8.518564,47.345204],[8.517739,47.3466],[8.517127,47.348809],[8.517435,47.349674],[8.517763,47.349977],[8.518869,47.350728],[8.518931,47.350899],[8.518852,47.351132]]}},{"type":"Feature","properties":{"kind":"line"},"geometry":{"type":"LineString","coordinates":[[8.623023,47.33894],[8.623544,47.33919]]}},{"type":"Feature","properties":{"kind":"line"},"geometry":{"type":"LineString","coordinates":[[8.524423,47.352939],[8.524715,47.353232],[8.524863,47.353577],[8.524439,47.356697],[8.524147,47.357959],[8.523123,47.361087],[8.522839,47.362442],[8.522784,47.363465],[8.52294,47.364289],[8.523688,47.365573],[8.52464,47.366484],[8.529041,47.369402],[8.530225,47.370308],[8.530789,47.370925],[8.531807,47.372697],[8.53286,47.37416],[8.533504,47.374881],[8.533951,47.375313],[8.535554,47.376579],[8.536171,47.376899],[8.537115,47.377863]]}},{"type":"Feature","properties":{"kind":"line"},"geometry":{"type":"LineString","coordinates":[[8.576568,47.317478],[8.569121,47.316848]]}},{"type":"Feature","properties":{"kind":"line"},"geometry":{"type":"LineString","coordinates":[[8.521244,47.334399],[8.521171,47.335251],[8.52076,47.336006],[8.520661,47.336257]]}},{"type":"Feature","properties":{"kind":"line"},"geometry":{"type":"LineString","coordinates":[[8.521294,47.338721],[8.521066,47.33871],[8.520366,47.341894],[8.519462,47.343765],[8.518564,47.345204]]}},{"type":"Feature","properties":{"kind":"line"},"geometry":{"type":"LineString","coordinates":[[8.486727,47.401496],[8.486609,47.401541],[8.486499,47.401582]]}},{"type":"Feature","properties":{"kind":"line"},"geometry":{"type":"LineString","coordinates":[[8.53261,47.386964],[8.532485,47.387037],[8.532261,47.387169]]}},{"type":"Feature","properties":{"kind":"line"},"geometry":{"type":"LineString","coordinates":[[8.59898,47.405851],[8.598518,47.405984],[8.59702,47.406144],[8.596506,47.406344],[8.596173,47.406235],[8.594971,47.406368],[8.594722,47.406539],[8.593588,47.406709],[8.59341,47.406716],[8.593084,47.406562],[8.591596,47.406691],[8.590648,47.406872],[8.588883,47.407007],[8.58845,47.407173],[8.587737,47.407791],[8.587469,47.407921],[8.585985,47.408288],[8.572611,47.41135],[8.571927,47.411376],[8.570858,47.411292],[8.570061,47.411395],[8.568138,47.411974],[8.567711,47.412168],[8.567284,47.412626],[8.567181,47.412862],[8.567115,47.414473],[8.56653,47.415479],[8.566459,47.415775],[8.56662,47.416378],[8.568707,47.420615],[8.569216,47.421443],[8.573572,47.424999],[8.573885,47.425352],[8.574018,47.425677],[8.574019,47.426289],[8.573674,47.426936],[8.573416,47.427186],[8.571865,47.428193],[8.571462,47.428685],[8.571372,47.430227],[8.571213,47.430854],[8.571048,47.431097],[8.570725,47.431354],[8.570159,47.431624],[8.568397,47.432037],[8.56778,47.43237],[8.567358,47.432768],[8.566644,47.434007],[8.566158,47.434341],[8.565651,47.434448],[8.563809,47.434522],[8.56328,47.434622],[8.562871,47.434767],[8.559097,47.43661],[8.557236,47.438056],[8.539457,47.452559],[8.536182,47.455539],[8.535986,47.455781],[8.535519,47.456723],[8.527524,47.473454],[8.52648,47.475263],[8.524977,47.477328],[8.524195,47.47785],[8.521473,47.478703],[8.519534,47.479583],[8.519156,47.47983],[8.518616,47.480354],[8.51841,47.48071],[8.518035,47.482652],[8.517596,47.483432],[8.516285,47.484727],[8.515894,47.485006],[8.515401,47.485207],[8.514825,47.485331],[8.514269,47.48534],[8.512652,47.484987],[8.512176,47.484782],[8.511899,47.4846],[8.511575,47.484257],[8.510875,47.482853],[8.510417,47.482551],[8.50998,47.482399],[8.509474,47.482324],[8.508761,47.482318],[8.507802,47.482387],[8.507296,47.482529],[8.506854,47.482809],[8.506547,47.483154],[8.506349,47.483537],[8.506369,47.483962],[8.506545,47.484311],[8.508006,47.486174],[8.50814,47.486583],[8.508117,47.486989],[8.507847,47.487542],[8.506548,47.488717],[8.506161,47.488967],[8.505507,47.489218],[8.504415,47.489514],[8.504114,47.489774],[8.504133,47.490127],[8.505109,47.490986],[8.505343,47.491368],[8.505417,47.491952],[8.505186,47.492477],[8.505018,47.492667],[8.504366,47.493065],[8.503795,47.493222],[8.502867,47.493332],[8.501236,47.493187],[8.500189,47.493256],[8.49956,47.493416],[8.497648,47.494426],[8.495944,47.495757],[8.49572,47.496336],[8.495684,47.497491],[8.49578,47.49933],[8.496082,47.500922],[8.496355,47.501642],[8.500051,47.504376],[8.500883,47.504722],[8.501958,47.505009],[8.50244,47.505201],[8.502838,47.505473],[8.503289,47.505948],[8.50406,47.508734],[8.504257,47.509047],[8.504695,47.50943],[8.505979,47.510166],[8.506975,47.510612],[8.517732,47.514057],[8.520898,47.515777],[8.52178,47.516153],[8.523793,47.516719],[8.524476,47.516979],[8.525044,47.517393],[8.525201,47.517663],[8.526064,47.520136],[8.526062,47.520343],[8.525906,47.520658],[8.52537,47.521041],[8.524181,47.521539],[8.522697,47.521908],[8.520363,47.522863],[8.518548,47.523719],[8.518331,47.524092],[8.518623,47.526673],[8.520177,47.530105],[8.521432,47.531484],[8.521842,47.532055],[8.522799,47.533736],[8.523112,47.534573],[8.522801,47.53585],[8.522655,47.536082],[8.521936,47.536795],[8.521602,47.536917],[8.521601,47.537111],[8.520837,47.537855],[8.520579,47.538252],[8.520572,47.53885],[8.520698,47.539163],[8.521028,47.539569],[8.521372,47.539792],[8.523316,47.540582],[8.523634,47.540863],[8.523727,47.541292],[8.523495,47.541814],[8.522583,47.542664],[8.522166,47.542926],[8.521227,47.543252],[8.519865,47.543506],[8.519415,47.543542],[8.517801,47.543439],[8.517424,47.543627],[8.517219,47.543863],[8.51716,47.544153],[8.517542,47.54491],[8.517725,47.545102],[8.518132,47.545332],[8.518535,47.545426],[8.520404,47.5453],[8.520652,47.545336],[8.521043,47.54555],[8.521197,47.545737],[8.521267,47.546],[8.521214,47.54618],[8.520733,47.546578],[8.51952,47.547039],[8.519296,47.547179],[8.519184,47.547363],[8.519238,47.547752],[8.519441,47.547931],[8.520538,47.548523],[8.522455,47.54913],[8.522724,47.549306],[8.522844,47.549658],[8.522697,47.549955],[8.522534,47.550068],[8.522105,47.550224],[8.521749,47.550261],[8.521368,47.550204],[8.520251,47.549847],[8.518682,47.549511],[8.518069,47.549479],[8.517471,47.549541],[8.517114,47.54967],[8.516657,47.549952],[8.515136,47.551004],[8.514647,47.551178],[8.514123,47.551271],[8.513282,47.551282],[8.506819,47.550964],[8.506248,47.55101],[8.504946,47.551381],[8.504273,47.551647],[8.496895,47.55689],[8.496508,47.55723],[8.492088,47.56236],[8.491127,47.563182],[8.487582,47.565122],[8.485977,47.565771],[8.483168,47.566613],[8.481937,47.567312],[8.480054,47.568609],[8.479457,47.569191],[8.478534,47.570558],[8.478397,47.570923],[8.478297,47.571827],[8.478106,47.572083],[8.477821,47.572277],[8.476967,47.572533],[8.476248,47.573152],[8.475621,47.573531],[8.474757,47.57371]]}},{"type":"Feature","properties":{"kind":"line"},"geometry":{"type":"LineString","coordinates":[[8.606545,47.401258],[8.606545,47.401376],[8.606545,47.401391]]}},{"type":"Feature","properties":{"kind":"line"},"geometry":{"type":"LineString","coordinates":[[8.606545,47.401391],[8.604978,47.401937],[8.603772,47.403088],[8.603126,47.403819],[8.598482,47.406325],[8.597514,47.406368]]}},{"type":"Feature","properties":{"kind":"line"},"geometry":{"type":"LineString","coordinates":[[8.606339,47.401396],[8.606339,47.401381],[8.606308,47.401311]]}},{"type":"Feature","properties":{"kind":"line"},"geometry":{"type":"LineString","coordinates":[[8.606481,47.401375],[8.606462,47.401389],[8.606351,47.401419],[8.606339,47.401396]]}},{"type":"Feature","properties":{"kind":"line"},"geometry":{"type":"LineString","coordinates":[[8.606545,47.401258],[8.606492,47.401365],[8.606481,47.401375]]}},{"type":"Feature","properties":{"kind":"line"},"geometry":{"type":"LineString","coordinates":[[8.121555,47.67925],[8.121318,47.678976],[8.120806,47.678651],[8.119937,47.678478],[8.119371,47.678251],[8.118537,47.67776],[8.118178,47.67666],[8.117821,47.676347],[8.117452,47.676143],[8.116199,47.675794],[8.115682,47.675526],[8.11529,47.675043],[8.115128,47.674454],[8.11514,47.673562],[8.114721,47.672776],[8.114702,47.67263],[8.114875,47.672249],[8.114663,47.671008],[8.114465,47.670784],[8.113929,47.670858],[8.113755,47.670774],[8.11346,47.670342],[8.111503,47.668761],[8.11184,47.668125],[8.112106,47.667058],[8.111982,47.666283],[8.112067,47.665506],[8.112017,47.665148],[8.111562,47.664293],[8.110879,47.663673],[8.110681,47.663355],[8.10978,47.66277],[8.109652,47.662575],[8.109422,47.662425],[8.109237,47.662382],[8.108312,47.662434],[8.107985,47.662378],[8.107073,47.66206],[8.106121,47.66146],[8.105902,47.660878],[8.10541,47.660308],[8.105035,47.660244],[8.104634,47.660392],[8.104177,47.66066],[8.103889,47.66066],[8.10362,47.660541],[8.102765,47.659775],[8.102646,47.659039],[8.102435,47.658806],[8.101778,47.658434],[8.100961,47.658079],[8.100706,47.657893],[8.100259,47.657179],[8.100368,47.656454],[8.100613,47.655825],[8.100209,47.655042],[8.100219,47.653997],[8.099991,47.65348],[8.099331,47.653294],[8.097961,47.653142],[8.096938,47.652555],[8.096699,47.652307],[8.09619,47.652028],[8.093509,47.651962],[8.092941,47.651778],[8.092868,47.65136],[8.092999,47.650684],[8.093188,47.650329],[8.093241,47.649783],[8.092982,47.647989],[8.092933,47.64696],[8.092358,47.645176],[8.091749,47.644214],[8.091339,47.643045],[8.091343,47.642853],[8.091703,47.64219],[8.091641,47.641015],[8.091834,47.640794],[8.092373,47.640623],[8.092677,47.640415],[8.093108,47.639915],[8.093309,47.639445],[8.093832,47.638837],[8.094195,47.637473],[8.094271,47.63679],[8.094401,47.636404],[8.094581,47.636184],[8.095126,47.635833],[8.095598,47.635642],[8.096958,47.635245],[8.097099,47.635153],[8.097146,47.634865],[8.096991,47.634616],[8.096407,47.634259],[8.096074,47.633938],[8.096023,47.632962],[8.095705,47.632538],[8.095555,47.63209],[8.095217,47.631613],[8.094651,47.631255],[8.093135,47.630779],[8.092881,47.630638],[8.092237,47.629703],[8.092392,47.628088],[8.092338,47.627759],[8.092901,47.6265],[8.09292,47.626271],[8.092693,47.625795],[8.092377,47.625592],[8.091636,47.62531],[8.091048,47.625242],[8.090464,47.6251],[8.089279,47.624521],[8.088932,47.624165],[8.087989,47.623628],[8.087718,47.623297],[8.087695,47.623119],[8.088706,47.622222],[8.089903,47.620684],[8.089805,47.619479],[8.090124,47.618572],[8.090305,47.618385],[8.091252,47.617867],[8.091659,47.617454],[8.091849,47.616934],[8.091793,47.615094],[8.092141,47.614582],[8.092701,47.61429],[8.093167,47.613597],[8.093472,47.613502],[8.095394,47.61327],[8.096969,47.612583],[8.097788,47.612564],[8.098725,47.612307],[8.099045,47.612058],[8.099498,47.61184],[8.100305,47.610899],[8.100997,47.610301],[8.10166,47.609128],[8.102094,47.608874],[8.103899,47.608444],[8.104882,47.60808],[8.105446,47.608116],[8.105942,47.60802],[8.106819,47.607961],[8.107627,47.607606],[8.108815,47.606683],[8.109149,47.606602],[8.109459,47.60638],[8.109728,47.606092],[8.110312,47.605138],[8.110569,47.604362],[8.110717,47.604178],[8.111388,47.603662],[8.112262,47.603505],[8.11306,47.6031],[8.113408,47.603025],[8.113883,47.602719],[8.114051,47.602304],[8.114064,47.601416],[8.114363,47.601196],[8.115685,47.600909],[8.116866,47.600939],[8.118681,47.600487],[8.119487,47.600189],[8.120174,47.600011],[8.120851,47.599719],[8.121215,47.599429],[8.121457,47.599132],[8.122691,47.598532],[8.123113,47.59815],[8.123543,47.597962],[8.124067,47.597848],[8.12425,47.597725],[8.124366,47.597517],[8.12439,47.596782],[8.124976,47.59608],[8.124906,47.595815],[8.124548,47.595285],[8.124049,47.594803],[8.123936,47.594597],[8.12393,47.594207],[8.124045,47.593897],[8.12429,47.593672],[8.124599,47.593164],[8.124961,47.592228],[8.125899,47.590976],[8.126147,47.590922],[8.126981,47.591146],[8.127452,47.591207],[8.12796,47.591154],[8.128567,47.590708],[8.129245,47.590356],[8.130943,47.589031],[8.131784,47.588195],[8.131934,47.587764],[8.131951,47.587113],[8.131817,47.586678],[8.131495,47.586056],[8.131159,47.585713],[8.130527,47.585279],[8.129286,47.584632],[8.12842,47.584021],[8.127043,47.583362]]}},{"type":"Feature","properties":{"kind":"line"},"geometry":{"type":"LineString","coordinates":[[8.446689,47.409697],[8.44492,47.409956],[8.444384,47.409937]]}},{"type":"Feature","properties":{"kind":"line"},"geometry":{"type":"LineString","coordinates":[[8.441406,47.408679],[8.440275,47.408475],[8.439787,47.408307],[8.439661,47.408158]]}},{"type":"Feature","properties":{"kind":"line"},"geometry":{"type":"LineString","coordinates":[[8.518436,47.32891],[8.518615,47.329104]]}},{"type":"Feature","properties":{"kind":"line"},"geometry":{"type":"LineString","coordinates":[[8.518615,47.329104],[8.518403,47.329841]]}},{"type":"Feature","properties":{"kind":"line"},"geometry":{"type":"LineString","coordinates":[[8.513012,47.406566],[8.512342,47.406452],[8.511427,47.406193]]}},{"type":"Feature","properties":{"kind":"line"},"geometry":{"type":"LineString","coordinates":[[8.518852,47.351132],[8.519382,47.351033],[8.520482,47.351365],[8.521093,47.35169],[8.522311,47.351913]]}},{"type":"Feature","properties":{"kind":"line"},"geometry":{"type":"LineString","coordinates":[[8.521244,47.334399],[8.521196,47.33441]]}}]}