{"type":"FeatureCollection","features":[{"type":"Feature","properties":{"art":"rail"},"geometry":{"type":"LineString","coordinates":[[7.4935319,47.014096],[7.4934545,47.0140503],[7.4933602,47.0140004],[7.4932105,47.0139189],[7.4930898,47.013858],[7.4929142,47.0137757],[7.4927338,47.0136957],[7.4925699,47.0136301],[7.4924056,47.0135679],[7.4922069,47.0134994],[7.4920168,47.013439],[7.491811,47.013377],[7.491623,47.0133268],[7.4914289,47.0132798],[7.4912369,47.0132389],[7.4910277,47.0131996],[7.4908293,47.0131662],[7.4906288,47.0131376],[7.4904008,47.0131121],[7.490171,47.0130917],[7.490032,47.0130811],[7.4898928,47.013073],[7.4897524,47.0130667],[7.4896129,47.0130611],[7.4894207,47.0130593],[7.4892398,47.0130627],[7.4890447,47.0130683],[7.4888636,47.0130777],[7.4886327,47.0130939],[7.4884118,47.0131141],[7.4881799,47.0131436],[7.4879582,47.0131762],[7.4877292,47.0132164],[7.4875108,47.0132615],[7.4873615,47.0132942],[7.4872153,47.0133311],[7.4870746,47.0133673],[7.4869299,47.0134081],[7.486792,47.0134512],[7.486646,47.013498],[7.4865082,47.0135461],[7.4863718,47.0135947],[7.4858447,47.0137909],[7.4853339,47.0139853],[7.4851033,47.014068],[7.4848757,47.0141466],[7.4847599,47.0141839],[7.4846404,47.0142185],[7.4845196,47.0142539],[7.4843384,47.0142971]]}},{"type":"Feature","properties":{"art":"rail"},"geometry":{"type":"LineString","coordinates":[[7.493985,47.0143924],[7.493884,47.0143213],[7.493779,47.0142504],[7.4935319,47.014096]]}},{"type":"Feature","properties":{"art":"rail"},"geometry":{"type":"LineString","coordinates":[[7.4700607,46.9701617],[7.4699045,46.9699384],[7.4698202,46.9698273],[7.469732,46.9697226],[7.469623,46.9696051],[7.4695164,46.9694954],[7.4693919,46.9693783],[7.4692637,46.9692651],[7.4691251,46.9691523],[7.4689855,46.9690467],[7.4688626,46.9689612],[7.4687389,46.9688808],[7.4686163,46.968801],[7.4684871,46.968727],[7.4683868,46.9686688],[7.4682941,46.9686218],[7.4681852,46.9685666],[7.4680834,46.9685159],[7.4679659,46.9684608],[7.4678495,46.9684088],[7.467705,46.9683464],[7.4675803,46.9682945],[7.4674459,46.9682416],[7.4674038,46.9682262]]}},{"type":"Feature","properties":{"art":"narrow_gauge"},"geometry":{"type":"LineString","coordinates":[[7.457029,46.9767623],[7.4569776,46.9765871],[7.4568841,46.9762784],[7.4568474,46.9761768],[7.4568126,46.9760902],[7.4567758,46.9760056],[7.4567357,46.9759302]]}},{"type":"Feature","properties":{"art":"rail"},"geometry":{"type":"LineString","coordinates":[[7.4092734,46.9465246],[7.4090547,46.9464443],[7.4088839,46.9463808],[7.4086809,46.9463054],[7.4083559,46.9461774],[7.4082062,46.9461107],[7.4080653,46.9460422],[7.4079623,46.9459851],[7.4078528,46.9459188],[7.4077505,46.9458491],[7.4076541,46.9457768],[7.4075641,46.9457006],[7.4074803,46.945621],[7.4074041,46.9455398],[7.407333,46.9454517],[7.4072681,46.9453623],[7.4072101,46.9452699],[7.4071602,46.9451761],[7.4071253,46.9451],[7.4070957,46.9450232]]}},{"type":"Feature","properties":{"art":"narrow_gauge"},"geometry":{"type":"LineString","coordinates":[[7.4970216,47.0196979],[7.4969019,47.0196202],[7.4967634,47.0195384],[7.4966185,47.0194609],[7.496452,47.0193774],[7.4962887,47.019303],[7.4961545,47.0192433],[7.4959546,47.0191592],[7.4957764,47.0190912],[7.4956345,47.0190381],[7.4954382,47.0189697],[7.4952487,47.0189067],[7.4950615,47.0188511],[7.4948951,47.0188052],[7.4947203,47.018759],[7.4944782,47.0187081],[7.4942393,47.0186616],[7.4939938,47.0186239],[7.4937556,47.0185977],[7.49319,47.0185437],[7.4930281,47.0185275],[7.4928609,47.018508],[7.492741,47.0184933],[7.492608,47.0184752],[7.4924505,47.0184528],[7.4922394,47.0184205],[7.4919327,47.0183658],[7.4914835,47.0182761],[7.489771,47.0179271]]}},{"type":"Feature","properties":{"art":"narrow_gauge"},"geometry":{"type":"LineString","coordinates":[[7.489771,47.0179271],[7.4895226,47.0178744],[7.4892721,47.0178179]]}},{"type":"Feature","properties":{"art":"narrow_gauge"},"geometry":{"type":"LineString","coordinates":[[7.4582444,46.97947],[7.4583677,46.9796185],[7.4584787,46.9797479],[7.4585301,46.9798123],[7.4585675,46.979861],[7.458619,46.9799384]]}},{"type":"Feature","properties":{"art":"rail"},"geometry":{"type":"LineString","coordinates":[[7.5430781,46.9214601],[7.5501075,46.9168481],[7.5508407,46.9164631],[7.551522,46.9161297]]}},{"type":"Feature","properties":{"art":"rail"},"geometry":{"type":"LineString","coordinates":[[7.521464,47.0243812],[7.5154812,47.0152914],[7.5147036,47.0141107],[7.5139181,47.0129257],[7.5132281,47.0118806],[7.5127483,47.0111676],[7.5122159,47.0104155],[7.5116333,47.0096504],[7.5110045,47.0088988],[7.5105781,47.0084188],[7.5101388,47.0079484],[7.5097019,47.0075047],[7.5092185,47.0070391],[7.5087648,47.006611],[7.5082742,47.006173],[7.5077752,47.0057481],[7.5072523,47.0053219],[7.5064705,47.0047208],[7.5057674,47.0042079],[7.5050369,47.0037081],[7.5044102,47.0032995],[7.5037393,47.0028827],[7.5030851,47.002496],[7.5024358,47.0021278],[7.5017494,47.0017592],[7.5009579,47.0013546],[7.4999122,47.0008531],[7.4989776,47.000438],[7.4980833,47.0000611],[7.4971989,46.9997142],[7.4963025,46.9993845],[7.4953332,46.9990523],[7.4942612,46.9987136],[7.4932095,46.9984067],[7.4924508,46.9982019],[7.4916565,46.9980013],[7.4907075,46.997779],[7.4897299,46.997573],[7.4884839,46.9973333],[7.4864877,46.9969787],[7.4852439,46.9967499],[7.4841153,46.9965225],[7.4835321,46.9963958],[7.4829197,46.9962541],[7.4818501,46.9959838],[7.4807853,46.9956923],[7.4797379,46.9953755],[7.4790318,46.9951501],[7.478312,46.994905],[7.4773522,46.9945573],[7.4762325,46.9941201],[7.475141,46.9936573],[7.474239,46.9932481],[7.4733401,46.9928133],[7.4725033,46.9923826],[7.4716749,46.9919299],[7.4710677,46.9915802],[7.470517,46.9912492],[7.4699706,46.9909099],[7.4695131,46.9906116],[7.4690242,46.990276],[7.4685999,46.9899635],[7.4681829,46.989625],[7.4678335,46.9893137],[7.4674983,46.9889895],[7.4672188,46.9886964],[7.466953,46.9883894],[7.4667437,46.9881313],[7.4665302,46.9878486],[7.4662623,46.9874465],[7.4660073,46.9870117],[7.4658723,46.9867495],[7.4657563,46.9864931]]}},{"type":"Feature","properties":{"art":"rail"},"geometry":{"type":"LineString","coordinates":[[7.4574004,47.0192455],[7.4576489,47.0191389],[7.4578828,47.0190352],[7.4581132,47.0189275],[7.4583404,47.0188159],[7.4585676,47.0187005],[7.4588093,47.018574],[7.4590146,47.0184581],[7.4592358,47.0183276],[7.4594508,47.0181956],[7.4596587,47.0180602],[7.4598646,47.0179222],[7.4600654,47.0177771],[7.4602626,47.0176292],[7.4604558,47.0174768],[7.4606405,47.0173257],[7.4608418,47.0171457],[7.4610364,47.0169657],[7.4612106,47.0167937],[7.4613798,47.0166192],[7.4615028,47.016487],[7.4616201,47.0163541],[7.4617475,47.0162002],[7.4618732,47.0160401],[7.4619944,47.0158789],[7.4621136,47.0157171],[7.4622255,47.0155589],[7.4623387,47.0153948],[7.4628329,47.0146864],[7.4635846,47.0136158],[7.4638752,47.0132019],[7.4642902,47.0126068],[7.4645703,47.0122073],[7.4648734,47.0117744],[7.465171,47.0113459],[7.4653899,47.0110195],[7.4654865,47.0108611],[7.4655759,47.0107035],[7.4656583,47.0105415],[7.465735,47.0103742],[7.4658016,47.0102105],[7.4658584,47.0100462],[7.4659107,47.0098776],[7.4659546,47.0097082],[7.4659899,47.0095394],[7.466018,47.0093704],[7.4660367,47.0092037],[7.4660469,47.0090588],[7.4660502,47.0087748]]}},{"type":"Feature","properties":{"art":"narrow_gauge"},"geometry":{"type":"LineString","coordinates":[[7.5038303,46.9653606],[7.5041692,46.9651445],[7.5046079,46.9649132],[7.5052827,46.9645966],[7.5069694,46.9637959],[7.507895,46.963326],[7.5082396,46.9631172]]}},{"type":"Feature","properties":{"art":"narrow_gauge"},"geometry":{"type":"LineString","coordinates":[[7.4827662,46.9734428],[7.4826491,46.9734372],[7.4825316,46.9734261],[7.4823984,46.97341],[7.4822495,46.9733891],[7.4821064,46.9733622],[7.481849,46.9733076],[7.4807722,46.9730388],[7.4805874,46.973002],[7.4803568,46.9729652],[7.4800967,46.9729426],[7.4798439,46.9729409],[7.4795927,46.9729418],[7.4792886,46.9729807],[7.4790244,46.9730277],[7.4788019,46.973088],[7.4785524,46.9731691],[7.4783535,46.9732564],[7.4781958,46.9733379],[7.4772686,46.9738464],[7.4765836,46.9742285],[7.4765337,46.9742559],[7.4751105,46.9750406],[7.4749285,46.9751486],[7.4747734,46.9752544],[7.47467,46.9753295],[7.4745876,46.9753968],[7.4744897,46.9754826],[7.4738426,46.9761275],[7.4736157,46.976337],[7.4735632,46.9763798],[7.4733804,46.9765048],[7.4732175,46.976609],[7.4730457,46.9766989],[7.4728257,46.9768061],[7.4707205,46.9776854],[7.470513,46.9777719],[7.4703973,46.9778193],[7.4702799,46.9778656],[7.4702063,46.9778937],[7.4701307,46.9779206],[7.4700569,46.977946],[7.4699817,46.97797],[7.4699092,46.9779911],[7.4698359,46.9780111],[7.4697624,46.9780292],[7.4696876,46.9780455],[7.4696087,46.9780607],[7.4695302,46.9780744],[7.46941,46.9780907],[7.4692858,46.9781043],[7.4691536,46.9781144],[7.4686098,46.9781423],[7.4684798,46.9781519],[7.4683605,46.9781624]]}},{"type":"Feature","properties":{"art":"rail"},"geometry":{"type":"LineString","coordinates":[[7.4067323,46.9445711],[7.406328,46.944319],[7.4045413,46.9431955],[7.4031805,46.9423399],[7.4025733,46.9419611]]}},{"type":"Feature","properties":{"art":"rail"},"geometry":{"type":"LineString","coordinates":[[7.4716175,46.9654709],[7.4714067,46.9655354],[7.4712033,46.9655998],[7.4710512,46.9656501],[7.4709409,46.9656884],[7.4708328,46.965728],[7.4707144,46.9657748],[7.4706066,46.9658205],[7.4704801,46.9658775],[7.4703533,46.9659412],[7.4702313,46.9660092],[7.4701135,46.9660805],[7.4700229,46.9661386],[7.4699601,46.9661819]]}},{"type":"Feature","properties":{"art":"rail"},"geometry":{"type":"LineString","coordinates":[[7.466954,46.9789332],[7.4668454,46.9791299],[7.4668169,46.9791804]]}},{"type":"Feature","properties":{"art":"narrow_gauge"},"geometry":{"type":"LineString","coordinates":[[7.4556101,46.9749482],[7.4553064,46.9748216],[7.4549959,46.9747051],[7.4543235,46.9744404],[7.4530437,46.9739192]]}},{"type":"Feature","properties":{"art":"narrow_gauge"},"geometry":{"type":"LineString","coordinates":[[7.4530437,46.9739192],[7.4520195,46.9734861],[7.4515002,46.973248],[7.4512249,46.9731351],[7.4498885,46.9725755],[7.4490247,46.9722076],[7.4482317,46.9718706],[7.4472898,46.9714703]]}},{"type":"Feature","properties":{"art":"rail"},"geometry":{"type":"LineString","coordinates":[[7.4428689,46.9566603],[7.4428691,46.9566652],[7.4429056,46.9578245],[7.4429172,46.9580714],[7.4429455,46.9583186],[7.4429901,46.9585655],[7.4430571,46.9588081],[7.4431453,46.9590488],[7.4432638,46.9592858],[7.4433899,46.9595191],[7.4435391,46.9597406],[7.4437063,46.9599614],[7.4438961,46.9601729],[7.444136,46.9604337],[7.4441397,46.9604378]]}},{"type":"Feature","properties":{"art":"rail"},"geometry":{"type":"LineString","coordinates":[[7.4654254,46.9920164],[7.4654323,46.9920065],[7.4655835,46.9917838],[7.4656524,46.9916783],[7.4657165,46.9915715],[7.4658068,46.9914178],[7.4658879,46.991263],[7.4659599,46.9911096],[7.4660279,46.9909509],[7.4660834,46.9908066],[7.4661076,46.9907347],[7.4661318,46.9906627],[7.4661563,46.9905823],[7.4661794,46.9905008],[7.4662199,46.9903353],[7.4662539,46.9901715],[7.4662771,46.990013],[7.4662965,46.9898493],[7.4663071,46.9896912],[7.4663082,46.9895285],[7.4663063,46.9893667],[7.4662966,46.9892009],[7.4662843,46.9890407],[7.4662484,46.9886582],[7.4662005,46.9881209],[7.4661648,46.9877622],[7.4661439,46.9875523],[7.4661223,46.9873431],[7.4660888,46.9871364],[7.4660515,46.9869376],[7.4660061,46.9867285],[7.4659554,46.9865266],[7.465832,46.9861114],[7.4656976,46.985692],[7.4656301,46.9854809],[7.4655661,46.9852708],[7.4655104,46.9850743],[7.4654585,46.9848817],[7.4654129,46.9846922],[7.4653793,46.9844929],[7.4653486,46.984295],[7.4653281,46.9840934],[7.465316,46.983898],[7.4653092,46.9837026],[7.4653117,46.9835018],[7.4653217,46.9833062],[7.4653387,46.9831082],[7.4653622,46.9829086],[7.4653949,46.9827066],[7.4653966,46.9826972]]}},{"type":"Feature","properties":{"art":"rail"},"geometry":{"type":"LineString","coordinates":[[7.3570585,46.9048789],[7.3560339,46.9029859],[7.3556369,46.9022551],[7.3552147,46.9014724],[7.3551241,46.9013068],[7.354749,46.900611],[7.3542902,46.899763],[7.3541549,46.8995173],[7.3540854,46.8993928],[7.3539935,46.8992359],[7.3539615,46.8991856],[7.3539076,46.8991024],[7.3538517,46.8990201],[7.3537946,46.8989384],[7.3537508,46.8988806],[7.353653,46.8987543],[7.3535775,46.8986627],[7.3535009,46.8985724],[7.3533454,46.8983973],[7.3531855,46.89822],[7.3528046,46.8978023],[7.3527087,46.897696],[7.3526146,46.89759],[7.35252,46.8974828],[7.3524285,46.8973751],[7.3523377,46.8972619],[7.3522523,46.897148],[7.3522106,46.8970893],[7.3521708,46.8970304],[7.3521313,46.8969712],[7.3520944,46.8969115],[7.3520429,46.8968246],[7.3519944,46.8967351],[7.3519483,46.8966458],[7.3519058,46.8965561],[7.3518647,46.8964621],[7.3518271,46.8963676],[7.3517937,46.8962723],[7.3517629,46.8961759],[7.3517437,46.896111],[7.3517265,46.8960459],[7.3517103,46.8959804],[7.3516964,46.8959149],[7.3516864,46.8958587]]}},{"type":"Feature","properties":{"art":"rail"},"geometry":{"type":"LineString","coordinates":[[7.4151409,46.9401717],[7.4151781,46.9399997],[7.4151991,46.9399105],[7.4152891,46.9394637],[7.4152975,46.9394218],[7.4155683,46.93807],[7.4156706,46.9375945],[7.4157189,46.9374197],[7.4157845,46.9372139],[7.4158212,46.9371078],[7.4158614,46.9369968],[7.4159594,46.9367266],[7.4159941,46.936637],[7.4160414,46.9365072],[7.4163125,46.9357689],[7.4163339,46.9357115],[7.4163621,46.9356358],[7.4164278,46.9354827],[7.4165215,46.9353185],[7.4165997,46.9352117],[7.4166934,46.9351022],[7.4168687,46.9349217],[7.4182529,46.9335209],[7.4184459,46.9333242],[7.4185844,46.9331651],[7.4186368,46.9330974],[7.4188107,46.9328342],[7.418897,46.932668],[7.4189795,46.9324478],[7.4190619,46.9320788],[7.4191136,46.9312585],[7.4191372,46.9309544],[7.4191392,46.9306721],[7.4191291,46.9305867],[7.4191235,46.9305528],[7.4191068,46.930451],[7.4190769,46.9302993],[7.4190493,46.9302068],[7.4190148,46.930091],[7.4189479,46.9299109],[7.4188508,46.9297114],[7.4187825,46.9295884],[7.4186893,46.9294407],[7.4183036,46.9288302],[7.4180736,46.9284963],[7.4166479,46.9267425],[7.4160078,46.925955],[7.4157508,46.9256377]]}},{"type":"Feature","properties":{"art":"narrow_gauge"},"geometry":{"type":"LineString","coordinates":[[7.555119,46.9493866],[7.554857,46.9495973],[7.5547198,46.9496986],[7.5546252,46.9497685],[7.5542306,46.9499824],[7.5539041,46.9501313],[7.5528716,46.9505009],[7.5519566,46.9508411],[7.5514359,46.9510566],[7.5510509,46.951249],[7.5507115,46.9514341],[7.5505229,46.9515472]]}},{"type":"Feature","properties":{"art":"narrow_gauge"},"geometry":{"type":"LineString","coordinates":[[7.4644389,46.9784395],[7.4641627,46.9784266],[7.4639613,46.978433],[7.4637417,46.9784547],[7.4634867,46.9785062],[7.4632201,46.9785734],[7.463046,46.9786259]]}},{"type":"Feature","properties":{"art":"narrow_gauge"},"geometry":{"type":"LineString","coordinates":[[7.463046,46.9786259],[7.4627917,46.9787157],[7.4625381,46.9788152],[7.4622586,46.9789398],[7.4620373,46.9790505],[7.4617698,46.9791966],[7.4615443,46.97933],[7.4608581,46.979732],[7.4606281,46.9798422],[7.4604523,46.9799043]]}},{"type":"Feature","properties":{"art":"narrow_gauge"},"geometry":{"type":"LineString","coordinates":[[7.5583369,46.9434284],[7.55836,46.9433383],[7.5583788,46.9432453],[7.5583902,46.9431441],[7.5583994,46.9430517],[7.5584007,46.9429036],[7.5583959,46.9427413],[7.5583842,46.9425203],[7.5583703,46.942335],[7.558364,46.9421775],[7.5583643,46.9419755],[7.5583911,46.9416356],[7.5584646,46.9408427],[7.5585762,46.9402332],[7.5586878,46.9396238],[7.5588337,46.9389674],[7.5590116,46.9380442],[7.5592875,46.9363915],[7.5593413,46.9360289],[7.5594145,46.9356472],[7.5595254,46.9352019],[7.5595644,46.9349694],[7.5595811,46.9346902],[7.5595588,46.9344],[7.5595113,46.9341247],[7.5594157,46.9336085],[7.5593899,46.9334593],[7.5593795,46.9333355],[7.5593775,46.9333112],[7.5593711,46.9332333],[7.5593693,46.9331498],[7.559369,46.9330634],[7.559371,46.9329058],[7.5593722,46.9328176]]}},{"type":"Feature","properties":{"art":"narrow_gauge"},"geometry":{"type":"LineString","coordinates":[[7.558293,46.9436203],[7.5583369,46.9434284]]}},{"type":"Feature","properties":{"art":"rail"},"geometry":{"type":"LineString","coordinates":[[7.5427794,46.9216544],[7.5400274,46.923495],[7.5392243,46.9239489],[7.5383896,46.9243596],[7.5377805,46.9246266],[7.5370416,46.9248521],[7.5363218,46.9250478],[7.5355789,46.9252189],[7.5348376,46.9253315],[7.5344182,46.9253764],[7.5339031,46.9254192],[7.5332866,46.9254393]]}},{"type":"Feature","properties":{"art":"rail"},"geometry":{"type":"LineString","coordinates":[[7.5159305,46.9283143],[7.5156673,46.9284536]]}},{"type":"Feature","properties":{"art":"tram"},"geometry":{"type":"LineString","coordinates":[[7.5012509,46.9364685],[7.5013894,46.9364982],[7.5015279,46.9365165]]}},{"type":"Feature","properties":{"art":"rail"},"geometry":{"type":"LineString","coordinates":[[7.5574229,46.8796942],[7.5574048,46.8797578]]}},{"type":"Feature","properties":{"art":"rail"},"geometry":{"type":"LineString","coordinates":[[7.5574048,46.8797578],[7.5566572,46.8822944],[7.5565884,46.88253],[7.5565179,46.8827652],[7.5564384,46.8830105],[7.5563559,46.8832558],[7.5562532,46.8835356],[7.5561432,46.8838141],[7.5559548,46.8842496],[7.5557487,46.8846828],[7.5556229,46.8849213],[7.5554918,46.8851615],[7.5553601,46.8853933],[7.5552262,46.8856251],[7.5550785,46.8858583],[7.5550046,46.8859746],[7.5549269,46.8860905],[7.5547754,46.8863115],[7.5546998,46.8864211],[7.5546206,46.8865305],[7.5544461,46.8867598],[7.5542692,46.8869881],[7.5541827,46.8870977],[7.5540937,46.8872069],[7.5540036,46.887315],[7.5539115,46.8874218],[7.5537205,46.8876373],[7.5535271,46.8878516],[7.5533284,46.8880626],[7.5531247,46.8882718],[7.5529593,46.8884358],[7.5527915,46.8885977],[7.5524543,46.8889213],[7.5521164,46.8892382],[7.5517841,46.8895572],[7.5513588,46.8899671],[7.5511512,46.8901838],[7.550945,46.8904007],[7.5507862,46.890572],[7.5506306,46.8907445],[7.5504791,46.890919],[7.5503328,46.8910956],[7.550206,46.8912502],[7.5500818,46.8914052],[7.5499611,46.8915609],[7.5498425,46.8917186],[7.5496729,46.89195],[7.5494892,46.8922068]]}},{"type":"Feature","properties":{"art":"tram"},"geometry":{"type":"LineString","coordinates":[[7.4793207,46.9382496],[7.479252,46.9382185],[7.4786533,46.9379302]]}},{"type":"Feature","properties":{"art":"tram"},"geometry":{"type":"LineString","coordinates":[[7.4786533,46.9379302],[7.4781908,46.9377047],[7.4780487,46.9376348],[7.4779154,46.9375728],[7.4777866,46.9375189]]}},{"type":"Feature","properties":{"art":"rail"},"geometry":{"type":"LineString","coordinates":[[7.4827846,46.952406],[7.4828473,46.9521986],[7.4828871,46.952084],[7.4829223,46.9519744],[7.4829642,46.951863],[7.4830109,46.951751],[7.4830625,46.951637],[7.4831163,46.951526],[7.4831724,46.9514169],[7.4832364,46.9513008],[7.4832969,46.9512031],[7.4833611,46.9511068],[7.483428,46.9510114],[7.4834969,46.9509171],[7.4835739,46.9508153],[7.4836518,46.9507139],[7.483753,46.9505941],[7.4838466,46.9504937],[7.4839698,46.9503588],[7.4841042,46.9502159],[7.4845078,46.9497994]]}},{"type":"Feature","properties":{"art":"rail"},"geometry":{"type":"LineString","coordinates":[[7.4845078,46.9497994],[7.4845476,46.9497608]]}},{"type":"Feature","properties":{"art":"tram"},"geometry":{"type":"LineString","coordinates":[[7.4853518,46.9377373],[7.484932,46.9377607]]}},{"type":"Feature","properties":{"art":"tram"},"geometry":{"type":"LineString","coordinates":[[7.484932,46.9377607],[7.4829986,46.9378623],[7.4825415,46.9378884],[7.4823693,46.9379018],[7.4821884,46.9379223],[7.4820825,46.9379384],[7.4819869,46.9379531],[7.4818968,46.9379704],[7.4816891,46.9380131],[7.481481,46.9380588],[7.4813586,46.9380864]]}},{"type":"Feature","properties":{"art":"rail"},"geometry":{"type":"LineString","coordinates":[[7.551522,46.9161297],[7.5519399,46.9159582]]}},{"type":"Feature","properties":{"art":"rail"},"geometry":{"type":"LineString","coordinates":[[7.5519399,46.9159582],[7.5526566,46.9157193],[7.5536436,46.9154518],[7.5543035,46.9153198],[7.5550357,46.9152172],[7.5556151,46.9151586],[7.5563205,46.9151128],[7.5571047,46.9151186],[7.5578922,46.9151604],[7.5601391,46.9154179],[7.5607719,46.9154644],[7.5612659,46.9154904],[7.5617702,46.9154883],[7.5622984,46.9154707],[7.5626691,46.915448],[7.562758,46.9154386],[7.5628749,46.9154263]]}},{"type":"Feature","properties":{"art":"rail"},"geometry":{"type":"LineString","coordinates":[[7.4183053,46.9406249],[7.4186535,46.9405509]]}},{"type":"Feature","properties":{"art":"rail"},"geometry":{"type":"LineString","coordinates":[[7.4186535,46.9405509],[7.419727,46.940313],[7.4212427,46.9399701],[7.4246256,46.9392373],[7.4250017,46.939154],[7.4252549,46.939092],[7.4255002,46.9390253],[7.4256413,46.9389848],[7.4258722,46.9389096],[7.4260472,46.9388426],[7.4263134,46.9387286],[7.4264577,46.9386613],[7.4266177,46.9385768],[7.426841,46.938449],[7.4270206,46.9383336],[7.4271996,46.9382023]]}},{"type":"Feature","properties":{"art":"rail"},"geometry":{"type":"LineString","coordinates":[[7.5396633,46.9093678],[7.5389825,46.9105591],[7.5384317,46.9115187],[7.5382929,46.9117624],[7.5381522,46.9120056],[7.5380082,46.9122475],[7.5378623,46.9124891],[7.5377171,46.9127182],[7.5375678,46.9129464],[7.5374118,46.9131722],[7.5372522,46.913398],[7.537092,46.9136143],[7.5369221,46.9138273],[7.5367403,46.9140536],[7.5365509,46.9142779],[7.5363643,46.9144915],[7.5361699,46.9147019],[7.5357511,46.9151257],[7.5350862,46.9157855]]}},{"type":"Feature","properties":{"art":"rail"},"geometry":{"type":"LineString","coordinates":[[7.5413992,46.9063328],[7.5413253,46.9064638]]}},{"type":"Feature","properties":{"art":"rail"},"geometry":{"type":"LineString","coordinates":[[7.5600792,46.8706984],[7.5600027,46.8709622]]}},{"type":"Feature","properties":{"art":"rail"},"geometry":{"type":"LineString","coordinates":[[7.5601134,46.8705867],[7.5600792,46.8706984]]}},{"type":"Feature","properties":{"art":"rail"},"geometry":{"type":"LineString","coordinates":[[7.5576024,46.8790567],[7.557516,46.8793758],[7.5574229,46.8796942]]}},{"type":"Feature","properties":{"art":"rail"},"geometry":{"type":"LineString","coordinates":[[7.5588532,46.8748517],[7.5588225,46.8749556]]}},{"type":"Feature","properties":{"art":"rail"},"geometry":{"type":"LineString","coordinates":[[7.5430781,46.9214601],[7.5427794,46.9216544]]}},{"type":"Feature","properties":{"art":"rail"},"geometry":{"type":"LineString","coordinates":[[7.5446095,46.9007415],[7.5439506,46.901868]]}},{"type":"Feature","properties":{"art":"rail"},"geometry":{"type":"LineString","coordinates":[[7.5446643,46.9006445],[7.5446095,46.9007415]]}},{"type":"Feature","properties":{"art":"rail"},"geometry":{"type":"LineString","coordinates":[[7.54721,46.8961784],[7.5471807,46.896233]]}},{"type":"Feature","properties":{"art":"rail"},"geometry":{"type":"LineString","coordinates":[[7.5471807,46.896233],[7.5453277,46.8994677]]}},{"type":"Feature","properties":{"art":"rail"},"geometry":{"type":"LineString","coordinates":[[7.5494892,46.8922068],[7.5493471,46.8924178],[7.5492212,46.8926139]]}},{"type":"Feature","properties":{"art":"rail"},"geometry":{"type":"LineString","coordinates":[[7.5492212,46.8926139],[7.5476031,46.8954875]]}},{"type":"Feature","properties":{"art":"rail"},"geometry":{"type":"LineString","coordinates":[[7.4789282,46.9624199],[7.479193,46.962198],[7.4793813,46.9620336],[7.479535,46.9618906],[7.4796802,46.9617507],[7.4798221,46.9616053],[7.4799548,46.9614576],[7.4800633,46.9613282],[7.4801653,46.961195],[7.4802799,46.9610393],[7.4803832,46.960883],[7.4804773,46.9607236],[7.4805659,46.9605629],[7.4806395,46.9604079],[7.4806861,46.960309],[7.4807237,46.9602177],[7.4807585,46.9601264],[7.4807885,46.9600434],[7.4808214,46.9599462],[7.480875,46.9597712],[7.4809594,46.9594658]]}},{"type":"Feature","properties":{"art":"rail"},"geometry":{"type":"LineString","coordinates":[[7.4271996,46.9382023],[7.4273961,46.9380396]]}},{"type":"Feature","properties":{"art":"rail"},"geometry":{"type":"LineString","coordinates":[[7.4373474,46.9312133],[7.4375854,46.9311064],[7.4378136,46.9310043],[7.4380333,46.9309042],[7.4382522,46.9308014],[7.4386869,46.9305937],[7.438917,46.9304847],[7.4391045,46.9303987],[7.4392929,46.9303168],[7.4396442,46.930174],[7.4400136,46.9300344],[7.4403286,46.9299264],[7.4406142,46.9298325],[7.4409423,46.929736],[7.4411966,46.9296658],[7.4414683,46.9295928]]}},{"type":"Feature","properties":{"art":"rail"},"geometry":{"type":"LineString","coordinates":[[7.4294052,46.948101],[7.4292818,46.9481497],[7.4291781,46.9481961],[7.4290265,46.9482691],[7.4288259,46.9483776],[7.4287203,46.9484334],[7.428596,46.9485063],[7.4284451,46.9485965],[7.4282209,46.9487304],[7.4280739,46.9488218]]}},{"type":"Feature","properties":{"art":"narrow_gauge"},"geometry":{"type":"LineString","coordinates":[[7.4683605,46.9781624],[7.4682918,46.9781703],[7.4682173,46.9781804],[7.4681295,46.9781947],[7.468011,46.9782172],[7.467768,46.9782743],[7.4669212,46.9785334],[7.4667263,46.9785882]]}},{"type":"Feature","properties":{"art":"rail"},"geometry":{"type":"LineString","coordinates":[[7.4724481,46.9652443],[7.473507,46.9649679],[7.4742858,46.9647608]]}},{"type":"Feature","properties":{"art":"rail"},"geometry":{"type":"LineString","coordinates":[[7.451043,46.9266777],[7.4511993,46.9265901],[7.4513516,46.9265057],[7.4514818,46.9264397],[7.451608,46.9263796],[7.4517294,46.9263226],[7.4519449,46.9262365],[7.4521196,46.9261702],[7.4522104,46.9261377],[7.4523017,46.9261068],[7.452493,46.9260447],[7.4526988,46.9259851],[7.4529595,46.9259141],[7.4530755,46.9258849],[7.4534434,46.9257926],[7.4537759,46.9257095],[7.4540625,46.925633],[7.4541821,46.9255995],[7.4542986,46.9255638],[7.4544156,46.9255272],[7.4545325,46.9254887],[7.4546248,46.9254561],[7.4547165,46.9254233],[7.4549097,46.9253472],[7.4551178,46.925258],[7.4553282,46.9251586],[7.4555077,46.9250635],[7.4556797,46.9249665],[7.4557914,46.9248983],[7.4558998,46.9248293],[7.4561115,46.9246868],[7.4562926,46.9245562],[7.4564698,46.9244242],[7.4568248,46.9241576]]}},{"type":"Feature","properties":{"art":"rail"},"geometry":{"type":"LineString","coordinates":[[7.4414683,46.9295928],[7.4417088,46.9295383]]}},{"type":"Feature","properties":{"art":"tram"},"geometry":{"type":"LineString","coordinates":[[7.4644582,46.9587423],[7.4645066,46.9587097],[7.4645263,46.9586942],[7.4645396,46.9586806],[7.4645522,46.9586654],[7.4645575,46.9586579],[7.4645812,46.9586238]]}},{"type":"Feature","properties":{"art":"tram"},"geometry":{"type":"LineString","coordinates":[[7.4690273,46.9429779],[7.4690934,46.9430148],[7.4692154,46.9430848],[7.4695661,46.9432958],[7.4696487,46.9433412],[7.4697639,46.94341],[7.4699909,46.9435425],[7.4701608,46.94365],[7.470335,46.9437527],[7.4704891,46.9438435],[7.4706431,46.9439376],[7.4707761,46.9440284],[7.4709413,46.9441514],[7.4710557,46.9442498],[7.4711898,46.9443626],[7.4713067,46.9444779],[7.4715309,46.9447062],[7.4715679,46.9447396],[7.4715858,46.9447532],[7.4716085,46.9447669],[7.4716243,46.9447747],[7.4716438,46.9447837],[7.4716646,46.944791],[7.4716838,46.9447972],[7.4717067,46.9448023],[7.4717293,46.9448065],[7.4717596,46.9448093],[7.4718223,46.9448114],[7.4718763,46.944811],[7.4719546,46.9448093],[7.4720614,46.9448101],[7.4721162,46.9448136],[7.472156,46.9448225],[7.4721929,46.9448359],[7.4722257,46.9448537],[7.4722534,46.9448751],[7.4722751,46.9448995],[7.4722902,46.9449261],[7.4722982,46.9449541],[7.4722988,46.9449827],[7.4722959,46.9449987],[7.4722906,46.9450145],[7.472283,46.9450298],[7.4722732,46.9450445],[7.4722613,46.9450585],[7.4722474,46.9450716],[7.4722317,46.9450837],[7.472203,46.9450992],[7.4721718,46.9451123],[7.4721385,46.9451227],[7.4721022,46.9451305],[7.4720647,46.9451352],[7.4720543,46.9451353],[7.4720341,46.9451362],[7.4720092,46.9451355],[7.471984,46.9451324],[7.4719593,46.9451275],[7.4719356,46.9451209],[7.4719206,46.9451156],[7.4719062,46.9451097],[7.4718925,46.945103],[7.4718794,46.9450957],[7.4718671,46.9450878],[7.4718557,46.9450794],[7.4718216,46.9450472],[7.4717896,46.9450122]]}},{"type":"Feature","properties":{"art":"rail"},"geometry":{"type":"LineString","coordinates":[[7.4807817,47.0142931],[7.4805906,47.014239],[7.4804226,47.0141889],[7.4802824,47.0141425],[7.4801628,47.0140997],[7.4800313,47.0140481],[7.4798618,47.0139792],[7.4796853,47.0139005],[7.4795169,47.0138205],[7.4793361,47.013735],[7.4786848,47.0134149],[7.4782685,47.0132093],[7.4780606,47.0131076],[7.4779519,47.0130561],[7.477849,47.0130075],[7.4776676,47.0129254],[7.47754,47.0128712],[7.4774845,47.012848],[7.4774005,47.0128168],[7.4773171,47.0127863],[7.4772354,47.0127552],[7.4771278,47.0127179],[7.4770158,47.0126832],[7.4768928,47.0126455],[7.4767018,47.0125917],[7.4765589,47.0125547],[7.4764267,47.0125242],[7.476287,47.0124968],[7.4761359,47.0124674],[7.475954,47.0124385],[7.4757706,47.0124156],[7.4756165,47.0123978],[7.4754599,47.012385],[7.4752961,47.0123741],[7.4751309,47.0123661],[7.4749906,47.0123612],[7.4747692,47.0123625]]}},{"type":"Feature","properties":{"art":"narrow_gauge"},"geometry":{"type":"LineString","coordinates":[[7.4841085,47.0157306],[7.4836921,47.0155311],[7.4833699,47.0153772],[7.4829895,47.0152216],[7.4826857,47.0151084],[7.4822169,47.0149296],[7.4816996,47.0147521],[7.4812098,47.0145969],[7.480708,47.0144446]]}},{"type":"Feature","properties":{"art":"narrow_gauge"},"geometry":{"type":"LineString","coordinates":[[7.4852042,47.0163075],[7.4851794,47.0162946],[7.4848364,47.0161046],[7.4846553,47.0160074],[7.4844632,47.0159077],[7.4841085,47.0157306]]}},{"type":"Feature","properties":{"art":"rail"},"geometry":{"type":"LineString","coordinates":[[7.466954,46.9789332],[7.4672335,46.9784366]]}},{"type":"Feature","properties":{"art":"rail"},"geometry":{"type":"LineString","coordinates":[[7.5638585,46.8579587],[7.560449,46.8694599],[7.5602318,46.8701989]]}},{"type":"Feature","properties":{"art":"rail"},"geometry":{"type":"LineString","coordinates":[[7.3701506,46.942819],[7.3698858,46.9427659]]}},{"type":"Feature","properties":{"art":"rail"},"geometry":{"type":"LineString","coordinates":[[7.3698858,46.9427659],[7.3696303,46.942718],[7.3693237,46.9426672],[7.368618,46.9425658]]}},{"type":"Feature","properties":{"art":"rail"},"geometry":{"type":"LineString","coordinates":[[7.368618,46.9425658],[7.3684149,46.9425412]]}},{"type":"Feature","properties":{"art":"rail"},"geometry":{"type":"LineString","coordinates":[[7.3684149,46.9425412],[7.3680116,46.9424976],[7.3677515,46.9424752],[7.3675313,46.9424573],[7.367236,46.9424378],[7.3669241,46.9424199],[7.366512,46.9424063],[7.3658723,46.9423997],[7.3651867,46.942411]]}},{"type":"Feature","properties":{"art":"rail"},"geometry":{"type":"LineString","coordinates":[[7.3249709,46.940051],[7.3247678,46.9400246]]}},{"type":"Feature","properties":{"art":"rail"},"geometry":{"type":"LineString","coordinates":[[7.3035517,46.9366879],[7.3042887,46.9369256],[7.3046654,46.937046],[7.3051771,46.9371974],[7.305349,46.937245],[7.3055931,46.9373125],[7.3058083,46.9373684],[7.3060245,46.9374214],[7.3064689,46.9375243],[7.3066878,46.9375707],[7.3069056,46.9376154],[7.3073468,46.9376984],[7.3075567,46.9377329],[7.3077656,46.9377667],[7.3081857,46.9378292],[7.3085074,46.9378727],[7.3088298,46.9379146],[7.3094745,46.9379959],[7.3107646,46.9381571],[7.3127873,46.9384215],[7.3148095,46.9386927],[7.3172021,46.939013],[7.324574,46.9399977],[7.3245845,46.9399992],[7.3247678,46.9400246]]}},{"type":"Feature","properties":{"art":"rail"},"geometry":{"type":"LineString","coordinates":[[7.3091202,46.8919135],[7.3092019,46.8917933],[7.3092938,46.891644],[7.3095899,46.8911237]]}},{"type":"Feature","properties":{"art":"rail"},"geometry":{"type":"LineString","coordinates":[[7.3111947,46.8895012],[7.3113447,46.8894247],[7.3114948,46.8893511],[7.3116393,46.889284],[7.3117976,46.8892189],[7.311928,46.8891705],[7.3120361,46.8891357],[7.3121794,46.8890967],[7.3122972,46.8890671],[7.312394,46.8890471],[7.3125095,46.8890272],[7.3126344,46.8890109],[7.3127636,46.8889976],[7.3128815,46.8889884],[7.3129896,46.8889822],[7.3131094,46.8889757],[7.3132249,46.8889716],[7.3142437,46.8889378],[7.3146371,46.8889231],[7.3149237,46.8889096],[7.3152313,46.8888924],[7.3154359,46.8888796],[7.3156543,46.8888653],[7.3159034,46.8888464],[7.3161462,46.8888265],[7.3164477,46.8887989],[7.316772,46.8887658],[7.3170892,46.8887327]]}},{"type":"Feature","properties":{"art":"narrow_gauge"},"geometry":{"type":"LineString","coordinates":[[7.487854,47.0174224],[7.4872555,47.017251],[7.4871543,47.0172194]]}},{"type":"Feature","properties":{"art":"narrow_gauge"},"geometry":{"type":"LineString","coordinates":[[7.4892721,47.0178179],[7.4891355,47.017782],[7.488903,47.0177184],[7.488553,47.0176188],[7.487854,47.0174224]]}},{"type":"Feature","properties":{"art":"narrow_gauge"},"geometry":{"type":"LineString","coordinates":[[7.4604523,46.9799043],[7.4602891,46.9799483],[7.4601202,46.9799796],[7.4598974,46.9800011],[7.4596512,46.9799932],[7.4594292,46.9799596],[7.4591929,46.9798969]]}},{"type":"Feature","properties":{"art":"narrow_gauge"},"geometry":{"type":"LineString","coordinates":[[7.4591929,46.9798969],[7.4590071,46.9798204],[7.4589215,46.9797761],[7.4588162,46.9797119],[7.4586944,46.9796206],[7.458619,46.9795607],[7.4585309,46.9794803],[7.45843,46.9793861],[7.4583195,46.9792853],[7.4582438,46.9792149],[7.4581725,46.979144]]}},{"type":"Feature","properties":{"art":"rail"},"geometry":{"type":"LineString","coordinates":[[7.3488365,46.889512],[7.3485557,46.8894048],[7.3482715,46.8893022],[7.3479832,46.8892044],[7.3476916,46.889111]]}},{"type":"Feature","properties":{"art":"rail"},"geometry":{"type":"LineString","coordinates":[[7.3517682,46.891965],[7.3517023,46.8918218],[7.351629,46.8916809],[7.3515512,46.8915462],[7.3514581,46.8914038],[7.3513622,46.8912681],[7.3512585,46.8911349],[7.3511534,46.8910119],[7.3510331,46.8908812],[7.3509102,46.8907578],[7.3507799,46.8906371],[7.350644,46.8905211],[7.3505002,46.8904062],[7.3503615,46.8903045],[7.3501951,46.8901903],[7.3500327,46.8900873],[7.3498676,46.8899899],[7.3496962,46.8898967],[7.3495205,46.8898078],[7.3493157,46.8897116],[7.3491278,46.8896297],[7.3488365,46.889512]]}},{"type":"Feature","properties":{"art":"rail"},"geometry":{"type":"LineString","coordinates":[[7.4700607,46.9701617],[7.4701058,46.9702373],[7.47017,46.970347],[7.470226,46.9704549]]}},{"type":"Feature","properties":{"art":"rail"},"geometry":{"type":"LineString","coordinates":[[7.4696484,46.9741528],[7.4698198,46.9738472],[7.470039,46.973449],[7.4701195,46.9732942],[7.4701744,46.9731825],[7.4702318,46.9730566],[7.4702389,46.9730396],[7.4702814,46.972942],[7.4703216,46.9728416],[7.4703678,46.9727116],[7.4704173,46.9725546],[7.4704552,46.9724117],[7.4704863,46.9722682],[7.4705073,46.9721423],[7.4705231,46.9720182],[7.4705325,46.9718912],[7.4705391,46.9717652],[7.4705378,46.9716412],[7.4705333,46.9715183],[7.4705169,46.9713798],[7.4704977,46.9712569],[7.4704739,46.9711611],[7.470442,46.9710276],[7.4704064,46.9709014]]}},{"type":"Feature","properties":{"art":"rail"},"geometry":{"type":"LineString","coordinates":[[7.470226,46.9704549],[7.4703246,46.9706815],[7.4704064,46.9709014]]}},{"type":"Feature","properties":{"art":"narrow_gauge"},"geometry":{"type":"LineString","coordinates":[[7.4865863,47.0170076],[7.4860874,47.0167784]]}},{"type":"Feature","properties":{"art":"narrow_gauge"},"geometry":{"type":"LineString","coordinates":[[7.4871543,47.0172194],[7.4869952,47.0171652],[7.4868682,47.0171202],[7.4867289,47.0170664],[7.4865863,47.0170076]]}},{"type":"Feature","properties":{"art":"rail"},"geometry":{"type":"LineString","coordinates":[[7.503888,47.0209435],[7.5025778,47.0205033],[7.5019268,47.020286],[7.501276,47.0200664],[7.5011627,47.0200249],[7.5010503,47.0199824],[7.5009661,47.0199489],[7.5008823,47.0199145],[7.5007327,47.0198509],[7.5006614,47.0198192],[7.5005779,47.0197807],[7.5004509,47.0197195],[7.5003259,47.0196565],[7.5002115,47.0195962],[7.5000998,47.0195346],[7.4999986,47.0194778],[7.4998997,47.0194201],[7.4996447,47.0192679],[7.499391,47.0191148],[7.4988848,47.0188084],[7.4987506,47.0187265],[7.4976901,47.0180824],[7.4975877,47.0180211],[7.4974851,47.0179589],[7.497384,47.0178964],[7.4972836,47.0178329],[7.4972226,47.0177935],[7.4971501,47.0177457],[7.4970787,47.0176976],[7.4970084,47.0176489],[7.4969397,47.0175997],[7.4968716,47.0175503],[7.4968055,47.0175001],[7.4966749,47.0173991],[7.4964604,47.0172067],[7.4962847,47.0170412],[7.4961862,47.0169322]]}},{"type":"Feature","properties":{"art":"rail"},"geometry":{"type":"LineString","coordinates":[[7.4843384,47.0142971],[7.4841343,47.0143465]]}},{"type":"Feature","properties":{"art":"rail"},"geometry":{"type":"LineString","coordinates":[[7.3114391,46.8873877],[7.3113396,46.8873153],[7.311238,46.8872353],[7.3111038,46.887123],[7.3110167,46.8870439],[7.3109332,46.8869659],[7.3108706,46.886904],[7.3107953,46.886826],[7.3107004,46.886722],[7.31063,46.8866404],[7.3105612,46.8865577],[7.3105046,46.8864872],[7.3104452,46.8864137],[7.3102234,46.8861275],[7.3101126,46.8859854],[7.3098073,46.8856285],[7.3095995,46.8854219],[7.309345,46.8852008],[7.3090861,46.8850067],[7.3090741,46.8849977],[7.3087218,46.8847755],[7.3083805,46.8845762],[7.3080803,46.8844391],[7.3077259,46.8842905],[7.3073309,46.8841524],[7.3069642,46.8840506],[7.3065639,46.8839483],[7.3061482,46.8838746],[7.3052754,46.8837757],[7.3048965,46.8837396],[7.3044096,46.8836878],[7.3040169,46.8836281],[7.3036178,46.8835481],[7.3031855,46.8834413],[7.302841,46.8833361],[7.3024755,46.883202],[7.3019086,46.88295]]}},{"type":"Feature","properties":{"art":"rail"},"geometry":{"type":"LineString","coordinates":[[7.4025733,46.9419611],[7.4021334,46.9416849]]}},{"type":"Feature","properties":{"art":"rail"},"geometry":{"type":"LineString","coordinates":[[7.4595735,46.9220597],[7.4598329,46.9218371]]}},{"type":"Feature","properties":{"art":"rail"},"geometry":{"type":"LineString","coordinates":[[7.4741981,46.9080595],[7.473963,46.9081387],[7.4735686,46.9082521],[7.4732549,46.9083589],[7.4719646,46.9088414],[7.4713069,46.9090874],[7.4709383,46.9092388],[7.4707241,46.9093459],[7.4705275,46.9094537],[7.4702685,46.9096361],[7.4700943,46.9097838],[7.4698282,46.9100828],[7.4696307,46.9103866],[7.4670058,46.914384],[7.4661457,46.9156936],[7.4657736,46.9162602],[7.4655224,46.9166127],[7.4652784,46.9169241],[7.4649992,46.9172181],[7.4646805,46.917519],[7.4644558,46.9177098],[7.4642092,46.9179053],[7.4636939,46.9182788],[7.4627982,46.9189219],[7.4627249,46.9189745]]}},{"type":"Feature","properties":{"art":"tram"},"geometry":{"type":"LineString","coordinates":[[7.4777866,46.9375189],[7.4776658,46.9374757],[7.4775751,46.9374495],[7.4774835,46.9374262],[7.4773781,46.9374023],[7.4772645,46.9373785],[7.4771041,46.9373452],[7.476962,46.9373168],[7.4763603,46.9371945],[7.4762732,46.9371776],[7.4762508,46.9371732],[7.4762198,46.9371684],[7.4761494,46.9371613],[7.4760854,46.93716],[7.4760219,46.9371632],[7.4759644,46.9371705],[7.4759194,46.9371795],[7.4758878,46.937186],[7.4757802,46.9372224],[7.4757355,46.9372371]]}},{"type":"Feature","properties":{"art":"tram"},"geometry":{"type":"LineString","coordinates":[[7.4813586,46.9380864],[7.4809855,46.9381702]]}},{"type":"Feature","properties":{"art":"tram"},"geometry":{"type":"LineString","coordinates":[[7.4809855,46.9381702],[7.4803931,46.9383002],[7.480273,46.9383252],[7.4802124,46.9383369],[7.4801529,46.9383462],[7.4800857,46.9383558],[7.4800252,46.9383616],[7.4799561,46.9383658],[7.4798632,46.9383673],[7.4797748,46.9383628],[7.4796987,46.9383547],[7.4796188,46.9383419],[7.4795496,46.9383264],[7.4794871,46.93831],[7.479422,46.9382899],[7.4793207,46.9382496]]}},{"type":"Feature","properties":{"art":"rail"},"geometry":{"type":"LineString","coordinates":[[7.4841305,46.9500508],[7.4844605,46.9497058]]}},{"type":"Feature","properties":{"art":"rail"},"geometry":{"type":"LineString","coordinates":[[7.4841305,46.9500508],[7.484253,46.9499345],[7.4844793,46.9497431]]}},{"type":"Feature","properties":{"art":"rail"},"geometry":{"type":"LineString","coordinates":[[7.4846024,46.9495575],[7.4850319,46.9491172]]}},{"type":"Feature","properties":{"art":"rail"},"geometry":{"type":"LineString","coordinates":[[7.4833448,46.9509485],[7.4834685,46.950779],[7.4835481,46.9506721],[7.4836513,46.9505477],[7.4837535,46.9504325],[7.4838814,46.9503036],[7.4840106,46.9501741],[7.4841305,46.9500508]]}},{"type":"Feature","properties":{"art":"rail"},"geometry":{"type":"LineString","coordinates":[[7.4674412,46.978162],[7.4677664,46.9775854],[7.468223,46.9767726],[7.4683948,46.9764691],[7.4685535,46.9761926],[7.4688045,46.9757442],[7.4691004,46.9752185],[7.4693805,46.9747223],[7.4695632,46.9743976]]}},{"type":"Feature","properties":{"art":"rail"},"geometry":{"type":"LineString","coordinates":[[7.4844887,46.9497617],[7.4840565,46.9501991],[7.4839339,46.9503287],[7.4838151,46.9504585],[7.4837107,46.9505769],[7.4836092,46.9506987],[7.4835307,46.9507994],[7.4834528,46.9509008],[7.4833822,46.9509969],[7.4833133,46.9510941],[7.4832512,46.9511905],[7.4831916,46.9512888],[7.4831253,46.9514033],[7.4830715,46.9515143],[7.4830156,46.951621],[7.4829703,46.9517251],[7.4829175,46.9518506],[7.4828785,46.9519578],[7.4828358,46.9520718],[7.4827997,46.9521913],[7.4827611,46.9523064],[7.4825892,46.9529357],[7.4823534,46.9538174],[7.4822505,46.9542298],[7.4820469,46.9551729],[7.4819887,46.9554065],[7.4818834,46.9557892]]}},{"type":"Feature","properties":{"art":"rail"},"geometry":{"type":"LineString","coordinates":[[7.4818989,46.9521657],[7.4816392,46.9523452],[7.4814852,46.9524509],[7.4812719,46.9525919],[7.4809219,46.9528188],[7.4806837,46.952971],[7.4805673,46.9530383],[7.4804631,46.9530966],[7.4803553,46.9531486],[7.4801789,46.9532294],[7.4800567,46.9532862],[7.4799345,46.9533526]]}},{"type":"Feature","properties":{"art":"rail"},"geometry":{"type":"LineString","coordinates":[[7.4830778,46.9513078],[7.4829492,46.9514899],[7.4828378,46.9516344],[7.4824018,46.9522288],[7.4822723,46.9524111],[7.4822094,46.9525049],[7.4821546,46.9526022],[7.4821018,46.9527117],[7.4820279,46.952899],[7.4819837,46.9530225],[7.4819542,46.9531361],[7.4818993,46.9533339],[7.4815707,46.9545812]]}},{"type":"Feature","properties":{"art":"rail"},"geometry":{"type":"LineString","coordinates":[[7.4829463,46.9515236],[7.4829062,46.9516183],[7.482874,46.9517046],[7.4827964,46.9519544],[7.4823888,46.9534666]]}},{"type":"Feature","properties":{"art":"rail"},"geometry":{"type":"LineString","coordinates":[[7.482011,46.9546484],[7.4819823,46.9547982],[7.4819496,46.9551625]]}},{"type":"Feature","properties":{"art":"rail"},"geometry":{"type":"LineString","coordinates":[[7.4827846,46.952406],[7.4827516,46.952572],[7.4827099,46.9528884],[7.4826796,46.9530404]]}},{"type":"Feature","properties":{"art":"rail"},"geometry":{"type":"LineString","coordinates":[[7.4823888,46.9534666],[7.4823442,46.9536054],[7.4823164,46.953667],[7.4822566,46.9537867],[7.4822304,46.9538528],[7.4821949,46.953962]]}},{"type":"Feature","properties":{"art":"rail"},"geometry":{"type":"LineString","coordinates":[[7.4811713,46.9586776],[7.4812005,46.9585553],[7.4812216,46.9584518],[7.4812376,46.9583593],[7.4812797,46.9580929],[7.481299,46.9579907],[7.4813194,46.9579067],[7.4813395,46.9578186]]}},{"type":"Feature","properties":{"art":"rail"},"geometry":{"type":"LineString","coordinates":[[7.4809594,46.9594658],[7.480913,46.9596204],[7.4808805,46.9597105],[7.4808523,46.9597875],[7.4807457,46.9600337],[7.4806937,46.9601558],[7.4806309,46.9602948],[7.4805656,46.9604347]]}},{"type":"Feature","properties":{"art":"rail"},"geometry":{"type":"LineString","coordinates":[[7.481066,46.9591418],[7.4810312,46.9592331],[7.4810027,46.9593165],[7.4809784,46.9593965]]}},{"type":"Feature","properties":{"art":"rail"},"geometry":{"type":"LineString","coordinates":[[7.4714694,46.9655574],[7.4741563,46.9648392]]}},{"type":"Feature","properties":{"art":"rail"},"geometry":{"type":"LineString","coordinates":[[7.4744132,46.9646903],[7.4717527,46.9653903]]}},{"type":"Feature","properties":{"art":"rail"},"geometry":{"type":"LineString","coordinates":[[7.474354,46.9647203],[7.4738789,46.964864],[7.473507,46.9649679]]}},{"type":"Feature","properties":{"art":"rail"},"geometry":{"type":"LineString","coordinates":[[7.4741563,46.9648392],[7.4724481,46.9652443]]}},{"type":"Feature","properties":{"art":"tram"},"geometry":{"type":"LineString","coordinates":[[7.3830557,46.9488572],[7.3828964,46.9488205],[7.3823077,46.9486827],[7.3821409,46.9486437]]}},{"type":"Feature","properties":{"art":"tram"},"geometry":{"type":"LineString","coordinates":[[7.4640878,46.9595488],[7.4655038,46.9613958],[7.4657122,46.9616676],[7.4661255,46.9622059],[7.4661582,46.9622475],[7.4664667,46.9626395],[7.4668393,46.9631512],[7.4668578,46.9631724],[7.4668775,46.9631936],[7.4668973,46.9632127]]}},{"type":"Feature","properties":{"art":"tram"},"geometry":{"type":"LineString","coordinates":[[7.4649212,46.9589411],[7.4648891,46.9589575],[7.4648762,46.9589628],[7.46486,46.9589689],[7.4648466,46.9589725],[7.4648279,46.9589772],[7.4648031,46.9589826],[7.4647779,46.9589881],[7.4647489,46.9589948],[7.4647202,46.9590011],[7.4646924,46.9590086],[7.4646644,46.9590178],[7.4646401,46.9590272],[7.4646165,46.9590369],[7.4645915,46.9590491],[7.464232,46.9592437]]}},{"type":"Feature","properties":{"art":"tram"},"geometry":{"type":"LineString","coordinates":[[7.463949,46.9594524],[7.463918,46.9594091],[7.4638975,46.959382],[7.463882,46.9593619],[7.4638745,46.9593467],[7.4638737,46.9593452],[7.463862,46.9593218],[7.4638535,46.9592952],[7.4638488,46.9592812],[7.4638485,46.9592579],[7.4638537,46.9592278],[7.4638618,46.959203],[7.4638909,46.959162],[7.4639032,46.9591455],[7.4639194,46.9591241],[7.4639422,46.9590976]]}},{"type":"Feature","properties":{"art":"tram"},"geometry":{"type":"LineString","coordinates":[[7.4634963,46.959334],[7.4635469,46.9593178],[7.4636113,46.9593005],[7.4636497,46.9592936],[7.4636964,46.9592911],[7.4637183,46.9592917],[7.463753,46.959295],[7.4637892,46.9592995],[7.4638187,46.9593074],[7.463862,46.9593218],[7.4638793,46.9593293],[7.4638926,46.959335],[7.4638959,46.9593368],[7.4639164,46.959348],[7.463918,46.9593489],[7.4639423,46.9593693],[7.4639681,46.9593943],[7.4639779,46.9594048],[7.4639904,46.9594181],[7.4639989,46.9594296],[7.4640469,46.959494],[7.4640878,46.9595488]]}},{"type":"Feature","properties":{"art":"tram"},"geometry":{"type":"LineString","coordinates":[[7.4667864,46.9414198],[7.4668523,46.941375],[7.4670793,46.9412259],[7.4674073,46.9410147],[7.4676286,46.9408768],[7.4678795,46.9407181],[7.4682419,46.9404894],[7.4684993,46.9403396],[7.468769,46.9402008],[7.4690269,46.9400781],[7.4691804,46.9400091],[7.4696499,46.9398136],[7.4699208,46.9396974],[7.4700332,46.9396482],[7.4701984,46.9395759],[7.4714429,46.9390397],[7.4715569,46.9389911],[7.4749099,46.9375613],[7.4756051,46.9372599],[7.4757584,46.9371926],[7.4757808,46.9371834]]}},{"type":"Feature","properties":{"art":"tram"},"geometry":{"type":"LineString","coordinates":[[7.4659622,46.9415871],[7.4660242,46.9415974],[7.466081,46.9416054],[7.4661139,46.9416081],[7.4661651,46.9416101],[7.4661948,46.9416104],[7.466225,46.9416104],[7.4662631,46.9416087],[7.4662952,46.9416061],[7.4663288,46.9416025],[7.466354,46.9415985],[7.4663827,46.9415936],[7.4664405,46.941582],[7.4664559,46.9415773],[7.4664821,46.9415697],[7.4665292,46.9415549],[7.4665754,46.9415369],[7.4666051,46.9415241],[7.466628,46.941513],[7.4667453,46.9414466],[7.4667864,46.9414198]]}},{"type":"Feature","properties":{"art":"tram"},"geometry":{"type":"LineString","coordinates":[[7.4813472,46.9380623],[7.4816784,46.9379909],[7.4818931,46.9379459],[7.4819713,46.9379312],[7.4820749,46.9379145],[7.4821859,46.9378978],[7.4823612,46.9378775],[7.4825384,46.9378625],[7.4829971,46.9378374],[7.4849295,46.937737]]}},{"type":"Feature","properties":{"art":"tram"},"geometry":{"type":"LineString","coordinates":[[7.4757808,46.9371834],[7.4758551,46.9371496],[7.4761094,46.937033],[7.4761361,46.9370169],[7.4761757,46.9369936],[7.4762396,46.9369619],[7.4762826,46.9369385],[7.476344,46.9369036],[7.4764247,46.936862],[7.476486,46.9368335],[7.4765438,46.9368071],[7.4766649,46.9367545],[7.4769489,46.9366308],[7.4770579,46.9365847],[7.4772111,46.936518],[7.4772351,46.9365079],[7.4773896,46.9364426],[7.4774875,46.9364013],[7.4776273,46.9363468],[7.4777576,46.9362985]]}},{"type":"Feature","properties":{"art":"tram"},"geometry":{"type":"LineString","coordinates":[[7.4774211,46.9364634],[7.4772595,46.9365331],[7.4766041,46.9368159],[7.4765673,46.9368319],[7.4764498,46.936888],[7.4763905,46.9369167],[7.4763227,46.9369569],[7.4762798,46.9369815],[7.4762232,46.9370117],[7.4761574,46.9370472],[7.4761338,46.9370594],[7.4760212,46.9371137],[7.4759569,46.9371411],[7.4758768,46.9371738],[7.4757355,46.9372371]]}},{"type":"Feature","properties":{"art":"tram"},"geometry":{"type":"LineString","coordinates":[[7.4786914,46.9379196],[7.4792705,46.938197],[7.4793633,46.9382379]]}},{"type":"Feature","properties":{"art":"tram"},"geometry":{"type":"LineString","coordinates":[[7.4793633,46.9382379],[7.4794394,46.9382663],[7.479501,46.9382856],[7.4795603,46.9383014],[7.4796286,46.9383158],[7.479705,46.9383277],[7.4797795,46.9383356],[7.4798635,46.9383402],[7.4799539,46.9383396],[7.4800198,46.9383363],[7.4800819,46.9383306],[7.4801435,46.9383223],[7.4802039,46.9383137],[7.4802633,46.9383025],[7.4803833,46.9382765],[7.480974,46.9381462]]}},{"type":"Feature","properties":{"art":"tram"},"geometry":{"type":"LineString","coordinates":[[7.480974,46.9381462],[7.4813472,46.9380623]]}},{"type":"Feature","properties":{"art":"tram"},"geometry":{"type":"LineString","coordinates":[[7.4855815,46.9376914],[7.4856227,46.93768],[7.4856615,46.9376663],[7.4857028,46.9376488],[7.4857304,46.9376319],[7.485755,46.937614],[7.4857789,46.9375948],[7.4858004,46.9375741],[7.4859018,46.9374679],[7.4859874,46.9373762],[7.4860336,46.9373438],[7.486081,46.9373207],[7.4861372,46.9373037],[7.4861969,46.9372951],[7.4862554,46.9372954],[7.4863172,46.9373044],[7.4863774,46.9373236],[7.4864293,46.9373497],[7.4864703,46.9373848],[7.4864959,46.9374206],[7.4865108,46.937458],[7.4865143,46.937508],[7.4865049,46.9375513],[7.4864776,46.9375933],[7.4864454,46.9376234],[7.4864115,46.9376473],[7.4863618,46.9376678],[7.4863021,46.9376833],[7.4862484,46.9376904],[7.4861466,46.9376966],[7.4859828,46.9377052],[7.4855785,46.9377256]]}},{"type":"Feature","properties":{"art":"tram"},"geometry":{"type":"LineString","coordinates":[[7.4849295,46.937737],[7.4853492,46.9377146]]}},{"type":"Feature","properties":{"art":"tram"},"geometry":{"type":"LineString","coordinates":[[7.4853492,46.9377146],[7.4854207,46.9377092],[7.4854867,46.937704],[7.48553,46.9377001],[7.4855815,46.9376914]]}},{"type":"Feature","properties":{"art":"rail"},"geometry":{"type":"LineString","coordinates":[[7.3838831,46.8842861],[7.3836586,46.8840823],[7.3835483,46.883992],[7.3834285,46.8839029],[7.3833553,46.8838536],[7.3832764,46.8838059],[7.3830991,46.883708],[7.3829384,46.8836341],[7.3827727,46.8835694],[7.3826701,46.8835347],[7.3825591,46.8835008],[7.3824476,46.8834709],[7.3823245,46.883442],[7.3822009,46.883416],[7.3819516,46.8833676],[7.3816937,46.8833187],[7.3814543,46.8832714],[7.3812065,46.8832184],[7.3809629,46.8831607],[7.3807392,46.8831007],[7.3806301,46.8830693],[7.3805208,46.8830369],[7.3802961,46.8829626],[7.3800742,46.8828826],[7.37985,46.8827925],[7.3797364,46.882746],[7.3796244,46.8826962],[7.3795047,46.8826396],[7.3793887,46.8825837],[7.3792703,46.8825238],[7.3791561,46.8824627],[7.3789927,46.8823695],[7.378891,46.8823102],[7.3787854,46.882245],[7.3786768,46.8821739],[7.3785725,46.8821033],[7.3783861,46.8819674],[7.3782073,46.8818262],[7.3780876,46.881723],[7.37797,46.8816175],[7.3778578,46.8815101],[7.377751,46.8814024],[7.3775968,46.8812358],[7.3774464,46.881068],[7.377142,46.8807288],[7.3770758,46.8806573],[7.3770086,46.8805868],[7.376869,46.8804469],[7.3767236,46.88031],[7.3765718,46.8801744],[7.3764922,46.8801089]]}},{"type":"Feature","properties":{"art":"rail"},"geometry":{"type":"LineString","coordinates":[[7.3843144,46.8846883],[7.3838831,46.8842861]]}},{"type":"Feature","properties":{"art":"rail"},"geometry":{"type":"LineString","coordinates":[[7.387338,46.8860007],[7.3874794,46.8860869],[7.3875888,46.8861518],[7.3877973,46.8862755],[7.3880345,46.8864171],[7.3889155,46.8869383]]}},{"type":"Feature","properties":{"art":"tram"},"geometry":{"type":"LineString","coordinates":[[7.4515305,46.9553325],[7.4516356,46.9555503],[7.4517275,46.9557429],[7.4518684,46.9560324],[7.4519169,46.9561327],[7.4520603,46.9564233]]}},{"type":"Feature","properties":{"art":"rail"},"geometry":{"type":"LineString","coordinates":[[7.5202174,46.9259121],[7.5169037,46.927769],[7.5159305,46.9283143]]}},{"type":"Feature","properties":{"art":"rail"},"geometry":{"type":"LineString","coordinates":[[7.3262026,46.8877423],[7.3236454,46.8879212],[7.3229222,46.8879719],[7.3215269,46.8880695],[7.3212177,46.8880929],[7.3209091,46.8881191],[7.3206849,46.8881427],[7.3204099,46.8881743],[7.3201368,46.8882109],[7.3198637,46.8882494],[7.3192171,46.8883429],[7.3189224,46.8883847],[7.3187462,46.8884098],[7.3186302,46.888424],[7.318423,46.8884489],[7.3182155,46.8884723],[7.3180089,46.8884922],[7.3178016,46.8885104],[7.3174192,46.8885449],[7.3169375,46.888586]]}},{"type":"Feature","properties":{"art":"rail"},"geometry":{"type":"LineString","coordinates":[[7.4254301,46.9501717],[7.4254013,46.9501883],[7.4248316,46.9505113],[7.4242123,46.9508665],[7.4239039,46.9510391],[7.4237495,46.951125],[7.4235664,46.9512217],[7.4234512,46.9512791],[7.4232592,46.9513796],[7.4231107,46.951451],[7.4229502,46.951522],[7.4227265,46.9516134],[7.422614,46.9516556],[7.422499,46.9516963],[7.4222201,46.9517868],[7.4221417,46.9518088],[7.4220473,46.9518346],[7.4218576,46.9518808],[7.4216669,46.9519215],[7.4214676,46.951958],[7.421264,46.9519882],[7.4211294,46.9520052],[7.4209941,46.9520185],[7.4207654,46.9520322],[7.4203675,46.9520527],[7.420255,46.9520534],[7.4200618,46.9520514],[7.4198779,46.9520462],[7.419701,46.9520381],[7.4195232,46.9520269],[7.4193443,46.9520125],[7.4191663,46.9519933],[7.4189739,46.9519683],[7.4187998,46.9519409],[7.4186248,46.9519093],[7.4184573,46.9518746],[7.4182869,46.951835],[7.4181185,46.9517911],[7.4179521,46.9517435],[7.4177888,46.951692],[7.4176249,46.9516357],[7.4174641,46.951576],[7.4173051,46.9515119],[7.4171506,46.9514436],[7.4170014,46.9513738],[7.4168598,46.9513012],[7.4167214,46.9512251],[7.4165868,46.9511456],[7.4164568,46.9510623],[7.4163295,46.9509756],[7.4162078,46.9508868],[7.4160876,46.9507963],[7.4156144,46.9504229],[7.4154935,46.9503301],[7.4153719,46.9502398],[7.4152506,46.9501535],[7.4151272,46.9500691],[7.4149839,46.9499766],[7.41484,46.9498846],[7.4147201,46.9498094],[7.4146595,46.9497714]]}},{"type":"Feature","properties":{"art":"rail"},"geometry":{"type":"LineString","coordinates":[[7.3754776,46.9441051],[7.3734065,46.9436118],[7.3725564,46.9434005],[7.3712594,46.9430712]]}},{"type":"Feature","properties":{"art":"tram"},"geometry":{"type":"LineString","coordinates":[[7.4757808,46.9371834],[7.4758633,46.9371587],[7.4758825,46.9371527],[7.4759048,46.9371483],[7.4759569,46.9371411],[7.4759842,46.937138],[7.4760193,46.937134],[7.4760929,46.9371303],[7.4761707,46.9371315],[7.4762235,46.937138],[7.4762629,46.9371442],[7.4768504,46.9372688],[7.476973,46.9372934],[7.4770896,46.9373175],[7.477274,46.9373553],[7.477414,46.9373846],[7.4775557,46.937417],[7.4776162,46.9374341],[7.4776787,46.937453],[7.477801,46.9374955],[7.4779342,46.9375514],[7.4780695,46.9376141],[7.4782132,46.9376848],[7.4786914,46.9379196]]}},{"type":"Feature","properties":{"art":"tram"},"geometry":{"type":"LineString","coordinates":[[7.4665972,46.9415653],[7.4665598,46.9415833],[7.4665203,46.9415995],[7.4665005,46.9416062],[7.4664532,46.9416203],[7.4664015,46.9416302],[7.46637,46.9416355],[7.4663406,46.9416395],[7.4663001,46.941643],[7.4662671,46.9416444],[7.4662333,46.9416444],[7.466182,46.9416433],[7.4661595,46.9416421],[7.466134,46.9416398],[7.4661005,46.9416357],[7.4660685,46.9416306],[7.4660305,46.9416244],[7.4659246,46.941607]]}},{"type":"Feature","properties":{"art":"rail"},"geometry":{"type":"LineString","coordinates":[[7.3134582,46.888348],[7.3130051,46.8882059],[7.3125772,46.8880358],[7.3122609,46.8878873],[7.3119647,46.8877336],[7.3116743,46.8875614],[7.3114391,46.8873877]]}},{"type":"Feature","properties":{"art":"rail"},"geometry":{"type":"LineString","coordinates":[[7.3169375,46.888586],[7.3165195,46.8886224],[7.3163125,46.8886377],[7.316105,46.8886488],[7.3159097,46.8886553],[7.3157145,46.8886582],[7.3155207,46.8886553],[7.3153268,46.8886492],[7.3151321,46.8886384],[7.3149379,46.888623],[7.3147426,46.8886027],[7.3145484,46.8885789],[7.3143557,46.8885499],[7.3141657,46.8885169],[7.3139761,46.8884784],[7.3137898,46.888435],[7.3136214,46.8883939],[7.3134582,46.888348]]}},{"type":"Feature","properties":{"art":"rail"},"geometry":{"type":"LineString","coordinates":[[7.3518747,46.8922492],[7.3518363,46.8921372],[7.3517938,46.8920257]]}},{"type":"Feature","properties":{"art":"tram"},"geometry":{"type":"LineString","coordinates":[[7.4651766,46.9664426],[7.4651716,46.9664769],[7.4651685,46.9664903],[7.4651658,46.9665007],[7.4651606,46.966514],[7.465153,46.9665285],[7.4651443,46.9665424],[7.4651347,46.9665559],[7.4651224,46.9665692],[7.4651074,46.9665814],[7.4650905,46.9665927],[7.4650748,46.9666031],[7.4650561,46.9666128],[7.4650381,46.9666204],[7.4650164,46.9666282],[7.4649978,46.9666336],[7.4649767,46.9666375],[7.4649577,46.9666404],[7.464932,46.9666433],[7.4649051,46.9666441],[7.4643962,46.9666362],[7.4643292,46.9666346],[7.4642871,46.9666326],[7.4642636,46.9666301],[7.4642355,46.966625],[7.4642165,46.96662],[7.4642011,46.9666156],[7.4641878,46.9666109],[7.4641672,46.9666021],[7.4641418,46.9665888],[7.4641189,46.9665732],[7.4641024,46.9665592],[7.4640897,46.9665452],[7.464081,46.9665348],[7.4640737,46.9665242],[7.4640681,46.966514],[7.4640602,46.9664958],[7.4640573,46.9664879],[7.4640546,46.9664774],[7.4640529,46.9664593],[7.4640533,46.9664438],[7.4640542,46.96643],[7.4640618,46.9663956]]}},{"type":"Feature","properties":{"art":"tram"},"geometry":{"type":"LineString","coordinates":[[7.463949,46.9594524],[7.4639229,46.9594222],[7.4638987,46.9593981],[7.4638658,46.959376],[7.4638339,46.9593612],[7.4637919,46.9593468],[7.4637737,46.9593433],[7.4637577,46.9593396],[7.4637296,46.9593348]]}},{"type":"Feature","properties":{"art":"rail"},"geometry":{"type":"LineString","coordinates":[[7.4702744,46.9704461],[7.4702211,46.9703327],[7.4701532,46.9702204],[7.4700695,46.9700903],[7.4700116,46.9699988],[7.4698779,46.9698085],[7.4697949,46.9696963],[7.4697007,46.9695765],[7.469607,46.9694565],[7.4695204,46.9693425],[7.4694329,46.9692286],[7.4693533,46.9691175],[7.4692745,46.9690044],[7.4692079,46.9688939],[7.4691475,46.9687797],[7.4691105,46.9687024],[7.4690746,46.9686163],[7.4690393,46.9685175],[7.4690107,46.9684193],[7.4689841,46.9683262],[7.4689697,46.9682342],[7.4689579,46.9681247],[7.4689517,46.9680178],[7.4689571,46.9678879],[7.4689673,46.9677536],[7.4689808,46.9676585],[7.4689925,46.9675874],[7.469009,46.9675159],[7.4690311,46.9674398],[7.4690546,46.9673673],[7.4690933,46.9672642],[7.469143,46.9671576],[7.4691985,46.9670562],[7.4692565,46.9669569],[7.4693009,46.966889],[7.4693519,46.9668199],[7.4694207,46.9667272],[7.4695055,46.9666319],[7.4695965,46.9665383],[7.4697363,46.9664073],[7.4698261,46.9663331],[7.4699106,46.9662664],[7.469995,46.9662063]]}},{"type":"Feature","properties":{"art":"rail"},"geometry":{"type":"LineString","coordinates":[[7.4702751,46.9709092],[7.4703135,46.97103],[7.4703498,46.9711764],[7.4703823,46.9713096],[7.4704055,46.971521],[7.4704137,46.971643],[7.470419,46.9717669],[7.4704168,46.9718905],[7.4704093,46.9720154],[7.4703966,46.9721364],[7.470377,46.9722578],[7.4703488,46.9724022],[7.4703106,46.9725443],[7.4702634,46.9726959],[7.4702139,46.9728251],[7.4701743,46.9729228],[7.4701309,46.9730172],[7.4701244,46.9730322],[7.4700628,46.9731579],[7.4700069,46.9732643],[7.4699227,46.9734178],[7.4698594,46.9735308]]}},{"type":"Feature","properties":{"art":"rail"},"geometry":{"type":"LineString","coordinates":[[7.4673232,46.9781311],[7.4676461,46.977556],[7.4681034,46.9767407],[7.4684074,46.9762047],[7.4685368,46.9759721],[7.4688065,46.975501]]}},{"type":"Feature","properties":{"art":"rail"},"geometry":{"type":"LineString","coordinates":[[7.444735,46.9610506],[7.4449198,46.9612392],[7.4452234,46.9615562],[7.445487,46.9618288],[7.4456991,46.9620411],[7.4458219,46.962156],[7.4459471,46.9622698],[7.4462044,46.962479],[7.4463353,46.9625758],[7.4464731,46.9626709],[7.4466153,46.9627654],[7.4467636,46.9628581],[7.4469133,46.9629456],[7.4470673,46.9630301],[7.4472237,46.9631128],[7.4473857,46.9631911],[7.4475314,46.9632573],[7.4476796,46.9633215],[7.4477865,46.9633638],[7.4477931,46.9633678]]}},{"type":"Feature","properties":{"art":"rail"},"geometry":{"type":"LineString","coordinates":[[7.470459,46.9708983],[7.4703791,46.9706873],[7.4702744,46.9704461]]}},{"type":"Feature","properties":{"art":"rail"},"geometry":{"type":"LineString","coordinates":[[7.4703286,46.9709063],[7.4702422,46.9706719],[7.4701511,46.9704694]]}},{"type":"Feature","properties":{"art":"rail"},"geometry":{"type":"LineString","coordinates":[[7.470102,46.9704788],[7.4701888,46.9706836],[7.4702751,46.9709092]]}},{"type":"Feature","properties":{"art":"rail"},"geometry":{"type":"LineString","coordinates":[[7.4679324,46.9771983],[7.4680425,46.9769939],[7.4681211,46.9768458],[7.4682424,46.9766082],[7.4684278,46.976224],[7.4685759,46.9759276],[7.4688065,46.975501]]}},{"type":"Feature","properties":{"art":"rail"},"geometry":{"type":"LineString","coordinates":[[7.4683948,46.9764691],[7.4685444,46.9761892],[7.4687389,46.9757855],[7.4689034,46.9754742]]}},{"type":"Feature","properties":{"art":"rail"},"geometry":{"type":"LineString","coordinates":[[7.4688644,46.9753954],[7.4689518,46.975244],[7.4690171,46.975138],[7.4690898,46.9750247],[7.4691643,46.9749113],[7.4692684,46.9747562],[7.4693915,46.974571],[7.4694539,46.9744752],[7.4695074,46.9743921],[7.4696484,46.9741528]]}},{"type":"Feature","properties":{"art":"rail"},"geometry":{"type":"LineString","coordinates":[[7.4698594,46.9735308],[7.469708,46.9738081],[7.4696243,46.9739722],[7.4694393,46.974344],[7.4692742,46.9746612],[7.46917,46.9748519]]}},{"type":"Feature","properties":{"art":"rail"},"geometry":{"type":"LineString","coordinates":[[7.4635553,46.966851],[7.4633849,46.9668343],[7.4632374,46.9668188],[7.4631216,46.9668035],[7.4630105,46.9667875],[7.4628449,46.9667611],[7.4627121,46.9667377],[7.4625846,46.9667117],[7.462368,46.9666646],[7.4622621,46.9666391],[7.462156,46.9666119],[7.4619095,46.9665466],[7.461638,46.9664723],[7.4613173,46.9663869]]}},{"type":"Feature","properties":{"art":"rail"},"geometry":{"type":"LineString","coordinates":[[7.469995,46.9662063],[7.4700652,46.9661585],[7.4701462,46.966105],[7.4702639,46.9660352],[7.4703854,46.965968],[7.4705086,46.9659047],[7.4706344,46.9658483],[7.4707438,46.9658023],[7.4708571,46.9657579],[7.4709631,46.9657194],[7.4710707,46.9656818],[7.4712244,46.9656319],[7.4713463,46.9655943],[7.4714694,46.9655574]]}},{"type":"Feature","properties":{"art":"rail"},"geometry":{"type":"LineString","coordinates":[[7.4589302,46.9657767],[7.4578242,46.9655138],[7.4574157,46.9654166],[7.4563225,46.9651551]]}},{"type":"Feature","properties":{"art":"rail"},"geometry":{"type":"LineString","coordinates":[[7.4701511,46.9704694],[7.4700958,46.9703627],[7.4700333,46.9702518],[7.4699537,46.9701245],[7.4698659,46.9699969],[7.4697687,46.9698705],[7.4696673,46.9697469],[7.4695623,46.9696291],[7.4694565,46.9695207],[7.4693337,46.9694036],[7.4692099,46.9692948],[7.4690743,46.9691834],[7.4689386,46.9690794],[7.4688129,46.9689925],[7.4686983,46.9689144],[7.4685684,46.9688334],[7.4684431,46.9687594],[7.4683547,46.9687072],[7.4682542,46.9686559],[7.4681498,46.9686028],[7.4680478,46.968553],[7.4679267,46.9684968],[7.4678095,46.9684457],[7.4676676,46.9683876],[7.4675438,46.9683388],[7.4674618,46.9683086],[7.4673637,46.9682749]]}},{"type":"Feature","properties":{"art":"rail"},"geometry":{"type":"LineString","coordinates":[[7.4673391,46.9683051],[7.4674358,46.9683378],[7.4675211,46.9683696],[7.4676435,46.9684175],[7.4677819,46.9684749],[7.4679038,46.9685277],[7.4680199,46.968582],[7.4681267,46.9686334],[7.4682236,46.9686838],[7.4683245,46.9687371],[7.4684166,46.9687889],[7.4685426,46.968862],[7.4686641,46.9689402],[7.4687833,46.9690197],[7.4689026,46.9691048],[7.4690373,46.9692066],[7.4691679,46.9693146],[7.4692914,46.9694231],[7.4694128,46.9695389],[7.4695212,46.9696495],[7.4696233,46.9697638],[7.4697237,46.9698856],[7.4698204,46.9700112],[7.4699055,46.9701354],[7.4699684,46.9702347],[7.4700482,46.9703728],[7.470102,46.9704788]]}},{"type":"Feature","properties":{"art":"rail"},"geometry":{"type":"LineString","coordinates":[[7.4699601,46.9661819],[7.4698661,46.9662496],[7.4697769,46.9663195],[7.4696971,46.9663873],[7.4695601,46.9665135],[7.469464,46.9666085],[7.4693809,46.9667024],[7.4693106,46.9667987],[7.469258,46.9668726],[7.4692119,46.9669423],[7.4691513,46.9670453],[7.4690961,46.9671468],[7.4690462,46.9672555],[7.4690067,46.9673577],[7.4689821,46.9674338],[7.4689601,46.9675098],[7.4689422,46.9675844],[7.4689271,46.9676603],[7.4689149,46.967752],[7.4689032,46.967893],[7.4689002,46.96802],[7.4689065,46.9681263],[7.4689216,46.9682382],[7.4689368,46.9683334],[7.4689615,46.9684303],[7.4689904,46.9685265],[7.4690262,46.9686231],[7.4690634,46.9687106],[7.4691017,46.9687917],[7.4691627,46.9689068],[7.4692309,46.9690178],[7.4693067,46.9691296],[7.4693898,46.9692456],[7.4694728,46.9693556],[7.469565,46.9694746],[7.4696562,46.9695906],[7.4697513,46.9697157],[7.46983,46.9698214],[7.4700607,46.9701617]]}},{"type":"Feature","properties":{"art":"rail"},"geometry":{"type":"LineString","coordinates":[[7.4429772,46.9566583],[7.4429774,46.956663],[7.4430124,46.9578225],[7.4430249,46.9580679],[7.4430485,46.9583114],[7.4431008,46.9585544],[7.4431607,46.958791],[7.4432489,46.9590279],[7.4433617,46.9592609],[7.4434868,46.9594902],[7.4436334,46.9597077],[7.4438007,46.9599242],[7.4439846,46.960133],[7.4442274,46.9603916],[7.4442304,46.9603948]]}},{"type":"Feature","properties":{"art":"rail"},"geometry":{"type":"LineString","coordinates":[[7.4441821,46.9604184],[7.4441775,46.9604135],[7.4439345,46.9601556],[7.4437445,46.9599464],[7.443579,46.9597266],[7.4434323,46.9595065],[7.4433041,46.9592766],[7.4431893,46.9590399],[7.4431056,46.9588014],[7.4430375,46.9585608],[7.4429932,46.9583152],[7.4429655,46.9580698],[7.4429526,46.9578236],[7.4429192,46.9566649],[7.442919,46.9566592]]}},{"type":"Feature","properties":{"art":"rail"},"geometry":{"type":"LineString","coordinates":[[7.4410359,46.9525329],[7.4411112,46.9526503],[7.4413773,46.9530775],[7.4417466,46.9537251],[7.4417492,46.9537297]]}},{"type":"Feature","properties":{"art":"rail"},"geometry":{"type":"LineString","coordinates":[[7.4412984,46.9528516],[7.4410026,46.9523831]]}},{"type":"Feature","properties":{"art":"rail"},"geometry":{"type":"LineString","coordinates":[[7.4413965,46.9529092],[7.4414795,46.95305],[7.4418436,46.9536993],[7.441846,46.9537036]]}},{"type":"Feature","properties":{"art":"rail"},"geometry":{"type":"LineString","coordinates":[[7.4442701,46.9603769],[7.4442671,46.9603737],[7.4440233,46.9601156],[7.4438401,46.9599086],[7.4436728,46.9596939],[7.4435299,46.9594773],[7.4434065,46.9592521],[7.4432906,46.9590195],[7.443205,46.958784],[7.4431461,46.9585498],[7.4431004,46.9583078],[7.4430747,46.9580662],[7.4430648,46.9578215],[7.4430262,46.9566627],[7.4430261,46.9566575]]}},{"type":"Feature","properties":{"art":"rail"},"geometry":{"type":"LineString","coordinates":[[7.4458247,46.9619796],[7.4456161,46.961771],[7.4453504,46.9614968],[7.4450472,46.9611816],[7.4448701,46.9609974]]}},{"type":"Feature","properties":{"art":"rail"},"geometry":{"type":"LineString","coordinates":[[7.4453938,46.9615983],[7.4455759,46.9617874],[7.4457857,46.9619987],[7.4459082,46.9621121],[7.4460333,46.9622247],[7.446164,46.962331],[7.4462834,46.9624281],[7.4464152,46.9625262],[7.4465494,46.9626206],[7.4466874,46.9627137],[7.4468339,46.9628024],[7.4469812,46.9628892],[7.4471314,46.9629735],[7.4472884,46.9630534],[7.4474488,46.9631302],[7.4475907,46.9631968],[7.4478418,46.9633021],[7.4479461,46.9633432],[7.4480411,46.9633791],[7.4481432,46.9634158],[7.4482466,46.9634516],[7.448345,46.9634842],[7.4484451,46.9635162],[7.4485467,46.9635472],[7.4486478,46.9635763],[7.4488276,46.9636262]]}},{"type":"Feature","properties":{"art":"rail"},"geometry":{"type":"LineString","coordinates":[[7.4478158,46.9633391],[7.4478103,46.9633382],[7.4474973,46.9632041],[7.4473995,46.9631612],[7.4470888,46.9630029],[7.4467906,46.9628362],[7.4464998,46.9626508],[7.4462413,46.9624568],[7.4459952,46.9622612],[7.445861,46.9621421],[7.4457371,46.9620225],[7.4455268,46.9618102],[7.4453456,46.9616238]]}},{"type":"Feature","properties":{"art":"tram"},"geometry":{"type":"LineString","coordinates":[[7.4524361,46.9282004],[7.4524441,46.9281903],[7.4524573,46.9281677],[7.452465,46.9281524],[7.4524747,46.9281235],[7.4524819,46.9280914],[7.4524868,46.9280671],[7.4524872,46.9280369],[7.4524803,46.9279758],[7.4524835,46.9279486],[7.4524954,46.9279214],[7.4525098,46.9279003],[7.4525411,46.9278734],[7.4525815,46.9278519],[7.4526164,46.9278412],[7.4526589,46.9278349],[7.4527529,46.9278305],[7.452786,46.9278329],[7.4528284,46.9278411],[7.452866,46.9278558],[7.4528982,46.9278762],[7.4529254,46.9279035]]}},{"type":"Feature","properties":{"art":"tram"},"geometry":{"type":"LineString","coordinates":[[7.4373762,46.9347833],[7.4372425,46.9348204],[7.4371731,46.9348355],[7.4370898,46.9348537],[7.4369614,46.9348742],[7.4368417,46.9348869],[7.4365708,46.9349153],[7.4364823,46.9349258],[7.4363645,46.9349419],[7.4362333,46.9349616],[7.436031,46.9349914],[7.4359042,46.9350092],[7.4355521,46.935036],[7.4355141,46.9350389],[7.4354337,46.9350489],[7.4354006,46.9350557],[7.4353728,46.9350603],[7.4353127,46.9350739],[7.4352764,46.9350846],[7.4337828,46.9355437],[7.4337627,46.9355499],[7.4336545,46.9355863],[7.433576,46.9356163],[7.4334761,46.9356601],[7.4334101,46.9356922],[7.4333114,46.935746],[7.4332044,46.935816]]}},{"type":"Feature","properties":{"art":"tram"},"geometry":{"type":"LineString","coordinates":[[7.432973,46.9359703],[7.4329907,46.9359578],[7.4331695,46.935805],[7.4332851,46.9357316],[7.4333132,46.9357127],[7.4333154,46.935711],[7.4334547,46.9356406],[7.4335506,46.9355981],[7.4336366,46.9355639],[7.433745,46.9355262],[7.4339386,46.9354664]]}},{"type":"Feature","properties":{"art":"tram"},"geometry":{"type":"LineString","coordinates":[[7.4331484,46.9353815],[7.4331253,46.9353407],[7.4331045,46.9353008],[7.4330896,46.9352795],[7.4330603,46.9352458],[7.432829,46.9350093]]}},{"type":"Feature","properties":{"art":"tram"},"geometry":{"type":"LineString","coordinates":[[7.4332888,46.9355251],[7.4332207,46.9354536],[7.4331484,46.9353815],[7.4331006,46.9353328],[7.4328017,46.9350271]]}},{"type":"Feature","properties":{"art":"tram"},"geometry":{"type":"LineString","coordinates":[[7.4332207,46.9354536],[7.4331534,46.935407],[7.4331413,46.9353986],[7.4330203,46.9353147],[7.4330122,46.9353092]]}},{"type":"Feature","properties":{"art":"tram"},"geometry":{"type":"LineString","coordinates":[[7.4330122,46.9353092],[7.4326912,46.9350913]]}},{"type":"Feature","properties":{"art":"tram"},"geometry":{"type":"LineString","coordinates":[[7.4331413,46.9353986],[7.4330832,46.9353694],[7.4330365,46.9353495],[7.43301,46.9353346],[7.4330003,46.9353284],[7.4329922,46.9353229]]}},{"type":"Feature","properties":{"art":"tram"},"geometry":{"type":"LineString","coordinates":[[7.4329922,46.9353229],[7.4326691,46.9351066]]}},{"type":"Feature","properties":{"art":"tram"},"geometry":{"type":"LineString","coordinates":[[7.4330396,46.935407],[7.4329975,46.9353779],[7.4329803,46.9353595],[7.4329676,46.9353508],[7.4329597,46.9353454]]}},{"type":"Feature","properties":{"art":"tram"},"geometry":{"type":"LineString","coordinates":[[7.4329597,46.9353454],[7.4326328,46.9351316]]}},{"type":"Feature","properties":{"art":"tram"},"geometry":{"type":"LineString","coordinates":[[7.4332256,46.9354942],[7.43313,46.9354471],[7.4330396,46.935407],[7.4329746,46.935379],[7.4329475,46.9353644],[7.4329395,46.9353593]]}},{"type":"Feature","properties":{"art":"tram"},"geometry":{"type":"LineString","coordinates":[[7.4329395,46.9353593],[7.4326117,46.9351462]]}},{"type":"Feature","properties":{"art":"tram"},"geometry":{"type":"LineString","coordinates":[[7.4330357,46.9354249],[7.4329902,46.935407],[7.4329419,46.9353843],[7.4329296,46.9353767],[7.4329215,46.9353717]]}},{"type":"Feature","properties":{"art":"tram"},"geometry":{"type":"LineString","coordinates":[[7.4329215,46.9353717],[7.4325938,46.9351585]]}},{"type":"Feature","properties":{"art":"tram"},"geometry":{"type":"LineString","coordinates":[[7.43313,46.9354471],[7.4330357,46.9354249],[7.4329751,46.9354106],[7.4329299,46.9353989],[7.4329091,46.9353912],[7.4329008,46.935386]]}},{"type":"Feature","properties":{"art":"tram"},"geometry":{"type":"LineString","coordinates":[[7.4329008,46.935386],[7.4325739,46.9351723]]}},{"type":"Feature","properties":{"art":"tram"},"geometry":{"type":"LineString","coordinates":[[7.4309066,46.941469],[7.4308851,46.9415198],[7.4308734,46.9415357],[7.4308663,46.9415454],[7.4308499,46.941563],[7.4308464,46.9415665],[7.4308289,46.94158],[7.4307971,46.9415994],[7.4307634,46.9416147],[7.4307507,46.9416185],[7.4307372,46.9416219],[7.4306403,46.9416456],[7.4306062,46.9416556]]}},{"type":"Feature","properties":{"art":"tram"},"geometry":{"type":"LineString","coordinates":[[7.4309616,46.9417316],[7.4309355,46.9417039],[7.430913,46.9416882],[7.4309045,46.9416822],[7.4308741,46.9416654],[7.4308413,46.941653],[7.430823,46.941648],[7.4308131,46.9416453],[7.430785,46.9416396],[7.4307472,46.9416359],[7.430733,46.9416354],[7.4307097,46.9416359],[7.4306849,46.9416386],[7.4306599,46.9416416],[7.4306403,46.9416456]]}},{"type":"Feature","properties":{"art":"tram"},"geometry":{"type":"LineString","coordinates":[[7.4302295,46.9416882],[7.4302036,46.9416852],[7.4301803,46.9416819],[7.4301655,46.9416792],[7.4301496,46.9416753],[7.430133,46.9416707],[7.4301113,46.9416636],[7.4300655,46.9416432],[7.4299503,46.9415875],[7.4299413,46.9415853],[7.4299299,46.9415836],[7.4299117,46.9415825],[7.4298974,46.9415825],[7.4298859,46.9415834],[7.4298623,46.941586],[7.4298391,46.9415902],[7.4298174,46.9415955],[7.4297903,46.9416034],[7.4294448,46.9417283],[7.4294074,46.9417429],[7.4293726,46.9417587],[7.4293177,46.9417841],[7.4292606,46.9418111],[7.4291396,46.9418735],[7.429085,46.9418993],[7.4290289,46.9419208],[7.428967,46.9419411],[7.4289171,46.9419547],[7.4288463,46.9419712]]}},{"type":"Feature","properties":{"art":"tram"},"geometry":{"type":"LineString","coordinates":[[7.4305063,46.9416791],[7.4304539,46.9416892],[7.4304177,46.9416922],[7.4303933,46.9416933],[7.4303666,46.9416932],[7.4302295,46.9416882],[7.4301664,46.9416852],[7.4301338,46.9416852],[7.4301107,46.9416882],[7.4300522,46.9417017]]}},{"type":"Feature","properties":{"art":"tram"},"geometry":{"type":"LineString","coordinates":[[7.4291254,46.9421034],[7.4301324,46.9418564]]}},{"type":"Feature","properties":{"art":"tram"},"geometry":{"type":"LineString","coordinates":[[7.4291384,46.9421282],[7.4301455,46.9418815]]}},{"type":"Feature","properties":{"art":"tram"},"geometry":{"type":"LineString","coordinates":[[7.430184,46.9419002],[7.4302246,46.9418903],[7.4302593,46.9418825],[7.4302919,46.9418725],[7.4303234,46.9418586],[7.4303486,46.9418428],[7.4303696,46.9418255]]}},{"type":"Feature","properties":{"art":"tram"},"geometry":{"type":"LineString","coordinates":[[7.4303666,46.9416932],[7.4302558,46.9416886],[7.43024,46.9416894],[7.4302247,46.9416908],[7.4302093,46.9416929],[7.4300655,46.9417274]]}},{"type":"Feature","properties":{"art":"tram"},"geometry":{"type":"LineString","coordinates":[[7.4291095,46.9419914],[7.4300797,46.9417547]]}},{"type":"Feature","properties":{"art":"tram"},"geometry":{"type":"LineString","coordinates":[[7.4290979,46.9420504],[7.4301047,46.9418032]]}},{"type":"Feature","properties":{"art":"tram"},"geometry":{"type":"LineString","coordinates":[[7.4291115,46.9420765],[7.4301189,46.9418305]]}},{"type":"Feature","properties":{"art":"tram"},"geometry":{"type":"LineString","coordinates":[[7.4290827,46.9419398],[7.4289987,46.9419598]]}},{"type":"Feature","properties":{"art":"tram"},"geometry":{"type":"LineString","coordinates":[[7.4291095,46.9419914],[7.429067,46.942002],[7.4290353,46.9420089],[7.4289735,46.9420189],[7.4289493,46.9420234],[7.4288819,46.942039]]}},{"type":"Feature","properties":{"art":"tram"},"geometry":{"type":"LineString","coordinates":[[7.4290963,46.9419672],[7.429029,46.9419828],[7.4290101,46.941985],[7.4289658,46.9419852],[7.4289236,46.9419886],[7.4288627,46.9420022]]}},{"type":"Feature","properties":{"art":"tram"},"geometry":{"type":"LineString","coordinates":[[7.4291396,46.9418735],[7.4291241,46.9418777],[7.4291092,46.9418806],[7.42908,46.9418831],[7.4290523,46.9418834],[7.4290295,46.9418837],[7.4289733,46.9418864],[7.4289493,46.9418894],[7.4289286,46.9418929],[7.4289064,46.9418976],[7.4288795,46.9419036],[7.4288186,46.9419176]]}},{"type":"Feature","properties":{"art":"tram"},"geometry":{"type":"LineString","coordinates":[[7.4290979,46.9420504],[7.4290705,46.9420572],[7.4290574,46.9420597],[7.4290107,46.9420657],[7.4289994,46.942068],[7.4289691,46.9420754]]}},{"type":"Feature","properties":{"art":"tram"},"geometry":{"type":"LineString","coordinates":[[7.4291115,46.9420765],[7.4289859,46.9421075]]}},{"type":"Feature","properties":{"art":"tram"},"geometry":{"type":"LineString","coordinates":[[7.4291254,46.9421034],[7.4289998,46.9421338]]}},{"type":"Feature","properties":{"art":"tram"},"geometry":{"type":"LineString","coordinates":[[7.4291384,46.9421282],[7.4290127,46.9421588]]}},{"type":"Feature","properties":{"art":"rail"},"geometry":{"type":"LineString","coordinates":[[7.4186343,46.9405164],[7.419711,46.9402796],[7.4212105,46.9399399],[7.4247012,46.9391818],[7.4249977,46.939115],[7.425213,46.9390626],[7.4254056,46.9390131],[7.4256355,46.9389453],[7.4258085,46.9388858],[7.4259946,46.9388181],[7.4261811,46.9387411],[7.4263554,46.9386577],[7.4265428,46.9385633],[7.4267463,46.9384483],[7.4268658,46.9383705],[7.4270153,46.9382706],[7.4271595,46.9381638]]}},{"type":"Feature","properties":{"art":"rail"},"geometry":{"type":"LineString","coordinates":[[7.4109075,46.9422016],[7.4142863,46.9414662],[7.4147691,46.9413604]]}},{"type":"Feature","properties":{"art":"rail"},"geometry":{"type":"LineString","coordinates":[[7.4163702,46.9410482],[7.4160481,46.9411149],[7.4157036,46.9411783],[7.4152574,46.9412593],[7.4148724,46.9413377]]}},{"type":"Feature","properties":{"art":"rail"},"geometry":{"type":"LineString","coordinates":[[7.4083918,46.946235],[7.4081757,46.9461451],[7.4080318,46.9460737],[7.4079267,46.9460158],[7.4078155,46.9459472],[7.4077094,46.9458756],[7.407613,46.9458013],[7.4075223,46.9457241],[7.4074378,46.9456419],[7.4073597,46.9455584],[7.4072846,46.9454676],[7.4072155,46.9453754],[7.4071595,46.9452871],[7.4071078,46.9451981],[7.4070683,46.9451154],[7.4070335,46.9450322]]}},{"type":"Feature","properties":{"art":"rail"},"geometry":{"type":"LineString","coordinates":[[7.4182922,46.9405912],[7.4186343,46.9405164]]}},{"type":"Feature","properties":{"art":"rail"},"geometry":{"type":"LineString","coordinates":[[7.4164734,46.9410256],[7.4167343,46.9409658],[7.4169337,46.9409177],[7.4171014,46.9408734],[7.4172891,46.9408249],[7.4174839,46.9407742],[7.4179392,46.9406705]]}},{"type":"Feature","properties":{"art":"rail"},"geometry":{"type":"LineString","coordinates":[[7.42894,46.9363868],[7.4286408,46.9366544],[7.4285603,46.9367269],[7.4284661,46.9368097],[7.4283972,46.9368743],[7.428159,46.9370802]]}},{"type":"Feature","properties":{"art":"rail"},"geometry":{"type":"LineString","coordinates":[[7.4299844,46.9355111],[7.4287519,46.9366214],[7.4286717,46.936694],[7.4285575,46.9368137]]}},{"type":"Feature","properties":{"art":"rail"},"geometry":{"type":"LineString","coordinates":[[7.4280625,46.9373725],[7.4295579,46.9360276],[7.4295996,46.9359899],[7.4304465,46.9352239],[7.430601,46.9350953],[7.4307673,46.9349594],[7.4310148,46.9347712],[7.4311403,46.9346697]]}},{"type":"Feature","properties":{"art":"rail"},"geometry":{"type":"LineString","coordinates":[[7.4295021,46.9358807],[7.4296103,46.935788],[7.429683,46.9357344],[7.4298394,46.9356269],[7.4298909,46.9355884],[7.4299844,46.9355111]]}},{"type":"Feature","properties":{"art":"rail"},"geometry":{"type":"LineString","coordinates":[[7.4280625,46.9373725],[7.4281413,46.9372961],[7.4282042,46.9372302],[7.4282844,46.9371378],[7.428455,46.9369342],[7.4285087,46.9368698],[7.4285575,46.9368137],[7.4287789,46.9365555],[7.4288156,46.93651],[7.4288624,46.9364617],[7.42894,46.9363868]]}},{"type":"Feature","properties":{"art":"rail"},"geometry":{"type":"LineString","coordinates":[[7.427465,46.9378565],[7.4282237,46.9371643],[7.4283398,46.937056],[7.428455,46.9369342]]}},{"type":"Feature","properties":{"art":"rail"},"geometry":{"type":"LineString","coordinates":[[7.4271595,46.9381638],[7.4273491,46.938009]]}},{"type":"Feature","properties":{"art":"rail"},"geometry":{"type":"LineString","coordinates":[[7.4273056,46.9494189],[7.4269073,46.9496386],[7.4264143,46.9499245],[7.4257683,46.950298],[7.4255838,46.9504035],[7.4254489,46.9504787],[7.4253085,46.9505548],[7.4251835,46.9506195],[7.4250581,46.9506825],[7.42493,46.9507442],[7.4248008,46.9508053],[7.4242112,46.9510781],[7.4236862,46.9513207],[7.4233553,46.9514724],[7.4231983,46.9515437],[7.4230383,46.9516131],[7.4228038,46.9517082],[7.4226472,46.951765],[7.4223678,46.9518592],[7.4223083,46.9518796],[7.422205,46.9519094],[7.4221027,46.9519379],[7.4219089,46.9519862],[7.421712,46.9520288],[7.4215054,46.9520673],[7.4212978,46.9520987],[7.4211581,46.9521162],[7.4210109,46.9521305],[7.4208471,46.9521423],[7.4206611,46.9521531],[7.4204299,46.9521555],[7.4202553,46.9521564],[7.4200617,46.9521527],[7.419872,46.9521473],[7.4196925,46.952139],[7.4195564,46.9521293],[7.4195137,46.9521272],[7.4193292,46.9521121],[7.4191349,46.9520914],[7.4189427,46.9520659],[7.4187672,46.9520391],[7.4185888,46.9520058],[7.4184096,46.9519693],[7.41823,46.9519282],[7.4180654,46.9518848],[7.4178947,46.9518366],[7.4177201,46.9517814],[7.417561,46.9517268],[7.4173915,46.9516635],[7.4172273,46.9515975],[7.4170652,46.9515262],[7.416921,46.9514577],[7.4167744,46.9513836],[7.4166272,46.9513046],[7.4164874,46.9512211],[7.4163542,46.9511351],[7.4162231,46.9510448],[7.4160992,46.9509555],[7.4159761,46.9508621],[7.4155009,46.9504875],[7.4153862,46.950399],[7.4152715,46.9503138],[7.4151494,46.950227],[7.4149842,46.9501152]]}},{"type":"Feature","properties":{"art":"rail"},"geometry":{"type":"LineString","coordinates":[[7.4131262,46.9416377],[7.4129376,46.941672],[7.4126764,46.9417052],[7.4125446,46.9417233],[7.4124035,46.9417434],[7.4122736,46.9417696],[7.4106714,46.9421203]]}},{"type":"Feature","properties":{"art":"rail"},"geometry":{"type":"LineString","coordinates":[[7.4109075,46.9422016],[7.4111734,46.9421211],[7.4112871,46.9420879],[7.4113978,46.9420581],[7.4115981,46.9420118],[7.4128147,46.941748]]}},{"type":"Feature","properties":{"art":"rail"},"geometry":{"type":"LineString","coordinates":[[7.4322757,46.9487003],[7.4319003,46.9486418],[7.4314763,46.9485852],[7.431132,46.9485591],[7.4307235,46.9485571],[7.4303506,46.9485833],[7.4301315,46.9486075],[7.4297007,46.9486903],[7.4287787,46.9488992],[7.4284453,46.9489789],[7.4280466,46.9490944],[7.4276483,46.9492488],[7.4273056,46.9494189]]}},{"type":"Feature","properties":{"art":"rail"},"geometry":{"type":"LineString","coordinates":[[7.4382542,46.9495706],[7.4380803,46.9494872],[7.437772,46.9493613],[7.4374621,46.9492381],[7.4371576,46.9491375],[7.4366126,46.9489897],[7.4362727,46.9489007]]}},{"type":"Feature","properties":{"art":"narrow_gauge"},"geometry":{"type":"LineString","coordinates":[[7.5604622,46.9307581],[7.5607511,46.9306416],[7.560899,46.9305904],[7.5609893,46.9305622],[7.5611027,46.9305313],[7.5612641,46.9304883],[7.5614406,46.9304442],[7.5616071,46.9303895],[7.561864,46.9302823],[7.5627395,46.9299167],[7.5627681,46.9299048]]}},{"type":"Feature","properties":{"art":"tram"},"geometry":{"type":"LineString","coordinates":[[7.5618889,46.9301133],[7.5618218,46.9301276],[7.561769,46.9301361],[7.5617434,46.9301384],[7.5616766,46.9301418],[7.5616183,46.9301425],[7.5615826,46.9301404],[7.5615426,46.930136],[7.5615008,46.9301296],[7.5614369,46.9301185],[7.5613858,46.9301119],[7.5612798,46.9301024]]}},{"type":"Feature","properties":{"art":"tram"},"geometry":{"type":"LineString","coordinates":[[7.5616073,46.9302267],[7.5615325,46.9302399],[7.5614837,46.9302452],[7.5614334,46.9302467],[7.5613853,46.9302461],[7.5613239,46.9302416],[7.5612545,46.9302348]]}},{"type":"Feature","properties":{"art":"tram"},"geometry":{"type":"LineString","coordinates":[[7.5620346,46.9300732],[7.5618889,46.9301133],[7.561783,46.930142]]}},{"type":"Feature","properties":{"art":"narrow_gauge"},"geometry":{"type":"LineString","coordinates":[[7.5607511,46.9306416],[7.5608938,46.9305815],[7.5609422,46.9305581],[7.5610015,46.9305286],[7.5610392,46.93051],[7.5611018,46.9304851],[7.5611532,46.9304657],[7.5612006,46.9304507],[7.5612519,46.930435],[7.5613112,46.9304198],[7.5614037,46.930396],[7.5614795,46.9303729],[7.5615425,46.9303509],[7.5616236,46.9303198],[7.561797,46.9302493]]}},{"type":"Feature","properties":{"art":"tram"},"geometry":{"type":"LineString","coordinates":[[7.5617434,46.9301384],[7.5616193,46.9301511],[7.5615513,46.9301562],[7.561502,46.9301568],[7.5614484,46.9301539],[7.5612735,46.9301371]]}},{"type":"Feature","properties":{"art":"tram"},"geometry":{"type":"LineString","coordinates":[[7.5617464,46.9301852],[7.5616705,46.9302108],[7.5616073,46.9302267],[7.5614892,46.9302526],[7.5614202,46.930266],[7.5613672,46.9302714],[7.561312,46.9302725],[7.5612475,46.9302706]]}},{"type":"Feature","properties":{"art":"tram"},"geometry":{"type":"LineString","coordinates":[[7.5620346,46.9300732],[7.561966,46.9300961],[7.5619085,46.9301171],[7.5617464,46.9301852],[7.5616416,46.9302281],[7.5615791,46.9302543],[7.5615248,46.9302756],[7.5614742,46.9302905],[7.5614218,46.9303019],[7.5613658,46.9303123],[7.5613151,46.9303182],[7.561249,46.930322],[7.5611731,46.9303195],[7.5611098,46.9303153],[7.5610282,46.9303085]]}},{"type":"Feature","properties":{"art":"tram"},"geometry":{"type":"LineString","coordinates":[[7.5617255,46.9301576],[7.561661,46.9301713],[7.5616061,46.93018],[7.5615547,46.9301849],[7.5615064,46.9301872],[7.5614612,46.9301864],[7.5614113,46.9301836],[7.5612667,46.9301705]]}},{"type":"Feature","properties":{"art":"tram"},"geometry":{"type":"LineString","coordinates":[[7.5015279,46.9365165],[7.5016408,46.9365246],[7.5018382,46.93652],[7.5020323,46.9364943],[7.5022252,46.9364495],[7.5023612,46.9363991],[7.5024886,46.9363405],[7.5026055,46.9362695],[7.5031782,46.9358198],[7.5035481,46.9355403],[7.5041564,46.935142],[7.5045537,46.9349494],[7.5048548,46.9348297]]}},{"type":"Feature","properties":{"art":"narrow_gauge"},"geometry":{"type":"LineString","coordinates":[[7.5586661,46.9334118],[7.5585972,46.9334091],[7.5585399,46.9334043],[7.5584936,46.9333973],[7.5583874,46.9333808],[7.5583208,46.9333723],[7.5582818,46.93337],[7.5582437,46.9333703]]}},{"type":"Feature","properties":{"art":"narrow_gauge"},"geometry":{"type":"LineString","coordinates":[[7.559296,46.9330743],[7.5592665,46.9331616],[7.5592534,46.9331945],[7.5592332,46.9332404],[7.5592035,46.9332887],[7.5591727,46.9333297],[7.5591436,46.9333619],[7.5590983,46.9333982],[7.5590415,46.9334363],[7.5589553,46.9334871],[7.55879,46.9335872],[7.5586711,46.9336568],[7.5586114,46.9336914],[7.5585586,46.9337157],[7.5585065,46.9337339],[7.5584545,46.9337479],[7.5584039,46.9337614],[7.5583493,46.9337705],[7.5583042,46.9337751]]}},{"type":"Feature","properties":{"art":"tram"},"geometry":{"type":"LineString","coordinates":[[7.5626392,46.9298597],[7.5626795,46.929845],[7.5627144,46.9298282],[7.5627489,46.9298071],[7.5627717,46.9297899],[7.5627969,46.9297676],[7.5628782,46.9296869],[7.562908,46.9296635],[7.5629421,46.929648],[7.5629768,46.9296386],[7.563006,46.929635],[7.5630396,46.9296336],[7.5630744,46.9296363],[7.5631052,46.9296421],[7.5631291,46.9296504],[7.5631511,46.9296589],[7.5631695,46.9296676],[7.5631901,46.9296847],[7.563214,46.9297084],[7.5632274,46.9297355],[7.563233,46.9297598],[7.5632328,46.9297886],[7.5632237,46.9298126],[7.5632085,46.9298349],[7.5631879,46.9298547],[7.5631633,46.9298714],[7.5631378,46.9298838],[7.5631091,46.9298933],[7.5630769,46.9298981],[7.5630471,46.9299026],[7.5630085,46.9299035],[7.5629311,46.9298857],[7.5628956,46.9298789],[7.5628498,46.929867],[7.5628327,46.9298655],[7.5627945,46.9298631],[7.5627546,46.9298654],[7.562708,46.9298745]]}},{"type":"Feature","properties":{"art":"narrow_gauge"},"geometry":{"type":"LineString","coordinates":[[7.5588694,46.9334708],[7.558793,46.933493],[7.5587484,46.9335025],[7.558687,46.9335116],[7.5586282,46.9335167],[7.5582693,46.9335414]]}},{"type":"Feature","properties":{"art":"narrow_gauge"},"geometry":{"type":"LineString","coordinates":[[7.5593722,46.9328176],[7.5593672,46.932868],[7.5593591,46.9329019],[7.5593306,46.9329802],[7.5592999,46.9330638]]}},{"type":"Feature","properties":{"art":"narrow_gauge"},"geometry":{"type":"LineString","coordinates":[[7.5589926,46.9334152],[7.5589313,46.9334465],[7.5588904,46.9334633],[7.5588694,46.9334708],[7.5587531,46.9335108],[7.5587064,46.9335264],[7.5586477,46.9335421],[7.558592,46.9335534],[7.5585254,46.9335622],[7.5584411,46.9335681],[7.5582749,46.9335791]]}},{"type":"Feature","properties":{"art":"narrow_gauge"},"geometry":{"type":"LineString","coordinates":[[7.5590019,46.933348],[7.5589322,46.9333725],[7.5588718,46.9333892],[7.5588216,46.9333988],[7.5587718,46.9334049],[7.5587169,46.9334106],[7.5586661,46.9334118],[7.5585382,46.9334137],[7.5584442,46.9334146],[7.5583473,46.933418],[7.5582519,46.9334238]]}},{"type":"Feature","properties":{"art":"narrow_gauge"},"geometry":{"type":"LineString","coordinates":[[7.5592435,46.9331712],[7.5591887,46.9332455],[7.5591253,46.9333211],[7.5590548,46.9333764],[7.5589926,46.9334152],[7.5588976,46.93347],[7.5588061,46.9335225],[7.5587707,46.9335411],[7.5587186,46.9335632],[7.5586634,46.9335814],[7.5586083,46.9335954],[7.5585604,46.9336046],[7.5585101,46.933611],[7.5584474,46.9336168],[7.5582822,46.9336281]]}},{"type":"Feature","properties":{"art":"tram"},"geometry":{"type":"LineString","coordinates":[[7.4199656,46.94451],[7.4200361,46.9445156],[7.4201329,46.9445233],[7.4201665,46.9445262],[7.4203832,46.9445449],[7.4204592,46.9445515],[7.4204998,46.944555],[7.4206677,46.9445668],[7.4207047,46.9445682],[7.4213142,46.9445915],[7.421396,46.944594]]}},{"type":"Feature","properties":{"art":"tram"},"geometry":{"type":"LineString","coordinates":[[7.4273128,46.9456566],[7.4271329,46.9456436],[7.4270749,46.9456395],[7.4270299,46.9456373],[7.4269833,46.945636],[7.4269175,46.9456358]]}},{"type":"Feature","properties":{"art":"tram"},"geometry":{"type":"LineString","coordinates":[[7.4189583,46.9405834],[7.4190021,46.9405804],[7.4190542,46.9405837],[7.4190963,46.9405953],[7.4191407,46.940614],[7.4192076,46.9406553],[7.4193253,46.9407252],[7.4193769,46.9407564],[7.4194175,46.9407811],[7.4194584,46.9408011],[7.4194786,46.940811],[7.4195076,46.9408198],[7.4195417,46.9408269],[7.4195971,46.9408302],[7.4196838,46.9408269]]}},{"type":"Feature","properties":{"art":"tram"},"geometry":{"type":"LineString","coordinates":[[7.4338948,46.9458873],[7.43387,46.9458888],[7.4337179,46.9458942],[7.4336243,46.9458978],[7.4335756,46.9458997],[7.4334435,46.9459036],[7.4333579,46.9459082],[7.4331876,46.9459137],[7.4329932,46.9459211]]}},{"type":"Feature","properties":{"art":"tram"},"geometry":{"type":"LineString","coordinates":[[7.4479289,46.9494255],[7.4494006,46.952457]]}},{"type":"Feature","properties":{"art":"tram"},"geometry":{"type":"LineString","coordinates":[[7.4338961,46.9458544],[7.4346813,46.9458334],[7.4347634,46.94583],[7.4348939,46.9458276],[7.4355413,46.9457967]]}},{"type":"Feature","properties":{"art":"tram"},"geometry":{"type":"LineString","coordinates":[[7.4372826,46.9459388],[7.4372652,46.9459178],[7.437253,46.9459031],[7.4372385,46.9458875],[7.4372193,46.9458717],[7.4371946,46.9458563],[7.4371636,46.9458386],[7.4371339,46.9458239],[7.4371032,46.9458108],[7.4370758,46.945802],[7.4370583,46.9457963],[7.4370467,46.9457926],[7.4370189,46.9457873],[7.4370051,46.9457852],[7.4369867,46.9457824],[7.4369586,46.9457796],[7.4369268,46.9457778],[7.4368584,46.945778]]}},{"type":"Feature","properties":{"art":"tram"},"geometry":{"type":"LineString","coordinates":[[7.4373574,46.9347614],[7.4374265,46.9347379],[7.4374923,46.9347133],[7.4377746,46.9346073],[7.438037,46.9345111],[7.4381447,46.9344725],[7.4381902,46.9344553],[7.4382102,46.934448],[7.4382399,46.9344378],[7.4382979,46.934419],[7.4383863,46.9343926],[7.4384946,46.93436],[7.4385792,46.9343382],[7.4387294,46.9343016],[7.4388666,46.9342696],[7.4389772,46.9342481],[7.4392464,46.9341878],[7.43933,46.9341643],[7.4393989,46.9341426],[7.4394914,46.9341096],[7.4399424,46.9339201],[7.4400195,46.9338871],[7.4401097,46.933844],[7.4401952,46.9337957],[7.4402079,46.9337877],[7.4403357,46.9337068],[7.4404318,46.9336341],[7.440494,46.9335913],[7.4405786,46.9335331],[7.4406498,46.9334869],[7.4407308,46.9334398],[7.4408286,46.9333846],[7.440924,46.933338],[7.4410025,46.9333006],[7.4411058,46.9332542],[7.4412622,46.933187],[7.4413975,46.9331355],[7.4415333,46.933089],[7.4416965,46.9330319],[7.4418934,46.9329639],[7.442092,46.9328952],[7.4424931,46.9327568],[7.4427565,46.9326649],[7.442933,46.9326051],[7.4431374,46.9325335],[7.4433875,46.9324405],[7.4436917,46.932324],[7.4440017,46.9321987],[7.4442496,46.932092],[7.4444105,46.9320178],[7.444718,46.9318693],[7.4453166,46.9315815],[7.4454436,46.9315313],[7.4454612,46.9315258],[7.4455248,46.9315059],[7.4456554,46.9314718],[7.4458052,46.9314398],[7.4458268,46.9314352],[7.4459118,46.9314162],[7.4459929,46.9313981],[7.4461627,46.9313579],[7.446207,46.9313444],[7.4462949,46.9313177],[7.4464179,46.9312744],[7.4464995,46.931244],[7.4465984,46.9312032],[7.446689,46.9311643],[7.4467078,46.9311563],[7.4467939,46.9311156],[7.4469124,46.9310568],[7.4470106,46.9310022],[7.4470914,46.9309537],[7.4471201,46.9309348],[7.447148,46.9309162],[7.4471714,46.9309011],[7.4471843,46.930892],[7.447268,46.9308331],[7.4473345,46.930782],[7.4474507,46.930683],[7.447536,46.9306047],[7.4476123,46.9305356],[7.447878,46.9302934],[7.4479686,46.9302108],[7.4480042,46.930181],[7.4480125,46.930175],[7.4480853,46.9301233],[7.4481199,46.9301008],[7.4481584,46.9300784],[7.4486433,46.9298585],[7.4490296,46.9297174],[7.449381,46.9295662],[7.4494935,46.929525],[7.4497261,46.9294519],[7.4501864,46.9292905],[7.4503827,46.9292098],[7.4504893,46.9291641],[7.4510239,46.9289105],[7.4511121,46.9288713],[7.4511505,46.9288542],[7.4513667,46.9287522],[7.4514797,46.9286973],[7.4516967,46.9285966],[7.452047,46.9284341],[7.4523158,46.9283073],[7.4523694,46.9282764],[7.4523913,46.9282573],[7.4524007,46.928248],[7.4524102,46.9282367],[7.4524285,46.9282111],[7.4524361,46.9282004],[7.4524408,46.9281865],[7.4524428,46.9281703],[7.4524437,46.9281512],[7.4524237,46.9279878],[7.4524233,46.9279675],[7.4524272,46.9279435],[7.4524353,46.9279232],[7.4524437,46.927905],[7.4524584,46.9278825],[7.4524762,46.9278651],[7.4525155,46.9278364],[7.4525365,46.9278263],[7.4525586,46.927816],[7.4525891,46.927808],[7.4526218,46.9278],[7.4526476,46.9277967],[7.4526877,46.9277945],[7.4527213,46.9277964],[7.452754,46.9278018],[7.45279,46.92781],[7.4528236,46.9278223],[7.4528514,46.9278358],[7.4528825,46.9278526],[7.4529061,46.9278752],[7.4529254,46.9279035],[7.4529351,46.9279223],[7.4529416,46.9279386]]}},{"type":"Feature","properties":{"art":"tram"},"geometry":{"type":"LineString","coordinates":[[7.4493668,46.9524646],[7.4478937,46.9494336]]}},{"type":"Feature","properties":{"art":"tram"},"geometry":{"type":"LineString","coordinates":[[7.4474504,46.9477775],[7.4474615,46.9475317],[7.4474644,46.9475087],[7.4474688,46.9474886],[7.4474734,46.9474718],[7.447482,46.9474465],[7.4474914,46.9474246],[7.4475037,46.9474],[7.4475161,46.9473803],[7.447529,46.9473619],[7.4475413,46.9473466],[7.447581,46.9473001],[7.4478741,46.9469571],[7.4480008,46.946805],[7.4480742,46.9467221],[7.4481282,46.9466684],[7.4481757,46.9466295],[7.4482403,46.9465726],[7.4482693,46.9465475],[7.4482971,46.9465201]]}},{"type":"Feature","properties":{"art":"tram"},"geometry":{"type":"LineString","coordinates":[[7.4338948,46.9458873],[7.43387,46.9458856],[7.4338177,46.9458812],[7.4337776,46.9458749],[7.4337396,46.945869],[7.433717,46.9458651],[7.4337067,46.9458634],[7.4336275,46.9458432],[7.4335787,46.9458261],[7.4335329,46.9458075],[7.4335096,46.9457945],[7.4334689,46.9457699],[7.4334507,46.9457588],[7.433431,46.9457432],[7.4334065,46.9457227],[7.4333824,46.9456988],[7.4333668,46.9456833],[7.4333465,46.9456549],[7.4332797,46.9455485]]}},{"type":"Feature","properties":{"art":"tram"},"geometry":{"type":"LineString","coordinates":[[7.4472035,46.9479553],[7.4468822,46.947943],[7.4467415,46.947944],[7.4465907,46.9479483],[7.4464462,46.9479526],[7.4463238,46.9479526],[7.4460849,46.9479552],[7.4460526,46.9479556],[7.4458489,46.9479628],[7.4457221,46.9479718],[7.44558,46.9479846],[7.445419,46.9480045],[7.4452528,46.9480286],[7.4450701,46.9480533],[7.4448116,46.9480944],[7.4446195,46.9481264],[7.4443739,46.948173],[7.4441393,46.9482163],[7.444093,46.9482242],[7.4440586,46.9482298],[7.4440072,46.9482374],[7.4439704,46.9482421],[7.443941,46.948245],[7.4439096,46.9482478],[7.4438837,46.9482494],[7.4438453,46.9482518],[7.443818,46.9482526],[7.4437784,46.9482533],[7.4437151,46.9482527],[7.4436703,46.9482516],[7.4436215,46.9482492],[7.4435641,46.9482453],[7.4435221,46.9482407],[7.4435025,46.9482385],[7.4434868,46.948236],[7.4434499,46.9482303]]}},{"type":"Feature","properties":{"art":"tram"},"geometry":{"type":"LineString","coordinates":[[7.4471914,46.9479249],[7.4472944,46.9479357],[7.4473274,46.9479407],[7.447352,46.9479463],[7.4473856,46.947957],[7.4474027,46.947964],[7.4474162,46.9479717],[7.4474476,46.947991],[7.4474674,46.9480056],[7.4474784,46.9480156],[7.4474868,46.9480282],[7.4474977,46.9480421],[7.4475059,46.9480587],[7.4475195,46.9480875],[7.4475242,46.9481018],[7.447529,46.9481166]]}},{"type":"Feature","properties":{"art":"tram"},"geometry":{"type":"LineString","coordinates":[[7.4478937,46.9494336],[7.4478796,46.9494046],[7.4478296,46.9493017],[7.4477597,46.9491534],[7.4477466,46.9491212],[7.4477354,46.9490894],[7.4477174,46.9490384],[7.4476905,46.9489551],[7.4476655,46.9488695],[7.4476437,46.9487863],[7.4476137,46.9486666],[7.4476115,46.9486576],[7.4475957,46.9485948],[7.4474904,46.9481799],[7.4474863,46.9481638],[7.4474831,46.9481492],[7.4474804,46.9481403]]}},{"type":"Feature","properties":{"art":"tram"},"geometry":{"type":"LineString","coordinates":[[7.4374559,46.9461559],[7.4375623,46.9464212],[7.4377396,46.9468624],[7.4377508,46.9468904],[7.4377588,46.9469091],[7.4377661,46.9469238],[7.4377755,46.9469423],[7.437784,46.9469583],[7.4377918,46.9469703],[7.4377983,46.9469797],[7.4378069,46.9469903],[7.4378158,46.9470008],[7.437826,46.9470112],[7.4378386,46.9470224],[7.4378532,46.9470343],[7.4378646,46.9470427],[7.4378695,46.9470463],[7.437887,46.9470579],[7.4379015,46.9470664],[7.4379177,46.9470747],[7.4379407,46.9470857],[7.4379591,46.947094],[7.4379944,46.9471078],[7.438024,46.9471191],[7.4380636,46.9471331],[7.4380993,46.947145],[7.4381448,46.9471593],[7.4381794,46.9471697],[7.438199,46.9471755],[7.4382313,46.9471834],[7.4382456,46.9471872],[7.4382993,46.9471999],[7.4383602,46.9472131],[7.4384185,46.9472248],[7.4384972,46.947239],[7.4385678,46.9472512],[7.4386369,46.9472628],[7.4386732,46.9472702],[7.4386863,46.9472712],[7.4391853,46.9473566]]}},{"type":"Feature","properties":{"art":"tram"},"geometry":{"type":"LineString","coordinates":[[7.4580124,46.9406035],[7.4580638,46.9405855],[7.4581215,46.9405671],[7.4581638,46.9405544],[7.4582044,46.9405434],[7.4582543,46.9405305],[7.4583004,46.9405195],[7.4583494,46.9405093],[7.4583991,46.9405001],[7.4584203,46.9404969],[7.4584499,46.9404924],[7.4584975,46.9404854],[7.4585493,46.9404792],[7.4585934,46.9404753],[7.4586404,46.9404713],[7.4586733,46.9404692],[7.4586895,46.9404683],[7.458702,46.9404676],[7.4587336,46.9404662],[7.4587974,46.9404653],[7.4588748,46.9404657],[7.4589401,46.9404684],[7.4590285,46.9404742],[7.4590889,46.9404803],[7.4591791,46.9404929]]}},{"type":"Feature","properties":{"art":"tram"},"geometry":{"type":"LineString","coordinates":[[7.4374559,46.9461559],[7.4374736,46.9461814],[7.4374939,46.9462053],[7.4375115,46.9462224],[7.4375306,46.9462363],[7.4375523,46.9462474],[7.4375754,46.9462565],[7.4376027,46.946265],[7.4376355,46.9462732],[7.4376668,46.9462781],[7.4376954,46.94628],[7.4377197,46.9462801],[7.4377436,46.9462793],[7.437787,46.9462767]]}},{"type":"Feature","properties":{"art":"tram"},"geometry":{"type":"LineString","coordinates":[[7.4396969,46.9474427],[7.4397843,46.947452],[7.4398028,46.9474531],[7.4398282,46.9474547],[7.4398654,46.9474555],[7.4398962,46.9474553]]}},{"type":"Feature","properties":{"art":"tram"},"geometry":{"type":"LineString","coordinates":[[7.4474838,46.9478492],[7.4474862,46.947888],[7.4474901,46.9479237],[7.4474933,46.9479434],[7.4474961,46.9479738],[7.4475001,46.947998],[7.4475077,46.9480321],[7.4475253,46.9481019],[7.447529,46.9481166]]}},{"type":"Feature","properties":{"art":"tram"},"geometry":{"type":"LineString","coordinates":[[7.4413961,46.947868],[7.4411689,46.9478298],[7.4411539,46.9478276],[7.4410977,46.9478207],[7.4409734,46.9478054],[7.440825,46.9477908],[7.4407262,46.9477798],[7.4406501,46.9477689],[7.4406409,46.9477669],[7.4402525,46.947682],[7.4402419,46.9476799],[7.4402256,46.9476748],[7.4401852,46.947662],[7.4401183,46.9476333],[7.4399828,46.9475585],[7.4399389,46.9475376],[7.4399062,46.9475255],[7.4398388,46.9475055],[7.4397677,46.9474863]]}},{"type":"Feature","properties":{"art":"tram"},"geometry":{"type":"LineString","coordinates":[[7.443873,46.948185],[7.4439413,46.9481803],[7.4440048,46.9481742]]}},{"type":"Feature","properties":{"art":"tram"},"geometry":{"type":"LineString","coordinates":[[7.4474804,46.9481403],[7.4474731,46.9480987],[7.4474616,46.9480328],[7.4474476,46.947991],[7.447447,46.9479821],[7.447444,46.9479372],[7.4474443,46.9479133],[7.4474445,46.9478951],[7.4474468,46.9478494],[7.4474504,46.9477775]]}},{"type":"Feature","properties":{"art":"tram"},"geometry":{"type":"LineString","coordinates":[[7.448394,46.9464514],[7.4483778,46.9464776],[7.4483647,46.9464991],[7.448355,46.9465127],[7.4483432,46.9465267],[7.4483327,46.9465376],[7.4483214,46.9465484],[7.4483118,46.9465569],[7.4482347,46.9466248],[7.4481969,46.9466555],[7.4481671,46.9466804],[7.4481337,46.9467092]]}},{"type":"Feature","properties":{"art":"tram"},"geometry":{"type":"LineString","coordinates":[[7.4398962,46.9474553],[7.4400103,46.9474557],[7.4400773,46.9474565],[7.4401066,46.9474581],[7.4401352,46.9474607],[7.4401585,46.9474645],[7.4401733,46.9474677],[7.4402896,46.9474966],[7.4406143,46.9475774],[7.4406449,46.9475887],[7.4406757,46.9476012],[7.440686,46.9476061],[7.4406988,46.9476121],[7.4407506,46.947642],[7.440813,46.9476779],[7.4408282,46.9476856],[7.4408415,46.9476918],[7.4408524,46.947697],[7.4408636,46.9477017],[7.4408784,46.9477074],[7.4408999,46.9477146],[7.4409629,46.9477339]]}},{"type":"Feature","properties":{"art":"tram"},"geometry":{"type":"LineString","coordinates":[[7.4480832,46.9467626],[7.4480402,46.9468132],[7.4476287,46.9472991],[7.4475879,46.9473457],[7.4475653,46.9473747],[7.4475451,46.9474001],[7.4475291,46.9474309],[7.4475183,46.9474597],[7.4475096,46.9474953],[7.4475052,46.9475232],[7.4475044,46.9475469],[7.447488,46.9478085],[7.4474838,46.9478492]]}},{"type":"Feature","properties":{"art":"tram"},"geometry":{"type":"LineString","coordinates":[[7.4440048,46.9481742],[7.4440458,46.9481699],[7.4440802,46.9481652],[7.4441101,46.9481603],[7.4441386,46.9481546],[7.4441723,46.9481481],[7.4442676,46.9481281],[7.4443129,46.9481192],[7.4443508,46.9481125],[7.4444088,46.9481052],[7.4444527,46.9481014],[7.4446282,46.9480875],[7.4446999,46.9480805],[7.4447881,46.9480681],[7.4449222,46.9480486],[7.4451511,46.9480136],[7.4453089,46.9479907],[7.445449,46.9479703],[7.4455665,46.9479548],[7.44567,46.947945],[7.4458719,46.9479326],[7.4459424,46.9479286],[7.4460263,46.9479216],[7.4461493,46.9479096],[7.446282,46.9478943],[7.4463697,46.9478899],[7.4464472,46.9478894],[7.4465451,46.9478918],[7.4466972,46.9479005],[7.4469453,46.9479142],[7.4471914,46.9479249]]}},{"type":"Feature","properties":{"art":"tram"},"geometry":{"type":"LineString","coordinates":[[7.4481337,46.9467092],[7.4481649,46.9466704],[7.448199,46.9466311],[7.4482507,46.946578],[7.4482971,46.9465201]]}},{"type":"Feature","properties":{"art":"tram"},"geometry":{"type":"LineString","coordinates":[[7.4394443,46.9461915],[7.4394071,46.9461861],[7.4393819,46.9461832],[7.4393568,46.9461818],[7.439336,46.946182],[7.439324,46.9461821],[7.4392873,46.9461858],[7.4392517,46.9461937],[7.4392178,46.946204],[7.4392113,46.946207],[7.4391903,46.9462166],[7.439164,46.9462319],[7.439143,46.9462472],[7.439124,46.9462652],[7.4391114,46.9462798],[7.4391014,46.9462966],[7.4390899,46.9463256],[7.4390815,46.9463524],[7.4390777,46.9463927],[7.4390776,46.9464323],[7.4390785,46.9464695],[7.4390771,46.9465],[7.4390749,46.9465504],[7.4390632,46.946634],[7.4389356,46.9470145],[7.4388959,46.9471177],[7.4388921,46.9471259],[7.4388875,46.9471343],[7.4388779,46.9471493],[7.4388668,46.947164],[7.4388593,46.947173],[7.4388459,46.9471862],[7.4388356,46.9471955],[7.4388171,46.9472099],[7.4387985,46.9472221],[7.4387879,46.9472284],[7.4387771,46.9472343],[7.4387651,46.9472401],[7.4387519,46.947246],[7.4387414,46.9472504],[7.4387302,46.9472545],[7.4387188,46.9472585],[7.4387107,46.947261],[7.4387071,46.9472622]]}},{"type":"Feature","properties":{"art":"tram"},"geometry":{"type":"LineString","coordinates":[[7.4483612,46.9464329],[7.4483633,46.9464284],[7.448374,46.9464074],[7.4483835,46.9463864],[7.4483923,46.9463654],[7.4483993,46.9463435],[7.4489036,46.9444219]]}},{"type":"Feature","properties":{"art":"tram"},"geometry":{"type":"LineString","coordinates":[[7.437787,46.9462767],[7.4377898,46.9462765],[7.4378345,46.9462728],[7.4379088,46.9462681],[7.4379636,46.9462642],[7.4379785,46.9462632],[7.4380313,46.9462596],[7.4380862,46.9462577],[7.438134,46.9462585],[7.4381936,46.9462619],[7.438247,46.946268],[7.4389462,46.9463851],[7.4389695,46.9463898],[7.4389881,46.9463942],[7.4390056,46.9463985],[7.4390209,46.946403],[7.4390322,46.9464071],[7.4390435,46.9464119],[7.4390622,46.9464214],[7.4390776,46.9464323],[7.4390944,46.946448],[7.4391131,46.9464713],[7.4391294,46.9464964],[7.4391385,46.9465187],[7.4391444,46.9465381],[7.4391463,46.9465607],[7.4391446,46.9465802],[7.4391383,46.9466016],[7.4390893,46.9467319],[7.4389819,46.9470173],[7.4389724,46.9470427]]}},{"type":"Feature","properties":{"art":"tram"},"geometry":{"type":"LineString","coordinates":[[7.4489387,46.9444261],[7.4484338,46.9463479],[7.4484279,46.9463719],[7.4484213,46.9463924],[7.4484127,46.9464158],[7.4484012,46.9464392],[7.448394,46.9464514]]}},{"type":"Feature","properties":{"art":"tram"},"geometry":{"type":"LineString","coordinates":[[7.4379636,46.9462642],[7.4379823,46.9462638],[7.4379934,46.9462636],[7.4380129,46.9462642],[7.438039,46.9462654],[7.4380636,46.9462678],[7.4380967,46.9462714],[7.4381346,46.9462766],[7.4382404,46.9462941],[7.4387992,46.9463877],[7.4388296,46.9463919],[7.4388638,46.9463946],[7.4388905,46.9463937],[7.4389162,46.9463921],[7.4389382,46.9463921],[7.4389563,46.9463927],[7.4389732,46.9463946],[7.4389912,46.9463972],[7.439007,46.9463996],[7.4390209,46.946403]]}},{"type":"Feature","properties":{"art":"tram"},"geometry":{"type":"LineString","coordinates":[[7.4389724,46.9470427],[7.4389555,46.9470754],[7.438949,46.9470883],[7.4389372,46.9471038],[7.4389241,46.9471241],[7.438903,46.9471498],[7.4388921,46.9471617],[7.4388716,46.947178],[7.4388594,46.9471883],[7.4388462,46.9471994],[7.4388232,46.9472151],[7.4387961,46.9472308],[7.43876,46.9472466],[7.4387253,46.9472578],[7.4387116,46.9472611],[7.4387071,46.9472622]]}},{"type":"Feature","properties":{"art":"rail"},"geometry":{"type":"LineString","coordinates":[[7.4151409,46.9401717],[7.4151042,46.9402908],[7.4150579,46.9404052],[7.4149934,46.9405292],[7.4149309,46.94063],[7.4148581,46.9407302],[7.4147429,46.9408629],[7.414614,46.9409821],[7.4145083,46.9410667],[7.4143882,46.9411511],[7.4142908,46.9412146],[7.4142067,46.9412624],[7.4141243,46.9413069],[7.4140375,46.9413482],[7.4139125,46.9414009],[7.4137916,46.9414473],[7.4136578,46.9414932],[7.4135891,46.9415167]]}},{"type":"Feature","properties":{"art":"rail"},"geometry":{"type":"LineString","coordinates":[[7.439541,46.9504036],[7.4394499,46.9502745],[7.4392755,46.9500724],[7.439129,46.9499357],[7.4389226,46.9497888],[7.4388274,46.9497305],[7.4387084,46.9496606],[7.438223,46.9494068]]}},{"type":"Feature","properties":{"art":"rail"},"geometry":{"type":"LineString","coordinates":[[7.4272765,46.9493906],[7.4268758,46.9496139],[7.4263835,46.9498983],[7.4257372,46.9502726],[7.4255534,46.9503785],[7.4254173,46.9504534],[7.4252795,46.9505279],[7.4251558,46.9505934],[7.4250335,46.9506541],[7.4249042,46.9507164],[7.4247733,46.950778],[7.4241851,46.9510501],[7.4239256,46.9511664],[7.4236604,46.9512925],[7.4233291,46.9514447],[7.4231718,46.9515162],[7.4230113,46.9515859],[7.4227769,46.9516813],[7.4226165,46.95174],[7.4222886,46.9518496],[7.4221835,46.9518802],[7.422087,46.9519077],[7.4218944,46.9519557],[7.4216993,46.9519984],[7.4214957,46.9520354],[7.4212889,46.952067],[7.4211488,46.9520841],[7.4210062,46.9520985],[7.4208461,46.9521098],[7.420696,46.9521168],[7.4204535,46.9521186],[7.4202563,46.9521236],[7.4200633,46.9521204],[7.4198734,46.9521147],[7.4196972,46.9521062],[7.4195167,46.9520954],[7.4193333,46.9520801],[7.4191448,46.9520598],[7.4189529,46.9520347],[7.4187771,46.9520075],[7.4186009,46.9519755],[7.4184257,46.9519394],[7.4182475,46.9518978],[7.4180829,46.9518549],[7.4179127,46.9518063],[7.4177423,46.951753],[7.417581,46.9516974],[7.4174166,46.9516361],[7.417251,46.9515694],[7.4170936,46.9514998],[7.4169465,46.9514304],[7.4168041,46.9513581],[7.4166589,46.951279],[7.4165205,46.9511964],[7.4163859,46.9511106],[7.4162591,46.9510236],[7.416137,46.9509348],[7.4160127,46.9508407],[7.4155382,46.9504667],[7.4154224,46.9503774],[7.4153043,46.9502896],[7.4151823,46.9502032],[7.4150601,46.9501202],[7.4149184,46.9500288],[7.4147766,46.949938],[7.4144913,46.9497576],[7.4142093,46.9495816],[7.4137203,46.9492748]]}},{"type":"Feature","properties":{"art":"rail"},"geometry":{"type":"LineString","coordinates":[[7.4070604,46.9448931],[7.4070378,46.9447601],[7.4070281,46.9445827]]}},{"type":"Feature","properties":{"art":"rail"},"geometry":{"type":"LineString","coordinates":[[7.4072577,46.9449452],[7.4090474,46.9460781],[7.4101478,46.9467611],[7.4104495,46.9469509],[7.410529,46.9470009]]}},{"type":"Feature","properties":{"art":"rail"},"geometry":{"type":"LineString","coordinates":[[7.2940198,46.9335461],[7.2944247,46.9336656],[7.2949743,46.9338305],[7.2956396,46.9340347],[7.2968728,46.9344259],[7.2982728,46.9348811],[7.2988395,46.9350665],[7.2993724,46.9352409]]}},{"type":"Feature","properties":{"art":"rail"},"geometry":{"type":"LineString","coordinates":[[7.4069794,46.9448548],[7.4069707,46.9448155],[7.4069471,46.9446856],[7.4069371,46.9445268]]}},{"type":"Feature","properties":{"art":"rail"},"geometry":{"type":"LineString","coordinates":[[7.4020678,46.9416965],[7.4024904,46.941962]]}},{"type":"Feature","properties":{"art":"rail"},"geometry":{"type":"LineString","coordinates":[[7.4322845,46.948668],[7.4318527,46.9486006],[7.4314544,46.9485493],[7.4311505,46.9485267],[7.4307319,46.9485232],[7.4303573,46.9485534],[7.4301337,46.9485747],[7.429912,46.9486092],[7.4296904,46.9486577],[7.4290898,46.9487938],[7.4287691,46.9488735],[7.428433,46.9489475],[7.4280334,46.9490632],[7.4276295,46.9492168],[7.4272765,46.9493906]]}},{"type":"Feature","properties":{"art":"rail"},"geometry":{"type":"LineString","coordinates":[[7.4068172,46.9445014],[7.4069931,46.9446098],[7.4071067,46.9446877],[7.4072262,46.9447755],[7.407351,46.9448774]]}},{"type":"Feature","properties":{"art":"rail"},"geometry":{"type":"LineString","coordinates":[[7.4072856,46.9449184],[7.4067323,46.9445711]]}},{"type":"Feature","properties":{"art":"rail"},"geometry":{"type":"LineString","coordinates":[[7.4102329,46.9423871],[7.414326,46.9414939]]}},{"type":"Feature","properties":{"art":"rail"},"geometry":{"type":"LineString","coordinates":[[7.4024904,46.941962],[7.4031502,46.9423724],[7.4062947,46.9443406],[7.4066999,46.9445976]]}},{"type":"Feature","properties":{"art":"rail"},"geometry":{"type":"LineString","coordinates":[[7.4128147,46.941748],[7.4140363,46.9414828],[7.4141622,46.9414557],[7.414246,46.9414412],[7.4143175,46.9414306],[7.4144414,46.9414141],[7.414591,46.9413949],[7.4147691,46.9413604]]}},{"type":"Feature","properties":{"art":"rail"},"geometry":{"type":"LineString","coordinates":[[7.3516363,46.895863],[7.3516471,46.8959179],[7.3516617,46.8959844],[7.3516778,46.8960507],[7.3516946,46.8961161],[7.3517133,46.8961814],[7.3517444,46.8962784],[7.351779,46.896375],[7.3518167,46.8964706],[7.3518583,46.8965662],[7.3519019,46.8966572],[7.3519478,46.8967478],[7.3519969,46.8968366],[7.352049,46.896925],[7.352086,46.8969849],[7.352125,46.8970446],[7.3521657,46.8971039],[7.3522077,46.8971629],[7.352294,46.8972787],[7.3523866,46.8973929],[7.3524778,46.8975004],[7.3525718,46.8976075],[7.3526664,46.8977134],[7.3527632,46.8978191],[7.3531421,46.8982365],[7.3533024,46.8984136],[7.3534566,46.8985883],[7.3535333,46.8986791],[7.3536083,46.8987703],[7.3537083,46.8989],[7.3537484,46.8989531],[7.3538057,46.8990344],[7.3538611,46.8991161],[7.3539133,46.899198],[7.3539449,46.8992502],[7.3540371,46.8994037],[7.3541078,46.8995268],[7.3542434,46.8997743],[7.3546992,46.9006203],[7.3550949,46.9013549],[7.3551651,46.9014848],[7.3555837,46.902267],[7.3559793,46.9030011],[7.3570033,46.904892]]}},{"type":"Feature","properties":{"art":"rail"},"geometry":{"type":"LineString","coordinates":[[7.4066999,46.9445976],[7.4069131,46.944732],[7.4072577,46.9449452]]}},{"type":"Feature","properties":{"art":"rail"},"geometry":{"type":"LineString","coordinates":[[7.4108744,46.9471687],[7.4101819,46.9467336],[7.409081,46.9460543],[7.4072856,46.9449184]]}},{"type":"Feature","properties":{"art":"rail"},"geometry":{"type":"LineString","coordinates":[[7.407351,46.9448774],[7.4074522,46.9449578],[7.4075451,46.9450224],[7.4076433,46.9450858],[7.4092288,46.9460798],[7.4103807,46.9468066],[7.4108204,46.9470827],[7.4112453,46.9473501]]}},{"type":"Feature","properties":{"art":"rail"},"geometry":{"type":"LineString","coordinates":[[7.4048305,46.9432925],[7.4048998,46.9433363],[7.4049993,46.9433991],[7.405065,46.9434416],[7.4052405,46.9435551],[7.4053826,46.9436409],[7.4055019,46.943718],[7.4056162,46.9437812],[7.4057431,46.9438506],[7.4058319,46.9438956],[7.4059578,46.9439626],[7.4068172,46.9445014]]}},{"type":"Feature","properties":{"art":"rail"},"geometry":{"type":"LineString","coordinates":[[7.4074203,46.9435845],[7.4074484,46.943551],[7.4075217,46.9434638],[7.40769,46.943303],[7.4078001,46.9432148]]}},{"type":"Feature","properties":{"art":"rail"},"geometry":{"type":"LineString","coordinates":[[7.4070423,46.9444265],[7.4070556,46.9443067],[7.4071395,46.9440415],[7.4072441,46.9438223],[7.4073771,46.943639],[7.4074203,46.9435845]]}},{"type":"Feature","properties":{"art":"tram"},"geometry":{"type":"LineString","coordinates":[[7.40066,46.9422589],[7.4006417,46.9422344],[7.400637,46.9422277],[7.4006064,46.9422018],[7.4005762,46.9421835],[7.4005424,46.9421717],[7.4005047,46.9421626],[7.4004799,46.9421587],[7.4004568,46.9421564],[7.4004054,46.9421577]]}},{"type":"Feature","properties":{"art":"tram"},"geometry":{"type":"LineString","coordinates":[[7.4004435,46.9420913],[7.4004512,46.942091],[7.4005087,46.9420893],[7.4005692,46.9420953],[7.4006049,46.9421049],[7.400638,46.9421132],[7.4006818,46.9421354],[7.4007229,46.9421661],[7.4007484,46.9421966],[7.4007573,46.9422129],[7.4007652,46.9422287],[7.4007924,46.9422841]]}},{"type":"Feature","properties":{"art":"tram"},"geometry":{"type":"LineString","coordinates":[[7.4043269,46.9421227],[7.4043585,46.9421558],[7.4043853,46.9421874],[7.4043913,46.9421983],[7.4044245,46.9422582],[7.4044365,46.9422797],[7.4044861,46.9423683],[7.4045078,46.9424071],[7.4045369,46.9424421],[7.4045656,46.9424685],[7.4046033,46.9424949],[7.4046471,46.9425216],[7.4046882,46.9425413],[7.4056915,46.9429256]]}},{"type":"Feature","properties":{"art":"tram"},"geometry":{"type":"LineString","coordinates":[[7.4024349,46.9418209],[7.4021736,46.9418348],[7.4019927,46.9418571],[7.4019394,46.9418637],[7.4017056,46.9419025],[7.4011848,46.9420009],[7.4009632,46.9420438]]}},{"type":"Feature","properties":{"art":"tram"},"geometry":{"type":"LineString","coordinates":[[7.4042835,46.9421481],[7.4042233,46.9420972],[7.404153,46.9420532],[7.4040875,46.9420166],[7.4040231,46.9419873],[7.4039421,46.9419556],[7.403842,46.9419198],[7.403755,46.941897],[7.4036394,46.9418734],[7.4034546,46.941849],[7.4033104,46.9418352],[7.4031639,46.9418262],[7.402978,46.9418189],[7.4026455,46.9418181],[7.4024349,46.9418209]]}},{"type":"Feature","properties":{"art":"tram"},"geometry":{"type":"LineString","coordinates":[[7.4009632,46.9420438],[7.4008762,46.9420854],[7.4008458,46.9421054],[7.4008231,46.9421292],[7.4008014,46.9421633],[7.4007875,46.9421929],[7.4007867,46.9422074],[7.4007844,46.9422314],[7.4007924,46.9422841]]}},{"type":"Feature","properties":{"art":"tram"},"geometry":{"type":"LineString","coordinates":[[7.4024197,46.9417795],[7.4025353,46.9417747],[7.40288,46.9417734],[7.4030337,46.9417785],[7.4033029,46.9417963],[7.4034482,46.9418091],[7.4036429,46.941832],[7.4037752,46.9418612],[7.4039084,46.9418987],[7.4040323,46.9419439],[7.4041292,46.9419878],[7.4041916,46.9420234],[7.4042699,46.9420737],[7.4043269,46.9421227]]}},{"type":"Feature","properties":{"art":"rail"},"geometry":{"type":"LineString","coordinates":[[7.4100798,46.942382],[7.4099023,46.9424248],[7.4098053,46.9424491],[7.4095411,46.9425254],[7.4093631,46.9425746],[7.4091931,46.9426168]]}},{"type":"Feature","properties":{"art":"tram"},"geometry":{"type":"LineString","coordinates":[[7.4073269,46.9434623],[7.4072239,46.9434457],[7.4071656,46.943436],[7.4071062,46.943425],[7.4070297,46.9434089]]}},{"type":"Feature","properties":{"art":"tram"},"geometry":{"type":"LineString","coordinates":[[7.4075823,46.9434591],[7.4076749,46.9434653],[7.4077972,46.9434744],[7.4079192,46.9434858],[7.4079469,46.9434891],[7.4080949,46.9435094],[7.4091887,46.9436979],[7.4094801,46.9437476],[7.4095736,46.9437619],[7.4096113,46.9437658],[7.409748,46.9437794]]}},{"type":"Feature","properties":{"art":"rail"},"geometry":{"type":"LineString","coordinates":[[7.4069541,46.944308],[7.4069742,46.9442044],[7.4070073,46.9440882],[7.4070422,46.9439959],[7.4070911,46.9438863],[7.4071574,46.943766],[7.4072429,46.9436326],[7.4073274,46.9435253],[7.4073781,46.9434658],[7.4074505,46.943386],[7.4075543,46.9432889],[7.4077,46.9431669]]}},{"type":"Feature","properties":{"art":"tram"},"geometry":{"type":"LineString","coordinates":[[7.4075471,46.9434963],[7.4073269,46.9434623]]}},{"type":"Feature","properties":{"art":"tram"},"geometry":{"type":"LineString","coordinates":[[7.4073513,46.9434374],[7.4074913,46.9434521],[7.4075418,46.9434565],[7.4075823,46.9434591]]}},{"type":"Feature","properties":{"art":"rail"},"geometry":{"type":"LineString","coordinates":[[7.4077,46.9431669],[7.4078501,46.9430579],[7.40798,46.942978],[7.4081292,46.942903],[7.4081708,46.9428848],[7.4083377,46.9428119],[7.4085358,46.9427434],[7.408712,46.9426892],[7.4088978,46.9426415],[7.4092523,46.942561],[7.4100798,46.942382]]}},{"type":"Feature","properties":{"art":"rail"},"geometry":{"type":"LineString","coordinates":[[7.4078001,46.9432148],[7.4078722,46.9431571],[7.4080484,46.9430387],[7.4082263,46.9429395],[7.4082593,46.9429211],[7.408457,46.9428322],[7.4085488,46.9427989],[7.4086856,46.9427492],[7.4089757,46.9426665],[7.4091931,46.9426168]]}},{"type":"Feature","properties":{"art":"rail"},"geometry":{"type":"LineString","coordinates":[[7.4134388,46.9478324],[7.41332,46.947791],[7.4116623,46.9472128],[7.4114763,46.9471483],[7.4113657,46.9471075],[7.4111963,46.9470359]]}},{"type":"Feature","properties":{"art":"rail"},"geometry":{"type":"LineString","coordinates":[[7.4197658,46.9519607],[7.4201546,46.9519822],[7.4202716,46.9519894],[7.4204741,46.9519952],[7.4206787,46.9519946]]}},{"type":"Feature","properties":{"art":"rail"},"geometry":{"type":"LineString","coordinates":[[7.4159472,46.9499254],[7.4160722,46.9499922],[7.4161939,46.9500625],[7.4162563,46.9501031],[7.4164932,46.9502507],[7.4165898,46.9503109],[7.416677,46.9503581],[7.4167892,46.950413],[7.4168685,46.9504486],[7.4169621,46.9504874],[7.4170547,46.9505219],[7.4171541,46.9505589],[7.4173962,46.950649],[7.4174978,46.9506853],[7.4175739,46.95071],[7.4176659,46.9507382],[7.4184236,46.9509437]]}},{"type":"Feature","properties":{"art":"rail"},"geometry":{"type":"LineString","coordinates":[[7.4096977,46.9463239],[7.4099107,46.9464276],[7.4100412,46.9464849],[7.4101807,46.9465402],[7.4102636,46.9465681],[7.4103489,46.9465951],[7.410413,46.9466122],[7.4104865,46.9466319],[7.4105577,46.9466504]]}},{"type":"Feature","properties":{"art":"rail"},"geometry":{"type":"LineString","coordinates":[[7.4216334,46.9518555],[7.4211422,46.9519489],[7.420979,46.9519742],[7.4208111,46.9519919]]}},{"type":"Feature","properties":{"art":"rail"},"geometry":{"type":"LineString","coordinates":[[7.4075644,46.9449808],[7.407643,46.9450302],[7.4091658,46.9459877],[7.4094329,46.9461555],[7.4096977,46.9463239],[7.4098737,46.9464339],[7.4099712,46.9464944],[7.4102801,46.9466876],[7.4104983,46.9468257],[7.4105895,46.9468825],[7.4108945,46.9470743],[7.4113095,46.9473347],[7.4116305,46.947536]]}},{"type":"Feature","properties":{"art":"rail"},"geometry":{"type":"LineString","coordinates":[[7.4257777,46.9498816],[7.4259158,46.9498078],[7.4260111,46.9497626],[7.4261876,46.9496847],[7.4262906,46.9496383],[7.4265511,46.9495208]]}},{"type":"Feature","properties":{"art":"rail"},"geometry":{"type":"LineString","coordinates":[[7.4182424,46.9511637],[7.4181947,46.9511507],[7.4174495,46.9509483],[7.4173309,46.9509102],[7.4172192,46.9508688],[7.4171314,46.9508318],[7.4170423,46.9507898],[7.4169843,46.9507602],[7.4169285,46.9507301],[7.4168548,46.9506873],[7.4168017,46.9506542],[7.4167514,46.9506209],[7.416684,46.950574],[7.4166021,46.9505122],[7.4164336,46.9503746],[7.4161169,46.9501199],[7.416021,46.9500417],[7.4159139,46.9499604],[7.4158028,46.9498856]]}},{"type":"Feature","properties":{"art":"rail"},"geometry":{"type":"LineString","coordinates":[[7.416465,46.950065],[7.4163744,46.9500164],[7.4162805,46.9499705],[7.416143,46.9499115],[7.4159957,46.9498543],[7.4158759,46.9498054],[7.4157583,46.9497536],[7.4156057,46.9496811],[7.4154087,46.9495744],[7.4153092,46.9495139],[7.414769,46.9491758],[7.4136795,46.948491]]}},{"type":"Feature","properties":{"art":"rail"},"geometry":{"type":"LineString","coordinates":[[7.4134509,46.9479738],[7.4133742,46.9479469],[7.4118168,46.947402],[7.4116996,46.9473586],[7.4115864,46.9473122],[7.4114624,46.9472591],[7.4113577,46.9472113],[7.4105372,46.9468275],[7.4104269,46.9467729],[7.4102801,46.9466876]]}},{"type":"Feature","properties":{"art":"rail"},"geometry":{"type":"LineString","coordinates":[[7.4105895,46.9468825],[7.4107539,46.9469751],[7.410897,46.9470455],[7.4112119,46.9471919],[7.4114673,46.9473077],[7.4116721,46.9473945],[7.4117919,46.9474378],[7.4131934,46.9479233],[7.4135026,46.9480351],[7.4136499,46.9481055],[7.4138063,46.9481777],[7.4142471,46.9484234]]}},{"type":"Feature","properties":{"art":"rail"},"geometry":{"type":"LineString","coordinates":[[7.4118675,46.9475481],[7.411989,46.9475999],[7.4120905,46.9476405],[7.4121985,46.9476775],[7.4124227,46.9477547],[7.4135172,46.9481336],[7.4135914,46.9481601],[7.4136647,46.948188],[7.4137894,46.9482423],[7.41394,46.9483159]]}},{"type":"Feature","properties":{"art":"rail"},"geometry":{"type":"LineString","coordinates":[[7.4114944,46.9475053],[7.4117377,46.9476578],[7.4118293,46.9477147],[7.411933,46.9477797],[7.4151288,46.949786],[7.4152769,46.9498769],[7.4153471,46.9499264],[7.4154994,46.9500251],[7.4155884,46.9500872],[7.4156743,46.9501491],[7.4157816,46.9502307],[7.4158691,46.9502998],[7.4163272,46.9506692],[7.4164494,46.9507627],[7.4166225,46.950882],[7.4167459,46.9509596],[7.4167981,46.9509901],[7.4169031,46.9510514],[7.4169915,46.951098],[7.4173117,46.9512525]]}},{"type":"Feature","properties":{"art":"rail"},"geometry":{"type":"LineString","coordinates":[[7.414463,46.9486004],[7.4149602,46.948865],[7.4150977,46.9489397],[7.4151946,46.9489976],[7.415368,46.94911],[7.4161527,46.9495995],[7.4165601,46.9498529],[7.4169753,46.9501129],[7.4169965,46.9501262]]}},{"type":"Feature","properties":{"art":"rail"},"geometry":{"type":"LineString","coordinates":[[7.4158897,46.9491495],[7.4168656,46.9483775],[7.4169975,46.9482748],[7.4170366,46.9482441]]}},{"type":"Feature","properties":{"art":"rail"},"geometry":{"type":"LineString","coordinates":[[7.4118319,46.9476339],[7.4119602,46.9477],[7.4120849,46.9477705],[7.4153682,46.9498237],[7.415504,46.9499122],[7.4156389,46.9500059],[7.4157689,46.9500998],[7.4159582,46.9502467],[7.4164176,46.9506169],[7.4165128,46.9506969],[7.4166804,46.9508325],[7.4167553,46.9508933],[7.416852,46.9509658],[7.4169755,46.9510567]]}},{"type":"Feature","properties":{"art":"rail"},"geometry":{"type":"LineString","coordinates":[[7.4098737,46.9464339],[7.4100029,46.9465203],[7.4100698,46.9465718],[7.4101773,46.9466612],[7.4103807,46.9468066]]}},{"type":"Feature","properties":{"art":"rail"},"geometry":{"type":"LineString","coordinates":[[7.414463,46.9486004],[7.4142799,46.9485012],[7.4141963,46.9484548],[7.41394,46.9483159]]}},{"type":"Feature","properties":{"art":"rail"},"geometry":{"type":"LineString","coordinates":[[7.4234958,46.951172],[7.423505,46.951167],[7.4236864,46.9510693],[7.4238427,46.9509831],[7.4241459,46.9508116],[7.4247681,46.9504583],[7.4253354,46.950136],[7.4253663,46.9501182]]}},{"type":"Feature","properties":{"art":"rail"},"geometry":{"type":"LineString","coordinates":[[7.4125849,46.9478835],[7.412695,46.9479339],[7.4128557,46.9480004],[7.4130134,46.9480575],[7.4131568,46.9481121],[7.4132955,46.9481731],[7.4136635,46.9483454],[7.4138097,46.9484138],[7.4139888,46.9485047],[7.4141353,46.948588],[7.4158319,46.9496506],[7.4159049,46.9496974]]}},{"type":"Feature","properties":{"art":"rail"},"geometry":{"type":"LineString","coordinates":[[7.4112453,46.9473501],[7.4108744,46.9471687],[7.4106182,46.9470443],[7.410529,46.9470009]]}},{"type":"Feature","properties":{"art":"rail"},"geometry":{"type":"LineString","coordinates":[[7.414463,46.9486004],[7.4146277,46.9486694],[7.4147892,46.9487354],[7.4148619,46.948766],[7.414906,46.9487821],[7.4149631,46.9488014],[7.415033,46.9488224],[7.4151101,46.9488413],[7.4151885,46.9488598],[7.4152388,46.9488677],[7.4153194,46.9488786],[7.4153491,46.9488806],[7.415383,46.9488833],[7.4154387,46.9488855],[7.415519,46.9488873],[7.4156279,46.9488849],[7.4157097,46.9488778],[7.4157956,46.9488666],[7.41592,46.9488453],[7.4160162,46.9488196],[7.4161153,46.9487909],[7.4161991,46.9487604],[7.4162885,46.9487216],[7.4163829,46.9486727],[7.4164938,46.948612],[7.4166256,46.9485334],[7.4167667,46.9484386],[7.4168656,46.9483775]]}},{"type":"Feature","properties":{"art":"rail"},"geometry":{"type":"LineString","coordinates":[[7.410529,46.9470009],[7.4103622,46.9469195],[7.4102474,46.9468678],[7.4100873,46.946799],[7.4097648,46.9466621],[7.4096239,46.9466084],[7.4095333,46.9465769],[7.4094722,46.9465578],[7.4093874,46.9465324],[7.4090547,46.9464443],[7.4086803,46.9463457],[7.4085015,46.9462983],[7.4084132,46.9462764],[7.40835,46.9462622],[7.4082749,46.9462477],[7.4081932,46.9462358],[7.4080917,46.9462248],[7.4079902,46.9462184],[7.4079025,46.9462128],[7.4078147,46.9462072]]}},{"type":"Feature","properties":{"art":"rail"},"geometry":{"type":"LineString","coordinates":[[7.4134851,46.9479394],[7.4133934,46.9479073],[7.4118439,46.9473656],[7.4117278,46.9473219],[7.4116136,46.9472762],[7.4114966,46.9472256],[7.4113872,46.9471756],[7.410229,46.9466331],[7.4101105,46.9465724],[7.4099712,46.9464944]]}},{"type":"Feature","properties":{"art":"rail"},"geometry":{"type":"LineString","coordinates":[[7.4134299,46.9482027],[7.4137151,46.9483031],[7.4138668,46.9483555],[7.4140753,46.9484385],[7.4142621,46.9485169],[7.414463,46.9486004]]}},{"type":"Feature","properties":{"art":"rail"},"geometry":{"type":"LineString","coordinates":[[7.412739,46.9474024],[7.4126388,46.9473673],[7.4111205,46.9468387],[7.4109785,46.9467883],[7.4108378,46.9467364],[7.4106983,46.9466904],[7.4105577,46.9466504]]}},{"type":"Feature","properties":{"art":"rail"},"geometry":{"type":"LineString","coordinates":[[7.4171936,46.9511504],[7.417089,46.9510688],[7.4169909,46.9509852],[7.4168845,46.9508875],[7.4167594,46.9507776],[7.4166063,46.9506403],[7.4165094,46.9505599],[7.4160497,46.9501947],[7.4158125,46.9500105],[7.4157168,46.9499433],[7.4156104,46.9498696],[7.4155108,46.9498071],[7.4128447,46.9481322],[7.4127278,46.9480613],[7.4126061,46.9479943],[7.4124196,46.9479042],[7.4121482,46.9477814]]}},{"type":"Feature","properties":{"art":"rail"},"geometry":{"type":"LineString","coordinates":[[7.4120339,46.9471101],[7.412561,46.9472876],[7.4126804,46.9473275]]}},{"type":"Feature","properties":{"art":"rail"},"geometry":{"type":"LineString","coordinates":[[7.4136795,46.948491],[7.4132529,46.9482223],[7.4131226,46.948142],[7.4130305,46.948091],[7.4129345,46.9480454],[7.412695,46.9479339]]}},{"type":"Feature","properties":{"art":"rail"},"geometry":{"type":"LineString","coordinates":[[7.4169748,46.9508875],[7.4169143,46.9508328],[7.416837,46.9507603],[7.4166963,46.9506415],[7.4165447,46.9505217],[7.416187,46.95024],[7.4160905,46.9501658],[7.4159757,46.9500751],[7.4158585,46.9499857],[7.4157744,46.9499243],[7.415663,46.9498512],[7.4155511,46.9497789],[7.4153681,46.9496631],[7.4151272,46.9495125],[7.4143752,46.9490407],[7.4129717,46.9481568],[7.4128864,46.9481037],[7.4127677,46.9480333],[7.4126416,46.947964],[7.4125422,46.9479129],[7.4124411,46.9478637],[7.4122131,46.9477595],[7.4119098,46.9476218],[7.411739,46.9475423],[7.411481,46.947418],[7.4113095,46.9473347]]}},{"type":"Feature","properties":{"art":"rail"},"geometry":{"type":"LineString","coordinates":[[7.4176027,46.9513912],[7.4174037,46.951283],[7.4172966,46.9512178],[7.4171936,46.9511504],[7.4170363,46.9510396],[7.4169373,46.9509715],[7.4168492,46.9509035],[7.4167155,46.9507972],[7.41646,46.9505898],[7.4160023,46.9502208],[7.4158429,46.9500972],[7.4157621,46.9500376],[7.4156723,46.949972],[7.4155693,46.9499019],[7.4154725,46.9498366],[7.415253,46.9496995],[7.4125779,46.9480197],[7.4124106,46.947918],[7.4122813,46.9478463],[7.4121482,46.9477814]]}},{"type":"Feature","properties":{"art":"rail"},"geometry":{"type":"LineString","coordinates":[[7.4184006,46.9509849],[7.4178609,46.9508405],[7.4177228,46.9508005],[7.4175758,46.9507559],[7.4174402,46.9507137],[7.4173298,46.9506751],[7.4171868,46.9506247],[7.4170878,46.9505866],[7.417004,46.9505535],[7.4168996,46.9505108],[7.4168085,46.9504699],[7.4166968,46.9504168],[7.4166004,46.9503674],[7.416531,46.950329],[7.4164631,46.9502905],[7.4163179,46.9502045],[7.4161716,46.9501149],[7.4160366,46.9500317],[7.4158028,46.9498856],[7.4157142,46.9498317],[7.4155962,46.9497628],[7.4154849,46.9497007]]}},{"type":"Feature","properties":{"art":"rail"},"geometry":{"type":"LineString","coordinates":[[7.418181,46.9516306],[7.4180534,46.9515904],[7.4179285,46.951549],[7.4178175,46.9515103],[7.4177686,46.9514934],[7.4176314,46.9514422],[7.4175374,46.9514057],[7.4174208,46.9513588],[7.4172968,46.9513062],[7.4171769,46.95125],[7.4170374,46.9511817],[7.4168394,46.9510731],[7.4167243,46.951007],[7.4165791,46.950914],[7.4164046,46.9507923],[7.4162799,46.9506974],[7.4158164,46.9503289],[7.4157311,46.9502589],[7.4156194,46.9501729],[7.415513,46.9500933],[7.4154402,46.9500418],[7.4153106,46.9499545],[7.4152279,46.9499023],[7.4150891,46.9498152],[7.4120471,46.9479066],[7.4119413,46.9478372],[7.4118182,46.9477464]]}},{"type":"Feature","properties":{"art":"rail"},"geometry":{"type":"LineString","coordinates":[[7.413514,46.9479037],[7.4134267,46.9478732],[7.4118685,46.9473285],[7.4117569,46.9472866],[7.4116413,46.94724],[7.411553,46.9472018],[7.4114663,46.9471624],[7.4111963,46.9470359]]}},{"type":"Feature","properties":{"art":"rail"},"geometry":{"type":"LineString","coordinates":[[7.4141963,46.9484548],[7.4140713,46.9483914],[7.41394,46.948334],[7.4138084,46.948285],[7.4137584,46.9482677],[7.4136745,46.9482374],[7.4125567,46.947847],[7.4124115,46.9477932],[7.4122485,46.9477258]]}},{"type":"Feature","properties":{"art":"rail"},"geometry":{"type":"LineString","coordinates":[[7.4132443,46.9477138],[7.4131652,46.9476862],[7.4110431,46.9469459],[7.4109166,46.9468985],[7.4107678,46.9468352]]}},{"type":"Feature","properties":{"art":"rail"},"geometry":{"type":"LineString","coordinates":[[7.4134299,46.9482027],[7.4135568,46.9482512],[7.4137017,46.9483142],[7.4138466,46.9483802],[7.4140324,46.9484718],[7.4141821,46.9485545],[7.4160142,46.9497021],[7.4160615,46.9497317]]}},{"type":"Feature","properties":{"art":"rail"},"geometry":{"type":"LineString","coordinates":[[7.4103855,46.9466568],[7.410546,46.9467251],[7.4106502,46.946763],[7.4107224,46.946788]]}},{"type":"Feature","properties":{"art":"rail"},"geometry":{"type":"LineString","coordinates":[[7.407264,46.9451973],[7.4083557,46.9458964]]}},{"type":"Feature","properties":{"art":"rail"},"geometry":{"type":"LineString","coordinates":[[7.4184677,46.9508674],[7.4175899,46.9506253],[7.4172175,46.9505266],[7.4170172,46.9504625]]}},{"type":"Feature","properties":{"art":"rail"},"geometry":{"type":"LineString","coordinates":[[7.4089235,46.9463429],[7.408812,46.9462958],[7.408709,46.9462462],[7.4086577,46.9462232],[7.4086048,46.9461945],[7.4085544,46.946164],[7.408472,46.9461159],[7.4082502,46.9459748]]}},{"type":"Feature","properties":{"art":"rail"},"geometry":{"type":"LineString","coordinates":[[7.40731,46.9450794],[7.4084635,46.9458161]]}},{"type":"Feature","properties":{"art":"rail"},"geometry":{"type":"LineString","coordinates":[[7.4107951,46.9472207],[7.4104128,46.9469817],[7.4103307,46.9469321],[7.4102463,46.9468845],[7.4100873,46.946799],[7.4098463,46.9466711],[7.4096965,46.9465897],[7.4095758,46.9465232],[7.4091117,46.9462729],[7.4089514,46.9461864],[7.4087956,46.9460966]]}},{"type":"Feature","properties":{"art":"rail"},"geometry":{"type":"LineString","coordinates":[[7.4175806,46.9505775],[7.4172072,46.9504776],[7.4170683,46.950437],[7.4169341,46.9503883],[7.4168512,46.9503533],[7.4167712,46.950317],[7.4162768,46.9500858],[7.4159472,46.9499254],[7.4158646,46.949888],[7.4157691,46.9498425],[7.4154849,46.9497007],[7.4153803,46.9496534],[7.415296,46.9496103],[7.4151272,46.9495125]]}},{"type":"Feature","properties":{"art":"rail"},"geometry":{"type":"LineString","coordinates":[[7.4165225,46.9503795],[7.4167489,46.9505082],[7.4168721,46.9505777],[7.4169628,46.950627],[7.4170469,46.9506683],[7.417145,46.9507096],[7.4172586,46.9507514],[7.4174066,46.9507995],[7.4183616,46.9510545]]}},{"type":"Feature","properties":{"art":"rail"},"geometry":{"type":"LineString","coordinates":[[7.4201728,46.9514551],[7.4184006,46.9509849]]}},{"type":"Feature","properties":{"art":"rail"},"geometry":{"type":"LineString","coordinates":[[7.4167117,46.950562],[7.4169436,46.9506945],[7.4170115,46.9507328],[7.4171037,46.9507791],[7.4171944,46.9508173],[7.4172763,46.9508491],[7.4173678,46.9508803],[7.4174393,46.9509019],[7.4174932,46.950917],[7.4182356,46.9511171],[7.4182774,46.9511287]]}},{"type":"Feature","properties":{"art":"rail"},"geometry":{"type":"LineString","coordinates":[[7.4137203,46.9492748],[7.4139018,46.9493835],[7.4140883,46.949489],[7.414218,46.9495586],[7.4143742,46.949644],[7.4146248,46.9497935]]}},{"type":"Feature","properties":{"art":"rail"},"geometry":{"type":"LineString","coordinates":[[7.4183535,46.9508758],[7.4182764,46.9508549],[7.4177575,46.9507148],[7.4176753,46.9506919],[7.4175934,46.9506682],[7.4175096,46.9506406],[7.4174158,46.9506088],[7.4173468,46.9505834],[7.4171815,46.9505218],[7.4170172,46.9504625],[7.4169178,46.9504239],[7.4168245,46.9503873],[7.4167254,46.9503449],[7.4166132,46.9502934],[7.416504,46.9502392],[7.4163774,46.9501734],[7.4162563,46.9501031]]}},{"type":"Feature","properties":{"art":"rail"},"geometry":{"type":"LineString","coordinates":[[7.4183046,46.9510876],[7.4182484,46.9510738],[7.4175057,46.9508712],[7.4173749,46.950836],[7.4172645,46.9508032],[7.4171635,46.9507685],[7.4170379,46.9507202],[7.4169592,46.9506867],[7.4168723,46.9506462],[7.4167117,46.950562],[7.4166449,46.9505232],[7.4165616,46.9504689],[7.4164336,46.9503746]]}},{"type":"Feature","properties":{"art":"rail"},"geometry":{"type":"LineString","coordinates":[[7.4114811,46.9478113],[7.4114238,46.9477667],[7.4113685,46.9477211],[7.4112994,46.9476595],[7.411201,46.9475693],[7.4110862,46.9474762],[7.4109674,46.9473867]]}},{"type":"Feature","properties":{"art":"rail"},"geometry":{"type":"LineString","coordinates":[[7.4094656,46.946536],[7.4093379,46.9464857],[7.4092973,46.9464715],[7.4092077,46.9464403],[7.4091326,46.9464162],[7.4090246,46.9463795],[7.4089235,46.9463429],[7.4086462,46.9462356],[7.4085817,46.946211],[7.4084649,46.946164],[7.4083934,46.9461312],[7.4083118,46.9460892],[7.408233,46.9460441],[7.4081911,46.9460172]]}},{"type":"Feature","properties":{"art":"rail"},"geometry":{"type":"LineString","coordinates":[[7.4183744,46.9510184],[7.4182742,46.9509922],[7.4177308,46.9508459],[7.4175841,46.9508046],[7.4173803,46.9507443],[7.4172549,46.950703],[7.4171421,46.9506623],[7.4170049,46.9506038],[7.4168301,46.9505273],[7.4166818,46.9504614],[7.4165225,46.9503795],[7.416427,46.9503262],[7.416335,46.9502726],[7.4162591,46.9502227],[7.4161169,46.9501199]]}},{"type":"Feature","properties":{"art":"rail"},"geometry":{"type":"LineString","coordinates":[[7.427478,46.9491347],[7.427361,46.9492078],[7.4272571,46.9492823],[7.4272094,46.9493193],[7.4271237,46.9493858],[7.4270399,46.9494448],[7.426951,46.9495014],[7.4268422,46.9495652]]}},{"type":"Feature","properties":{"art":"rail"},"geometry":{"type":"LineString","coordinates":[[7.4239941,46.9510861],[7.4243841,46.950886]]}},{"type":"Feature","properties":{"art":"rail"},"geometry":{"type":"LineString","coordinates":[[7.424481,46.9515935],[7.4253282,46.9511042]]}},{"type":"Feature","properties":{"art":"rail"},"geometry":{"type":"LineString","coordinates":[[7.4245771,46.9517145],[7.4254559,46.9512059]]}},{"type":"Feature","properties":{"art":"rail"},"geometry":{"type":"LineString","coordinates":[[7.4252939,46.9516585],[7.4256613,46.9514444],[7.4259848,46.951257]]}},{"type":"Feature","properties":{"art":"rail"},"geometry":{"type":"LineString","coordinates":[[7.427328,46.9501289],[7.4274849,46.9497578],[7.427615,46.9494495],[7.4276784,46.9493408],[7.4277131,46.9492934],[7.4277655,46.9492305]]}},{"type":"Feature","properties":{"art":"rail"},"geometry":{"type":"LineString","coordinates":[[7.4343632,46.9482072],[7.4341916,46.948184],[7.4340693,46.948172],[7.4338736,46.9481624]]}},{"type":"Feature","properties":{"art":"rail"},"geometry":{"type":"LineString","coordinates":[[7.4266937,46.9503615],[7.4266302,46.9504519],[7.4265686,46.9505276],[7.426482,46.9506283],[7.4263719,46.9507502],[7.4263033,46.9508204],[7.4262278,46.9508949],[7.4261513,46.9509616],[7.4260734,46.9510193],[7.4259681,46.9510844]]}},{"type":"Feature","properties":{"art":"rail"},"geometry":{"type":"LineString","coordinates":[[7.4268202,46.9506297],[7.4270152,46.9504073],[7.4270634,46.9503574],[7.4271214,46.950311],[7.4271877,46.9502718]]}},{"type":"Feature","properties":{"art":"rail"},"geometry":{"type":"LineString","coordinates":[[7.4273613,46.9501396],[7.4275774,46.949917]]}},{"type":"Feature","properties":{"art":"rail"},"geometry":{"type":"LineString","coordinates":[[7.4263015,46.9509085],[7.4262285,46.9509788],[7.4261798,46.9510221],[7.4259962,46.9511616],[7.4258961,46.951236],[7.4258125,46.9512907],[7.4256801,46.951373],[7.4252442,46.9516232]]}},{"type":"Feature","properties":{"art":"rail"},"geometry":{"type":"LineString","coordinates":[[7.4277818,46.9491411],[7.4277058,46.9492137],[7.4276475,46.9492736],[7.4275846,46.949344],[7.4275182,46.94942]]}},{"type":"Feature","properties":{"art":"rail"},"geometry":{"type":"LineString","coordinates":[[7.4256613,46.9514444],[7.4257577,46.9513845],[7.4258345,46.9513323],[7.4259021,46.9512817],[7.4260637,46.9511529],[7.426131,46.9510857],[7.4263015,46.9509085],[7.42641,46.9507898],[7.4264804,46.9506935],[7.4265658,46.950563],[7.4266937,46.9503615],[7.4267584,46.9502578],[7.4268835,46.9500632],[7.4269099,46.9500216],[7.4269798,46.9499137],[7.4270228,46.9498551],[7.4270861,46.9497774]]}},{"type":"Feature","properties":{"art":"rail"},"geometry":{"type":"LineString","coordinates":[[7.40748,46.9454844],[7.4082502,46.9459748]]}},{"type":"Feature","properties":{"art":"rail"},"geometry":{"type":"LineString","coordinates":[[7.4072593,46.9451191],[7.408415,46.9458517]]}},{"type":"Feature","properties":{"art":"rail"},"geometry":{"type":"LineString","coordinates":[[7.4068603,46.9462446],[7.4072379,46.9462412],[7.407483,46.9462486],[7.4076768,46.9462599],[7.4079024,46.9462785],[7.4080708,46.9462971],[7.4082222,46.946317],[7.4084009,46.9463444],[7.4085788,46.9463753],[7.4086759,46.9463943],[7.4087653,46.9464126],[7.4089048,46.9464447],[7.4090389,46.9464779]]}},{"type":"Feature","properties":{"art":"rail"},"geometry":{"type":"LineString","coordinates":[[7.4096977,46.9463239],[7.4094774,46.9462165],[7.4093501,46.94615],[7.4092288,46.9460798]]}},{"type":"Feature","properties":{"art":"rail"},"geometry":{"type":"LineString","coordinates":[[7.4084635,46.9458161],[7.4088425,46.9460527],[7.4091529,46.9462368],[7.4093155,46.9463326],[7.4094743,46.9464322],[7.4095607,46.9464884],[7.4096142,46.9465263],[7.4096894,46.9465764],[7.4098463,46.9466711]]}},{"type":"Feature","properties":{"art":"rail"},"geometry":{"type":"LineString","coordinates":[[7.4074236,46.9462883],[7.4068103,46.9462855],[7.4063765,46.9462967]]}},{"type":"Feature","properties":{"art":"rail"},"geometry":{"type":"LineString","coordinates":[[7.4058836,46.9462675],[7.4068603,46.9462446]]}},{"type":"Feature","properties":{"art":"rail"},"geometry":{"type":"LineString","coordinates":[[7.4274319,46.9493802],[7.4272998,46.9495305],[7.427274,46.9495611],[7.4271858,46.9496613],[7.4271302,46.949727]]}},{"type":"Feature","properties":{"art":"rail"},"geometry":{"type":"LineString","coordinates":[[7.4038959,46.9463541],[7.4039019,46.9463539],[7.4051821,46.946324],[7.4057803,46.94631],[7.4057887,46.94631]]}},{"type":"Feature","properties":{"art":"rail"},"geometry":{"type":"LineString","coordinates":[[7.4259848,46.951257],[7.4263311,46.951056]]}},{"type":"Feature","properties":{"art":"rail"},"geometry":{"type":"LineString","coordinates":[[7.4125849,46.9478835],[7.4124044,46.9477991],[7.4122485,46.9477258],[7.4118675,46.9475481],[7.4118157,46.9475245],[7.4114746,46.9473656],[7.4111433,46.94721],[7.4110497,46.9471628],[7.4108945,46.9470743]]}},{"type":"Feature","properties":{"art":"rail"},"geometry":{"type":"LineString","coordinates":[[7.4277818,46.9491411],[7.4275553,46.9493396],[7.4273687,46.9495009],[7.4271858,46.9496613],[7.4270376,46.9497913],[7.4269672,46.9498539]]}},{"type":"Feature","properties":{"art":"rail"},"geometry":{"type":"LineString","coordinates":[[7.4038959,46.9463541],[7.4032736,46.9463671]]}},{"type":"Feature","properties":{"art":"rail"},"geometry":{"type":"LineString","coordinates":[[7.4075325,46.9454428],[7.4083013,46.9459362]]}},{"type":"Feature","properties":{"art":"rail"},"geometry":{"type":"LineString","coordinates":[[7.4090389,46.9464779],[7.4092625,46.946539],[7.4095095,46.9466164],[7.4097518,46.9467034]]}},{"type":"Feature","properties":{"art":"rail"},"geometry":{"type":"LineString","coordinates":[[7.4075889,46.9456317],[7.4081911,46.9460172]]}},{"type":"Feature","properties":{"art":"rail"},"geometry":{"type":"LineString","coordinates":[[7.4083557,46.9458964],[7.4087462,46.9461411],[7.408827,46.9461862],[7.4089113,46.9462296],[7.4089923,46.9462673],[7.4090747,46.9463039],[7.4093136,46.9464009],[7.4094292,46.9464515],[7.4095758,46.9465232]]}},{"type":"Feature","properties":{"art":"rail"},"geometry":{"type":"LineString","coordinates":[[7.4262502,46.9510758],[7.4264055,46.9509541],[7.42648,46.9508968],[7.4265442,46.9508433],[7.4266004,46.9507907],[7.4266457,46.9507434],[7.426684,46.9506976],[7.4267227,46.9506476],[7.426777,46.9505687],[7.4268785,46.9504108],[7.4272052,46.9499058],[7.4272533,46.9498327],[7.427318,46.9497302],[7.4274363,46.9495484]]}},{"type":"Feature","properties":{"art":"rail"},"geometry":{"type":"LineString","coordinates":[[7.4142466,46.949382],[7.4144599,46.9495269],[7.4149559,46.9498383],[7.4152297,46.9500195],[7.4153543,46.9501175],[7.4154525,46.9501931],[7.4157113,46.950396],[7.4159477,46.9505833],[7.416174,46.950769],[7.4163124,46.9508784],[7.4164831,46.9509983],[7.4167392,46.9511693],[7.416859,46.9512408],[7.4169879,46.951308],[7.4171224,46.951374],[7.4172591,46.9514364],[7.417399,46.9514964],[7.4175384,46.9515514],[7.4176833,46.9516046],[7.4178287,46.9516543],[7.4179775,46.9517013],[7.4181276,46.9517439],[7.4182819,46.9517853],[7.418391,46.9518113],[7.4185036,46.9518362],[7.4186155,46.95186],[7.4187291,46.9518814],[7.4188414,46.9519009],[7.4189546,46.951919],[7.4190671,46.9519349],[7.4191802,46.9519489],[7.419355,46.951968],[7.419529,46.9519825],[7.419738,46.9519943],[7.4198788,46.9519991],[7.4200678,46.9520036],[7.4202699,46.9520033],[7.4206787,46.9519946]]}},{"type":"Feature","properties":{"art":"rail"},"geometry":{"type":"LineString","coordinates":[[7.4288394,46.9485161],[7.4287195,46.9485627],[7.4286383,46.9485976],[7.4285319,46.9486478],[7.4284381,46.9486942],[7.4283413,46.9487423],[7.428225,46.9488065],[7.4279773,46.9489395],[7.4279146,46.9489822],[7.4278385,46.9490345],[7.427665,46.9491751],[7.4274319,46.9493802]]}},{"type":"Feature","properties":{"art":"rail"},"geometry":{"type":"LineString","coordinates":[[7.4277022,46.948897],[7.4281597,46.9486406],[7.4283429,46.9485442],[7.4285558,46.9484352],[7.4287207,46.9483607],[7.4287877,46.9483322],[7.428862,46.9483006],[7.429019,46.9482381],[7.4290906,46.9482125],[7.4294052,46.948101]]}},{"type":"Feature","properties":{"art":"rail"},"geometry":{"type":"LineString","coordinates":[[7.4263311,46.951056],[7.4264541,46.9509791],[7.4265518,46.9509083],[7.4266088,46.9508652],[7.4267438,46.9507605],[7.4268557,46.9506606],[7.4268886,46.9506286],[7.4269704,46.9505491],[7.4272176,46.9502896]]}},{"type":"Feature","properties":{"art":"rail"},"geometry":{"type":"LineString","coordinates":[[7.4243841,46.950886],[7.4244614,46.9508395],[7.4245593,46.9507795],[7.4246447,46.9507262],[7.4247396,46.9506691],[7.4248391,46.9506071],[7.4250874,46.950466],[7.4258762,46.9500184],[7.426135,46.949872],[7.4262681,46.9497999],[7.4264668,46.9496954],[7.4266755,46.9495881],[7.4268648,46.9494886],[7.4270583,46.9493774],[7.4271863,46.9493034],[7.427478,46.9491347],[7.427673,46.9490244],[7.4278344,46.9489404]]}},{"type":"Feature","properties":{"art":"rail"},"geometry":{"type":"LineString","coordinates":[[7.4269672,46.9498539],[7.4268824,46.9499332],[7.4268286,46.9499923],[7.4267759,46.9500544],[7.4267263,46.9501121]]}},{"type":"Feature","properties":{"art":"rail"},"geometry":{"type":"LineString","coordinates":[[7.4263311,46.951056],[7.4275595,46.95034]]}},{"type":"Feature","properties":{"art":"rail"},"geometry":{"type":"LineString","coordinates":[[7.4269323,46.9497761],[7.4270077,46.9497287],[7.4271357,46.9496413],[7.4272998,46.9495305],[7.4274109,46.9494533],[7.4274657,46.9494108],[7.4275553,46.9493396]]}},{"type":"Feature","properties":{"art":"rail"},"geometry":{"type":"LineString","coordinates":[[7.4253282,46.9511042],[7.4258223,46.9508188],[7.4260371,46.9506922],[7.4261088,46.9506442],[7.42619,46.9505858],[7.4262533,46.9505372],[7.4263288,46.9504747],[7.4264662,46.9503567],[7.4266102,46.9502301],[7.4267263,46.9501121]]}},{"type":"Feature","properties":{"art":"rail"},"geometry":{"type":"LineString","coordinates":[[7.4259681,46.9510844],[7.4258303,46.9511662],[7.4255852,46.9513088]]}},{"type":"Feature","properties":{"art":"rail"},"geometry":{"type":"LineString","coordinates":[[7.4249134,46.9506109],[7.4249987,46.9505664],[7.4255515,46.9502619],[7.4259138,46.9500501],[7.426148,46.9499188],[7.4262893,46.9498407],[7.4263697,46.9497993],[7.4264888,46.9497403],[7.4265744,46.9497005],[7.4267116,46.9496353],[7.4268422,46.9495652]]}},{"type":"Feature","properties":{"art":"rail"},"geometry":{"type":"LineString","coordinates":[[7.4272861,46.9501244],[7.427285,46.9500947],[7.4272864,46.9500293],[7.4272922,46.9499507],[7.4272967,46.9498887],[7.4273079,46.9498294],[7.4273279,46.9497666],[7.4273524,46.9497102],[7.4273883,46.9496314],[7.4274363,46.9495484]]}},{"type":"Feature","properties":{"art":"rail"},"geometry":{"type":"LineString","coordinates":[[7.425542,46.9512745],[7.4260668,46.9509706],[7.4261518,46.9509142],[7.4262216,46.9508623],[7.4262863,46.9508101],[7.4263391,46.9507648],[7.4264011,46.95071],[7.426482,46.9506283]]}},{"type":"Feature","properties":{"art":"rail"},"geometry":{"type":"LineString","coordinates":[[7.4216667,46.9518494],[7.42184,46.9518075],[7.4219699,46.9517742],[7.4220768,46.9517396],[7.4221826,46.9516959],[7.4223272,46.9516264]]}},{"type":"Feature","properties":{"art":"rail"},"geometry":{"type":"LineString","coordinates":[[7.4259021,46.9512817],[7.4260812,46.9511557],[7.4261586,46.9510937],[7.4262143,46.9510472],[7.4262921,46.9509815],[7.4263634,46.9509084],[7.4264092,46.950861],[7.4264403,46.9508257],[7.4264862,46.9507736],[7.4265263,46.9507221],[7.4265853,46.9506409],[7.4266793,46.9504943],[7.426853,46.9502236],[7.4270432,46.9499245],[7.4270843,46.9498665],[7.4271202,46.9498178],[7.4271646,46.9497653],[7.4272127,46.9497128],[7.4272637,46.9496628],[7.427403,46.9495387],[7.4274473,46.9494968],[7.4275182,46.94942]]}},{"type":"Feature","properties":{"art":"rail"},"geometry":{"type":"LineString","coordinates":[[7.4255001,46.9512402],[7.4260177,46.9509403],[7.426098,46.9508875],[7.4261607,46.9508414],[7.426233,46.9507837],[7.4263005,46.950727],[7.4263642,46.9506664],[7.4265231,46.9504981],[7.4266517,46.9503532],[7.4267527,46.9502343],[7.4268122,46.9501614],[7.4268835,46.9500632]]}},{"type":"Feature","properties":{"art":"rail"},"geometry":{"type":"LineString","coordinates":[[7.4275182,46.94942],[7.4273057,46.9496654],[7.4272354,46.9497524],[7.4271613,46.9498562],[7.4267836,46.9504424],[7.4267078,46.9505606],[7.4266316,46.950676],[7.4265688,46.9507649],[7.4264852,46.9508616],[7.4263951,46.9509531],[7.4262502,46.9510758]]}},{"type":"Feature","properties":{"art":"rail"},"geometry":{"type":"LineString","coordinates":[[7.4279908,46.948985],[7.4278952,46.9490478],[7.4278493,46.9490833],[7.4277818,46.9491411]]}},{"type":"Feature","properties":{"art":"rail"},"geometry":{"type":"LineString","coordinates":[[7.4405801,46.9515149],[7.4405603,46.95148],[7.4405219,46.9514152],[7.4404858,46.951344],[7.4404268,46.95122]]}},{"type":"Feature","properties":{"art":"rail"},"geometry":{"type":"LineString","coordinates":[[7.4330788,46.9475934],[7.4332579,46.9476138]]}},{"type":"Feature","properties":{"art":"rail"},"geometry":{"type":"LineString","coordinates":[[7.4287004,46.9485241],[7.4288161,46.9484771],[7.4289081,46.9484444],[7.4290151,46.948411],[7.4291228,46.9483817],[7.4292791,46.9483404],[7.4293936,46.9483148],[7.4294868,46.9482958],[7.4296134,46.9482746]]}},{"type":"Feature","properties":{"art":"rail"},"geometry":{"type":"LineString","coordinates":[[7.4396021,46.9503896],[7.4395306,46.9502898],[7.4394142,46.9501498],[7.4392876,46.9500158]]}},{"type":"Feature","properties":{"art":"rail"},"geometry":{"type":"LineString","coordinates":[[7.4298739,46.9482787],[7.4299866,46.9482711],[7.4300983,46.9482652],[7.4302108,46.9482634],[7.430306,46.9482647]]}},{"type":"Feature","properties":{"art":"rail"},"geometry":{"type":"LineString","coordinates":[[7.438493,46.9492738],[7.4380536,46.9490526],[7.4376737,46.9489014],[7.4373758,46.9488051],[7.4371485,46.9487395],[7.4367376,46.9486344],[7.4364466,46.948578]]}},{"type":"Feature","properties":{"art":"rail"},"geometry":{"type":"LineString","coordinates":[[7.434386,46.9478381],[7.434614,46.9478672],[7.4348854,46.9479053],[7.4350901,46.9479461],[7.4364134,46.9481899],[7.4365913,46.9482185]]}},{"type":"Feature","properties":{"art":"rail"},"geometry":{"type":"LineString","coordinates":[[7.4314567,46.9478051],[7.4317721,46.9478017],[7.4320293,46.947812],[7.4324634,46.9478285]]}},{"type":"Feature","properties":{"art":"rail"},"geometry":{"type":"LineString","coordinates":[[7.4350788,46.9485082],[7.4349371,46.9485017],[7.4347971,46.9484964],[7.4346088,46.9484912],[7.4342315,46.9484917],[7.433903,46.9484936],[7.4336982,46.9484945],[7.4335188,46.9484864]]}},{"type":"Feature","properties":{"art":"rail"},"geometry":{"type":"LineString","coordinates":[[7.4351234,46.9478474],[7.434977,46.9478291],[7.4347026,46.9477998],[7.4344701,46.9477887],[7.4341243,46.9477625]]}},{"type":"Feature","properties":{"art":"rail"},"geometry":{"type":"LineString","coordinates":[[7.433992,46.948082],[7.4335298,46.9480269],[7.4333509,46.9480009],[7.4331267,46.9479671],[7.4326792,46.9479187],[7.4325398,46.9479109],[7.4322044,46.9479081],[7.4319515,46.9479111],[7.431781,46.9479193],[7.4316408,46.9479235],[7.4314242,46.9479313],[7.4310954,46.9479419],[7.4309448,46.9479452],[7.4307672,46.9479584],[7.4306215,46.9479708],[7.4304632,46.9479891],[7.4302862,46.9480143],[7.4301047,46.9480481],[7.4299574,46.9480781],[7.4297309,46.9481351],[7.429668,46.9481533],[7.4295709,46.9481824],[7.4293944,46.9482417],[7.429228,46.9483047],[7.4289943,46.9483981]]}},{"type":"Feature","properties":{"art":"rail"},"geometry":{"type":"LineString","coordinates":[[7.4358729,46.9486589],[7.4356452,46.9486377],[7.4355052,46.9486285],[7.4353846,46.9486206]]}},{"type":"Feature","properties":{"art":"rail"},"geometry":{"type":"LineString","coordinates":[[7.4288394,46.9485161],[7.428671,46.9485745],[7.4285241,46.9486265],[7.4283987,46.9486727],[7.4283329,46.9486995],[7.4282194,46.9487513]]}},{"type":"Feature","properties":{"art":"rail"},"geometry":{"type":"LineString","coordinates":[[7.4332617,46.948168],[7.4330869,46.9481675],[7.432968,46.9481652],[7.4328421,46.9481586],[7.4326906,46.9481505],[7.4325595,46.9481441],[7.4321301,46.9481419],[7.4317821,46.9481524],[7.4316364,46.9481573],[7.4314369,46.9481644],[7.4311878,46.9481727],[7.4309311,46.9481824],[7.4307716,46.9481884],[7.4306232,46.9481944],[7.4304934,46.9481978],[7.4303214,46.9482034],[7.4301933,46.9482106],[7.4300316,46.9482241]]}},{"type":"Feature","properties":{"art":"rail"},"geometry":{"type":"LineString","coordinates":[[7.4326935,46.9476004],[7.4325099,46.9475871],[7.4322535,46.9475667],[7.4320019,46.9475555],[7.4318716,46.9475537],[7.4317303,46.9475538]]}},{"type":"Feature","properties":{"art":"rail"},"geometry":{"type":"LineString","coordinates":[[7.4344719,46.9481586],[7.4341074,46.9480952],[7.433992,46.948082]]}},{"type":"Feature","properties":{"art":"rail"},"geometry":{"type":"LineString","coordinates":[[7.4344181,46.9480222],[7.4341287,46.9479715],[7.4339752,46.9479515],[7.4338161,46.9479333],[7.4334752,46.9479067]]}},{"type":"Feature","properties":{"art":"rail"},"geometry":{"type":"LineString","coordinates":[[7.4323932,46.9476251],[7.4319175,46.9476105],[7.4316673,46.9476034],[7.4315293,46.9476047],[7.4313854,46.9476085]]}},{"type":"Feature","properties":{"art":"rail"},"geometry":{"type":"LineString","coordinates":[[7.433439,46.9480868],[7.4330015,46.9480571],[7.4326442,46.9480327],[7.4324272,46.9480218],[7.4320636,46.9480286],[7.4315045,46.9480484],[7.4311108,46.9480623],[7.4308206,46.9480732],[7.4307249,46.9480766],[7.4306067,46.948086],[7.430461,46.9481032],[7.430317,46.9481231],[7.4301801,46.9481419],[7.4300729,46.9481565],[7.4299426,46.9481772],[7.4298326,46.9481974]]}},{"type":"Feature","properties":{"art":"rail"},"geometry":{"type":"LineString","coordinates":[[7.4292791,46.9483404],[7.4294939,46.9482856],[7.4297007,46.9482293],[7.4298326,46.9481974]]}},{"type":"Feature","properties":{"art":"rail"},"geometry":{"type":"LineString","coordinates":[[7.4348173,46.9487479],[7.4347187,46.9487498],[7.4346389,46.948752],[7.4344448,46.9487482],[7.4343004,46.9487473],[7.4340732,46.94875]]}},{"type":"Feature","properties":{"art":"rail"},"geometry":{"type":"LineString","coordinates":[[7.4343864,46.9479549],[7.4341947,46.9479162],[7.4340987,46.9478925],[7.4339403,46.9478517],[7.4337947,46.9478125],[7.4335227,46.9477559]]}},{"type":"Feature","properties":{"art":"rail"},"geometry":{"type":"LineString","coordinates":[[7.4359903,46.948789],[7.4357334,46.9487502],[7.4356014,46.9487367],[7.435483,46.9487309],[7.4353497,46.9487292],[7.4351524,46.9487319],[7.4350277,46.9487362],[7.4349666,46.9487395]]}},{"type":"Feature","properties":{"art":"rail"},"geometry":{"type":"LineString","coordinates":[[7.4329381,46.9484637],[7.4330763,46.9484582],[7.4331877,46.9484516],[7.4332744,46.9484427],[7.4334934,46.9484218],[7.4335793,46.9484151],[7.4337455,46.9484098]]}},{"type":"Feature","properties":{"art":"rail"},"geometry":{"type":"LineString","coordinates":[[7.4315754,46.9475579],[7.4313179,46.9475771],[7.4311685,46.947595],[7.4310381,46.9476145],[7.4308582,46.9476477],[7.4306944,46.9476817],[7.4304966,46.947725]]}},{"type":"Feature","properties":{"art":"rail"},"geometry":{"type":"LineString","coordinates":[[7.434386,46.9478381],[7.434211,46.9478083],[7.4340593,46.9477797],[7.4338311,46.9477347],[7.4335553,46.9476934]]}},{"type":"Feature","properties":{"art":"rail"},"geometry":{"type":"LineString","coordinates":[[7.4334223,46.9476748],[7.4331295,46.9476494],[7.4327156,46.9476363],[7.4325201,46.9476282]]}},{"type":"Feature","properties":{"art":"rail"},"geometry":{"type":"LineString","coordinates":[[7.4392832,46.9532075],[7.4392985,46.9531878],[7.4398577,46.9524683],[7.4399299,46.9523768],[7.4399629,46.9523284],[7.4400023,46.9522637],[7.4400344,46.9522042],[7.4400629,46.9521416],[7.4400738,46.9521124],[7.4400898,46.9520692],[7.4401096,46.9520001],[7.4401215,46.9519517],[7.4401343,46.9518998],[7.4401582,46.9517695]]}},{"type":"Feature","properties":{"art":"rail"},"geometry":{"type":"LineString","coordinates":[[7.4403098,46.9509331],[7.4400573,46.9502013]]}},{"type":"Feature","properties":{"art":"rail"},"geometry":{"type":"LineString","coordinates":[[7.4295355,46.9480571],[7.4296623,46.9480174],[7.4297737,46.9479873],[7.4299202,46.9479545],[7.4300687,46.9479244],[7.4302457,46.9478934],[7.4304675,46.9478611],[7.4306089,46.9478468],[7.4306431,46.9478433],[7.4308092,46.9478295],[7.4309414,46.947823],[7.4311077,46.9478173],[7.4312917,46.947811],[7.4314567,46.9478051]]}},{"type":"Feature","properties":{"art":"rail"},"geometry":{"type":"LineString","coordinates":[[7.4402393,46.95097],[7.4398767,46.9502291]]}},{"type":"Feature","properties":{"art":"rail"},"geometry":{"type":"LineString","coordinates":[[7.4396834,46.9519662],[7.4388392,46.9530342]]}},{"type":"Feature","properties":{"art":"rail"},"geometry":{"type":"LineString","coordinates":[[7.438951,46.9531054],[7.4389929,46.9530528],[7.4396327,46.952241],[7.4396922,46.9521602],[7.4397509,46.952079],[7.4398007,46.9519946],[7.4398328,46.9519155],[7.4398723,46.9518235],[7.4398926,46.9517473],[7.4399107,46.9516684],[7.4399202,46.9516037],[7.4399231,46.9515374],[7.4399238,46.9514677],[7.4399159,46.9513451],[7.4399034,46.9512559],[7.4398832,46.9511537],[7.4398669,46.9510924],[7.4398483,46.9510328],[7.4398214,46.9509624],[7.4397723,46.9508618],[7.4397091,46.9507266],[7.4396235,46.9505592]]}},{"type":"Feature","properties":{"art":"rail"},"geometry":{"type":"LineString","coordinates":[[7.4389691,46.9532575],[7.4390274,46.9531808],[7.4392937,46.9528341],[7.4397538,46.9522646],[7.4398026,46.9521964],[7.4398359,46.9521438],[7.4398717,46.9520803],[7.4399002,46.9520174],[7.439937,46.9519296],[7.4399544,46.951871],[7.4399725,46.951809],[7.4399861,46.9517509],[7.4400054,46.9516555],[7.4400193,46.9515635],[7.4400224,46.9514768],[7.4400167,46.9513822],[7.440001,46.9512835]]}},{"type":"Feature","properties":{"art":"rail"},"geometry":{"type":"LineString","coordinates":[[7.4389165,46.9532356],[7.4389732,46.9531654],[7.4396834,46.9522581],[7.439748,46.9521739],[7.4398318,46.9520656],[7.4398645,46.9520123],[7.4399088,46.95194],[7.4399342,46.951884],[7.4399539,46.9518331],[7.4399827,46.9517509],[7.4400054,46.9516555]]}},{"type":"Feature","properties":{"art":"rail"},"geometry":{"type":"LineString","coordinates":[[7.4408219,46.9518931],[7.4409181,46.9520612],[7.4410649,46.9523756]]}},{"type":"Feature","properties":{"art":"rail"},"geometry":{"type":"LineString","coordinates":[[7.4402164,46.9511757],[7.4403149,46.9513678],[7.4403861,46.9515039],[7.440495,46.9516854]]}},{"type":"Feature","properties":{"art":"rail"},"geometry":{"type":"LineString","coordinates":[[7.440495,46.9516854],[7.4403962,46.9515367],[7.4403389,46.9514503],[7.4401633,46.9511911],[7.4400599,46.9510389]]}},{"type":"Feature","properties":{"art":"rail"},"geometry":{"type":"LineString","coordinates":[[7.4403063,46.9515747],[7.4403038,46.9516305],[7.4402995,46.9516957],[7.4402953,46.9517466],[7.4402863,46.9518168],[7.4402703,46.9519143],[7.4402445,46.9520164],[7.4402191,46.9520894],[7.4401977,46.9521414],[7.4401731,46.952193],[7.4401449,46.952244],[7.4401207,46.9522839],[7.4400798,46.9523428],[7.4400059,46.9524445],[7.439866,46.9526202],[7.4394651,46.9531348],[7.4394517,46.953152]]}},{"type":"Feature","properties":{"art":"rail"},"geometry":{"type":"LineString","coordinates":[[7.4408219,46.9518931],[7.4406057,46.951558]]}},{"type":"Feature","properties":{"art":"rail"},"geometry":{"type":"LineString","coordinates":[[7.4392026,46.95323],[7.439245,46.9531765],[7.4398792,46.9523598],[7.4399306,46.952288],[7.4399572,46.95225],[7.4399807,46.9522125],[7.4400052,46.9521721],[7.4400313,46.9521254],[7.440061,46.9520702],[7.4400791,46.9520321],[7.4400964,46.9519848],[7.440117,46.9519279],[7.4401386,46.9518603],[7.4401582,46.9517695]]}},{"type":"Feature","properties":{"art":"rail"},"geometry":{"type":"LineString","coordinates":[[7.4400115,46.9510923],[7.4399588,46.9509968],[7.4399241,46.9509416],[7.4397407,46.950683]]}},{"type":"Feature","properties":{"art":"rail"},"geometry":{"type":"LineString","coordinates":[[7.439421,46.9503447],[7.4394619,46.9503916],[7.4394811,46.9504124]]}},{"type":"Feature","properties":{"art":"rail"},"geometry":{"type":"LineString","coordinates":[[7.4391416,46.9532297],[7.4391963,46.9531592],[7.4398472,46.9523152],[7.4399133,46.9522186],[7.4399527,46.9521545],[7.4399905,46.9520877],[7.4400262,46.9520126],[7.4400581,46.9519264],[7.4400814,46.9518387],[7.4400967,46.9517546],[7.440104,46.95169],[7.4401057,46.9516244],[7.4401012,46.9515369],[7.4400901,46.9514541],[7.440067,46.9513633],[7.4400383,46.9512779],[7.4400031,46.9512013],[7.4399471,46.9510917],[7.4399065,46.9510184],[7.4398506,46.9509299]]}},{"type":"Feature","properties":{"art":"rail"},"geometry":{"type":"LineString","coordinates":[[7.439866,46.9526202],[7.4399133,46.952556],[7.4399493,46.9525015],[7.4399768,46.9524593],[7.4400072,46.9524042],[7.4400472,46.9523301],[7.4400887,46.9522461],[7.4401403,46.9521209]]}},{"type":"Feature","properties":{"art":"rail"},"geometry":{"type":"LineString","coordinates":[[7.4393527,46.9532009],[7.4393684,46.9531808],[7.4398282,46.952587],[7.439928,46.9524677],[7.4399776,46.9524047],[7.4400255,46.952339],[7.4400585,46.952286],[7.4400923,46.9522261],[7.4401403,46.9521209],[7.4401659,46.9520463],[7.440189,46.9519507],[7.4401964,46.9519013],[7.4402011,46.9518551],[7.4402048,46.9518019],[7.4402041,46.951749],[7.4402003,46.9516788],[7.4401888,46.9516024],[7.4401667,46.9514986],[7.4401491,46.9514312],[7.4401213,46.9513368]]}},{"type":"Feature","properties":{"art":"rail"},"geometry":{"type":"LineString","coordinates":[[7.4402164,46.9511757],[7.4401097,46.9510139],[7.4399659,46.9508112],[7.4396562,46.9503678]]}},{"type":"Feature","properties":{"art":"rail"},"geometry":{"type":"LineString","coordinates":[[7.4398832,46.9511537],[7.439895,46.951231],[7.4399009,46.951298],[7.4399019,46.95141],[7.4398945,46.9514826],[7.4398828,46.9515409],[7.4398642,46.9516159],[7.4398375,46.9516906],[7.4398084,46.9517573],[7.4397809,46.9518167],[7.4397309,46.9519017],[7.4396834,46.9519662]]}},{"type":"Feature","properties":{"art":"rail"},"geometry":{"type":"LineString","coordinates":[[7.4405374,46.9516489],[7.4402164,46.9511757]]}},{"type":"Feature","properties":{"art":"rail"},"geometry":{"type":"LineString","coordinates":[[7.4404268,46.95122],[7.440183,46.9507298],[7.4400667,46.9504821]]}},{"type":"Feature","properties":{"art":"rail"},"geometry":{"type":"LineString","coordinates":[[7.4413536,46.9528363],[7.4412762,46.9527199],[7.4412277,46.9526553],[7.4411377,46.9525451],[7.4410026,46.9523831]]}},{"type":"Feature","properties":{"art":"rail"},"geometry":{"type":"LineString","coordinates":[[7.4405802,46.9515198],[7.4405448,46.9514593],[7.4404812,46.9513628],[7.4403163,46.9511228]]}},{"type":"Feature","properties":{"art":"rail"},"geometry":{"type":"LineString","coordinates":[[7.4398123,46.9506885],[7.4397313,46.9505259],[7.4396446,46.9503727]]}},{"type":"Feature","properties":{"art":"rail"},"geometry":{"type":"LineString","coordinates":[[7.4399659,46.9508112],[7.4398994,46.9507246],[7.4398508,46.9506612],[7.4397313,46.9505259],[7.4396593,46.950447],[7.4396088,46.9503873]]}},{"type":"Feature","properties":{"art":"rail"},"geometry":{"type":"LineString","coordinates":[[7.4398535,46.9503252],[7.4399666,46.9505473]]}},{"type":"Feature","properties":{"art":"rail"},"geometry":{"type":"LineString","coordinates":[[7.4400599,46.9510389],[7.4399106,46.9508264],[7.4398123,46.9506885],[7.4396021,46.9503896]]}},{"type":"Feature","properties":{"art":"rail"},"geometry":{"type":"LineString","coordinates":[[7.4399925,46.9502289],[7.4400005,46.9502598],[7.4400667,46.9504821]]}},{"type":"Feature","properties":{"art":"rail"},"geometry":{"type":"LineString","coordinates":[[7.4363636,46.9487801],[7.4362627,46.9487586],[7.4361295,46.9487364],[7.436003,46.9487163],[7.4358874,46.9487036],[7.4357746,46.948693],[7.4356563,46.9486858],[7.435545,46.9486836],[7.4353804,46.9486873],[7.4351532,46.9486934]]}},{"type":"Feature","properties":{"art":"rail"},"geometry":{"type":"LineString","coordinates":[[7.4362727,46.9489007],[7.436037,46.9488442],[7.4358898,46.9488136],[7.4356871,46.9487773],[7.4355036,46.9487545],[7.4353415,46.9487417],[7.435154,46.9487353],[7.4349666,46.9487395]]}},{"type":"Feature","properties":{"art":"rail"},"geometry":{"type":"LineString","coordinates":[[7.4398767,46.9502291],[7.4398493,46.9501668],[7.4397708,46.9500007],[7.4396818,46.9498482],[7.4396377,46.9497804],[7.4395498,46.9496634],[7.4393837,46.9494816],[7.4391606,46.949296],[7.4390359,46.9492134],[7.4388726,46.9491215],[7.4385564,46.9489528]]}},{"type":"Feature","properties":{"art":"rail"},"geometry":{"type":"LineString","coordinates":[[7.4405822,46.951612],[7.4409854,46.9522522],[7.4410649,46.9523756]]}},{"type":"Feature","properties":{"art":"rail"},"geometry":{"type":"LineString","coordinates":[[7.4351532,46.9486934],[7.4353745,46.9487021],[7.435448,46.9487059],[7.4355277,46.9487134],[7.435735,46.9487442],[7.4359903,46.948789]]}},{"type":"Feature","properties":{"art":"rail"},"geometry":{"type":"LineString","coordinates":[[7.4366571,46.9487674],[7.4365487,46.9487505],[7.4363622,46.9487258]]}},{"type":"Feature","properties":{"art":"rail"},"geometry":{"type":"LineString","coordinates":[[7.4363808,46.9487484],[7.4361287,46.9486933]]}},{"type":"Feature","properties":{"art":"rail"},"geometry":{"type":"LineString","coordinates":[[7.4366084,46.9481783],[7.4351341,46.9479111],[7.4348987,46.9478693],[7.4347805,46.9478517]]}},{"type":"Feature","properties":{"art":"rail"},"geometry":{"type":"LineString","coordinates":[[7.4417353,46.9534101],[7.4412691,46.9526056],[7.4410401,46.9522372],[7.4408219,46.9518931]]}},{"type":"Feature","properties":{"art":"rail"},"geometry":{"type":"LineString","coordinates":[[7.4382542,46.9495706],[7.438421,46.9496581],[7.4386983,46.9498035],[7.43889,46.949913],[7.4390544,46.9500233],[7.4391909,46.9501297],[7.4393689,46.9502934],[7.439421,46.9503447],[7.4394886,46.9504095]]}},{"type":"Feature","properties":{"art":"rail"},"geometry":{"type":"LineString","coordinates":[[7.4385674,46.9489174],[7.438943,46.9491101],[7.4390739,46.9491898],[7.4391989,46.9492726],[7.4394189,46.9494446],[7.4396043,46.9496422],[7.439689,46.9497628]]}},{"type":"Feature","properties":{"art":"rail"},"geometry":{"type":"LineString","coordinates":[[7.4340732,46.94875],[7.4336803,46.9487685],[7.4334005,46.9487742],[7.4333669,46.948774],[7.4332332,46.9487699],[7.4330543,46.948761],[7.4328032,46.948741],[7.4325854,46.9487131],[7.4322845,46.948668]]}},{"type":"Feature","properties":{"art":"rail"},"geometry":{"type":"LineString","coordinates":[[7.4363622,46.9487258],[7.4362826,46.9487129],[7.4361287,46.9486933],[7.4360013,46.948675],[7.4358729,46.9486589],[7.4357054,46.9486468],[7.4355995,46.9486423],[7.4355145,46.9486416],[7.435391,46.9486432]]}},{"type":"Feature","properties":{"art":"rail"},"geometry":{"type":"LineString","coordinates":[[7.4410649,46.9523756],[7.4411377,46.9525451],[7.4412009,46.9526795],[7.4412459,46.9527611],[7.4412984,46.9528516]]}},{"type":"Feature","properties":{"art":"rail"},"geometry":{"type":"LineString","coordinates":[[7.4401497,46.950162],[7.4401417,46.9501344],[7.4400782,46.9499148],[7.4399668,46.9496615],[7.4398839,46.949512],[7.4397773,46.9493699],[7.4395921,46.9491859],[7.439371,46.9490199],[7.4392642,46.9489526],[7.4391648,46.948902],[7.4387641,46.9487019]]}},{"type":"Feature","properties":{"art":"rail"},"geometry":{"type":"LineString","coordinates":[[7.4351234,46.9478474],[7.4345555,46.9477661],[7.4340621,46.9477121],[7.4333819,46.9476274],[7.4332579,46.9476138]]}},{"type":"Feature","properties":{"art":"rail"},"geometry":{"type":"LineString","coordinates":[[7.4359485,46.9486134],[7.4363918,46.9487089]]}},{"type":"Feature","properties":{"art":"rail"},"geometry":{"type":"LineString","coordinates":[[7.4403098,46.9509331],[7.4402793,46.950835],[7.440252,46.9507368],[7.4402331,46.9506434],[7.4401497,46.950162]]}},{"type":"Feature","properties":{"art":"rail"},"geometry":{"type":"LineString","coordinates":[[7.4364836,46.9484845],[7.4367042,46.9485301],[7.4372085,46.9486362],[7.4374453,46.9487021],[7.4377432,46.9487919],[7.4381446,46.9489547],[7.4383838,46.9490654]]}},{"type":"Feature","properties":{"art":"rail"},"geometry":{"type":"LineString","coordinates":[[7.4398008,46.9496652],[7.4397434,46.9495693],[7.4396496,46.9494444],[7.4394652,46.9492622],[7.4392603,46.9491099],[7.4390602,46.948993],[7.438714,46.9488163]]}},{"type":"Feature","properties":{"art":"rail"},"geometry":{"type":"LineString","coordinates":[[7.4384644,46.9493093],[7.4380209,46.949089],[7.4376482,46.9489412],[7.4373537,46.9488455],[7.4371255,46.9487793],[7.4367197,46.948679],[7.4364298,46.9486201]]}},{"type":"Feature","properties":{"art":"rail"},"geometry":{"type":"LineString","coordinates":[[7.4386945,46.9488462],[7.4389896,46.9490058],[7.4392172,46.9491345],[7.4394248,46.9492899],[7.4395561,46.949413],[7.4396452,46.9495232],[7.4397165,46.949618],[7.4397884,46.9497412],[7.4398364,46.9498204],[7.4398961,46.9499565],[7.4399491,46.9500952]]}},{"type":"Feature","properties":{"art":"rail"},"geometry":{"type":"LineString","coordinates":[[7.4341977,46.9487818],[7.4337584,46.9488053],[7.433586,46.9488097],[7.4333961,46.9488113],[7.433364,46.9488109],[7.433195,46.9488057],[7.4330882,46.9488005],[7.4328002,46.948777],[7.4325844,46.9487473],[7.4322757,46.9487003]]}},{"type":"Feature","properties":{"art":"rail"},"geometry":{"type":"LineString","coordinates":[[7.4298326,46.9481974],[7.4299288,46.9481719],[7.4300586,46.9481423],[7.4301449,46.9481243],[7.430268,46.9481032],[7.4304115,46.9480826],[7.4305462,46.9480638],[7.4306556,46.9480496],[7.4307628,46.9480394],[7.4308667,46.9480323],[7.4309717,46.9480263],[7.4310608,46.9480233],[7.4315864,46.9480042],[7.432134,46.9479843],[7.4322896,46.9479831],[7.4323886,46.9479857],[7.4325559,46.9479921],[7.4327662,46.9480051],[7.4329584,46.948026],[7.4331533,46.9480538],[7.4332677,46.9480694],[7.433439,46.9480868]]}},{"type":"Feature","properties":{"art":"rail"},"geometry":{"type":"LineString","coordinates":[[7.435868,46.9486358],[7.4357608,46.9486142],[7.4356827,46.9486007],[7.4355596,46.9485831],[7.4354491,46.9485711],[7.4353556,46.9485639],[7.4352616,46.9485598],[7.4351593,46.9485557],[7.4346689,46.9485429],[7.4343571,46.9485328],[7.4340609,46.9485245],[7.4339124,46.9485166],[7.4337607,46.9485046],[7.4335188,46.9484864]]}},{"type":"Feature","properties":{"art":"rail"},"geometry":{"type":"LineString","coordinates":[[7.4318946,46.948483],[7.4320832,46.9485067],[7.4322085,46.948521],[7.4322982,46.948527],[7.4324241,46.9485371],[7.4325263,46.9485401],[7.4331932,46.9485401],[7.4333218,46.9485454],[7.4334532,46.9485548],[7.4335601,46.9485675],[7.4336519,46.9485779],[7.4337783,46.9485894],[7.4339472,46.9485995]]}},{"type":"Feature","properties":{"art":"rail"},"geometry":{"type":"LineString","coordinates":[[7.4347719,46.9482731],[7.4344576,46.9482351],[7.4341938,46.9482169],[7.434079,46.9482114],[7.4339054,46.9482083],[7.4337461,46.9482072],[7.4334336,46.9482097],[7.4331828,46.948213],[7.4327725,46.9482158],[7.4327524,46.948216],[7.4322303,46.9482205],[7.4318294,46.9482251],[7.431554,46.948229],[7.4312203,46.9482303],[7.4310177,46.9482324],[7.430634,46.9482366],[7.4304722,46.9482413],[7.4302506,46.9482499],[7.4301308,46.9482574],[7.4300052,46.9482674],[7.4298739,46.9482787]]}},{"type":"Feature","properties":{"art":"rail"},"geometry":{"type":"LineString","coordinates":[[7.4313792,46.9483658],[7.4314865,46.9483833],[7.4315457,46.9483913],[7.4316823,46.9484089],[7.4317906,46.9484171],[7.4318851,46.9484212],[7.4320878,46.9484229],[7.4327497,46.948417],[7.4334117,46.9484117],[7.4337455,46.9484098]]}},{"type":"Feature","properties":{"art":"rail"},"geometry":{"type":"LineString","coordinates":[[7.4346738,46.9486759],[7.4345246,46.9486843],[7.4343171,46.9486948],[7.4341738,46.9487002],[7.433942,46.9487112],[7.4336782,46.9487122],[7.432976,46.9486966],[7.4328882,46.9486945],[7.4328134,46.9486915],[7.4327326,46.9486851],[7.4325803,46.948666],[7.4324599,46.9486446],[7.4321401,46.9485837]]}},{"type":"Feature","properties":{"art":"rail"},"geometry":{"type":"LineString","coordinates":[[7.4312772,46.9483211],[7.4315278,46.9483429],[7.4316736,46.9483552],[7.4318386,46.9483725],[7.4319423,46.9483763],[7.4321698,46.9483758],[7.4337049,46.9483653],[7.433811,46.9483646]]}},{"type":"Feature","properties":{"art":"rail"},"geometry":{"type":"LineString","coordinates":[[7.4330671,46.948462],[7.4334357,46.9484593],[7.4339958,46.9484537],[7.4343761,46.9484513],[7.4345837,46.9484553]]}},{"type":"Feature","properties":{"art":"rail"},"geometry":{"type":"LineString","coordinates":[[7.4341977,46.9487818],[7.4340868,46.9487957],[7.4339763,46.9488118],[7.4338373,46.9488368],[7.4337638,46.9488483],[7.4336921,46.9488576],[7.4336327,46.948864],[7.4335645,46.9488698],[7.4334791,46.9488738],[7.4333624,46.9488764],[7.4332647,46.9488748],[7.4331567,46.9488691],[7.433047,46.948859],[7.4328614,46.9488376],[7.4326956,46.9488178],[7.4325955,46.9488068],[7.4325632,46.9488026]]}},{"type":"Feature","properties":{"art":"rail"},"geometry":{"type":"LineString","coordinates":[[7.4339472,46.9485995],[7.4334913,46.9485863],[7.433147,46.9485795],[7.4327968,46.948578],[7.432512,46.9485799],[7.4322971,46.9485735],[7.4321478,46.9485608]]}},{"type":"Feature","properties":{"art":"rail"},"geometry":{"type":"LineString","coordinates":[[7.4321478,46.9485608],[7.4323328,46.9485829],[7.4324713,46.9485991],[7.4325664,46.9486081],[7.4326605,46.9486129],[7.4327424,46.9486148],[7.4335769,46.9486295],[7.4336995,46.9486332],[7.4339386,46.9486471],[7.4340649,46.9486557],[7.4343093,46.9486664]]}},{"type":"Feature","properties":{"art":"rail"},"geometry":{"type":"LineString","coordinates":[[7.4306431,46.9478433],[7.4307669,46.9478304],[7.4308635,46.9478183],[7.4310175,46.9477997],[7.4311711,46.9477834],[7.4312939,46.9477731],[7.4314605,46.9477649],[7.4318809,46.9477502],[7.432134,46.9477433],[7.4323823,46.9477437],[7.4325876,46.9477509],[7.4327878,46.9477644],[7.4330334,46.9477919],[7.4336095,46.9478686],[7.4338766,46.9479108]]}},{"type":"Feature","properties":{"art":"rail"},"geometry":{"type":"LineString","coordinates":[[7.4314567,46.9478051],[7.4320589,46.9477826],[7.43224,46.9477793],[7.4324376,46.9477843],[7.4325912,46.9477907],[7.4328028,46.9478071],[7.4329478,46.947823],[7.4334752,46.9479067]]}},{"type":"Feature","properties":{"art":"rail"},"geometry":{"type":"LineString","coordinates":[[7.4332617,46.948168],[7.4321223,46.9481805],[7.4319637,46.9481859],[7.4318181,46.9481908]]}},{"type":"Feature","properties":{"art":"rail"},"geometry":{"type":"LineString","coordinates":[[7.4272897,46.9491897],[7.4267637,46.949484],[7.4264843,46.9496317],[7.426294,46.9497321],[7.4261457,46.9498106],[7.4259009,46.9499466]]}},{"type":"Feature","properties":{"art":"rail"},"geometry":{"type":"LineString","coordinates":[[7.4344181,46.9480222],[7.4338766,46.9479108]]}},{"type":"Feature","properties":{"art":"rail"},"geometry":{"type":"LineString","coordinates":[[7.4324634,46.9478285],[7.4326005,46.9478348],[7.432727,46.9478441]]}},{"type":"Feature","properties":{"art":"rail"},"geometry":{"type":"LineString","coordinates":[[7.4365404,46.9483465],[7.4363646,46.9483202],[7.4345077,46.9479782],[7.4343864,46.9479549]]}},{"type":"Feature","properties":{"art":"rail"},"geometry":{"type":"LineString","coordinates":[[7.4338766,46.9479108],[7.4333865,46.9478103],[7.4331957,46.9477768],[7.4330103,46.9477515],[7.4328007,46.9477272],[7.4325913,46.9477131],[7.432309,46.9477041],[7.4320109,46.9477085],[7.4317443,46.9477172],[7.4313888,46.9477292],[7.431199,46.9477433],[7.4309624,46.9477686],[7.4307814,46.9477939],[7.4302457,46.9478934]]}},{"type":"Feature","properties":{"art":"rail"},"geometry":{"type":"LineString","coordinates":[[7.4272897,46.9491897],[7.4269289,46.9493508]]}},{"type":"Feature","properties":{"art":"rail"},"geometry":{"type":"LineString","coordinates":[[7.4337822,46.9480171],[7.4336399,46.9479926],[7.433538,46.9479763],[7.4333797,46.9479545],[7.4329449,46.947908],[7.4326541,46.947883],[7.4324817,46.9478736],[7.4322896,46.9478696],[7.4321373,46.9478717],[7.4320224,46.9478735],[7.431781,46.9478826],[7.4312406,46.9479017],[7.4310685,46.9479081],[7.4308904,46.9479156],[7.4307194,46.9479268],[7.4305413,46.9479441],[7.4303758,46.9479655],[7.4301938,46.9479936],[7.4298931,46.9480563],[7.4296512,46.9481177],[7.4296017,46.948131],[7.4295159,46.9481577],[7.4293488,46.9482155],[7.4291657,46.9482856],[7.4289524,46.9483712],[7.4288062,46.9484331],[7.4286553,46.9485007],[7.4284451,46.9485965]]}},{"type":"Feature","properties":{"art":"rail"},"geometry":{"type":"LineString","coordinates":[[7.4296134,46.9482746],[7.4298217,46.9482377],[7.4299632,46.9482119],[7.4300835,46.9481941],[7.430168,46.9481828],[7.4302422,46.9481753],[7.4303453,46.9481668],[7.4304745,46.9481617],[7.4305996,46.9481565],[7.4310442,46.9481406],[7.432016,46.9481044],[7.4323486,46.9480993],[7.4325314,46.9481035],[7.4329211,46.9481246],[7.4330255,46.9481284],[7.4331403,46.9481275],[7.433465,46.9481339]]}},{"type":"Feature","properties":{"art":"rail"},"geometry":{"type":"LineString","coordinates":[[7.4353846,46.9486206],[7.4352561,46.9486125],[7.4351007,46.9486048],[7.4349654,46.9485964],[7.4347306,46.9485848],[7.4345737,46.9485807],[7.4343585,46.9485751],[7.4342526,46.9485724],[7.4340937,46.9485683],[7.4339343,46.9485611],[7.4337793,46.9485518],[7.4336022,46.9485349],[7.4334565,46.9485195],[7.4332949,46.9485071],[7.4331448,46.9485018],[7.4329266,46.948503],[7.4328111,46.9485037],[7.4322281,46.948505],[7.4320881,46.9485003],[7.4320118,46.9484943],[7.4318946,46.948483]]}},{"type":"Feature","properties":{"art":"rail"},"geometry":{"type":"LineString","coordinates":[[7.4299202,46.9479545],[7.4300422,46.9479256],[7.4301452,46.9478988],[7.4304455,46.9478209],[7.4305596,46.9477946],[7.4307685,46.9477552],[7.4310344,46.9477186],[7.4311726,46.947706],[7.4313842,46.9476914],[7.4317402,46.9476774],[7.4320268,46.9476644],[7.4323282,46.9476662],[7.4325264,46.9476722],[7.4326886,46.9476816],[7.4328453,46.9476942],[7.4329401,46.9477032],[7.4330507,46.9477158],[7.4331568,46.9477302],[7.4333275,46.947758],[7.433568,46.9478035],[7.4343864,46.9479549]]}},{"type":"Feature","properties":{"art":"rail"},"geometry":{"type":"LineString","coordinates":[[7.4301801,46.9481419],[7.4303082,46.9481314],[7.4304313,46.9481243],[7.4305984,46.948119],[7.4307469,46.9481134],[7.4309882,46.9481044],[7.4312406,46.9480957],[7.4316183,46.9480822],[7.4318811,46.9480725],[7.4320295,46.9480676],[7.4322082,46.9480638],[7.4323935,46.9480646],[7.4325749,46.9480683],[7.4330136,46.9480922],[7.433465,46.9481339]]}},{"type":"Feature","properties":{"art":"rail"},"geometry":{"type":"LineString","coordinates":[[7.432727,46.9478441],[7.4332051,46.9478833],[7.4334752,46.9479067]]}},{"type":"Feature","properties":{"art":"rail"},"geometry":{"type":"LineString","coordinates":[[7.4329381,46.9484637],[7.4328409,46.9484633],[7.4324654,46.948466],[7.4321345,46.9484697],[7.4319134,46.948466],[7.43176,46.9484576],[7.4316757,46.9484487],[7.4315521,46.9484336]]}},{"type":"Feature","properties":{"art":"rail"},"geometry":{"type":"LineString","coordinates":[[7.4329847,46.9479906],[7.4326476,46.9479557],[7.4325363,46.9479484],[7.4324079,46.9479419],[7.4322336,46.9479421],[7.4319944,46.9479508],[7.4311408,46.9479813],[7.4309388,46.9479888],[7.4307739,46.9479982],[7.4306144,46.9480118],[7.430378,46.9480423],[7.4301794,46.9480742],[7.4300591,46.9480977],[7.429788,46.9481613],[7.4296849,46.9481862],[7.4295111,46.9482322],[7.4293627,46.9482711],[7.4292548,46.9483039],[7.4291498,46.9483392],[7.4289943,46.9483981]]}},{"type":"Feature","properties":{"art":"rail"},"geometry":{"type":"LineString","coordinates":[[7.4334752,46.9479067],[7.4339148,46.9479764],[7.4341422,46.9480126],[7.4344559,46.948073],[7.4347408,46.9481322],[7.4353655,46.9482631],[7.436396,46.9484666],[7.4364836,46.9484845]]}},{"type":"Feature","properties":{"art":"rail"},"geometry":{"type":"LineString","coordinates":[[7.4321401,46.9485837],[7.4322207,46.9485976],[7.432317,46.9486118],[7.432418,46.9486238],[7.4325417,46.9486365],[7.4326037,46.9486413],[7.4326867,46.9486477],[7.4328235,46.9486547],[7.4335409,46.9486698],[7.4337059,46.9486698],[7.4338639,46.9486651],[7.4343093,46.9486664]]}},{"type":"Feature","properties":{"art":"rail"},"geometry":{"type":"LineString","coordinates":[[7.4295355,46.9480571],[7.4298696,46.9479439],[7.4301331,46.9478617],[7.430244,46.9478313],[7.4304463,46.9477801],[7.4306103,46.9477461],[7.4308188,46.9477116],[7.4309549,46.9476919],[7.4311259,46.9476717],[7.4313466,46.9476538],[7.4316022,46.9476395],[7.4317583,46.947633],[7.4320247,46.9476255],[7.4322117,46.9476238],[7.4323932,46.9476251]]}},{"type":"Feature","properties":{"art":"rail"},"geometry":{"type":"LineString","coordinates":[[7.4353846,46.9486206],[7.4352534,46.9486161],[7.4351076,46.9486164],[7.4348123,46.9486216],[7.4346494,46.9486197],[7.4342829,46.9486081],[7.4339472,46.9485995]]}},{"type":"Feature","properties":{"art":"rail"},"geometry":{"type":"LineString","coordinates":[[7.436504,46.948437],[7.434974,46.9481404],[7.4344729,46.9480339],[7.4344181,46.9480222]]}},{"type":"Feature","properties":{"art":"rail"},"geometry":{"type":"LineString","coordinates":[[7.4366406,46.948807],[7.4363808,46.9487484]]}},{"type":"Feature","properties":{"art":"rail"},"geometry":{"type":"LineString","coordinates":[[7.435487,46.9484128],[7.4351686,46.9483502],[7.4348836,46.9482912],[7.4347719,46.9482731]]}},{"type":"Feature","properties":{"art":"rail"},"geometry":{"type":"LineString","coordinates":[[7.4162933,46.9512242],[7.4159993,46.951049]]}},{"type":"Feature","properties":{"art":"narrow_gauge"},"geometry":{"type":"LineString","coordinates":[[7.4399768,46.9494897],[7.4399346,46.9495205],[7.4391464,46.9500684]]}},{"type":"Feature","properties":{"art":"narrow_gauge"},"geometry":{"type":"LineString","coordinates":[[7.4400546,46.9495378],[7.4400117,46.9495691],[7.4392041,46.9501346]]}},{"type":"Feature","properties":{"art":"narrow_gauge"},"geometry":{"type":"LineString","coordinates":[[7.4472656,46.9714961],[7.4477268,46.9716921],[7.4490006,46.9722334],[7.4498624,46.9725996],[7.4508519,46.97302],[7.4512018,46.9731614],[7.4514771,46.9732741],[7.4519953,46.9735115],[7.4530238,46.9739435]]}},{"type":"Feature","properties":{"art":"narrow_gauge"},"geometry":{"type":"LineString","coordinates":[[7.4380208,46.950934],[7.437904,46.9511054],[7.4378242,46.9512509],[7.4377539,46.9513999],[7.4376609,46.951773],[7.4376446,46.9521571],[7.4377362,46.9528179],[7.4381269,46.9557188],[7.4382496,46.9563222]]}},{"type":"Feature","properties":{"art":"narrow_gauge"},"geometry":{"type":"LineString","coordinates":[[7.4472898,46.9714703],[7.4471059,46.9713878],[7.4469581,46.9713143],[7.4468535,46.9712573],[7.4466757,46.971152],[7.4465677,46.9710854],[7.4463953,46.9709664],[7.446253,46.9708594],[7.4461572,46.970778],[7.4460224,46.9706616],[7.4458547,46.9704983],[7.4455089,46.9701375],[7.4452557,46.9698751],[7.4451672,46.9697835],[7.4449511,46.9695566],[7.4448566,46.9694506],[7.4447571,46.9693382],[7.4446899,46.9692593],[7.4446143,46.9691644],[7.4445509,46.9690826],[7.4445019,46.9690147],[7.444466,46.9689626],[7.4444212,46.968894],[7.4443763,46.9688233],[7.4443413,46.9687631],[7.4443045,46.9686966],[7.4442716,46.9686346],[7.4442294,46.9685465],[7.4441859,46.9684478],[7.4441666,46.9684021],[7.4441441,46.9683357],[7.4440254,46.9679927],[7.4439813,46.9678547],[7.4439343,46.9676941],[7.4439022,46.9675362],[7.4438726,46.9673053],[7.4438427,46.9670907],[7.4438292,46.9669965],[7.4438091,46.9669072],[7.4437868,46.9667923],[7.4437529,46.9666628],[7.4436793,46.9664249],[7.4436065,46.9661995],[7.4435341,46.9659834],[7.4434711,46.9658048],[7.4433728,46.9655345],[7.4432406,46.9651968],[7.4431827,46.9650618],[7.4431065,46.9648928],[7.4430343,46.9647416],[7.4429605,46.9646038],[7.442832,46.9643959],[7.4426866,46.9641692],[7.4424903,46.963901],[7.4422724,46.963618],[7.4420426,46.963327],[7.4419245,46.9631761],[7.4418161,46.9630358],[7.4417084,46.9628878],[7.4416094,46.9627469],[7.441512,46.9626015],[7.4414223,46.9624565],[7.4412982,46.9622367],[7.4412201,46.9620749],[7.4411462,46.9619083],[7.4410949,46.9617897],[7.4409999,46.9615188],[7.4409123,46.9612848],[7.4409049,46.9612706]]}},{"type":"Feature","properties":{"art":"rail"},"geometry":{"type":"LineString","coordinates":[[7.4364298,46.9486201],[7.435683,46.948457],[7.435487,46.9484128]]}},{"type":"Feature","properties":{"art":"rail"},"geometry":{"type":"LineString","coordinates":[[7.4396446,46.9503727],[7.4395838,46.9502841]]}},{"type":"Feature","properties":{"art":"rail"},"geometry":{"type":"LineString","coordinates":[[7.439202,46.9499351],[7.4391385,46.9498773],[7.4391183,46.9498593],[7.4389332,46.9497128],[7.4387157,46.949574]]}},{"type":"Feature","properties":{"art":"rail"},"geometry":{"type":"LineString","coordinates":[[7.4374084,46.9490025],[7.4377143,46.9491381],[7.4380789,46.9493315]]}},{"type":"Feature","properties":{"art":"rail"},"geometry":{"type":"LineString","coordinates":[[7.4381162,46.9493014],[7.4377143,46.9491381],[7.4374134,46.9490472]]}},{"type":"Feature","properties":{"art":"rail"},"geometry":{"type":"LineString","coordinates":[[7.4396818,46.9498482],[7.4398149,46.9500296],[7.4399294,46.9502003],[7.4399746,46.9502876]]}},{"type":"Feature","properties":{"art":"rail"},"geometry":{"type":"LineString","coordinates":[[7.4398535,46.9503252],[7.4396967,46.9500525],[7.43958,46.9498711],[7.4394516,46.9497221],[7.4392668,46.9495406],[7.4389928,46.9493419],[7.4389187,46.9493014],[7.4386451,46.9491516],[7.4384176,46.9490348]]}},{"type":"Feature","properties":{"art":"rail"},"geometry":{"type":"LineString","coordinates":[[7.4398535,46.9503252],[7.4396802,46.9500616],[7.4394984,46.9498423]]}},{"type":"Feature","properties":{"art":"rail"},"geometry":{"type":"LineString","coordinates":[[7.439541,46.9504036],[7.4394584,46.9502327],[7.4393708,46.950112],[7.4392876,46.9500158]]}},{"type":"Feature","properties":{"art":"narrow_gauge"},"geometry":{"type":"LineString","coordinates":[[7.4393071,46.949903],[7.4392062,46.9500021],[7.4391464,46.9500684]]}},{"type":"Feature","properties":{"art":"narrow_gauge"},"geometry":{"type":"LineString","coordinates":[[7.4390974,46.9500538],[7.4390753,46.9500702],[7.4390094,46.950117],[7.4387954,46.9502394],[7.4386142,46.9503534]]}},{"type":"Feature","properties":{"art":"rail"},"geometry":{"type":"LineString","coordinates":[[7.4366571,46.9487674],[7.4368853,46.9488172],[7.4370799,46.9488657],[7.4373014,46.9489277],[7.4375948,46.9490281],[7.4379485,46.9491693],[7.4382914,46.9493502]]}},{"type":"Feature","properties":{"art":"rail"},"geometry":{"type":"LineString","coordinates":[[7.4396088,46.9503873],[7.4395306,46.9502898]]}},{"type":"Feature","properties":{"art":"rail"},"geometry":{"type":"LineString","coordinates":[[7.4398767,46.9502291],[7.4398149,46.9500296],[7.4398007,46.9499776],[7.439689,46.9497628]]}},{"type":"Feature","properties":{"art":"rail"},"geometry":{"type":"LineString","coordinates":[[7.4364466,46.948578],[7.4353534,46.948343],[7.4352741,46.9483267],[7.4345979,46.9481851]]}},{"type":"Feature","properties":{"art":"rail"},"geometry":{"type":"LineString","coordinates":[[7.4359485,46.9486134],[7.4360391,46.9486352],[7.4361278,46.9486572],[7.4363622,46.9487258],[7.4364746,46.9487562],[7.4366406,46.948807]]}},{"type":"Feature","properties":{"art":"narrow_gauge"},"geometry":{"type":"LineString","coordinates":[[7.4408605,46.9612797],[7.4408673,46.9612925],[7.4409578,46.9615307],[7.4410234,46.9617175],[7.4410483,46.9617884],[7.4411027,46.9619165],[7.441177,46.9620843],[7.4412556,46.9622465],[7.4413802,46.9624674],[7.4414703,46.9626135],[7.4415696,46.9627604],[7.4417762,46.9630495],[7.4420077,46.9633422],[7.4422325,46.9636323],[7.4424554,46.9639148],[7.4426457,46.9641827],[7.4427898,46.9644071],[7.4429178,46.9646139],[7.4429918,46.9647506],[7.443063,46.9649014],[7.4431399,46.9650706],[7.4431973,46.9652042],[7.4433299,46.9655414],[7.4434269,46.9658105],[7.4434906,46.9659895],[7.4435621,46.9662055],[7.4436353,46.9664307],[7.4437085,46.9666672],[7.4437429,46.9667965],[7.4437644,46.9669101],[7.4437806,46.967002],[7.4437956,46.9670976],[7.443821,46.9673081],[7.4438577,46.9675394],[7.4438904,46.9676978],[7.443937,46.9678595],[7.4439811,46.9679984],[7.4440971,46.9683383],[7.4441435,46.9684559],[7.4441884,46.9685561],[7.4442308,46.9686441],[7.444263,46.9687064],[7.444301,46.968774],[7.4443354,46.9688329],[7.4443795,46.9689043],[7.4444259,46.9689738],[7.444463,46.9690278],[7.444511,46.969094],[7.4445753,46.9691777],[7.4446513,46.9692721],[7.4447187,46.969352],[7.4447852,46.9694285],[7.4449134,46.9695727],[7.4451299,46.9697997],[7.4454707,46.9701529],[7.4455601,46.9702464],[7.4458165,46.9705143],[7.4459876,46.9706798],[7.4462185,46.9708791],[7.4463632,46.9709875],[7.4465369,46.9711078],[7.4466468,46.9711748],[7.4468243,46.971281],[7.4469292,46.9713376],[7.4470803,46.9714127],[7.4472656,46.9714961]]}},{"type":"Feature","properties":{"art":"narrow_gauge"},"geometry":{"type":"LineString","coordinates":[[7.4455086,46.9701812],[7.4455601,46.9702464]]}},{"type":"Feature","properties":{"art":"narrow_gauge"},"geometry":{"type":"LineString","coordinates":[[7.4452557,46.9698751],[7.4453734,46.9700143],[7.4454502,46.9701073],[7.4455086,46.9701812]]}},{"type":"Feature","properties":{"art":"narrow_gauge"},"geometry":{"type":"LineString","coordinates":[[7.4570954,46.9771579],[7.4571198,46.9772274],[7.4571325,46.9772584],[7.4571481,46.9772901],[7.45717,46.9773328],[7.4571928,46.9773767],[7.4572112,46.9774152],[7.4572291,46.9774576],[7.4572525,46.9775234]]}},{"type":"Feature","properties":{"art":"narrow_gauge"},"geometry":{"type":"LineString","coordinates":[[7.456692,46.9759414],[7.4567303,46.9760138],[7.4567684,46.9760976],[7.4568026,46.976183],[7.4568403,46.9762827],[7.4569323,46.9765916],[7.4569696,46.9767228]]}},{"type":"Feature","properties":{"art":"narrow_gauge"},"geometry":{"type":"LineString","coordinates":[[7.457029,46.9767623],[7.4570425,46.9768195],[7.4570537,46.9768735],[7.4570641,46.9770067],[7.4570718,46.9770511],[7.4570796,46.9770904],[7.4570902,46.9771363]]}},{"type":"Feature","properties":{"art":"narrow_gauge"},"geometry":{"type":"LineString","coordinates":[[7.4571575,46.9773658],[7.4571818,46.9774509],[7.4572258,46.9776033]]}},{"type":"Feature","properties":{"art":"narrow_gauge"},"geometry":{"type":"LineString","coordinates":[[7.4569696,46.9767228],[7.4570902,46.9771363],[7.4570954,46.9771579],[7.4571575,46.9773658]]}},{"type":"Feature","properties":{"art":"narrow_gauge"},"geometry":{"type":"LineString","coordinates":[[7.4530238,46.9739435],[7.4543048,46.9744649],[7.4549834,46.9747264],[7.4552876,46.9748462],[7.4555841,46.9749775]]}},{"type":"Feature","properties":{"art":"narrow_gauge"},"geometry":{"type":"LineString","coordinates":[[7.4477268,46.9716921],[7.4479427,46.971772],[7.4481108,46.971829],[7.4482317,46.9718706]]}},{"type":"Feature","properties":{"art":"narrow_gauge"},"geometry":{"type":"LineString","coordinates":[[7.4860874,47.0167784],[7.4860369,47.0167525],[7.4857887,47.016627],[7.4855029,47.0164725],[7.4852042,47.0163075]]}},{"type":"Feature","properties":{"art":"narrow_gauge"},"geometry":{"type":"LineString","coordinates":[[7.457495,46.9808614],[7.4574751,46.9806544],[7.4574651,46.9805433],[7.4574628,46.9804824],[7.4574631,46.9804265],[7.4574669,46.9803651],[7.4574751,46.9802423],[7.4575116,46.9798567],[7.4575265,46.9796488],[7.4575401,46.9794919],[7.4575529,46.9793034],[7.457553,46.9792484],[7.457551,46.979199],[7.4575359,46.9790911]]}},{"type":"Feature","properties":{"art":"narrow_gauge"},"geometry":{"type":"LineString","coordinates":[[7.4571729,46.9810213],[7.4571365,46.9813494]]}},{"type":"Feature","properties":{"art":"narrow_gauge"},"geometry":{"type":"LineString","coordinates":[[7.4574459,46.9799312],[7.4573997,46.9804442]]}},{"type":"Feature","properties":{"art":"narrow_gauge"},"geometry":{"type":"LineString","coordinates":[[7.4573278,46.9799164],[7.4572744,46.9805107]]}},{"type":"Feature","properties":{"art":"narrow_gauge"},"geometry":{"type":"LineString","coordinates":[[7.4572396,46.9808455],[7.4571804,46.9813514]]}},{"type":"Feature","properties":{"art":"narrow_gauge"},"geometry":{"type":"LineString","coordinates":[[7.4573116,46.980663],[7.4572275,46.9813533]]}},{"type":"Feature","properties":{"art":"narrow_gauge"},"geometry":{"type":"LineString","coordinates":[[7.457145,46.9807268],[7.4571271,46.9808117],[7.457102,46.980895],[7.4570566,46.9810345],[7.4570446,46.9810756],[7.4570215,46.9811715],[7.4569983,46.981343]]}},{"type":"Feature","properties":{"art":"narrow_gauge"},"geometry":{"type":"LineString","coordinates":[[7.457541,46.9800456],[7.4575318,46.9800955],[7.4575214,46.9801318],[7.4574751,46.9802423],[7.4573997,46.9804442],[7.4573116,46.980663],[7.4572396,46.9808455],[7.4571729,46.9810213],[7.4570981,46.9812077],[7.4570756,46.9812642],[7.4570602,46.9813457]]}},{"type":"Feature","properties":{"art":"narrow_gauge"},"geometry":{"type":"LineString","coordinates":[[7.4573786,46.9799184],[7.457343,46.9803249]]}},{"type":"Feature","properties":{"art":"narrow_gauge"},"geometry":{"type":"LineString","coordinates":[[7.4572281,46.9799111],[7.4571671,46.9805065]]}},{"type":"Feature","properties":{"art":"narrow_gauge"},"geometry":{"type":"LineString","coordinates":[[7.4573806,46.9806277],[7.4573786,46.9806823],[7.4573803,46.9807245],[7.4573974,46.9808986],[7.4574025,46.9809641],[7.4574024,46.9810335],[7.4573987,46.9810952],[7.457393,46.9811459]]}},{"type":"Feature","properties":{"art":"narrow_gauge"},"geometry":{"type":"LineString","coordinates":[[7.4572769,46.9799131],[7.4572213,46.9805082]]}},{"type":"Feature","properties":{"art":"narrow_gauge"},"geometry":{"type":"LineString","coordinates":[[7.4851552,47.0163701],[7.4854531,47.0165184],[7.4857473,47.0166623],[7.4860431,47.0168051]]}},{"type":"Feature","properties":{"art":"narrow_gauge"},"geometry":{"type":"LineString","coordinates":[[7.4878303,47.0174653],[7.4882876,47.0175938],[7.4885394,47.0176647],[7.4887062,47.0177117],[7.4889439,47.0177769],[7.4890394,47.0178033],[7.4891411,47.0178292],[7.4892472,47.0178554]]}},{"type":"Feature","properties":{"art":"narrow_gauge"},"geometry":{"type":"LineString","coordinates":[[7.4860431,47.0168051],[7.4860741,47.0168196],[7.4865539,47.0170441]]}},{"type":"Feature","properties":{"art":"narrow_gauge"},"geometry":{"type":"LineString","coordinates":[[7.4892472,47.0178554],[7.4895016,47.0179085],[7.4897479,47.0179606]]}},{"type":"Feature","properties":{"art":"narrow_gauge"},"geometry":{"type":"LineString","coordinates":[[7.4897479,47.0179606],[7.4922821,47.0184777],[7.4927139,47.0185522],[7.4928405,47.0185753],[7.4931406,47.0186218],[7.4934007,47.0186586],[7.4935506,47.0186763],[7.4937068,47.0186941],[7.4940704,47.0187326],[7.4944552,47.0187799],[7.4946928,47.0188177],[7.4948688,47.0188543],[7.4950438,47.0188977],[7.4952191,47.0189478],[7.4954131,47.0190071],[7.495615,47.0190759],[7.4957458,47.0191233],[7.4959417,47.0191993],[7.4961111,47.0192687],[7.4962588,47.0193318],[7.4964132,47.019403],[7.4965761,47.0194833],[7.4967344,47.0195733],[7.4968563,47.0196467],[7.4969804,47.0197304]]}},{"type":"Feature","properties":{"art":"narrow_gauge"},"geometry":{"type":"LineString","coordinates":[[7.4865539,47.0170441],[7.4867075,47.017108],[7.4868456,47.0171618],[7.4869722,47.0172078],[7.4871278,47.0172608]]}},{"type":"Feature","properties":{"art":"narrow_gauge"},"geometry":{"type":"LineString","coordinates":[[7.4871278,47.0172608],[7.4872595,47.0172999],[7.4878303,47.0174653]]}},{"type":"Feature","properties":{"art":"narrow_gauge"},"geometry":{"type":"LineString","coordinates":[[7.4840359,47.0158032],[7.4847673,47.0161741],[7.4851235,47.0163529],[7.4851552,47.0163701]]}},{"type":"Feature","properties":{"art":"tram"},"geometry":{"type":"LineString","coordinates":[[7.4009092,46.9420165],[7.4010274,46.9419968],[7.4011465,46.9419754],[7.4013815,46.9419322],[7.4015652,46.941898],[7.4018354,46.9418476],[7.4018589,46.9418432],[7.4021142,46.9417963],[7.4023639,46.9417792],[7.4024197,46.9417795]]}},{"type":"Feature","properties":{"art":"tram"},"geometry":{"type":"LineString","coordinates":[[7.4009632,46.9420438],[7.4007197,46.9420935],[7.4006737,46.9421045],[7.400638,46.9421132],[7.4005266,46.9421365],[7.4004744,46.9421456],[7.4004054,46.9421577]]}},{"type":"Feature","properties":{"art":"tram"},"geometry":{"type":"LineString","coordinates":[[7.4273428,46.9456314],[7.4280257,46.9456801],[7.4280879,46.9456833],[7.4283948,46.9456942],[7.4284564,46.9456973],[7.4290257,46.9457407],[7.4291632,46.9457503],[7.4292941,46.9457644],[7.4293742,46.9457733],[7.4294582,46.9457823],[7.4295183,46.9457871],[7.4296424,46.945795],[7.430713,46.9458711],[7.4315171,46.9459282],[7.4315775,46.9459314],[7.4316067,46.9459326],[7.4316319,46.9459335],[7.4316667,46.9459336],[7.4317035,46.9459332],[7.4318025,46.9459325],[7.4319523,46.9459298],[7.4325917,46.945908],[7.4327389,46.945903]]}},{"type":"Feature","properties":{"art":"tram"},"geometry":{"type":"LineString","coordinates":[[7.4396969,46.9474427],[7.4398425,46.9474687],[7.4399063,46.9474814],[7.4400882,46.9475232],[7.4402503,46.9475625],[7.4405853,46.9476437],[7.4406796,46.947665],[7.4408374,46.9477023],[7.4409629,46.9477339]]}},{"type":"Feature","properties":{"art":"tram"},"geometry":{"type":"LineString","coordinates":[[7.4394443,46.9461915],[7.4393794,46.9461787],[7.43934,46.9461711],[7.4391116,46.9461238],[7.4390665,46.9461136]]}},{"type":"Feature","properties":{"art":"tram"},"geometry":{"type":"LineString","coordinates":[[7.4273128,46.9456566],[7.4272851,46.9456522],[7.4272709,46.9456499],[7.4272424,46.9456432],[7.4272145,46.9456335],[7.42719,46.9456209],[7.427165,46.9456056],[7.4271455,46.9455895],[7.4271375,46.9455812],[7.4271284,46.9455718],[7.4271081,46.9455378],[7.4270971,46.9455055],[7.4270964,46.9454993],[7.4271584,46.9448422]]}},{"type":"Feature","properties":{"art":"tram"},"geometry":{"type":"LineString","coordinates":[[7.4384919,46.9472672],[7.4383977,46.9472508],[7.4383361,46.9472398],[7.4382847,46.9472304],[7.4382227,46.9472144],[7.4380972,46.9471787],[7.4380567,46.9471651],[7.4380175,46.9471517],[7.437965,46.9471339],[7.4379392,46.9471247],[7.4378973,46.9471068],[7.4378861,46.9471015],[7.4378682,46.9470922],[7.4378534,46.9470836],[7.4378338,46.9470706],[7.4378245,46.9470637],[7.4378158,46.9470572],[7.4378,46.9470446],[7.4377843,46.9470304],[7.4377732,46.9470193],[7.4377628,46.947007],[7.4377531,46.9469948],[7.4377463,46.9469849],[7.4377373,46.9469711],[7.437728,46.9469535],[7.437719,46.9469359],[7.4377106,46.9469191],[7.4377025,46.9469],[7.437557,46.9465377],[7.4375128,46.946425],[7.4374356,46.9462348],[7.4374081,46.9461671],[7.437396,46.9461388],[7.4373798,46.946107],[7.4373057,46.9459734],[7.4372826,46.9459388]]}},{"type":"Feature","properties":{"art":"tram"},"geometry":{"type":"LineString","coordinates":[[7.4513975,46.9551698],[7.4513822,46.9551484],[7.4513674,46.9551312],[7.4513553,46.9551182],[7.4513389,46.9551033],[7.4513198,46.9550882],[7.4513054,46.9550791],[7.4512856,46.9550669],[7.4512638,46.9550553],[7.4512417,46.9550447],[7.4512159,46.955034],[7.4511862,46.9550218],[7.4509369,46.9549196],[7.4508002,46.9548638],[7.4506708,46.954811],[7.45061,46.9547859],[7.4505651,46.9547667],[7.4505369,46.9547534],[7.4505151,46.9547415],[7.450497,46.9547308],[7.4504789,46.9547184],[7.4504615,46.9547051],[7.4504447,46.9546916],[7.4504307,46.9546783],[7.4504159,46.9546626],[7.4504027,46.9546458],[7.4503934,46.9546339],[7.4503814,46.9546152],[7.4503696,46.954593],[7.4503545,46.954562],[7.4503123,46.9544669],[7.450268,46.9543678],[7.4502218,46.9542634],[7.4501926,46.954198],[7.4500203,46.9538097],[7.4498877,46.9535238],[7.449846,46.9534414],[7.4498182,46.9533865]]}},{"type":"Feature","properties":{"art":"rail"},"geometry":{"type":"LineString","coordinates":[[7.4021334,46.9416849],[7.3996138,46.9401021],[7.3977001,46.938901],[7.3962095,46.9379646],[7.3956935,46.9376399],[7.3922712,46.935497],[7.3921225,46.9354018],[7.3908264,46.9345918],[7.3897123,46.9338907],[7.3893988,46.9336926],[7.3865764,46.9319162]]}},{"type":"Feature","properties":{"art":"rail"},"geometry":{"type":"LineString","coordinates":[[7.3865764,46.9319162],[7.3863917,46.9317989]]}},{"type":"Feature","properties":{"art":"narrow_gauge"},"geometry":{"type":"LineString","coordinates":[[7.4589358,46.9803532],[7.4588454,46.9802453],[7.4587355,46.9801165],[7.4586974,46.9800639],[7.458649,46.9799901],[7.458619,46.9799384],[7.4585411,46.979807],[7.4585034,46.9797409],[7.4584319,46.9796148],[7.4583777,46.9795199],[7.4583327,46.9794415],[7.4582378,46.9793052]]}},{"type":"Feature","properties":{"art":"rail"},"geometry":{"type":"LineString","coordinates":[[7.4626377,46.9821409],[7.4623915,46.9820369],[7.4622908,46.9819934],[7.4621718,46.9819473],[7.4619249,46.9818564],[7.4613846,46.9816557],[7.4608603,46.9814579]]}},{"type":"Feature","properties":{"art":"narrow_gauge"},"geometry":{"type":"LineString","coordinates":[[7.4584886,46.9799592],[7.4584409,46.9798991],[7.4584039,46.9798569],[7.4583564,46.9798101],[7.4582866,46.9797387],[7.4582056,46.9796577],[7.4581477,46.9795945],[7.4580896,46.9795327],[7.4580022,46.9794285]]}},{"type":"Feature","properties":{"art":"rail"},"geometry":{"type":"LineString","coordinates":[[7.4648404,46.9785555],[7.4645892,46.9785137],[7.4643377,46.9784927],[7.4641233,46.9784887],[7.4638514,46.978511],[7.4635839,46.9785523],[7.4633679,46.978608],[7.4631982,46.9786595]]}},{"type":"Feature","properties":{"art":"rail"},"geometry":{"type":"LineString","coordinates":[[7.4604771,46.9799471],[7.4603098,46.9799919],[7.4601351,46.9800269],[7.4599121,46.9800489],[7.459674,46.9800408],[7.4594034,46.9800039],[7.4591418,46.9799319]]}},{"type":"Feature","properties":{"art":"rail"},"geometry":{"type":"LineString","coordinates":[[7.4631982,46.9786595],[7.4628574,46.9787633],[7.4626862,46.9788201],[7.4625552,46.9788639],[7.4622987,46.9789732],[7.462071,46.9790823],[7.4618048,46.9792238],[7.4614641,46.9794218],[7.4610426,46.979673],[7.4609008,46.9797548],[7.4606601,46.9798777],[7.4604771,46.9799471]]}},{"type":"Feature","properties":{"art":"narrow_gauge"},"geometry":{"type":"LineString","coordinates":[[7.4817595,46.9733299],[7.4807868,46.9730909],[7.4805574,46.9730426],[7.4803625,46.9730145],[7.4800881,46.9729849],[7.4798559,46.9729768],[7.479597,46.9729844],[7.4792943,46.9730204],[7.4790469,46.9730665],[7.478821,46.9731257],[7.478603,46.9731947],[7.4783814,46.9732896],[7.4782128,46.9733708],[7.47733,46.9738652],[7.4766169,46.9742559],[7.4765529,46.9742925],[7.4757694,46.9747337],[7.4751553,46.9750732],[7.4749695,46.9751786],[7.4748147,46.9752776],[7.4747148,46.9753505],[7.4746376,46.9754228],[7.474494,46.9755491],[7.4742786,46.9757585]]}},{"type":"Feature","properties":{"art":"rail"},"geometry":{"type":"LineString","coordinates":[[7.4591418,46.9799319],[7.4590043,46.9798743],[7.4589334,46.9798401],[7.4588577,46.9797988],[7.4587933,46.9797586],[7.4587305,46.9797171],[7.4586578,46.9796606],[7.4585475,46.979567],[7.4585287,46.9795492],[7.458442,46.9794716],[7.4583726,46.9794061],[7.4583151,46.9793508],[7.4582516,46.9792938],[7.4581913,46.9792364],[7.458121,46.9791625]]}},{"type":"Feature","properties":{"art":"rail"},"geometry":{"type":"LineString","coordinates":[[7.4683269,46.9782062],[7.4682272,46.9782196],[7.4681389,46.9782344],[7.4680245,46.9782576],[7.4677841,46.9783182],[7.4669394,46.9785686],[7.4668113,46.9786055]]}},{"type":"Feature","properties":{"art":"rail"},"geometry":{"type":"LineString","coordinates":[[7.4670029,46.9789453],[7.4674412,46.978162]]}},{"type":"Feature","properties":{"art":"rail"},"geometry":{"type":"LineString","coordinates":[[7.4668803,46.9789153],[7.4673232,46.9781311]]}},{"type":"Feature","properties":{"art":"rail"},"geometry":{"type":"LineString","coordinates":[[7.4672769,46.9781188],[7.4668335,46.9789038]]}},{"type":"Feature","properties":{"art":"narrow_gauge"},"geometry":{"type":"LineString","coordinates":[[7.4574648,46.9781246],[7.4573903,46.9779887],[7.457331,46.9778759],[7.4572987,46.9778076],[7.4572723,46.9777414]]}},{"type":"Feature","properties":{"art":"rail"},"geometry":{"type":"LineString","coordinates":[[7.4620599,46.9965585],[7.4619843,46.9966811],[7.4619593,46.9967275],[7.4619242,46.9968051],[7.4618854,46.9968837],[7.4618442,46.9969749],[7.4617923,46.9971113],[7.4617676,46.9971882],[7.4617371,46.9972701],[7.4617105,46.9973498],[7.4616763,46.9974578],[7.4616463,46.9975641],[7.4616124,46.9976963],[7.4615866,46.9978223],[7.4615692,46.9979289],[7.4615545,46.9980305],[7.4615461,46.9981513],[7.4615439,46.998269],[7.4615467,46.9983899],[7.4615518,46.9985075],[7.4615657,46.9986288]]}},{"type":"Feature","properties":{"art":"rail"},"geometry":{"type":"LineString","coordinates":[[7.4672943,47.0093253],[7.4672827,47.0093042],[7.4671246,47.0090203],[7.467049,47.0088848],[7.4669687,47.0087509],[7.4668656,47.0085802],[7.4664927,47.0079143]]}},{"type":"Feature","properties":{"art":"rail"},"geometry":{"type":"LineString","coordinates":[[7.4668208,47.0083586],[7.4668949,47.008451],[7.4669788,47.0085574],[7.4670119,47.0086044],[7.4670405,47.0086506],[7.4670813,47.0087222],[7.4674266,47.0093447]]}},{"type":"Feature","properties":{"art":"rail"},"geometry":{"type":"LineString","coordinates":[[7.4657454,47.0066903],[7.4658097,47.0067724],[7.4659301,47.0069303],[7.4659825,47.0070036],[7.4660669,47.0071483],[7.4661533,47.0073054],[7.4664927,47.0079143]]}},{"type":"Feature","properties":{"art":"rail"},"geometry":{"type":"LineString","coordinates":[[7.4683482,47.0107716],[7.4674376,47.0097466],[7.4673694,47.0096689],[7.4673159,47.0096008],[7.467271,47.0095361],[7.467229,47.0094666],[7.4670738,47.0091846]]}},{"type":"Feature","properties":{"art":"rail"},"geometry":{"type":"LineString","coordinates":[[7.4674336,47.0096374],[7.4673765,47.0095678],[7.4673283,47.0095048],[7.467278,47.0094292],[7.4672294,47.0093509],[7.4668108,47.0085952],[7.4664676,47.0079833]]}},{"type":"Feature","properties":{"art":"narrow_gauge"},"geometry":{"type":"LineString","coordinates":[[7.4597412,46.9810689],[7.4589325,46.9801297],[7.4588573,46.980038]]}},{"type":"Feature","properties":{"art":"narrow_gauge"},"geometry":{"type":"LineString","coordinates":[[7.4594204,46.9800318],[7.4592843,46.9800065],[7.459215,46.9799936],[7.4591801,46.9799862],[7.4591069,46.9799662],[7.4590321,46.9799406],[7.4589764,46.9799185]]}},{"type":"Feature","properties":{"art":"rail"},"geometry":{"type":"LineString","coordinates":[[7.4598375,46.9810347],[7.459878,46.9810822],[7.4599212,46.981129],[7.4599587,46.9811632],[7.4600028,46.9812021],[7.4600607,46.9812477],[7.4601173,46.981288],[7.4601822,46.9813308],[7.4602574,46.9813737],[7.4603379,46.9814138],[7.4604358,46.9814592],[7.4606066,46.9815371],[7.4607392,46.9815953],[7.4608214,46.9816319],[7.4609612,46.9816966],[7.4610668,46.9817357],[7.4612178,46.9817876],[7.4613395,46.9818199],[7.4615446,46.9818671]]}},{"type":"Feature","properties":{"art":"rail"},"geometry":{"type":"LineString","coordinates":[[7.4597921,46.9810533],[7.4598398,46.9811129],[7.4598842,46.9811583],[7.4599305,46.9812026],[7.4599852,46.9812472],[7.460041,46.9812892],[7.4601221,46.9813438],[7.4602047,46.9813934],[7.4603014,46.9814434],[7.4603879,46.9814828],[7.4605221,46.9815439],[7.4606397,46.981596],[7.4607457,46.9816386],[7.4608554,46.9816753],[7.46098,46.9817149],[7.4612178,46.9817876]]}},{"type":"Feature","properties":{"art":"narrow_gauge"},"geometry":{"type":"LineString","coordinates":[[7.4613778,46.9817828],[7.4615414,46.9818447],[7.461611,46.9818682],[7.4616962,46.9818904],[7.4618966,46.9819332]]}},{"type":"Feature","properties":{"art":"rail"},"geometry":{"type":"LineString","coordinates":[[7.4598375,46.9810347],[7.4589984,46.980059],[7.4589486,46.9799953]]}},{"type":"Feature","properties":{"art":"rail"},"geometry":{"type":"LineString","coordinates":[[7.4597412,46.9810689],[7.459796,46.9811363],[7.4598736,46.9812125],[7.4599321,46.9812637],[7.460014,46.9813248],[7.4600789,46.981369],[7.4601627,46.9814181],[7.4602591,46.9814703],[7.4603898,46.9815293],[7.4605261,46.9815909],[7.4606552,46.9816491],[7.4607573,46.9816912],[7.4608438,46.9817191],[7.4609812,46.9817595]]}},{"type":"Feature","properties":{"art":"narrow_gauge"},"geometry":{"type":"LineString","coordinates":[[7.4596648,46.9810707],[7.4587969,46.980061]]}},{"type":"Feature","properties":{"art":"rail"},"geometry":{"type":"LineString","coordinates":[[7.4597921,46.9810533],[7.4589798,46.9801099],[7.4588991,46.9800172]]}},{"type":"Feature","properties":{"art":"rail"},"geometry":{"type":"LineString","coordinates":[[7.4335227,46.9477559],[7.4340509,46.9478513],[7.4345179,46.9479372],[7.4365549,46.948312]]}},{"type":"Feature","properties":{"art":"rail"},"geometry":{"type":"LineString","coordinates":[[7.4269289,46.9493508],[7.4265511,46.9495208]]}},{"type":"Feature","properties":{"art":"rail"},"geometry":{"type":"LineString","coordinates":[[7.4192241,46.9302598],[7.4192116,46.9302171],[7.4191601,46.9300972],[7.4190086,46.9297453],[7.4189539,46.9296312],[7.4188924,46.9295247],[7.4187487,46.9293138],[7.4186595,46.9291917],[7.4185707,46.9290845],[7.418245,46.9287067],[7.4180736,46.9284963]]}},{"type":"Feature","properties":{"art":"narrow_gauge"},"geometry":{"type":"LineString","coordinates":[[7.4825889,47.0151257],[7.4828854,47.0152488],[7.4832362,47.0154106],[7.4836261,47.0155967],[7.4840359,47.0158032]]}},{"type":"Feature","properties":{"art":"narrow_gauge"},"geometry":{"type":"LineString","coordinates":[[7.4806862,47.0144743],[7.4811823,47.0146248],[7.4816694,47.0147808],[7.4821553,47.0149548],[7.4825889,47.0151257]]}},{"type":"Feature","properties":{"art":"narrow_gauge"},"geometry":{"type":"LineString","coordinates":[[7.4748945,47.0124932],[7.4752046,47.0124998],[7.4754203,47.0125136],[7.4756433,47.0125354],[7.4758719,47.0125632],[7.4760886,47.0125976],[7.4763067,47.0126382],[7.4765197,47.0126871],[7.4767425,47.0127426],[7.4769245,47.0127958],[7.4771213,47.0128591],[7.477319,47.0129342],[7.4775196,47.0130159],[7.4777065,47.0131008],[7.4778902,47.013189],[7.4781538,47.0133223],[7.4784204,47.0134585],[7.4794445,47.0139787],[7.4796573,47.014078],[7.4798685,47.0141675],[7.4801058,47.0142662],[7.4803491,47.0143582],[7.4805169,47.0144178],[7.4806862,47.0144743]]}},{"type":"Feature","properties":{"art":"narrow_gauge"},"geometry":{"type":"LineString","coordinates":[[7.5229295,46.9568303],[7.5233696,46.956813],[7.5237114,46.9568029],[7.524578,46.9567734],[7.5248221,46.9567627],[7.5253719,46.9567288],[7.5255215,46.9567225],[7.5256784,46.9567201],[7.5257796,46.9567201],[7.5259291,46.9567224],[7.5261948,46.956721]]}},{"type":"Feature","properties":{"art":"narrow_gauge"},"geometry":{"type":"LineString","coordinates":[[7.4936702,47.0185537],[7.4931877,47.0185091],[7.4930051,47.0184913],[7.49285,47.0184715],[7.4928067,47.0184663],[7.4927171,47.018457],[7.4926204,47.0184526],[7.4924947,47.0184456],[7.492416,47.0184416],[7.4923331,47.0184323],[7.4922394,47.0184205]]}},{"type":"Feature","properties":{"art":"tram"},"geometry":{"type":"LineString","coordinates":[[7.5177164,46.9325381],[7.517581,46.9325503],[7.5171339,46.9325853],[7.5164454,46.9326392],[7.5163708,46.9326458],[7.5153209,46.9327312]]}},{"type":"Feature","properties":{"art":"rail"},"geometry":{"type":"LineString","coordinates":[[7.3247672,46.9399886],[7.324979,46.9400177]]}},{"type":"Feature","properties":{"art":"rail"},"geometry":{"type":"LineString","coordinates":[[7.3727818,46.9434154],[7.3734281,46.9435761],[7.3754943,46.9440653],[7.376113,46.9442088],[7.3764247,46.9442761],[7.3767387,46.9443405],[7.3771291,46.9444129],[7.3774163,46.9444616],[7.3776524,46.9445],[7.3778685,46.9445316],[7.3782165,46.9445802],[7.3787267,46.9446464]]}},{"type":"Feature","properties":{"art":"rail"},"geometry":{"type":"LineString","coordinates":[[7.3686303,46.9425325],[7.3693352,46.9426318],[7.3696348,46.9426838],[7.3698905,46.9427311]]}},{"type":"Feature","properties":{"art":"rail"},"geometry":{"type":"LineString","coordinates":[[7.3919786,46.9462389],[7.3915485,46.9461516],[7.3914176,46.9461278],[7.3899821,46.9459533],[7.3891432,46.9458472]]}},{"type":"Feature","properties":{"art":"rail"},"geometry":{"type":"LineString","coordinates":[[7.3698905,46.9427311],[7.370156,46.9427828]]}},{"type":"Feature","properties":{"art":"rail"},"geometry":{"type":"LineString","coordinates":[[7.3684284,46.9425071],[7.3686303,46.9425325]]}},{"type":"Feature","properties":{"art":"rail"},"geometry":{"type":"LineString","coordinates":[[7.3868459,46.945641],[7.3869791,46.9456569],[7.387072,46.9456667],[7.3871786,46.945675],[7.3873385,46.9456852],[7.3875066,46.9456937],[7.3876956,46.9457103],[7.3877742,46.94572],[7.3879822,46.9457458],[7.3884012,46.9457978]]}},{"type":"Feature","properties":{"art":"rail"},"geometry":{"type":"LineString","coordinates":[[7.4067178,46.917551],[7.4066463,46.917543],[7.4065899,46.9175361],[7.4065445,46.9175288],[7.4064359,46.9175102],[7.4063397,46.9174921],[7.406242,46.9174681],[7.4061463,46.9174427],[7.4059796,46.9173908],[7.4058988,46.9173615],[7.4058201,46.9173299],[7.4056696,46.9172624],[7.4055993,46.9172262],[7.4055304,46.917188],[7.4054103,46.917115],[7.405353,46.9170757],[7.4052963,46.9170344],[7.4052195,46.916973],[7.405146,46.9169101],[7.405075,46.9168403],[7.4050082,46.9167685],[7.4049459,46.9166914],[7.4048905,46.9166138],[7.4048408,46.9165322],[7.4047955,46.9164497],[7.4047569,46.9163612],[7.4047265,46.9162711],[7.4047016,46.9161778],[7.404684,46.916085],[7.4046711,46.9159373],[7.4046658,46.9157905],[7.4046602,46.9156264],[7.4046471,46.9154628],[7.4046353,46.9153848],[7.4046191,46.9153087],[7.4045975,46.9152319],[7.4045712,46.9151567],[7.4045342,46.9150707],[7.404514,46.9150288],[7.4044904,46.9149874],[7.404443,46.9149047],[7.4043866,46.9148239],[7.4043298,46.9147505],[7.404268,46.9146797],[7.4042022,46.9146123],[7.4041322,46.9145466],[7.4040577,46.9144812],[7.4039816,46.9144177],[7.4038281,46.914296],[7.4028653,46.9135393],[7.402384,46.9131618],[7.4021441,46.9129724],[7.4020279,46.9128756],[7.4019556,46.9128109]]}},{"type":"Feature","properties":{"art":"rail"},"geometry":{"type":"LineString","coordinates":[[7.4154389,46.9251669],[7.4150664,46.9247165],[7.414798,46.9243855],[7.4146866,46.9242566],[7.4144798,46.924058],[7.4143661,46.9239329]]}},{"type":"Feature","properties":{"art":"rail"},"geometry":{"type":"LineString","coordinates":[[7.4162779,46.9262095],[7.416246,46.9261693],[7.4160614,46.9259362],[7.4154389,46.9251669]]}},{"type":"Feature","properties":{"art":"rail"},"geometry":{"type":"LineString","coordinates":[[7.4157508,46.9256377],[7.4150134,46.9247342],[7.4143661,46.9239329]]}},{"type":"Feature","properties":{"art":"rail"},"geometry":{"type":"LineString","coordinates":[[7.4892647,46.9449185],[7.4908523,46.9432864],[7.4910644,46.943074],[7.4912618,46.9428763],[7.4914396,46.9427043],[7.4915432,46.9426042],[7.4916485,46.9425045],[7.4917499,46.9424085],[7.4918524,46.9423129],[7.4919448,46.9422308],[7.492039,46.9421496],[7.4921875,46.9420221],[7.4923392,46.9418961],[7.4925031,46.9417594],[7.4926682,46.9416235],[7.4928344,46.9414929],[7.4930036,46.9413641],[7.4931719,46.9412368],[7.4933421,46.9411104],[7.4934999,46.9409949],[7.4936615,46.9408817],[7.4938482,46.9407551],[7.4940388,46.9406306],[7.49422,46.9405121],[7.4944024,46.940394],[7.4946445,46.9402434],[7.4948897,46.9400944],[7.4953256,46.9398383],[7.4966879,46.9390624],[7.4998083,46.9373404],[7.5004166,46.9370237]]}},{"type":"Feature","properties":{"art":"rail"},"geometry":{"type":"LineString","coordinates":[[7.5114804,46.9307864],[7.5106447,46.9312427],[7.5091684,46.932069]]}},{"type":"Feature","properties":{"art":"tram"},"geometry":{"type":"LineString","coordinates":[[7.3770493,46.9476244],[7.3769901,46.9476061],[7.3769695,46.9475993],[7.3769174,46.9475877],[7.3768555,46.9475774]]}},{"type":"Feature","properties":{"art":"tram"},"geometry":{"type":"LineString","coordinates":[[7.3745004,46.9442243],[7.3745158,46.9442],[7.3745302,46.9441807],[7.3745507,46.944158],[7.3745864,46.9441362],[7.374627,46.9441207],[7.3746478,46.9441158],[7.3746675,46.9441113],[7.3747063,46.9441093],[7.3747446,46.9441106],[7.3747896,46.9441163],[7.3753437,46.9442483],[7.3754471,46.9442729],[7.375504,46.9442903],[7.3755426,46.9443116],[7.3755745,46.9443373],[7.3756021,46.9443694],[7.3756169,46.944399],[7.3756245,46.9444276],[7.3756252,46.9444835]]}},{"type":"Feature","properties":{"art":"tram"},"geometry":{"type":"LineString","coordinates":[[7.3830557,46.9488572],[7.3829992,46.9488308],[7.3829563,46.948798],[7.382926,46.9487574],[7.3829167,46.9487357],[7.3829159,46.9487313],[7.3829126,46.9487124],[7.3828836,46.948546],[7.3828696,46.9485],[7.3828247,46.948448],[7.3827698,46.9484128],[7.3826979,46.9483898],[7.3824574,46.9483484],[7.3824054,46.9483475],[7.3823583,46.9483539],[7.3823159,46.9483671],[7.3822774,46.9483841],[7.3822448,46.9484071],[7.3822216,46.9484313],[7.3822071,46.9484558],[7.3821983,46.948483],[7.3821957,46.9485049],[7.3822002,46.9485342],[7.3822139,46.9485607],[7.3822191,46.9485708],[7.3822394,46.9485957],[7.3822721,46.9486198],[7.3823539,46.9486559]]}},{"type":"Feature","properties":{"art":"tram"},"geometry":{"type":"LineString","coordinates":[[7.4480832,46.9467626],[7.4480581,46.9467968],[7.4480479,46.9468161],[7.4480396,46.9468332],[7.448026,46.9468633],[7.4480065,46.9469099],[7.4479936,46.9469347],[7.4479797,46.9469549],[7.4479662,46.9469741],[7.447762,46.9472159],[7.4477284,46.9472557]]}},{"type":"Feature","properties":{"art":"narrow_gauge"},"geometry":{"type":"LineString","coordinates":[[7.5064199,46.9340511],[7.5067376,46.9339078],[7.506972,46.9337837],[7.5071698,46.9336702],[7.5074303,46.9335275]]}},{"type":"Feature","properties":{"art":"tram"},"geometry":{"type":"LineString","coordinates":[[7.5067681,46.9338558],[7.5064199,46.9340511],[7.5063488,46.934091],[7.5062435,46.93415],[7.5058607,46.934363],[7.5057518,46.9344222],[7.5056258,46.9344889],[7.5053618,46.9346223],[7.5051831,46.9347026],[7.5050981,46.9347408],[7.5048548,46.9348297]]}},{"type":"Feature","properties":{"art":"rail"},"geometry":{"type":"LineString","coordinates":[[7.5079587,46.9326943],[7.5081562,46.9325718],[7.5083378,46.932464]]}},{"type":"Feature","properties":{"art":"rail"},"geometry":{"type":"LineString","coordinates":[[7.5052275,46.9341218],[7.5070969,46.9330966],[7.5071705,46.9330587],[7.5072429,46.9330234],[7.5073109,46.9329926],[7.5073804,46.9329626],[7.5075321,46.9329004],[7.5076993,46.9328303]]}},{"type":"Feature","properties":{"art":"rail"},"geometry":{"type":"LineString","coordinates":[[7.5047896,46.9344159],[7.5049887,46.9342838],[7.5050908,46.9342132],[7.5052275,46.9341218]]}},{"type":"Feature","properties":{"art":"rail"},"geometry":{"type":"LineString","coordinates":[[7.5021545,46.9359638],[7.5019844,46.9360508],[7.5017706,46.936145]]}},{"type":"Feature","properties":{"art":"rail"},"geometry":{"type":"LineString","coordinates":[[7.5004166,46.9370237],[7.5008612,46.9367991],[7.5013148,46.9365725],[7.5018579,46.9362906]]}},{"type":"Feature","properties":{"art":"rail"},"geometry":{"type":"LineString","coordinates":[[7.5067904,46.9335088],[7.5069893,46.933414],[7.5073091,46.9332625],[7.5074854,46.9331758]]}},{"type":"Feature","properties":{"art":"rail"},"geometry":{"type":"LineString","coordinates":[[7.5076993,46.9328303],[7.5079587,46.9326943],[7.5081695,46.9325843],[7.5083229,46.932512],[7.5085283,46.9324149],[7.5087039,46.9323333]]}},{"type":"Feature","properties":{"art":"rail"},"geometry":{"type":"LineString","coordinates":[[7.5157634,46.9285046],[7.510184,46.9316113]]}},{"type":"Feature","properties":{"art":"rail"},"geometry":{"type":"LineString","coordinates":[[7.5016534,46.9361548],[7.5024194,46.9357522],[7.5025404,46.9356816],[7.5027579,46.9355524]]}},{"type":"Feature","properties":{"art":"rail"},"geometry":{"type":"LineString","coordinates":[[7.5024726,46.935944],[7.5027428,46.9357998],[7.5030591,46.9356539],[7.5032629,46.935556]]}},{"type":"Feature","properties":{"art":"narrow_gauge"},"geometry":{"type":"LineString","coordinates":[[7.4641383,46.9843356],[7.4641878,46.9845504],[7.4642107,46.9846488],[7.4642395,46.9847666],[7.4642569,46.9848383],[7.4642781,46.9849134],[7.4643072,46.9849905],[7.4643352,46.9850648],[7.4643847,46.9851706],[7.4644246,46.9852516]]}},{"type":"Feature","properties":{"art":"rail"},"geometry":{"type":"LineString","coordinates":[[7.4667921,46.9789778],[7.4663801,46.9797098],[7.4659754,46.9804396]]}},{"type":"Feature","properties":{"art":"rail"},"geometry":{"type":"LineString","coordinates":[[7.4667515,46.9791426],[7.4667713,46.9791082],[7.4668803,46.9789153]]}},{"type":"Feature","properties":{"art":"narrow_gauge"},"geometry":{"type":"LineString","coordinates":[[7.464074,46.9840013],[7.4640437,46.9838627],[7.4640125,46.9837397],[7.4639943,46.9836743],[7.4639743,46.9836189],[7.4639476,46.9835492],[7.4639026,46.9834436],[7.4638566,46.9833468],[7.4638192,46.9832798],[7.4637708,46.983199],[7.4637097,46.9831041]]}},{"type":"Feature","properties":{"art":"rail"},"geometry":{"type":"LineString","coordinates":[[7.4668113,46.9786055],[7.4666454,46.9786487],[7.4665278,46.9786742],[7.466461,46.9786868],[7.4663931,46.9786981],[7.4662678,46.9787138],[7.4661293,46.9787252],[7.4660563,46.9787286],[7.4659828,46.9787295],[7.4658983,46.9787282],[7.4658151,46.9787251],[7.4656647,46.978713],[7.4655125,46.978693],[7.4653651,46.9786661],[7.4652369,46.9786394],[7.4651091,46.9786115],[7.4649748,46.978583],[7.4648404,46.9785555]]}},{"type":"Feature","properties":{"art":"narrow_gauge"},"geometry":{"type":"LineString","coordinates":[[7.4667263,46.9785882],[7.4666301,46.9786117],[7.4665097,46.9786367],[7.4663796,46.9786581],[7.4663185,46.9786655],[7.4662571,46.9786722],[7.4661909,46.9786779],[7.4661236,46.978682],[7.466051,46.9786841],[7.4659783,46.9786849],[7.4658992,46.9786835],[7.4658205,46.9786805],[7.4656757,46.9786681],[7.4655289,46.9786482],[7.4653815,46.9786214],[7.465133,46.9785672],[7.4649987,46.9785363],[7.4648647,46.978506],[7.4647159,46.978477],[7.4645714,46.9784544],[7.4644389,46.9784395]]}},{"type":"Feature","properties":{"art":"rail"},"geometry":{"type":"LineString","coordinates":[[7.4689617,46.9753689],[7.4691356,46.9750842],[7.4693703,46.9747178],[7.4695632,46.9743976]]}},{"type":"Feature","properties":{"art":"rail"},"geometry":{"type":"LineString","coordinates":[[7.4669717,46.9789377],[7.4670683,46.9787438],[7.4672335,46.9784366]]}},{"type":"Feature","properties":{"art":"rail"},"geometry":{"type":"LineString","coordinates":[[7.4665477,46.979753],[7.466692,46.9794897],[7.4667465,46.9793848],[7.4668672,46.9791378],[7.4669717,46.9789377]]}},{"type":"Feature","properties":{"art":"rail"},"geometry":{"type":"LineString","coordinates":[[7.462786,47.0008076],[7.4627003,47.0005725],[7.4626751,47.0004843],[7.4625911,47.0001988],[7.4625602,47.0001005],[7.4625231,47.0000012],[7.4624836,46.9999012],[7.4624371,46.9998014],[7.462337,46.999598],[7.4622359,46.9993875],[7.4621837,46.9992812],[7.4621357,46.9991787],[7.4621093,46.9991117],[7.4620839,46.9990452],[7.462044,46.9989183],[7.461974,46.9986926],[7.4619603,46.9986465],[7.4619486,46.9986012],[7.4619397,46.9985505],[7.4619332,46.9985023],[7.4619174,46.9983456],[7.4619074,46.9982152],[7.4619051,46.9981503],[7.4619083,46.9980843],[7.4619159,46.9979874],[7.4619346,46.9978849]]}},{"type":"Feature","properties":{"art":"rail"},"geometry":{"type":"LineString","coordinates":[[7.4636491,47.0027173],[7.4635836,47.0025685],[7.4635441,47.0024607],[7.4635304,47.0024133],[7.4635166,47.0023593],[7.4635052,47.0023144],[7.46349,47.0022615],[7.4634827,47.0022374],[7.4634691,47.002197],[7.4634534,47.0021507],[7.4634397,47.0021127],[7.4634145,47.0020523]]}},{"type":"Feature","properties":{"art":"rail"},"geometry":{"type":"LineString","coordinates":[[7.4636327,47.0025403],[7.4636047,47.0024675],[7.4635819,47.0023994],[7.4635641,47.0023339],[7.4635284,47.0021874],[7.4634864,47.0020506],[7.4633379,47.0015995]]}},{"type":"Feature","properties":{"art":"rail"},"geometry":{"type":"LineString","coordinates":[[7.4626255,46.9960555],[7.4627507,46.9958696],[7.46288,46.9956757],[7.4630432,46.9954084],[7.4633292,46.9949455],[7.4634442,46.9947737],[7.4635908,46.9945535]]}},{"type":"Feature","properties":{"art":"rail"},"geometry":{"type":"LineString","coordinates":[[7.4625642,46.9960357],[7.4626909,46.9958458],[7.4628105,46.995667],[7.4629821,46.9953896],[7.463101,46.9952012],[7.4631942,46.9950533],[7.4632884,46.9949124],[7.4633902,46.9947603]]}},{"type":"Feature","properties":{"art":"rail"},"geometry":{"type":"LineString","coordinates":[[7.4653633,46.9919974],[7.4653707,46.9919867],[7.4655219,46.9917643],[7.4655889,46.9916598],[7.4656527,46.9915548],[7.4657431,46.9914009],[7.4658248,46.9912456],[7.4658942,46.9910944],[7.4659622,46.9909401],[7.466017,46.9907971],[7.466041,46.9907252],[7.4660651,46.9906531],[7.4660902,46.9905735],[7.4661119,46.9904934],[7.4661527,46.9903285],[7.4661859,46.9901674],[7.4662091,46.9900101],[7.4662273,46.9898471],[7.4662374,46.9896918],[7.466242,46.9895295],[7.4662381,46.9893686],[7.4662302,46.9892027],[7.4662186,46.9890409],[7.4661868,46.9886602],[7.4661445,46.9881223],[7.4661139,46.9877624],[7.4660958,46.987555],[7.4660714,46.9873462],[7.4660398,46.9871405],[7.4660033,46.9869388],[7.4659563,46.9867337],[7.465904,46.9865328],[7.4657817,46.9861172],[7.4656482,46.9856985],[7.4655809,46.9854865],[7.4655173,46.9852757],[7.4654599,46.9850827],[7.4654095,46.9848885],[7.4653648,46.9846948],[7.4653293,46.9844974],[7.4652969,46.9842974],[7.4652799,46.9840954],[7.465263,46.9838977],[7.4652586,46.9837024],[7.4652603,46.9835018],[7.4652718,46.9833052],[7.4652893,46.9831064],[7.4653123,46.9829073],[7.4653444,46.9827031],[7.4653461,46.9826934]]}},{"type":"Feature","properties":{"art":"rail"},"geometry":{"type":"LineString","coordinates":[[7.4648612,47.0053305],[7.4646228,47.004857],[7.4644857,47.004575],[7.4643998,47.0043932],[7.4643515,47.004287],[7.4643156,47.0042079],[7.4642326,47.0040194],[7.4641547,47.0038328],[7.4640012,47.0034591],[7.4637138,47.0028538],[7.4636491,47.0027173]]}},{"type":"Feature","properties":{"art":"rail"},"geometry":{"type":"LineString","coordinates":[[7.4618058,46.9989452],[7.461847,46.9990813],[7.461894,46.9992214],[7.4619452,46.9993616],[7.4619956,46.9994979],[7.462058,46.9996543],[7.462123,46.9998113],[7.4622373,47.0000706],[7.4623081,47.0002257],[7.4623388,47.0002889],[7.4625544,47.0007323],[7.4627869,47.0012018],[7.4631428,47.0019466]]}},{"type":"Feature","properties":{"art":"rail"},"geometry":{"type":"LineString","coordinates":[[7.4636709,46.9944399],[7.4638612,46.9941725],[7.4640407,46.9939309],[7.4641633,46.9937717],[7.4642886,46.9936137],[7.464523,46.9933107],[7.4646119,46.9931845],[7.4647599,46.992979]]}},{"type":"Feature","properties":{"art":"rail"},"geometry":{"type":"LineString","coordinates":[[7.4637756,46.9942062],[7.4639509,46.9939616],[7.464082,46.9937836],[7.4644231,46.9933385],[7.4645651,46.993144],[7.4646953,46.9929599]]}},{"type":"Feature","properties":{"art":"narrow_gauge"},"geometry":{"type":"LineString","coordinates":[[7.4588573,46.980038],[7.4587093,46.9798661],[7.4586478,46.9797939],[7.4585904,46.9797227]]}},{"type":"Feature","properties":{"art":"rail"},"geometry":{"type":"LineString","coordinates":[[7.4589486,46.9799953],[7.45889,46.9799122],[7.4588623,46.9798743],[7.4588297,46.979837],[7.4587563,46.9797592],[7.4587105,46.9797193],[7.4585475,46.979567]]}},{"type":"Feature","properties":{"art":"rail"},"geometry":{"type":"LineString","coordinates":[[7.4588991,46.9800172],[7.4588507,46.9799712],[7.4588017,46.9799292],[7.4587246,46.9798625],[7.4586605,46.9797978],[7.4585904,46.9797227],[7.4585564,46.9796832],[7.4584473,46.9795528]]}},{"type":"Feature","properties":{"art":"rail"},"geometry":{"type":"LineString","coordinates":[[7.4618737,46.9978875],[7.4618564,46.9979809],[7.4618428,46.998084],[7.4618372,46.9981496],[7.4618358,46.9982157],[7.4618432,46.9983498],[7.4618607,46.9985041],[7.461867,46.9985548],[7.4618772,46.9986079],[7.4618889,46.9986541],[7.4619014,46.9987021],[7.4619731,46.9989288],[7.4620141,46.9990563],[7.4620389,46.9991242],[7.462067,46.9991913],[7.4621144,46.9992964],[7.4621661,46.9994035],[7.4622674,46.9996131],[7.4625793,47.0002506],[7.4626274,47.0003506],[7.4626531,47.0004212],[7.4626751,47.0004843]]}},{"type":"Feature","properties":{"art":"narrow_gauge"},"geometry":{"type":"LineString","coordinates":[[7.4736157,46.976337],[7.4742786,46.9757585]]}},{"type":"Feature","properties":{"art":"rail"},"geometry":{"type":"LineString","coordinates":[[7.500823,47.0199916],[7.5006967,47.0199496],[7.5005701,47.0199094],[7.5005015,47.0198877],[7.5004413,47.0198677],[7.5003828,47.0198469],[7.5002977,47.0198139],[7.5002099,47.0197766],[7.500087,47.0197182],[7.4999667,47.0196573],[7.499856,47.0195983],[7.4997476,47.0195379],[7.4996527,47.0194848],[7.4995587,47.0194308],[7.4993759,47.0193229],[7.4980409,47.0185196]]}},{"type":"Feature","properties":{"art":"rail"},"geometry":{"type":"LineString","coordinates":[[7.496115,47.0169669],[7.4961987,47.017077],[7.4962658,47.0171619],[7.4963875,47.0173072],[7.4964957,47.0174169],[7.4966141,47.0175269],[7.4966914,47.0175928],[7.4968161,47.0176919],[7.4968773,47.0177404],[7.4969466,47.0177874],[7.4969969,47.0178228],[7.4970898,47.0178864],[7.4971514,47.017925],[7.4972862,47.0180109],[7.4973974,47.0180797],[7.4976168,47.0182101],[7.4986335,47.0188284]]}},{"type":"Feature","properties":{"art":"rail"},"geometry":{"type":"LineString","coordinates":[[7.4934978,47.0141196],[7.4934242,47.0140775],[7.4933303,47.0140267],[7.4931834,47.0139469],[7.4930627,47.0138862],[7.4928887,47.013804],[7.4927098,47.0137257],[7.4925462,47.0136592],[7.4923823,47.0135969],[7.4921856,47.0135291],[7.4919977,47.0134683],[7.4917975,47.0134086],[7.4916049,47.013357],[7.4914158,47.0133112],[7.4912211,47.0132695],[7.4910183,47.0132308],[7.4908178,47.013198],[7.4906216,47.0131699],[7.4903927,47.0131438],[7.490166,47.0131236],[7.4900264,47.0131131],[7.4898901,47.0131048],[7.4897505,47.0130984],[7.4896127,47.0130936],[7.489422,47.0130907],[7.4892406,47.0130951],[7.4890469,47.0131006],[7.4888697,47.0131088],[7.4886407,47.0131255],[7.4884204,47.0131466],[7.4881901,47.0131757],[7.4879719,47.0132072],[7.4877433,47.0132467],[7.4875288,47.013291],[7.4873786,47.0133252],[7.4872343,47.0133606],[7.4870935,47.0133983],[7.4869473,47.01344],[7.4868097,47.0134814],[7.4866685,47.0135278],[7.4865301,47.0135751],[7.4863894,47.0136241],[7.4858624,47.0138199],[7.4853537,47.0140124],[7.4851223,47.0140977],[7.4848995,47.0141738],[7.4847785,47.0142124],[7.4846584,47.014248],[7.4845324,47.0142829],[7.4843587,47.0143276]]}},{"type":"Feature","properties":{"art":"rail"},"geometry":{"type":"LineString","coordinates":[[7.4843587,47.0143276],[7.4841535,47.0143783]]}},{"type":"Feature","properties":{"art":"rail"},"geometry":{"type":"LineString","coordinates":[[7.4986335,47.0188284],[7.4984408,47.0187204],[7.4982443,47.0186278],[7.4980409,47.0185196]]}},{"type":"Feature","properties":{"art":"rail"},"geometry":{"type":"LineString","coordinates":[[7.496049,47.0181452],[7.4958127,47.0181648],[7.4956041,47.0181725],[7.4954136,47.0181858],[7.495144,47.018214],[7.4946788,47.0182727]]}},{"type":"Feature","properties":{"art":"rail"},"geometry":{"type":"LineString","coordinates":[[7.4939503,47.0144159],[7.4938493,47.0143445],[7.4937465,47.0142752],[7.4934978,47.0141196]]}},{"type":"Feature","properties":{"art":"rail"},"geometry":{"type":"LineString","coordinates":[[7.4963317,47.0181085],[7.4961984,47.0181153],[7.4960149,47.018121],[7.4959448,47.0181262],[7.4958547,47.0181247],[7.4957425,47.0181167],[7.4956215,47.0180971],[7.4954966,47.0180752],[7.4953316,47.0180258],[7.4951456,47.0179486]]}},{"type":"Feature","properties":{"art":"rail"},"geometry":{"type":"LineString","coordinates":[[7.4964882,47.0181029],[7.4963317,47.0181085],[7.4962028,47.0181092],[7.4959351,47.0181008],[7.4958029,47.0180835],[7.4956407,47.0180543],[7.4954703,47.0180085],[7.4953794,47.0179779],[7.4952991,47.0179487],[7.4952011,47.0179075]]}},{"type":"Feature","properties":{"art":"rail"},"geometry":{"type":"LineString","coordinates":[[7.4978609,47.0184144],[7.497675,47.0183229],[7.4975968,47.0182885],[7.4975022,47.0182524],[7.4974445,47.0182316],[7.4973649,47.0182059],[7.4972795,47.0181829],[7.4971646,47.0181559],[7.4970463,47.0181359],[7.4969319,47.0181201]]}},{"type":"Feature","properties":{"art":"rail"},"geometry":{"type":"LineString","coordinates":[[7.4969319,47.0181201],[7.4968338,47.0181098],[7.4967356,47.0180997],[7.4966175,47.0180905],[7.496487,47.0180843]]}},{"type":"Feature","properties":{"art":"rail"},"geometry":{"type":"LineString","coordinates":[[7.465703,46.986504],[7.4658257,46.9867719],[7.4659649,46.9870392],[7.4662202,46.987474],[7.4664747,46.9878531],[7.4666947,46.9881484],[7.4668989,46.9884062],[7.4671662,46.9887111],[7.4674481,46.9890111],[7.4677882,46.9893348],[7.4681459,46.9896529],[7.4685581,46.989983],[7.4689903,46.9903051],[7.4694677,46.9906344],[7.4699456,46.9909428],[7.4704895,46.9912834],[7.471028,46.9916073],[7.4716558,46.9919673],[7.4724783,46.992416],[7.4733139,46.9928451],[7.4742092,46.9932799],[7.475112,46.9936928],[7.4762086,46.9941543],[7.4773176,46.9945883],[7.4782976,46.9949425],[7.4790067,46.9951835],[7.4797017,46.995409],[7.4807615,46.9957273],[7.481831,46.9960196],[7.4829125,46.9962907],[7.4835237,46.9964324],[7.4841101,46.9965604],[7.4852367,46.9967882],[7.486477,46.9970145],[7.4884674,46.9973687],[7.4897096,46.9976072],[7.4906872,46.9978165],[7.4916338,46.9980363],[7.4924354,46.9982368],[7.4932,46.9984434],[7.4942445,46.9987487],[7.4953021,46.9990857],[7.4962857,46.9994203],[7.4971834,46.9997525],[7.4980621,47.0000976],[7.4989692,47.0004762],[7.4998717,47.0008808],[7.500915,47.001379],[7.5017195,47.0017893],[7.502391,47.0021511],[7.5030648,47.0025326],[7.5037095,47.0029128],[7.5043779,47.0033288],[7.5050022,47.0037366],[7.5057304,47.0042364],[7.5064252,47.004742],[7.5072102,47.0053465],[7.5077382,47.0057758],[7.5082348,47.0061974],[7.5087278,47.0066378],[7.5091886,47.0070652],[7.5096637,47.0075283],[7.5100958,47.007972],[7.5105292,47.0084376],[7.5109593,47.0089189],[7.5115808,47.009665],[7.5121801,47.0104416],[7.5126957,47.0111774],[7.5131828,47.0119034],[7.5138727,47.0129436],[7.5146582,47.0141368],[7.5154244,47.0153031],[7.5214172,47.0244013]]}},{"type":"Feature","properties":{"art":"narrow_gauge"},"geometry":{"type":"LineString","coordinates":[[7.4614891,46.9987962],[7.4614706,46.9986741],[7.4614646,46.9986023],[7.4614598,46.9985176],[7.4614621,46.9984546],[7.4614678,46.9983296],[7.4614733,46.9982602],[7.4614907,46.9979869]]}},{"type":"Feature","properties":{"art":"narrow_gauge"},"geometry":{"type":"LineString","coordinates":[[7.4575359,46.9790911],[7.4575707,46.9792436],[7.4575835,46.9793006],[7.4575907,46.9793626],[7.4575913,46.9794217],[7.4575887,46.9794959]]}},{"type":"Feature","properties":{"art":"rail"},"geometry":{"type":"LineString","coordinates":[[7.4846763,46.9497141],[7.4845356,46.9498546]]}},{"type":"Feature","properties":{"art":"rail"},"geometry":{"type":"LineString","coordinates":[[7.4847117,46.9495313],[7.4846295,46.9496149],[7.4844887,46.9497617]]}},{"type":"Feature","properties":{"art":"rail"},"geometry":{"type":"LineString","coordinates":[[7.4983883,46.9381619],[7.498788,46.937926],[7.4992301,46.9376669],[7.4998083,46.9373404]]}},{"type":"Feature","properties":{"art":"rail"},"geometry":{"type":"LineString","coordinates":[[7.4846464,46.9496507],[7.4847124,46.949574],[7.4847702,46.9495012],[7.484851,46.9493996],[7.4849083,46.9493339],[7.4850048,46.9492295]]}},{"type":"Feature","properties":{"art":"rail"},"geometry":{"type":"LineString","coordinates":[[7.5157154,46.9284791],[7.5159681,46.928337]]}},{"type":"Feature","properties":{"art":"rail"},"geometry":{"type":"LineString","coordinates":[[7.5160211,46.9283689],[7.5157634,46.9285046]]}},{"type":"Feature","properties":{"art":"rail"},"geometry":{"type":"LineString","coordinates":[[7.5109339,46.931249],[7.5095364,46.9320289],[7.5093942,46.9321063],[7.5093198,46.9321411],[7.5092414,46.9321758],[7.5091081,46.932235],[7.5090405,46.9322665],[7.5089768,46.9322981],[7.5087179,46.9324263]]}},{"type":"Feature","properties":{"art":"rail"},"geometry":{"type":"LineString","coordinates":[[7.5102173,46.9310577],[7.5098879,46.9314697]]}},{"type":"Feature","properties":{"art":"rail"},"geometry":{"type":"LineString","coordinates":[[7.5114804,46.9307864],[7.510659,46.9312541],[7.5101414,46.9315581],[7.5096996,46.9318236]]}},{"type":"Feature","properties":{"art":"rail"},"geometry":{"type":"LineString","coordinates":[[7.5118014,46.9306552],[7.5112256,46.9309908],[7.5107046,46.9312945],[7.5104472,46.9314515],[7.510184,46.9316113]]}},{"type":"Feature","properties":{"art":"tram"},"geometry":{"type":"LineString","coordinates":[[7.4999776,46.9358987],[7.5001797,46.9359965],[7.5003938,46.9360997],[7.5008005,46.9362958],[7.5010006,46.9363864],[7.5011536,46.9364431],[7.5012509,46.9364685]]}},{"type":"Feature","properties":{"art":"tram"},"geometry":{"type":"LineString","coordinates":[[7.4849289,46.9319374],[7.4849637,46.9319134],[7.4850734,46.9318401],[7.4851587,46.9317932]]}},{"type":"Feature","properties":{"art":"rail"},"geometry":{"type":"LineString","coordinates":[[7.4561832,47.0196587],[7.4571012,47.019274],[7.4573462,47.0191717],[7.457589,47.0190695],[7.4578225,47.0189699],[7.4580539,47.0188655],[7.4582784,47.0187613],[7.4585122,47.0186452],[7.4587472,47.0185201],[7.4588831,47.0184445]]}},{"type":"Feature","properties":{"art":"rail"},"geometry":{"type":"LineString","coordinates":[[7.4561832,47.0196587],[7.4559769,47.0197441],[7.4558746,47.0197848],[7.4556093,47.0198963],[7.4537948,47.0206533],[7.4536162,47.0207251],[7.4534309,47.0207979]]}},{"type":"Feature","properties":{"art":"rail"},"geometry":{"type":"LineString","coordinates":[[7.4558746,47.0197848],[7.4556746,47.0198504],[7.455588,47.0198762],[7.4554532,47.019912],[7.4553091,47.0199452],[7.4551067,47.0199873],[7.4549817,47.0200158],[7.4548656,47.0200419],[7.4547695,47.0200705],[7.4546776,47.0200993],[7.4545485,47.0201454],[7.4543975,47.0202088],[7.4533638,47.0206548]]}},{"type":"Feature","properties":{"art":"rail"},"geometry":{"type":"LineString","coordinates":[[7.4660719,47.0096601],[7.4660709,47.0098271],[7.4660715,47.0099006],[7.4660784,47.0099694],[7.4660897,47.0100405],[7.4661041,47.010107],[7.4661218,47.010161],[7.4661501,47.0102278],[7.4662015,47.0103361],[7.4664255,47.0107523],[7.4665013,47.0108913]]}},{"type":"Feature","properties":{"art":"rail"},"geometry":{"type":"LineString","coordinates":[[7.4660719,47.0096601],[7.4660768,47.0097397],[7.4660868,47.0098151],[7.4661097,47.0098985],[7.4661284,47.0099588],[7.4661533,47.0100255],[7.4661931,47.0100979],[7.4662418,47.0101928],[7.4664724,47.0106101]]}},{"type":"Feature","properties":{"art":"rail"},"geometry":{"type":"LineString","coordinates":[[7.4635814,47.0032361],[7.4637262,47.0034917],[7.4638549,47.0037473],[7.4641015,47.0042602],[7.4642781,47.0046306],[7.464422,47.0049231],[7.464985,47.0060377],[7.4652233,47.0065565],[7.4652715,47.0066494],[7.4653211,47.0067711],[7.465358,47.006863],[7.4653893,47.0069564],[7.4654177,47.0070478],[7.4654539,47.0071407],[7.4654871,47.0072143],[7.4655402,47.0073228],[7.4655846,47.007405],[7.465644,47.0075022],[7.4656961,47.007605],[7.465742,47.0077106]]}},{"type":"Feature","properties":{"art":"rail"},"geometry":{"type":"LineString","coordinates":[[7.4650685,47.0113035],[7.4649962,47.0113929],[7.4649328,47.0114619],[7.4648478,47.0115515],[7.4647806,47.011625],[7.4647202,47.0116979],[7.4646617,47.0117718],[7.4644697,47.0120451],[7.4642434,47.01237]]}},{"type":"Feature","properties":{"art":"rail"},"geometry":{"type":"LineString","coordinates":[[7.4659222,47.0085634],[7.4659188,47.0086499],[7.4659135,47.0087034],[7.4659071,47.0087534],[7.4658906,47.0088231],[7.4658685,47.0089179],[7.4658487,47.0090109],[7.4658373,47.0091175],[7.4658117,47.0093325],[7.4658075,47.0093663]]}},{"type":"Feature","properties":{"art":"narrow_gauge"},"geometry":{"type":"LineString","coordinates":[[7.4610426,46.979673],[7.4612041,46.9795684],[7.4613878,46.9794362],[7.4615443,46.97933]]}},{"type":"Feature","properties":{"art":"narrow_gauge"},"geometry":{"type":"LineString","coordinates":[[7.4585287,46.9795492],[7.4584477,46.9794679],[7.4583697,46.9793814],[7.4582359,46.9792214],[7.4581725,46.979144]]}},{"type":"Feature","properties":{"art":"tram"},"geometry":{"type":"LineString","coordinates":[[7.5291722,46.9301781],[7.5298592,46.9300354],[7.5300289,46.9299958],[7.5301509,46.9299613],[7.5302123,46.9299439],[7.5303952,46.9298821],[7.5306408,46.9297974],[7.5307514,46.9297586],[7.5308744,46.9297155],[7.5311481,46.9296212],[7.5312137,46.9295991],[7.5315215,46.9294954],[7.5317156,46.9294425],[7.5319384,46.929397],[7.5322063,46.9293502],[7.5328546,46.9292647],[7.5331618,46.9292234]]}},{"type":"Feature","properties":{"art":"narrow_gauge"},"geometry":{"type":"LineString","coordinates":[[7.463962,46.9834665],[7.4639068,46.9833199],[7.4638609,46.9832274],[7.4638154,46.9831454],[7.463764,46.9830644],[7.4637047,46.9829797],[7.4636599,46.9829214],[7.4636035,46.982857],[7.4635416,46.9827899],[7.4634778,46.9827273],[7.4634139,46.9826681],[7.4633281,46.9825978],[7.4632599,46.9825463],[7.4631663,46.9824781],[7.4631058,46.9824386],[7.4630321,46.9823933],[7.4629263,46.9823333],[7.4628046,46.9822708],[7.4627111,46.9822277],[7.462586,46.9821744],[7.4624801,46.9821331],[7.4623464,46.9820893],[7.4621936,46.9820437],[7.4620226,46.9820021],[7.4618805,46.9819726],[7.4616476,46.9819283],[7.4613376,46.9818724],[7.4611843,46.9818432],[7.4610554,46.9818178],[7.4609553,46.9817965],[7.4608217,46.9817647],[7.4607024,46.9817313],[7.4606038,46.9817008],[7.4604697,46.9816539],[7.4603691,46.9816145],[7.4602618,46.9815695],[7.4601745,46.9815278],[7.4600846,46.9814842],[7.4599887,46.9814295],[7.4599007,46.9813779],[7.4598241,46.9813297],[7.4597484,46.9812782],[7.4596757,46.9812258],[7.459606,46.9811694],[7.459547,46.9811196],[7.4594773,46.9810562],[7.4594214,46.9810009],[7.4593764,46.9809519],[7.4593275,46.9808986],[7.4592428,46.9808009],[7.4590122,46.9805293],[7.4589088,46.9804065],[7.4588039,46.9802815],[7.4587326,46.9801994],[7.4586589,46.9801075],[7.4586038,46.980034],[7.45849,46.9798719],[7.458426,46.9797835],[7.4583767,46.9797192],[7.4582988,46.9796186],[7.4581928,46.9794898]]}},{"type":"Feature","properties":{"art":"narrow_gauge"},"geometry":{"type":"LineString","coordinates":[[7.4633901,47.0030803],[7.463533,47.0033434],[7.463607,47.0034802],[7.4636774,47.0036194],[7.4637319,47.0037369],[7.4637814,47.0038545],[7.4638782,47.0040894],[7.4639567,47.0042691],[7.4640445,47.0044487],[7.4642445,47.0048098],[7.4645358,47.0053187]]}},{"type":"Feature","properties":{"art":"tram"},"geometry":{"type":"LineString","coordinates":[[7.4306062,46.9416556],[7.4305289,46.9416738],[7.4305063,46.9416791],[7.4303707,46.9417123],[7.4301169,46.9417717]]}},{"type":"Feature","properties":{"art":"tram"},"geometry":{"type":"LineString","coordinates":[[7.4306062,46.9416556],[7.4305452,46.9416751],[7.4304976,46.9416977],[7.4304729,46.9417134],[7.4304549,46.9417282],[7.4304328,46.9417522],[7.4304207,46.9417665],[7.4303696,46.9418255],[7.430343,46.9418575],[7.4303206,46.9418774],[7.430308,46.9418866],[7.4302949,46.9418942],[7.4302803,46.9419022],[7.4302642,46.9419086],[7.4302482,46.9419141],[7.430234,46.9419181],[7.430173,46.9419323]]}},{"type":"Feature","properties":{"art":"narrow_gauge"},"geometry":{"type":"LineString","coordinates":[[7.458649,46.9799901],[7.4587241,46.9801189],[7.4588177,46.9802814],[7.4588603,46.9803433],[7.4589088,46.9804065]]}},{"type":"Feature","properties":{"art":"rail"},"geometry":{"type":"LineString","coordinates":[[7.4589358,46.9803532],[7.4592019,46.9806685],[7.4592724,46.9807499],[7.4593736,46.9808704],[7.4594613,46.9809661],[7.4595472,46.9810482],[7.4596196,46.9811104],[7.4596889,46.9811675],[7.4597453,46.9812107],[7.4598121,46.9812596],[7.4598853,46.9813088],[7.4599515,46.9813508],[7.4600398,46.9814039],[7.46013,46.9814526],[7.4602288,46.981502],[7.460329,46.9815477],[7.4604445,46.981595],[7.4605679,46.9816405],[7.4606942,46.9816818],[7.4607735,46.9817068],[7.4608648,46.9817314],[7.4609812,46.9817595],[7.4611064,46.9817845],[7.4612238,46.9818057],[7.4615446,46.9818671],[7.4616353,46.9818831],[7.4618966,46.9819332],[7.4619762,46.9819477],[7.4620808,46.9819685],[7.4622014,46.9819959],[7.4622991,46.9820211],[7.4623999,46.9820521],[7.4626377,46.9821409],[7.4626982,46.9821667],[7.4627691,46.9821984],[7.4628606,46.9822427],[7.4629472,46.9822878],[7.4630626,46.9823525],[7.4631512,46.9824063],[7.4632225,46.982454],[7.4632947,46.982505],[7.4633729,46.9825671],[7.4634453,46.9826262],[7.4635196,46.9826943],[7.4635837,46.9827582],[7.4636367,46.9828182],[7.4636962,46.982892],[7.4637418,46.9829569],[7.4637843,46.9830258],[7.4638197,46.9830901],[7.4638508,46.9831554],[7.4638769,46.9832229],[7.463916,46.9833219],[7.463962,46.9834665]]}},{"type":"Feature","properties":{"art":"rail"},"geometry":{"type":"LineString","coordinates":[[7.458542,46.9796876],[7.4584473,46.9795528],[7.4583467,46.9794362],[7.4582378,46.9793052],[7.458121,46.9791625]]}},{"type":"Feature","properties":{"art":"rail"},"geometry":{"type":"LineString","coordinates":[[7.4664676,47.0079833],[7.4660973,47.0073166],[7.4659677,47.0070852],[7.4658829,47.0069389],[7.4657454,47.0066903]]}},{"type":"Feature","properties":{"art":"rail"},"geometry":{"type":"LineString","coordinates":[[7.4657454,47.0066903],[7.4656578,47.0065275],[7.465381,47.0060592],[7.4653255,47.0059608],[7.4652932,47.0059035]]}},{"type":"Feature","properties":{"art":"rail"},"geometry":{"type":"LineString","coordinates":[[7.4696354,46.9781408],[7.4693942,46.9781826],[7.4693066,46.9781931],[7.4692152,46.9782035],[7.4691165,46.9782111],[7.468921,46.9782278],[7.4686407,46.9782527],[7.4686097,46.9782554]]}},{"type":"Feature","properties":{"art":"rail"},"geometry":{"type":"LineString","coordinates":[[7.4708101,46.9776874],[7.4705456,46.9778163],[7.4704385,46.9778702],[7.4703283,46.9779225],[7.470181,46.9779832],[7.4700234,46.9780388],[7.4698745,46.9780843],[7.4697202,46.9781226],[7.4696354,46.9781408],[7.4693138,46.9782065],[7.4689185,46.9782893],[7.4687804,46.9783192],[7.4686701,46.978347],[7.4686439,46.978354]]}},{"type":"Feature","properties":{"art":"rail"},"geometry":{"type":"LineString","coordinates":[[7.4649965,47.0057774],[7.4649443,47.0056794],[7.4648717,47.00555],[7.4646699,47.0051987],[7.4645752,47.0050462],[7.4645182,47.0049468],[7.4644585,47.0048362],[7.464341,47.004608]]}},{"type":"Feature","properties":{"art":"rail"},"geometry":{"type":"LineString","coordinates":[[7.4561691,47.0197132],[7.4565609,47.0195642],[7.4569169,47.0194335],[7.4574004,47.0192455]]}},{"type":"Feature","properties":{"art":"narrow_gauge"},"geometry":{"type":"LineString","coordinates":[[7.4587969,46.980061],[7.4586814,46.9799175],[7.4586519,46.9798736],[7.458609,46.9798004],[7.4585715,46.9797363],[7.458542,46.9796876]]}},{"type":"Feature","properties":{"art":"narrow_gauge"},"geometry":{"type":"LineString","coordinates":[[7.4598074,46.9807302],[7.4592789,46.9801164],[7.4592424,46.9800781],[7.4591971,46.9800449],[7.4590298,46.9799451]]}},{"type":"Feature","properties":{"art":"narrow_gauge"},"geometry":{"type":"LineString","coordinates":[[7.459956,46.9805162],[7.4596332,46.9801413],[7.4596179,46.980124],[7.459593,46.9801062]]}},{"type":"Feature","properties":{"art":"narrow_gauge"},"geometry":{"type":"LineString","coordinates":[[7.4598329,46.9805635],[7.4595098,46.9801882],[7.4594368,46.9801034],[7.4594107,46.9800795],[7.4593818,46.9800618],[7.4593476,46.9800463],[7.4592994,46.9800297],[7.4591924,46.9799964]]}},{"type":"Feature","properties":{"art":"narrow_gauge"},"geometry":{"type":"LineString","coordinates":[[7.4589353,46.9798965],[7.4588923,46.9798683],[7.4588443,46.9798366],[7.4587563,46.9797592]]}},{"type":"Feature","properties":{"art":"narrow_gauge"},"geometry":{"type":"LineString","coordinates":[[7.4597566,46.9807536],[7.4591874,46.9800924],[7.4591075,46.9800119],[7.4590298,46.9799451],[7.4589764,46.9799185]]}},{"type":"Feature","properties":{"art":"narrow_gauge"},"geometry":{"type":"LineString","coordinates":[[7.4597938,46.98058],[7.4594717,46.980206],[7.4593942,46.9801159],[7.4593463,46.9800722],[7.4593155,46.9800523],[7.4592633,46.9800263],[7.4591924,46.9799964],[7.4591069,46.9799662]]}},{"type":"Feature","properties":{"art":"narrow_gauge"},"geometry":{"type":"LineString","coordinates":[[7.4598747,46.9805456],[7.4595528,46.9801717],[7.4594828,46.9800904],[7.4594594,46.980072],[7.459424,46.9800527],[7.4593903,46.9800387],[7.459349,46.9800234],[7.4592843,46.9800065]]}},{"type":"Feature","properties":{"art":"narrow_gauge"},"geometry":{"type":"LineString","coordinates":[[7.4597065,46.9807726],[7.4590632,46.9800254],[7.458979,46.9799357]]}},{"type":"Feature","properties":{"art":"narrow_gauge"},"geometry":{"type":"LineString","coordinates":[[7.4599154,46.9805311],[7.4595939,46.9801578],[7.4595342,46.9800889],[7.45952,46.9800739],[7.4595046,46.9800636],[7.4594809,46.9800516],[7.4594517,46.9800398],[7.4594204,46.9800318]]}},{"type":"Feature","properties":{"art":"narrow_gauge"},"geometry":{"type":"LineString","coordinates":[[7.4573997,46.9804442],[7.4573806,46.9806277]]}},{"type":"Feature","properties":{"art":"narrow_gauge"},"geometry":{"type":"LineString","coordinates":[[7.457145,46.9807268],[7.4571279,46.9809253],[7.4570878,46.9811985],[7.4570756,46.9812642],[7.4570434,46.981345]]}},{"type":"Feature","properties":{"art":"narrow_gauge"},"geometry":{"type":"LineString","coordinates":[[7.457343,46.9803249],[7.4573116,46.980663]]}},{"type":"Feature","properties":{"art":"narrow_gauge"},"geometry":{"type":"LineString","coordinates":[[7.4572744,46.9805107],[7.4572396,46.9808455]]}},{"type":"Feature","properties":{"art":"narrow_gauge"},"geometry":{"type":"LineString","coordinates":[[7.4572213,46.9805082],[7.4571729,46.9810213]]}},{"type":"Feature","properties":{"art":"narrow_gauge"},"geometry":{"type":"LineString","coordinates":[[7.4571671,46.9805065],[7.457145,46.9807268]]}},{"type":"Feature","properties":{"art":"narrow_gauge"},"geometry":{"type":"LineString","coordinates":[[7.4573806,46.9806277],[7.4573667,46.9807197],[7.4573575,46.980761],[7.457338,46.9809127],[7.4573186,46.9811413]]}},{"type":"Feature","properties":{"art":"rail"},"geometry":{"type":"LineString","coordinates":[[7.5351236,46.9158053],[7.5358006,46.9151508],[7.5362135,46.9147212],[7.5364066,46.9145096],[7.5365943,46.9142958],[7.536784,46.9140704],[7.5369683,46.9138441],[7.5371365,46.9136289],[7.5372971,46.9134117],[7.5374566,46.9131868],[7.537612,46.9129608],[7.537762,46.9127322],[7.5379079,46.9125034],[7.5380541,46.9122612],[7.538198,46.9120188],[7.5383398,46.9117753],[7.5384792,46.9115317],[7.5390276,46.9105704],[7.53971,46.9093802]]}},{"type":"Feature","properties":{"art":"rail"},"geometry":{"type":"LineString","coordinates":[[7.5349906,46.9158803],[7.5339719,46.9168096],[7.5322136,46.9184693],[7.5319832,46.9186837],[7.5317511,46.9188973],[7.5315357,46.9190925],[7.5313129,46.9192863],[7.5310864,46.9194775],[7.5308566,46.9196672],[7.5307342,46.9197658],[7.5306113,46.9198636],[7.5304853,46.9199598],[7.5303582,46.9200556],[7.5301097,46.9202394],[7.5299845,46.9203311],[7.5298568,46.9204213],[7.529594,46.9206034],[7.52946,46.9206929],[7.5293245,46.9207817],[7.5290631,46.9209512],[7.5287951,46.9211191],[7.5285192,46.9212849],[7.5282372,46.9214474],[7.5276701,46.9217712],[7.5257005,46.9228656],[7.5202174,46.9259121]]}},{"type":"Feature","properties":{"art":"rail"},"geometry":{"type":"LineString","coordinates":[[7.5172181,46.9276361],[7.5202468,46.9259382],[7.5276966,46.9217998],[7.5282679,46.9214743],[7.5285522,46.9213106],[7.5288301,46.921144],[7.5290982,46.9209751],[7.5293614,46.9208047],[7.5294955,46.9207159],[7.5296285,46.9206265],[7.5298913,46.9204467],[7.5300201,46.9203551],[7.5301458,46.9202627],[7.530396,46.9200777],[7.5305239,46.9199815],[7.5306496,46.9198847],[7.5307737,46.9197871],[7.5308967,46.9196891],[7.5311262,46.9194984],[7.531353,46.9193062],[7.531574,46.9191124],[7.5317917,46.918918],[7.5320236,46.9187044],[7.5322527,46.9184897],[7.5340245,46.916835],[7.5350291,46.9158959]]}},{"type":"Feature","properties":{"art":"rail"},"geometry":{"type":"LineString","coordinates":[[7.5587397,46.8749437],[7.5587607,46.8748404]]}},{"type":"Feature","properties":{"art":"rail"},"geometry":{"type":"LineString","coordinates":[[7.5350862,46.9157855],[7.5349906,46.9158803]]}},{"type":"Feature","properties":{"art":"rail"},"geometry":{"type":"LineString","coordinates":[[7.5350291,46.9158959],[7.5351236,46.9158053]]}},{"type":"Feature","properties":{"art":"rail"},"geometry":{"type":"LineString","coordinates":[[7.5453811,46.8994863],[7.5472352,46.8962465]]}},{"type":"Feature","properties":{"art":"rail"},"geometry":{"type":"LineString","coordinates":[[7.5574323,46.8796959],[7.5574167,46.87976]]}},{"type":"Feature","properties":{"art":"rail"},"geometry":{"type":"LineString","coordinates":[[7.5588767,46.8749634],[7.5589098,46.8748586]]}},{"type":"Feature","properties":{"art":"rail"},"geometry":{"type":"LineString","coordinates":[[7.5476031,46.8954875],[7.5477564,46.8952392],[7.5479927,46.8948837],[7.5482014,46.894542]]}},{"type":"Feature","properties":{"art":"rail"},"geometry":{"type":"LineString","coordinates":[[7.5574167,46.87976],[7.5572909,46.8803192]]}},{"type":"Feature","properties":{"art":"rail"},"geometry":{"type":"LineString","coordinates":[[7.557516,46.8793758],[7.5574323,46.8796959]]}},{"type":"Feature","properties":{"art":"rail"},"geometry":{"type":"LineString","coordinates":[[7.5413618,46.9064882],[7.5414336,46.9063589]]}},{"type":"Feature","properties":{"art":"rail"},"geometry":{"type":"LineString","coordinates":[[7.5602318,46.8701989],[7.5605055,46.8694699]]}},{"type":"Feature","properties":{"art":"rail"},"geometry":{"type":"LineString","coordinates":[[7.5446607,46.9007607],[7.5447119,46.9006693]]}},{"type":"Feature","properties":{"art":"rail"},"geometry":{"type":"LineString","coordinates":[[7.557462,46.8797683],[7.5574791,46.8797045]]}},{"type":"Feature","properties":{"art":"rail"},"geometry":{"type":"LineString","coordinates":[[7.5601369,46.8707065],[7.5601711,46.8705948]]}},{"type":"Feature","properties":{"art":"rail"},"geometry":{"type":"LineString","coordinates":[[7.5492995,46.8925893],[7.5494216,46.89239],[7.5495533,46.8921989]]}},{"type":"Feature","properties":{"art":"rail"},"geometry":{"type":"LineString","coordinates":[[7.5472352,46.8962465],[7.5472647,46.8961919]]}},{"type":"Feature","properties":{"art":"rail"},"geometry":{"type":"LineString","coordinates":[[7.5495533,46.8921989],[7.5497195,46.8919656],[7.5498905,46.8917333],[7.5500088,46.891577],[7.5501301,46.8914216],[7.5502533,46.8912672],[7.5503784,46.8911131],[7.550524,46.8909369],[7.5506749,46.8907635],[7.5508303,46.8905917],[7.5509882,46.8904207],[7.5511963,46.8902053],[7.5514086,46.8899915],[7.5518235,46.88958],[7.5521592,46.8892603],[7.5524977,46.8889415],[7.5528314,46.8886201],[7.5529985,46.8884591],[7.5531616,46.8882967],[7.5533679,46.8880874],[7.5535659,46.8878744],[7.5537619,46.8876581],[7.5539541,46.8874409],[7.5540483,46.8873329],[7.5541386,46.8872244],[7.5542273,46.8871151],[7.554314,46.8870031],[7.5544929,46.8867753],[7.554666,46.8865459],[7.5547455,46.8864376],[7.5548214,46.8863278],[7.5549715,46.8861076],[7.5550498,46.8859915],[7.5551237,46.8858743],[7.5552728,46.8856396],[7.5554084,46.8854068],[7.5555421,46.8851743],[7.555675,46.8849367],[7.5557991,46.8846959],[7.5560033,46.8842616],[7.5561981,46.8838241],[7.5563036,46.8835446],[7.5564035,46.8832638],[7.5564868,46.8830186],[7.5565664,46.8827729],[7.5566377,46.8825371],[7.5567075,46.8823013],[7.5572909,46.8803192],[7.557462,46.8797683]]}},{"type":"Feature","properties":{"art":"rail"},"geometry":{"type":"LineString","coordinates":[[7.5482014,46.894542],[7.5492995,46.8925893]]}},{"type":"Feature","properties":{"art":"rail"},"geometry":{"type":"LineString","coordinates":[[7.5574791,46.8797045],[7.5576652,46.8790641],[7.5579396,46.8781354]]}},{"type":"Feature","properties":{"art":"rail"},"geometry":{"type":"LineString","coordinates":[[7.5428794,46.9038396],[7.5446607,46.9007607]]}},{"type":"Feature","properties":{"art":"rail"},"geometry":{"type":"LineString","coordinates":[[7.5600522,46.8710043],[7.5601369,46.8707065]]}},{"type":"Feature","properties":{"art":"rail"},"geometry":{"type":"LineString","coordinates":[[7.5576024,46.8790567],[7.5576641,46.8787183],[7.5577729,46.8782952],[7.5578229,46.8781217]]}},{"type":"Feature","properties":{"art":"rail"},"geometry":{"type":"LineString","coordinates":[[7.5587607,46.8748404],[7.5588675,46.8743014],[7.5589955,46.8738721],[7.5590365,46.8737345],[7.5592002,46.8731896],[7.5595496,46.8721904],[7.559713,46.8717198],[7.5597942,46.8714728],[7.5598808,46.8712679],[7.5600027,46.8709622]]}},{"type":"Feature","properties":{"art":"rail"},"geometry":{"type":"LineString","coordinates":[[7.5439506,46.901868],[7.5436845,46.9022284]]}},{"type":"Feature","properties":{"art":"rail"},"geometry":{"type":"LineString","coordinates":[[7.5599958,46.8714039],[7.5600522,46.8710043]]}},{"type":"Feature","properties":{"art":"rail"},"geometry":{"type":"LineString","coordinates":[[7.5577729,46.8782952],[7.5576271,46.8786524]]}},{"type":"Feature","properties":{"art":"rail"},"geometry":{"type":"LineString","coordinates":[[7.5601942,46.8707145],[7.5602286,46.8705984]]}},{"type":"Feature","properties":{"art":"rail"},"geometry":{"type":"LineString","coordinates":[[7.5332866,46.9254393],[7.5331577,46.9254408]]}},{"type":"Feature","properties":{"art":"rail"},"geometry":{"type":"LineString","coordinates":[[7.5412859,46.9060372],[7.5419932,46.904855],[7.5420681,46.9047512],[7.5422364,46.9045561],[7.5423812,46.90436]]}},{"type":"Feature","properties":{"art":"rail"},"geometry":{"type":"LineString","coordinates":[[7.5597025,46.8723895],[7.5599958,46.8714039]]}},{"type":"Feature","properties":{"art":"rail"},"geometry":{"type":"LineString","coordinates":[[7.5599693,46.8707956],[7.559854,46.8712074],[7.5597942,46.8714728]]}},{"type":"Feature","properties":{"art":"rail"},"geometry":{"type":"LineString","coordinates":[[7.5438655,46.9019073],[7.5436845,46.9022284],[7.5435028,46.9024778],[7.5434543,46.902552],[7.5434082,46.9026268],[7.5433186,46.9027783],[7.5426896,46.9038279],[7.5423812,46.90436]]}},{"type":"Feature","properties":{"art":"rail"},"geometry":{"type":"LineString","coordinates":[[7.4646403,47.004763],[7.4646173,47.0047209],[7.4645438,47.0045629],[7.4644581,47.0043813],[7.4643711,47.0041954],[7.4642913,47.0040118],[7.4642131,47.0038222],[7.4640576,47.0034496],[7.4639943,47.0033148],[7.4637712,47.0028401],[7.4637157,47.0027236],[7.4636663,47.0026165],[7.4636327,47.0025403]]}},{"type":"Feature","properties":{"art":"tram"},"geometry":{"type":"LineString","coordinates":[[7.4300655,46.9417274],[7.4290963,46.9419672]]}},{"type":"Feature","properties":{"art":"tram"},"geometry":{"type":"LineString","coordinates":[[7.4300522,46.9417017],[7.4290827,46.9419398]]}},{"type":"Feature","properties":{"art":"tram"},"geometry":{"type":"LineString","coordinates":[[7.4300797,46.9417547],[7.4301597,46.9417357],[7.4301989,46.9417311],[7.4302952,46.941727],[7.4303707,46.9417123]]}},{"type":"Feature","properties":{"art":"tram"},"geometry":{"type":"LineString","coordinates":[[7.4301189,46.9418305],[7.4302849,46.9417896],[7.4303226,46.9417794],[7.4303691,46.941763],[7.4304976,46.9416977]]}},{"type":"Feature","properties":{"art":"tram"},"geometry":{"type":"LineString","coordinates":[[7.4301047,46.9418032],[7.4301962,46.9417817],[7.4302233,46.9417732],[7.4302463,46.9417636],[7.4303305,46.9417256],[7.4303707,46.9417123]]}},{"type":"Feature","properties":{"art":"tram"},"geometry":{"type":"LineString","coordinates":[[7.4301324,46.9418564],[7.4302198,46.9418353],[7.4302341,46.9418308],[7.4302492,46.9418255],[7.4302665,46.9418177],[7.4302811,46.9418106],[7.4303095,46.9417947],[7.4303691,46.941763]]}},{"type":"Feature","properties":{"art":"tram"},"geometry":{"type":"LineString","coordinates":[[7.4301455,46.9418815],[7.4302612,46.9418533],[7.4302917,46.9418402],[7.4303227,46.9418244],[7.4303513,46.9418096],[7.430382,46.9417943],[7.4304207,46.9417665]]}},{"type":"Feature","properties":{"art":"rail"},"geometry":{"type":"LineString","coordinates":[[7.4956203,46.8926434],[7.4953983,46.8928901],[7.4950699,46.8932216],[7.4948274,46.8934293],[7.4942958,46.8938711],[7.4940051,46.8941358],[7.4939445,46.8941961],[7.493781,46.8943655],[7.4936236,46.8945497],[7.4935027,46.894702],[7.4932068,46.8951136],[7.4929844,46.895423],[7.492631,46.8958708],[7.492331,46.8961972],[7.4917979,46.8966934],[7.4887374,46.8993891],[7.4885359,46.8995648],[7.4883254,46.8997399],[7.4881269,46.899899],[7.4879165,46.9000564],[7.4877299,46.9001875],[7.4875324,46.9003224],[7.4871305,46.9005788],[7.4841138,46.9024373]]}},{"type":"Feature","properties":{"art":"rail"},"geometry":{"type":"LineString","coordinates":[[7.4616762,46.9197987],[7.4620328,46.9195243],[7.4639116,46.918176],[7.4642448,46.9179288],[7.4644965,46.9177354],[7.4647211,46.9175431],[7.4650342,46.9172403],[7.4653144,46.9169442],[7.4655626,46.9166381],[7.4658202,46.9162741],[7.4661925,46.915707],[7.4669754,46.9145145],[7.4696746,46.9104033],[7.4698827,46.9101004],[7.4701448,46.9097999],[7.4703154,46.9096518],[7.4705698,46.909476],[7.4707645,46.9093711],[7.4709633,46.9092743],[7.4713193,46.9091324],[7.471992,46.9088817],[7.4741981,46.9080595]]}},{"type":"Feature","properties":{"art":"rail"},"geometry":{"type":"LineString","coordinates":[[7.5253473,46.9246916],[7.5249958,46.9247006],[7.5247689,46.9247127],[7.5245286,46.9247265],[7.5242325,46.9247515],[7.5239327,46.9247883],[7.5237701,46.9248113],[7.5236097,46.9248367],[7.5234523,46.9248651],[7.5232975,46.9248952],[7.5230751,46.9249417],[7.5229663,46.9249665],[7.5228586,46.9249921],[7.5227493,46.9250175],[7.5226417,46.9250448],[7.5224299,46.9251007],[7.5222607,46.9251482],[7.5220945,46.9251986],[7.5219316,46.9252532],[7.5217724,46.9253099],[7.5216255,46.9253655],[7.52148,46.9254219],[7.521336,46.9254796],[7.5211934,46.925538],[7.5210769,46.9255888],[7.520961,46.9256409],[7.5208474,46.9256937],[7.5207359,46.9257475],[7.5206247,46.9258029],[7.5205147,46.9258588],[7.5202984,46.9259725],[7.5185731,46.926927]]}},{"type":"Feature","properties":{"art":"rail"},"geometry":{"type":"LineString","coordinates":[[7.5172181,46.9276361],[7.5185731,46.926927]]}},{"type":"Feature","properties":{"art":"rail"},"geometry":{"type":"LineString","coordinates":[[7.5159681,46.928337],[7.5172181,46.9276361]]}},{"type":"Feature","properties":{"art":"narrow_gauge"},"geometry":{"type":"LineString","coordinates":[[7.4569983,46.981343],[7.4569548,46.9816699]]}},{"type":"Feature","properties":{"art":"narrow_gauge"},"geometry":{"type":"LineString","coordinates":[[7.457393,46.9811459],[7.4573268,46.9816874]]}},{"type":"Feature","properties":{"art":"narrow_gauge"},"geometry":{"type":"LineString","coordinates":[[7.4573186,46.9811413],[7.4572566,46.9816833]]}},{"type":"Feature","properties":{"art":"narrow_gauge"},"geometry":{"type":"LineString","coordinates":[[7.4572275,46.9813533],[7.4571953,46.981679]]}},{"type":"Feature","properties":{"art":"narrow_gauge"},"geometry":{"type":"LineString","coordinates":[[7.4571804,46.9813514],[7.4571463,46.9816768]]}},{"type":"Feature","properties":{"art":"narrow_gauge"},"geometry":{"type":"LineString","coordinates":[[7.4571365,46.9813494],[7.4571,46.9816762]]}},{"type":"Feature","properties":{"art":"narrow_gauge"},"geometry":{"type":"LineString","coordinates":[[7.4570602,46.9813457],[7.4570204,46.9816722]]}},{"type":"Feature","properties":{"art":"rail"},"geometry":{"type":"LineString","coordinates":[[7.4668335,46.9789038],[7.4667921,46.9789778]]}},{"type":"Feature","properties":{"art":"rail"},"geometry":{"type":"LineString","coordinates":[[7.465176,47.0059372],[7.4652874,47.0061647],[7.4654729,47.0065606],[7.4657244,47.0071201],[7.4657753,47.0072296],[7.4659297,47.0075365],[7.4659842,47.0076409],[7.4660509,47.0077681]]}},{"type":"Feature","properties":{"art":"rail"},"geometry":{"type":"LineString","coordinates":[[7.4646403,47.004763],[7.4646672,47.0048236],[7.4646878,47.0048764],[7.4647516,47.0050696],[7.4647825,47.005154],[7.4648146,47.0052301],[7.4648612,47.0053305]]}},{"type":"Feature","properties":{"art":"rail"},"geometry":{"type":"LineString","coordinates":[[7.4659222,47.0085634],[7.4659276,47.0087497],[7.4659309,47.0089113],[7.4659242,47.0090564],[7.4659101,47.0091985],[7.4658925,47.0093615],[7.4658653,47.0095273],[7.4658295,47.009692],[7.4657878,47.0098589],[7.465736,47.0100235],[7.4656783,47.0101865],[7.4656113,47.0103516],[7.4655385,47.0105115],[7.4654584,47.0106704],[7.4653714,47.0108277],[7.4652765,47.010985],[7.4651751,47.0111459],[7.4650685,47.0113035],[7.464695,47.0118402],[7.4643454,47.0123377]]}},{"type":"Feature","properties":{"art":"rail"},"geometry":{"type":"LineString","coordinates":[[7.4649075,47.0054214],[7.4649533,47.0055154],[7.4649915,47.0056045],[7.4650239,47.0056949],[7.4651564,47.0060851]]}},{"type":"Feature","properties":{"art":"rail"},"geometry":{"type":"LineString","coordinates":[[7.4720865,47.012506],[7.4718903,47.0124988],[7.4716931,47.0124874],[7.4714971,47.0124705],[7.4713049,47.0124488],[7.4711136,47.0124201],[7.4709221,47.0123869],[7.4707287,47.0123509],[7.470547,47.0123084],[7.4703557,47.0122598],[7.4701764,47.012209],[7.4699977,47.012151],[7.4698221,47.012091],[7.4696627,47.0120285],[7.4694873,47.0119545],[7.4693196,47.011877],[7.4691644,47.0118],[7.4690161,47.0117202],[7.4688669,47.0116357],[7.4687151,47.011538],[7.4685636,47.0114371],[7.468412,47.0113248],[7.4682648,47.0112075],[7.4681243,47.0110836],[7.4679972,47.0109547],[7.4679176,47.0108723],[7.467844,47.0107875],[7.4677537,47.0106761],[7.4676652,47.0105609],[7.4675831,47.0104372],[7.4675002,47.0103108],[7.4674201,47.0101701],[7.4673533,47.0100532],[7.4668761,47.0091805]]}},{"type":"Feature","properties":{"art":"rail"},"geometry":{"type":"LineString","coordinates":[[7.2891085,46.9322313],[7.2903185,46.9325441],[7.2918256,46.9329345],[7.2931135,46.9332872],[7.2940198,46.9335461]]}},{"type":"Feature","properties":{"art":"rail"},"geometry":{"type":"LineString","coordinates":[[7.543298,46.9030153],[7.5431787,46.9032351],[7.5429997,46.9036076],[7.5428794,46.9038396]]}},{"type":"Feature","properties":{"art":"rail"},"geometry":{"type":"LineString","coordinates":[[7.4631428,47.0019466],[7.4638848,47.0034891],[7.4640567,47.0038612],[7.4642282,47.0042299],[7.4642636,47.0043039],[7.4644058,47.004601],[7.4645509,47.0048953],[7.4647005,47.0051903],[7.4648244,47.0054396],[7.4649162,47.0056188],[7.4649965,47.0057774]]}},{"type":"Feature","properties":{"art":"rail"},"geometry":{"type":"LineString","coordinates":[[7.4630798,47.0019598],[7.4634185,47.0026554],[7.4635846,47.0029998],[7.4638223,47.0035025],[7.4639941,47.0038754],[7.464167,47.0042445],[7.4642016,47.0043173],[7.464341,47.004608]]}},{"type":"Feature","properties":{"art":"rail"},"geometry":{"type":"LineString","coordinates":[[7.5055179,46.9341701],[7.5067529,46.9334766],[7.5077729,46.9328996],[7.5085739,46.9324541],[7.5096996,46.9318236]]}},{"type":"Feature","properties":{"art":"rail"},"geometry":{"type":"LineString","coordinates":[[7.5447119,46.9006693],[7.5453811,46.8994863]]}},{"type":"Feature","properties":{"art":"rail"},"geometry":{"type":"LineString","coordinates":[[7.4813806,46.9579016],[7.4814052,46.9578142],[7.4816904,46.956747]]}},{"type":"Feature","properties":{"art":"rail"},"geometry":{"type":"LineString","coordinates":[[7.5453277,46.8994677],[7.5446643,46.9006445]]}},{"type":"Feature","properties":{"art":"rail"},"geometry":{"type":"LineString","coordinates":[[7.4788868,46.9623984],[7.4788803,46.9624034],[7.4785948,46.9626244],[7.4782776,46.9628528],[7.4779152,46.9630965],[7.4777149,46.9632246],[7.4775967,46.9632972],[7.4774768,46.963369],[7.477362,46.9634364],[7.4772453,46.9635027],[7.4771401,46.9635616],[7.4770336,46.9636194],[7.4768825,46.9636998],[7.4767288,46.9637791],[7.4765311,46.9638782],[7.4763293,46.963975],[7.4761965,46.9640368],[7.4760626,46.9640973],[7.475806,46.9642093],[7.4755978,46.9642953],[7.4754068,46.9643704],[7.4752155,46.9644404],[7.4750908,46.9644838],[7.4749655,46.9645266]]}},{"type":"Feature","properties":{"art":"rail"},"geometry":{"type":"LineString","coordinates":[[7.5012639,46.9365118],[7.5009673,46.9366739],[7.500495,46.936929],[7.4984379,46.9380338],[7.4966545,46.9390353],[7.495294,46.9398116],[7.494856,46.9400687],[7.4946096,46.940218],[7.4943663,46.940369],[7.494183,46.9404858],[7.4940007,46.9406032],[7.4938114,46.9407287],[7.4936253,46.9408559],[7.493463,46.9409702],[7.4933041,46.9410867],[7.4931335,46.9412133],[7.4929652,46.9413409],[7.4927948,46.9414701],[7.4926291,46.9416014],[7.4924621,46.9417366],[7.492298,46.9418733],[7.4921473,46.9420002],[7.4919999,46.9421287],[7.4919065,46.9422107],[7.4918146,46.9422933],[7.4917104,46.9423891],[7.4916078,46.9424849],[7.4915027,46.9425846],[7.4913991,46.9426846],[7.4912249,46.9428558],[7.4910232,46.943053],[7.4908094,46.9432673],[7.48922,46.9449023]]}},{"type":"Feature","properties":{"art":"rail"},"geometry":{"type":"LineString","coordinates":[[7.5024726,46.935944],[7.5018579,46.9362906],[7.5010298,46.9367414],[7.5005619,46.9369883],[7.4990698,46.9377873],[7.4988046,46.9379295],[7.4983883,46.9381619],[7.4967275,46.9390927],[7.495365,46.9398695],[7.4949305,46.9401249],[7.4946849,46.9402736],[7.4944438,46.9404245],[7.4942628,46.9405419],[7.4940823,46.9406598],[7.4938933,46.9407848],[7.4937068,46.940911],[7.4935468,46.9410251],[7.4933883,46.9411401],[7.4932194,46.9412658],[7.4930524,46.9413918],[7.4928843,46.9415213],[7.492718,46.9416516],[7.4925537,46.9417868],[7.4923909,46.941923],[7.4922409,46.9420494],[7.4920926,46.9421767],[7.4919991,46.942258],[7.4919076,46.9423403],[7.4918047,46.9424353],[7.4917035,46.9425311],[7.4915989,46.9426309],[7.4914957,46.9427311],[7.4913186,46.9429028],[7.4911213,46.9430991],[7.4909109,46.9433109],[7.4893189,46.9449475]]}},{"type":"Feature","properties":{"art":"narrow_gauge"},"geometry":{"type":"LineString","coordinates":[[7.5150885,46.9566506],[7.515265,46.9565918],[7.5154429,46.9565399],[7.5156305,46.9564957],[7.5158591,46.9564542],[7.5160984,46.9564241],[7.5163056,46.9564061],[7.5165971,46.9563929],[7.5168879,46.9563899],[7.5171199,46.956397],[7.5173806,46.9564089],[7.5176085,46.9564294],[7.5178448,46.9564535],[7.5181136,46.9564903]]}},{"type":"Feature","properties":{"art":"narrow_gauge"},"geometry":{"type":"LineString","coordinates":[[7.5091739,46.9624481],[7.5093525,46.9623394],[7.509535,46.9622349],[7.5096528,46.9621517],[7.511274,46.9609423],[7.5113909,46.9608266],[7.5114614,46.9607551],[7.5115523,46.9606703]]}},{"type":"Feature","properties":{"art":"narrow_gauge"},"geometry":{"type":"LineString","coordinates":[[7.5184439,46.9565388],[7.5195204,46.9567332],[7.5198146,46.9567799],[7.5200839,46.9568156],[7.5203459,46.9568422],[7.5205675,46.9568618],[7.5208262,46.9568741],[7.5211696,46.9568797],[7.5215949,46.9568742],[7.5229295,46.9568303]]}},{"type":"Feature","properties":{"art":"narrow_gauge"},"geometry":{"type":"LineString","coordinates":[[7.5082396,46.9631172],[7.5083171,46.9630645]]}},{"type":"Feature","properties":{"art":"narrow_gauge"},"geometry":{"type":"LineString","coordinates":[[7.5181136,46.9564903],[7.5184439,46.9565388]]}},{"type":"Feature","properties":{"art":"narrow_gauge"},"geometry":{"type":"LineString","coordinates":[[7.4978092,46.9692077],[7.4972515,46.9697035],[7.497142,46.9698002],[7.4970463,46.9698784],[7.4969885,46.9699227],[7.496954,46.9699481],[7.4969088,46.9699777],[7.496856,46.970012],[7.4967952,46.9700479],[7.4967421,46.9700771],[7.4966925,46.9701026],[7.4966391,46.9701281],[7.4965662,46.970159],[7.4964375,46.9702068],[7.4963408,46.9702396],[7.4962416,46.9702683],[7.4961319,46.9702944],[7.495988,46.9703225],[7.4957698,46.970357],[7.495511,46.9704018],[7.4952279,46.9704469],[7.4949131,46.9705006],[7.4943132,46.9706301],[7.492308,46.9710932],[7.490868,46.9714817],[7.4875326,46.9724453],[7.4866488,46.9727152]]}},{"type":"Feature","properties":{"art":"narrow_gauge"},"geometry":{"type":"LineString","coordinates":[[7.5083171,46.9630645],[7.5091739,46.9624481],[7.5094985,46.962202],[7.5115523,46.9606703],[7.5117987,46.9604831],[7.5119352,46.9603663],[7.512014,46.9602921],[7.5120877,46.9602149],[7.5121638,46.9601219],[7.5122298,46.9600301],[7.5122842,46.9599416],[7.5123409,46.959848],[7.5128561,46.9588479],[7.5129183,46.9587284],[7.5129879,46.9586162],[7.5130529,46.9585125],[7.5131226,46.9584151],[7.5131919,46.9583248],[7.513255,46.9582458],[7.5133398,46.9581505],[7.5138138,46.9576286],[7.5138591,46.9575809],[7.5140091,46.957423],[7.514217,46.9571915],[7.5143138,46.9570984],[7.5144063,46.9570199],[7.5145118,46.9569431],[7.5146214,46.9568727],[7.5147391,46.9568051]]}},{"type":"Feature","properties":{"art":"narrow_gauge"},"geometry":{"type":"LineString","coordinates":[[7.4866488,46.9727152],[7.487082,46.9725606],[7.4875122,46.9724115],[7.4908517,46.971452],[7.4923015,46.9710584],[7.4943001,46.9705971],[7.4948977,46.9704662],[7.4952131,46.9704073],[7.4954975,46.9703613],[7.4957551,46.9703216],[7.4959706,46.970284],[7.4961154,46.9702556],[7.4962173,46.9702317],[7.4963229,46.9702002],[7.4964276,46.9701647],[7.4965553,46.970116],[7.4966669,46.970066],[7.4967118,46.9700423],[7.4967608,46.970015],[7.4968177,46.9699821],[7.4968684,46.969949],[7.4969078,46.9699228],[7.4969472,46.9698955],[7.4970046,46.9698526],[7.4970996,46.9697749],[7.4972067,46.9696834],[7.4977258,46.9692219],[7.4982056,46.9687994],[7.4983261,46.9687059],[7.498428,46.9686357],[7.498517,46.9685768],[7.4986085,46.9685237],[7.4986989,46.9684733],[7.498794,46.968425],[7.498909,46.9683731],[7.4990513,46.9683138],[7.4992101,46.9682542],[7.5002208,46.967875],[7.5006815,46.9676904],[7.5011576,46.9675056],[7.5015515,46.9673294]]}},{"type":"Feature","properties":{"art":"narrow_gauge"},"geometry":{"type":"LineString","coordinates":[[7.5015515,46.9673294],[7.5019163,46.9671111],[7.5021948,46.9669004]]}},{"type":"Feature","properties":{"art":"narrow_gauge"},"geometry":{"type":"LineString","coordinates":[[7.5098124,46.96208],[7.5100039,46.9619427],[7.5117581,46.9606313],[7.5117947,46.9606042]]}},{"type":"Feature","properties":{"art":"narrow_gauge"},"geometry":{"type":"LineString","coordinates":[[7.5147391,46.9568051],[7.5148993,46.9567262],[7.5150885,46.9566506]]}},{"type":"Feature","properties":{"art":"narrow_gauge"},"geometry":{"type":"LineString","coordinates":[[7.5261948,46.956721],[7.5273726,46.9566819],[7.5280149,46.9566428],[7.52838,46.9566117],[7.5288278,46.9565631],[7.5297374,46.9564164],[7.5303273,46.9563063],[7.5309725,46.9561633],[7.531346,46.9560687],[7.531644,46.9559844],[7.531925,46.9558981],[7.5322065,46.9558117],[7.5326206,46.9556718],[7.5331431,46.9554787],[7.5338648,46.9551842],[7.534405,46.9549553],[7.5348625,46.9547514],[7.5351898,46.9546108],[7.5356437,46.9544044],[7.5360765,46.9541774],[7.5365898,46.9538851],[7.537091,46.9536037],[7.5376939,46.953349],[7.538232,46.953161],[7.5388425,46.9530249],[7.5394754,46.9529195],[7.5405707,46.9528001],[7.5406405,46.9527899],[7.5413901,46.9526804],[7.5424602,46.9524866]]}},{"type":"Feature","properties":{"art":"narrow_gauge"},"geometry":{"type":"LineString","coordinates":[[7.5108571,46.9613598],[7.5108244,46.9613842],[7.5101827,46.9618633],[7.5100401,46.9619526],[7.5098124,46.96208],[7.509535,46.9622349]]}},{"type":"Feature","properties":{"art":"narrow_gauge"},"geometry":{"type":"LineString","coordinates":[[7.5002434,46.9679047],[7.5000129,46.9680036],[7.4998514,46.9680832],[7.4997422,46.9681326],[7.4996437,46.9681721],[7.499442,46.9682473],[7.4992652,46.9683157],[7.4991063,46.9683821],[7.4989766,46.9684397],[7.4988621,46.9684903],[7.4987731,46.9685316],[7.4986841,46.9685785],[7.4986014,46.9686273],[7.498518,46.9686823],[7.4984144,46.9687581]]}},{"type":"Feature","properties":{"art":"narrow_gauge"},"geometry":{"type":"LineString","coordinates":[[7.5261948,46.956721],[7.5257796,46.9567339],[7.5256804,46.9567389],[7.5255255,46.9567485],[7.5251111,46.9567833],[7.5249649,46.9567938],[7.5248261,46.9567997],[7.5240679,46.9568293],[7.5237113,46.9568419],[7.5234983,46.9568433],[7.5232492,46.9568362],[7.5229295,46.9568303]]}},{"type":"Feature","properties":{"art":"narrow_gauge"},"geometry":{"type":"LineString","coordinates":[[7.480708,47.0144446],[7.4805405,47.014384],[7.4803728,47.0143291],[7.4801268,47.0142367],[7.4798955,47.0141412],[7.4796863,47.0140507],[7.4794777,47.0139517],[7.4790952,47.0137613],[7.478451,47.0134309],[7.4781823,47.0132942],[7.4779221,47.0131616],[7.4777349,47.013072],[7.4775456,47.0129875],[7.4773365,47.0129045],[7.4771337,47.0128282],[7.4769434,47.0127654],[7.4767533,47.0127118],[7.476536,47.0126543],[7.4763219,47.0126059],[7.4761005,47.0125639],[7.4758813,47.0125286],[7.4756508,47.012501],[7.4754271,47.0124793],[7.4752054,47.0124656],[7.4749861,47.0124592],[7.4748941,47.0124589]]}},{"type":"Feature","properties":{"art":"rail"},"geometry":{"type":"LineString","coordinates":[[7.4401096,46.9509577],[7.4400762,46.9508822],[7.4400523,46.9508272],[7.4400123,46.9506939],[7.4399666,46.9505473]]}},{"type":"Feature","properties":{"art":"rail"},"geometry":{"type":"LineString","coordinates":[[7.4635685,47.0131525],[7.4637243,47.0129287],[7.4639503,47.012604]]}},{"type":"Feature","properties":{"art":"rail"},"geometry":{"type":"LineString","coordinates":[[7.4638224,47.0128852],[7.4636984,47.0130557],[7.4636598,47.0131107],[7.4635786,47.0132264]]}},{"type":"Feature","properties":{"art":"rail"},"geometry":{"type":"LineString","coordinates":[[7.4635288,47.0132104],[7.4626107,47.0145328],[7.4623485,47.0149279]]}},{"type":"Feature","properties":{"art":"rail"},"geometry":{"type":"LineString","coordinates":[[7.4635786,47.0132264],[7.4626687,47.0145492],[7.4623956,47.0149433]]}},{"type":"Feature","properties":{"art":"rail"},"geometry":{"type":"LineString","coordinates":[[7.5617592,46.9156261],[7.5619392,46.9156199]]}},{"type":"Feature","properties":{"art":"rail"},"geometry":{"type":"LineString","coordinates":[[7.5613209,46.9156415],[7.5614159,46.9156382],[7.5617592,46.9156261]]}},{"type":"Feature","properties":{"art":"rail"},"geometry":{"type":"LineString","coordinates":[[7.5628749,46.9154263],[7.5631799,46.9153791],[7.5638161,46.9152613],[7.5652517,46.9150281],[7.5671635,46.9147176],[7.5678016,46.914626],[7.5684115,46.9145608]]}},{"type":"Feature","properties":{"art":"rail"},"geometry":{"type":"LineString","coordinates":[[7.4667515,46.9791426],[7.4666442,46.9793276],[7.4663672,46.9797818],[7.4662068,46.9800406],[7.4661228,46.9801823],[7.4660619,46.9802903],[7.4659754,46.9804396]]}},{"type":"Feature","properties":{"art":"rail"},"geometry":{"type":"LineString","coordinates":[[7.4657563,46.9864931],[7.4657099,46.9863849],[7.4656897,46.986338],[7.4656261,46.986194],[7.4655546,46.9859917],[7.4654857,46.9857886],[7.4654217,46.9855872],[7.4653627,46.9853787],[7.4653396,46.9852755],[7.465314,46.9851743],[7.4652748,46.9849777],[7.4652366,46.9847726],[7.4652076,46.9845655],[7.4651869,46.984366],[7.465167,46.9841558],[7.4651587,46.9839571],[7.4651552,46.9837629],[7.4651584,46.983548],[7.4651667,46.9833791],[7.4651689,46.9833309],[7.4651868,46.9831168],[7.465213,46.982898],[7.4652397,46.9827169],[7.4652414,46.982703]]}},{"type":"Feature","properties":{"art":"rail"},"geometry":{"type":"LineString","coordinates":[[7.4651873,46.9826991],[7.4651854,46.9827122],[7.465158,46.9828941],[7.4651323,46.9831152],[7.4651139,46.9833283],[7.4651111,46.983378],[7.4651032,46.983548],[7.4651003,46.9837611],[7.4651034,46.9839593],[7.4651121,46.9841569],[7.4651293,46.9843652],[7.4651511,46.9845656],[7.465181,46.9847751],[7.4652195,46.9849819],[7.4652605,46.9851815],[7.4652844,46.9852819],[7.4653084,46.9853856],[7.4653666,46.9855934],[7.4654307,46.9857981],[7.4654996,46.9860021],[7.4655729,46.9862038],[7.4656346,46.986348],[7.4656557,46.9863961],[7.465703,46.986504]]}},{"type":"Feature","properties":{"art":"rail"},"geometry":{"type":"LineString","coordinates":[[7.4649688,46.9826016],[7.4649636,46.9826201],[7.464948,46.9826719],[7.4649252,46.9827641],[7.4649063,46.9828445],[7.4648892,46.982927],[7.4648747,46.983005],[7.4648622,46.9830856],[7.4648502,46.9831664],[7.4648401,46.9832476],[7.4648316,46.983329],[7.46483,46.9833522],[7.464826,46.9834114],[7.4648207,46.9834913],[7.4648197,46.9835728],[7.4648182,46.9836553],[7.4648195,46.9837357],[7.4648264,46.9838977],[7.4648413,46.9840596],[7.4648624,46.9842215],[7.4648909,46.9843862],[7.4649253,46.9845436],[7.4649655,46.9847062],[7.4650131,46.9848823],[7.4650666,46.9850591],[7.465198,46.9854967],[7.4653522,46.9860064],[7.4655053,46.9865189],[7.4655846,46.9867747],[7.4656628,46.9870305],[7.4658139,46.9875289],[7.4658768,46.9877501],[7.4659362,46.9879716],[7.4659787,46.9881357],[7.4659818,46.9881488],[7.466023,46.9883246],[7.46606,46.9884914],[7.4660947,46.988659],[7.4661298,46.9888504],[7.4661588,46.9890428],[7.4661768,46.9892059],[7.4661875,46.9893692],[7.466191,46.98953],[7.4661868,46.9896909],[7.4661772,46.9898477],[7.4661592,46.9900073],[7.4661359,46.9901642],[7.4661029,46.9903257],[7.4660622,46.9904873],[7.4660408,46.9905667],[7.4660161,46.9906455],[7.4659919,46.9907176],[7.4659685,46.9907873],[7.4659138,46.9909304],[7.4658474,46.9910835],[7.465777,46.9912349],[7.4656962,46.9913893],[7.4656055,46.9915417],[7.4655423,46.991647],[7.465476,46.9917508],[7.4653251,46.9919728],[7.4653185,46.9919822]]}},{"type":"Feature","properties":{"art":"rail"},"geometry":{"type":"LineString","coordinates":[[7.4146248,46.9497935],[7.4148091,46.9499091],[7.4149522,46.9500008],[7.4150941,46.9500933],[7.4152178,46.9501774],[7.4153394,46.9502636],[7.4154586,46.9503521],[7.4155774,46.9504433],[7.4160534,46.9508183],[7.4161747,46.9509096],[7.4162962,46.9509981],[7.4164235,46.9510857],[7.4165557,46.9511697],[7.4166911,46.9512502],[7.4168334,46.9513283],[7.416976,46.9514008],[7.417123,46.9514704],[7.4172797,46.9515392],[7.4174428,46.9516052],[7.417603,46.9516645],[7.4177664,46.9517208],[7.4179325,46.9517734],[7.4181017,46.951822],[7.418271,46.9518655],[7.4184426,46.9519052],[7.418615,46.9519408],[7.4187894,46.9519725],[7.4189646,46.9519996],[7.4191564,46.9520249],[7.4193371,46.9520449],[7.4195202,46.9520593],[7.4196982,46.9520699],[7.4198756,46.9520782],[7.4200629,46.9520831],[7.4202553,46.9520854],[7.4203442,46.9520855],[7.4207069,46.9520744],[7.4209053,46.9520594],[7.4209972,46.9520517],[7.4211362,46.9520374],[7.421274,46.9520205],[7.421479,46.951989],[7.4216798,46.9519524],[7.4218734,46.9519119],[7.4220643,46.9518649],[7.4221572,46.9518391],[7.4222471,46.9518134],[7.4225254,46.9517222],[7.4226368,46.9516827],[7.4227468,46.951641],[7.4229773,46.9515461],[7.4231336,46.9514763],[7.423287,46.951404],[7.4236192,46.951235],[7.4237759,46.9511495],[7.4239311,46.9510633],[7.4240859,46.9509766],[7.4242399,46.9508892],[7.424862,46.9505374],[7.4254323,46.9502139],[7.4254619,46.9501972]]}},{"type":"Feature","properties":{"art":"rail"},"geometry":{"type":"LineString","coordinates":[[7.408415,46.9458517],[7.4087956,46.9460966]]}},{"type":"Feature","properties":{"art":"rail"},"geometry":{"type":"LineString","coordinates":[[7.4058836,46.9462675],[7.4061937,46.9462662],[7.4065055,46.9462681],[7.4074236,46.9462883]]}},{"type":"Feature","properties":{"art":"rail"},"geometry":{"type":"LineString","coordinates":[[7.4114811,46.9478113],[7.4117362,46.9479962],[7.4118483,46.9480791],[7.4121326,46.9482974],[7.4124281,46.9485337],[7.4125355,46.9486191],[7.4126323,46.9486904],[7.4127503,46.9487722],[7.4129332,46.9488906],[7.4131828,46.9490475],[7.4134272,46.9492008],[7.4136502,46.9493418],[7.4139518,46.9495317],[7.4142503,46.9497183],[7.4144163,46.9498248],[7.4148718,46.9501117],[7.4149301,46.9501494],[7.4151102,46.9502712],[7.415127,46.9502825],[7.4152477,46.9503693],[7.4153635,46.9504626],[7.415466,46.9505567],[7.4155662,46.9506555],[7.4156616,46.9507477],[7.4156994,46.9507817],[7.4157648,46.9508351],[7.4158904,46.9509307],[7.416009,46.9510206],[7.4161194,46.951105],[7.416214,46.9511729],[7.4162933,46.9512242],[7.4165984,46.9514014],[7.4167589,46.9514889],[7.4169424,46.9515831],[7.4170911,46.95165],[7.4172315,46.9517104],[7.4174068,46.9517805],[7.4175585,46.9518381],[7.4177143,46.9518941],[7.4178509,46.9519386],[7.4179714,46.951978],[7.4182001,46.9520372],[7.4183251,46.9520665],[7.4184484,46.9520908],[7.418705,46.9521301],[7.4189606,46.9521668],[7.4192414,46.9522018],[7.4197598,46.9522681],[7.419902,46.9522865]]}},{"type":"Feature","properties":{"art":"rail"},"geometry":{"type":"LineString","coordinates":[[7.4184236,46.9509437],[7.4202115,46.9514163]]}},{"type":"Feature","properties":{"art":"rail"},"geometry":{"type":"LineString","coordinates":[[7.4183616,46.9510545],[7.4201399,46.9515252]]}},{"type":"Feature","properties":{"art":"rail"},"geometry":{"type":"LineString","coordinates":[[7.410215,46.9423537],[7.4104021,46.9423066],[7.4105702,46.9422613],[7.4108213,46.942183],[7.4110724,46.9421071],[7.4112886,46.942047],[7.4115173,46.9419885],[7.411699,46.941948],[7.412652,46.9417423],[7.4131262,46.9416377],[7.4132652,46.9416068],[7.4133968,46.9415735],[7.4135891,46.9415167]]}},{"type":"Feature","properties":{"art":"rail"},"geometry":{"type":"LineString","coordinates":[[7.4097518,46.9467034],[7.4092734,46.9465246]]}},{"type":"Feature","properties":{"art":"rail"},"geometry":{"type":"LineString","coordinates":[[7.4097648,46.9466621],[7.4094656,46.946536],[7.4092865,46.9464592],[7.4090392,46.9463533],[7.4089499,46.9463142],[7.4088635,46.9462733],[7.4087804,46.94623],[7.4087006,46.9461847],[7.4083013,46.9459362]]}},{"type":"Feature","properties":{"art":"rail"},"geometry":{"type":"LineString","coordinates":[[7.4097878,46.9467625],[7.4095623,46.9466795],[7.4093338,46.9466054],[7.4091479,46.9465511],[7.4089601,46.9465015],[7.4088544,46.9464761],[7.4087483,46.9464522],[7.4086544,46.9464328],[7.4085636,46.9464158],[7.4083878,46.9463848],[7.4082133,46.9463579],[7.408058,46.9463375],[7.4078908,46.9463193],[7.4076736,46.946301],[7.4074827,46.9462902],[7.4074236,46.9462883]]}},{"type":"Feature","properties":{"art":"narrow_gauge"},"geometry":{"type":"LineString","coordinates":[[7.4391464,46.9500684],[7.4390901,46.9501071],[7.4390003,46.9501794],[7.4388445,46.9503197],[7.4386667,46.9504406]]}},{"type":"Feature","properties":{"art":"narrow_gauge"},"geometry":{"type":"LineString","coordinates":[[7.4398529,46.949418],[7.4398157,46.9494455],[7.4391571,46.9499135],[7.4390287,46.9500076]]}},{"type":"Feature","properties":{"art":"narrow_gauge"},"geometry":{"type":"LineString","coordinates":[[7.4399355,46.9494671],[7.4398957,46.949496],[7.4393071,46.949903],[7.4391992,46.9499833],[7.4390974,46.9500538]]}},{"type":"Feature","properties":{"art":"narrow_gauge"},"geometry":{"type":"LineString","coordinates":[[7.4392041,46.9501346],[7.4391398,46.9501726],[7.4389,46.9503146],[7.4386667,46.9504406]]}},{"type":"Feature","properties":{"art":"rail"},"geometry":{"type":"LineString","coordinates":[[7.3414846,46.9421921],[7.3432342,46.94241],[7.3443205,46.9425253],[7.3443449,46.9425273],[7.3451006,46.9425926],[7.3454968,46.9426249],[7.346302,46.9426767],[7.3471097,46.9427173],[7.3495467,46.9428105]]}},{"type":"Feature","properties":{"art":"rail"},"geometry":{"type":"LineString","coordinates":[[7.4252863,46.9510708],[7.4244374,46.9515576]]}},{"type":"Feature","properties":{"art":"rail"},"geometry":{"type":"LineString","coordinates":[[7.4255852,46.9513088],[7.42513,46.9515755]]}},{"type":"Feature","properties":{"art":"rail"},"geometry":{"type":"LineString","coordinates":[[7.4254559,46.9512059],[7.4260111,46.9508849],[7.4261239,46.9508172],[7.4262216,46.9507537],[7.4262972,46.950698],[7.4263477,46.950659],[7.426401,46.9506139],[7.4264512,46.9505692],[7.4265231,46.9504981]]}},{"type":"Feature","properties":{"art":"rail"},"geometry":{"type":"LineString","coordinates":[[7.4254131,46.9511718],[7.4245341,46.9516842]]}},{"type":"Feature","properties":{"art":"rail"},"geometry":{"type":"LineString","coordinates":[[7.4253705,46.9511379],[7.4244836,46.9516485]]}},{"type":"Feature","properties":{"art":"rail"},"geometry":{"type":"LineString","coordinates":[[7.440001,46.9512835],[7.4400265,46.9514328],[7.4400396,46.9515397],[7.4400457,46.9516299],[7.4400435,46.9516966],[7.4400361,46.9517626],[7.4400234,46.9518344],[7.4400063,46.9518986],[7.4399904,46.9519456],[7.439975,46.9519874],[7.439956,46.9520363],[7.4399096,46.9521235],[7.4398597,46.9522068],[7.4397944,46.952299],[7.4396654,46.9524733],[7.4393573,46.9528668]]}},{"type":"Feature","properties":{"art":"narrow_gauge"},"geometry":{"type":"LineString","coordinates":[[7.4378041,46.9514029],[7.4378971,46.9511627],[7.437951,46.9510459],[7.4380208,46.950934]]}},{"type":"Feature","properties":{"art":"narrow_gauge"},"geometry":{"type":"LineString","coordinates":[[7.4384165,46.9505903],[7.4383258,46.9506379],[7.4382139,46.9507292],[7.438112,46.9508248]]}},{"type":"Feature","properties":{"art":"rail"},"geometry":{"type":"LineString","coordinates":[[7.4398008,46.9496652],[7.4398573,46.9497896],[7.4399038,46.9499207],[7.4399491,46.9500952]]}},{"type":"Feature","properties":{"art":"rail"},"geometry":{"type":"LineString","coordinates":[[7.4398778,46.9508287],[7.4399492,46.9509032],[7.4399887,46.950948],[7.4400226,46.9509912],[7.4400599,46.9510389]]}},{"type":"Feature","properties":{"art":"rail"},"geometry":{"type":"LineString","coordinates":[[7.3919776,46.9463354],[7.3922057,46.9463558],[7.3923314,46.9463644],[7.39255,46.946377]]}},{"type":"Feature","properties":{"art":"rail"},"geometry":{"type":"LineString","coordinates":[[7.3934362,46.9464425],[7.3936759,46.9464627],[7.3939546,46.9464885],[7.3942478,46.9465158],[7.3945178,46.9465341],[7.3946952,46.9465414],[7.3949957,46.9465488]]}},{"type":"Feature","properties":{"art":"rail"},"geometry":{"type":"LineString","coordinates":[[7.3891432,46.9458472],[7.3881008,46.9457205],[7.3877924,46.9456807],[7.3875589,46.9456552],[7.3873408,46.9456377],[7.3870948,46.9456158],[7.3869643,46.9455968],[7.3860874,46.945482]]}},{"type":"Feature","properties":{"art":"rail"},"geometry":{"type":"LineString","coordinates":[[7.3655354,46.9425375],[7.3656561,46.9425358],[7.3658053,46.9425378],[7.3660306,46.9425478],[7.3662624,46.9425486]]}},{"type":"Feature","properties":{"art":"rail"},"geometry":{"type":"LineString","coordinates":[[7.3614051,46.9427429],[7.3605222,46.9427866]]}},{"type":"Feature","properties":{"art":"rail"},"geometry":{"type":"LineString","coordinates":[[7.3605222,46.9427866],[7.3596502,46.9428268]]}},{"type":"Feature","properties":{"art":"rail"},"geometry":{"type":"LineString","coordinates":[[7.367442,46.9425444],[7.366931,46.9425261],[7.3663986,46.942505],[7.3660418,46.9425124],[7.3655354,46.9425375],[7.3651956,46.942555],[7.3627209,46.9426772],[7.3614051,46.9427429]]}},{"type":"Feature","properties":{"art":"rail"},"geometry":{"type":"LineString","coordinates":[[7.3675037,46.9425904],[7.3674031,46.942586],[7.3669327,46.9425655],[7.3667192,46.9425567],[7.3664442,46.9425502],[7.3662624,46.9425486],[7.3632668,46.9426871],[7.3627209,46.9426772],[7.3623358,46.9426678],[7.3621945,46.9426641],[7.3620495,46.9426661]]}},{"type":"Feature","properties":{"art":"rail"},"geometry":{"type":"LineString","coordinates":[[7.3659191,46.9424781],[7.36604,46.9424705],[7.3663782,46.9424649],[7.3666086,46.9424668],[7.3669561,46.9424762],[7.3670586,46.942478],[7.3671322,46.9424781],[7.3676297,46.9424788],[7.3678099,46.9424829],[7.3680116,46.9424976]]}},{"type":"Feature","properties":{"art":"rail"},"geometry":{"type":"LineString","coordinates":[[7.3319404,46.9409037],[7.332708,46.9410062],[7.3328023,46.9410154],[7.3329376,46.9410266],[7.3330416,46.9410386],[7.3337517,46.9411325],[7.3338553,46.9411455]]}},{"type":"Feature","properties":{"art":"rail"},"geometry":{"type":"LineString","coordinates":[[7.3296556,46.9405989],[7.3297464,46.9406111],[7.3319404,46.9409037],[7.3320983,46.9409311],[7.3322195,46.9409538],[7.3324909,46.9410132],[7.3327053,46.9410501]]}},{"type":"Feature","properties":{"art":"rail"},"geometry":{"type":"LineString","coordinates":[[7.3651867,46.942411],[7.3645394,46.9424359],[7.3609514,46.942605],[7.359433,46.9426732],[7.3578982,46.9427586],[7.3555106,46.9429208],[7.3548199,46.9429632],[7.3542536,46.9429812],[7.3539034,46.9429871],[7.353282,46.9429905],[7.3528751,46.9429839],[7.3516493,46.9429439],[7.3499364,46.942856]]}},{"type":"Feature","properties":{"art":"rail"},"geometry":{"type":"LineString","coordinates":[[7.3712594,46.9430712],[7.3716079,46.9431537],[7.3717969,46.943196],[7.3723166,46.9433067],[7.3724886,46.9433455],[7.3727818,46.9434154]]}},{"type":"Feature","properties":{"art":"rail"},"geometry":{"type":"LineString","coordinates":[[7.3651794,46.9423771],[7.3658729,46.9423643],[7.3665101,46.9423702],[7.3669463,46.9423871],[7.3671817,46.9423994],[7.3675469,46.9424225],[7.3678737,46.9424504],[7.3681637,46.9424786],[7.3684284,46.9425071]]}},{"type":"Feature","properties":{"art":"rail"},"geometry":{"type":"LineString","coordinates":[[7.3278258,46.940397],[7.3280839,46.9404351],[7.3282641,46.9404629],[7.3287184,46.9405403],[7.3289802,46.9405811],[7.3293201,46.9406316]]}},{"type":"Feature","properties":{"art":"narrow_gauge"},"geometry":{"type":"LineString","coordinates":[[7.4969804,47.0197304],[7.4970921,47.0198115],[7.49719,47.0198888],[7.4972806,47.0199656],[7.4973668,47.0200421],[7.4974336,47.020106],[7.4975038,47.0201824],[7.4975623,47.0202486],[7.4976174,47.0203235],[7.4976679,47.0203965],[7.4977076,47.020459],[7.4977415,47.020523],[7.4977716,47.0205834],[7.4977996,47.0206495],[7.4978243,47.0207207],[7.497849,47.0208055],[7.4978823,47.0209301],[7.4979079,47.0210556],[7.4979265,47.0211624]]}},{"type":"Feature","properties":{"art":"narrow_gauge"},"geometry":{"type":"LineString","coordinates":[[7.438298,46.9563176],[7.4381747,46.955714],[7.4377821,46.95282],[7.4377013,46.9521344],[7.4377072,46.9517675],[7.4378041,46.9514029]]}},{"type":"Feature","properties":{"art":"narrow_gauge"},"geometry":{"type":"LineString","coordinates":[[7.4979942,47.0211565],[7.4979679,47.0210169],[7.49794,47.0208993],[7.4979151,47.0208041],[7.4978691,47.0206371],[7.4978256,47.020535],[7.4977934,47.0204708],[7.4977021,47.0203246],[7.4976391,47.0202462],[7.4975621,47.0201556],[7.4975006,47.0200889],[7.4974387,47.0200288],[7.4973419,47.0199407],[7.4972412,47.0198593],[7.4971403,47.0197821],[7.4970216,47.0196979]]}},{"type":"Feature","properties":{"art":"narrow_gauge"},"geometry":{"type":"LineString","coordinates":[[7.4572751,46.9775992],[7.4572525,46.9775234],[7.4572049,46.9773596],[7.457029,46.9767623]]}},{"type":"Feature","properties":{"art":"narrow_gauge"},"geometry":{"type":"LineString","coordinates":[[7.4633317,47.0030945],[7.4634719,47.0033592],[7.4635448,47.003496],[7.4636143,47.0036343],[7.4636692,47.0037498],[7.4637229,47.0038672],[7.4638272,47.0041014],[7.46391,47.0042819],[7.4639977,47.004461],[7.4641999,47.0048234]]}},{"type":"Feature","properties":{"art":"narrow_gauge"},"geometry":{"type":"LineString","coordinates":[[7.4641383,46.9843356],[7.4642197,46.9846351],[7.464254,46.9847332],[7.4642937,46.9848405],[7.4643383,46.9849503],[7.4643834,46.9850542],[7.4644214,46.9851348],[7.464473,46.9852375],[7.4645376,46.9853579],[7.4646015,46.9854695],[7.4649171,46.9860232],[7.4652218,46.9865623],[7.4652765,46.9866633],[7.4653259,46.9867661],[7.4653829,46.9868923],[7.4654364,46.9870254],[7.4655046,46.9872148],[7.4656905,46.9878021],[7.4658385,46.9882761],[7.4659403,46.9886097],[7.4659657,46.9887073],[7.4659917,46.9888036],[7.4660227,46.9889516],[7.4660486,46.989101],[7.4660641,46.9892251],[7.4660759,46.9893514],[7.4660839,46.9894922],[7.4660851,46.9896341],[7.4660819,46.9897401],[7.4660756,46.9898457],[7.4660653,46.9899606],[7.4660509,46.990076],[7.4660312,46.9901885],[7.4660099,46.9903005],[7.4659933,46.9903738],[7.4659751,46.9904476],[7.4659507,46.9905353],[7.4659238,46.990626],[7.4658955,46.9907133],[7.465864,46.9908026],[7.4658184,46.9909173],[7.4657679,46.9910336],[7.4657271,46.991121],[7.4656829,46.9912094],[7.4656372,46.991296],[7.4655888,46.9913837],[7.4655174,46.9914984],[7.4654455,46.991614],[7.4653436,46.9917659],[7.465239,46.9919174],[7.4650282,46.9922195],[7.4646735,46.9927289],[7.4642882,46.9932844],[7.4638442,46.9939333],[7.4634546,46.9945061],[7.4631367,46.9949734],[7.4628492,46.9953971],[7.4623374,46.9961514],[7.4620599,46.9965585]]}},{"type":"Feature","properties":{"art":"narrow_gauge"},"geometry":{"type":"LineString","coordinates":[[7.4644246,46.9852516],[7.4644482,46.985297],[7.4645095,46.9854042],[7.4645649,46.9855014],[7.4648705,46.9860356],[7.465174,46.9865727],[7.465228,46.986674],[7.4652787,46.9867762],[7.4653359,46.9869041],[7.46539,46.9870345],[7.4654583,46.987223],[7.4656419,46.987809],[7.465789,46.9882836],[7.4658904,46.9886166],[7.4659175,46.9887134],[7.4659426,46.9888089],[7.4659748,46.9889567],[7.4659984,46.9891029],[7.4660145,46.9892277],[7.4660275,46.9893522],[7.4660348,46.9894931],[7.4660363,46.9896336],[7.4660332,46.9897393],[7.4660272,46.9898454],[7.4660169,46.9899584],[7.4660024,46.9900731],[7.4659838,46.9901839],[7.4659619,46.9902951],[7.465946,46.9903689],[7.4659272,46.9904426],[7.4659028,46.9905293],[7.4658764,46.9906185],[7.4658479,46.9907063],[7.4658177,46.990792],[7.4657704,46.9909079],[7.4657216,46.9910227],[7.4656801,46.9911093],[7.4656372,46.9911976],[7.4655914,46.9912831],[7.4655435,46.9913703],[7.465473,46.9914871],[7.4654011,46.9915992],[7.4652992,46.9917512],[7.4651949,46.9919034],[7.4649841,46.992205],[7.4646285,46.9927143],[7.4642433,46.9932674],[7.4637982,46.9939177],[7.4634075,46.9944914],[7.4630899,46.9949591],[7.4628017,46.995383],[7.4622875,46.9961366],[7.4622279,46.9962161],[7.4621668,46.9962955],[7.4621038,46.9963743],[7.4620403,46.9964525]]}},{"type":"Feature","properties":{"art":"narrow_gauge"},"geometry":{"type":"LineString","coordinates":[[7.438112,46.9508248],[7.4380208,46.950934]]}},{"type":"Feature","properties":{"art":"narrow_gauge"},"geometry":{"type":"LineString","coordinates":[[7.463962,46.9834665],[7.4639793,46.9835203],[7.4640039,46.983628],[7.4640262,46.9837412],[7.464074,46.9840013],[7.4640866,46.984075],[7.4641062,46.9841811],[7.4641226,46.9842656],[7.4641383,46.9843356]]}},{"type":"Feature","properties":{"art":"rail"},"geometry":{"type":"LineString","coordinates":[[7.2620724,46.9315362],[7.2660976,46.9313836],[7.2737829,46.9310925],[7.2783509,46.9309195],[7.2798908,46.9309274],[7.2816248,46.9309957],[7.2831792,46.9311289],[7.2847995,46.9313303],[7.2848134,46.9313324]]}},{"type":"Feature","properties":{"art":"tram"},"geometry":{"type":"LineString","coordinates":[[7.4681378,46.9562576],[7.4685683,46.9561972],[7.4686361,46.9561874]]}},{"type":"Feature","properties":{"art":"tram"},"geometry":{"type":"LineString","coordinates":[[7.4686361,46.9561874],[7.4688574,46.9561564],[7.4690652,46.9561271]]}},{"type":"Feature","properties":{"art":"rail"},"geometry":{"type":"LineString","coordinates":[[7.4301427,46.9478142],[7.4301102,46.9478235],[7.4298149,46.947914],[7.4296301,46.9479739],[7.4294082,46.9480481],[7.4291895,46.9481286],[7.428758,46.9483014],[7.428539,46.9484008],[7.4283727,46.9484827],[7.4281503,46.9485992],[7.4271313,46.9491834]]}},{"type":"Feature","properties":{"art":"rail"},"geometry":{"type":"LineString","coordinates":[[7.4400667,46.9504821],[7.4399746,46.9502876],[7.4399647,46.9502666],[7.439955,46.9502448]]}},{"type":"Feature","properties":{"art":"rail"},"geometry":{"type":"LineString","coordinates":[[7.4400667,46.9504821],[7.4401015,46.9506041],[7.440139,46.9507237],[7.440165,46.9508015],[7.4401946,46.9508712],[7.4402393,46.95097]]}},{"type":"Feature","properties":{"art":"rail"},"geometry":{"type":"LineString","coordinates":[[7.4665477,46.979753],[7.4668891,46.9791464],[7.4670029,46.9789453]]}},{"type":"Feature","properties":{"art":"rail"},"geometry":{"type":"LineString","coordinates":[[7.4659963,47.0086474],[7.4660003,47.0086907],[7.466002,47.0087805],[7.466001,47.0089104],[7.4659965,47.0090573],[7.4659861,47.0092012],[7.465968,47.0093661],[7.4659388,47.0095336],[7.4659047,47.0097009],[7.4658605,47.0098717],[7.4658114,47.0100383],[7.4657518,47.0102016],[7.4656869,47.0103638],[7.4656129,47.0105266],[7.4655294,47.0106903],[7.4654404,47.0108484],[7.4653447,47.0110071],[7.465126,47.0113314],[7.4648279,47.0117608],[7.4645259,47.0121919],[7.4642463,47.0125913],[7.4638299,47.0131857],[7.4635385,47.0136014],[7.4627884,47.0146713],[7.4622947,47.0153794],[7.4621798,47.0155444],[7.4620671,47.0157035],[7.4619508,47.0158641],[7.4618313,47.0160226],[7.4617062,47.0161804],[7.4615775,47.0163348],[7.4614644,47.0164681],[7.4613381,47.016602],[7.4611738,47.0167751],[7.4610006,47.0169445],[7.4608079,47.0171249],[7.4606036,47.0173045],[7.4604196,47.0174564],[7.46023,47.0176078],[7.460034,47.0177547],[7.459831,47.0178989],[7.4596258,47.0180394],[7.4594221,47.0181719],[7.4592059,47.0183041],[7.4589847,47.018435],[7.4587827,47.0185484],[7.4585388,47.0186763],[7.4583122,47.0187909],[7.4580856,47.0188982],[7.4578546,47.019003],[7.4576174,47.019105],[7.4573751,47.0192069],[7.4571317,47.0193079],[7.456883,47.0194138],[7.4561691,47.0197132],[7.4556393,47.0199324]]}},{"type":"Feature","properties":{"art":"rail"},"geometry":{"type":"LineString","coordinates":[[7.4672335,46.9784366],[7.4673954,46.9781499]]}},{"type":"Feature","properties":{"art":"rail"},"geometry":{"type":"LineString","coordinates":[[7.4668169,46.9791804],[7.4666943,46.9793868],[7.4666268,46.9794947],[7.4665243,46.9796541],[7.4664255,46.9797982],[7.4662721,46.9800381],[7.4661737,46.9801944],[7.4660482,46.9804186],[7.4659491,46.9806023]]}},{"type":"Feature","properties":{"art":"rail"},"geometry":{"type":"LineString","coordinates":[[7.4688065,46.975501],[7.4688644,46.9753954]]}},{"type":"Feature","properties":{"art":"rail"},"geometry":{"type":"LineString","coordinates":[[7.4649965,47.0057774],[7.4650347,47.0058469],[7.4651564,47.0060851]]}},{"type":"Feature","properties":{"art":"rail"},"geometry":{"type":"LineString","coordinates":[[7.4747716,47.0123975],[7.474907,47.0123964],[7.4749964,47.0123957],[7.4751679,47.0124013],[7.4753155,47.0124082],[7.4754613,47.0124193],[7.4756117,47.0124296],[7.4757647,47.0124479],[7.4759446,47.0124709],[7.4761146,47.0124999],[7.4762642,47.0125273],[7.4763809,47.01255],[7.4765135,47.0125792],[7.4766713,47.0126203],[7.4768469,47.0126671],[7.4769679,47.0127037],[7.4770802,47.0127395],[7.4771759,47.0127673],[7.4772659,47.0128035],[7.4773607,47.0128397],[7.4774594,47.0128755],[7.4775108,47.0128974],[7.4776417,47.0129532],[7.4778221,47.0130351],[7.4779265,47.0130842],[7.4780348,47.0131376],[7.4782418,47.0132385],[7.4786552,47.0134426],[7.4793076,47.0137638],[7.4794876,47.01385],[7.4796612,47.0139306],[7.4798365,47.0140088],[7.4800103,47.0140786],[7.4801455,47.014131],[7.4802598,47.0141722],[7.4804007,47.0142184],[7.4805722,47.014272],[7.4807636,47.0143247]]}},{"type":"Feature","properties":{"art":"rail"},"geometry":{"type":"LineString","coordinates":[[7.4679324,46.9771983],[7.4677203,46.9775749],[7.4673954,46.9781499]]}},{"type":"Feature","properties":{"art":"rail"},"geometry":{"type":"LineString","coordinates":[[7.4401074,46.9508271],[7.4400123,46.9506939],[7.4398976,46.9505349]]}},{"type":"Feature","properties":{"art":"rail"},"geometry":{"type":"LineString","coordinates":[[7.4405374,46.9516489],[7.4404061,46.9514255],[7.4402183,46.9510443],[7.440211,46.9510301],[7.4401074,46.9508271]]}},{"type":"Feature","properties":{"art":"rail"},"geometry":{"type":"LineString","coordinates":[[7.4345979,46.9481851],[7.4344719,46.9481586],[7.433855,46.9480312],[7.4337822,46.9480171],[7.4333015,46.9479235],[7.4331337,46.9478939],[7.4329479,46.9478667],[7.432727,46.9478441]]}},{"type":"Feature","properties":{"art":"rail"},"geometry":{"type":"LineString","coordinates":[[7.4401096,46.9509577],[7.4401448,46.9510273],[7.4402164,46.9511757]]}},{"type":"Feature","properties":{"art":"rail"},"geometry":{"type":"LineString","coordinates":[[7.414326,46.9414939],[7.4163702,46.9410482],[7.4164734,46.9410256]]}},{"type":"Feature","properties":{"art":"rail"},"geometry":{"type":"LineString","coordinates":[[7.4147691,46.9413604],[7.4148724,46.9413377],[7.4179392,46.9406705]]}},{"type":"Feature","properties":{"art":"rail"},"geometry":{"type":"LineString","coordinates":[[7.4998446,46.8865347],[7.4999163,46.8864069],[7.4999806,46.886315],[7.5000881,46.8861604],[7.5001726,46.8860051]]}},{"type":"Feature","properties":{"art":"rail"},"geometry":{"type":"LineString","coordinates":[[7.4977934,46.8900986],[7.4980804,46.8897151],[7.4983082,46.8893686],[7.4985632,46.8889386],[7.4992445,46.8877897]]}},{"type":"Feature","properties":{"art":"rail"},"geometry":{"type":"LineString","coordinates":[[7.4991863,46.8877782],[7.4993946,46.8874191],[7.4998588,46.8866368],[7.5001726,46.8860051]]}},{"type":"Feature","properties":{"art":"narrow_gauge"},"geometry":{"type":"LineString","coordinates":[[7.4555841,46.9749775],[7.4557501,46.9750644],[7.4558787,46.9751381],[7.4559932,46.9752127],[7.4561257,46.9753079],[7.4562543,46.9754141],[7.4563727,46.9755256],[7.456493,46.9756564],[7.4565772,46.9757626],[7.4566326,46.975842],[7.456692,46.9759414]]}},{"type":"Feature","properties":{"art":"narrow_gauge"},"geometry":{"type":"LineString","coordinates":[[7.4567357,46.9759302],[7.4566763,46.9758311],[7.45662,46.9757508],[7.4565336,46.9756438],[7.4564052,46.9755047],[7.4562863,46.9753929],[7.4561577,46.9752886],[7.4560248,46.9751903],[7.4559034,46.975111],[7.4557768,46.9750349],[7.4556101,46.9749482]]}},{"type":"Feature","properties":{"art":"rail"},"geometry":{"type":"LineString","coordinates":[[7.4403163,46.9511228],[7.440477,46.9514369],[7.440557,46.951575],[7.4405822,46.951612]]}},{"type":"Feature","properties":{"art":"narrow_gauge"},"geometry":{"type":"LineString","coordinates":[[7.4390287,46.9500076],[7.4389369,46.9500749],[7.4386142,46.9503534]]}},{"type":"Feature","properties":{"art":"narrow_gauge"},"geometry":{"type":"LineString","coordinates":[[7.4378041,46.9514029],[7.4378735,46.9512475],[7.437958,46.9510985],[7.4380993,46.9508992],[7.43827,46.9507129],[7.4384165,46.9505903]]}},{"type":"Feature","properties":{"art":"narrow_gauge"},"geometry":{"type":"LineString","coordinates":[[7.457495,46.9808614],[7.4575138,46.9810597],[7.4575203,46.9811439],[7.4575249,46.9812229],[7.4575243,46.9812862],[7.457518,46.9813868],[7.457508,46.9815258],[7.4574893,46.9817391],[7.4574486,46.9821607],[7.4574027,46.9827093],[7.457386,46.9829429],[7.4573804,46.983029],[7.457386,46.9831861],[7.4574101,46.9834555],[7.4574042,46.9836129],[7.4573558,46.984192],[7.4573482,46.9842828]]}},{"type":"Feature","properties":{"art":"narrow_gauge"},"geometry":{"type":"LineString","coordinates":[[7.4572617,46.977739],[7.4572743,46.9778065],[7.4572805,46.9778816],[7.4572852,46.9779576],[7.4573095,46.978266],[7.4573178,46.9783286],[7.4573313,46.9783777],[7.4573519,46.9784599],[7.4574289,46.9787263],[7.45748,46.9789019],[7.4575138,46.9790101],[7.4575359,46.9790911]]}},{"type":"Feature","properties":{"art":"narrow_gauge"},"geometry":{"type":"LineString","coordinates":[[7.4573482,46.9842828],[7.4573433,46.9843421],[7.4572599,46.9853402],[7.4571536,46.9865899],[7.4569908,46.9885198],[7.4568672,46.9899652],[7.4568506,46.9901883],[7.4568381,46.9904214],[7.4568305,46.990695],[7.4568339,46.990823],[7.4568489,46.9909815],[7.4568889,46.9912755],[7.4569323,46.9915634],[7.456971,46.9918205],[7.4569809,46.9918832],[7.4569905,46.9919477],[7.4569941,46.9919738]]}},{"type":"Feature","properties":{"art":"narrow_gauge"},"geometry":{"type":"LineString","coordinates":[[7.4573417,46.9780113],[7.457331,46.9778759],[7.4573236,46.9778137],[7.4573154,46.9777546]]}},{"type":"Feature","properties":{"art":"narrow_gauge"},"geometry":{"type":"LineString","coordinates":[[7.4386142,46.9503534],[7.4385497,46.9504097],[7.4383743,46.9505653],[7.4382346,46.9506911],[7.438112,46.9508248]]}},{"type":"Feature","properties":{"art":"narrow_gauge"},"geometry":{"type":"LineString","coordinates":[[7.4572647,46.9777395],[7.4572917,46.9778305],[7.4573417,46.9780113]]}},{"type":"Feature","properties":{"art":"rail"},"geometry":{"type":"LineString","coordinates":[[7.4674336,47.0096374],[7.4672987,47.0094864],[7.467225,47.0094034],[7.4671749,47.0093394],[7.4671252,47.0092687],[7.4670738,47.0091846]]}},{"type":"Feature","properties":{"art":"rail"},"geometry":{"type":"LineString","coordinates":[[7.4015835,46.8980828],[7.3990452,46.8951827],[7.3979219,46.8939036],[7.3974833,46.8933887],[7.3973907,46.8932835],[7.3972959,46.8931798],[7.3971941,46.8930745],[7.3970868,46.8929716],[7.3969478,46.8928485],[7.3968023,46.8927296],[7.3967596,46.8926979],[7.3965756,46.8925656],[7.3963283,46.8924013],[7.395529,46.8918569],[7.3947302,46.8913111],[7.3944424,46.8911118],[7.3942994,46.8910109],[7.3941591,46.8909089],[7.3938828,46.890699],[7.3936157,46.8904869],[7.3931884,46.8901455],[7.3927633,46.8898056],[7.3914785,46.8887781],[7.3907476,46.8881944],[7.390384,46.8879041],[7.3902003,46.8877581],[7.3900124,46.8876139],[7.3898799,46.8875201],[7.3897411,46.88743]]}},{"type":"Feature","properties":{"art":"rail"},"geometry":{"type":"LineString","coordinates":[[7.4010331,46.9100005],[7.4009853,46.9098663],[7.4009341,46.9097321],[7.4008315,46.9094648],[7.4006243,46.9089281],[7.4005224,46.9086648],[7.4004183,46.9084023],[7.4003632,46.9082746],[7.4003033,46.9081471],[7.4002408,46.9080204],[7.4001793,46.9078958],[7.4001179,46.9077707],[7.4000606,46.9076439],[7.4000187,46.9075344],[7.3999865,46.907424],[7.3999712,46.9073561],[7.3999591,46.9072875],[7.3999441,46.9071499],[7.39994,46.907066],[7.399938,46.9069818],[7.3999385,46.9068122],[7.3999363,46.9064802],[7.3999337,46.9064151],[7.3999291,46.9063526],[7.3999234,46.9062885],[7.3999178,46.9062257],[7.3999085,46.9061693],[7.3998978,46.9061104],[7.3998876,46.9060575],[7.3998753,46.9060034],[7.3998634,46.9059521],[7.3998468,46.9058912],[7.3998239,46.9058161],[7.3998031,46.9057539],[7.3997769,46.905681],[7.3997438,46.9055973],[7.3996753,46.9054333],[7.3996076,46.9052696],[7.3995421,46.9051014]]}},{"type":"Feature","properties":{"art":"rail"},"geometry":{"type":"LineString","coordinates":[[7.4000106,46.9016209],[7.4000814,46.9015543],[7.4001191,46.9015213],[7.4001851,46.901467],[7.4002469,46.9014171],[7.4003728,46.9013162],[7.40041,46.9012838],[7.4004537,46.9012423],[7.4005074,46.9011896],[7.4007886,46.9009037],[7.400896,46.9007939],[7.4009976,46.9006918],[7.4011098,46.9005743],[7.4011363,46.9005456],[7.4011633,46.9005145],[7.4012078,46.9004616],[7.4012391,46.9004214],[7.4013068,46.9003293],[7.4013554,46.9002665],[7.4013784,46.9002376],[7.4014015,46.9002106],[7.4014653,46.900142]]}},{"type":"Feature","properties":{"art":"rail"},"geometry":{"type":"LineString","coordinates":[[7.3867946,46.8857234],[7.3867224,46.8856951],[7.3866486,46.8856678],[7.3865383,46.8856328],[7.3864338,46.8856029],[7.3863312,46.8855762],[7.3862289,46.885552],[7.385739,46.8854401],[7.3856347,46.885414],[7.3855456,46.8853891],[7.3854482,46.8853608],[7.3853535,46.8853297],[7.385267,46.8852977],[7.3851835,46.8852641],[7.3851097,46.8852326],[7.3850384,46.8851996],[7.3849488,46.8851548],[7.3848614,46.8851066],[7.3848023,46.8850719],[7.3847507,46.8850393],[7.3846987,46.8850039],[7.3846511,46.8849712],[7.3846053,46.8849365],[7.3845305,46.8848766],[7.3844587,46.8848155],[7.3843144,46.8846883]]}},{"type":"Feature","properties":{"art":"rail"},"geometry":{"type":"LineString","coordinates":[[7.3887511,46.8867849],[7.3889026,46.8868927],[7.3889332,46.8869161],[7.3891598,46.8870838]]}},{"type":"Feature","properties":{"art":"rail"},"geometry":{"type":"LineString","coordinates":[[7.3875888,46.8861518],[7.3878615,46.8862764],[7.387991,46.886339],[7.388056,46.8863733],[7.388119,46.8864099],[7.3884471,46.8866074],[7.3887511,46.8867849]]}},{"type":"Feature","properties":{"art":"rail"},"geometry":{"type":"LineString","coordinates":[[7.3887511,46.8867849],[7.3899709,46.887517]]}},{"type":"Feature","properties":{"art":"rail"},"geometry":{"type":"LineString","coordinates":[[7.3897411,46.88743],[7.3895378,46.887321],[7.3894297,46.8872706],[7.3892101,46.8871743],[7.3890941,46.8871236],[7.3889886,46.8870751],[7.3888585,46.8870079],[7.3887302,46.8869369],[7.3883323,46.886702],[7.3879912,46.8864949],[7.3878297,46.8863842],[7.3876272,46.88623],[7.387421,46.8860752],[7.3873041,46.8859915],[7.387254,46.8859544]]}},{"type":"Feature","properties":{"art":"rail"},"geometry":{"type":"LineString","coordinates":[[7.3684601,46.8767238],[7.3696132,46.8773069]]}},{"type":"Feature","properties":{"art":"rail"},"geometry":{"type":"LineString","coordinates":[[7.364069,46.872976],[7.3641037,46.8727369],[7.364111,46.8726264],[7.3641121,46.872516],[7.3641083,46.8724589],[7.3641028,46.8724026],[7.3640936,46.8723445],[7.3640821,46.8722879],[7.3640619,46.8722101],[7.3640373,46.8721329],[7.3639978,46.8720387],[7.3639534,46.8719461],[7.3639056,46.8718652],[7.3638538,46.8717859],[7.3638023,46.8717165],[7.3637475,46.8716506],[7.3636891,46.8715864],[7.3636271,46.8715234],[7.3635537,46.8714574],[7.3634773,46.8713941],[7.3633706,46.8713137],[7.3632594,46.871241],[7.3631398,46.8711699],[7.3630099,46.871102],[7.3628232,46.8710133],[7.3624011,46.8708272],[7.3622765,46.8707696],[7.3621527,46.8707092],[7.3620796,46.8706714],[7.3620077,46.8706312],[7.3619408,46.8705901],[7.3618758,46.8705488],[7.3617676,46.8704738],[7.3617297,46.8704441],[7.3616656,46.8703945],[7.3615478,46.8702883],[7.3614367,46.8701734],[7.3613507,46.8700648],[7.3612766,46.8699563],[7.3612019,46.8698219],[7.3611471,46.8696979],[7.3611219,46.8696226],[7.3611005,46.8695458],[7.3610791,46.8694324],[7.3610705,46.869359],[7.3610664,46.8692857],[7.3610672,46.8691805],[7.3610709,46.8691285],[7.3610762,46.8690767],[7.3610918,46.8689816],[7.3611279,46.8688523],[7.3611719,46.8687241],[7.361268,46.8684815],[7.3613214,46.868336],[7.3613434,46.868261],[7.3613596,46.8681859],[7.3613714,46.8681236],[7.3613797,46.8680601],[7.3613849,46.8679967],[7.3613871,46.8679333],[7.3613857,46.8678809],[7.3613824,46.8678284],[7.3613715,46.8677237],[7.3613514,46.8676225],[7.361323,46.867523],[7.3613053,46.8674708],[7.3612827,46.8674184],[7.3612593,46.8673655],[7.3612328,46.8673124],[7.3611999,46.867254],[7.3611659,46.8671976],[7.3610879,46.8670881],[7.3610342,46.8670227],[7.3609741,46.8669577],[7.3609144,46.8668959],[7.3608511,46.866836],[7.3606579,46.8666718],[7.3604615,46.866505],[7.3603621,46.8664159],[7.3602683,46.8663239],[7.3601816,46.8662275],[7.3601036,46.8661249],[7.3600565,46.8660542],[7.3600122,46.8659796],[7.35994,46.8658212],[7.3599151,46.8657484],[7.3598931,46.8656772],[7.3598787,46.8656047],[7.3598683,46.8655329],[7.3598621,46.8654692],[7.3598604,46.8654065],[7.3598661,46.8652852],[7.3598754,46.8652145],[7.3598894,46.865144],[7.3599114,46.8650611],[7.3599425,46.8649698],[7.3599805,46.864881],[7.3600245,46.8648006],[7.3600711,46.8647205],[7.3601332,46.864635],[7.3602012,46.8645508],[7.3602687,46.8644763],[7.3603466,46.8643974]]}},{"type":"Feature","properties":{"art":"rail"},"geometry":{"type":"LineString","coordinates":[[7.3684601,46.8767238],[7.3685491,46.8767734],[7.3686518,46.8768356],[7.3688555,46.8769611],[7.3690589,46.877077]]}},{"type":"Feature","properties":{"art":"rail"},"geometry":{"type":"LineString","coordinates":[[7.3664763,46.8757743],[7.3667017,46.8758721],[7.3669033,46.8759576],[7.3672066,46.8760917],[7.3679545,46.8764696],[7.3684601,46.8767238]]}},{"type":"Feature","properties":{"art":"rail"},"geometry":{"type":"LineString","coordinates":[[7.3690589,46.877077],[7.3679237,46.8765047],[7.3668777,46.875976],[7.3664763,46.8757743]]}},{"type":"Feature","properties":{"art":"rail"},"geometry":{"type":"LineString","coordinates":[[7.3863568,46.9318242],[7.3865411,46.9319405]]}},{"type":"Feature","properties":{"art":"rail"},"geometry":{"type":"LineString","coordinates":[[7.3865411,46.9319405],[7.388598,46.9332361],[7.3907959,46.9346171],[7.392493,46.9356864],[7.3931066,46.9360698],[7.3939657,46.9366112],[7.3956477,46.9376675],[7.3964021,46.938141],[7.3971149,46.9385886],[7.3995792,46.9401274],[7.4020678,46.9416965]]}},{"type":"Feature","properties":{"art":"rail"},"geometry":{"type":"LineString","coordinates":[[7.3869153,46.9320644],[7.3870114,46.9321243],[7.3892965,46.9335657]]}},{"type":"Feature","properties":{"art":"rail"},"geometry":{"type":"LineString","coordinates":[[7.3903987,46.9342569],[7.3911471,46.9347261],[7.3935101,46.9362081],[7.3940076,46.9365189],[7.394086,46.9365689]]}},{"type":"Feature","properties":{"art":"rail"},"geometry":{"type":"LineString","coordinates":[[7.3554644,46.9021497],[7.3555264,46.9022801],[7.3556005,46.9024152],[7.356237,46.9035967],[7.3564424,46.9039912],[7.3565056,46.9041265],[7.3565667,46.9042621],[7.356684,46.9045243],[7.3567381,46.9046475],[7.3568581,46.9048909],[7.356875,46.9049252],[7.3569814,46.9051217],[7.3570922,46.9053172],[7.357552,46.9060848],[7.3576818,46.9063005],[7.3578087,46.9065171],[7.3579322,46.9067327],[7.3580522,46.9069489],[7.3581188,46.9070782],[7.3582709,46.9073395],[7.3583348,46.9074412],[7.3584024,46.9075423],[7.3585508,46.9077684],[7.3586674,46.9079673]]}},{"type":"Feature","properties":{"art":"rail"},"geometry":{"type":"LineString","coordinates":[[7.3582709,46.9073395],[7.3584805,46.9077408],[7.3586001,46.9079579],[7.3586285,46.9080101]]}},{"type":"Feature","properties":{"art":"rail"},"geometry":{"type":"LineString","coordinates":[[7.356684,46.9045243],[7.3566185,46.9043949],[7.3565466,46.9042684],[7.356349,46.9039195],[7.3562141,46.9036757]]}},{"type":"Feature","properties":{"art":"rail"},"geometry":{"type":"LineString","coordinates":[[7.354749,46.900611],[7.3548342,46.9007826],[7.3549126,46.9009562],[7.3549366,46.9010156],[7.3550026,46.9011677],[7.3550949,46.9013549]]}},{"type":"Feature","properties":{"art":"rail"},"geometry":{"type":"LineString","coordinates":[[7.3565348,46.9044048],[7.3564895,46.9043075],[7.3564554,46.9042087],[7.3564265,46.9041043],[7.3563929,46.904011],[7.356349,46.9039195]]}},{"type":"Feature","properties":{"art":"rail"},"geometry":{"type":"LineString","coordinates":[[7.3558235,46.9030916],[7.3563254,46.9040182]]}},{"type":"Feature","properties":{"art":"rail"},"geometry":{"type":"LineString","coordinates":[[7.3488001,46.8895372],[7.3490998,46.8896586],[7.3492917,46.8897423],[7.3494917,46.889836],[7.3496685,46.8899256],[7.349835,46.8900164],[7.3500041,46.8901156],[7.3501598,46.8902142],[7.3503241,46.8903263],[7.3504651,46.890431],[7.3506055,46.8905425],[7.3507384,46.8906566],[7.3508709,46.8907786],[7.3509906,46.8908984],[7.3511092,46.8910274],[7.351214,46.8911507],[7.3513173,46.8912827],[7.3514134,46.8914181],[7.3515061,46.8915615],[7.3515817,46.8916922],[7.3516548,46.8918324],[7.3517207,46.8919748]]}},{"type":"Feature","properties":{"art":"rail"},"geometry":{"type":"LineString","coordinates":[[7.3258316,46.8878608],[7.3256697,46.8878771],[7.3255621,46.8878908],[7.3254657,46.887906],[7.3253622,46.8879224],[7.3252538,46.8879378],[7.3251395,46.8879507],[7.32495,46.8879677],[7.3236668,46.8880489],[7.3232841,46.8880713],[7.3229544,46.8880937],[7.3227486,46.8881065]]}},{"type":"Feature","properties":{"art":"rail"},"geometry":{"type":"LineString","coordinates":[[7.3588536,46.9083106],[7.3596111,46.9097026],[7.361467,46.9131146],[7.3622629,46.9145848],[7.3633842,46.9166574],[7.3635102,46.9168904],[7.3636392,46.917123],[7.3637526,46.9173169],[7.3638718,46.9175093],[7.3639971,46.9176987],[7.3641283,46.9178865],[7.364269,46.918071],[7.364416,46.9182539],[7.3645701,46.9184327],[7.3647292,46.9186098],[7.3648958,46.9187833],[7.3650695,46.9189542],[7.3652546,46.9191269],[7.3654354,46.9192876],[7.3656266,46.9194478],[7.3658244,46.9196063],[7.3660289,46.9197608],[7.3662381,46.9199118],[7.3664529,46.9200576],[7.3666738,46.9202007],[7.3668919,46.9203337],[7.3671174,46.9204662],[7.3673517,46.9205992],[7.3675837,46.9207277],[7.3678355,46.9208656],[7.3751871,46.9248728],[7.3754635,46.9250262],[7.3757388,46.9251805],[7.3760173,46.9253434],[7.3762923,46.9255108],[7.376705,46.925766],[7.3863568,46.9318242]]}},{"type":"Feature","properties":{"art":"rail"},"geometry":{"type":"LineString","coordinates":[[7.3863917,46.9317989],[7.3767494,46.925741],[7.3763295,46.925481],[7.3760523,46.9253157],[7.3757718,46.9251535],[7.3754955,46.9249992],[7.375218,46.9248461],[7.3678622,46.9208368],[7.3676141,46.9207007],[7.3673849,46.9205737],[7.3671493,46.9204402],[7.3669226,46.9203075],[7.3667078,46.920176],[7.3664873,46.9200332],[7.3662726,46.9198876],[7.3660682,46.9197398],[7.3658607,46.919583],[7.365663,46.9194246],[7.3654731,46.9192652],[7.3652938,46.9191065],[7.3651108,46.9189358],[7.3649381,46.9187648],[7.3647713,46.918591],[7.3646112,46.9184148],[7.3644585,46.9182358],[7.364312,46.918054],[7.3641739,46.9178703],[7.3640419,46.9176839],[7.3639168,46.9174959],[7.3637992,46.9173037],[7.3636861,46.9171106],[7.3635569,46.9168779],[7.3634301,46.9166452],[7.3623096,46.9145723],[7.3615137,46.913103],[7.3596634,46.9096911],[7.3593213,46.9090577]]}},{"type":"Feature","properties":{"art":"rail"},"geometry":{"type":"LineString","coordinates":[[7.3517462,46.8920342],[7.3517882,46.8921451],[7.3518263,46.8922562]]}},{"type":"Feature","properties":{"art":"rail"},"geometry":{"type":"LineString","coordinates":[[7.3476644,46.8891403],[7.3479533,46.8892323],[7.3482398,46.8893294],[7.3485215,46.8894307],[7.3488001,46.8895372]]}},{"type":"Feature","properties":{"art":"rail"},"geometry":{"type":"LineString","coordinates":[[7.3134383,46.8883801],[7.313604,46.8884253],[7.3137714,46.8884684],[7.3139609,46.8885097],[7.314152,46.8885482],[7.3143446,46.8885811],[7.3145374,46.8886108],[7.3147339,46.8886351],[7.314931,46.8886559],[7.3151261,46.8886709],[7.3153224,46.888682],[7.3155194,46.8886883],[7.3157143,46.8886908],[7.3159118,46.8886882],[7.3161086,46.8886812],[7.3163167,46.8886707],[7.3165244,46.8886569],[7.3169689,46.8886227],[7.3177681,46.8885612],[7.318011,46.8885388],[7.3182433,46.8885149]]}},{"type":"Feature","properties":{"art":"rail"},"geometry":{"type":"LineString","coordinates":[[7.3235583,46.8880089],[7.323773,46.8879934],[7.3239188,46.8879836],[7.3250009,46.8879177],[7.3258316,46.8878608]]}},{"type":"Feature","properties":{"art":"rail"},"geometry":{"type":"LineString","coordinates":[[7.3114036,46.887411],[7.3116472,46.8875811],[7.3119395,46.8877544],[7.3122174,46.8879057],[7.3125544,46.8880645],[7.3129867,46.8882297],[7.3134383,46.8883801]]}},{"type":"Feature","properties":{"art":"rail"},"geometry":{"type":"LineString","coordinates":[[7.3227486,46.8881065],[7.3231118,46.888115],[7.3233061,46.8881224],[7.3234357,46.8881237],[7.3235375,46.8881212],[7.3236384,46.8881162]]}},{"type":"Feature","properties":{"art":"rail"},"geometry":{"type":"LineString","coordinates":[[7.3262026,46.8877423],[7.3259423,46.8877648],[7.3256831,46.887793],[7.3254386,46.8878243],[7.3252038,46.8878507],[7.3249665,46.8878696]]}},{"type":"Feature","properties":{"art":"rail"},"geometry":{"type":"LineString","coordinates":[[7.3440549,46.8887131],[7.3435797,46.8887458],[7.3433388,46.8887599],[7.3430866,46.888771],[7.342833,46.8887784],[7.3426627,46.8887798],[7.3423877,46.8887772],[7.3421581,46.8887691],[7.3419286,46.8887568],[7.3416993,46.8887396],[7.3414714,46.888718],[7.3411824,46.8886843],[7.3408946,46.8886477],[7.34051,46.8885934],[7.3401259,46.8885379],[7.3378076,46.888208],[7.3370405,46.8880989],[7.336655,46.8880447],[7.336269,46.8879939],[7.3359753,46.887961],[7.3356816,46.8879327],[7.3353861,46.8879096],[7.3350904,46.8878892],[7.3347998,46.887876],[7.3344994,46.8878691],[7.3341893,46.8878687],[7.3338792,46.8878709],[7.3335331,46.8878792],[7.3323045,46.8879085],[7.3319769,46.8879165],[7.3316779,46.8879197],[7.3313904,46.8879199],[7.3311313,46.8879145],[7.3308291,46.8879031],[7.3305447,46.8878865],[7.3300225,46.8878513],[7.3285875,46.8877504],[7.3281286,46.8877217],[7.3278965,46.8877102],[7.3276676,46.8877016],[7.3274445,46.8876983],[7.3272543,46.8876967],[7.327035,46.8877005],[7.3268277,46.8877067],[7.326617,46.8877168],[7.3264086,46.8877294],[7.3262026,46.8877423]]}},{"type":"Feature","properties":{"art":"rail"},"geometry":{"type":"LineString","coordinates":[[7.3249665,46.8878696],[7.3258607,46.8878048],[7.3264126,46.8877657],[7.3266133,46.8877534],[7.3268304,46.8877429],[7.3270379,46.8877358],[7.3272652,46.8877318],[7.3274587,46.8877316],[7.3276818,46.8877352],[7.3278994,46.8877432],[7.328133,46.8877557],[7.328361,46.8877697],[7.32859,46.8877853],[7.330019,46.8878853],[7.330544,46.8879202],[7.3308257,46.8879369],[7.3311277,46.8879501],[7.331391,46.8879552],[7.3316709,46.8879548],[7.3319792,46.8879513],[7.3323065,46.8879444],[7.3335331,46.8879143],[7.3338805,46.8879058],[7.3341892,46.8879034],[7.3344976,46.8879054],[7.3347969,46.8879129],[7.3350894,46.8879252],[7.3353819,46.8879435],[7.3356733,46.8879667],[7.3359667,46.8879941],[7.3362594,46.8880286],[7.3366453,46.8880785],[7.33703,46.8881332],[7.3377968,46.8882423],[7.3401143,46.888572],[7.3404995,46.8886275],[7.3408845,46.8886814],[7.341174,46.8887186],[7.3414653,46.8887514],[7.341693,46.888774],[7.341924,46.8887909],[7.3421548,46.8888035],[7.342386,46.8888116],[7.3426633,46.8888139],[7.3428335,46.8888125],[7.3430897,46.8888052],[7.3433445,46.8887933],[7.343583,46.8887799],[7.3440608,46.8887475]]}},{"type":"Feature","properties":{"art":"rail"},"geometry":{"type":"LineString","coordinates":[[7.3045107,46.892789],[7.3061822,46.8928991],[7.3064011,46.8929123],[7.3066034,46.8929215],[7.3067388,46.8929226],[7.3068735,46.8929222],[7.3069862,46.8929175],[7.3071117,46.8929098],[7.3072431,46.8928953],[7.3073711,46.8928772],[7.3075211,46.8928492],[7.30766,46.8928175],[7.3078049,46.8927797],[7.3079186,46.8927435],[7.3080367,46.8927026],[7.3081297,46.8926648],[7.3082227,46.8926246],[7.308355,46.8925585],[7.3084824,46.8924879],[7.3085904,46.8924208],[7.3086963,46.8923452],[7.308801,46.8922622],[7.3088938,46.8921771],[7.3089842,46.8920827],[7.3090259,46.8920359],[7.3091202,46.8919135]]}},{"type":"Feature","properties":{"art":"rail"},"geometry":{"type":"LineString","coordinates":[[7.3169375,46.888586],[7.3171298,46.888572],[7.3172978,46.8885621],[7.3174221,46.8885572],[7.3177218,46.8885475],[7.3178671,46.8885435],[7.3180109,46.8885359],[7.3182433,46.8885149]]}},{"type":"Feature","properties":{"art":"rail"},"geometry":{"type":"LineString","coordinates":[[7.3018835,46.8829763],[7.302452,46.8832291],[7.3028207,46.8833644],[7.3031683,46.8834705],[7.3036035,46.883578],[7.3040054,46.8836586],[7.3044011,46.8837187],[7.3048898,46.8837707],[7.3052685,46.8838067],[7.3061386,46.8839053],[7.30655,46.8839783],[7.3069475,46.8840799],[7.3073118,46.884181],[7.3077034,46.884318],[7.3080555,46.8844656],[7.3083527,46.8846013],[7.3086913,46.884799],[7.3090382,46.8850193],[7.3090526,46.8850301],[7.3093118,46.8852248],[7.3095604,46.8854423],[7.3097683,46.8856453],[7.3100649,46.8859951],[7.3101814,46.8861444],[7.3104058,46.8864347],[7.3104583,46.8865014],[7.3105172,46.8865742],[7.310587,46.8866573],[7.3106615,46.8867431],[7.3107521,46.886842],[7.3108292,46.8869218],[7.310901,46.8869915],[7.3109751,46.887061],[7.311066,46.887142],[7.3112039,46.8872576],[7.311308,46.8873393],[7.3114036,46.887411]]}},{"type":"Feature","properties":{"art":"rail"},"geometry":{"type":"LineString","coordinates":[[7.3185889,46.8885992],[7.3187124,46.8885837],[7.3188238,46.8885671],[7.3189217,46.8885515],[7.3192027,46.8885065],[7.3193809,46.8884765],[7.3206617,46.8882722],[7.3207956,46.8882518],[7.3209319,46.8882327],[7.321079,46.8882125],[7.3212347,46.888193],[7.3213914,46.8881746],[7.3215151,46.8881611],[7.3215928,46.8881535]]}},{"type":"Feature","properties":{"art":"rail"},"geometry":{"type":"LineString","coordinates":[[7.3020694,46.8932125],[7.3018836,46.8932909],[7.301676,46.8933726],[7.3013268,46.8935066],[7.3011285,46.8935871],[7.3008321,46.893711],[7.2998545,46.8941209],[7.299337,46.8943373],[7.2986911,46.8946093],[7.2985614,46.8946617],[7.2984334,46.8947111],[7.2983413,46.8947445],[7.2982689,46.8947696],[7.298157,46.8948059],[7.2980728,46.8948303],[7.2980162,46.894845],[7.2979665,46.8948577],[7.2978551,46.8948828],[7.2977426,46.8949036],[7.2976625,46.8949161],[7.2975662,46.8949287],[7.2974803,46.8949375],[7.2974018,46.894944],[7.2973105,46.8949486],[7.2972059,46.8949515],[7.2971299,46.8949517],[7.2970326,46.8949496],[7.2969449,46.8949455],[7.2968578,46.8949401],[7.2965562,46.8949152],[7.2963066,46.8948918],[7.2957693,46.8948419]]}},{"type":"Feature","properties":{"art":"rail"},"geometry":{"type":"LineString","coordinates":[[7.2435077,46.9009555],[7.243734,46.9009069],[7.2461765,46.9003819],[7.2505166,46.8994492],[7.2510172,46.8993537],[7.2515307,46.8992712],[7.2520559,46.8992045],[7.2526239,46.8991456],[7.253941,46.8990263],[7.2568233,46.8987662],[7.2582191,46.8986384],[7.2595854,46.8985146],[7.2600549,46.8984633],[7.2604772,46.8984002],[7.2609066,46.8983127],[7.2613254,46.8982073],[7.2616732,46.8981004],[7.2620651,46.8979579],[7.2624736,46.8977906],[7.2629673,46.8975774],[7.2631319,46.8975047],[7.2690352,46.8949643],[7.2732595,46.8931152],[7.2735787,46.8929851],[7.2739177,46.8928637],[7.2742304,46.8927725],[7.2745131,46.8927035],[7.2749517,46.8926173],[7.2765065,46.8923248],[7.2784503,46.8919593],[7.278955,46.8918665],[7.2793508,46.8918049],[7.2796888,46.891769],[7.2800556,46.8917454],[7.2804216,46.8917431],[7.2807887,46.8917563],[7.2811572,46.8917884],[7.2815922,46.8918457],[7.2834591,46.8921098],[7.2836316,46.8921357],[7.2838145,46.892166],[7.2840193,46.8922042],[7.2841572,46.8922349],[7.2842957,46.8922682],[7.2844159,46.8923008],[7.2845486,46.8923408],[7.284695,46.8923898]]}},{"type":"Feature","properties":{"art":"tram"},"geometry":{"type":"LineString","coordinates":[[7.4369764,46.9457548],[7.4370023,46.9457578],[7.4370442,46.9457643],[7.4370737,46.945772],[7.4370999,46.9457781],[7.4371581,46.9457986],[7.4372054,46.9458233],[7.4372435,46.9458467],[7.4372645,46.9458628],[7.4372915,46.9458886],[7.4373129,46.9459154],[7.4373177,46.9459213]]}},{"type":"Feature","properties":{"art":"tram"},"geometry":{"type":"LineString","coordinates":[[7.4414765,46.9478511],[7.4417894,46.9479179],[7.4419774,46.947954],[7.4421781,46.9479809],[7.4422662,46.9479905],[7.4423124,46.9479975],[7.4423421,46.948002],[7.4423674,46.9480069],[7.442389,46.9480111],[7.4425698,46.9480465],[7.4426629,46.9480619],[7.4434152,46.9481797],[7.4434799,46.94819]]}},{"type":"Feature","properties":{"art":"tram"},"geometry":{"type":"LineString","coordinates":[[7.4414841,46.9478861],[7.4414169,46.9478724],[7.4413961,46.947868]]}},{"type":"Feature","properties":{"art":"tram"},"geometry":{"type":"LineString","coordinates":[[7.4327399,46.9459286],[7.4325941,46.9459336],[7.4323815,46.9459401],[7.4320433,46.945951],[7.4320276,46.9459515],[7.4319518,46.9459539],[7.4318858,46.9459558],[7.4318059,46.9459569],[7.4317476,46.9459572],[7.4316769,46.9459569],[7.4316147,46.9459555],[7.4315287,46.9459524],[7.4314942,46.9459503],[7.4313484,46.9459413],[7.4311215,46.945926],[7.4307085,46.9458968],[7.4296365,46.9458252],[7.4294447,46.9458125],[7.4292892,46.9458005],[7.4284502,46.9457397],[7.4284162,46.9457369],[7.4273257,46.9456575],[7.4273128,46.9456566]]}},{"type":"Feature","properties":{"art":"tram"},"geometry":{"type":"LineString","coordinates":[[7.4368584,46.945778],[7.4359344,46.9458096],[7.4355395,46.9458232]]}},{"type":"Feature","properties":{"art":"tram"},"geometry":{"type":"LineString","coordinates":[[7.4434799,46.94819],[7.4435018,46.9481933],[7.4435203,46.9481955],[7.4435325,46.9481968],[7.4435483,46.9481982],[7.4435638,46.9481993],[7.443578,46.9482001],[7.4435907,46.9482006],[7.4436049,46.948201],[7.443618,46.9482012],[7.4436338,46.9482012],[7.4436508,46.9482009],[7.4436687,46.9482004],[7.4436902,46.9481993],[7.443873,46.948185]]}},{"type":"Feature","properties":{"art":"tram"},"geometry":{"type":"LineString","coordinates":[[7.4355413,46.9457967],[7.4360809,46.94578],[7.4363696,46.9457691],[7.4368445,46.9457535],[7.4368941,46.9457531],[7.4369436,46.9457526],[7.4369764,46.9457548]]}},{"type":"Feature","properties":{"art":"tram"},"geometry":{"type":"LineString","coordinates":[[7.4397677,46.9474863],[7.4393151,46.9474055],[7.4386765,46.9472985],[7.4384919,46.9472672]]}},{"type":"Feature","properties":{"art":"tram"},"geometry":{"type":"LineString","coordinates":[[7.4355395,46.9458232],[7.4349093,46.9458512],[7.434765,46.9458578],[7.4339562,46.9458864],[7.4339229,46.9458869],[7.4338948,46.9458873]]}},{"type":"Feature","properties":{"art":"tram"},"geometry":{"type":"LineString","coordinates":[[7.4333268,46.945561],[7.4333646,46.945633],[7.4333675,46.9456417],[7.4333784,46.9456748],[7.4333824,46.9456988],[7.4333831,46.9457223],[7.433381,46.9457339],[7.4333779,46.9457508],[7.4333678,46.9457757],[7.4333545,46.9457994],[7.4333339,46.9458233],[7.4333101,46.9458432],[7.4332909,46.9458571],[7.433267,46.9458709],[7.4332458,46.9458802],[7.4332264,46.9458881],[7.4332145,46.9458917],[7.4331885,46.9458991],[7.4331441,46.9459075],[7.4330918,46.9459136],[7.4330734,46.9459155],[7.4329932,46.9459211]]}},{"type":"Feature","properties":{"art":"tram"},"geometry":{"type":"LineString","coordinates":[[7.4329531,46.945897],[7.4330558,46.9458904],[7.4331091,46.9458833],[7.4331454,46.9458767],[7.43317,46.9458711],[7.4332094,46.9458581],[7.4332402,46.9458428],[7.4332666,46.9458267],[7.4332844,46.9458122],[7.4333104,46.9457844],[7.4333227,46.9457636],[7.4333331,46.9457387],[7.4333372,46.9457148],[7.4333365,46.9456912],[7.4333319,46.9456669],[7.4332797,46.9455485]]}},{"type":"Feature","properties":{"art":"tram"},"geometry":{"type":"LineString","coordinates":[[7.4329531,46.945897],[7.4331899,46.9458897],[7.4332264,46.9458881],[7.4333669,46.9458832],[7.4334444,46.9458775],[7.4335546,46.9458728],[7.4337067,46.9458634],[7.4337236,46.9458628],[7.4337606,46.9458615],[7.4338678,46.9458559],[7.4338961,46.9458544]]}},{"type":"Feature","properties":{"art":"tram"},"geometry":{"type":"LineString","coordinates":[[7.4271517,46.9455074],[7.4271671,46.9455361],[7.4271928,46.9455657],[7.4272172,46.9455863],[7.4272501,46.9456054],[7.427279,46.9456169],[7.4273089,46.9456256],[7.4273314,46.9456295],[7.4273428,46.9456314]]}},{"type":"Feature","properties":{"art":"tram"},"geometry":{"type":"LineString","coordinates":[[7.4390665,46.9461136],[7.4388901,46.9460766],[7.4387477,46.9460503],[7.4381433,46.9459477],[7.4379193,46.9459099],[7.4378148,46.9458922],[7.4376863,46.9458713],[7.4373943,46.9458205],[7.4372763,46.9458002],[7.4372323,46.9457928]]}},{"type":"Feature","properties":{"art":"tram"},"geometry":{"type":"LineString","coordinates":[[7.4372323,46.9457928],[7.4372099,46.9457897],[7.4371757,46.9457855],[7.4370999,46.9457781],[7.4370263,46.945777],[7.4370046,46.9457767],[7.4369335,46.9457764],[7.4368584,46.945778]]}},{"type":"Feature","properties":{"art":"tram"},"geometry":{"type":"LineString","coordinates":[[7.4248155,46.9454997],[7.4241987,46.9454505],[7.4235705,46.9454004]]}},{"type":"Feature","properties":{"art":"tram"},"geometry":{"type":"LineString","coordinates":[[7.4267925,46.9455964],[7.4268421,46.9455976],[7.4268688,46.9455985],[7.4268881,46.9455992],[7.4270928,46.9456143],[7.4271339,46.9456169],[7.42719,46.9456209],[7.4273312,46.9456306],[7.4273428,46.9456314]]}},{"type":"Feature","properties":{"art":"tram"},"geometry":{"type":"LineString","coordinates":[[7.4269175,46.9456358],[7.4268639,46.9456334],[7.4266668,46.9456347],[7.4266317,46.9456336],[7.4265912,46.9456315],[7.4260029,46.9455882],[7.4258009,46.9455673],[7.4257552,46.9455631],[7.4257107,46.9455582],[7.4248155,46.9454997]]}},{"type":"Feature","properties":{"art":"tram"},"geometry":{"type":"LineString","coordinates":[[7.4272597,46.9440169],[7.427255,46.9441144],[7.4272515,46.9441733],[7.4272458,46.9442703],[7.4272244,46.9444826],[7.4272194,46.9445385],[7.4272116,46.9446467],[7.4272021,46.944748],[7.4271998,46.9447913],[7.4271458,46.9454703],[7.4271472,46.9454793],[7.4271517,46.9455074]]}},{"type":"Feature","properties":{"art":"tram"},"geometry":{"type":"LineString","coordinates":[[7.4271584,46.9448422],[7.4271637,46.9447904],[7.4271772,46.944646],[7.4271839,46.9445376],[7.4272117,46.9441851],[7.4272263,46.9440001],[7.4272274,46.9439439],[7.4272214,46.9439063],[7.4272065,46.9438692],[7.4269688,46.943553],[7.4269602,46.9435415],[7.4268354,46.9433709],[7.4268009,46.9433264],[7.426787,46.9433085],[7.4267504,46.9432596],[7.4266948,46.9431854],[7.4265971,46.9430549],[7.4265346,46.942964],[7.4265279,46.9429542],[7.4265048,46.942912],[7.4264678,46.9428272],[7.4263987,46.942664],[7.4263869,46.9426369],[7.4262896,46.9424034],[7.4262534,46.9423169],[7.4262227,46.9422522],[7.4262033,46.9422148],[7.4261844,46.9421889],[7.4261616,46.9421628],[7.4261182,46.9421188],[7.4259144,46.9419135],[7.4258454,46.9418407]]}},{"type":"Feature","properties":{"art":"tram"},"geometry":{"type":"LineString","coordinates":[[7.4331781,46.9453782],[7.4328849,46.9448938],[7.4328392,46.9448184],[7.4326545,46.9445151],[7.4325294,46.9443066],[7.4324758,46.9442182],[7.4323304,46.943978],[7.4321466,46.9436744],[7.4320538,46.9435211],[7.4317945,46.9430926],[7.4316966,46.9429309],[7.4316549,46.9428622]]}},{"type":"Feature","properties":{"art":"rail"},"geometry":{"type":"LineString","coordinates":[[7.2763297,46.8690417],[7.2765328,46.8691439],[7.2766259,46.8691925],[7.2767293,46.8692489],[7.2769018,46.8693466],[7.2770597,46.869441],[7.2771774,46.8695151],[7.2772971,46.8695934],[7.2774123,46.8696715],[7.2775282,46.8697529],[7.2777357,46.869906],[7.2779373,46.870062],[7.2783354,46.8703779],[7.2785706,46.870565],[7.2787048,46.8706695],[7.2789117,46.8708244],[7.2790173,46.8708999],[7.2791078,46.870964],[7.2792843,46.871081],[7.2793749,46.8711398],[7.2794633,46.8711937],[7.2796215,46.871288],[7.279721,46.8713451],[7.2798205,46.8714004],[7.2800034,46.8714974],[7.2800958,46.871544],[7.2801864,46.8715895],[7.2803311,46.8716599],[7.2804695,46.8717262],[7.2808301,46.8718934],[7.2822198,46.8725348],[7.2825113,46.87267],[7.2828085,46.8728102],[7.2830213,46.872918],[7.2838753,46.8733552],[7.2855471,46.8742535],[7.2864321,46.8747265],[7.2868623,46.8749595],[7.2869524,46.8750053],[7.2872036,46.8751329]]}},{"type":"Feature","properties":{"art":"rail"},"geometry":{"type":"LineString","coordinates":[[7.2872312,46.8751067],[7.2869784,46.8749791],[7.2868902,46.8749346],[7.2864602,46.8747013],[7.2855802,46.874231],[7.2839033,46.8733302],[7.2830483,46.8728925],[7.2828356,46.8727839],[7.2825304,46.87264],[7.2822459,46.8725088],[7.2808582,46.8718674],[7.2804957,46.871699],[7.2803563,46.8716322],[7.2802122,46.8715625],[7.2800325,46.8714706],[7.279939,46.8714223],[7.2798442,46.8713713],[7.2797492,46.8713183],[7.2796499,46.8712615],[7.2794968,46.8711704],[7.2794094,46.8711167],[7.2793182,46.8710585],[7.2791442,46.8709425],[7.2790468,46.8708744],[7.2789396,46.8707977],[7.2787319,46.8706417],[7.2786063,46.8705438],[7.2783699,46.8703571],[7.277972,46.8700393],[7.2777683,46.8698825],[7.2775595,46.8697287],[7.2774485,46.8696505],[7.2773237,46.8695663],[7.2772084,46.8694912],[7.2771009,46.8694239],[7.2769369,46.8693252],[7.2767632,46.8692269],[7.2766574,46.8691688],[7.2765581,46.869117],[7.276357,46.869015]]}},{"type":"Feature","properties":{"art":"rail"},"geometry":{"type":"LineString","coordinates":[[7.3182433,46.8885149],[7.3183348,46.8885052],[7.3184471,46.8884925],[7.3186326,46.8884682],[7.318785,46.8884474],[7.3189353,46.8884256],[7.3192301,46.8883816],[7.3201454,46.8882479],[7.3204197,46.8882124],[7.3206895,46.888181],[7.32092,46.8881582],[7.3212336,46.8881312],[7.3215441,46.8881084]]}},{"type":"Feature","properties":{"art":"rail"},"geometry":{"type":"LineString","coordinates":[[7.3019086,46.88295],[7.3016426,46.8828084],[7.3013509,46.8826358],[7.3008721,46.8822825],[7.3004969,46.8819348],[7.3001356,46.8815258],[7.300002,46.8813265],[7.2999905,46.8813071],[7.2998505,46.8810707],[7.2997257,46.8808113],[7.2996055,46.8805154],[7.2994136,46.8799099],[7.2993004,46.8796386],[7.2992326,46.8794963],[7.2991623,46.879364],[7.2989875,46.8790795],[7.298573,46.8785714],[7.2981796,46.8782141],[7.2978015,46.8779262],[7.2972893,46.8776218],[7.2967723,46.8773722],[7.2962082,46.8771671],[7.2960433,46.8771193]]}},{"type":"Feature","properties":{"art":"rail"},"geometry":{"type":"LineString","coordinates":[[7.2960246,46.8771481],[7.2961884,46.8771955],[7.2967482,46.877399],[7.2972609,46.8776465],[7.2977692,46.8779486],[7.2981441,46.8782341],[7.2985343,46.8785886],[7.2989458,46.879093],[7.2991088,46.8793751],[7.2991863,46.8795104],[7.299255,46.8796505],[7.299369,46.8799177],[7.2995609,46.8805232],[7.2996815,46.8808237],[7.2998059,46.8810815],[7.2999489,46.8813199],[7.2999624,46.8813425],[7.3000946,46.8815402],[7.3004586,46.8819523],[7.3008366,46.8823026],[7.3013188,46.8826584],[7.3016134,46.8828327],[7.3018835,46.8829763]]}},{"type":"Feature","properties":{"art":"rail"},"geometry":{"type":"LineString","coordinates":[[7.4111963,46.9470359],[7.4107678,46.9468352],[7.4103855,46.9466568],[7.4103158,46.9466232],[7.4099107,46.9464276]]}},{"type":"Feature","properties":{"art":"rail"},"geometry":{"type":"LineString","coordinates":[[7.4134299,46.9482027],[7.4130134,46.9480575]]}},{"type":"Feature","properties":{"art":"rail"},"geometry":{"type":"LineString","coordinates":[[7.4113095,46.9473347],[7.4110843,46.9472249],[7.4109496,46.9471566],[7.4108204,46.9470827]]}},{"type":"Feature","properties":{"art":"rail"},"geometry":{"type":"LineString","coordinates":[[7.4105577,46.9466504],[7.4109292,46.946746],[7.411034,46.9467732],[7.4111064,46.9467943],[7.4111883,46.9468212],[7.4113341,46.946872],[7.4120339,46.9471101]]}},{"type":"Feature","properties":{"art":"rail"},"geometry":{"type":"LineString","coordinates":[[7.4106442,46.9471785],[7.4106375,46.9471746],[7.4106288,46.9471695],[7.4105442,46.9471202],[7.4103949,46.9470389],[7.4102414,46.9469612],[7.4100848,46.946887],[7.4099114,46.946812],[7.4097878,46.9467625]]}},{"type":"Feature","properties":{"art":"rail"},"geometry":{"type":"LineString","coordinates":[[7.4107951,46.9472207],[7.410677,46.9471486],[7.4105548,46.9470768],[7.4104234,46.9470047],[7.4102693,46.9469273],[7.4101132,46.9468534],[7.4098631,46.946748],[7.4097518,46.9467034]]}},{"type":"Feature","properties":{"art":"rail"},"geometry":{"type":"LineString","coordinates":[[7.41394,46.9483159],[7.4137955,46.9482373],[7.4136783,46.9481735],[7.4136089,46.9481386],[7.4135381,46.948106],[7.4134179,46.9480589],[7.4133058,46.9480172],[7.4119689,46.9475525],[7.4116689,46.947445],[7.4115884,46.9474152],[7.4114746,46.9473656]]}},{"type":"Feature","properties":{"art":"rail"},"geometry":{"type":"LineString","coordinates":[[7.4271302,46.949727],[7.4270861,46.9497774],[7.4266268,46.9503021],[7.4265209,46.9504196],[7.4264421,46.9505066],[7.4263793,46.9505652],[7.4263033,46.9506297],[7.4262434,46.9506741],[7.4261579,46.9507325],[7.4260805,46.9507831],[7.425995,46.9508324],[7.4254131,46.9511718]]}},{"type":"Feature","properties":{"art":"rail"},"geometry":{"type":"LineString","coordinates":[[7.4274363,46.9495484],[7.4274836,46.9494802],[7.4275198,46.9494285],[7.4275846,46.949344]]}},{"type":"Feature","properties":{"art":"rail"},"geometry":{"type":"LineString","coordinates":[[7.4262502,46.9510758],[7.4261694,46.9511368],[7.4260841,46.9511956],[7.4259848,46.951257]]}},{"type":"Feature","properties":{"art":"rail"},"geometry":{"type":"LineString","coordinates":[[7.4312772,46.9483211],[7.4315258,46.9483346],[7.431659,46.9483365],[7.4318487,46.948337],[7.4320736,46.9483364],[7.4324055,46.9483345],[7.4327681,46.9483313],[7.4336685,46.9483233],[7.4337406,46.9483238],[7.4340359,46.9483278],[7.4342602,46.9483374],[7.4345447,46.9483619],[7.4347633,46.9483859],[7.4350016,46.9484193],[7.4353216,46.9484781],[7.4356354,46.9485451],[7.4358339,46.9485895],[7.4359485,46.9486134]]}},{"type":"Feature","properties":{"art":"rail"},"geometry":{"type":"LineString","coordinates":[[7.4335188,46.9484864],[7.4334809,46.9484832],[7.4332774,46.9484671],[7.4330671,46.948462],[7.4329381,46.9484637]]}},{"type":"Feature","properties":{"art":"rail"},"geometry":{"type":"LineString","coordinates":[[7.4337455,46.9484098],[7.4341208,46.9484069],[7.4345267,46.94842],[7.4347315,46.9484354],[7.4349195,46.9484543],[7.4352328,46.9484981],[7.435868,46.9486358]]}},{"type":"Feature","properties":{"art":"rail"},"geometry":{"type":"LineString","coordinates":[[7.4298739,46.9482787],[7.4297733,46.9482895],[7.4296358,46.9483078],[7.4294716,46.9483369],[7.4293321,46.9483665],[7.4292354,46.9483929],[7.4291138,46.948426],[7.4290313,46.94845],[7.4289432,46.9484799],[7.4288394,46.9485161]]}},{"type":"Feature","properties":{"art":"rail"},"geometry":{"type":"LineString","coordinates":[[7.4324634,46.9478285],[7.4322205,46.9478256],[7.4319826,46.9478302],[7.4315839,46.9478431],[7.4310321,46.9478651],[7.4307567,46.9478802],[7.4304531,46.9479086],[7.430196,46.9479476],[7.429946,46.9479971],[7.4296895,46.9480584],[7.4294845,46.948118],[7.4293078,46.9481783],[7.4290745,46.9482676],[7.4288259,46.9483776]]}},{"type":"Feature","properties":{"art":"rail"},"geometry":{"type":"LineString","coordinates":[[7.431669,46.9484939],[7.4311036,46.9483992],[7.430992,46.9483818],[7.4306759,46.9483324],[7.4305346,46.9483158],[7.4304054,46.948305],[7.4302432,46.9483005],[7.4301184,46.9483016],[7.4299865,46.9483076],[7.4298419,46.9483211],[7.4296786,46.9483417],[7.4295274,46.948365],[7.4294075,46.9483879],[7.4292591,46.9484221],[7.4291381,46.9484566],[7.4289045,46.9485347],[7.4287962,46.9485763],[7.4286037,46.9486575],[7.428452,46.9487295]]}},{"type":"Feature","properties":{"art":"rail"},"geometry":{"type":"LineString","coordinates":[[7.4277044,46.9489532],[7.4275068,46.9490651],[7.4272897,46.9491897]]}},{"type":"Feature","properties":{"art":"rail"},"geometry":{"type":"LineString","coordinates":[[7.4321478,46.9485608],[7.4320531,46.9485514],[7.4319718,46.948542],[7.4318715,46.948529],[7.4317491,46.9485078]]}},{"type":"Feature","properties":{"art":"rail"},"geometry":{"type":"LineString","coordinates":[[7.433465,46.9481339],[7.4335396,46.9481406],[7.4338736,46.9481624]]}},{"type":"Feature","properties":{"art":"rail"},"geometry":{"type":"LineString","coordinates":[[7.4318946,46.948483],[7.4317495,46.9484628],[7.4315521,46.9484336]]}},{"type":"Feature","properties":{"art":"rail"},"geometry":{"type":"LineString","coordinates":[[7.433439,46.9480868],[7.4336548,46.948101],[7.4338674,46.948124]]}},{"type":"Feature","properties":{"art":"rail"},"geometry":{"type":"LineString","coordinates":[[7.4294052,46.948101],[7.4295355,46.9480571]]}},{"type":"Feature","properties":{"art":"rail"},"geometry":{"type":"LineString","coordinates":[[7.4284451,46.9485965],[7.428229,46.9486949],[7.4279162,46.9488442],[7.4278306,46.948887],[7.4277044,46.9489532]]}},{"type":"Feature","properties":{"art":"rail"},"geometry":{"type":"LineString","coordinates":[[7.4300316,46.9482241],[7.4298914,46.9482384],[7.4297963,46.9482481],[7.4296134,46.9482746]]}},{"type":"Feature","properties":{"art":"rail"},"geometry":{"type":"LineString","coordinates":[[7.4280739,46.9488218],[7.4278344,46.9489404],[7.427472,46.9491048],[7.4272897,46.9491897]]}},{"type":"Feature","properties":{"art":"rail"},"geometry":{"type":"LineString","coordinates":[[7.4289943,46.9483981],[7.4287004,46.9485241],[7.428506,46.9486127],[7.4282194,46.9487513]]}},{"type":"Feature","properties":{"art":"rail"},"geometry":{"type":"LineString","coordinates":[[7.4343093,46.9486664],[7.4344986,46.9486709],[7.4346738,46.9486759],[7.4349231,46.9486852],[7.4350583,46.9486862],[7.4351532,46.9486934]]}},{"type":"Feature","properties":{"art":"rail"},"geometry":{"type":"LineString","coordinates":[[7.4315521,46.9484336],[7.4314687,46.9484194],[7.4312691,46.9483879],[7.4308816,46.9483256],[7.4307891,46.9483102],[7.4306852,46.9482952],[7.4305493,46.9482797],[7.4304477,46.9482726],[7.430306,46.9482647]]}},{"type":"Feature","properties":{"art":"rail"},"geometry":{"type":"LineString","coordinates":[[7.4315754,46.9475579],[7.4317303,46.9475538],[7.4320925,46.9475451],[7.432316,46.9475474],[7.4325194,46.9475518],[7.4326743,46.9475593],[7.4328356,46.9475679],[7.4330788,46.9475934]]}},{"type":"Feature","properties":{"art":"rail"},"geometry":{"type":"LineString","coordinates":[[7.4269672,46.9498539],[7.4267444,46.9500495],[7.426452,46.9503055],[7.4263194,46.9504225],[7.4262344,46.950493],[7.4261093,46.9505833],[7.4259955,46.9506583],[7.4258378,46.9507505],[7.4252863,46.9510708]]}},{"type":"Feature","properties":{"art":"rail"},"geometry":{"type":"LineString","coordinates":[[7.4267263,46.9501121],[7.4265653,46.9502945],[7.4264789,46.9503925],[7.4263869,46.9504885],[7.4263378,46.9505356],[7.42625,46.9506094],[7.4261985,46.9506484],[7.4261272,46.9506951],[7.4260522,46.9507437],[7.42597,46.9507921],[7.4253705,46.9511379]]}},{"type":"Feature","properties":{"art":"rail"},"geometry":{"type":"LineString","coordinates":[[7.4116305,46.947536],[7.4153926,46.9498956],[7.4156297,46.9500563],[7.4157939,46.9501783],[7.4159139,46.9502722],[7.416372,46.9506419],[7.4164797,46.9507243],[7.4165379,46.9507654],[7.4165954,46.9508073],[7.4166552,46.9508485],[7.4169755,46.9510567]]}},{"type":"Feature","properties":{"art":"tram"},"geometry":{"type":"LineString","coordinates":[[7.3802559,46.9376697],[7.3802358,46.9376624],[7.3802059,46.9376492],[7.3801861,46.9376379],[7.3801654,46.9376241],[7.3801465,46.9376083],[7.3801245,46.9375827],[7.3801089,46.9375583],[7.3801008,46.937538],[7.380096,46.9375164],[7.3800945,46.9374904],[7.3800988,46.9374642],[7.3801077,46.9374366],[7.3801177,46.9374158],[7.380138,46.9373909],[7.380159,46.9373722],[7.3801785,46.9373579],[7.3802011,46.9373449],[7.3802227,46.9373344],[7.3802636,46.9373194],[7.3803009,46.9373101],[7.3803336,46.9373056],[7.3803676,46.9373032],[7.380403,46.9373044],[7.3804411,46.9373095],[7.3804765,46.937317],[7.3805024,46.937325],[7.3805323,46.9373369],[7.3805583,46.9373504],[7.3806899,46.9374414],[7.3810983,46.9377255]]}},{"type":"Feature","properties":{"art":"tram"},"geometry":{"type":"LineString","coordinates":[[7.4692576,46.9567192],[7.4691717,46.9566599],[7.4691543,46.9566454],[7.4691456,46.9566375],[7.4691356,46.9566275],[7.4691285,46.9566189],[7.4691227,46.9566097],[7.4690756,46.9565313],[7.4690702,46.956522],[7.4690619,46.9565101],[7.469054,46.9565003],[7.469046,46.9564916],[7.469038,46.9564836],[7.4690237,46.9564717]]}},{"type":"Feature","properties":{"art":"tram"},"geometry":{"type":"LineString","coordinates":[[7.4693653,46.956261],[7.4693678,46.9562708],[7.4693701,46.9562805],[7.4693714,46.956291],[7.469372,46.9563033],[7.4693711,46.956313],[7.4693697,46.9563247],[7.4693672,46.9563342],[7.4693628,46.9563461],[7.4693566,46.9563582],[7.4693491,46.956371],[7.4693397,46.956384],[7.4693283,46.956397],[7.469315,46.9564089],[7.4693036,46.956418],[7.4692908,46.9564261],[7.4692781,46.9564335],[7.469262,46.9564417],[7.4692474,46.9564478],[7.4692294,46.9564539],[7.4692104,46.9564594],[7.4691905,46.9564637],[7.4691712,46.956467],[7.4691553,46.9564683],[7.4691367,46.9564693],[7.4691199,46.9564694],[7.4691015,46.9564686],[7.469086,46.9564666],[7.4690675,46.9564643],[7.4690361,46.9564582],[7.4690311,46.956456],[7.4690133,46.9564505],[7.4689981,46.956445],[7.4689817,46.9564379],[7.4689658,46.9564298],[7.4689508,46.9564205],[7.4689357,46.9564094],[7.4689251,46.9564007],[7.4689116,46.9563884],[7.4689017,46.956378],[7.4688933,46.9563668],[7.4688854,46.9563553],[7.4688802,46.9563442],[7.4688754,46.9563328],[7.4688723,46.9563189],[7.4688703,46.9563085],[7.4688685,46.9562951],[7.468869,46.95628],[7.468871,46.9562687],[7.4688747,46.9562561],[7.4688796,46.9562437],[7.468885,46.9562316],[7.4688936,46.956218],[7.4689025,46.9562063],[7.4689133,46.9561951],[7.4689244,46.9561845],[7.4689391,46.9561738],[7.4689528,46.9561649],[7.4689674,46.9561572],[7.4689809,46.9561505],[7.4689954,46.956144],[7.4690136,46.9561383],[7.469032,46.9561334],[7.469047,46.9561304],[7.4690652,46.9561271],[7.4690856,46.9561246],[7.4691054,46.9561238],[7.469124,46.9561235],[7.4691388,46.9561241],[7.4691535,46.9561251],[7.4691671,46.956127],[7.4691834,46.9561294],[7.4691977,46.9561328],[7.4692139,46.9561369],[7.4692306,46.9561422],[7.4692476,46.9561489],[7.4692591,46.9561539],[7.4692696,46.9561595],[7.4692773,46.9561637],[7.4692879,46.9561705],[7.4693055,46.9561827],[7.4693183,46.9561932],[7.4693278,46.9562021],[7.4693371,46.956212],[7.4693437,46.9562209],[7.4693524,46.9562331],[7.4693587,46.9562455],[7.4693653,46.956261]]}},{"type":"Feature","properties":{"art":"tram"},"geometry":{"type":"LineString","coordinates":[[7.4681357,46.9562901],[7.4679914,46.9563111],[7.4679332,46.9563206],[7.4678995,46.9563267],[7.4678791,46.9563308],[7.4678421,46.9563421],[7.4678193,46.9563503],[7.4677937,46.9563605],[7.4677717,46.9563713],[7.4677502,46.9563827],[7.4677319,46.9563932],[7.4677124,46.9564063],[7.4676955,46.9564188],[7.4676697,46.9564389],[7.4676277,46.9564774],[7.4675557,46.9565413],[7.4671853,46.9568685],[7.4671399,46.9569103],[7.4667812,46.957226],[7.4661862,46.9577295],[7.4660705,46.9578247],[7.4660355,46.9578544],[7.466008,46.9578796],[7.465992,46.9578972],[7.4659811,46.9579133],[7.4659702,46.9579301],[7.4659611,46.9579494],[7.4659543,46.9579746],[7.4659503,46.9579972],[7.4659497,46.9580079],[7.4659492,46.9580191],[7.4659504,46.9580458],[7.4659524,46.9580734],[7.4659505,46.9581016],[7.4659476,46.9581198],[7.4659438,46.958136],[7.4659379,46.9581525],[7.4659291,46.9581702],[7.4659147,46.9581896],[7.4659036,46.9582042],[7.465886,46.9582225],[7.4658687,46.9582372],[7.4658184,46.958277]]}},{"type":"Feature","properties":{"art":"tram"},"geometry":{"type":"LineString","coordinates":[[7.4714654,46.9577847],[7.4713597,46.957847],[7.4713396,46.957855],[7.4713095,46.9578626],[7.4712184,46.9578767],[7.4711205,46.9578911],[7.4710967,46.9578939],[7.4710755,46.9578941],[7.4710534,46.9578939],[7.4710332,46.9578908],[7.471013,46.9578848],[7.4709896,46.9578762],[7.4709645,46.957867],[7.4709373,46.9578509],[7.4692916,46.9567011]]}},{"type":"Feature","properties":{"art":"tram"},"geometry":{"type":"LineString","coordinates":[[7.4713095,46.9578626],[7.4712688,46.9578667],[7.4712317,46.9578689],[7.4711876,46.9578689],[7.4711504,46.9578689],[7.471101,46.9578655],[7.4710743,46.9578637],[7.4710443,46.9578576],[7.4710159,46.9578501],[7.4709931,46.9578427],[7.4709696,46.9578309],[7.4693262,46.9566826]]}},{"type":"Feature","properties":{"art":"tram"},"geometry":{"type":"LineString","coordinates":[[7.471371,46.9578089],[7.4713168,46.9578154],[7.4712754,46.9578209],[7.4712406,46.9578236],[7.4711975,46.9578242],[7.471159,46.9578209],[7.471127,46.9578162],[7.4710905,46.9578089],[7.4710558,46.9578011],[7.4710439,46.9577966],[7.4710339,46.957791],[7.4693951,46.9566458]]}},{"type":"Feature","properties":{"art":"tram"},"geometry":{"type":"LineString","coordinates":[[7.4696469,46.9565112],[7.4701216,46.9568455],[7.4702814,46.9569584],[7.4708536,46.9573627],[7.4708785,46.9573784],[7.4708961,46.9573878],[7.470927,46.9574011],[7.4709762,46.9574224],[7.4710116,46.9574351],[7.4710383,46.9574438],[7.4710572,46.9574484],[7.4710729,46.9574523],[7.4710959,46.957456]]}},{"type":"Feature","properties":{"art":"tram"},"geometry":{"type":"LineString","coordinates":[[7.4712537,46.957804],[7.4712117,46.9577995],[7.4711618,46.957792],[7.4711205,46.9577843],[7.4710819,46.9577748],[7.4710691,46.9577706],[7.4710544,46.9577631],[7.4694294,46.9566274]]}},{"type":"Feature","properties":{"art":"tram"},"geometry":{"type":"LineString","coordinates":[[7.4713597,46.957847],[7.4712274,46.9579083],[7.4712027,46.9579173],[7.4711761,46.9579238],[7.4711523,46.9579277],[7.4711176,46.9579301],[7.4710777,46.9579286],[7.4710361,46.957923],[7.4710016,46.9579147],[7.4709679,46.9579018],[7.4709398,46.9578897],[7.4709055,46.9578707],[7.4692576,46.9567192]]}},{"type":"Feature","properties":{"art":"tram"},"geometry":{"type":"LineString","coordinates":[[7.4686385,46.9562354],[7.4686144,46.9562323],[7.4685925,46.9562311],[7.4685704,46.9562307],[7.4685472,46.9562323],[7.4685175,46.9562358],[7.4681357,46.9562901]]}},{"type":"Feature","properties":{"art":"tram"},"geometry":{"type":"LineString","coordinates":[[7.4695853,46.9565441],[7.4700641,46.9568802],[7.4702201,46.9569901],[7.4707987,46.9573975],[7.4708295,46.9574167],[7.4708562,46.9574316],[7.4708761,46.9574426],[7.4708915,46.957449],[7.4709127,46.9574546],[7.4709431,46.9574598],[7.4709722,46.9574603],[7.4710959,46.957456],[7.4712313,46.9574573],[7.4713622,46.9574558],[7.4713814,46.9574572],[7.4714,46.9574605],[7.4714151,46.9574646],[7.4714489,46.9574796],[7.4714798,46.9574948],[7.4715097,46.9575155],[7.4715297,46.9575399],[7.4715435,46.9575597],[7.4715561,46.9575863],[7.471563,46.9576045],[7.4715682,46.9576266],[7.4715699,46.9576557],[7.4715621,46.9576785],[7.4715502,46.9577012],[7.4715343,46.9577262],[7.4715117,46.9577495],[7.471487,46.9577697],[7.4714654,46.9577847],[7.4714337,46.9577972],[7.4714009,46.9578044],[7.471371,46.9578089],[7.4713401,46.9578092],[7.4713096,46.9578083],[7.4712861,46.9578064],[7.4712537,46.957804],[7.4712226,46.9577951],[7.4711778,46.957783],[7.4710981,46.9577512],[7.469464,46.9566089]]}},{"type":"Feature","properties":{"art":"tram"},"geometry":{"type":"LineString","coordinates":[[7.4695211,46.9565784],[7.4708343,46.9574892]]}},{"type":"Feature","properties":{"art":"rail"},"geometry":{"type":"LineString","coordinates":[[7.4735765,46.9567472],[7.4761026,46.9553999],[7.4761725,46.9553614],[7.4765929,46.9551389],[7.4768316,46.9550125],[7.4769221,46.954964],[7.4778659,46.9544627],[7.4779595,46.9544127],[7.4781255,46.9543242]]}},{"type":"Feature","properties":{"art":"tram"},"geometry":{"type":"LineString","coordinates":[[7.4692916,46.9567011],[7.4691354,46.9565915],[7.4691204,46.9565802],[7.4691064,46.9565684],[7.4690955,46.9565583],[7.4690756,46.9565313]]}},{"type":"Feature","properties":{"art":"tram"},"geometry":{"type":"LineString","coordinates":[[7.4693262,46.9566826],[7.4690866,46.9565155],[7.4690237,46.9564717],[7.4689508,46.9564205]]}},{"type":"Feature","properties":{"art":"tram"},"geometry":{"type":"LineString","coordinates":[[7.4694294,46.9566274],[7.4693169,46.956549],[7.469291,46.9565332],[7.4692799,46.9565275],[7.4692662,46.9565218],[7.4692387,46.9565121],[7.4691286,46.9564815]]}},{"type":"Feature","properties":{"art":"tram"},"geometry":{"type":"LineString","coordinates":[[7.4693609,46.956664],[7.4692633,46.956596],[7.4692405,46.9565823],[7.4692262,46.9565749],[7.4692096,46.9565679],[7.4691734,46.9565555],[7.469154,46.9565497],[7.4691417,46.9565453],[7.4691243,46.9565379],[7.4690866,46.9565155]]}},{"type":"Feature","properties":{"art":"tram"},"geometry":{"type":"LineString","coordinates":[[7.4693951,46.9566458],[7.469235,46.9565344],[7.4692159,46.9565208],[7.4692035,46.9565131],[7.4691833,46.9565021],[7.4691667,46.9564943],[7.4691286,46.9564815],[7.4690361,46.9564582]]}},{"type":"Feature","properties":{"art":"tram"},"geometry":{"type":"LineString","coordinates":[[7.46942,46.9564025],[7.4694465,46.9564712],[7.4694604,46.9565061],[7.4694674,46.9565209],[7.4694743,46.9565317],[7.4694821,46.9565425],[7.4694912,46.9565528],[7.4694996,46.9565613],[7.4695104,46.9565705],[7.4695211,46.9565784]]}},{"type":"Feature","properties":{"art":"tram"},"geometry":{"type":"LineString","coordinates":[[7.4693055,46.9561827],[7.4693846,46.9562383],[7.4710284,46.9573892]]}},{"type":"Feature","properties":{"art":"tram"},"geometry":{"type":"LineString","coordinates":[[7.4693653,46.956261],[7.46942,46.9564025],[7.4694257,46.9564136],[7.4694334,46.9564257],[7.4694414,46.9564362],[7.4694521,46.956448],[7.4694622,46.9564578],[7.4694751,46.9564681],[7.4695008,46.9564865],[7.4695853,46.9565441]]}},{"type":"Feature","properties":{"art":"tram"},"geometry":{"type":"LineString","coordinates":[[7.4318293,46.9396925],[7.4319652,46.9394499],[7.4320189,46.9393299],[7.4320521,46.9392428],[7.4320748,46.939146],[7.4320912,46.9390545],[7.4321055,46.9389157],[7.4321169,46.9388043],[7.4321496,46.9384751],[7.4321817,46.9381526]]}},{"type":"Feature","properties":{"art":"tram"},"geometry":{"type":"LineString","coordinates":[[7.4312328,46.942174],[7.4312235,46.9421584],[7.4311689,46.9420734],[7.4310856,46.9419325],[7.4310279,46.9418348]]}},{"type":"Feature","properties":{"art":"tram"},"geometry":{"type":"LineString","coordinates":[[7.4321425,46.9390605],[7.4321171,46.9391744],[7.4320741,46.9393029],[7.4320329,46.9393946],[7.4319939,46.9394704],[7.4319027,46.939632],[7.4317259,46.9399454]]}},{"type":"Feature","properties":{"art":"tram"},"geometry":{"type":"LineString","coordinates":[[7.4339386,46.9354664],[7.4344745,46.9352959],[7.4346113,46.9352534],[7.4352558,46.9350529],[7.4352948,46.9350416],[7.4353574,46.9350276],[7.4353837,46.935023],[7.4354252,46.935015],[7.4355106,46.9350025],[7.435547,46.9349995],[7.4355889,46.9349968],[7.4359819,46.9349715],[7.436228,46.9349382],[7.4364619,46.9349033],[7.4366227,46.9348839],[7.4367843,46.9348672],[7.4368355,46.9348623],[7.4369216,46.9348539],[7.437084,46.9348301],[7.4372286,46.9347979],[7.4373574,46.9347614]]}},{"type":"Feature","properties":{"art":"tram"},"geometry":{"type":"LineString","coordinates":[[7.432973,46.9359703],[7.4329887,46.9359495],[7.4329963,46.935921],[7.4329954,46.9358718],[7.4329911,46.9358319],[7.4329456,46.9357604],[7.4329339,46.9357428],[7.4329202,46.9357208],[7.4329052,46.9356948],[7.4328943,46.9356704],[7.4328877,46.9356475],[7.4328854,46.9356229],[7.4328881,46.9355984],[7.4328962,46.9355763],[7.4329085,46.9355561],[7.4329207,46.9355411],[7.4329333,46.9355286],[7.4329494,46.9355151],[7.4329682,46.9355035],[7.4329891,46.9354942],[7.4330175,46.9354844],[7.4330469,46.9354781],[7.4330858,46.9354734],[7.4331154,46.9354723],[7.4331437,46.9354742],[7.4331652,46.9354769],[7.4331935,46.9354837],[7.4332256,46.9354942],[7.4332667,46.9355129],[7.4332888,46.9355251],[7.4333244,46.9355604],[7.433333,46.9355731],[7.43334,46.9355854],[7.433344,46.9355948],[7.4333456,46.9356115]]}},{"type":"Feature","properties":{"art":"tram"},"geometry":{"type":"LineString","coordinates":[[7.4321817,46.9381526],[7.4321848,46.9381266],[7.4321989,46.9379945],[7.4322027,46.9379504],[7.432205,46.9379073],[7.4322017,46.9378555],[7.4321992,46.937821],[7.432197,46.9377909],[7.43219,46.9377334],[7.432181,46.9376089],[7.4321511,46.9373725],[7.4321422,46.9373019],[7.4321235,46.9371686],[7.4321073,46.9370394],[7.4321034,46.9370031],[7.4321014,46.9369673],[7.4321013,46.9369465],[7.4321014,46.9369425],[7.4321009,46.9369446],[7.4321048,46.9369083],[7.4321102,46.9368793],[7.4321167,46.9368514],[7.432124,46.9368277],[7.4321355,46.9368003],[7.4321644,46.9367471],[7.4321718,46.9367334],[7.4321914,46.9367061],[7.4322127,46.9366789],[7.4322495,46.9366407],[7.4323012,46.9365925],[7.4324204,46.9364835],[7.4325873,46.9363318],[7.4327604,46.9361735],[7.432804,46.936134],[7.4328877,46.9360568],[7.432952,46.9359892]]}},{"type":"Feature","properties":{"art":"tram"},"geometry":{"type":"LineString","coordinates":[[7.4323015,46.9366514],[7.4322833,46.9366743],[7.4322672,46.9366972],[7.4322448,46.9367356],[7.4322295,46.9367685],[7.4322254,46.9367773],[7.4322099,46.9368153],[7.4321994,46.9368445],[7.4321909,46.9368731],[7.4321854,46.9368943],[7.4321784,46.9369351],[7.4321774,46.9369501],[7.4321747,46.9369723],[7.4321749,46.9369982],[7.4321771,46.937035],[7.4322011,46.9372385],[7.4322088,46.937298],[7.4322412,46.9375846],[7.4322437,46.937607],[7.4322512,46.9376671],[7.432259,46.9377298],[7.4322651,46.9377877],[7.4322664,46.9378366],[7.4322639,46.9378855],[7.4322587,46.9379567],[7.4322417,46.9381194],[7.4321733,46.9388054],[7.4321599,46.9389161],[7.4321425,46.9390605]]}},{"type":"Feature","properties":{"art":"tram"},"geometry":{"type":"LineString","coordinates":[[7.431688,46.9428524],[7.4317313,46.9429203],[7.4319687,46.9432924],[7.4320971,46.9434908],[7.4323354,46.9438808],[7.4325082,46.9442089],[7.4325154,46.9442226],[7.4325624,46.9442995],[7.4328729,46.9448085],[7.4328962,46.9448468],[7.4330878,46.9451611],[7.4332131,46.9453661]]}},{"type":"Feature","properties":{"art":"tram"},"geometry":{"type":"LineString","coordinates":[[7.4329607,46.936034],[7.4329191,46.9360732],[7.4328079,46.9361757],[7.4326487,46.936321],[7.4324873,46.9364691],[7.4323837,46.9365625],[7.432339,46.9366072],[7.4323015,46.9366514]]}},{"type":"Feature","properties":{"art":"tram"},"geometry":{"type":"LineString","coordinates":[[7.4229981,46.9398683],[7.4230567,46.9398651],[7.4230892,46.9398657],[7.4231213,46.9398706],[7.423146,46.9398735],[7.4231911,46.9398855],[7.4232401,46.9399058],[7.4232658,46.9399224],[7.423289,46.9399386],[7.4233223,46.9399643],[7.4233506,46.9399881],[7.4233818,46.9400132]]}},{"type":"Feature","properties":{"art":"tram"},"geometry":{"type":"LineString","coordinates":[[7.4233818,46.9400132],[7.4235809,46.9401631],[7.4237542,46.9402866],[7.424513,46.94083],[7.4246403,46.9409216],[7.4248158,46.9410478],[7.4250022,46.9411818],[7.4256776,46.9416643],[7.4257044,46.9416838],[7.4257505,46.9417198]]}},{"type":"Feature","properties":{"art":"tram"},"geometry":{"type":"LineString","coordinates":[[7.419139,46.9408884],[7.4190205,46.9408963],[7.41897,46.9408955],[7.4189348,46.9408912],[7.4189037,46.9408833],[7.4188794,46.9408753],[7.4188561,46.9408651],[7.4188276,46.9408459],[7.4188242,46.9408431],[7.4188089,46.9408305],[7.4187908,46.9408095],[7.4187783,46.9407897],[7.4187691,46.9407661],[7.4187646,46.9407433],[7.4187661,46.9407192],[7.418773,46.9406977],[7.4187855,46.9406734],[7.4188121,46.9406431],[7.4188499,46.9406168],[7.4188944,46.940597],[7.4189427,46.940585],[7.4189583,46.9405834]]}},{"type":"Feature","properties":{"art":"tram"},"geometry":{"type":"LineString","coordinates":[[7.4226444,46.9399408],[7.4225332,46.9399629],[7.4224326,46.9399885],[7.422331,46.9400219],[7.4223043,46.9400307],[7.4222141,46.9400662],[7.4221121,46.9401156],[7.4220886,46.9401275],[7.4220577,46.9401467],[7.4219002,46.9402416],[7.4215186,46.940471],[7.421311,46.940599],[7.4212646,46.9406251],[7.4211929,46.9406642],[7.4211297,46.9406943],[7.4210698,46.9407176],[7.4210185,46.9407333],[7.4209435,46.9407536],[7.4209176,46.9407585],[7.4208882,46.9407634],[7.4208204,46.9407724],[7.4207284,46.9407799],[7.4207152,46.940781],[7.420625,46.9407873],[7.4202792,46.9408108],[7.4194966,46.9408641],[7.419139,46.9408884]]}},{"type":"Feature","properties":{"art":"tram"},"geometry":{"type":"LineString","coordinates":[[7.4196838,46.9408269],[7.4199454,46.9408097],[7.4206174,46.9407641],[7.4207248,46.9407566],[7.4207583,46.9407542],[7.4208359,46.9407452],[7.420907,46.940734],[7.4209636,46.9407214],[7.4210386,46.9406994],[7.4211208,46.9406671],[7.4211702,46.9406455],[7.4212676,46.9405898],[7.4213386,46.9405471],[7.4215248,46.9404348],[7.4218454,46.9402409],[7.4219269,46.9401922],[7.4219456,46.9401812],[7.4220342,46.9401275],[7.4220512,46.9401172],[7.4221078,46.9400862],[7.4221749,46.9400538],[7.4222414,46.9400251],[7.4222934,46.9400053],[7.4223559,46.9399847],[7.4224355,46.9399613],[7.4225013,46.9399429],[7.4225776,46.9399271],[7.4226323,46.9399173],[7.4227658,46.9398988],[7.4228639,46.9398858],[7.4229981,46.9398683]]}},{"type":"Feature","properties":{"art":"tram"},"geometry":{"type":"LineString","coordinates":[[7.4257505,46.9417198],[7.4257795,46.9417431],[7.4257975,46.941759],[7.4258224,46.941781],[7.4258427,46.9418026],[7.4259783,46.9419377],[7.4261438,46.9421039],[7.4261986,46.9421614],[7.4262238,46.9421959],[7.4262457,46.9422341],[7.4262617,46.9422669],[7.4263127,46.9423906],[7.4263249,46.9424194],[7.4263721,46.9425309]]}},{"type":"Feature","properties":{"art":"tram"},"geometry":{"type":"LineString","coordinates":[[7.4232464,46.9399549],[7.423192,46.9399263],[7.4231462,46.9399104],[7.4231189,46.9399033],[7.4230781,46.939898],[7.4230259,46.939897],[7.4229545,46.9399],[7.4229049,46.9399051],[7.4226444,46.9399408]]}},{"type":"Feature","properties":{"art":"tram"},"geometry":{"type":"LineString","coordinates":[[7.469464,46.9566089],[7.4694183,46.9565772],[7.4694007,46.9565658],[7.4693831,46.9565562],[7.4693649,46.9565481],[7.4693481,46.9565417],[7.4692387,46.9565121]]}},{"type":"Feature","properties":{"art":"tram"},"geometry":{"type":"LineString","coordinates":[[7.4688685,46.9562951],[7.4688574,46.9561564],[7.4688557,46.956128]]}},{"type":"Feature","properties":{"art":"tram"},"geometry":{"type":"LineString","coordinates":[[7.4710284,46.9573892],[7.4710954,46.9574184],[7.4711167,46.957427],[7.4711351,46.9574321],[7.4711773,46.9574432],[7.4712313,46.9574573]]}},{"type":"Feature","properties":{"art":"tram"},"geometry":{"type":"LineString","coordinates":[[7.4711876,46.9578689],[7.4711571,46.9578647],[7.4711281,46.9578579],[7.4710963,46.9578493],[7.4710634,46.9578381],[7.4710316,46.9578258],[7.4710018,46.9578109],[7.4693609,46.956664]]}},{"type":"Feature","properties":{"art":"tram"},"geometry":{"type":"LineString","coordinates":[[7.4693846,46.9562383],[7.4694001,46.9562519],[7.4694113,46.9562628],[7.4694204,46.9562727],[7.4694313,46.9562865],[7.4694434,46.9563043],[7.469481,46.9563631],[7.4694948,46.9563841],[7.4695066,46.9564004],[7.4695192,46.956415],[7.469529,46.9564246],[7.4695394,46.9564337],[7.4695555,46.9564465],[7.4696469,46.9565112]]}},{"type":"Feature","properties":{"art":"tram"},"geometry":{"type":"LineString","coordinates":[[7.4700641,46.9568802],[7.4701703,46.9569189],[7.4702814,46.9569584]]}},{"type":"Feature","properties":{"art":"tram"},"geometry":{"type":"LineString","coordinates":[[7.4701216,46.9568455],[7.4701703,46.9569189],[7.4702201,46.9569901]]}},{"type":"Feature","properties":{"art":"rail"},"geometry":{"type":"LineString","coordinates":[[7.2951294,46.876897],[7.2942434,46.876742],[7.290739,46.8761847],[7.2900417,46.8760655],[7.289558,46.8759641],[7.2891132,46.8758564],[7.2886718,46.8757224],[7.2883019,46.8755929],[7.2878489,46.8754107],[7.2874616,46.8752232]]}},{"type":"Feature","properties":{"art":"rail"},"geometry":{"type":"LineString","coordinates":[[7.2874347,46.8752487],[7.287824,46.8754371],[7.2882798,46.8756204],[7.288652,46.8757508],[7.2890962,46.8758856],[7.2895436,46.875994],[7.2900294,46.8760958],[7.2907282,46.8762153],[7.2942326,46.8767726],[7.2951138,46.8769284]]}},{"type":"Feature","properties":{"art":"rail"},"geometry":{"type":"LineString","coordinates":[[7.2872036,46.8751329],[7.2874347,46.8752487]]}},{"type":"Feature","properties":{"art":"rail"},"geometry":{"type":"LineString","coordinates":[[7.2874616,46.8752232],[7.2872312,46.8751067]]}},{"type":"Feature","properties":{"art":"tram"},"geometry":{"type":"LineString","coordinates":[[7.4639422,46.9590976],[7.4639487,46.9590908],[7.4639622,46.9590782],[7.4639831,46.9590578],[7.4640397,46.9590074],[7.4640714,46.9589816],[7.4641132,46.9589525],[7.4644582,46.9587423],[7.464575,46.9586682],[7.4646228,46.958639],[7.4646388,46.95863],[7.4646574,46.9586203],[7.4646657,46.9586166],[7.4646801,46.9586107],[7.4646955,46.9586054],[7.4647123,46.9586003],[7.4647295,46.9585962],[7.4647398,46.9585942],[7.4647688,46.9585901],[7.4647793,46.958589],[7.4648011,46.958588],[7.4648071,46.9585879],[7.4648292,46.9585885],[7.464838,46.9585889],[7.4648507,46.9585901],[7.4648623,46.9585914],[7.464876,46.9585937],[7.4648896,46.9585963],[7.4649057,46.9586004],[7.4649241,46.9586056],[7.4649364,46.9586097],[7.4649492,46.9586151],[7.4649614,46.9586206],[7.4649713,46.9586254],[7.4649818,46.9586312],[7.4649944,46.9586389],[7.4650056,46.9586469],[7.4650176,46.9586564],[7.4650249,46.9586634],[7.4650348,46.9586727],[7.4650412,46.9586802],[7.4650492,46.9586904],[7.4650542,46.9586979],[7.4650609,46.9587098],[7.4650646,46.9587176],[7.4650681,46.9587263],[7.4650713,46.9587365],[7.4650728,46.9587426],[7.4650751,46.9587574],[7.4650758,46.9587712],[7.4650757,46.9587767],[7.4650748,46.9587856],[7.4650717,46.9588007],[7.46507,46.9588069],[7.465068,46.9588125],[7.4650615,46.9588281],[7.4650566,46.958837],[7.4650504,46.9588469],[7.4650444,46.9588551],[7.4650388,46.9588618],[7.4650329,46.9588683],[7.4650248,46.9588762],[7.4649436,46.9589281],[7.4649212,46.9589411]]}},{"type":"Feature","properties":{"art":"tram"},"geometry":{"type":"LineString","coordinates":[[7.4643931,46.9666827],[7.4643107,46.9666816],[7.4642786,46.9666794],[7.4642504,46.9666763],[7.4642308,46.9666733],[7.4642102,46.9666689],[7.4641865,46.9666617],[7.4641628,46.9666525],[7.4641428,46.9666433],[7.4641364,46.96664],[7.4641161,46.9666279],[7.4641002,46.9666164],[7.4640883,46.9666056],[7.464074,46.9665911],[7.4640628,46.9665772],[7.4640546,46.9665624],[7.4640477,46.9665501],[7.4640431,46.9665375],[7.4640395,46.9665226],[7.4640376,46.9665124],[7.4640376,46.9664965],[7.4640385,46.9664844],[7.4640418,46.9664671],[7.4640618,46.9663956],[7.4641084,46.9662283],[7.4641292,46.9661442],[7.4641364,46.9661074],[7.464151,46.9660293],[7.4641651,46.9659448],[7.4642114,46.965621],[7.4642137,46.9656049],[7.4642216,46.9655578],[7.4642227,46.9655529],[7.4642263,46.9655367],[7.4642325,46.9655161],[7.4642384,46.9655037],[7.4642429,46.9654944],[7.4642549,46.9654744],[7.4642618,46.9654651],[7.4642685,46.9654561],[7.4642814,46.9654414],[7.4642954,46.9654283],[7.4643129,46.9654141],[7.4643323,46.9653994],[7.4643584,46.9653839]]}},{"type":"Feature","properties":{"art":"tram"},"geometry":{"type":"LineString","coordinates":[[7.464232,46.9592437],[7.4641921,46.9592653],[7.4641762,46.9592748],[7.4641543,46.9592884],[7.4641405,46.9592986],[7.4641238,46.9593117],[7.4641068,46.9593275],[7.4640945,46.9593407],[7.4640876,46.9593518],[7.4640867,46.959353],[7.4640808,46.9593633],[7.4640727,46.9593775],[7.4640667,46.9593904],[7.4640625,46.9594019],[7.4640585,46.9594157],[7.4640556,46.9594313],[7.4640537,46.9594449],[7.4640532,46.959461],[7.4640581,46.9594827],[7.4640618,46.9594965],[7.4640671,46.9595107],[7.4640742,46.9595246],[7.4640878,46.9595488]]}},{"type":"Feature","properties":{"art":"tram"},"geometry":{"type":"LineString","coordinates":[[7.3800988,46.9374642],[7.3801125,46.9374358],[7.380126,46.9374169],[7.3801464,46.9373943],[7.3801675,46.9373771],[7.3801901,46.937364],[7.3802105,46.9373537],[7.3802345,46.9373437],[7.3802731,46.9373334],[7.3803056,46.937327],[7.3803367,46.9373252],[7.3803667,46.9373249],[7.3803993,46.937328],[7.38043,46.9373341],[7.3804572,46.9373417],[7.380479,46.9373493],[7.3805046,46.9373618],[7.3805243,46.9373739],[7.3806449,46.9374585],[7.380927,46.9376558],[7.3809559,46.9376714],[7.3809785,46.9376815],[7.3810093,46.9376953],[7.3810266,46.9377033],[7.3811231,46.9377484],[7.3811412,46.9377581]]}},{"type":"Feature","properties":{"art":"tram"},"geometry":{"type":"LineString","coordinates":[[7.4046707,46.9425691],[7.4046334,46.9425539],[7.4046143,46.9425461],[7.4045729,46.9425243],[7.404524,46.9424904],[7.4044901,46.9424594],[7.4044592,46.9424216],[7.4044392,46.9423858],[7.4044285,46.9423668],[7.4043879,46.9422907],[7.4043758,46.9422681],[7.4043552,46.9422307],[7.4043207,46.9421838],[7.4042835,46.9421481]]}},{"type":"Feature","properties":{"art":"tram"},"geometry":{"type":"LineString","coordinates":[[7.4007924,46.9422841],[7.4009679,46.9427087],[7.4009918,46.942771],[7.401016,46.9428256],[7.4010236,46.9428427],[7.4010329,46.9428815],[7.4010394,46.942921],[7.4010361,46.9429661],[7.4010229,46.9430194],[7.4010132,46.9430407],[7.4010046,46.9430598],[7.4009683,46.9431139],[7.4009137,46.9431668],[7.4008349,46.9432352]]}},{"type":"Feature","properties":{"art":"tram"},"geometry":{"type":"LineString","coordinates":[[7.4004435,46.9420913],[7.4004507,46.9420899],[7.4006409,46.9420539],[7.4007916,46.9420329],[7.4009092,46.9420165]]}},{"type":"Feature","properties":{"art":"tram"},"geometry":{"type":"LineString","coordinates":[[7.4004054,46.9421577],[7.4001342,46.942197],[7.3998773,46.9422337],[7.3997562,46.9422511],[7.3995537,46.9422884],[7.3993651,46.9423242],[7.3991229,46.9423726],[7.3989929,46.9423927],[7.3988231,46.9424093],[7.3986782,46.9424199],[7.3985006,46.9424225],[7.3982896,46.9424188],[7.3980819,46.9424106],[7.397884,46.9423927],[7.3976494,46.942369],[7.3972007,46.9423184],[7.3970069,46.9423006],[7.3968714,46.9422913],[7.3966918,46.9422852]]}},{"type":"Feature","properties":{"art":"tram"},"geometry":{"type":"LineString","coordinates":[[7.38123,46.9378113],[7.3812768,46.9378357],[7.3813191,46.9378531],[7.3814806,46.9379148],[7.3816722,46.9379998]]}},{"type":"Feature","properties":{"art":"tram"},"geometry":{"type":"LineString","coordinates":[[7.4218397,46.9446501],[7.4218018,46.9446442],[7.4217471,46.9446358],[7.4215739,46.9446294],[7.4215397,46.9446282],[7.4214178,46.944623],[7.4213862,46.9446216],[7.4207884,46.9446004],[7.4207023,46.9445982],[7.4206685,46.9445973],[7.4204964,46.9445868],[7.4204698,46.9445842],[7.4203993,46.9445775],[7.4201612,46.9445546],[7.4201274,46.9445514],[7.4199605,46.9445391]]}},{"type":"Feature","properties":{"art":"tram"},"geometry":{"type":"LineString","coordinates":[[7.3816722,46.9379998],[7.3817876,46.938055],[7.3820301,46.9381897],[7.3828308,46.9386431],[7.383025,46.9387542],[7.3831739,46.9388325],[7.3832744,46.9388819],[7.3833687,46.9389223],[7.3835535,46.9390018],[7.3837222,46.9390632],[7.3838903,46.939119],[7.3840438,46.9391646],[7.3841762,46.9391977],[7.3843017,46.9392268],[7.3845915,46.9392828]]}},{"type":"Feature","properties":{"art":"tram"},"geometry":{"type":"LineString","coordinates":[[7.40066,46.9422589],[7.4006576,46.9422314],[7.4006566,46.942223],[7.4006586,46.9421997],[7.4006672,46.942162],[7.4006818,46.9421354],[7.4006995,46.9421149],[7.4007197,46.9420935],[7.4007448,46.9420751],[7.4007864,46.9420531],[7.4008326,46.9420352],[7.4009092,46.9420165]]}},{"type":"Feature","properties":{"art":"tram"},"geometry":{"type":"LineString","coordinates":[[7.383875,46.9391418],[7.3837041,46.9390861],[7.3835301,46.9390228],[7.3833471,46.9389471],[7.3832537,46.9389036],[7.3831482,46.9388524],[7.383001,46.9387746],[7.3819883,46.9381997],[7.3817632,46.9380756],[7.3816514,46.9380211],[7.3814666,46.9379468],[7.3812977,46.9378828],[7.3812461,46.937865],[7.381129,46.9378291],[7.3810049,46.9377962]]}},{"type":"Feature","properties":{"art":"tram"},"geometry":{"type":"LineString","coordinates":[[7.3845915,46.9392828],[7.3847475,46.939311],[7.3849253,46.9393392],[7.3850671,46.9393588],[7.3851557,46.9393677],[7.3852515,46.9393728],[7.3854534,46.9393754],[7.3855137,46.9393776],[7.3856488,46.9393924],[7.3862291,46.9394751],[7.3863274,46.9394895],[7.3864357,46.9395104],[7.3864797,46.9395189],[7.3868002,46.9395887]]}},{"type":"Feature","properties":{"art":"tram"},"geometry":{"type":"LineString","coordinates":[[7.4008349,46.9432352],[7.4004097,46.9435797],[7.3999701,46.9439509],[7.3998253,46.9440771],[7.3997033,46.9441686],[7.3992494,46.9445242],[7.3988622,46.9448275],[7.3988242,46.9448573],[7.3985871,46.9450431],[7.3978026,46.9456376],[7.3977238,46.9456973],[7.3977141,46.9457043],[7.3975982,46.9457886],[7.3972538,46.9460392],[7.3966341,46.9464478]]}},{"type":"Feature","properties":{"art":"tram"},"geometry":{"type":"LineString","coordinates":[[7.3755998,46.9445719],[7.3755919,46.944599],[7.3751462,46.9461394],[7.3750189,46.946575],[7.3748985,46.9469685],[7.3748885,46.9470188]]}},{"type":"Feature","properties":{"art":"tram"},"geometry":{"type":"LineString","coordinates":[[7.4218522,46.944615],[7.4219363,46.9446315],[7.4220156,46.9446534],[7.4220276,46.9446567],[7.4220552,46.9446705],[7.4220854,46.9446844],[7.4223748,46.9448611],[7.4224625,46.9449081],[7.4230191,46.9452066],[7.4230845,46.9452374],[7.4231638,46.9452696],[7.4232322,46.945293],[7.423307,46.9453157],[7.4233754,46.9453338],[7.423441,46.9453474],[7.4235047,46.9453605],[7.4235785,46.945373],[7.4236339,46.9453798],[7.4237025,46.9453846],[7.4258385,46.9455352],[7.4265799,46.9455874],[7.4266296,46.9455896],[7.4267925,46.9455964]]}},{"type":"Feature","properties":{"art":"tram"},"geometry":{"type":"LineString","coordinates":[[7.421396,46.944594],[7.4214197,46.9445948],[7.421557,46.9445993],[7.4216492,46.9446024],[7.4218272,46.9446134],[7.4218522,46.944615]]}},{"type":"Feature","properties":{"art":"tram"},"geometry":{"type":"LineString","coordinates":[[7.447529,46.9481166],[7.447532,46.9481299],[7.4475354,46.9481479],[7.4475389,46.9481647],[7.4475554,46.9482306],[7.4476445,46.9485862],[7.4476538,46.9486286],[7.4476719,46.948715],[7.4476943,46.9488083],[7.4477105,46.948864],[7.4477338,46.9489441],[7.4477525,46.9490009],[7.447771,46.9490573],[7.4477957,46.9491188],[7.4478143,46.9491671],[7.4478363,46.9492253],[7.4478766,46.9493125],[7.4479155,46.9493964],[7.4479289,46.9494255]]}},{"type":"Feature","properties":{"art":"tram"},"geometry":{"type":"LineString","coordinates":[[7.4474804,46.9481403],[7.4474712,46.9480985],[7.4474672,46.9480799],[7.4474644,46.94807],[7.4474595,46.9480606],[7.4474479,46.9480448],[7.4474326,46.9480279],[7.4474135,46.9480123],[7.4473873,46.9479968],[7.4473658,46.9479854],[7.4473458,46.9479765],[7.4473324,46.9479721],[7.4473166,46.947967],[7.4472933,46.947961],[7.4472691,46.9479575],[7.4472035,46.9479553]]}},{"type":"Feature","properties":{"art":"tram"},"geometry":{"type":"LineString","coordinates":[[7.4474838,46.9478492],[7.447476,46.947859],[7.4474695,46.947867],[7.4474599,46.9478785],[7.4474445,46.9478951],[7.4474251,46.9479115],[7.447408,46.9479217],[7.4473872,46.9479326],[7.447352,46.9479463],[7.4473396,46.9479487],[7.4473252,46.9479523],[7.4473003,46.9479558],[7.4472835,46.9479565],[7.4472035,46.9479553]]}},{"type":"Feature","properties":{"art":"tram"},"geometry":{"type":"LineString","coordinates":[[7.3769245,46.94756],[7.3769845,46.9475708],[7.3770146,46.9475788],[7.3770907,46.947599],[7.3771494,46.9476194],[7.3772537,46.9476619],[7.3777315,46.9478574],[7.3778263,46.9478952],[7.3779049,46.9479236],[7.3779861,46.947943],[7.3780639,46.9479569],[7.3781468,46.9479621],[7.3782206,46.9479621],[7.3783798,46.947945]]}},{"type":"Feature","properties":{"art":"tram"},"geometry":{"type":"LineString","coordinates":[[7.3821409,46.9486437],[7.3820264,46.948614],[7.3818955,46.9485704],[7.3816754,46.9484611],[7.3814778,46.9483339],[7.3812079,46.9481471],[7.3810745,46.9480648],[7.3809088,46.9479862],[7.3807635,46.9479392],[7.3805902,46.9478974],[7.3804717,46.9478777],[7.380247,46.9478508],[7.3798526,46.9478337],[7.3796885,46.9478346],[7.3795332,46.947843],[7.3793932,46.9478549],[7.3791976,46.9478781],[7.3782734,46.9479855],[7.3782226,46.9479915]]}},{"type":"Feature","properties":{"art":"tram"},"geometry":{"type":"LineString","coordinates":[[7.375461,46.9448939],[7.3754989,46.9447503],[7.3755027,46.9447317],[7.3755036,46.9447162],[7.3755003,46.9446928],[7.375495,46.9446814],[7.3754895,46.9446698],[7.3754699,46.944645],[7.3754445,46.9446217],[7.3754102,46.9446025],[7.3753787,46.9445893],[7.3753433,46.9445778],[7.3746658,46.9444134],[7.3746272,46.9443994],[7.3745898,46.9443798],[7.3745625,46.9443593],[7.374537,46.9443353],[7.3745202,46.9443123],[7.3745049,46.9442852],[7.3744966,46.9442533],[7.3745004,46.9442243],[7.3745103,46.9441935],[7.3745196,46.9441721],[7.3745302,46.9441556],[7.37454,46.9441461],[7.3745556,46.9441298],[7.37457,46.9441152],[7.3745938,46.9441048],[7.3746286,46.944089],[7.3746466,46.9440822],[7.3746825,46.9440725],[7.3747115,46.9440666],[7.3747523,46.944063],[7.3747894,46.9440631],[7.3748215,46.9440654],[7.3753698,46.9441936]]}},{"type":"Feature","properties":{"art":"tram"},"geometry":{"type":"LineString","coordinates":[[7.3748444,46.9470138],[7.3750749,46.9461966],[7.3752488,46.9456098],[7.375461,46.9448939]]}},{"type":"Feature","properties":{"art":"tram"},"geometry":{"type":"LineString","coordinates":[[7.3938456,46.9490183],[7.3938686,46.948986],[7.3938783,46.948967]]}},{"type":"Feature","properties":{"art":"tram"},"geometry":{"type":"LineString","coordinates":[[7.3783798,46.947945],[7.3790873,46.947863],[7.3793771,46.9478301],[7.3795309,46.9478182],[7.3796924,46.9478098],[7.379843,46.9478074],[7.3800569,46.9478114],[7.3802088,46.9478201],[7.3803847,46.9478357],[7.3806295,46.9478704],[7.3807803,46.9479145],[7.3809345,46.9479654],[7.3810481,46.9480194],[7.3811618,46.9480804],[7.381344,46.9482038],[7.3814486,46.9482756],[7.3816884,46.9484363],[7.381916,46.9485451],[7.382062,46.9485856]]}},{"type":"Feature","properties":{"art":"tram"},"geometry":{"type":"LineString","coordinates":[[7.3768555,46.9475774],[7.3759051,46.9474483],[7.3751393,46.9473438]]}},{"type":"Feature","properties":{"art":"tram"},"geometry":{"type":"LineString","coordinates":[[7.3927688,46.9491219],[7.3931581,46.9491444],[7.3934737,46.9491623],[7.3935436,46.9491597],[7.3936016,46.9491531],[7.3936672,46.9491361],[7.3937088,46.9491187],[7.393766,46.9490894],[7.3938113,46.9490557],[7.3938456,46.9490183]]}},{"type":"Feature","properties":{"art":"tram"},"geometry":{"type":"LineString","coordinates":[[7.3748885,46.9470188],[7.3748812,46.947058],[7.3748835,46.9470993],[7.3748942,46.9471328],[7.37491,46.9471678],[7.3749395,46.9472049],[7.3749426,46.9472076],[7.3749877,46.9472439],[7.3750482,46.9472795],[7.3750965,46.9472978],[7.3751531,46.947311]]}},{"type":"Feature","properties":{"art":"tram"},"geometry":{"type":"LineString","coordinates":[[7.3751531,46.947311],[7.3753808,46.9473451],[7.3759134,46.9474194],[7.3769245,46.94756]]}},{"type":"Feature","properties":{"art":"tram"},"geometry":{"type":"LineString","coordinates":[[7.3939052,46.9489951],[7.3938873,46.9490294],[7.3938638,46.9490673],[7.3938494,46.9490904],[7.3938106,46.9491254],[7.3937574,46.9491583],[7.3937088,46.9491804],[7.3936616,46.9491928],[7.3936082,46.9491999],[7.3935526,46.9492027],[7.3934743,46.9492012],[7.3931526,46.9491809],[7.3928008,46.9491587]]}},{"type":"Feature","properties":{"art":"tram"},"geometry":{"type":"LineString","coordinates":[[7.3751393,46.9473438],[7.3750767,46.947329],[7.3750172,46.9473106],[7.3749448,46.9472757],[7.3748975,46.9472368],[7.3748577,46.9471831],[7.3748404,46.9471422],[7.3748336,46.9471026],[7.3748363,46.947055],[7.3748444,46.9470138]]}},{"type":"Feature","properties":{"art":"tram"},"geometry":{"type":"LineString","coordinates":[[7.382062,46.9485856],[7.3823539,46.9486559],[7.3828295,46.9487682],[7.3829118,46.9487876],[7.3829563,46.948798],[7.3830248,46.9488132],[7.3831797,46.9488524],[7.3832825,46.9488737]]}},{"type":"Feature","properties":{"art":"tram"},"geometry":{"type":"LineString","coordinates":[[7.3782226,46.9479915],[7.3781486,46.9479943],[7.3780607,46.9479897],[7.3779787,46.9479789],[7.3778888,46.9479581],[7.3777982,46.9479266],[7.3772918,46.947723],[7.3772231,46.9476951],[7.3771036,46.9476465],[7.3770493,46.9476244]]}},{"type":"Feature","properties":{"art":"tram"},"geometry":{"type":"LineString","coordinates":[[7.3938783,46.948967],[7.3940426,46.9486619],[7.3944745,46.9478596],[7.394479,46.947853],[7.3945164,46.9477978],[7.3945458,46.9477594],[7.394576,46.9477193],[7.3946399,46.9476563],[7.3946695,46.9476291],[7.3946978,46.9476066],[7.394804,46.9475345],[7.3950143,46.9473968],[7.3952036,46.9472766],[7.3952283,46.9472605],[7.3952765,46.94723],[7.3953675,46.9471756],[7.3954669,46.9471171],[7.3960561,46.9467634],[7.396249,46.9466423]]}},{"type":"Feature","properties":{"art":"tram"},"geometry":{"type":"LineString","coordinates":[[7.400782,46.9432331],[7.4008297,46.94319],[7.4008655,46.9431541],[7.4008894,46.9431185],[7.4008974,46.9430997],[7.4009133,46.9430624],[7.4009267,46.9430167],[7.4009334,46.9429618],[7.4009309,46.9429253],[7.4009115,46.9428659],[7.4009041,46.9428483],[7.4007089,46.9423771],[7.40066,46.9422589]]}},{"type":"Feature","properties":{"art":"tram"},"geometry":{"type":"LineString","coordinates":[[7.3832825,46.9488737],[7.3834444,46.9489037],[7.3837814,46.9489526],[7.3839858,46.9489818],[7.3843124,46.9490151],[7.3848329,46.949055],[7.3851807,46.9490743],[7.3854993,46.9490786],[7.38572,46.9490753],[7.385886,46.9490728],[7.3862029,46.9490553],[7.3879359,46.9489177],[7.3885514,46.9488698],[7.3886355,46.9488626],[7.389013,46.9488387],[7.3891905,46.948832],[7.3893647,46.9488321],[7.3895392,46.9488397],[7.3899122,46.9488675],[7.3921667,46.9490817],[7.3923916,46.9490963],[7.3927688,46.9491219]]}},{"type":"Feature","properties":{"art":"tram"},"geometry":{"type":"LineString","coordinates":[[7.3880253,46.9489361],[7.3879399,46.9489432],[7.3862045,46.9490802],[7.3858876,46.9490986],[7.3857205,46.9491002],[7.3854993,46.9491024],[7.3851747,46.949098],[7.3848279,46.9490812],[7.3842982,46.9490427],[7.3839614,46.9490052],[7.3837733,46.9489802],[7.3834328,46.9489295],[7.383167,46.9488802],[7.3830557,46.9488572]]}},{"type":"Feature","properties":{"art":"tram"},"geometry":{"type":"LineString","coordinates":[[7.4999776,46.9358987],[7.4996615,46.9357466],[7.4994737,46.935657],[7.4991586,46.9355054],[7.4986032,46.9352359],[7.4979107,46.9349026],[7.4976097,46.9347572],[7.4974837,46.934695],[7.4974237,46.9346642],[7.4973645,46.9346331],[7.4972987,46.9345977],[7.4972341,46.9345616],[7.4971702,46.9345239],[7.4971077,46.9344858],[7.4968638,46.9343222],[7.4965923,46.9341348],[7.4964395,46.9340367],[7.4962771,46.9339421],[7.4961158,46.9338591],[7.4959484,46.9337802],[7.4957968,46.9337166],[7.4956401,46.9336569],[7.4955092,46.9336137],[7.4953854,46.9335762],[7.4952849,46.9335495],[7.4951789,46.9335231],[7.4950534,46.9334962],[7.4949253,46.9334718],[7.4947201,46.9334407],[7.4942467,46.9333761],[7.4940328,46.9333457],[7.4937756,46.9333021],[7.4935144,46.9332533],[7.4931781,46.9331807],[7.492771,46.9330795],[7.4922784,46.9329433],[7.4921191,46.9328976],[7.4919133,46.9328399]]}},{"type":"Feature","properties":{"art":"tram"},"geometry":{"type":"LineString","coordinates":[[7.3891141,46.9394756],[7.3890725,46.939483],[7.3889435,46.9395073],[7.3883132,46.9396261],[7.3879411,46.9396962],[7.3878924,46.9397054],[7.3878382,46.9397143],[7.3878082,46.9397185],[7.3877757,46.939723],[7.3876995,46.9397276],[7.3876442,46.9397283],[7.3875847,46.9397253],[7.3875322,46.93972],[7.386787,46.9396255],[7.386414,46.9395675],[7.3857036,46.9394594],[7.3855031,46.9394337],[7.3853841,46.9394196]]}},{"type":"Feature","properties":{"art":"tram"},"geometry":{"type":"LineString","coordinates":[[7.3961581,46.9421958],[7.3962079,46.9422017],[7.3962877,46.9422111],[7.396444,46.9422171],[7.3964969,46.9422191],[7.3969249,46.9422353],[7.3972086,46.9422551],[7.3972467,46.9422572],[7.3974015,46.9422724],[7.3974265,46.9422748],[7.3976646,46.9423088],[7.397898,46.9423412],[7.3980927,46.9423625],[7.3984946,46.9423849],[7.3985722,46.9423842],[7.3986749,46.9423832],[7.3988224,46.9423736],[7.3989846,46.9423607],[7.3991156,46.9423388],[7.399401,46.9422857],[7.3995427,46.9422593],[7.3996006,46.9422485],[7.4002905,46.9421198],[7.4004435,46.9420913]]}},{"type":"Feature","properties":{"art":"tram"},"geometry":{"type":"LineString","coordinates":[[7.3930972,46.9415811],[7.3930091,46.9415611],[7.3929748,46.9415539],[7.3929044,46.941534],[7.3928634,46.9415191],[7.3928223,46.9415006],[7.3928013,46.9414893],[7.3927818,46.9414788],[7.392748,46.9414613],[7.3927191,46.9414404],[7.3927023,46.9414269],[7.3926662,46.9413978],[7.392633,46.941362],[7.3925926,46.9413092],[7.3925792,46.9412856],[7.3925679,46.9412656],[7.3925568,46.9412353],[7.3925495,46.9412127],[7.392532,46.9411583],[7.3925133,46.9411123],[7.3924792,46.9410483],[7.3924565,46.9410164],[7.3924244,46.9409815],[7.3923578,46.9409195],[7.3922176,46.9408251],[7.392133,46.9407806],[7.3920449,46.9407401]]}},{"type":"Feature","properties":{"art":"tram"},"geometry":{"type":"LineString","coordinates":[[7.3920783,46.9407142],[7.3921572,46.9407498],[7.3922362,46.9407923],[7.3922495,46.9407994],[7.3923904,46.9408971],[7.392504,46.9409983],[7.3925363,46.9410405],[7.3925941,46.9411415],[7.3926226,46.9411962],[7.3926407,46.9412311],[7.3926583,46.9412709],[7.3926671,46.9412907],[7.3926956,46.941322],[7.3927241,46.9413492],[7.392765,46.9413753],[7.3928006,46.941398],[7.3928517,46.9414226],[7.3928698,46.9414295],[7.3928898,46.9414372],[7.3929212,46.9414459],[7.3930458,46.9414757],[7.3931931,46.9415099],[7.393747,46.9416418],[7.3940169,46.9417067]]}},{"type":"Feature","properties":{"art":"tram"},"geometry":{"type":"LineString","coordinates":[[7.3889299,46.939474],[7.3890162,46.9394518],[7.389085,46.9394372],[7.3891483,46.9394299],[7.3891982,46.9394243],[7.389242,46.9394215],[7.3892768,46.9394204],[7.3893181,46.939421],[7.3893832,46.9394255],[7.3894371,46.9394323],[7.3895052,46.9394441],[7.3895735,46.9394627],[7.3896373,46.9394845],[7.3896806,46.9395012],[7.3897154,46.9395174],[7.3897533,46.9395377],[7.3897786,46.9395513],[7.3898831,46.9396197],[7.3902249,46.9398923],[7.3903605,46.9399994],[7.3904497,46.9400605],[7.3904659,46.9400684],[7.3905604,46.9401144]]}},{"type":"Feature","properties":{"art":"tram"},"geometry":{"type":"LineString","coordinates":[[7.3905604,46.9401144],[7.3910746,46.9403176],[7.391795,46.9406023],[7.391888,46.940639],[7.3920783,46.9407142]]}},{"type":"Feature","properties":{"art":"tram"},"geometry":{"type":"LineString","coordinates":[[7.3961534,46.9422429],[7.3942018,46.9418173],[7.3932316,46.9416079],[7.39315,46.9415911],[7.3930972,46.9415811]]}},{"type":"Feature","properties":{"art":"tram"},"geometry":{"type":"LineString","coordinates":[[7.3966918,46.9422852],[7.3964942,46.9422806],[7.3964433,46.9422794],[7.3963343,46.9422712],[7.396266,46.9422624],[7.3961928,46.9422503],[7.3961534,46.9422429]]}},{"type":"Feature","properties":{"art":"tram"},"geometry":{"type":"LineString","coordinates":[[7.3940169,46.9417067],[7.3944723,46.9418237],[7.3960812,46.9421846],[7.3961581,46.9421958]]}},{"type":"Feature","properties":{"art":"tram"},"geometry":{"type":"LineString","coordinates":[[7.3920449,46.9407401],[7.3917735,46.9406287],[7.3904246,46.9401042],[7.390418,46.9401013],[7.3903035,46.9400361],[7.3901527,46.9399325],[7.3899479,46.939766],[7.3898342,46.939676],[7.3897616,46.9396185]]}},{"type":"Feature","properties":{"art":"tram"},"geometry":{"type":"LineString","coordinates":[[7.3897616,46.9396185],[7.389702,46.939577],[7.3896792,46.9395585],[7.3896456,46.9395391],[7.3896254,46.9395278],[7.3895922,46.939512],[7.3895494,46.9394952],[7.3895284,46.9394883],[7.3895014,46.9394818],[7.3894673,46.9394754],[7.3894344,46.9394699],[7.3894128,46.9394668],[7.3893888,46.939464],[7.389362,46.9394614],[7.389334,46.93946],[7.3893052,46.9394594],[7.3892775,46.9394602],[7.3892498,46.9394612],[7.3892191,46.939463],[7.3891893,46.9394654],[7.3891593,46.939469],[7.3891388,46.9394717],[7.3891141,46.9394756]]}},{"type":"Feature","properties":{"art":"tram"},"geometry":{"type":"LineString","coordinates":[[7.3853841,46.9394196],[7.3853288,46.9394136],[7.3851375,46.9393921],[7.3850599,46.9393828],[7.3849162,46.9393645],[7.3847362,46.9393367],[7.384579,46.9393087],[7.3842852,46.9392506],[7.3841613,46.9392213],[7.3840289,46.9391876],[7.383875,46.9391418]]}},{"type":"Feature","properties":{"art":"tram"},"geometry":{"type":"LineString","coordinates":[[7.3868002,46.9395887],[7.3874292,46.9396684],[7.3874762,46.9396743],[7.3875409,46.9396825],[7.387592,46.9396877],[7.3876462,46.9396906],[7.3876962,46.9396899],[7.3877665,46.9396858],[7.3878247,46.9396777],[7.3878423,46.9396748],[7.38788,46.9396686],[7.3887306,46.9395148],[7.3888274,46.9394964],[7.3888616,46.9394889],[7.3889299,46.939474]]}},{"type":"Feature","properties":{"art":"tram"},"geometry":{"type":"LineString","coordinates":[[7.409748,46.9437794],[7.4101904,46.9438116],[7.4110682,46.9438714],[7.4112168,46.9438768],[7.4118535,46.9439198],[7.4119459,46.9439278],[7.4128151,46.9439951],[7.4136549,46.9440514],[7.4139208,46.9440693],[7.4146073,46.9441071],[7.4152427,46.9441508],[7.4153338,46.9441575],[7.4159618,46.9442039],[7.4161567,46.944218],[7.4163224,46.9442303],[7.4164073,46.9442389],[7.4170257,46.9443019],[7.4180149,46.9443746],[7.4199656,46.94451]]}},{"type":"Feature","properties":{"art":"tram"},"geometry":{"type":"LineString","coordinates":[[7.4056915,46.9429256],[7.4057566,46.9429527],[7.4057889,46.9429666],[7.4058475,46.9429994],[7.4059235,46.9430452],[7.4060099,46.9430911],[7.4060558,46.9431099],[7.4060931,46.9431199],[7.4061345,46.9431309],[7.406823,46.9433151],[7.4068798,46.9433316],[7.406918,46.9433427],[7.4070266,46.9433743],[7.4070473,46.94338],[7.4071359,46.9433996],[7.407202,46.9434132],[7.4072916,46.9434293],[7.4073513,46.9434374]]}},{"type":"Feature","properties":{"art":"rail"},"geometry":{"type":"LineString","coordinates":[[7.4826796,46.9530404],[7.4829395,46.9520922],[7.4829771,46.9519825],[7.4830198,46.9518717],[7.4830662,46.9517615],[7.483117,46.9516483],[7.483171,46.9515378],[7.4832271,46.9514291],[7.4832899,46.9513173],[7.4833505,46.9512201],[7.4834132,46.9511238],[7.4834806,46.9510274],[7.4835503,46.9509311],[7.4836262,46.9508322],[7.4837047,46.9507336],[7.4838048,46.9506126],[7.48391,46.9504955],[7.4840253,46.9503729],[7.4841563,46.9502364],[7.4845356,46.9498546]]}},{"type":"Feature","properties":{"art":"rail"},"geometry":{"type":"LineString","coordinates":[[7.4820228,46.9554998],[7.4821084,46.955174],[7.4821663,46.9549244],[7.4822897,46.954334],[7.4823215,46.9541865],[7.4823585,46.9540403],[7.4824157,46.9538225],[7.4827004,46.9527153],[7.4827846,46.952406]]}},{"type":"Feature","properties":{"art":"rail"},"geometry":{"type":"LineString","coordinates":[[7.4689617,46.9753689],[7.4689034,46.9754742],[7.4684772,46.9762295],[7.4679324,46.9771983]]}},{"type":"Feature","properties":{"art":"tram"},"geometry":{"type":"LineString","coordinates":[[7.4649212,46.9589411],[7.4648969,46.9589549],[7.4648783,46.9589643],[7.464281,46.9592892]]}},{"type":"Feature","properties":{"art":"tram"},"geometry":{"type":"LineString","coordinates":[[7.4678658,46.9651258],[7.4677922,46.965151],[7.4676868,46.9651842],[7.467609,46.9652063],[7.4675294,46.9652266],[7.4674587,46.9652415],[7.4673859,46.9652556],[7.4673236,46.9652661],[7.4672561,46.9652761],[7.4671557,46.965289],[7.4670528,46.9653022],[7.4665788,46.9653602],[7.4661978,46.9653915],[7.4661289,46.9653951],[7.4654795,46.9654261],[7.4654405,46.9654282],[7.4654063,46.9654326],[7.4653777,46.9654377],[7.4653543,46.9654429],[7.4653289,46.96545],[7.4653009,46.9654597],[7.4652799,46.9654691],[7.4652618,46.9654782],[7.4652437,46.9654887],[7.4652289,46.9654985],[7.4652133,46.9655111],[7.4651998,46.965523],[7.4651879,46.9655354],[7.4651765,46.9655479],[7.4651674,46.9655604],[7.4651584,46.9655753],[7.4651514,46.9655911],[7.4651438,46.965613],[7.4651399,46.9656325],[7.4651369,46.9656538],[7.4651316,46.9657423],[7.4651271,46.9658864],[7.4651284,46.9659691],[7.4651361,46.966058],[7.4651577,46.9661738],[7.4651643,46.9662287],[7.4651753,46.9663598],[7.4651766,46.9664426],[7.4651768,46.9664749],[7.4651773,46.9664978],[7.4651766,46.9665142],[7.4651756,46.966527],[7.4651739,46.9665396],[7.4651696,46.966554],[7.4651632,46.9665687],[7.4651546,46.9665845],[7.4651452,46.9665971],[7.4651354,46.966607],[7.4651263,46.9666165],[7.46511,46.9666297],[7.4650972,46.966639],[7.465082,46.9666479],[7.4650668,46.9666566],[7.4650427,46.9666675],[7.4650199,46.9666754],[7.4649991,46.966681],[7.464971,46.9666866],[7.4649427,46.9666905],[7.4649115,46.9666927],[7.4648656,46.9666926],[7.4643931,46.9666827]]}},{"type":"Feature","properties":{"art":"tram"},"geometry":{"type":"LineString","coordinates":[[7.4675515,46.9649577],[7.4675749,46.964948],[7.4676003,46.9649362],[7.4676166,46.9649273],[7.4676325,46.9649178],[7.4676516,46.9649036],[7.4676692,46.9648885],[7.4676814,46.964876],[7.4676936,46.9648611],[7.4677038,46.9648463],[7.4677135,46.9648278],[7.4677213,46.9648095],[7.467725,46.9647954],[7.4677273,46.964776],[7.4677273,46.9647617],[7.4677263,46.9647446],[7.467724,46.9647303],[7.4677216,46.9647202],[7.4677175,46.9647079],[7.4677103,46.9646915],[7.4677024,46.9646754]]}},{"type":"Feature","properties":{"art":"tram"},"geometry":{"type":"LineString","coordinates":[[7.4668973,46.9632127],[7.4669144,46.9632265],[7.4669369,46.9632444],[7.4669705,46.9632685],[7.4670138,46.9632972],[7.4670912,46.9633474],[7.4671423,46.9633793],[7.4671976,46.9634148],[7.4672557,46.9634561],[7.4672778,46.9634749],[7.4672955,46.9634907],[7.4673174,46.963513],[7.4673602,46.9635645],[7.4680134,46.9644251],[7.4682177,46.9646904],[7.4682438,46.9647264],[7.4682601,46.9647553]]}},{"type":"Feature","properties":{"art":"tram"},"geometry":{"type":"LineString","coordinates":[[7.4645917,46.9653274],[7.4648434,46.9653297],[7.4650344,46.9653292],[7.4651447,46.9653283],[7.4652613,46.9653255],[7.4654318,46.9653174],[7.4656052,46.9653075],[7.4657431,46.9652981],[7.4658887,46.9652845],[7.4660517,46.9652667],[7.4662117,46.9652483],[7.4663384,46.9652302],[7.4664796,46.9652088],[7.4668709,46.965137],[7.4670268,46.9651023],[7.4671251,46.9650794],[7.4672446,46.965048],[7.4673964,46.9650062],[7.467514,46.9649702],[7.4675515,46.9649577]]}},{"type":"Feature","properties":{"art":"tram"},"geometry":{"type":"LineString","coordinates":[[7.4677024,46.9646754],[7.4676846,46.9646497],[7.4672543,46.9640807],[7.4669309,46.9636592],[7.46691,46.9636291],[7.4668965,46.963607],[7.4668838,46.9635826],[7.4668732,46.9635574],[7.4668663,46.9635359],[7.4668609,46.9635117],[7.4668574,46.9634878],[7.4668559,46.9634586],[7.4668539,46.9633977],[7.4668523,46.9633727],[7.4668444,46.9633281],[7.4668387,46.9633072],[7.4668304,46.9632849],[7.4668212,46.9632649],[7.466811,46.9632459]]}},{"type":"Feature","properties":{"art":"tram"},"geometry":{"type":"LineString","coordinates":[[7.4682601,46.9647553],[7.4682677,46.9647751],[7.4682704,46.9647891],[7.468273,46.9648041],[7.4682734,46.9648212],[7.4682722,46.9648438],[7.4682681,46.964864],[7.4682618,46.9648818],[7.4682555,46.9648957],[7.4682466,46.9649119],[7.4682366,46.9649264],[7.4682213,46.9649444],[7.4682034,46.9649615],[7.4681817,46.9649788],[7.4681608,46.9649932],[7.4681309,46.9650102],[7.4681112,46.9650209],[7.4680375,46.9650561],[7.4679465,46.9650941],[7.4679001,46.965113],[7.4678658,46.9651258]]}},{"type":"Feature","properties":{"art":"tram"},"geometry":{"type":"LineString","coordinates":[[7.4633861,46.9594039],[7.463185,46.9594734],[7.4627783,46.9596176],[7.4625336,46.9597052],[7.4622027,46.9598243],[7.4621871,46.9598297],[7.4619165,46.9599265],[7.4616602,46.9600192]]}},{"type":"Feature","properties":{"art":"tram"},"geometry":{"type":"LineString","coordinates":[[7.466811,46.9632459],[7.4667985,46.963227],[7.4667793,46.9632008],[7.4663752,46.9626571],[7.4661107,46.9623256],[7.4657729,46.9618835],[7.4657623,46.9618696],[7.465671,46.9617501],[7.4656598,46.9617361],[7.4656503,46.9617242],[7.4656435,46.9617157],[7.4656296,46.9616983],[7.4656029,46.9616634],[7.4655418,46.9615832],[7.4649531,46.9608111],[7.4647947,46.9605812],[7.4640795,46.9596203],[7.463949,46.9594524]]}},{"type":"Feature","properties":{"art":"tram"},"geometry":{"type":"LineString","coordinates":[[7.4634963,46.959334],[7.4636784,46.9592678],[7.4636981,46.9592603],[7.4637511,46.9592394],[7.4637958,46.9592199],[7.4638284,46.9592011],[7.4638548,46.9591803],[7.4638651,46.9591716],[7.4638964,46.9591375],[7.4639337,46.9591047],[7.4639422,46.9590976]]}},{"type":"Feature","properties":{"art":"tram"},"geometry":{"type":"LineString","coordinates":[[7.4611289,46.9600097],[7.4611388,46.9600115],[7.4611716,46.960018],[7.461241,46.9600291],[7.4613062,46.9600343],[7.4613781,46.9600357],[7.4614326,46.960034],[7.4614851,46.9600284],[7.4615392,46.9600204],[7.4615902,46.9600093],[7.4616513,46.9599933]]}},{"type":"Feature","properties":{"art":"tram"},"geometry":{"type":"LineString","coordinates":[[7.4616602,46.9600192],[7.4616242,46.9600292],[7.4615702,46.9600426],[7.4615243,46.9600518],[7.4614784,46.9600592],[7.4614196,46.9600639],[7.4614129,46.960064],[7.4613266,46.9600633],[7.4612672,46.9600601],[7.4611997,46.9600495],[7.4611349,46.9600362]]}},{"type":"Feature","properties":{"art":"tram"},"geometry":{"type":"LineString","coordinates":[[7.4550473,46.9588712],[7.4550734,46.9588897],[7.4550836,46.9588974],[7.4551149,46.9589211],[7.4551322,46.9589345],[7.4551441,46.9589434],[7.4551836,46.9589726],[7.4552172,46.9589932],[7.455231,46.9590008],[7.4552369,46.9590042],[7.4552787,46.9590242],[7.4553216,46.959044],[7.455366,46.9590593],[7.4554111,46.9590724],[7.4554815,46.9590893],[7.4555093,46.9590945]]}},{"type":"Feature","properties":{"art":"tram"},"geometry":{"type":"LineString","coordinates":[[7.4555093,46.9590945],[7.4556078,46.9591121],[7.4567889,46.9592758],[7.4569148,46.959295],[7.4574655,46.9593788],[7.4583556,46.9595055],[7.4585526,46.9595337],[7.4587809,46.9595663],[7.4588966,46.9595828],[7.458922,46.9595866],[7.4589887,46.9595966],[7.4590464,46.9596071],[7.4591903,46.9596348],[7.4594474,46.9596844],[7.4595087,46.9596962],[7.4596236,46.9597184],[7.4604324,46.9598753],[7.4610924,46.9600026],[7.4611289,46.9600097]]}},{"type":"Feature","properties":{"art":"tram"},"geometry":{"type":"LineString","coordinates":[[7.4611349,46.9600362],[7.4610829,46.9600273],[7.4607367,46.9599583],[7.4602015,46.9598574],[7.4596184,46.9597515],[7.4591415,46.959659],[7.4590225,46.9596363],[7.4589624,46.9596257],[7.4588869,46.9596132],[7.4587723,46.9595963],[7.4576669,46.9594331],[7.4574708,46.9594042],[7.4573707,46.9593908],[7.4572624,46.9593764],[7.4569058,46.9593259],[7.4567794,46.9593079],[7.4554967,46.9591218]]}},{"type":"Feature","properties":{"art":"tram"},"geometry":{"type":"LineString","coordinates":[[7.4523005,46.9567163],[7.4524243,46.9568201],[7.4528031,46.9571064],[7.4530702,46.9573069],[7.4532748,46.9574619],[7.4540561,46.9580542],[7.454123,46.9581074],[7.4541285,46.9581118],[7.4542182,46.9582097],[7.4542222,46.9582145],[7.4543049,46.9582923],[7.4543401,46.9583252],[7.4544021,46.9583801],[7.4544155,46.9583911],[7.4544374,46.9584092],[7.4544719,46.9584365],[7.4545724,46.9585116],[7.4549199,46.9587752],[7.4549665,46.9588106],[7.4550473,46.9588712]]}},{"type":"Feature","properties":{"art":"tram"},"geometry":{"type":"LineString","coordinates":[[7.455,46.9588889],[7.4549301,46.9588352],[7.4545579,46.9585509],[7.4545349,46.9585334],[7.454421,46.958451],[7.4543798,46.9584152],[7.4543527,46.958395],[7.4543005,46.9583487],[7.4542581,46.9583054],[7.4541787,46.9582275],[7.4541732,46.9582194],[7.454144,46.9581888],[7.4541043,46.9581462],[7.454092,46.9581308],[7.4540873,46.958127],[7.4540539,46.9580969],[7.4539488,46.9580107],[7.4538149,46.957908],[7.4532477,46.9574811],[7.4531477,46.9574056],[7.4527566,46.957111],[7.452431,46.9568673],[7.4522294,46.9567083]]}},{"type":"Feature","properties":{"art":"tram"},"geometry":{"type":"LineString","coordinates":[[7.4616513,46.9599933],[7.4619128,46.9598991],[7.4620457,46.9598511],[7.4621695,46.9598074],[7.4624194,46.9597194],[7.4624237,46.9597177],[7.4624867,46.9596949],[7.4628244,46.9595732],[7.4634963,46.959334]]}},{"type":"Feature","properties":{"art":"tram"},"geometry":{"type":"LineString","coordinates":[[7.4520369,46.9564855],[7.4519974,46.9564049],[7.4519075,46.9562199],[7.4518466,46.9560945],[7.4517768,46.9559506],[7.4516849,46.9557587],[7.4516783,46.955745],[7.4515853,46.9555534],[7.4515191,46.9554147],[7.4514837,46.9553428],[7.4514495,46.9552722],[7.4514157,46.9552027],[7.4513975,46.9551698]]}},{"type":"Feature","properties":{"art":"tram"},"geometry":{"type":"LineString","coordinates":[[7.4520603,46.9564233],[7.4521053,46.9564953],[7.4521161,46.9565104],[7.4521392,46.9565426],[7.4521684,46.956578],[7.4521854,46.9565984],[7.452202,46.9566167],[7.4522279,46.9566444],[7.4522596,46.9566778],[7.4523005,46.9567163]]}},{"type":"Feature","properties":{"art":"tram"},"geometry":{"type":"LineString","coordinates":[[7.4522294,46.9567083],[7.4522004,46.956684],[7.4521697,46.9566562],[7.4521573,46.956644],[7.4521374,46.9566229],[7.4521112,46.9565937],[7.4520642,46.9565299],[7.4520507,46.9565082],[7.4520369,46.9564855]]}},{"type":"Feature","properties":{"art":"narrow_gauge"},"geometry":{"type":"LineString","coordinates":[[7.4581423,46.9795036],[7.4582151,46.979592],[7.4582816,46.9796738],[7.458334,46.9797414],[7.4583862,46.9798188],[7.4584886,46.9799592],[7.458546,46.9800355],[7.4586586,46.9801856],[7.4587485,46.9802945],[7.4590441,46.980644],[7.4592499,46.9808858],[7.4593222,46.9809679],[7.4593807,46.9810335],[7.4594452,46.9810994],[7.4595078,46.98116],[7.4595647,46.9812108],[7.4596236,46.9812588],[7.4596917,46.9813105],[7.4597541,46.9813566],[7.4598357,46.9814124],[7.4599194,46.981462],[7.4600077,46.9815118],[7.4601043,46.9815623],[7.460203,46.9816096],[7.4603195,46.98166],[7.4604352,46.9817054],[7.4605414,46.9817439],[7.4606358,46.9817744],[7.4607441,46.9818077],[7.4608738,46.9818431],[7.4609689,46.9818659],[7.4610896,46.9818926],[7.4615102,46.9819704],[7.4616707,46.9819996],[7.4617713,46.9820186],[7.4618636,46.982038],[7.4619886,46.9820654],[7.4620965,46.9820929],[7.4622083,46.9821243],[7.4623285,46.9821627],[7.4624443,46.9822029],[7.4625185,46.9822311],[7.4626478,46.982285],[7.4627466,46.9823301],[7.4628508,46.9823816],[7.4629529,46.982438],[7.4630322,46.9824843],[7.4631071,46.982532],[7.4632191,46.9826088],[7.4633026,46.9826727],[7.4633733,46.9827317],[7.4634519,46.982802],[7.4635072,46.9828557],[7.4635593,46.9829125],[7.4636163,46.9829784],[7.4636643,46.9830404],[7.4637097,46.9831041],[7.4637798,46.9832192],[7.4638228,46.9832991],[7.4638514,46.9833567],[7.4638857,46.9834413],[7.4639119,46.9835211],[7.4639342,46.9835993],[7.4639638,46.9837239],[7.4640038,46.9839436],[7.4640219,46.9840466],[7.464038,46.9841351],[7.4640661,46.9842703],[7.4640871,46.9843629],[7.4641105,46.9844575],[7.4641327,46.9845315],[7.4641567,46.9846149],[7.464181,46.9846863],[7.4642052,46.9847582],[7.4642369,46.9848411],[7.4642647,46.9849156],[7.4642971,46.9849876],[7.4643287,46.9850624],[7.4644246,46.9852516]]}},{"type":"Feature","properties":{"art":"narrow_gauge"},"geometry":{"type":"LineString","coordinates":[[7.4575887,46.9794959],[7.457578,46.9796506],[7.457541,46.9800456],[7.4575339,46.9801363],[7.4575088,46.9804137],[7.4574966,46.980553],[7.4574896,46.9806539],[7.4574892,46.9807454],[7.457495,46.9808614]]}},{"type":"Feature","properties":{"art":"narrow_gauge"},"geometry":{"type":"LineString","coordinates":[[7.4575887,46.9794959],[7.4576046,46.9793023],[7.4576029,46.9791923],[7.4575934,46.9791266],[7.4575515,46.9789514],[7.4574022,46.9784593],[7.4573833,46.9783827],[7.4573729,46.9783275],[7.4573417,46.9780113]]}},{"type":"Feature","properties":{"art":"narrow_gauge"},"geometry":{"type":"LineString","coordinates":[[7.4573417,46.9780113],[7.4574122,46.9782351],[7.4574581,46.9783608],[7.45752,46.9785235],[7.4575805,46.978649],[7.4577319,46.9789238],[7.457795,46.9790346],[7.4579361,46.9792392],[7.4581423,46.9795036]]}},{"type":"Feature","properties":{"art":"narrow_gauge"},"geometry":{"type":"LineString","coordinates":[[7.4581928,46.9794898],[7.4579835,46.9792248],[7.4578518,46.9790257],[7.4577538,46.9788714],[7.457628,46.9786334],[7.4575758,46.9785181],[7.4575088,46.9783524],[7.4574486,46.9781825],[7.4573903,46.9779887],[7.4573184,46.9777554]]}},{"type":"Feature","properties":{"art":"rail"},"geometry":{"type":"LineString","coordinates":[[7.458121,46.9791625],[7.4579705,46.978977],[7.4579199,46.9789112],[7.4578716,46.9788408],[7.457808,46.9787381],[7.4574648,46.9781246]]}},{"type":"Feature","properties":{"art":"narrow_gauge"},"geometry":{"type":"LineString","coordinates":[[7.4581725,46.979144],[7.4580321,46.9789673],[7.4579539,46.9788671],[7.4578839,46.9787617],[7.4577592,46.9785456],[7.4574339,46.9779645],[7.4573521,46.9778105],[7.4573323,46.9777597]]}},{"type":"Feature","properties":{"art":"rail"},"geometry":{"type":"LineString","coordinates":[[7.4695632,46.9743976],[7.4698643,46.9738606],[7.4700851,46.9734628],[7.4701671,46.9733053],[7.4702222,46.9731946],[7.4702801,46.9730672],[7.4702873,46.9730513],[7.4703301,46.9729513],[7.4703701,46.9728513],[7.4704166,46.9727199],[7.4704671,46.9725599],[7.4705042,46.9724189],[7.4705358,46.9722735],[7.4705575,46.9721446],[7.4705734,46.9720214],[7.4705842,46.9718938],[7.4705889,46.9717659],[7.4705847,46.9716392],[7.4705812,46.9715176],[7.4705426,46.9712554],[7.4705241,46.9711574],[7.4704921,46.9710215],[7.470459,46.9708983]]}},{"type":"Feature","properties":{"art":"tram"},"geometry":{"type":"LineString","coordinates":[[7.4645812,46.9586238],[7.4646219,46.9585672],[7.4646793,46.9585029],[7.4647229,46.9584647],[7.4650342,46.9582372],[7.4653775,46.9579682],[7.4653998,46.9579543],[7.4654218,46.9579433],[7.4654393,46.9579359],[7.4654602,46.9579282],[7.4654816,46.9579217],[7.4655127,46.9579145],[7.4655373,46.9579106],[7.4655567,46.9579084],[7.4655776,46.9579068],[7.465606,46.9579065],[7.4656352,46.9579079],[7.4656639,46.9579112],[7.4656996,46.957918],[7.4657232,46.9579239],[7.4657439,46.9579308],[7.46577,46.9579411],[7.4657903,46.9579509],[7.4657958,46.957954],[7.465807,46.9579603],[7.4658229,46.9579703],[7.4658395,46.9579829],[7.4658448,46.9579875],[7.4658564,46.9579976],[7.4658741,46.9580172],[7.4658861,46.9580334],[7.4658906,46.9580383],[7.4659046,46.9580696],[7.4659105,46.9580902],[7.4659134,46.9581089],[7.4659137,46.9581293],[7.4659121,46.9581441],[7.4659089,46.9581601],[7.4659035,46.9581767],[7.4658978,46.9581898],[7.4658907,46.958202],[7.4658783,46.9582198],[7.4658629,46.9582377],[7.4658184,46.958277],[7.4658126,46.9582815],[7.4655148,46.9585091],[7.4653395,46.9586439],[7.4652286,46.9587296],[7.465069,46.9588493],[7.4650152,46.9588849],[7.4649436,46.9589281]]}},{"type":"Feature","properties":{"art":"tram"},"geometry":{"type":"LineString","coordinates":[[7.3753698,46.9441936],[7.3754747,46.9442183],[7.3755171,46.9442345],[7.3755577,46.9442566],[7.3755828,46.944276],[7.3756054,46.9442947],[7.3756183,46.9443102],[7.3756337,46.9443362],[7.3756435,46.944359],[7.3756476,46.9443834],[7.3756436,46.9444266],[7.3756252,46.9444835],[7.3755998,46.9445719]]}},{"type":"Feature","properties":{"art":"rail"},"geometry":{"type":"LineString","coordinates":[[7.4850048,46.9492295],[7.4847117,46.9495313]]}},{"type":"Feature","properties":{"art":"narrow_gauge"},"geometry":{"type":"LineString","coordinates":[[7.5582936,46.9337043],[7.5584703,46.9336902],[7.5585319,46.9336813],[7.5585889,46.9336686],[7.5586323,46.9336551],[7.5586822,46.9336384],[7.55879,46.9335872]]}},{"type":"Feature","properties":{"art":"narrow_gauge"},"geometry":{"type":"LineString","coordinates":[[7.5592332,46.9332404],[7.5592088,46.9332886],[7.5591843,46.9333264],[7.5591506,46.9333696],[7.5591162,46.9334058],[7.559085,46.9334384],[7.559048,46.9334717],[7.559019,46.9334951],[7.5589595,46.9335367],[7.558237,46.9339515]]}},{"type":"Feature","properties":{"art":"narrow_gauge"},"geometry":{"type":"LineString","coordinates":[[7.5592999,46.9330638],[7.559296,46.9330743],[7.559266,46.9331364],[7.5592435,46.9331712],[7.5591768,46.9332415],[7.5591408,46.9332692],[7.5590952,46.9332999],[7.5590488,46.9333247],[7.5590019,46.933348],[7.5589402,46.9333748],[7.5588825,46.933395],[7.5588282,46.9334112],[7.5587706,46.9334266],[7.558713,46.9334398],[7.5586547,46.9334497],[7.558595,46.9334574],[7.5585245,46.9334641],[7.5584478,46.9334695],[7.5582603,46.9334824]]}},{"type":"Feature","properties":{"art":"narrow_gauge"},"geometry":{"type":"LineString","coordinates":[[7.5592999,46.9330638],[7.5593129,46.9330128],[7.5593177,46.9329781],[7.5593148,46.9328272]]}},{"type":"Feature","properties":{"art":"narrow_gauge"},"geometry":{"type":"LineString","coordinates":[[7.5494392,46.952455],[7.549801,46.9521838],[7.5503858,46.9516836],[7.550532,46.9515767],[7.5505608,46.9515557],[7.5507314,46.951457],[7.551078,46.9512755],[7.5514744,46.9511019],[7.5520193,46.9508722],[7.5529379,46.9505385],[7.5532359,46.9504303],[7.5535878,46.9503212],[7.5539601,46.950174],[7.55426,46.950037],[7.5546523,46.9497905],[7.554748,46.9497165],[7.555119,46.9493866]]}},{"type":"Feature","properties":{"art":"tram"},"geometry":{"type":"LineString","coordinates":[[7.4333268,46.945561],[7.4333688,46.9456289],[7.4333736,46.9456366],[7.4333933,46.9456604],[7.4334108,46.945681],[7.4334445,46.9457096],[7.4334817,46.9457366],[7.4335239,46.9457622],[7.4335595,46.9457796],[7.4335824,46.9457904],[7.4336108,46.9458019],[7.4336451,46.9458131],[7.4336779,46.9458227],[7.4337115,46.9458304],[7.4337434,46.9458365],[7.4337736,46.945841],[7.4337821,46.9458422],[7.4337995,46.9458447],[7.433824,46.945848],[7.4338676,46.9458525],[7.4338961,46.9458544]]}},{"type":"Feature","properties":{"art":"narrow_gauge"},"geometry":{"type":"LineString","coordinates":[[7.555119,46.9493866],[7.5554067,46.9491144],[7.555499,46.9490035],[7.5555854,46.9488957],[7.5556789,46.9487606],[7.5558537,46.9484599],[7.5559718,46.9481805],[7.5560785,46.9478158],[7.5561873,46.9472448],[7.556298,46.946745],[7.5563791,46.9465078],[7.5563862,46.9464869],[7.5565181,46.9462268],[7.5566418,46.9460254],[7.5567968,46.9458254],[7.5569904,46.9455856],[7.5573435,46.9451508],[7.5577457,46.944652],[7.5579947,46.9442845],[7.5581613,46.9439756],[7.558293,46.9436203]]}},{"type":"Feature","properties":{"art":"rail"},"geometry":{"type":"LineString","coordinates":[[7.4275774,46.949917],[7.4277853,46.9497027]]}},{"type":"Feature","properties":{"art":"tram"},"geometry":{"type":"LineString","coordinates":[[7.4407091,46.9464044],[7.4394443,46.9461915]]}},{"type":"Feature","properties":{"art":"tram"},"geometry":{"type":"LineString","coordinates":[[7.4409955,46.9467292],[7.4410015,46.9467108],[7.4410083,46.9466785],[7.44101,46.94665],[7.4410088,46.9466279],[7.4410057,46.9466071],[7.4409976,46.9465824],[7.4409866,46.9465609],[7.4409771,46.9465451],[7.4409668,46.94653],[7.4409536,46.9465162],[7.4409507,46.9465137],[7.4409435,46.9465065],[7.4409247,46.9464903],[7.4409089,46.9464786],[7.4408891,46.9464657],[7.4408698,46.9464548],[7.4408484,46.9464442],[7.4408322,46.9464371],[7.4408221,46.9464331],[7.4407978,46.9464245],[7.44077,46.9464164],[7.4407412,46.9464098],[7.4407091,46.9464044]]}},{"type":"Feature","properties":{"art":"tram"},"geometry":{"type":"LineString","coordinates":[[7.3810983,46.9377255],[7.3811412,46.9377581],[7.381152,46.9377658],[7.38123,46.9378113]]}},{"type":"Feature","properties":{"art":"tram"},"geometry":{"type":"LineString","coordinates":[[7.4398962,46.9474553],[7.4399308,46.9474536],[7.439956,46.9474517],[7.4399896,46.9474492],[7.4400165,46.9474464],[7.4400487,46.947442],[7.4400783,46.9474369],[7.4401093,46.9474312],[7.4401395,46.9474247],[7.4401767,46.9474157],[7.4406352,46.9473041],[7.4406587,46.947297],[7.4406804,46.9472895],[7.4406996,46.9472816],[7.4407176,46.9472733],[7.4407393,46.9472617],[7.4407539,46.9472529],[7.4407649,46.9472454],[7.4407737,46.9472393],[7.4407883,46.9472279],[7.4408037,46.9472142],[7.4408154,46.9472024],[7.4408251,46.9471914],[7.4408338,46.9471792],[7.4408443,46.9471601],[7.4408521,46.9471442],[7.4408755,46.9470805],[7.4409873,46.9467533],[7.4409955,46.9467292]]}},{"type":"Feature","properties":{"art":"tram"},"geometry":{"type":"LineString","coordinates":[[7.3810049,46.9377962],[7.3809015,46.9377724],[7.3807749,46.9377469],[7.3806566,46.9377267],[7.3805366,46.9377101],[7.3803975,46.9376939],[7.3803296,46.9376858],[7.3802866,46.9376782],[7.3802559,46.9376697]]}},{"type":"Feature","properties":{"art":"tram"},"geometry":{"type":"LineString","coordinates":[[7.4409629,46.9477339],[7.441299,46.9478119],[7.4414765,46.9478511]]}},{"type":"Feature","properties":{"art":"tram"},"geometry":{"type":"LineString","coordinates":[[7.4413961,46.947868],[7.4412729,46.9478418],[7.4411696,46.9478191],[7.4411032,46.9478046],[7.4408568,46.9477479],[7.4408363,46.9477432],[7.4406657,46.9477003],[7.4402378,46.9475949],[7.4401437,46.9475731],[7.4400373,46.9475481],[7.4399607,46.947529],[7.4398494,46.9475031],[7.4397677,46.9474863]]}},{"type":"Feature","properties":{"art":"tram"},"geometry":{"type":"LineString","coordinates":[[7.4529416,46.9279386],[7.4529422,46.9279456],[7.4529462,46.9279642],[7.4529453,46.9279921],[7.4529386,46.9280189],[7.4529197,46.9280513],[7.4528835,46.9280895],[7.4528344,46.9281281],[7.4523274,46.9283645],[7.4518994,46.9285642],[7.4516035,46.9287022],[7.4515223,46.92874],[7.4514447,46.9287762],[7.4514091,46.9287928],[7.4511893,46.9288945],[7.4510651,46.9289524],[7.4504252,46.9292563],[7.4502317,46.9293354],[7.4497589,46.9294961],[7.4495553,46.9295656],[7.44942,46.9296147],[7.4490702,46.9297623],[7.4489024,46.9298397],[7.4488604,46.9298629],[7.4488186,46.9298861],[7.4487401,46.9299258],[7.4486397,46.9299712],[7.4485642,46.9300026],[7.4484578,46.9300496],[7.4483437,46.930097],[7.448272,46.9301269],[7.4482225,46.9301478],[7.4481904,46.9301614],[7.4481034,46.9302059],[7.4480797,46.93022],[7.4480377,46.9302449],[7.4480154,46.9302614],[7.4479707,46.930297],[7.4479371,46.9303268],[7.4477518,46.930495],[7.4474757,46.930746],[7.447416,46.9307964],[7.4473538,46.9308459],[7.4472974,46.9308887],[7.4472379,46.9309273],[7.4471746,46.9309664],[7.4470828,46.9310193],[7.446978,46.9310736],[7.4469538,46.9310862],[7.4468542,46.9311351],[7.4467557,46.9311783],[7.4466586,46.9312193],[7.446517,46.9312736],[7.4463788,46.9313225],[7.4462952,46.9313499],[7.4462222,46.93137],[7.4461332,46.9313946],[7.4460613,46.9314119],[7.4458971,46.9314486],[7.4458294,46.9314637],[7.4457564,46.9314799],[7.4456579,46.9315016],[7.4455656,46.9315234],[7.4454824,46.9315483],[7.4454685,46.9315525],[7.4453863,46.9315831],[7.445237,46.9316505],[7.444883,46.931825],[7.4447463,46.9318909],[7.4444414,46.9320354],[7.4442824,46.932112],[7.4440273,46.9322205],[7.4437219,46.9323453],[7.4434132,46.9324644],[7.4431585,46.9325564],[7.4429517,46.932629],[7.4427807,46.9326884],[7.4425154,46.9327808],[7.4421163,46.9329177],[7.4419129,46.9329893],[7.4417162,46.9330576],[7.4415597,46.9331114],[7.441421,46.9331612],[7.4412881,46.9332097],[7.441133,46.9332773],[7.4410279,46.9333225],[7.4409558,46.9333586],[7.4408549,46.9334083],[7.4407604,46.9334611],[7.4406784,46.9335109],[7.4405568,46.9335877],[7.4404716,46.9336487],[7.4403701,46.9337201],[7.440234,46.9338068],[7.4402258,46.933812],[7.4401404,46.9338588],[7.4400416,46.9339077],[7.4395147,46.9341317],[7.4394245,46.9341669],[7.4393512,46.9341871],[7.4392606,46.9342119],[7.4389919,46.9342729],[7.4388839,46.9342925],[7.4387435,46.934326],[7.438594,46.9343647],[7.438517,46.9343863],[7.4384015,46.9344183],[7.4383177,46.9344446],[7.4382466,46.9344686],[7.4381833,46.93449],[7.4380587,46.9345333],[7.4377937,46.9346302],[7.4375363,46.9347256],[7.4374726,46.9347492],[7.4373762,46.9347833]]}},{"type":"Feature","properties":{"art":"tram"},"geometry":{"type":"LineString","coordinates":[[7.4919133,46.9328399],[7.4918241,46.9328164],[7.4916874,46.9327851],[7.4916106,46.9327693],[7.4915263,46.9327558],[7.4913847,46.9327363],[7.4912372,46.9327229],[7.4910549,46.932715],[7.490872,46.9327154],[7.4905462,46.932726],[7.4903604,46.9327284],[7.4901843,46.9327243],[7.4899908,46.9327081],[7.4898014,46.9326806],[7.489687,46.9326568],[7.4895758,46.9326286],[7.489461,46.9325963],[7.4893628,46.9325646],[7.489263,46.9325296],[7.489064,46.9324567],[7.4889173,46.9323992],[7.4879546,46.9320341],[7.4877943,46.9319643],[7.4876845,46.9319106],[7.4875301,46.9318199],[7.4871842,46.9315847],[7.4870512,46.931497]]}},{"type":"Feature","properties":{"art":"tram"},"geometry":{"type":"LineString","coordinates":[[7.4865858,46.9313532],[7.4865511,46.9313539],[7.4865166,46.9313545],[7.4864602,46.9313587],[7.4864099,46.9313645],[7.4863661,46.9313724],[7.4863187,46.9313846],[7.4862708,46.9313984],[7.4861917,46.9314247],[7.485445,46.9317121],[7.4852968,46.9317713],[7.4851931,46.9318176],[7.4851404,46.931846],[7.4850534,46.9318976],[7.4849891,46.931937],[7.4848568,46.9320277],[7.484647,46.9321708],[7.4845173,46.9322714],[7.4843949,46.9323827],[7.4842739,46.9325032],[7.4840666,46.9327185],[7.4837711,46.9330207],[7.4836749,46.9331132],[7.4835442,46.9332285],[7.4833514,46.9333869],[7.4830584,46.9335994],[7.4826795,46.9338636],[7.4825928,46.9339269],[7.4824514,46.9340288],[7.4822233,46.934189],[7.4817284,46.93455],[7.4816214,46.9346228],[7.481429,46.9347394],[7.4812454,46.9348329],[7.4808052,46.935024],[7.4806685,46.9350904],[7.4806153,46.9351133],[7.4803827,46.935219],[7.4799107,46.9354143],[7.4791831,46.9357315],[7.4786762,46.9359635],[7.4785245,46.9360328],[7.4780929,46.9362032],[7.4774211,46.9364634]]}},{"type":"Feature","properties":{"art":"tram"},"geometry":{"type":"LineString","coordinates":[[7.4870618,46.9314604],[7.4875451,46.9317895],[7.4877037,46.9318852],[7.4878151,46.9319423],[7.4879752,46.9320156],[7.4889374,46.9323773],[7.4890819,46.9324338],[7.4892801,46.9325062],[7.4893785,46.9325403],[7.4894749,46.9325705],[7.4895886,46.9326032],[7.4896985,46.9326286],[7.4898117,46.9326512],[7.4899998,46.9326776],[7.490186,46.9326916],[7.4903628,46.932694],[7.490543,46.932692],[7.4908682,46.9326814],[7.4910538,46.9326817],[7.4912402,46.9326906],[7.4913918,46.9327035],[7.4915356,46.9327239],[7.4916856,46.9327507],[7.491829,46.9327837],[7.4919342,46.9328116]]}},{"type":"Feature","properties":{"art":"tram"},"geometry":{"type":"LineString","coordinates":[[7.5067681,46.9338558],[7.5069584,46.9337491],[7.5074408,46.9334781],[7.5076381,46.9333719],[7.5077799,46.9332958],[7.5079277,46.9332305],[7.5080709,46.9331794],[7.5082315,46.9331342],[7.5084675,46.9330855],[7.5093529,46.9329357],[7.5097371,46.9328759],[7.5100621,46.9328377],[7.5105226,46.932796],[7.5105676,46.9327925],[7.5111076,46.9327502],[7.5111472,46.9327471],[7.5113047,46.9327363],[7.5119582,46.9326915],[7.5123694,46.9326682],[7.5129155,46.9326702],[7.5132256,46.9326824],[7.5136156,46.9327128],[7.5140315,46.9327506],[7.5141684,46.9327608],[7.5142976,46.9327682],[7.5143739,46.9327714],[7.5145242,46.9327747],[7.5146735,46.9327729],[7.5148186,46.9327671],[7.5149996,46.9327561],[7.5153209,46.9327312]]}},{"type":"Feature","properties":{"art":"tram"},"geometry":{"type":"LineString","coordinates":[[7.5457347,46.926605],[7.5464577,46.9262469],[7.546637,46.926171],[7.5468138,46.926119],[7.5469942,46.9260753],[7.5471835,46.9260467],[7.5473551,46.9260338],[7.5475558,46.9260326],[7.547787,46.926057],[7.5480089,46.9260982],[7.5483149,46.9261698],[7.5485579,46.9262257],[7.548742,46.9262529],[7.5489004,46.926274],[7.5490451,46.9262896],[7.5492129,46.9262912],[7.5494219,46.9262795],[7.5496356,46.9262545],[7.5500015,46.9261865],[7.5503473,46.9261396],[7.5505324,46.9261357],[7.5507212,46.9261404],[7.5508931,46.926165],[7.5510186,46.9261833],[7.5511815,46.9262227],[7.5513389,46.9262784],[7.5515476,46.926369],[7.5517512,46.9264979],[7.5518493,46.9265881],[7.5519498,46.9266872],[7.5520456,46.9268054],[7.552162,46.9270137],[7.552302,46.927249],[7.5524544,46.9274371],[7.5526051,46.9275665],[7.5527586,46.927667],[7.5529374,46.927762],[7.5531395,46.9278438],[7.5533566,46.9278987],[7.5535566,46.9279363],[7.5537714,46.9279583],[7.553983,46.9279619],[7.5541821,46.9279537],[7.5545353,46.9279286],[7.5549218,46.9279103],[7.5551748,46.9279201],[7.5554022,46.9279462],[7.5556567,46.9280032],[7.5559069,46.9280828],[7.5561172,46.9281759],[7.5564581,46.9283568],[7.5570977,46.9287181]]}},{"type":"Feature","properties":{"art":"tram"},"geometry":{"type":"LineString","coordinates":[[7.5291722,46.9301781],[7.5295673,46.9301206],[7.5297251,46.9300948],[7.5298738,46.9300663],[7.5300459,46.9300264],[7.5301611,46.9299922],[7.5302192,46.9299749],[7.5303628,46.9299281],[7.5303985,46.9299164],[7.5307726,46.9297861],[7.5308963,46.9297428],[7.5311646,46.9296438],[7.5315441,46.9295244],[7.5317394,46.9294711],[7.5319476,46.9294277],[7.5322399,46.9293787],[7.532662,46.9293211],[7.5328737,46.929283],[7.5331618,46.9292234]]}},{"type":"Feature","properties":{"art":"tram"},"geometry":{"type":"LineString","coordinates":[[7.5048548,46.9348297],[7.5050754,46.9347218],[7.5051583,46.9346813],[7.5053362,46.9345943],[7.5055649,46.9344813],[7.5056004,46.9344638],[7.5057488,46.9343825],[7.5062302,46.9341136],[7.5062713,46.9340924]]}},{"type":"Feature","properties":{"art":"tram"},"geometry":{"type":"LineString","coordinates":[[7.464281,46.9592892],[7.4642334,46.9593136],[7.4642123,46.9593224],[7.4641925,46.9593292],[7.4641696,46.9593364],[7.464148,46.9593419],[7.4641184,46.9593485],[7.4640867,46.959353],[7.4640851,46.9593533],[7.4640721,46.9593544],[7.4640509,46.9593558],[7.4640237,46.9593555],[7.4640159,46.9593555],[7.4639885,46.9593545],[7.463918,46.9593489],[7.4638941,46.9593478],[7.4638745,46.9593467],[7.4638707,46.9593464],[7.4637296,46.9593348],[7.4636868,46.9593316],[7.4636505,46.9593321],[7.4636095,46.9593352],[7.4635397,46.9593493],[7.463465,46.9593733],[7.4633861,46.9594039]]}},{"type":"Feature","properties":{"art":"tram"},"geometry":{"type":"LineString","coordinates":[[7.4855785,46.9377256],[7.4854881,46.9377305],[7.4853518,46.9377373]]}},{"type":"Feature","properties":{"art":"tram"},"geometry":{"type":"LineString","coordinates":[[7.4199605,46.9445391],[7.4180124,46.9444006],[7.4170255,46.9443304],[7.4163995,46.9442851],[7.416316,46.944279],[7.4161662,46.9442726],[7.4159509,46.9442631],[7.4157998,46.944256],[7.4156366,46.9442499],[7.4153242,46.9442242],[7.4146838,46.944181],[7.414597,46.9441751],[7.4144665,46.9441652],[7.4139184,46.9441172],[7.4136479,46.9440985],[7.4124818,46.944018],[7.4123421,46.9440118],[7.4122097,46.9440069],[7.4119991,46.9439945],[7.4119351,46.9439897],[7.4113011,46.9439435],[7.4112077,46.9439374],[7.4110536,46.9439266],[7.4110411,46.9439257],[7.4096404,46.943822],[7.4096,46.9438184],[7.4093598,46.9437962],[7.4092735,46.9437872],[7.4091619,46.9437696],[7.4091335,46.9437654],[7.4089109,46.9437308],[7.4080722,46.943583],[7.407877,46.9435508],[7.407771,46.9435333],[7.4076578,46.9435146],[7.4075471,46.9434963]]}},{"type":"Feature","properties":{"art":"tram"},"geometry":{"type":"LineString","coordinates":[[7.4554967,46.9591218],[7.4554682,46.9591175],[7.4553665,46.9590969],[7.4553037,46.9590767],[7.4552531,46.9590573],[7.4552154,46.95904],[7.4551787,46.9590185],[7.4551101,46.9589716],[7.4551026,46.958967],[7.4550651,46.9589385],[7.455042,46.958921],[7.455,46.9588889]]}},{"type":"Feature","properties":{"art":"tram"},"geometry":{"type":"LineString","coordinates":[[7.4689153,46.9429571],[7.4687442,46.9428665],[7.4685987,46.9427935],[7.4667168,46.9419079],[7.4666789,46.9418901],[7.4665204,46.9418159]]}},{"type":"Feature","properties":{"art":"tram"},"geometry":{"type":"LineString","coordinates":[[7.4311034,46.9410021],[7.43112,46.940963],[7.4311446,46.9409053],[7.4312115,46.9407758],[7.431234,46.9407339],[7.4312668,46.9406775]]}},{"type":"Feature","properties":{"art":"tram"},"geometry":{"type":"LineString","coordinates":[[7.4311596,46.9410142],[7.4310002,46.9413961],[7.4309762,46.9414474],[7.4309548,46.9415017],[7.4309467,46.9415345],[7.4309422,46.9415638],[7.4309452,46.9415889],[7.4309549,46.9416259],[7.4309689,46.9416674],[7.4310235,46.9417569],[7.4311643,46.9419863]]}},{"type":"Feature","properties":{"art":"tram"},"geometry":{"type":"LineString","coordinates":[[7.4333456,46.9356115],[7.4333464,46.9356273],[7.4333462,46.9356365],[7.4333433,46.9356557],[7.4333384,46.9356734],[7.4333284,46.9356922],[7.4333132,46.9357127],[7.4332921,46.9357351],[7.4332774,46.9357497],[7.4332614,46.9357646],[7.4332335,46.9357903],[7.4332044,46.935816]]}},{"type":"Feature","properties":{"art":"tram"},"geometry":{"type":"LineString","coordinates":[[7.4434499,46.9482303],[7.4428478,46.9481359],[7.4426492,46.9481009],[7.4425525,46.9480878],[7.4423738,46.9480676],[7.4423448,46.9480634],[7.4423072,46.9480579],[7.4422966,46.9480559],[7.4422328,46.9480441],[7.4421714,46.9480311],[7.4417519,46.9479423],[7.4416055,46.9479114],[7.4414841,46.9478861]]}},{"type":"Feature","properties":{"art":"tram"},"geometry":{"type":"LineString","coordinates":[[7.4592086,46.9405248],[7.4591786,46.9405207],[7.4591535,46.9405181],[7.4590166,46.9405056],[7.4589417,46.9405016],[7.4588832,46.9404996],[7.4588052,46.9404998],[7.4587463,46.9405009],[7.4587026,46.9405029],[7.4586711,46.9405052],[7.4585997,46.9405105],[7.4585557,46.9405151],[7.4585073,46.9405208],[7.4584607,46.9405264],[7.4584317,46.940531],[7.4584102,46.940534],[7.4583638,46.9405423],[7.4583153,46.9405518],[7.4582708,46.9405613],[7.458221,46.9405731],[7.4581828,46.9405825],[7.4581371,46.9405948],[7.4580815,46.9406114],[7.4580302,46.9406276]]}},{"type":"Feature","properties":{"art":"tram"},"geometry":{"type":"LineString","coordinates":[[7.4235705,46.9454004],[7.4235213,46.9453972],[7.4234957,46.9453955],[7.4234258,46.9453874],[7.4233607,46.9453752],[7.4233509,46.9453734],[7.4232848,46.9453578],[7.4232044,46.945332],[7.423139,46.9453001],[7.4230609,46.9452657],[7.4219937,46.9446986],[7.4219842,46.9446947],[7.4219335,46.9446739],[7.4218397,46.9446501]]}},{"type":"Feature","properties":{"art":"tram"},"geometry":{"type":"LineString","coordinates":[[7.4070297,46.9434089],[7.4069003,46.9433745],[7.4068614,46.9433641],[7.4061992,46.9431877],[7.4061149,46.9431658],[7.406072,46.9431546],[7.4060011,46.9431362],[7.405958,46.9431199],[7.405905,46.943093],[7.4057981,46.9430251],[7.4057112,46.9429759]]}},{"type":"Feature","properties":{"art":"tram"},"geometry":{"type":"LineString","coordinates":[[7.4057112,46.9429759],[7.4056042,46.9429279],[7.4047249,46.9425899],[7.4046707,46.9425691]]}},{"type":"Feature","properties":{"art":"rail"},"geometry":{"type":"LineString","coordinates":[[7.4659491,46.9806023],[7.4660439,46.9804184],[7.4661639,46.9801945],[7.4663901,46.9797874],[7.4667515,46.9791426]]}},{"type":"Feature","properties":{"art":"rail"},"geometry":{"type":"LineString","coordinates":[[7.46917,46.9748519],[7.4694582,46.9743355],[7.4696086,46.9740707],[7.4697449,46.973828],[7.4699682,46.9734305],[7.4700541,46.9732758],[7.4701108,46.9731684],[7.4701732,46.9730433],[7.4701804,46.9730274],[7.4702219,46.9729322],[7.4702629,46.9728346],[7.4703115,46.9727025],[7.4703601,46.9725492],[7.4703975,46.972407],[7.4704279,46.9722622],[7.4704461,46.972139],[7.4704593,46.9720168],[7.4704662,46.9718905],[7.4704685,46.9717669],[7.4704641,46.9716425],[7.4704605,46.9715174],[7.4704196,46.9712502],[7.4703603,46.9710221],[7.4703286,46.9709063]]}},{"type":"Feature","properties":{"art":"rail"},"geometry":{"type":"LineString","coordinates":[[7.4696484,46.9741528],[7.4695046,46.9744082],[7.4693006,46.9747679],[7.4691243,46.9750825],[7.4689617,46.9753689]]}},{"type":"Feature","properties":{"art":"rail"},"geometry":{"type":"LineString","coordinates":[[7.4404268,46.95122],[7.4403436,46.9510308],[7.4403098,46.9509331]]}},{"type":"Feature","properties":{"art":"rail"},"geometry":{"type":"LineString","coordinates":[[7.4410649,46.9523756],[7.4411151,46.9524557],[7.4413536,46.9528363]]}},{"type":"Feature","properties":{"art":"rail"},"geometry":{"type":"LineString","coordinates":[[7.4347805,46.9478517],[7.434583,46.9478213],[7.4341243,46.9477625]]}},{"type":"Feature","properties":{"art":"rail"},"geometry":{"type":"LineString","coordinates":[[7.4742786,46.9757585],[7.4739077,46.9761298],[7.4738632,46.9761747],[7.4736022,46.9764081],[7.4734048,46.9765319],[7.4732411,46.9766316],[7.4730833,46.976719],[7.4728375,46.9768329],[7.4708101,46.9776874]]}},{"type":"Feature","properties":{"art":"rail"},"geometry":{"type":"LineString","coordinates":[[7.4708101,46.9776874],[7.4705346,46.9778027],[7.4703082,46.9778943],[7.470156,46.9779517],[7.4700042,46.9780036],[7.4698557,46.9780451],[7.4696993,46.9780819],[7.4695447,46.9781092],[7.469421,46.9781264],[7.4692935,46.9781403],[7.4691614,46.9781505],[7.4686146,46.978181],[7.4684793,46.9781909],[7.4683269,46.9782062]]}},{"type":"Feature","properties":{"art":"rail"},"geometry":{"type":"LineString","coordinates":[[7.4789738,46.9624449],[7.4792359,46.9622281],[7.4794279,46.9620554],[7.4795822,46.9619183],[7.4797396,46.9617641],[7.4798826,46.9616163],[7.4800152,46.9614687],[7.4801166,46.9613466],[7.4802215,46.9612138],[7.4803299,46.9610575],[7.4804345,46.9608999],[7.480529,46.9607388],[7.4806192,46.9605766],[7.4806967,46.9604197],[7.4807682,46.9602562],[7.4808029,46.9601708],[7.4808369,46.9600853],[7.4808819,46.9599465],[7.4809338,46.9597743],[7.4811146,46.9591103]]}},{"type":"Feature","properties":{"art":"rail"},"geometry":{"type":"LineString","coordinates":[[7.4600046,46.9660383],[7.4598326,46.9659929],[7.459631,46.9659429],[7.459235,46.9658485]]}},{"type":"Feature","properties":{"art":"rail"},"geometry":{"type":"LineString","coordinates":[[7.4568248,46.9241576],[7.4569516,46.9240624]]}},{"type":"Feature","properties":{"art":"rail"},"geometry":{"type":"LineString","coordinates":[[7.4588591,46.9226316],[7.4589335,46.9225765]]}},{"type":"Feature","properties":{"art":"rail"},"geometry":{"type":"LineString","coordinates":[[7.4569516,46.9240624],[7.4586803,46.9227658],[7.4588591,46.9226316]]}},{"type":"Feature","properties":{"art":"rail"},"geometry":{"type":"LineString","coordinates":[[7.4589335,46.9225765],[7.4593717,46.9222341],[7.4595735,46.9220597]]}},{"type":"Feature","properties":{"art":"tram"},"geometry":{"type":"LineString","coordinates":[[7.5612798,46.9301024],[7.5610034,46.930077],[7.5608465,46.9300627],[7.5606887,46.9300453],[7.5605299,46.9300198],[7.5603447,46.9299755]]}},{"type":"Feature","properties":{"art":"tram"},"geometry":{"type":"LineString","coordinates":[[7.5612735,46.9301371],[7.5609956,46.9301105],[7.5608407,46.9300948],[7.5606813,46.9300791],[7.560516,46.9300519],[7.5603269,46.9300057]]}},{"type":"Feature","properties":{"art":"tram"},"geometry":{"type":"LineString","coordinates":[[7.5612667,46.9301705],[7.5609896,46.9301437],[7.5608333,46.9301283],[7.560671,46.9301122],[7.5605066,46.930085],[7.5603091,46.9300359]]}},{"type":"Feature","properties":{"art":"tram"},"geometry":{"type":"LineString","coordinates":[[7.5612616,46.9302022],[7.5609824,46.9301769],[7.5608268,46.9301627],[7.5606624,46.9301464],[7.5604909,46.9301186],[7.5602913,46.9300662]]}},{"type":"Feature","properties":{"art":"tram"},"geometry":{"type":"LineString","coordinates":[[7.5612545,46.9302348],[7.5609772,46.9302099],[7.5608204,46.9301959],[7.5606538,46.9301783],[7.5604784,46.930151],[7.5602735,46.9300964]]}},{"type":"Feature","properties":{"art":"tram"},"geometry":{"type":"LineString","coordinates":[[7.5612475,46.9302706],[7.5609709,46.9302436],[7.5608134,46.9302287],[7.5606457,46.9302118],[7.5604636,46.9301822],[7.5602558,46.9301267]]}},{"type":"Feature","properties":{"art":"tram"},"geometry":{"type":"LineString","coordinates":[[7.561783,46.930142],[7.5617255,46.9301576],[7.5616102,46.9301883],[7.5615586,46.930201],[7.5615153,46.9302092],[7.5614648,46.930214],[7.561412,46.9302149],[7.5613532,46.9302115],[7.5612616,46.9302022]]}},{"type":"Feature","properties":{"art":"tram"},"geometry":{"type":"LineString","coordinates":[[7.5610282,46.9303085],[7.5608651,46.9302937]]}},{"type":"Feature","properties":{"art":"tram"},"geometry":{"type":"LineString","coordinates":[[7.5608651,46.9302937],[7.5607024,46.9302805],[7.5606124,46.9302706],[7.5605421,46.9302569],[7.5604599,46.930237],[7.560206,46.930171],[7.5600618,46.9301322],[7.5599351,46.9300968],[7.5598204,46.9300608],[7.5596882,46.9300157],[7.5594833,46.929936]]}},{"type":"Feature","properties":{"art":"narrow_gauge"},"geometry":{"type":"LineString","coordinates":[[7.5582437,46.9333703],[7.557176,46.9334506]]}},{"type":"Feature","properties":{"art":"narrow_gauge"},"geometry":{"type":"LineString","coordinates":[[7.5582519,46.9334238],[7.5571835,46.9335004]]}},{"type":"Feature","properties":{"art":"narrow_gauge"},"geometry":{"type":"LineString","coordinates":[[7.5582693,46.9335414],[7.5571995,46.9336165]]}},{"type":"Feature","properties":{"art":"narrow_gauge"},"geometry":{"type":"LineString","coordinates":[[7.5582749,46.9335791],[7.5572047,46.9336557]]}},{"type":"Feature","properties":{"art":"narrow_gauge"},"geometry":{"type":"LineString","coordinates":[[7.5582822,46.9336281],[7.5572138,46.9337023]]}},{"type":"Feature","properties":{"art":"narrow_gauge"},"geometry":{"type":"LineString","coordinates":[[7.5582936,46.9337043],[7.5572255,46.9337816]]}},{"type":"Feature","properties":{"art":"narrow_gauge"},"geometry":{"type":"LineString","coordinates":[[7.5583042,46.9337751],[7.5572372,46.9338479]]}},{"type":"Feature","properties":{"art":"narrow_gauge"},"geometry":{"type":"LineString","coordinates":[[7.5582603,46.9334824],[7.5571923,46.9335594]]}},{"type":"Feature","properties":{"art":"rail"},"geometry":{"type":"LineString","coordinates":[[7.448867,46.9635635],[7.4486884,46.9635156],[7.4485836,46.9634858],[7.4484782,46.9634557],[7.448383,46.9634269],[7.4482889,46.963397],[7.4481851,46.9633633],[7.4480825,46.9633281],[7.4479825,46.9632924],[7.4478831,46.9632566],[7.4477767,46.9632154],[7.4476315,46.9631555],[7.4474862,46.9630913],[7.447328,46.9630177],[7.4471701,46.9629387],[7.4470191,46.9628578],[7.446869,46.9627726],[7.4467264,46.9626862],[7.4465895,46.9625943],[7.4464506,46.9625],[7.4463211,46.9624037],[7.4460703,46.9622053],[7.4459458,46.9620929],[7.4458247,46.9619796]]}},{"type":"Feature","properties":{"art":"narrow_gauge"},"geometry":{"type":"LineString","coordinates":[[7.4855255,46.9730648],[7.4847966,46.9732393],[7.4847057,46.9732592],[7.4846431,46.9732734],[7.4845885,46.973285],[7.4844681,46.9733106],[7.4842732,46.9733455],[7.4840285,46.973384],[7.4838357,46.9734145],[7.4836538,46.9734413],[7.4835393,46.9734562],[7.4833775,46.973471],[7.483275,46.9734798],[7.4831729,46.9734856],[7.4830515,46.9734872],[7.4828942,46.9734859],[7.4827589,46.9734813],[7.4826465,46.973475],[7.482522,46.9734646],[7.4823835,46.9734493],[7.4822315,46.9734266],[7.4820943,46.9734008],[7.4817595,46.9733299]]}},{"type":"Feature","properties":{"art":"narrow_gauge"},"geometry":{"type":"LineString","coordinates":[[7.4855255,46.9730648],[7.4852709,46.9731183],[7.4851136,46.9731472],[7.484714,46.9732181],[7.4846565,46.9732285],[7.484602,46.9732389],[7.4844558,46.9732667],[7.4842564,46.9733043],[7.4840169,46.9733466],[7.4838203,46.9733782],[7.4836418,46.973403],[7.4835262,46.9734175],[7.4833667,46.9734332],[7.4832727,46.9734403],[7.4831748,46.9734453],[7.4830488,46.9734474],[7.4828961,46.9734463],[7.4827662,46.9734428]]}},{"type":"Feature","properties":{"art":"narrow_gauge"},"geometry":{"type":"LineString","coordinates":[[7.4866488,46.9727152],[7.4862826,46.9728242],[7.4857919,46.9729925],[7.4856631,46.9730291],[7.4855255,46.9730648]]}},{"type":"Feature","properties":{"art":"narrow_gauge"},"geometry":{"type":"LineString","coordinates":[[7.4386667,46.9504406],[7.4386018,46.9504753],[7.4384165,46.9505903]]}},{"type":"Feature","properties":{"art":"rail"},"geometry":{"type":"LineString","coordinates":[[7.4417905,46.9537189],[7.4417882,46.9537149],[7.4414251,46.9530646],[7.4412984,46.9528516]]}},{"type":"Feature","properties":{"art":"rail"},"geometry":{"type":"LineString","coordinates":[[7.4330094,46.947669],[7.4328492,46.9476505],[7.4327272,46.9476416],[7.4325201,46.9476282]]}},{"type":"Feature","properties":{"art":"rail"},"geometry":{"type":"LineString","coordinates":[[7.4334223,46.9476748],[7.4329887,46.9476256],[7.4328384,46.9476109],[7.4326935,46.9476004],[7.4323889,46.9475868],[7.4321361,46.9475843],[7.4317582,46.9475911],[7.4313854,46.9476085]]}},{"type":"Feature","properties":{"art":"rail"},"geometry":{"type":"LineString","coordinates":[[7.4406601,46.9519413],[7.4408758,46.9522841],[7.4410359,46.9525329]]}},{"type":"Feature","properties":{"art":"rail"},"geometry":{"type":"LineString","coordinates":[[7.4620914,46.999893],[7.4621129,46.9999448],[7.462174,47.0000827],[7.4622454,47.0002376],[7.4622758,47.0003016],[7.4624992,47.0007621],[7.4627195,47.0012187],[7.4630798,47.0019598]]}},{"type":"Feature","properties":{"art":"rail"},"geometry":{"type":"LineString","coordinates":[[7.5004797,46.8848193],[7.500378,46.8852216],[7.5001908,46.8857753],[7.4999882,46.8862493],[7.4998446,46.8865347]]}},{"type":"Feature","properties":{"art":"rail"},"geometry":{"type":"LineString","coordinates":[[7.4473252,46.9281952],[7.4461235,46.9284596],[7.4452534,46.9286541],[7.4442412,46.9288772],[7.4437802,46.9289838],[7.4434306,46.9290682]]}},{"type":"Feature","properties":{"art":"rail"},"geometry":{"type":"LineString","coordinates":[[7.4841138,46.9024373],[7.4852599,46.9016839],[7.4871056,46.9005473],[7.4874972,46.9002954],[7.4876928,46.9001655],[7.4878741,46.9000338],[7.4880879,46.8998771],[7.488285,46.8997193],[7.4884938,46.8995454],[7.488694,46.8993696],[7.4916017,46.8968043],[7.4922577,46.8961872],[7.4925477,46.895847],[7.4929064,46.8953492],[7.4930946,46.8950796],[7.4932235,46.894895],[7.493386,46.8946875],[7.4935617,46.8944857],[7.4937386,46.8942925],[7.4939456,46.894102],[7.4942272,46.8938569],[7.4947801,46.8934145],[7.4950622,46.8931669],[7.4953634,46.8928631],[7.4961263,46.8920155]]}},{"type":"Feature","properties":{"art":"rail"},"geometry":{"type":"LineString","coordinates":[[7.4122239,46.94826],[7.4122034,46.9482459],[7.4117197,46.947876],[7.4113664,46.9476202],[7.411251,46.9475342],[7.4111105,46.9474331],[7.4109683,46.947334],[7.4107951,46.9472207]]}},{"type":"Feature","properties":{"art":"rail"},"geometry":{"type":"LineString","coordinates":[[7.410529,46.9470009],[7.4111353,46.9473816],[7.4114308,46.9475762],[7.4115739,46.9476786],[7.4117821,46.9478416],[7.4122594,46.948224],[7.412384,46.948325],[7.4125107,46.9484256],[7.4126382,46.948525],[7.4127738,46.9486226],[7.4128816,46.9486923],[7.4132911,46.9489582]]}},{"type":"Feature","properties":{"art":"rail"},"geometry":{"type":"LineString","coordinates":[[7.4741981,46.9080595],[7.4743983,46.9079822],[7.4746557,46.9078836],[7.4748318,46.9078107],[7.4750055,46.907734],[7.4751691,46.9076522],[7.4753316,46.9075621],[7.47544,46.9074995],[7.4755477,46.9074346],[7.4757632,46.9072989],[7.4763425,46.9069338],[7.476633,46.9067508],[7.476926,46.906571],[7.4770696,46.9064873],[7.4772165,46.9064061],[7.4773676,46.9063277],[7.4775331,46.9062484],[7.4778473,46.9061],[7.4780065,46.9060253],[7.4781604,46.9059487],[7.4782877,46.9058813],[7.4784122,46.9058097],[7.4785306,46.9057343],[7.4786422,46.9056586],[7.4787676,46.9055661],[7.4788869,46.9054677],[7.4790029,46.9053696],[7.4791156,46.9052706],[7.47927,46.9051317],[7.4794283,46.9049953],[7.4795096,46.9049282],[7.4795937,46.9048638],[7.4796826,46.9047982],[7.4797751,46.9047346],[7.4798621,46.9046791],[7.4799495,46.904626],[7.4800434,46.904572],[7.4801371,46.9045216],[7.4802326,46.9044732],[7.4803308,46.9044273],[7.480432,46.9043818],[7.4805373,46.9043383],[7.4806704,46.9042854],[7.4808079,46.9042326],[7.4810833,46.9041309],[7.481353,46.9040296],[7.4814833,46.9039781],[7.4816142,46.9039235],[7.4817904,46.9038414],[7.4819629,46.9037532],[7.4821307,46.9036587],[7.4822937,46.9035594],[7.4829372,46.9031634],[7.4835779,46.9027668],[7.4838461,46.9026014],[7.4841138,46.9024373]]}},{"type":"Feature","properties":{"art":"rail"},"geometry":{"type":"LineString","coordinates":[[7.4417088,46.9295383],[7.4420494,46.9294508],[7.4424178,46.9293572],[7.4434569,46.9290982]]}},{"type":"Feature","properties":{"art":"rail"},"geometry":{"type":"LineString","coordinates":[[7.4325201,46.9476282],[7.4323932,46.9476251]]}},{"type":"Feature","properties":{"art":"rail"},"geometry":{"type":"LineString","coordinates":[[7.4360488,46.947994],[7.4351832,46.9478552],[7.4351234,46.9478474]]}},{"type":"Feature","properties":{"art":"rail"},"geometry":{"type":"LineString","coordinates":[[7.4394886,46.9504095],[7.4396235,46.9505592]]}},{"type":"Feature","properties":{"art":"rail"},"geometry":{"type":"LineString","coordinates":[[7.4341243,46.9477625],[7.4335553,46.9476934]]}},{"type":"Feature","properties":{"art":"rail"},"geometry":{"type":"LineString","coordinates":[[7.4313854,46.9476085],[7.4313263,46.9476103],[7.4311933,46.9476207],[7.4310243,46.9476393],[7.4308051,46.9476683],[7.4304966,46.947725]]}},{"type":"Feature","properties":{"art":"rail"},"geometry":{"type":"LineString","coordinates":[[7.4598329,46.9218371],[7.4600726,46.9215819],[7.46043,46.9211485],[7.46068,46.9208419],[7.4609803,46.9204717],[7.4613117,46.920126],[7.4614979,46.9199565],[7.4616762,46.9197987]]}},{"type":"Feature","properties":{"art":"rail"},"geometry":{"type":"LineString","coordinates":[[7.4346943,46.9487164],[7.4344448,46.9487482],[7.4341977,46.9487818]]}},{"type":"Feature","properties":{"art":"rail"},"geometry":{"type":"LineString","coordinates":[[7.435391,46.9486432],[7.4352446,46.9486523],[7.4351294,46.9486611],[7.4350252,46.9486721],[7.4349231,46.9486852],[7.4346943,46.9487164]]}},{"type":"Feature","properties":{"art":"rail"},"geometry":{"type":"LineString","coordinates":[[7.4349666,46.9487395],[7.4348173,46.9487479],[7.4341977,46.9487818]]}},{"type":"Feature","properties":{"art":"rail"},"geometry":{"type":"LineString","coordinates":[[7.4351532,46.9486934],[7.4349736,46.9487],[7.4346943,46.9487164]]}},{"type":"Feature","properties":{"art":"rail"},"geometry":{"type":"LineString","coordinates":[[7.4273961,46.9380396],[7.4274346,46.9380081],[7.4296501,46.9360153],[7.4305611,46.9351948],[7.4308933,46.9348906],[7.431083,46.9347225],[7.4311434,46.9346702]]}},{"type":"Feature","properties":{"art":"rail"},"geometry":{"type":"LineString","coordinates":[[7.410215,46.9423537],[7.4109075,46.9422016]]}},{"type":"Feature","properties":{"art":"rail"},"geometry":{"type":"LineString","coordinates":[[7.4359903,46.948789],[7.43604,46.9487993],[7.4362142,46.9488428]]}},{"type":"Feature","properties":{"art":"rail"},"geometry":{"type":"LineString","coordinates":[[7.4102329,46.9423871],[7.4104247,46.9423429],[7.4105308,46.9423145],[7.4106627,46.9422757],[7.4109075,46.9422016]]}},{"type":"Feature","properties":{"art":"rail"},"geometry":{"type":"LineString","coordinates":[[7.4398976,46.9505349],[7.439753,46.9503303]]}},{"type":"Feature","properties":{"art":"rail"},"geometry":{"type":"LineString","coordinates":[[7.4403163,46.9511228],[7.4401074,46.9508271]]}},{"type":"Feature","properties":{"art":"rail"},"geometry":{"type":"LineString","coordinates":[[7.4397911,46.9503139],[7.4398422,46.9504198],[7.4398976,46.9505349]]}},{"type":"Feature","properties":{"art":"rail"},"geometry":{"type":"LineString","coordinates":[[7.4402393,46.95097],[7.4403163,46.9511228]]}},{"type":"Feature","properties":{"art":"rail"},"geometry":{"type":"LineString","coordinates":[[7.4259009,46.9499466],[7.4264699,46.9496201],[7.4267365,46.9494624],[7.4269289,46.9493508]]}},{"type":"Feature","properties":{"art":"rail"},"geometry":{"type":"LineString","coordinates":[[7.4623105,46.999959],[7.4621523,46.9996332],[7.4620813,46.9994803],[7.4620219,46.9993464],[7.4619667,46.9992104],[7.4619174,46.9990722],[7.4618744,46.9989359],[7.4618448,46.9988262],[7.4618215,46.9987172],[7.4618028,46.9986171],[7.4617892,46.9985104],[7.4617747,46.9983528],[7.4617701,46.9982197],[7.4617706,46.9980854],[7.4617789,46.9979741],[7.4617924,46.9978445],[7.4618063,46.9977553]]}},{"type":"Feature","properties":{"art":"rail"},"geometry":{"type":"LineString","coordinates":[[7.4617372,46.9977507],[7.4617379,46.9977461],[7.4617495,46.9976781],[7.4617704,46.997579],[7.4617968,46.9974724],[7.4618277,46.997366],[7.4618533,46.9972866],[7.4618827,46.997207],[7.461913,46.997127],[7.4619469,46.9970491],[7.4620093,46.9969155],[7.4620786,46.9967823],[7.4621376,46.9966818],[7.4622005,46.9965761],[7.4622992,46.9964245],[7.4624039,46.996267],[7.4625642,46.9960357]]}},{"type":"Feature","properties":{"art":"rail"},"geometry":{"type":"LineString","coordinates":[[7.4335227,46.9477559],[7.4333627,46.9477247],[7.4331824,46.9476949],[7.4330094,46.947669]]}},{"type":"Feature","properties":{"art":"rail"},"geometry":{"type":"LineString","coordinates":[[7.4816333,46.9567405],[7.4813444,46.9578019],[7.4813395,46.9578186]]}},{"type":"Feature","properties":{"art":"rail"},"geometry":{"type":"LineString","coordinates":[[7.2957693,46.8948419],[7.2960154,46.8948687],[7.2961507,46.8948859],[7.2962924,46.8949066],[7.2965342,46.8949392],[7.2966509,46.8949541],[7.2967497,46.8949658],[7.2968507,46.8949757],[7.2969426,46.8949828],[7.2970321,46.8949875],[7.2971307,46.89499],[7.297214,46.8949898],[7.2973112,46.8949881],[7.297406,46.8949829],[7.2974844,46.8949767],[7.2975738,46.8949678],[7.2976729,46.8949546],[7.297761,46.8949407],[7.2978708,46.8949202],[7.2979742,46.8948979],[7.298023,46.8948852],[7.2980786,46.8948705],[7.2981763,46.8948417],[7.2982784,46.8948094],[7.2983681,46.8947785],[7.2984614,46.8947452],[7.2985857,46.8946982],[7.2987117,46.8946471],[7.2993695,46.8943726],[7.2998846,46.8941557],[7.3008652,46.8937451]]}},{"type":"Feature","properties":{"art":"rail"},"geometry":{"type":"LineString","coordinates":[[7.3247503,46.8878854],[7.3249665,46.8878696]]}},{"type":"Feature","properties":{"art":"rail"},"geometry":{"type":"LineString","coordinates":[[7.5139002,46.9294317],[7.5141705,46.929295],[7.5144376,46.9291559],[7.5149806,46.9288825]]}},{"type":"Feature","properties":{"art":"rail"},"geometry":{"type":"LineString","coordinates":[[7.5185731,46.926927],[7.5160211,46.9283689]]}},{"type":"Feature","properties":{"art":"rail"},"geometry":{"type":"LineString","coordinates":[[7.5156673,46.9284536],[7.5146862,46.9289941],[7.5141578,46.9292852],[7.5139002,46.9294317]]}},{"type":"Feature","properties":{"art":"rail"},"geometry":{"type":"LineString","coordinates":[[7.5149806,46.9288825],[7.5157154,46.9284791]]}},{"type":"Feature","properties":{"art":"rail"},"geometry":{"type":"LineString","coordinates":[[7.5684115,46.9145608],[7.5692928,46.914418],[7.5699386,46.9142893],[7.5704792,46.9141498],[7.5706309,46.9141051],[7.571212,46.913904],[7.5716036,46.9137465],[7.5717944,46.9136698],[7.5723131,46.91341],[7.5727789,46.9131381],[7.5732023,46.9128449],[7.5736495,46.9124816],[7.5740379,46.9121112],[7.5745748,46.9113966],[7.5768922,46.9079309],[7.5771537,46.9074512],[7.5773363,46.9069834],[7.577432,46.9065028],[7.577443,46.9060363],[7.5773819,46.9056276],[7.5773213,46.9053819],[7.5772215,46.9051083],[7.5768027,46.9041083],[7.5766833,46.903708],[7.5765987,46.9032154],[7.5765848,46.9026369],[7.5766404,46.9018373],[7.5767939,46.8989112]]}},{"type":"Feature","properties":{"art":"rail"},"geometry":{"type":"LineString","coordinates":[[7.4394984,46.9498423],[7.4396403,46.950045],[7.4396948,46.9501464],[7.4397911,46.9503139]]}},{"type":"Feature","properties":{"art":"rail"},"geometry":{"type":"LineString","coordinates":[[7.4399666,46.9505473],[7.4398767,46.9502291]]}},{"type":"Feature","properties":{"art":"rail"},"geometry":{"type":"LineString","coordinates":[[7.4401074,46.9508271],[7.4399666,46.9505473]]}},{"type":"Feature","properties":{"art":"rail"},"geometry":{"type":"LineString","coordinates":[[7.5032629,46.935556],[7.5025867,46.9359349]]}},{"type":"Feature","properties":{"art":"rail"},"geometry":{"type":"LineString","coordinates":[[7.4848423,46.9494591],[7.4849858,46.9493153],[7.4851426,46.9491593],[7.4853653,46.9489483],[7.4857624,46.9485731],[7.4858962,46.9484478],[7.4860203,46.9483257],[7.4862905,46.9480579]]}},{"type":"Feature","properties":{"art":"rail"},"geometry":{"type":"LineString","coordinates":[[7.4851009,46.9491323],[7.4854612,46.9487739],[7.4859173,46.9483446],[7.4862713,46.9479919]]}},{"type":"Feature","properties":{"art":"rail"},"geometry":{"type":"LineString","coordinates":[[7.4744316,46.9647676],[7.474629,46.9647081],[7.4747818,46.9646608],[7.4749266,46.9646097],[7.4750889,46.9645491],[7.4752467,46.9644855],[7.4754104,46.9644174],[7.4757137,46.964289]]}},{"type":"Feature","properties":{"art":"narrow_gauge"},"geometry":{"type":"LineString","coordinates":[[7.4617414,46.9994964],[7.4617807,46.9995755],[7.4618109,46.9996311],[7.4618505,46.9996961],[7.4618994,46.9997737],[7.4619238,46.9998112],[7.4619613,46.999874],[7.4619873,46.999921],[7.4620288,47.000008]]}},{"type":"Feature","properties":{"art":"rail"},"geometry":{"type":"LineString","coordinates":[[7.4654019,47.0067014],[7.4654443,47.0067995],[7.4654786,47.0068909],[7.4655117,47.006991],[7.4655357,47.0070675],[7.4655694,47.0071976],[7.4656078,47.0073229],[7.4656628,47.0074914],[7.465742,47.0077106]]}},{"type":"Feature","properties":{"art":"rail"},"geometry":{"type":"LineString","coordinates":[[7.4660499,47.0087029],[7.4660412,47.0085505],[7.4660214,47.0083754]]}},{"type":"Feature","properties":{"art":"rail"},"geometry":{"type":"LineString","coordinates":[[7.4648279,47.0117608],[7.4645473,47.0121999],[7.4642902,47.0126068]]}},{"type":"Feature","properties":{"art":"rail"},"geometry":{"type":"LineString","coordinates":[[7.4661141,47.0078843],[7.4662671,47.0081552],[7.4663277,47.0082587],[7.4663955,47.0083714],[7.4664847,47.00852],[7.4665655,47.0086493],[7.4666358,47.0087643],[7.466735,47.0089301],[7.4668761,47.0091805]]}},{"type":"Feature","properties":{"art":"rail"},"geometry":{"type":"LineString","coordinates":[[7.4658932,47.0082546],[7.4659176,47.0084335],[7.4659224,47.008556]]}},{"type":"Feature","properties":{"art":"rail"},"geometry":{"type":"LineString","coordinates":[[7.4659653,47.0083212],[7.4659846,47.0084891],[7.4659963,47.0086474]]}},{"type":"Feature","properties":{"art":"rail"},"geometry":{"type":"LineString","coordinates":[[7.4658223,47.0075367],[7.4657641,47.0073814],[7.4657026,47.0072266],[7.4655431,47.0068638],[7.465385,47.0065274]]}},{"type":"Feature","properties":{"art":"rail"},"geometry":{"type":"LineString","coordinates":[[7.4382914,46.9493502],[7.4386778,46.949554],[7.4387157,46.949574],[7.4389666,46.9497185],[7.4392071,46.9498837],[7.4393592,46.950023],[7.4395838,46.9502841],[7.4396562,46.9503678]]}},{"type":"Feature","properties":{"art":"rail"},"geometry":{"type":"LineString","coordinates":[[7.438223,46.9494068],[7.4381515,46.9493688],[7.4380789,46.9493315],[7.4377035,46.9491563],[7.4374134,46.9490472],[7.4372566,46.948996],[7.4369473,46.9489118],[7.4363636,46.9487801]]}},{"type":"Feature","properties":{"art":"rail"},"geometry":{"type":"LineString","coordinates":[[7.4362142,46.9488428],[7.4369997,46.9490446],[7.4372083,46.9491091],[7.4374651,46.9491946],[7.4377956,46.9493348],[7.4381136,46.9494964]]}},{"type":"Feature","properties":{"art":"rail"},"geometry":{"type":"LineString","coordinates":[[7.4387641,46.9487019],[7.4386757,46.9486583],[7.4384207,46.9485491],[7.4381948,46.9484633],[7.4375596,46.9482796],[7.4372581,46.9482052],[7.4371939,46.9481893],[7.4368185,46.948113],[7.4363523,46.9480416],[7.4360488,46.947994]]}},{"type":"Feature","properties":{"art":"rail"},"geometry":{"type":"LineString","coordinates":[[7.438714,46.9488163],[7.4383762,46.9486455],[7.4381527,46.9485603],[7.4379775,46.9485015],[7.4377482,46.9484418],[7.4373591,46.9483417],[7.4370041,46.948263],[7.4366084,46.9481783]]}},{"type":"Feature","properties":{"art":"rail"},"geometry":{"type":"LineString","coordinates":[[7.4365913,46.9482185],[7.4369818,46.9483024],[7.437329,46.9483777],[7.4377336,46.9484765],[7.4379012,46.9485208],[7.4381251,46.9485916],[7.4383462,46.9486726],[7.4386945,46.9488462]]}},{"type":"Feature","properties":{"art":"rail"},"geometry":{"type":"LineString","coordinates":[[7.4365549,46.948312],[7.4369096,46.9483783],[7.4371727,46.9484375],[7.4375247,46.9485218],[7.4378437,46.9486174],[7.4381325,46.9487204],[7.4384168,46.9488401],[7.4385674,46.9489174]]}},{"type":"Feature","properties":{"art":"rail"},"geometry":{"type":"LineString","coordinates":[[7.4385564,46.9489528],[7.4381941,46.9487859],[7.4378261,46.9486537],[7.437504,46.9485629],[7.4371716,46.9484785],[7.436825,46.9484001],[7.4365404,46.9483465]]}},{"type":"Feature","properties":{"art":"rail"},"geometry":{"type":"LineString","coordinates":[[7.4384176,46.9490348],[7.4381788,46.94892],[7.4377717,46.9487487],[7.4374653,46.9486571],[7.4372212,46.9485951],[7.4367223,46.9484844],[7.436504,46.948437]]}},{"type":"Feature","properties":{"art":"rail"},"geometry":{"type":"LineString","coordinates":[[7.4383838,46.9490654],[7.4385991,46.9491773],[7.4388909,46.9493335],[7.4389587,46.9493698],[7.4392279,46.9495683],[7.4394109,46.9497481],[7.4394773,46.9498192],[7.4394984,46.9498423]]}},{"type":"Feature","properties":{"art":"rail"},"geometry":{"type":"LineString","coordinates":[[7.439753,46.9503303],[7.4394848,46.9499645],[7.4393266,46.9498053],[7.4391314,46.9496359],[7.4389084,46.9494923],[7.4387752,46.9494222],[7.438493,46.9492738]]}},{"type":"Feature","properties":{"art":"rail"},"geometry":{"type":"LineString","coordinates":[[7.439753,46.9503303],[7.4394564,46.9499785],[7.4393168,46.9498274],[7.4390897,46.9496652],[7.4388687,46.9495257],[7.4387388,46.9494562],[7.4384644,46.9493093]]}},{"type":"Feature","properties":{"art":"rail"},"geometry":{"type":"LineString","coordinates":[[7.510184,46.9316113],[7.5087179,46.9324263]]}},{"type":"Feature","properties":{"art":"tram"},"geometry":{"type":"LineString","coordinates":[[7.5611335,46.9303936],[7.5612741,46.9303794],[7.5613298,46.9303699],[7.561387,46.9303578],[7.5614659,46.9303349],[7.5615585,46.9303043],[7.5616827,46.9302583],[7.5623483,46.9299824]]}},{"type":"Feature","properties":{"art":"tram"},"geometry":{"type":"LineString","coordinates":[[7.562708,46.9298745],[7.5626429,46.9298984],[7.561797,46.9302493]]}},{"type":"Feature","properties":{"art":"rail"},"geometry":{"type":"LineString","coordinates":[[7.4654745,47.0063255],[7.4651971,47.0058579],[7.4650183,47.0055128],[7.4648795,47.0052404],[7.4646403,47.004763]]}},{"type":"Feature","properties":{"art":"narrow_gauge"},"geometry":{"type":"LineString","coordinates":[[7.4666732,47.0091592],[7.4668343,47.0094408],[7.4669425,47.0096333],[7.4672584,47.0101873],[7.4674465,47.010483],[7.4676274,47.0107339],[7.4677998,47.0109319],[7.4680141,47.0111455],[7.468236,47.01134],[7.4684902,47.011531],[7.4687847,47.0117236],[7.4689162,47.0118074],[7.4690921,47.0119013],[7.469299,47.0120071],[7.4695095,47.0121067],[7.4696974,47.0121881],[7.4698806,47.012265],[7.4700657,47.0123316],[7.47021,47.0123804]]}},{"type":"Feature","properties":{"art":"rail"},"geometry":{"type":"LineString","coordinates":[[7.3596447,46.9427846],[7.3597026,46.9427818],[7.3620495,46.9426661],[7.3659191,46.9424781]]}},{"type":"Feature","properties":{"art":"rail"},"geometry":{"type":"LineString","coordinates":[[7.4654745,47.0063255],[7.4655474,47.0064421],[7.4656066,47.0065212],[7.4656679,47.0065922],[7.4657454,47.0066903]]}},{"type":"Feature","properties":{"art":"rail"},"geometry":{"type":"LineString","coordinates":[[7.4556393,47.0199324],[7.4558828,47.0198153],[7.4559896,47.0197572],[7.4561832,47.0196587]]}},{"type":"Feature","properties":{"art":"rail"},"geometry":{"type":"LineString","coordinates":[[7.465742,47.0077106],[7.4657852,47.0078299],[7.4658374,47.0080055],[7.4658701,47.0081372],[7.4658932,47.0082546]]}},{"type":"Feature","properties":{"art":"rail"},"geometry":{"type":"LineString","coordinates":[[7.5628749,46.9154263],[7.5632434,46.9153859],[7.5640975,46.9152603],[7.5651755,46.9150866],[7.5677949,46.9146653]]}},{"type":"Feature","properties":{"art":"tram"},"geometry":{"type":"LineString","coordinates":[[7.4311643,46.9419863],[7.4312771,46.9421603],[7.431282,46.9421658]]}},{"type":"Feature","properties":{"art":"tram"},"geometry":{"type":"LineString","coordinates":[[7.4317259,46.9399454],[7.4316708,46.9400405],[7.4316336,46.9401031],[7.4315516,46.9402485],[7.4314947,46.9403476],[7.4314505,46.9404252],[7.4314491,46.9404283],[7.4314293,46.9404638],[7.4313485,46.9406039],[7.4313169,46.9406645],[7.4312584,46.9407785],[7.4311689,46.9409921],[7.4311596,46.9410142]]}},{"type":"Feature","properties":{"art":"tram"},"geometry":{"type":"LineString","coordinates":[[7.4316902,46.9399338],[7.4318293,46.9396925]]}},{"type":"Feature","properties":{"art":"tram"},"geometry":{"type":"LineString","coordinates":[[7.5202647,46.9320772],[7.5203552,46.9320574],[7.5204458,46.932042],[7.5205396,46.9320283],[7.5206021,46.932022],[7.5206601,46.9320181],[7.5207026,46.9320176],[7.5207455,46.9320221],[7.5207835,46.9320305],[7.5208218,46.9320436],[7.5208535,46.932059],[7.5208776,46.9320756],[7.5209029,46.9320976],[7.5209206,46.932119],[7.5209342,46.9321411],[7.5209434,46.9321668],[7.5209476,46.9321897],[7.5209467,46.9322114],[7.5209414,46.9322341],[7.5209323,46.9322562],[7.5209176,46.9322803],[7.5208981,46.9323014],[7.5208766,46.9323194],[7.5208535,46.9323353],[7.5208234,46.9323503],[7.5207887,46.932363],[7.5207524,46.9323713],[7.5207138,46.9323764],[7.5206711,46.932378],[7.5206332,46.9323746],[7.5205864,46.9323653],[7.5205463,46.9323512],[7.5205121,46.9323338],[7.5204747,46.9323091],[7.52039,46.9322404],[7.5203533,46.9322165],[7.5203148,46.9321967],[7.5202745,46.932181],[7.5202387,46.93217],[7.5201879,46.9321604],[7.5201327,46.9321536],[7.5200778,46.932153],[7.5200314,46.9321569],[7.5199702,46.9321655],[7.519879,46.9321853]]}},{"type":"Feature","properties":{"art":"tram"},"geometry":{"type":"LineString","coordinates":[[7.4316549,46.9428622],[7.4316073,46.9427845],[7.4314819,46.9425801],[7.4313153,46.942313],[7.4312328,46.942174]]}},{"type":"Feature","properties":{"art":"tram"},"geometry":{"type":"LineString","coordinates":[[7.4312668,46.9406775],[7.4312717,46.9406674],[7.4314109,46.9404216],[7.4314583,46.9403375],[7.4315895,46.9401045],[7.4316902,46.9399338]]}},{"type":"Feature","properties":{"art":"tram"},"geometry":{"type":"LineString","coordinates":[[7.431282,46.9421658],[7.431361,46.9423003],[7.4315368,46.9425971]]}},{"type":"Feature","properties":{"art":"rail"},"geometry":{"type":"LineString","coordinates":[[7.3495467,46.9428105],[7.3499365,46.9428249]]}},{"type":"Feature","properties":{"art":"rail"},"geometry":{"type":"LineString","coordinates":[[7.3499364,46.942856],[7.3495443,46.942844]]}},{"type":"Feature","properties":{"art":"rail"},"geometry":{"type":"LineString","coordinates":[[7.3495443,46.942844],[7.3471058,46.942753],[7.3462978,46.942711],[7.3454829,46.9426588],[7.345099,46.9426277],[7.3443393,46.9425624],[7.3443145,46.9425601],[7.3432382,46.942446],[7.3414761,46.9422268],[7.3399447,46.9420316]]}},{"type":"Feature","properties":{"art":"rail"},"geometry":{"type":"LineString","coordinates":[[7.3499365,46.9428249],[7.3516565,46.9429049],[7.3520639,46.942923],[7.3528773,46.9429501],[7.3532632,46.9429586],[7.3540264,46.9429495],[7.3542703,46.9429461],[7.3548213,46.9429237],[7.3555034,46.942887],[7.3563851,46.9428269],[7.3579112,46.9427249],[7.3594476,46.9426374],[7.3609479,46.9425707],[7.3645365,46.9424023],[7.3651794,46.9423771]]}},{"type":"Feature","properties":{"art":"rail"},"geometry":{"type":"LineString","coordinates":[[7.4688644,46.9753954],[7.46917,46.9748519]]}},{"type":"Feature","properties":{"art":"rail"},"geometry":{"type":"LineString","coordinates":[[7.4698594,46.9735308],[7.4695622,46.9740569],[7.4694151,46.9743236],[7.469295,46.9745372],[7.4691834,46.9747323],[7.4689674,46.9751159],[7.4685633,46.9758269],[7.4683549,46.9761966],[7.4680578,46.9767264],[7.4675994,46.9775438],[7.4672769,46.9781188]]}},{"type":"Feature","properties":{"art":"rail"},"geometry":{"type":"LineString","coordinates":[[7.4407964,46.9520525],[7.4406848,46.9518779],[7.4405846,46.9517212]]}},{"type":"Feature","properties":{"art":"rail"},"geometry":{"type":"LineString","coordinates":[[7.4407964,46.9520525],[7.440871,46.9522256],[7.4409368,46.952362],[7.4409824,46.9524432],[7.4410359,46.9525329]]}},{"type":"Feature","properties":{"art":"tram"},"geometry":{"type":"LineString","coordinates":[[7.3928008,46.9491587],[7.39251,46.9491398],[7.3923885,46.9491317],[7.3921622,46.9491115],[7.3899223,46.9488926],[7.3895434,46.948864],[7.3893622,46.948858],[7.3891829,46.9488568],[7.3890157,46.9488599],[7.3886392,46.9488854],[7.3880253,46.9489361]]}},{"type":"Feature","properties":{"art":"tram"},"geometry":{"type":"LineString","coordinates":[[7.4263721,46.9425309],[7.4264365,46.9426855],[7.4265014,46.9428385],[7.4265397,46.9429187],[7.4265797,46.9429843],[7.426626,46.9430492],[7.4267111,46.9431614],[7.4268154,46.943301],[7.4269768,46.9435156],[7.4271069,46.9436892],[7.4272185,46.9438396],[7.4272338,46.9438621],[7.4272464,46.9438807],[7.4272567,46.9439075],[7.4272619,46.9439361],[7.4272623,46.9439663],[7.4272597,46.9440169]]}},{"type":"Feature","properties":{"art":"tram"},"geometry":{"type":"LineString","coordinates":[[7.3966341,46.9464478],[7.3963299,46.9466404]]}},{"type":"Feature","properties":{"art":"tram"},"geometry":{"type":"LineString","coordinates":[[7.396551,46.9464493],[7.3975537,46.9457602],[7.3976678,46.9456817],[7.3976753,46.9456766],[7.3977596,46.9456122],[7.398765,46.9448229],[7.3991498,46.9445235],[7.3991912,46.9444913],[7.3996473,46.9441357],[7.3997954,46.944032],[7.3999385,46.9439319],[7.400782,46.9432331]]}},{"type":"Feature","properties":{"art":"tram"},"geometry":{"type":"LineString","coordinates":[[7.3963299,46.9466404],[7.3960988,46.9467873],[7.3957189,46.9470278],[7.3955195,46.9471558],[7.3954698,46.9471903],[7.3953421,46.947279],[7.3949155,46.9475555],[7.3948729,46.9475836],[7.3947771,46.9476451],[7.3947396,46.9476693],[7.3946662,46.9477187],[7.3945993,46.9477744],[7.3945892,46.9477855],[7.3945198,46.947865],[7.3945047,46.9478869],[7.3942259,46.9484022]]}},{"type":"Feature","properties":{"art":"rail"},"geometry":{"type":"LineString","coordinates":[[7.496069,47.0168938],[7.496115,47.0169669]]}},{"type":"Feature","properties":{"art":"rail"},"geometry":{"type":"LineString","coordinates":[[7.4961237,47.0169615],[7.496069,47.0168938]]}},{"type":"Feature","properties":{"art":"rail"},"geometry":{"type":"LineString","coordinates":[[7.4961862,47.0169322],[7.4960785,47.0168104]]}},{"type":"Feature","properties":{"art":"rail"},"geometry":{"type":"LineString","coordinates":[[7.4960214,47.0168348],[7.4958944,47.016668],[7.4957707,47.0164998],[7.4954113,47.0159977],[7.4951706,47.0156605],[7.4951082,47.015577],[7.495047,47.0154944],[7.494986,47.0154128],[7.4949193,47.0153301],[7.4947923,47.0151796],[7.4946578,47.0150328],[7.4945389,47.0149079],[7.4944107,47.0147873],[7.4943115,47.014701],[7.494212,47.0146161],[7.4940836,47.0145145],[7.4940216,47.0144674],[7.4939503,47.0144159]]}},{"type":"Feature","properties":{"art":"rail"},"geometry":{"type":"LineString","coordinates":[[7.4960785,47.0168104],[7.4959473,47.0166529],[7.4958127,47.0164815],[7.4954553,47.0159835],[7.4952135,47.0156442],[7.4951522,47.0155612],[7.4950911,47.0154781],[7.4950292,47.0153981],[7.4949623,47.0153122],[7.4948373,47.0151631],[7.4947037,47.0150155],[7.4945816,47.0148899],[7.494451,47.0147665],[7.4943519,47.0146799],[7.4942497,47.0145943],[7.4941179,47.0144907],[7.4940594,47.0144459],[7.493985,47.0143924]]}},{"type":"Feature","properties":{"art":"rail"},"geometry":{"type":"LineString","coordinates":[[7.3293201,46.9406316],[7.3249709,46.940051]]}},{"type":"Feature","properties":{"art":"rail"},"geometry":{"type":"LineString","coordinates":[[7.324979,46.9400177],[7.3278258,46.940397]]}},{"type":"Feature","properties":{"art":"rail"},"geometry":{"type":"LineString","coordinates":[[7.3551255,46.901521],[7.355152,46.9015757],[7.3552392,46.9017379],[7.3552963,46.9018477],[7.355354,46.9019436],[7.3554644,46.9021497]]}},{"type":"Feature","properties":{"art":"rail"},"geometry":{"type":"LineString","coordinates":[[7.3551651,46.9014848],[7.3552515,46.9016559],[7.3553293,46.9018304],[7.3553725,46.9019364],[7.3554166,46.9020434],[7.3554644,46.9021497]]}},{"type":"Feature","properties":{"art":"rail"},"geometry":{"type":"LineString","coordinates":[[7.4157508,46.9256377],[7.4156449,46.9254947],[7.4155267,46.9252972],[7.4154389,46.9251669]]}},{"type":"Feature","properties":{"art":"rail"},"geometry":{"type":"LineString","coordinates":[[7.439689,46.9497628],[7.4398051,46.9499406],[7.4398856,46.9500953],[7.4399435,46.9502212]]}},{"type":"Feature","properties":{"art":"rail"},"geometry":{"type":"LineString","coordinates":[[7.4330094,46.947669],[7.4335742,46.9477396],[7.434386,46.9478381]]}},{"type":"Feature","properties":{"art":"rail"},"geometry":{"type":"LineString","coordinates":[[7.4335553,46.9476934],[7.4334223,46.9476748]]}},{"type":"Feature","properties":{"art":"rail"},"geometry":{"type":"LineString","coordinates":[[7.431669,46.9484939],[7.4315746,46.9484752],[7.4314749,46.9484539],[7.4311821,46.948385],[7.4308816,46.9483256]]}},{"type":"Feature","properties":{"art":"rail"},"geometry":{"type":"LineString","coordinates":[[7.4321401,46.9485837],[7.4317491,46.9485078]]}},{"type":"Feature","properties":{"art":"rail"},"geometry":{"type":"LineString","coordinates":[[7.428452,46.9487295],[7.4282309,46.9488432],[7.4279908,46.948985]]}},{"type":"Feature","properties":{"art":"rail"},"geometry":{"type":"LineString","coordinates":[[7.4292354,46.9483929],[7.4290836,46.9484395],[7.4289945,46.9484707],[7.4288617,46.948527],[7.4287956,46.948558],[7.428452,46.9487295]]}},{"type":"Feature","properties":{"art":"rail"},"geometry":{"type":"LineString","coordinates":[[7.4277022,46.948897],[7.4276069,46.9489486],[7.4275463,46.9489792],[7.4274798,46.949011],[7.4273555,46.9490667],[7.4272536,46.9491163],[7.4271313,46.9491834]]}},{"type":"Feature","properties":{"art":"rail"},"geometry":{"type":"LineString","coordinates":[[7.4280739,46.9488218],[7.4278708,46.948953],[7.4277635,46.9490316],[7.4276996,46.9490862],[7.4276141,46.9491715],[7.4274319,46.9493802]]}},{"type":"Feature","properties":{"art":"rail"},"geometry":{"type":"LineString","coordinates":[[7.4250897,46.9515389],[7.425542,46.9512745]]}},{"type":"Feature","properties":{"art":"rail"},"geometry":{"type":"LineString","coordinates":[[7.4693484,46.9660171],[7.4696832,46.9659339],[7.4700216,46.9658538],[7.4702721,46.9657966],[7.4707111,46.9656937],[7.4711491,46.9655832]]}},{"type":"Feature","properties":{"art":"rail"},"geometry":{"type":"LineString","coordinates":[[7.459638,46.9659975],[7.4594618,46.9659481],[7.4591275,46.965866],[7.4586753,46.9657592],[7.4561966,46.9651692],[7.455743,46.9650589],[7.4555334,46.9650096],[7.455429,46.964986],[7.4552533,46.9649471],[7.4550818,46.9649145],[7.4549902,46.9648962],[7.4546758,46.964843]]}},{"type":"Feature","properties":{"art":"rail"},"geometry":{"type":"LineString","coordinates":[[7.4107224,46.946788],[7.4111324,46.9469327],[7.412981,46.9475765],[7.4130483,46.9476]]}},{"type":"Feature","properties":{"art":"rail"},"geometry":{"type":"LineString","coordinates":[[7.4129276,46.9475113],[7.4128413,46.9474812],[7.4113906,46.9469769],[7.4113015,46.9469492],[7.4112126,46.9469233],[7.4111217,46.9468998],[7.4110091,46.9468721],[7.4108634,46.946833],[7.4107224,46.946788]]}},{"type":"Feature","properties":{"art":"rail"},"geometry":{"type":"LineString","coordinates":[[7.4171148,46.9481823],[7.417697,46.9477232],[7.4180721,46.9474267],[7.4183167,46.9472328],[7.4185226,46.9470714]]}},{"type":"Feature","properties":{"art":"rail"},"geometry":{"type":"LineString","coordinates":[[7.4716513,46.9654154],[7.4693484,46.9660171]]}},{"type":"Feature","properties":{"art":"tram"},"geometry":{"type":"LineString","coordinates":[[7.4481337,46.9467092],[7.4480832,46.9467626]]}},{"type":"Feature","properties":{"art":"rail"},"geometry":{"type":"LineString","coordinates":[[7.4720093,46.9653596],[7.4716175,46.9654709]]}},{"type":"Feature","properties":{"art":"rail"},"geometry":{"type":"LineString","coordinates":[[7.4716493,46.9654527],[7.4720093,46.9653596]]}},{"type":"Feature","properties":{"art":"rail"},"geometry":{"type":"LineString","coordinates":[[7.3787267,46.9446464],[7.3789383,46.9446747],[7.3791269,46.9446998],[7.3798123,46.9448085],[7.3800019,46.9448348],[7.3802405,46.9448679]]}},{"type":"Feature","properties":{"art":"rail"},"geometry":{"type":"LineString","coordinates":[[7.3804028,46.9448874],[7.3806222,46.9449115],[7.3808159,46.9449315],[7.381454,46.9449903],[7.3817072,46.9450158],[7.3819316,46.9450414]]}},{"type":"Feature","properties":{"art":"rail"},"geometry":{"type":"LineString","coordinates":[[7.3876952,46.9458143],[7.386912,46.945695],[7.3865054,46.9456376],[7.3853716,46.9454817],[7.3841301,46.9453304],[7.3829634,46.9452004],[7.3828921,46.9451923]]}},{"type":"Feature","properties":{"art":"rail"},"geometry":{"type":"LineString","coordinates":[[7.39255,46.946377],[7.3927605,46.9463882]]}},{"type":"Feature","properties":{"art":"rail"},"geometry":{"type":"LineString","coordinates":[[7.3925716,46.9463474],[7.3927535,46.9463723]]}},{"type":"Feature","properties":{"art":"rail"},"geometry":{"type":"LineString","coordinates":[[7.3934362,46.9464425],[7.393947,46.9464798],[7.394484,46.9465041],[7.3953683,46.946511],[7.3963753,46.946493],[7.3969364,46.9464758],[7.4006752,46.946392],[7.4014592,46.946372],[7.4027294,46.9463411]]}},{"type":"Feature","properties":{"art":"rail"},"geometry":{"type":"LineString","coordinates":[[7.3927605,46.9463882],[7.3929285,46.9463986],[7.3930686,46.9464091],[7.3932763,46.9464275]]}},{"type":"Feature","properties":{"art":"rail"},"geometry":{"type":"LineString","coordinates":[[7.3927763,46.9464179],[7.3925614,46.9463965]]}},{"type":"Feature","properties":{"art":"rail"},"geometry":{"type":"LineString","coordinates":[[7.4717527,46.9653903],[7.4716513,46.9654154]]}},{"type":"Feature","properties":{"art":"rail"},"geometry":{"type":"LineString","coordinates":[[7.4020202,46.9463976],[7.4014615,46.946409],[7.4006772,46.9464282],[7.3969397,46.9465133],[7.3953863,46.9465445],[7.3950461,46.9465481],[7.3949957,46.9465488]]}},{"type":"Feature","properties":{"art":"rail"},"geometry":{"type":"LineString","coordinates":[[7.4032736,46.9463671],[7.403099,46.946371]]}},{"type":"Feature","properties":{"art":"tram"},"geometry":{"type":"LineString","coordinates":[[7.5570977,46.9287181],[7.55767,46.9290394]]}},{"type":"Feature","properties":{"art":"tram"},"geometry":{"type":"LineString","coordinates":[[7.55767,46.9290394],[7.5584222,46.9294499],[7.5584857,46.9294807],[7.5588943,46.9297104],[7.5592825,46.9299039],[7.5593942,46.9299526],[7.5595073,46.9299975],[7.5596687,46.9300557],[7.5598214,46.9301061],[7.560016,46.9301639],[7.5605602,46.9303103],[7.5606794,46.9303409],[7.5607673,46.930362],[7.5608366,46.9303754],[7.5609147,46.9303867],[7.5609887,46.9303928],[7.5610711,46.9303961],[7.5611335,46.9303936]]}},{"type":"Feature","properties":{"art":"tram"},"geometry":{"type":"LineString","coordinates":[[7.4855815,46.9376914],[7.4856666,46.9376741],[7.4857148,46.9376637],[7.4857508,46.9376519],[7.4857845,46.9376387],[7.4858162,46.9376225],[7.4858444,46.9376041],[7.4858713,46.9375841],[7.4858956,46.9375608],[7.4859567,46.9374995],[7.4860187,46.9374341],[7.4860447,46.9374086],[7.4860815,46.9373843],[7.4861178,46.9373677],[7.4861583,46.9373555],[7.4862033,46.9373477],[7.4862517,46.9373464],[7.4862993,46.9373511],[7.4863474,46.9373626],[7.4863909,46.93738],[7.4864297,46.9374055],[7.4864586,46.9374322],[7.4864776,46.9374627],[7.4864858,46.9375108],[7.4864796,46.9375477],[7.4864617,46.9375889],[7.4864377,46.9376189],[7.4864115,46.9376473]]}},{"type":"Feature","properties":{"art":"tram"},"geometry":{"type":"LineString","coordinates":[[7.4359593,46.9430973],[7.435963,46.9431476],[7.4360051,46.9436712],[7.4360219,46.9438455],[7.4360258,46.9438909],[7.4360283,46.9439108],[7.4360318,46.9439338],[7.436037,46.9439543],[7.4360425,46.9439722],[7.4360515,46.9439929],[7.4360604,46.9440096]]}},{"type":"Feature","properties":{"art":"tram"},"geometry":{"type":"LineString","coordinates":[[7.4360137,46.9440227],[7.4360022,46.9440038],[7.4359916,46.9439831],[7.4359817,46.9439643],[7.4359735,46.9439455],[7.4359669,46.9439276],[7.4359611,46.9439028],[7.4359598,46.9438917],[7.4359039,46.9432215],[7.4358985,46.9431502],[7.4358948,46.9431029]]}},{"type":"Feature","properties":{"art":"tram"},"geometry":{"type":"LineString","coordinates":[[7.4372826,46.9459388],[7.4372684,46.9459176],[7.4372054,46.9458233],[7.4371757,46.9457855],[7.437092,46.9456549],[7.4369474,46.9454157],[7.4368423,46.9452558],[7.4367307,46.9450874],[7.4362848,46.944443],[7.4362392,46.9443723],[7.4361851,46.9442885],[7.4360137,46.9440227]]}},{"type":"Feature","properties":{"art":"tram"},"geometry":{"type":"LineString","coordinates":[[7.4360604,46.9440096],[7.4362339,46.9442724],[7.4362906,46.9443582],[7.4363359,46.9444269],[7.4367403,46.9450396],[7.4370026,46.9454357],[7.4371392,46.9456503],[7.4372323,46.9457928],[7.4373137,46.9459154],[7.4373177,46.9459213]]}},{"type":"Feature","properties":{"art":"rail"},"geometry":{"type":"LineString","coordinates":[[7.4397091,46.9507266],[7.4397782,46.9508291],[7.4398506,46.9509299]]}},{"type":"Feature","properties":{"art":"rail"},"geometry":{"type":"LineString","coordinates":[[7.4394811,46.9504124],[7.4397091,46.9507266]]}},{"type":"Feature","properties":{"art":"rail"},"geometry":{"type":"LineString","coordinates":[[7.4398506,46.9509299],[7.4398942,46.9510027],[7.4399302,46.9510725],[7.4399626,46.9511517],[7.4399902,46.9512342],[7.440001,46.9512835]]}},{"type":"Feature","properties":{"art":"tram"},"geometry":{"type":"LineString","coordinates":[[7.4258454,46.9418407],[7.4257513,46.9417554],[7.4256815,46.9416981],[7.4252746,46.9414083],[7.4249845,46.9412002],[7.4246161,46.9409371],[7.4245879,46.9409169],[7.4235904,46.9402023],[7.4235371,46.9401626],[7.4235008,46.9401355],[7.4233138,46.9400021],[7.4232464,46.9399549]]}},{"type":"Feature","properties":{"art":"tram"},"geometry":{"type":"LineString","coordinates":[[7.396249,46.9466423],[7.396551,46.9464493]]}},{"type":"Feature","properties":{"art":"rail"},"geometry":{"type":"LineString","coordinates":[[7.4711491,46.9655832],[7.4716493,46.9654527]]}},{"type":"Feature","properties":{"art":"rail"},"geometry":{"type":"LineString","coordinates":[[7.4641639,46.9671107],[7.4641732,46.9671106],[7.4643091,46.967108],[7.4644728,46.9671023],[7.4646399,46.9670933],[7.4648189,46.9670807],[7.4649837,46.9670659],[7.4651407,46.9670491],[7.4653084,46.9670281],[7.4654673,46.9670053],[7.4656644,46.9669726],[7.4658364,46.966942],[7.4660284,46.9669038],[7.4662166,46.9668621],[7.4664487,46.9668058],[7.4666547,46.9667542],[7.4668511,46.9667043],[7.4674892,46.9665377],[7.4686518,46.9662347],[7.4686851,46.966226]]}},{"type":"Feature","properties":{"art":"rail"},"geometry":{"type":"LineString","coordinates":[[7.4556422,46.9654765],[7.4559385,46.9655336],[7.4561866,46.965576],[7.4564766,46.9656214],[7.4569603,46.9656926],[7.4576004,46.9657879],[7.4581152,46.9658743],[7.4586899,46.9659973]]}},{"type":"Feature","properties":{"art":"rail"},"geometry":{"type":"LineString","coordinates":[[7.4799345,46.9533526],[7.4807633,46.9528592],[7.4813016,46.9525154]]}},{"type":"Feature","properties":{"art":"rail"},"geometry":{"type":"LineString","coordinates":[[7.4828898,46.9514023],[7.4818989,46.9521657]]}},{"type":"Feature","properties":{"art":"rail"},"geometry":{"type":"LineString","coordinates":[[7.4813016,46.9525154],[7.4814514,46.9524227],[7.4817089,46.9522804],[7.4818989,46.9521657]]}},{"type":"Feature","properties":{"art":"rail"},"geometry":{"type":"LineString","coordinates":[[7.479843,46.9534042],[7.4799345,46.9533526]]}},{"type":"Feature","properties":{"art":"rail"},"geometry":{"type":"LineString","coordinates":[[7.4813016,46.9525154],[7.4815696,46.9523284],[7.4818386,46.9521385],[7.4822116,46.9518609],[7.4823133,46.9517832],[7.4824353,46.9516984]]}},{"type":"Feature","properties":{"art":"rail"},"geometry":{"type":"LineString","coordinates":[[7.4794133,46.9535969],[7.4790783,46.9537355],[7.4789877,46.9537729],[7.4789183,46.9538037],[7.4788559,46.9538331],[7.478743,46.9538883],[7.4782127,46.9541712],[7.4781664,46.9541959]]}},{"type":"Feature","properties":{"art":"rail"},"geometry":{"type":"LineString","coordinates":[[7.4782589,46.9541978],[7.4783222,46.9541641],[7.4791651,46.9537143],[7.479212,46.9536899],[7.4792615,46.9536645],[7.4794133,46.9535969],[7.4795146,46.9535579],[7.4796215,46.9535139],[7.479843,46.9534042]]}},{"type":"Feature","properties":{"art":"rail"},"geometry":{"type":"LineString","coordinates":[[7.4792462,46.9537257],[7.4793908,46.9536412],[7.4795146,46.9535579],[7.4795651,46.9535185],[7.4797556,46.9534013],[7.4802859,46.9530907],[7.4807319,46.9528237],[7.481263,46.9524941],[7.4818573,46.9520653],[7.4819962,46.951974],[7.4821649,46.9518699],[7.4824353,46.9516984],[7.4826837,46.9515455],[7.4827853,46.9514762],[7.4828898,46.9514023],[7.4830622,46.9512497],[7.4831515,46.9511616],[7.48324,46.951072],[7.4833448,46.9509485]]}},{"type":"Feature","properties":{"art":"rail"},"geometry":{"type":"LineString","coordinates":[[7.4845476,46.9497608],[7.4846493,46.9496569]]}},{"type":"Feature","properties":{"art":"rail"},"geometry":{"type":"LineString","coordinates":[[7.4845476,46.9497608],[7.4846464,46.9496507]]}},{"type":"Feature","properties":{"art":"rail"},"geometry":{"type":"LineString","coordinates":[[7.4846258,46.9496071],[7.4847117,46.9495313]]}},{"type":"Feature","properties":{"art":"rail"},"geometry":{"type":"LineString","coordinates":[[7.4844793,46.9497431],[7.4846258,46.9496071]]}},{"type":"Feature","properties":{"art":"rail"},"geometry":{"type":"LineString","coordinates":[[7.4741563,46.9648392],[7.4743499,46.9647897],[7.4744316,46.9647676]]}},{"type":"Feature","properties":{"art":"rail"},"geometry":{"type":"LineString","coordinates":[[7.4809594,46.9594658],[7.4809784,46.9593965],[7.4811713,46.9586776],[7.4813806,46.9579016]]}},{"type":"Feature","properties":{"art":"rail"},"geometry":{"type":"LineString","coordinates":[[7.4813395,46.9578186],[7.4807871,46.9598802],[7.480712,46.9600916],[7.4805656,46.9604347]]}},{"type":"Feature","properties":{"art":"rail"},"geometry":{"type":"LineString","coordinates":[[7.4749655,46.9645266],[7.474833,46.9645678],[7.4746251,46.9646331],[7.4744132,46.9646903]]}},{"type":"Feature","properties":{"art":"rail"},"geometry":{"type":"LineString","coordinates":[[7.4846493,46.9496569],[7.4848423,46.9494591],[7.4862713,46.9479919]]}},{"type":"Feature","properties":{"art":"rail"},"geometry":{"type":"LineString","coordinates":[[7.4862905,46.9480579],[7.4846763,46.9497141]]}},{"type":"Feature","properties":{"art":"rail"},"geometry":{"type":"LineString","coordinates":[[7.4844605,46.9497058],[7.4846024,46.9495575]]}},{"type":"Feature","properties":{"art":"rail"},"geometry":{"type":"LineString","coordinates":[[7.4829463,46.9515236],[7.482986,46.9514505],[7.4830778,46.9513078],[7.4831109,46.9512659],[7.4833448,46.9509485]]}},{"type":"Feature","properties":{"art":"rail"},"geometry":{"type":"LineString","coordinates":[[7.4816904,46.956747],[7.4820228,46.9554998]]}},{"type":"Feature","properties":{"art":"rail"},"geometry":{"type":"LineString","coordinates":[[7.481867,46.9558582],[7.4816333,46.9567405]]}},{"type":"Feature","properties":{"art":"rail"},"geometry":{"type":"LineString","coordinates":[[7.4819496,46.9551625],[7.4819434,46.9552654],[7.48194,46.9554715],[7.4819311,46.9555701],[7.4819132,46.9556612],[7.4818834,46.9557892]]}},{"type":"Feature","properties":{"art":"rail"},"geometry":{"type":"LineString","coordinates":[[7.4821949,46.953962],[7.482701,46.9520794],[7.4827245,46.9520002],[7.4827423,46.9519502],[7.4827632,46.9518978],[7.4827857,46.9518427],[7.4828924,46.9516313],[7.4829463,46.9515236]]}},{"type":"Feature","properties":{"art":"rail"},"geometry":{"type":"LineString","coordinates":[[7.482011,46.9546484],[7.4821949,46.953962]]}},{"type":"Feature","properties":{"art":"rail"},"geometry":{"type":"LineString","coordinates":[[7.4823888,46.9534666],[7.482044,46.954749],[7.4819799,46.9549939],[7.4819496,46.9551625]]}},{"type":"Feature","properties":{"art":"rail"},"geometry":{"type":"LineString","coordinates":[[7.4818186,46.9557926],[7.4818296,46.9557406],[7.4818479,46.9556193],[7.4818977,46.9551105],[7.4819129,46.9550295],[7.4819532,46.9548677],[7.482011,46.9546484]]}},{"type":"Feature","properties":{"art":"rail"},"geometry":{"type":"LineString","coordinates":[[7.4749655,46.9645266],[7.4746104,46.9646431],[7.474354,46.9647203]]}},{"type":"Feature","properties":{"art":"rail"},"geometry":{"type":"LineString","coordinates":[[7.4742858,46.9647608],[7.4745797,46.964682],[7.4748146,46.9646117],[7.4749533,46.9645684],[7.4751009,46.9645184],[7.4752381,46.9644714],[7.4754056,46.9644106],[7.4756128,46.9643269],[7.4757137,46.964289]]}},{"type":"Feature","properties":{"art":"rail"},"geometry":{"type":"LineString","coordinates":[[7.4744316,46.9647676],[7.4747652,46.9646714],[7.474936,46.9646192],[7.4750993,46.9645651],[7.4752603,46.9645093],[7.475436,46.9644448],[7.4755448,46.964403],[7.475653,46.9643602],[7.4758664,46.9642717],[7.4761219,46.9641602],[7.4762557,46.9640999],[7.476388,46.9640383],[7.4765919,46.9639406],[7.4767936,46.9638411],[7.4769492,46.9637596],[7.4771014,46.9636779],[7.4772097,46.963619],[7.4773164,46.9635596],[7.4774343,46.9634925],[7.4775502,46.9634247],[7.4776689,46.9633538],[7.4777868,46.9632817],[7.4779823,46.9631563],[7.4783771,46.962891],[7.4786746,46.9626762],[7.4789654,46.9624514],[7.4789738,46.9624449]]}},{"type":"Feature","properties":{"art":"rail"},"geometry":{"type":"LineString","coordinates":[[7.4757137,46.964289],[7.4760896,46.964126],[7.4762231,46.964066],[7.4763555,46.9640047],[7.4765587,46.9639073],[7.4767587,46.9638074],[7.4769135,46.9637272],[7.4770653,46.9636459],[7.4771724,46.9635879],[7.4772774,46.9635289],[7.4773951,46.963462],[7.4775108,46.9633944],[7.47763,46.9633233],[7.4777481,46.9632509],[7.4779466,46.9631229],[7.4783318,46.9628635],[7.47863,46.962648],[7.4789196,46.9624265],[7.4789282,46.9624199]]}},{"type":"Feature","properties":{"art":"rail"},"geometry":{"type":"LineString","coordinates":[[7.4805656,46.9604347],[7.4804995,46.9605668],[7.4804245,46.9607093],[7.4803267,46.9608682],[7.4802247,46.9610243],[7.4801201,46.9611713],[7.4800428,46.9612704],[7.479914,46.9614317],[7.4797642,46.9615994],[7.4796434,46.9617238],[7.4794964,46.961868],[7.4793446,46.962011],[7.4791522,46.9621802],[7.4788868,46.9623984]]}},{"type":"Feature","properties":{"art":"rail"},"geometry":{"type":"LineString","coordinates":[[7.4641549,46.9669549],[7.4641747,46.9669549],[7.4643652,46.966952],[7.4644756,46.9669492],[7.4646301,46.9669435],[7.4647953,46.9669343],[7.4649483,46.9669248],[7.4651119,46.9669109],[7.465275,46.9668954],[7.465436,46.9668781],[7.4656134,46.9668551],[7.4657504,46.9668362],[7.4659024,46.9668126],[7.4660452,46.9667887],[7.4661772,46.9667649],[7.4663397,46.966734],[7.4665118,46.9666986],[7.4666894,46.9666608],[7.4670163,46.9665893],[7.4674628,46.9664877],[7.4682297,46.9663057],[7.4686351,46.9662017],[7.468672,46.9661922]]}},{"type":"Feature","properties":{"art":"rail"},"geometry":{"type":"LineString","coordinates":[[7.4686437,46.9661488],[7.4686113,46.9661572],[7.4679032,46.9663391],[7.4670063,46.966548],[7.4666673,46.9666229],[7.4664957,46.9666595],[7.4663227,46.9666948],[7.466162,46.9667254],[7.4660298,46.9667497],[7.4658882,46.9667734],[7.4657352,46.9667968],[7.4655992,46.9668162],[7.4654242,46.9668386],[7.4653425,46.9668473],[7.465178,46.966864],[7.4650596,46.9668746],[7.4649429,46.9668844],[7.4648533,46.9668902],[7.4647506,46.9668963],[7.464634,46.9669025],[7.4644644,46.9669093],[7.4643636,46.9669119],[7.4641737,46.9669131],[7.4641516,46.9669132]]}},{"type":"Feature","properties":{"art":"rail"},"geometry":{"type":"LineString","coordinates":[[7.2847939,46.9313707],[7.2847811,46.9313687],[7.2831684,46.9311692],[7.2816235,46.9310355],[7.2798961,46.9309677],[7.2783565,46.9309714],[7.2737791,46.9311395],[7.266102,46.9314215],[7.2620749,46.9315691]]}},{"type":"Feature","properties":{"art":"rail"},"geometry":{"type":"LineString","coordinates":[[7.2920342,46.9330324],[7.2918033,46.9329713],[7.2903196,46.9325833],[7.289087,46.9322734]]}},{"type":"Feature","properties":{"art":"tram"},"geometry":{"type":"LineString","coordinates":[[7.5331618,46.9292234],[7.5390725,46.9280072],[7.539355,46.9279544],[7.5396633,46.9279084]]}},{"type":"Feature","properties":{"art":"tram"},"geometry":{"type":"LineString","coordinates":[[7.5415757,46.9277685],[7.5419797,46.9277454],[7.5422883,46.9277189],[7.5425658,46.9276909],[7.5428519,46.9276523],[7.5431159,46.9276102],[7.5434174,46.9275481],[7.5435535,46.9275133],[7.5437215,46.9274718],[7.5440301,46.927374],[7.5442927,46.9272767],[7.5446447,46.9271235],[7.5449843,46.9269602]]}},{"type":"Feature","properties":{"art":"tram"},"geometry":{"type":"LineString","coordinates":[[7.4919342,46.9328116],[7.4919821,46.9328243],[7.492137,46.9328687],[7.4924582,46.9329577],[7.4927844,46.9330483],[7.4929946,46.9331029],[7.4932108,46.9331543],[7.493534,46.9332249],[7.4937856,46.9332716],[7.4940442,46.9333135],[7.4942576,46.9333456],[7.4947316,46.9334096],[7.4949385,46.9334415],[7.4950662,46.9334664],[7.495193,46.9334947],[7.4952991,46.9335209],[7.4954032,46.9335496],[7.495524,46.9335878],[7.4956607,46.9336329],[7.4958173,46.9336926],[7.4959736,46.9337573],[7.4961424,46.9338361],[7.4963048,46.9339197],[7.4964671,46.934014],[7.4966218,46.9341128],[7.4968938,46.9343003],[7.4971404,46.9344647],[7.4972005,46.9345019],[7.4972619,46.9345388],[7.4973265,46.9345748],[7.4973924,46.9346104],[7.4974503,46.9346408],[7.4975089,46.9346709],[7.4976318,46.9347324],[7.4982679,46.9350399],[7.4986529,46.9352249],[7.4987557,46.9352744]]}},{"type":"Feature","properties":{"art":"tram"},"geometry":{"type":"LineString","coordinates":[[7.4870512,46.931497],[7.4869596,46.9314512],[7.486869,46.9314059],[7.486772,46.9313774],[7.4867081,46.9313641],[7.4866486,46.9313569],[7.4865858,46.9313532]]}},{"type":"Feature","properties":{"art":"tram"},"geometry":{"type":"LineString","coordinates":[[7.4851587,46.9317932],[7.4852734,46.9317409],[7.4858335,46.931521],[7.4858403,46.9315176],[7.486133,46.9314057],[7.4862423,46.9313695],[7.4863366,46.9313424],[7.4863915,46.9313325],[7.4864385,46.9313261],[7.4864939,46.9313213],[7.4865418,46.9313197],[7.4866,46.9313214],[7.4866484,46.9313239],[7.4866984,46.9313308],[7.4867517,46.93134],[7.4868145,46.9313542],[7.4868778,46.9313716],[7.486905,46.9313818],[7.4869408,46.9313953],[7.4870618,46.9314604]]}},{"type":"Feature","properties":{"art":"tram"},"geometry":{"type":"LineString","coordinates":[[7.4757355,46.9372371],[7.4753889,46.9373871],[7.4752503,46.9374494],[7.4751013,46.9375134],[7.471859,46.9388985],[7.4716767,46.9389765],[7.4715826,46.9390168],[7.4714368,46.9390793],[7.4700661,46.9396682],[7.4699428,46.9397205],[7.4692104,46.9400358],[7.4690456,46.9401042],[7.4687893,46.9402245],[7.4685212,46.9403659],[7.4683982,46.9404341],[7.4682703,46.9405098],[7.4679689,46.9406988],[7.4675786,46.9409449],[7.46728,46.9411323]]}},{"type":"Feature","properties":{"art":"tram"},"geometry":{"type":"LineString","coordinates":[[7.4631303,46.9411698],[7.4630875,46.9411643],[7.4629943,46.9411496],[7.4593431,46.9405457],[7.4592086,46.9405248]]}},{"type":"Feature","properties":{"art":"tram"},"geometry":{"type":"LineString","coordinates":[[7.4591791,46.9404929],[7.4593524,46.9405199],[7.4605716,46.9407218],[7.463,46.9411242],[7.4630953,46.9411379],[7.4631064,46.9411394],[7.463143,46.9411447]]}},{"type":"Feature","properties":{"art":"tram"},"geometry":{"type":"LineString","coordinates":[[7.4659246,46.941607],[7.4652754,46.9415004],[7.4644543,46.9413644],[7.4640191,46.9412926],[7.4634948,46.9412061],[7.463442,46.9411973],[7.4633357,46.9411863],[7.4632243,46.9411789],[7.4631531,46.941172],[7.4631303,46.9411698]]}},{"type":"Feature","properties":{"art":"tram"},"geometry":{"type":"LineString","coordinates":[[7.463143,46.9411447],[7.4632231,46.9411524],[7.4633398,46.9411611],[7.463432,46.9411703],[7.4635063,46.9411812],[7.4639863,46.9412606],[7.4640277,46.9412679],[7.4643092,46.9413145],[7.46586,46.9415703],[7.4659622,46.9415871]]}},{"type":"Feature","properties":{"art":"tram"},"geometry":{"type":"LineString","coordinates":[[7.4580302,46.9406276],[7.4579259,46.9406669],[7.456813,46.9410795],[7.4561999,46.9413071],[7.455518,46.9415608],[7.4553779,46.9416129],[7.4544136,46.9419705],[7.4542995,46.9420131],[7.4539253,46.9421517],[7.4536695,46.9422544],[7.4535852,46.9422868],[7.4535151,46.9423125],[7.4534353,46.9423421],[7.4533324,46.9423805],[7.453075,46.9424756],[7.4530574,46.9424822],[7.4530017,46.9425021],[7.4527464,46.9425962],[7.4521075,46.9428316],[7.4518201,46.9429325],[7.4509629,46.9432488],[7.4504026,46.9434597]]}},{"type":"Feature","properties":{"art":"tram"},"geometry":{"type":"LineString","coordinates":[[7.4503877,46.943432],[7.4512675,46.9431031],[7.451606,46.9429809],[7.4516263,46.9429734],[7.4518016,46.9429095],[7.452593,46.9426163],[7.452758,46.9425471],[7.4529153,46.9424884],[7.452997,46.942452],[7.4530241,46.9424399],[7.4534609,46.942278],[7.4534816,46.9422704],[7.4535518,46.9422459],[7.4536528,46.9422109],[7.4537309,46.9421835],[7.4538737,46.942135],[7.4539988,46.9420905],[7.4542795,46.9419838],[7.4543992,46.9419395],[7.4550717,46.941691],[7.4553557,46.9415861],[7.4554962,46.9415338],[7.4561748,46.9412829],[7.4573037,46.9408655],[7.4574839,46.9407989],[7.4579067,46.9406424],[7.4580124,46.9406035]]}},{"type":"Feature","properties":{"art":"tram"},"geometry":{"type":"LineString","coordinates":[[7.4489036,46.9444219],[7.4489236,46.9443469],[7.448959,46.9442141],[7.4489646,46.9441899],[7.4489693,46.9441731],[7.4489836,46.9441344],[7.4490025,46.9440979],[7.4490053,46.9440843],[7.4490237,46.9440546],[7.4490398,46.944033],[7.4490544,46.9440107],[7.4490654,46.9439991],[7.4490818,46.9439817],[7.4491078,46.9439564],[7.4491349,46.9439323],[7.4491704,46.9439056],[7.4491895,46.9438909],[7.4492203,46.9438718],[7.4492532,46.9438538],[7.4492874,46.9438368],[7.4493022,46.9438309],[7.4493125,46.9438268],[7.4493592,46.9438069],[7.4493877,46.943795],[7.4494116,46.9437863],[7.4494393,46.9437768],[7.4497546,46.9436593],[7.449955,46.9435851],[7.4500221,46.9435599],[7.4501687,46.9435065],[7.4502271,46.9434857],[7.4503877,46.943432]]}},{"type":"Feature","properties":{"art":"tram"},"geometry":{"type":"LineString","coordinates":[[7.4504026,46.9434597],[7.450328,46.9434899],[7.4502536,46.9435205],[7.450052,46.9435976],[7.4497732,46.9437007],[7.4495344,46.9437897],[7.4494781,46.9438114],[7.4494415,46.943824],[7.4494187,46.9438323],[7.4493644,46.9438544],[7.4493293,46.9438682],[7.4493032,46.9438814],[7.4492697,46.9438977],[7.449242,46.9439136],[7.4492337,46.9439187],[7.4492013,46.9439384],[7.4491725,46.9439607],[7.4491467,46.9439789],[7.4491215,46.9440048],[7.4490964,46.9440307],[7.4490699,46.9440614],[7.4490571,46.9440777],[7.4490407,46.944104],[7.4490338,46.9441176],[7.4490165,46.9441539],[7.4490103,46.9441683],[7.4490063,46.9441812],[7.4490007,46.9441971],[7.4489966,46.9442105],[7.4489947,46.9442175],[7.448987,46.9442453],[7.448974,46.9442924],[7.4489584,46.9443513],[7.4489387,46.9444261]]}},{"type":"Feature","properties":{"art":"tram"},"geometry":{"type":"LineString","coordinates":[[7.5177164,46.9325381],[7.5178899,46.9325245],[7.5181934,46.9325003],[7.5183868,46.9324826],[7.5185474,46.932465],[7.5187113,46.9324441],[7.5188907,46.9324157],[7.5190694,46.9323843],[7.51927,46.9323427],[7.5194338,46.9323056],[7.5195751,46.9322702],[7.519879,46.9321853],[7.5202647,46.9320772],[7.5206617,46.9319657],[7.5208205,46.9319232],[7.5210103,46.9318753],[7.5212001,46.9318323],[7.5214967,46.9317665],[7.5245632,46.9311329],[7.5259873,46.9308392],[7.5261533,46.930805],[7.5263171,46.9307693],[7.5291722,46.9301781]]}},{"type":"Feature","properties":{"art":"tram"},"geometry":{"type":"LineString","coordinates":[[7.5153209,46.9327312],[7.515526,46.9327247],[7.5158328,46.9327225],[7.5159449,46.9327182],[7.5159683,46.9327171],[7.5160645,46.9327125],[7.5164539,46.9326815],[7.5165532,46.9326728],[7.5168641,46.9326479],[7.5169936,46.9326345],[7.5171222,46.9326186],[7.5174548,46.9325693],[7.5175813,46.9325535],[7.5177164,46.9325381]]}},{"type":"Feature","properties":{"art":"tram"},"geometry":{"type":"LineString","coordinates":[[7.5396633,46.9279084],[7.5399274,46.9278749],[7.5402557,46.9278473],[7.5415757,46.9277685]]}},{"type":"Feature","properties":{"art":"tram"},"geometry":{"type":"LineString","coordinates":[[7.5415757,46.9277685],[7.5428318,46.927624],[7.5430971,46.9275809],[7.5433092,46.9275388],[7.5434017,46.9275196],[7.5435376,46.9274856],[7.543702,46.9274424],[7.5440091,46.9273462],[7.5442648,46.9272495],[7.5446184,46.9271001],[7.5449843,46.9269602]]}},{"type":"Feature","properties":{"art":"tram"},"geometry":{"type":"LineString","coordinates":[[7.5449843,46.9269602],[7.5457347,46.926605]]}},{"type":"Feature","properties":{"art":"narrow_gauge"},"geometry":{"type":"LineString","coordinates":[[7.5021948,46.9669004],[7.5024578,46.9666377],[7.5028352,46.9662685],[7.503222,46.9658774],[7.5035532,46.9655826],[7.5038303,46.9653606]]}},{"type":"Feature","properties":{"art":"narrow_gauge"},"geometry":{"type":"LineString","coordinates":[[7.5604622,46.9307581],[7.5607153,46.9306658],[7.5607763,46.9306485],[7.5608548,46.9306265],[7.5611596,46.9305514],[7.5612826,46.9305217],[7.5614479,46.9304767],[7.5616266,46.9304196],[7.5618821,46.9303133],[7.5627685,46.9299507],[7.5627972,46.929939]]}},{"type":"Feature","properties":{"art":"narrow_gauge"},"geometry":{"type":"LineString","coordinates":[[7.5593722,46.9328176],[7.5593773,46.9323291],[7.5593813,46.9320976],[7.5593856,46.9320102],[7.5593949,46.9319232],[7.5594064,46.9318476],[7.5594238,46.9317737],[7.5594486,46.9316905],[7.5594787,46.9316135],[7.5595122,46.9315446],[7.5595536,46.9314722],[7.559606,46.9313923],[7.5596655,46.9313174],[7.5597383,46.9312354],[7.5598089,46.9311669],[7.5599041,46.9310869],[7.560006,46.9310118],[7.5601122,46.9309425],[7.5602447,46.9308636],[7.5603268,46.9308208],[7.5604622,46.9307581]]}},{"type":"Feature","properties":{"art":"narrow_gauge"},"geometry":{"type":"LineString","coordinates":[[7.4573017,46.9776918],[7.4572751,46.9775992]]}},{"type":"Feature","properties":{"art":"tram"},"geometry":{"type":"LineString","coordinates":[[7.3942259,46.9484022],[7.3939052,46.9489951]]}},{"type":"Feature","properties":{"art":"rail"},"geometry":{"type":"LineString","coordinates":[[7.4951456,47.0179486],[7.4950154,47.0178727],[7.4944687,47.01752]]}},{"type":"Feature","properties":{"art":"rail"},"geometry":{"type":"LineString","coordinates":[[7.4952011,47.0179075],[7.4949653,47.0177827],[7.4945103,47.01749]]}},{"type":"Feature","properties":{"art":"rail"},"geometry":{"type":"LineString","coordinates":[[7.4952466,47.017874],[7.4949829,47.0177324],[7.4946066,47.0174821]]}},{"type":"Feature","properties":{"art":"rail"},"geometry":{"type":"LineString","coordinates":[[7.496049,47.0181452],[7.494623,47.0183186]]}},{"type":"Feature","properties":{"art":"rail"},"geometry":{"type":"LineString","coordinates":[[7.4969319,47.0181201],[7.4968337,47.0181109],[7.4967351,47.0181039],[7.4966171,47.0181015],[7.4965505,47.0181013],[7.4964882,47.0181029],[7.4961745,47.0181281],[7.496049,47.0181452]]}},{"type":"Feature","properties":{"art":"rail"},"geometry":{"type":"LineString","coordinates":[[7.494412,47.0174266],[7.4934188,47.0167878],[7.4933728,47.0167582]]}},{"type":"Feature","properties":{"art":"rail"},"geometry":{"type":"LineString","coordinates":[[7.4945103,47.01749],[7.4944781,47.0174693],[7.494412,47.0174266]]}},{"type":"Feature","properties":{"art":"rail"},"geometry":{"type":"LineString","coordinates":[[7.4943703,47.0174569],[7.4933787,47.0168169],[7.4933326,47.0167871]]}},{"type":"Feature","properties":{"art":"rail"},"geometry":{"type":"LineString","coordinates":[[7.4944687,47.01752],[7.4944369,47.0174995],[7.4943703,47.0174569]]}},{"type":"Feature","properties":{"art":"rail"},"geometry":{"type":"LineString","coordinates":[[7.2993566,46.9352777],[7.2988167,46.9351009],[7.2982528,46.9349163],[7.2968497,46.9344609],[7.2956198,46.9340712],[7.2949493,46.9338687],[7.2944063,46.9337058],[7.2932222,46.933364],[7.2920342,46.9330324]]}},{"type":"Feature","properties":{"art":"rail"},"geometry":{"type":"LineString","coordinates":[[7.3020694,46.9361568],[7.3043112,46.9368911],[7.3046822,46.9370101],[7.3051994,46.9371639],[7.3053711,46.9372123],[7.3056043,46.9372779],[7.3060382,46.9373838],[7.3062559,46.9374372],[7.3064778,46.9374883],[7.3066988,46.9375352],[7.3069191,46.9375804],[7.3073652,46.9376645],[7.3075725,46.9376991],[7.30778,46.9377322],[7.3081972,46.9377956],[7.3085193,46.9378388],[7.3088415,46.9378817],[7.3094873,46.937962],[7.3107747,46.9381231],[7.312796,46.9383888],[7.3148146,46.9386589],[7.31721,46.9389786],[7.3245821,46.9399641],[7.3245932,46.9399655],[7.3247672,46.9399886]]}},{"type":"Feature","properties":{"art":"rail"},"geometry":{"type":"LineString","coordinates":[[7.3399447,46.9420316],[7.3405397,46.9420974],[7.3411151,46.9421503],[7.3414846,46.9421921]]}},{"type":"Feature","properties":{"art":"rail"},"geometry":{"type":"LineString","coordinates":[[7.3382541,46.9417817],[7.3414846,46.9421921]]}},{"type":"Feature","properties":{"art":"rail"},"geometry":{"type":"LineString","coordinates":[[7.3382541,46.9417817],[7.3387431,46.9418515],[7.3393684,46.9419527],[7.3397433,46.942006]]}},{"type":"Feature","properties":{"art":"rail"},"geometry":{"type":"LineString","coordinates":[[7.3399447,46.9420316],[7.3397433,46.942006],[7.3370592,46.9416649],[7.3360564,46.9415353],[7.3359127,46.9415165],[7.3344478,46.9413231],[7.3330273,46.9411315],[7.3311813,46.9408859],[7.3293201,46.9406316]]}},{"type":"Feature","properties":{"art":"rail"},"geometry":{"type":"LineString","coordinates":[[7.3278258,46.940397],[7.3327053,46.9410501],[7.3330391,46.9410925],[7.3344553,46.9412833],[7.3359263,46.9414769],[7.3360682,46.9414965],[7.3370661,46.94163],[7.3382541,46.9417817]]}},{"type":"Feature","properties":{"art":"rail"},"geometry":{"type":"LineString","coordinates":[[7.3593213,46.9090577],[7.3584255,46.9074061],[7.3580618,46.9067337],[7.3570585,46.9048789]]}},{"type":"Feature","properties":{"art":"rail"},"geometry":{"type":"LineString","coordinates":[[7.3570033,46.904892],[7.3580081,46.906749],[7.3583712,46.9074201],[7.3586674,46.9079673],[7.3588536,46.9083106]]}},{"type":"Feature","properties":{"art":"rail"},"geometry":{"type":"LineString","coordinates":[[7.3593213,46.9090577],[7.3592218,46.908888],[7.3591156,46.9087214],[7.3590255,46.9085878],[7.3589366,46.9084498],[7.3588536,46.9083106]]}},{"type":"Feature","properties":{"art":"rail"},"geometry":{"type":"LineString","coordinates":[[7.3215441,46.8881084],[7.3229294,46.888012],[7.3236495,46.887962],[7.3247503,46.8878854]]}},{"type":"Feature","properties":{"art":"rail"},"geometry":{"type":"LineString","coordinates":[[7.3235583,46.8880089],[7.3237271,46.8879944],[7.3237989,46.887987],[7.3238984,46.8879758],[7.3243794,46.8879198],[7.3245646,46.887901],[7.3247503,46.8878854]]}},{"type":"Feature","properties":{"art":"rail"},"geometry":{"type":"LineString","coordinates":[[7.3258316,46.8878608],[7.3267479,46.8878005]]}},{"type":"Feature","properties":{"art":"rail"},"geometry":{"type":"LineString","coordinates":[[7.3215441,46.8881084],[7.3217249,46.8881],[7.3219063,46.8880956],[7.32208,46.888097],[7.322279,46.8880991]]}},{"type":"Feature","properties":{"art":"rail"},"geometry":{"type":"LineString","coordinates":[[7.3227486,46.8881065],[7.322491,46.8881251],[7.322383,46.8881342],[7.3222964,46.8881427],[7.3222017,46.8881548],[7.3220838,46.8881715],[7.3215546,46.8882548],[7.3214228,46.8882794],[7.3213039,46.8883058],[7.3206417,46.8884606],[7.3205579,46.888481]]}},{"type":"Feature","properties":{"art":"rail"},"geometry":{"type":"LineString","coordinates":[[7.3095899,46.8911237],[7.3098032,46.8907527],[7.30986,46.8906564],[7.3099187,46.8905606],[7.3099776,46.890472],[7.3100416,46.8903852],[7.3101029,46.8903073],[7.3101712,46.8902305],[7.3102481,46.8901499],[7.3103156,46.8900835],[7.3103888,46.890018],[7.3104503,46.8899661],[7.3105244,46.8899078],[7.3106129,46.8898429],[7.3107252,46.8897662],[7.3108983,46.88966],[7.3111947,46.8895012]]}},{"type":"Feature","properties":{"art":"tram"},"geometry":{"type":"LineString","coordinates":[[7.4659622,46.9415871],[7.4660212,46.9415991],[7.4660772,46.9416123],[7.4661068,46.9416201],[7.4661479,46.9416318],[7.466182,46.9416433],[7.4662273,46.9416572],[7.4662731,46.9416742],[7.4663099,46.9416891],[7.4663745,46.941718],[7.4664377,46.941748],[7.4665398,46.9417957]]}},{"type":"Feature","properties":{"art":"tram"},"geometry":{"type":"LineString","coordinates":[[7.4387071,46.9472622],[7.4387022,46.9472635],[7.4386879,46.9472671],[7.4386732,46.9472702],[7.4386434,46.9472739],[7.438612,46.9472759],[7.4385754,46.9472766],[7.4385429,46.947275],[7.4384919,46.9472672]]}},{"type":"Feature","properties":{"art":"tram"},"geometry":{"type":"LineString","coordinates":[[7.4389724,46.9470427],[7.4389558,46.9470887],[7.4389428,46.9471313],[7.438939,46.9471483],[7.4389397,46.9471591],[7.4389384,46.9471691],[7.4389394,46.9471839],[7.438942,46.9471928],[7.4389437,46.9472009],[7.4389477,46.9472152],[7.4389518,46.9472258],[7.4389564,46.9472347],[7.438964,46.9472474],[7.438972,46.9472583],[7.4389832,46.9472712],[7.4389954,46.947283],[7.4390039,46.9472901],[7.4390136,46.9472974],[7.4390241,46.9473043],[7.4390361,46.9473117],[7.4390473,46.9473176],[7.4390551,46.9473214],[7.4390678,46.9473269],[7.439087,46.9473342],[7.4391091,46.9473408],[7.4391853,46.9473566]]}},{"type":"Feature","properties":{"art":"tram"},"geometry":{"type":"LineString","coordinates":[[7.4391853,46.9473566],[7.4396969,46.9474427]]}},{"type":"Feature","properties":{"art":"tram"},"geometry":{"type":"LineString","coordinates":[[7.437557,46.9465377],[7.4375537,46.9465096],[7.4375528,46.9464864],[7.4375541,46.9464631],[7.4375589,46.9464357],[7.4375623,46.9464212],[7.4375671,46.9464081],[7.4375745,46.9463925],[7.4375893,46.9463706],[7.4376086,46.9463493],[7.4376279,46.9463327],[7.4376501,46.9463177],[7.4376813,46.9463027],[7.4377098,46.9462924],[7.4377296,46.9462866],[7.4377549,46.9462814],[7.4377709,46.9462788],[7.437787,46.9462767]]}},{"type":"Feature","properties":{"art":"tram"},"geometry":{"type":"LineString","coordinates":[[7.4373177,46.9459213],[7.43735,46.9459736],[7.437424,46.9460952],[7.4374559,46.9461559]]}},{"type":"Feature","properties":{"art":"rail"},"geometry":{"type":"LineString","coordinates":[[7.5602318,46.8701989],[7.5601134,46.8705867]]}},{"type":"Feature","properties":{"art":"rail"},"geometry":{"type":"LineString","coordinates":[[7.5601711,46.8705948],[7.5605055,46.8694699]]}},{"type":"Feature","properties":{"art":"rail"},"geometry":{"type":"LineString","coordinates":[[7.5599958,46.8714039],[7.5601942,46.8707145]]}},{"type":"Feature","properties":{"art":"rail"},"geometry":{"type":"LineString","coordinates":[[7.5588225,46.8749556],[7.5579422,46.8779147]]}},{"type":"Feature","properties":{"art":"rail"},"geometry":{"type":"LineString","coordinates":[[7.5600027,46.8709622],[7.5591369,46.8738926],[7.5588532,46.8748517]]}},{"type":"Feature","properties":{"art":"rail"},"geometry":{"type":"LineString","coordinates":[[7.5589098,46.8748586],[7.5591937,46.8739009],[7.5600522,46.8710043]]}},{"type":"Feature","properties":{"art":"rail"},"geometry":{"type":"LineString","coordinates":[[7.5476031,46.8954875],[7.54721,46.8961784]]}},{"type":"Feature","properties":{"art":"rail"},"geometry":{"type":"LineString","coordinates":[[7.5472647,46.8961919],[7.5482014,46.894542]]}},{"type":"Feature","properties":{"art":"rail"},"geometry":{"type":"LineString","coordinates":[[7.5439506,46.901868],[7.543298,46.9030153]]}},{"type":"Feature","properties":{"art":"rail"},"geometry":{"type":"LineString","coordinates":[[7.543298,46.9030153],[7.5413992,46.9063328]]}},{"type":"Feature","properties":{"art":"rail"},"geometry":{"type":"LineString","coordinates":[[7.5414336,46.9063589],[7.5428794,46.9038396]]}},{"type":"Feature","properties":{"art":"rail"},"geometry":{"type":"LineString","coordinates":[[7.5423812,46.90436],[7.5413343,46.9061039]]}},{"type":"Feature","properties":{"art":"rail"},"geometry":{"type":"LineString","coordinates":[[7.5118014,46.9306552],[7.5149806,46.9288825]]}},{"type":"Feature","properties":{"art":"rail"},"geometry":{"type":"LineString","coordinates":[[7.5139002,46.9294317],[7.5114804,46.9307864]]}},{"type":"Feature","properties":{"art":"rail"},"geometry":{"type":"LineString","coordinates":[[7.5091684,46.932069],[7.5087039,46.9323333]]}},{"type":"Feature","properties":{"art":"rail"},"geometry":{"type":"LineString","coordinates":[[7.5087179,46.9324263],[7.5067904,46.9335088]]}},{"type":"Feature","properties":{"art":"rail"},"geometry":{"type":"LineString","coordinates":[[7.5022653,46.9358987],[7.5024505,46.9357909],[7.503652,46.9350686],[7.5047896,46.9344159]]}},{"type":"Feature","properties":{"art":"rail"},"geometry":{"type":"LineString","coordinates":[[7.5027579,46.9355524],[7.5036114,46.935036],[7.5052275,46.9341218]]}},{"type":"Feature","properties":{"art":"rail"},"geometry":{"type":"LineString","coordinates":[[7.5022653,46.9358987],[7.5024412,46.9357775],[7.5025565,46.9356938],[7.5027579,46.9355524]]}},{"type":"Feature","properties":{"art":"rail"},"geometry":{"type":"LineString","coordinates":[[7.5047896,46.9344159],[7.5074074,46.9329896],[7.5076993,46.9328303]]}},{"type":"Feature","properties":{"art":"rail"},"geometry":{"type":"LineString","coordinates":[[7.5012639,46.9365118],[7.5015259,46.9363454],[7.5018071,46.9361675],[7.5021545,46.9359638],[7.5022653,46.9358987]]}},{"type":"Feature","properties":{"art":"rail"},"geometry":{"type":"LineString","coordinates":[[7.5087039,46.9323333],[7.508537,46.9324239],[7.5077355,46.9328638],[7.5066808,46.9334296],[7.5060567,46.9337646],[7.505437,46.934105]]}},{"type":"Feature","properties":{"art":"rail"},"geometry":{"type":"LineString","coordinates":[[7.505437,46.934105],[7.5042017,46.9347991],[7.5036743,46.935114],[7.5025081,46.9358059],[7.5018386,46.9361907],[7.5015413,46.9363578],[7.5012639,46.9365118]]}},{"type":"Feature","properties":{"art":"rail"},"geometry":{"type":"LineString","coordinates":[[7.5096996,46.9318236],[7.5101555,46.9315697],[7.5106823,46.9312743],[7.5112116,46.9309802],[7.5118014,46.9306552]]}},{"type":"Feature","properties":{"art":"rail"},"geometry":{"type":"LineString","coordinates":[[7.5004166,46.9370237],[7.5015751,46.9363878],[7.5018764,46.9362187],[7.5025438,46.935843],[7.5037599,46.9351541],[7.5055179,46.9341701]]}},{"type":"Feature","properties":{"art":"rail"},"geometry":{"type":"LineString","coordinates":[[7.5055582,46.9342025],[7.504322,46.9348896],[7.5024726,46.935944]]}},{"type":"Feature","properties":{"art":"rail"},"geometry":{"type":"LineString","coordinates":[[7.5067904,46.9335088],[7.5055582,46.9342025]]}},{"type":"Feature","properties":{"art":"rail"},"geometry":{"type":"LineString","coordinates":[[7.5032629,46.935556],[7.5050806,46.9345428]]}},{"type":"Feature","properties":{"art":"rail"},"geometry":{"type":"LineString","coordinates":[[7.5677949,46.9146653],[7.5684115,46.9145608]]}},{"type":"Feature","properties":{"art":"rail"},"geometry":{"type":"LineString","coordinates":[[7.2920342,46.9330324],[7.2926332,46.9331878],[7.2933424,46.9333614],[7.2940198,46.9335461]]}},{"type":"Feature","properties":{"art":"rail"},"geometry":{"type":"LineString","coordinates":[[7.4998446,46.8865347],[7.4997824,46.8866355],[7.4995811,46.8870056],[7.4993825,46.8873777],[7.4991863,46.8877782]]}},{"type":"Feature","properties":{"art":"rail"},"geometry":{"type":"LineString","coordinates":[[7.5001726,46.8860051],[7.5004697,46.885151]]}},{"type":"Feature","properties":{"art":"rail"},"geometry":{"type":"LineString","coordinates":[[7.4991863,46.8877782],[7.4989647,46.8881673],[7.4985134,46.8889261],[7.4984566,46.8890211],[7.498015,46.889763],[7.4977934,46.8900986]]}},{"type":"Feature","properties":{"art":"rail"},"geometry":{"type":"LineString","coordinates":[[7.4969243,46.8911936],[7.4956203,46.8926434]]}},{"type":"Feature","properties":{"art":"rail"},"geometry":{"type":"LineString","coordinates":[[7.4977934,46.8900986],[7.497734,46.8901823],[7.4976896,46.8902448],[7.4974593,46.8905556],[7.497231,46.890839],[7.4969243,46.8911936]]}},{"type":"Feature","properties":{"art":"rail"},"geometry":{"type":"LineString","coordinates":[[7.4962652,46.8918613],[7.4968865,46.891171],[7.4974131,46.890537],[7.497643,46.89022],[7.4976794,46.8901666],[7.4977416,46.8900754],[7.4979023,46.8897916],[7.4983371,46.8889897],[7.4983889,46.8888948],[7.4993518,46.8872799],[7.4997315,46.8866347],[7.4999536,46.8862261],[7.5001374,46.8857884],[7.5002986,46.8853993],[7.5004797,46.8848193]]}},{"type":"Feature","properties":{"art":"rail"},"geometry":{"type":"LineString","coordinates":[[7.4961263,46.8920155],[7.4962652,46.8918613]]}},{"type":"Feature","properties":{"art":"rail"},"geometry":{"type":"LineString","coordinates":[[7.4962652,46.8918613],[7.4965052,46.8916134],[7.4967518,46.8913668],[7.4969243,46.8911936]]}},{"type":"Feature","properties":{"art":"rail"},"geometry":{"type":"LineString","coordinates":[[7.4961263,46.8920155],[7.4960004,46.8921756],[7.4958136,46.8924047],[7.4956203,46.8926434]]}},{"type":"Feature","properties":{"art":"rail"},"geometry":{"type":"LineString","coordinates":[[7.3035517,46.9366879],[7.30313,46.9365393],[7.3025453,46.9363212],[7.3020694,46.9361568]]}},{"type":"Feature","properties":{"art":"rail"},"geometry":{"type":"LineString","coordinates":[[7.3035517,46.9366879],[7.3020413,46.9361879],[7.3012319,46.9359169],[7.2993566,46.9352777]]}},{"type":"Feature","properties":{"art":"rail"},"geometry":{"type":"LineString","coordinates":[[7.4273853,46.9379802],[7.4275141,46.9378666],[7.4280625,46.9373725]]}},{"type":"Feature","properties":{"art":"rail"},"geometry":{"type":"LineString","coordinates":[[7.4295021,46.9358807],[7.4289797,46.9363484],[7.42894,46.9363868]]}},{"type":"Feature","properties":{"art":"rail"},"geometry":{"type":"LineString","coordinates":[[7.4299431,46.9354811],[7.4295021,46.9358807]]}},{"type":"Feature","properties":{"art":"rail"},"geometry":{"type":"LineString","coordinates":[[7.4308768,46.9347037],[7.4299844,46.9355111]]}},{"type":"Feature","properties":{"art":"narrow_gauge"},"geometry":{"type":"LineString","coordinates":[[7.481849,46.9733076],[7.4807868,46.9730909]]}},{"type":"Feature","properties":{"art":"rail"},"geometry":{"type":"LineString","coordinates":[[7.4091931,46.9426168],[7.4100734,46.9424218],[7.4102329,46.9423871]]}},{"type":"Feature","properties":{"art":"rail"},"geometry":{"type":"LineString","coordinates":[[7.4100798,46.942382],[7.410215,46.9423537]]}},{"type":"Feature","properties":{"art":"rail"},"geometry":{"type":"LineString","coordinates":[[7.4097878,46.9467625],[7.4090389,46.9464779],[7.4086803,46.9463457],[7.4084603,46.9462635],[7.4083918,46.946235]]}},{"type":"Feature","properties":{"art":"rail"},"geometry":{"type":"LineString","coordinates":[[7.4135891,46.9415167],[7.4130123,46.9416985],[7.4128147,46.941748]]}},{"type":"Feature","properties":{"art":"rail"},"geometry":{"type":"LineString","coordinates":[[7.4164734,46.9410256],[7.4183053,46.9406249]]}},{"type":"Feature","properties":{"art":"rail"},"geometry":{"type":"LineString","coordinates":[[7.4179392,46.9406705],[7.4182922,46.9405912]]}},{"type":"Feature","properties":{"art":"rail"},"geometry":{"type":"LineString","coordinates":[[7.3889155,46.8869383],[7.3891598,46.8870838],[7.3897411,46.88743]]}},{"type":"Feature","properties":{"art":"rail"},"geometry":{"type":"LineString","coordinates":[[7.387254,46.8859544],[7.387338,46.8860007]]}},{"type":"Feature","properties":{"art":"rail"},"geometry":{"type":"LineString","coordinates":[[7.4014653,46.900142],[7.4015442,46.9000593],[7.4016071,46.8999895],[7.401638,46.8999543],[7.4016676,46.8999187],[7.4017235,46.8998477],[7.4017687,46.8997809],[7.4018115,46.8997123],[7.4018504,46.8996411],[7.4018849,46.8995697],[7.4019063,46.8995174],[7.4019253,46.8994647],[7.4019424,46.899412],[7.4019581,46.8993585],[7.4019705,46.8992983],[7.4019819,46.8992382],[7.4019867,46.8992089],[7.4019892,46.8991789],[7.4019944,46.899118],[7.4019961,46.8990486],[7.401995,46.8989794],[7.4019878,46.8989107],[7.401977,46.8988402],[7.4019631,46.8987687],[7.4019444,46.8986989],[7.4019224,46.898633],[7.4018977,46.8985682],[7.4018628,46.8984904],[7.4018243,46.8984167],[7.4017836,46.8983483],[7.4017394,46.8982812],[7.4016625,46.8981802],[7.4015835,46.8980828]]}},{"type":"Feature","properties":{"art":"rail"},"geometry":{"type":"LineString","coordinates":[[7.4000106,46.9016209],[7.4001144,46.9015154],[7.4001713,46.9014561],[7.4002208,46.9014074],[7.400734,46.9008846],[7.4014653,46.900142]]}},{"type":"Feature","properties":{"art":"rail"},"geometry":{"type":"LineString","coordinates":[[7.4398976,46.9505349],[7.4401096,46.9509577]]}},{"type":"Feature","properties":{"art":"rail"},"geometry":{"type":"LineString","coordinates":[[7.463929,46.9669119],[7.4637834,46.9669072],[7.4636383,46.9669012],[7.463455,46.9668912],[7.463271,46.9668776],[7.4631336,46.9668649],[7.4629966,46.966851],[7.4628738,46.9668365],[7.462752,46.9668209],[7.4626026,46.9667995],[7.4624562,46.9667765],[7.4622735,46.9667449],[7.4620198,46.9666944],[7.4618224,46.9666506],[7.4616108,46.9666005],[7.4610894,46.9664652],[7.460165,46.9662212],[7.4599338,46.9661605],[7.4597019,46.9661004],[7.4594689,46.9660413],[7.4592361,46.9659844],[7.4589204,46.9659105],[7.4586023,46.9658397],[7.4582857,46.9657743],[7.457969,46.9657126],[7.457299,46.9655925],[7.4568194,46.9655093],[7.4565876,46.965458],[7.4563619,46.9654082],[7.4561394,46.965357],[7.4556955,46.9652526],[7.4543154,46.9649249],[7.4532211,46.9646665],[7.4527626,46.964556],[7.4523073,46.9644422]]}},{"type":"Feature","properties":{"art":"rail"},"geometry":{"type":"LineString","coordinates":[[7.4566137,46.9656096],[7.4570741,46.9657356],[7.4574929,46.9658454],[7.4577045,46.9658989],[7.4579164,46.9659512],[7.4586888,46.9661356],[7.4587533,46.9661511]]}},{"type":"Feature","properties":{"art":"rail"},"geometry":{"type":"LineString","coordinates":[[7.4641549,46.9669549],[7.4639692,46.9669546],[7.4638451,46.9669522],[7.4637217,46.9669479],[7.4635795,46.9669426],[7.4634358,46.9669349],[7.4632238,46.96692],[7.4630224,46.9669025],[7.4627817,46.9668772],[7.4625915,46.9668525],[7.4624234,46.9668275],[7.4622466,46.9667988],[7.4620416,46.9667623],[7.4619489,46.9667443],[7.4617283,46.9666981],[7.4615908,46.9666668],[7.461363,46.966612],[7.4610624,46.9665352],[7.4600062,46.9662571],[7.4594392,46.966108],[7.4591124,46.9660253],[7.4588109,46.9659519],[7.4584968,46.9658826],[7.4583477,46.9658517],[7.4581145,46.9658059],[7.4578262,46.9657536],[7.4572573,46.9656568],[7.4569635,46.9656062]]}},{"type":"Feature","properties":{"art":"rail"},"geometry":{"type":"LineString","coordinates":[[7.4517954,46.964477],[7.4548795,46.9653]]}},{"type":"Feature","properties":{"art":"rail"},"geometry":{"type":"LineString","coordinates":[[7.4587385,46.9661904],[7.4586692,46.9661738],[7.4578967,46.9659896],[7.457557,46.9659054],[7.4572179,46.9658176],[7.4569012,46.9657331],[7.4565059,46.9656284],[7.4557341,46.9654198],[7.4548606,46.9651872]]}},{"type":"Feature","properties":{"art":"rail"},"geometry":{"type":"LineString","coordinates":[[7.4556482,46.9655544],[7.4561526,46.9656709],[7.4566629,46.9657811],[7.4575914,46.9659753],[7.4580539,46.9660781],[7.458515,46.9661845]]}},{"type":"Feature","properties":{"art":"rail"},"geometry":{"type":"LineString","coordinates":[[7.4487831,46.9636996],[7.4491022,46.9637915],[7.4492711,46.9638392]]}},{"type":"Feature","properties":{"art":"rail"},"geometry":{"type":"LineString","coordinates":[[7.449197,46.9637754],[7.4501212,46.9640274],[7.4508666,46.9642288],[7.45131,46.9643472],[7.4517954,46.964477]]}},{"type":"Feature","properties":{"art":"rail"},"geometry":{"type":"LineString","coordinates":[[7.4492711,46.9638392],[7.4497998,46.9639842],[7.4499495,46.9640233],[7.4501005,46.9640615],[7.4503346,46.9641199],[7.4505089,46.9641615],[7.450858,46.9642442],[7.451308,46.9643507],[7.4517954,46.964477]]}},{"type":"Feature","properties":{"art":"rail"},"geometry":{"type":"LineString","coordinates":[[7.4492711,46.9638392],[7.4500934,46.964074],[7.4504923,46.9641885],[7.4508313,46.9642846],[7.451276,46.9644056],[7.4513904,46.9644358],[7.451476,46.9644591],[7.4543321,46.9652237],[7.4546649,46.9653127],[7.4550063,46.9653996],[7.4554353,46.965504],[7.4556482,46.9655544]]}},{"type":"Feature","properties":{"art":"rail"},"geometry":{"type":"LineString","coordinates":[[7.4518625,46.9643838],[7.4523328,46.9645068],[7.4526784,46.9645888],[7.4533886,46.9647519],[7.4537175,46.9648297],[7.4539002,46.9648756],[7.4544184,46.9650107]]}},{"type":"Feature","properties":{"art":"tram"},"geometry":{"type":"LineString","coordinates":[[7.4645812,46.9586238],[7.4646209,46.958532],[7.4646435,46.9584957],[7.4646672,46.9584681],[7.4646896,46.9584481],[7.4647357,46.958414],[7.4650031,46.9582188],[7.4653119,46.9579753],[7.4653506,46.9579464],[7.4653729,46.9579308],[7.465398,46.9579163],[7.4654209,46.957905],[7.4654481,46.9578945],[7.4654696,46.9578878],[7.4654927,46.9578818],[7.4655186,46.9578772],[7.4655467,46.9578733],[7.4655825,46.9578703],[7.4656068,46.957869],[7.4656428,46.957868],[7.4656781,46.9578666],[7.4657199,46.9578654],[7.4657651,46.9578622],[7.4657798,46.9578606],[7.4657928,46.9578596],[7.4658219,46.9578548],[7.4658521,46.957849],[7.4658901,46.9578406],[7.4659285,46.9578299],[7.4659399,46.9578264],[7.465987,46.9578101],[7.4660136,46.9577987],[7.4660449,46.9577847],[7.4660702,46.9577714],[7.4660922,46.957759],[7.4661244,46.9577376],[7.466149,46.95772],[7.4661766,46.9576979],[7.4667538,46.9572101],[7.4670485,46.9569507],[7.4672271,46.9567797],[7.4673413,46.9566652],[7.4675065,46.9565164],[7.4675805,46.9564468],[7.4676243,46.9564126],[7.4676521,46.9563905],[7.4676721,46.9563765],[7.4676949,46.9563625],[7.4677156,46.9563512],[7.46774,46.9563385],[7.4677615,46.9563294],[7.4677875,46.9563195],[7.4678131,46.9563112],[7.4678509,46.9563004],[7.4678653,46.9562978],[7.4679006,46.9562914],[7.4679365,46.9562863],[7.4679914,46.9562782],[7.4681378,46.9562576]]}},{"type":"Feature","properties":{"art":"narrow_gauge"},"geometry":{"type":"LineString","coordinates":[[7.4572258,46.9776033],[7.4572504,46.9776892]]}},{"type":"Feature","properties":{"art":"rail"},"geometry":{"type":"LineString","coordinates":[[7.3819316,46.9450414],[7.3828726,46.9451525],[7.382952,46.945162],[7.3830216,46.9451705],[7.3841587,46.945295],[7.385313,46.9454347],[7.3868459,46.945641]]}},{"type":"Feature","properties":{"art":"rail"},"geometry":{"type":"LineString","coordinates":[[7.3884012,46.9457978],[7.3915407,46.9461849],[7.3919786,46.9462389]]}},{"type":"Feature","properties":{"art":"rail"},"geometry":{"type":"LineString","coordinates":[[7.3804028,46.9448874],[7.3802405,46.9448679]]}},{"type":"Feature","properties":{"art":"rail"},"geometry":{"type":"LineString","coordinates":[[7.3787267,46.9446464],[7.3819316,46.9450414]]}},{"type":"Feature","properties":{"art":"rail"},"geometry":{"type":"LineString","coordinates":[[7.3712594,46.9430712],[7.3707737,46.9429539],[7.3704477,46.9428815],[7.3701506,46.942819]]}},{"type":"Feature","properties":{"art":"rail"},"geometry":{"type":"LineString","coordinates":[[7.370156,46.9427828],[7.3704551,46.9428461],[7.3707875,46.9429198],[7.3711197,46.9430001],[7.3714513,46.9430819],[7.3727818,46.9434154]]}},{"type":"Feature","properties":{"art":"rail"},"geometry":{"type":"LineString","coordinates":[[7.3868459,46.945641],[7.3874401,46.9457217],[7.3878833,46.9457752],[7.3879701,46.9457859],[7.3899605,46.9460317],[7.3915328,46.9462209],[7.3918725,46.9462618],[7.3925303,46.9463424]]}},{"type":"Feature","properties":{"art":"rail"},"geometry":{"type":"LineString","coordinates":[[7.3802405,46.9448679],[7.3789129,46.9447036],[7.3782098,46.9446155],[7.377859,46.9445668],[7.3776403,46.944534],[7.3774064,46.9444977]]}},{"type":"Feature","properties":{"art":"rail"},"geometry":{"type":"LineString","coordinates":[[7.4448701,46.9609974],[7.4446109,46.96073]]}},{"type":"Feature","properties":{"art":"rail"},"geometry":{"type":"LineString","coordinates":[[7.4444541,46.9606255],[7.4448285,46.9610137]]}},{"type":"Feature","properties":{"art":"rail"},"geometry":{"type":"LineString","coordinates":[[7.4448614,46.9610008],[7.4447701,46.9609003],[7.4446109,46.96073]]}},{"type":"Feature","properties":{"art":"rail"},"geometry":{"type":"LineString","coordinates":[[7.4448109,46.9610206],[7.4446797,46.9608694],[7.4446138,46.9607954],[7.4444541,46.9606255]]}},{"type":"Feature","properties":{"art":"rail"},"geometry":{"type":"LineString","coordinates":[[7.4453456,46.9616238],[7.4449575,46.9612222],[7.4447766,46.9610342]]}},{"type":"Feature","properties":{"art":"rail"},"geometry":{"type":"LineString","coordinates":[[7.4448285,46.9610137],[7.4450072,46.9611997],[7.4453938,46.9615983]]}},{"type":"Feature","properties":{"art":"rail"},"geometry":{"type":"LineString","coordinates":[[7.4453938,46.9615983],[7.4451658,46.9613542],[7.4450234,46.9611892],[7.4448614,46.9610008]]}},{"type":"Feature","properties":{"art":"rail"},"geometry":{"type":"LineString","coordinates":[[7.4453456,46.9616238],[7.445188,46.9614554],[7.4451144,46.9613738],[7.4449738,46.9612114],[7.4448109,46.9610206]]}},{"type":"Feature","properties":{"art":"tram"},"geometry":{"type":"LineString","coordinates":[[7.4665204,46.9418159],[7.4664273,46.9417721],[7.4663777,46.941749],[7.4663263,46.9417262],[7.4662908,46.9417119],[7.4662568,46.9416985],[7.4662115,46.941683],[7.466158,46.9416649],[7.4661312,46.9416569],[7.4661017,46.9416487],[7.466063,46.9416382],[7.4659891,46.9416202],[7.4659246,46.941607]]}},{"type":"Feature","properties":{"art":"rail"},"geometry":{"type":"LineString","coordinates":[[7.4401213,46.9513368],[7.4400974,46.9512764],[7.4400721,46.9512159],[7.4400434,46.9511581],[7.4400115,46.9510923]]}},{"type":"Feature","properties":{"art":"rail"},"geometry":{"type":"LineString","coordinates":[[7.4401582,46.9517695],[7.4401623,46.9517312],[7.4401663,46.9516933],[7.4401674,46.9516504],[7.4401676,46.9516069],[7.4401635,46.9515397],[7.4401574,46.9514896],[7.4401464,46.9514315],[7.4401213,46.9513368]]}},{"type":"Feature","properties":{"art":"rail"},"geometry":{"type":"LineString","coordinates":[[7.4397407,46.950683],[7.4396806,46.950599],[7.439615,46.9505059],[7.439541,46.9504036]]}},{"type":"Feature","properties":{"art":"rail"},"geometry":{"type":"LineString","coordinates":[[7.4400115,46.9510923],[7.4398778,46.9508287]]}},{"type":"Feature","properties":{"art":"rail"},"geometry":{"type":"LineString","coordinates":[[7.4273491,46.938009],[7.4273853,46.9379802]]}},{"type":"Feature","properties":{"art":"narrow_gauge"},"geometry":{"type":"LineString","coordinates":[[7.4656786,47.007764],[7.465797,47.0079307],[7.466029,47.0082065],[7.4661626,47.0083795]]}},{"type":"Feature","properties":{"art":"narrow_gauge"},"geometry":{"type":"LineString","coordinates":[[7.4653325,47.0072282],[7.4654069,47.0073951],[7.4654617,47.0074987],[7.4655558,47.0076626],[7.465642,47.0077949]]}},{"type":"Feature","properties":{"art":"narrow_gauge"},"geometry":{"type":"LineString","coordinates":[[7.465642,47.0077949],[7.4657494,47.0079502],[7.4660101,47.008262],[7.4661109,47.0083974]]}},{"type":"Feature","properties":{"art":"narrow_gauge"},"geometry":{"type":"LineString","coordinates":[[7.4649801,47.0061979],[7.4650341,47.0063349],[7.465246,47.0068728],[7.4653857,47.0072284],[7.465456,47.0073847],[7.4655115,47.0074914],[7.4656033,47.0076503],[7.4656786,47.007764]]}},{"type":"Feature","properties":{"art":"narrow_gauge"},"geometry":{"type":"LineString","coordinates":[[7.4671889,47.010163],[7.4672523,47.0102737],[7.4672908,47.010342],[7.4673925,47.0104965],[7.4675855,47.0107552],[7.4677366,47.0109332],[7.4678573,47.0110571],[7.4679875,47.0111826],[7.4681523,47.0113267],[7.4682761,47.0114253],[7.4684372,47.0115453],[7.4685622,47.0116333],[7.4687386,47.0117463],[7.46891,47.0118479],[7.4691705,47.0119887],[7.4694327,47.012113]]}},{"type":"Feature","properties":{"art":"rail"},"geometry":{"type":"LineString","coordinates":[[7.4654019,47.0067014],[7.4655741,47.0070611],[7.465653,47.0072378],[7.4657156,47.0073902],[7.4657738,47.0075433]]}},{"type":"Feature","properties":{"art":"rail"},"geometry":{"type":"LineString","coordinates":[[7.4664927,47.0079143],[7.4665385,47.0079893],[7.4665751,47.008043],[7.4666147,47.0080942],[7.4666813,47.0081766],[7.4668208,47.0083586]]}},{"type":"Feature","properties":{"art":"rail"},"geometry":{"type":"LineString","coordinates":[[7.4666106,47.0080138],[7.4666892,47.0081557],[7.4667363,47.0082362],[7.4667785,47.0083007],[7.4668208,47.0083586]]}},{"type":"Feature","properties":{"art":"rail"},"geometry":{"type":"LineString","coordinates":[[7.4664124,47.0079912],[7.4659098,47.0070984],[7.4656824,47.0066925],[7.4654745,47.0063255]]}},{"type":"Feature","properties":{"art":"rail"},"geometry":{"type":"LineString","coordinates":[[7.465385,47.0065274],[7.4656709,47.0070662],[7.4657589,47.0072362],[7.4660509,47.0077681],[7.4661141,47.0078843]]}},{"type":"Feature","properties":{"art":"rail"},"geometry":{"type":"LineString","coordinates":[[7.4668761,47.0091805],[7.466301,47.0081265],[7.4662305,47.0079908],[7.4661729,47.0078748],[7.4661106,47.0077529],[7.4659847,47.0075088],[7.4657832,47.0071189],[7.4654938,47.0065577],[7.465176,47.0059372]]}},{"type":"Feature","properties":{"art":"rail"},"geometry":{"type":"LineString","coordinates":[[7.4670738,47.0091846],[7.4667547,47.0086083],[7.4664124,47.0079912]]}},{"type":"Feature","properties":{"art":"rail"},"geometry":{"type":"LineString","coordinates":[[7.4684192,47.0107458],[7.4675067,47.0097173],[7.4674336,47.0096374]]}},{"type":"Feature","properties":{"art":"rail"},"geometry":{"type":"LineString","coordinates":[[7.4659224,47.008556],[7.4659222,47.0085634]]}},{"type":"Feature","properties":{"art":"rail"},"geometry":{"type":"LineString","coordinates":[[7.4664255,47.0107523],[7.4663985,47.0106933],[7.466383,47.0106494],[7.466365,47.0105953],[7.4663111,47.0103584],[7.4662956,47.0103061],[7.4662418,47.0101928]]}},{"type":"Feature","properties":{"art":"rail"},"geometry":{"type":"LineString","coordinates":[[7.4660502,47.0087748],[7.4660556,47.0089701],[7.4660731,47.0093741],[7.4660742,47.0095898],[7.4660719,47.0096601]]}},{"type":"Feature","properties":{"art":"rail"},"geometry":{"type":"LineString","coordinates":[[7.4660502,47.0087748],[7.4660499,47.0087029]]}},{"type":"Feature","properties":{"art":"rail"},"geometry":{"type":"LineString","coordinates":[[7.464341,47.004608],[7.4645474,47.0050263],[7.464635,47.0052035],[7.4648501,47.005623],[7.4653564,47.0066148],[7.4654019,47.0067014]]}},{"type":"Feature","properties":{"art":"rail"},"geometry":{"type":"LineString","coordinates":[[7.4618886,46.9995049],[7.461918,46.9995559],[7.4619765,46.9996577],[7.4620137,46.9997276],[7.4620545,46.9998131],[7.4620914,46.999893]]}},{"type":"Feature","properties":{"art":"rail"},"geometry":{"type":"LineString","coordinates":[[7.4632652,47.0019289],[7.4628793,47.0011263],[7.4628395,47.0010485],[7.4626737,47.0007066],[7.4626514,47.0006625],[7.4624303,47.0002095],[7.4623105,46.999959]]}},{"type":"Feature","properties":{"art":"rail"},"geometry":{"type":"LineString","coordinates":[[7.465176,47.0059372],[7.4651406,47.0058674],[7.4649075,47.0054214],[7.4648612,47.0053305]]}},{"type":"Feature","properties":{"art":"rail"},"geometry":{"type":"LineString","coordinates":[[7.4636491,47.0027173],[7.4632652,47.0019289]]}},{"type":"Feature","properties":{"art":"rail"},"geometry":{"type":"LineString","coordinates":[[7.4634145,47.0020523],[7.4633749,47.0019776],[7.4633288,47.0018907],[7.4632295,47.0017101],[7.4631298,47.001511],[7.4629279,47.0011065],[7.4628972,47.0010423],[7.462786,47.0008076],[7.4626361,47.0005007],[7.4626001,47.0004338],[7.462569,47.0003773],[7.4625209,47.0003088],[7.4624485,47.0002032],[7.4624077,47.0001377],[7.4623698,47.0000725],[7.4623105,46.999959]]}},{"type":"Feature","properties":{"art":"tram"},"geometry":{"type":"LineString","coordinates":[[7.432952,46.9359892],[7.432973,46.9359703]]}},{"type":"Feature","properties":{"art":"tram"},"geometry":{"type":"LineString","coordinates":[[7.4358948,46.9431029],[7.4358937,46.9430828],[7.4358815,46.9429284],[7.4358719,46.9428016],[7.4358676,46.9427452],[7.4358257,46.9421485],[7.4358081,46.9419316],[7.4357893,46.9417023],[7.4357807,46.9415868],[7.4357619,46.9413591],[7.4357511,46.9412207],[7.4357477,46.9411765],[7.4357362,46.9411008],[7.4357223,46.9410029],[7.4357156,46.9409656],[7.4357031,46.9408576],[7.4356989,46.9408],[7.4356969,46.9407731],[7.4356918,46.9406943],[7.4356931,46.9406464],[7.4357531,46.9401651],[7.4357646,46.940083],[7.4357684,46.9400615],[7.4357798,46.9400222],[7.4357957,46.939974],[7.4358212,46.9399023],[7.4358336,46.939869],[7.4358447,46.9398348],[7.4358511,46.9398089],[7.4358631,46.9397297],[7.4358786,46.9396543],[7.4359248,46.9394297],[7.4359394,46.9393576],[7.4359613,46.9392855],[7.4359857,46.9392246],[7.4360158,46.9391414],[7.4360385,46.9390643],[7.436073,46.9388693],[7.4361246,46.938578],[7.436201,46.9381459],[7.4362154,46.9380702],[7.436238,46.9379429],[7.4363051,46.9375799],[7.4363441,46.9373591],[7.4363579,46.9372582],[7.4363671,46.9371593],[7.4363788,46.9370979],[7.4363833,46.9370811],[7.43641,46.9369798],[7.436414,46.9369659],[7.4364394,46.9369161],[7.4365251,46.936572],[7.4365306,46.9365558],[7.4365461,46.9365059],[7.4365664,46.9364305],[7.4366484,46.9361368],[7.436741,46.9357843],[7.4368357,46.9354116],[7.4368807,46.9352285],[7.4369046,46.93513],[7.4369335,46.9350493],[7.4369441,46.9350331],[7.4369782,46.9349833],[7.4370294,46.9349276],[7.4370472,46.9349107],[7.4370936,46.9348789],[7.4371731,46.9348355],[7.4372332,46.9348031],[7.4373574,46.9347614]]}},{"type":"Feature","properties":{"art":"tram"},"geometry":{"type":"LineString","coordinates":[[7.4373762,46.9347833],[7.4372615,46.9348271],[7.4371528,46.9348797],[7.4371038,46.9349149],[7.4370785,46.9349324],[7.4370307,46.9349796],[7.4369932,46.9350274],[7.4369818,46.9350492],[7.4369678,46.9350759],[7.4369475,46.9351349],[7.4369282,46.9352056],[7.4368912,46.9353655],[7.436851,46.9355192],[7.4367074,46.9360833],[7.4366067,46.936514],[7.4365963,46.9365546],[7.4365013,46.9369229],[7.4364864,46.9369879],[7.4364592,46.9370838],[7.4364133,46.9372726],[7.4363631,46.9374769],[7.436314,46.9377337],[7.4362768,46.9379459],[7.436268,46.9379965],[7.436248,46.938108],[7.4362408,46.938149],[7.4361904,46.9384349],[7.4361688,46.9385572],[7.4361127,46.9388723],[7.4360825,46.9390417],[7.4360531,46.939208],[7.436026,46.9393545],[7.4359745,46.9396335],[7.4359694,46.9396637],[7.4359474,46.9397928],[7.4359275,46.9399106],[7.4359075,46.9400283],[7.4358162,46.9405642],[7.4357763,46.9408025],[7.4357723,46.9408258],[7.435768,46.9408951],[7.435768,46.9409255],[7.4357698,46.9409682],[7.435779,46.9410705],[7.4357815,46.941099],[7.4357912,46.9412064],[7.4357994,46.9413076],[7.4358208,46.9415724],[7.4358284,46.9416625],[7.4358508,46.9419281],[7.4358655,46.9421467],[7.4358912,46.9424279],[7.4358983,46.9425307],[7.4359132,46.9427464],[7.4359344,46.9429265],[7.4359377,46.942955],[7.435954,46.9430614],[7.4359593,46.9430973]]}},{"type":"Feature","properties":{"art":"tram"},"geometry":{"type":"LineString","coordinates":[[7.4329932,46.9459211],[7.432896,46.9459237],[7.4327399,46.9459286]]}},{"type":"Feature","properties":{"art":"tram"},"geometry":{"type":"LineString","coordinates":[[7.4327389,46.945903],[7.4329531,46.945897]]}},{"type":"Feature","properties":{"art":"tram"},"geometry":{"type":"LineString","coordinates":[[7.4332131,46.9453661],[7.4332522,46.9454337],[7.4333142,46.9455391],[7.4333268,46.945561]]}},{"type":"Feature","properties":{"art":"tram"},"geometry":{"type":"LineString","coordinates":[[7.4332797,46.9455485],[7.4331781,46.9453782]]}},{"type":"Feature","properties":{"art":"tram"},"geometry":{"type":"LineString","coordinates":[[7.4471914,46.9479249],[7.4472504,46.9479245],[7.4473017,46.9479203],[7.4473252,46.9479125],[7.4473582,46.9478983],[7.4473811,46.9478841],[7.4473977,46.9478725],[7.4474122,46.9478582],[7.4474329,46.9478322],[7.4474449,46.9478082],[7.4474504,46.9477775]]}},{"type":"Feature","properties":{"art":"tram"},"geometry":{"type":"LineString","coordinates":[[7.4482971,46.9465201],[7.4483164,46.9464973],[7.4483335,46.9464752],[7.4483419,46.9464632],[7.4483508,46.9464503],[7.4483612,46.9464329]]}},{"type":"Feature","properties":{"art":"narrow_gauge"},"geometry":{"type":"LineString","coordinates":[[7.5494392,46.952455],[7.5492144,46.9525964],[7.549044,46.9526926],[7.5489299,46.9527507],[7.5487957,46.9528073],[7.5486546,46.9528622],[7.5485908,46.9528816],[7.5485178,46.9529069],[7.5483502,46.9529513],[7.5481502,46.9529918],[7.5479692,46.9530195],[7.547758,46.9530393],[7.5475647,46.9530478],[7.5473293,46.9530482],[7.5467968,46.9530295],[7.546394,46.9529921],[7.5459615,46.9529348],[7.5457146,46.9528971],[7.5454249,46.9528426],[7.5447067,46.9526713]]}},{"type":"Feature","properties":{"art":"narrow_gauge"},"geometry":{"type":"LineString","coordinates":[[7.5446944,46.9526331],[7.5454396,46.952805],[7.5457221,46.9528598],[7.5459761,46.9529011],[7.5464067,46.9529572],[7.5468019,46.9529936]]}},{"type":"Feature","properties":{"art":"narrow_gauge"},"geometry":{"type":"LineString","coordinates":[[7.4661626,47.0083795],[7.466267,47.0085223],[7.4663757,47.0086733],[7.4664734,47.0088193],[7.4665638,47.0089656],[7.4666732,47.0091592]]}},{"type":"Feature","properties":{"art":"narrow_gauge"},"geometry":{"type":"LineString","coordinates":[[7.4661109,47.0083974],[7.4662178,47.008537],[7.466324,47.0086815],[7.4664254,47.0088314],[7.4665101,47.0089733],[7.4666588,47.0092335],[7.4668933,47.0096442],[7.4671889,47.010163]]}},{"type":"Feature","properties":{"art":"narrow_gauge"},"geometry":{"type":"LineString","coordinates":[[7.4666732,47.0091592],[7.4667869,47.0093662],[7.4668388,47.0094661],[7.4668838,47.0095628],[7.4669886,47.0097857],[7.467046,47.0098992],[7.4670996,47.0099996],[7.4671397,47.0100733],[7.4671889,47.010163]]}},{"type":"Feature","properties":{"art":"narrow_gauge"},"geometry":{"type":"LineString","coordinates":[[7.4645358,47.0053187],[7.4646516,47.0055256],[7.4647649,47.0057361],[7.4648523,47.0059095],[7.4649178,47.0060532],[7.4649801,47.0061979]]}},{"type":"Feature","properties":{"art":"narrow_gauge"},"geometry":{"type":"LineString","coordinates":[[7.4641999,47.0048234],[7.4645358,47.0053187]]}},{"type":"Feature","properties":{"art":"narrow_gauge"},"geometry":{"type":"LineString","coordinates":[[7.4641999,47.0048234],[7.4644895,47.0053308],[7.4646062,47.0055396],[7.4647195,47.0057487],[7.4648038,47.0059201],[7.4648704,47.0060615],[7.4649336,47.006206],[7.4649982,47.00635],[7.4650543,47.0064945],[7.4651887,47.0068619],[7.4653325,47.0072282]]}},{"type":"Feature","properties":{"art":"narrow_gauge"},"geometry":{"type":"LineString","coordinates":[[7.4573323,46.9777597],[7.4573019,46.9776775],[7.4572751,46.9775992]]}},{"type":"Feature","properties":{"art":"narrow_gauge"},"geometry":{"type":"LineString","coordinates":[[7.4573154,46.9777546],[7.4573124,46.9777371],[7.4573017,46.9776918]]}},{"type":"Feature","properties":{"art":"narrow_gauge"},"geometry":{"type":"LineString","coordinates":[[7.4573184,46.9777554],[7.4573017,46.9776918]]}},{"type":"Feature","properties":{"art":"narrow_gauge"},"geometry":{"type":"LineString","coordinates":[[7.4572723,46.9777414],[7.4572258,46.9776033]]}},{"type":"Feature","properties":{"art":"rail"},"geometry":{"type":"LineString","coordinates":[[7.4338736,46.9481624],[7.4337114,46.9481567],[7.4335775,46.9481568],[7.4332617,46.948168]]}},{"type":"Feature","properties":{"art":"rail"},"geometry":{"type":"LineString","coordinates":[[7.435391,46.9486432],[7.4351346,46.9486532],[7.4349796,46.9486611],[7.4348751,46.9486668],[7.4346738,46.9486759]]}},{"type":"Feature","properties":{"art":"rail"},"geometry":{"type":"LineString","coordinates":[[7.4361287,46.9486933],[7.435868,46.9486358]]}},{"type":"Feature","properties":{"art":"rail"},"geometry":{"type":"LineString","coordinates":[[7.430306,46.9482647],[7.4306247,46.9482765],[7.4311523,46.9483134],[7.4312772,46.9483211]]}},{"type":"Feature","properties":{"art":"rail"},"geometry":{"type":"LineString","coordinates":[[7.4363918,46.9487089],[7.4365938,46.9487531],[7.4366571,46.9487674]]}},{"type":"Feature","properties":{"art":"rail"},"geometry":{"type":"LineString","coordinates":[[7.4347719,46.9482731],[7.4343632,46.9482072],[7.4340962,46.9481618],[7.4338674,46.948124]]}},{"type":"Feature","properties":{"art":"rail"},"geometry":{"type":"LineString","coordinates":[[7.433992,46.948082],[7.4338445,46.9480691],[7.4336769,46.9480603],[7.4335062,46.9480527],[7.4333139,46.9480353],[7.4329847,46.9479906]]}},{"type":"Feature","properties":{"art":"rail"},"geometry":{"type":"LineString","coordinates":[[7.435487,46.9484128],[7.4353781,46.9483887],[7.43527,46.948364],[7.4351195,46.9483227],[7.4348591,46.9482473],[7.4347362,46.9482174],[7.4345979,46.9481851]]}},{"type":"Feature","properties":{"art":"rail"},"geometry":{"type":"LineString","coordinates":[[7.4312885,46.9345507],[7.4314334,46.9344369],[7.4315766,46.9343335],[7.4316556,46.93428],[7.4317371,46.9342282],[7.4319538,46.9340951],[7.4337369,46.93309],[7.4346655,46.9325705],[7.4351672,46.9322883],[7.435689,46.9319999],[7.4365375,46.9315824]]}},{"type":"Feature","properties":{"art":"rail"},"geometry":{"type":"LineString","coordinates":[[7.3020694,46.8932125],[7.302283,46.8931223],[7.3024156,46.8930675],[7.3025585,46.8930115],[7.3026834,46.8929665],[7.302817,46.8929227],[7.3029497,46.8928874],[7.3030928,46.8928545],[7.3031922,46.8928352],[7.3033084,46.8928138],[7.3034166,46.892799],[7.3035218,46.8927872],[7.3036535,46.8927749],[7.3037538,46.8927691],[7.3038729,46.8927655],[7.3039629,46.8927644],[7.3040622,46.8927658],[7.3041873,46.8927692],[7.3042812,46.8927743],[7.3045107,46.892789]]}},{"type":"Feature","properties":{"art":"rail"},"geometry":{"type":"LineString","coordinates":[[7.4615657,46.9986288],[7.4615892,46.9987545],[7.461626,46.9988994],[7.4616522,46.9989879],[7.4616911,46.9990886],[7.461763,46.9992559],[7.4618241,46.9993838],[7.4618563,46.9994475],[7.4618886,46.9995049]]}},{"type":"Feature","properties":{"art":"narrow_gauge"},"geometry":{"type":"LineString","coordinates":[[7.4632694,47.002853],[7.463335,47.0029728],[7.4633901,47.0030803]]}},{"type":"Feature","properties":{"art":"narrow_gauge"},"geometry":{"type":"LineString","coordinates":[[7.4632128,47.002869],[7.4633317,47.0030945]]}},{"type":"Feature","properties":{"art":"narrow_gauge"},"geometry":{"type":"LineString","coordinates":[[7.4615315,46.9976875],[7.4615254,46.9977269],[7.4615062,46.9978398],[7.4614907,46.9979869],[7.4614868,46.9980727],[7.4614834,46.9981776],[7.4614866,46.998295],[7.4614919,46.9983834],[7.4615017,46.9985078],[7.4615144,46.9986332],[7.4615253,46.9986982],[7.4615378,46.9987623],[7.4615692,46.9989046],[7.4615953,46.9989916],[7.4616266,46.9990942],[7.4616675,46.9991996],[7.4617052,46.9992934],[7.461748,46.999387],[7.4618331,46.9995759],[7.4620288,47.000008],[7.4622509,47.0004969],[7.4623033,47.0006208],[7.4623507,47.0007378],[7.462401,47.0008754],[7.4624306,47.0009659],[7.462458,47.0010593],[7.4625324,47.0013259],[7.4625751,47.001463],[7.4626015,47.0015444],[7.4626272,47.0016158],[7.4626643,47.0017059],[7.4627129,47.0018193],[7.4627727,47.0019402],[7.4629229,47.0022181],[7.4630769,47.0025018],[7.4632694,47.002853]]}},{"type":"Feature","properties":{"art":"narrow_gauge"},"geometry":{"type":"LineString","coordinates":[[7.461447,46.9976813],[7.4614449,46.997722],[7.4614406,46.9978381],[7.461437,46.9979883],[7.4614368,46.9981359],[7.4614373,46.99826],[7.4614406,46.9983852],[7.4614458,46.9985191],[7.4614667,46.9986801],[7.4614891,46.9987962],[7.461501,46.9988461],[7.4615243,46.9989299],[7.4615424,46.9990003],[7.4615726,46.9990911],[7.4616175,46.9992108],[7.4616563,46.9993054],[7.4616978,46.9993984],[7.4617369,46.9994857],[7.4617414,46.9994964],[7.4618246,46.9996786],[7.4618695,46.9997789],[7.4619492,46.9999531],[7.4621609,47.0004198],[7.4622011,47.0005086],[7.4622538,47.0006277],[7.4623004,47.0007433],[7.4623487,47.0008823],[7.4623804,47.0009747],[7.4624071,47.0010657],[7.4625246,47.0014727],[7.4625499,47.0015532],[7.4625771,47.0016248],[7.462613,47.0017142],[7.4626647,47.0018297],[7.4627214,47.0019472],[7.4632128,47.002869]]}},{"type":"Feature","properties":{"art":"rail"},"geometry":{"type":"LineString","coordinates":[[7.4643454,47.0123377],[7.46427,47.0124308],[7.4642304,47.0124766],[7.4641876,47.0125215],[7.4640091,47.0126996],[7.4638224,47.0128852],[7.4636712,47.0130407],[7.4636507,47.0130618],[7.4635685,47.0131525],[7.4635288,47.0132104]]}},{"type":"Feature","properties":{"art":"rail"},"geometry":{"type":"LineString","coordinates":[[7.4665903,47.0110551],[7.4666162,47.0111019]]}},{"type":"Feature","properties":{"art":"rail"},"geometry":{"type":"LineString","coordinates":[[7.4665013,47.0108913],[7.4665903,47.0110551]]}},{"type":"Feature","properties":{"art":"rail"},"geometry":{"type":"LineString","coordinates":[[7.4473735,46.9282463],[7.4476144,46.928195],[7.447852,46.9281389],[7.4480867,46.9280805],[7.4483003,46.9280219],[7.4485398,46.9279496],[7.4487411,46.9278819],[7.4489905,46.92779],[7.4492242,46.9276946],[7.4494881,46.9275755],[7.4496516,46.9274957],[7.4498062,46.9274139],[7.4500207,46.9272938],[7.4502312,46.9271712],[7.4506344,46.9269226],[7.4508818,46.9267698],[7.451043,46.9266777]]}},{"type":"Feature","properties":{"art":"rail"},"geometry":{"type":"LineString","coordinates":[[7.4509268,46.926698],[7.4507455,46.9268074],[7.4505663,46.9269175],[7.4502043,46.927139],[7.449993,46.9272631],[7.4497797,46.9273834],[7.449479,46.9275358],[7.4491857,46.9276653],[7.4489403,46.9277635],[7.4488228,46.9278062],[7.4487034,46.9278456],[7.4485185,46.927907],[7.4483952,46.9279441],[7.4482719,46.9279776],[7.4480551,46.9280334],[7.4478322,46.9280873],[7.4473252,46.9281952]]}},{"type":"Feature","properties":{"art":"rail"},"geometry":{"type":"LineString","coordinates":[[7.4639116,46.918176],[7.4636273,46.9183707],[7.4630561,46.918747],[7.4627982,46.9189219]]}},{"type":"Feature","properties":{"art":"rail"},"geometry":{"type":"LineString","coordinates":[[7.4627249,46.9189745],[7.4620635,46.9194527]]}},{"type":"Feature","properties":{"art":"rail"},"geometry":{"type":"LineString","coordinates":[[7.4567828,46.9241387],[7.4564273,46.9244048],[7.4562493,46.9245369],[7.4560674,46.924667],[7.4559589,46.9247418],[7.455848,46.9248157],[7.4557337,46.9248875],[7.4556171,46.9249578],[7.4554562,46.9250476],[7.4552945,46.9251316],[7.4550935,46.9252273],[7.4549075,46.9253087],[7.4547151,46.9253838],[7.4544874,46.9254656],[7.45428,46.9255323],[7.4541605,46.9255674],[7.454033,46.925603],[7.4538971,46.9256405],[7.4537527,46.9256778],[7.4534166,46.9257619],[7.4530522,46.9258539],[7.452917,46.9258885],[7.452783,46.9259238],[7.4526455,46.9259619],[7.4524609,46.9260169],[7.4522785,46.9260752],[7.4520989,46.9261382],[7.4519221,46.9262047],[7.4517526,46.9262754],[7.4515866,46.9263482],[7.4514511,46.9264137],[7.4513104,46.9264852],[7.4511167,46.9265908],[7.4509268,46.926698]]}},{"type":"Feature","properties":{"art":"rail"},"geometry":{"type":"LineString","coordinates":[[7.4569114,46.9240404],[7.4567828,46.9241387]]}},{"type":"Feature","properties":{"art":"rail"},"geometry":{"type":"LineString","coordinates":[[7.4588229,46.9226068],[7.4586397,46.9227443],[7.457868,46.9233236],[7.4573902,46.9236824],[7.4569114,46.9240404]]}},{"type":"Feature","properties":{"art":"rail"},"geometry":{"type":"LineString","coordinates":[[7.4595332,46.9220381],[7.4593359,46.9222125],[7.4588963,46.9225517]]}},{"type":"Feature","properties":{"art":"rail"},"geometry":{"type":"LineString","coordinates":[[7.4588963,46.9225517],[7.4588229,46.9226068]]}},{"type":"Feature","properties":{"art":"rail"},"geometry":{"type":"LineString","coordinates":[[7.4620635,46.9194527],[7.4616399,46.9197797],[7.4614658,46.9199271],[7.461276,46.9201092],[7.4609365,46.9204567],[7.4606299,46.9208264],[7.4603951,46.9211256],[7.4600316,46.921559],[7.4597891,46.9218112]]}},{"type":"Feature","properties":{"art":"rail"},"geometry":{"type":"LineString","coordinates":[[7.4597891,46.9218112],[7.4595332,46.9220381]]}},{"type":"Feature","properties":{"art":"rail"},"geometry":{"type":"LineString","coordinates":[[7.4434306,46.9290682],[7.4423871,46.9293234],[7.442018,46.9294156],[7.4416327,46.9295108]]}},{"type":"Feature","properties":{"art":"rail"},"geometry":{"type":"LineString","coordinates":[[7.4416327,46.9295108],[7.4414101,46.9295645]]}},{"type":"Feature","properties":{"art":"rail"},"geometry":{"type":"LineString","coordinates":[[7.4414101,46.9295645],[7.4411624,46.929633],[7.4409153,46.9297024],[7.4405993,46.9297979],[7.4403023,46.9298957],[7.4399866,46.9300051],[7.4396166,46.9301442],[7.4392686,46.9302864],[7.4390772,46.9303686],[7.4388898,46.9304525],[7.4386621,46.9305589],[7.4377918,46.9309784],[7.4375689,46.9310869],[7.4373329,46.9311995]]}},{"type":"Feature","properties":{"art":"rail"},"geometry":{"type":"LineString","coordinates":[[7.431199,46.9346221],[7.4312885,46.9345507]]}},{"type":"Feature","properties":{"art":"rail"},"geometry":{"type":"LineString","coordinates":[[7.4149842,46.9501152],[7.4147817,46.949979],[7.4145826,46.9498363],[7.4143982,46.9497067],[7.4142093,46.9495816]]}},{"type":"Feature","properties":{"art":"rail"},"geometry":{"type":"LineString","coordinates":[[7.3563879,46.9035225],[7.3560027,46.9028132]]}},{"type":"Feature","properties":{"art":"rail"},"geometry":{"type":"LineString","coordinates":[[7.3560339,46.9029859],[7.3561114,46.9031164],[7.3561976,46.9032447],[7.3562616,46.9033294],[7.3563273,46.9034246],[7.3563879,46.9035225],[7.3567532,46.9041998]]}},{"type":"Feature","properties":{"art":"rail"},"geometry":{"type":"LineString","coordinates":[[7.3516764,46.8957871],[7.3516623,46.8956764],[7.3516424,46.8954454],[7.3516412,46.8953801]]}},{"type":"Feature","properties":{"art":"rail"},"geometry":{"type":"LineString","coordinates":[[7.3515913,46.8953411],[7.3515945,46.8954454],[7.3516164,46.8956789],[7.3516271,46.8958021]]}},{"type":"Feature","properties":{"art":"rail"},"geometry":{"type":"LineString","coordinates":[[7.3516412,46.8953801],[7.3516484,46.8951977],[7.3516534,46.8951347],[7.3516576,46.8950818],[7.351672,46.8949682],[7.3516908,46.8948537],[7.3517122,46.8947417],[7.3517541,46.8945503],[7.3517991,46.8943595],[7.3518913,46.8939792],[7.3519292,46.8938124],[7.3519467,46.8937289],[7.3519624,46.8936453],[7.3519816,46.8935282],[7.3519975,46.8934113],[7.3520067,46.8932841],[7.3520117,46.893157],[7.3520114,46.8930594],[7.3520076,46.8929622],[7.3520011,46.8928739],[7.3519898,46.8927664],[7.351981,46.8926995],[7.35197,46.8926329],[7.3519576,46.892567],[7.3519397,46.892488],[7.3519278,46.8924345],[7.3519108,46.8923683],[7.3518747,46.8922492]]}},{"type":"Feature","properties":{"art":"rail"},"geometry":{"type":"LineString","coordinates":[[7.3518263,46.8922562],[7.3518612,46.8923738],[7.3518788,46.8924398],[7.3518913,46.8924926],[7.3519082,46.8925717],[7.3519207,46.8926377],[7.3519312,46.8927037],[7.3519402,46.8927698],[7.3519518,46.8928772],[7.3519569,46.8929633],[7.3519609,46.8930594],[7.3519621,46.8931557],[7.3519568,46.893282],[7.3519471,46.8934089],[7.3519317,46.8935249],[7.3519128,46.8936407],[7.3518968,46.8937238],[7.3518799,46.8938069],[7.3518426,46.8939727],[7.3517498,46.8943551],[7.3517044,46.8945457],[7.3516622,46.8947367],[7.3516403,46.8948503],[7.3516232,46.8949653],[7.3516078,46.8950806],[7.3516033,46.8951331],[7.3515981,46.8951966],[7.3515913,46.8953411]]}},{"type":"Feature","properties":{"art":"rail"},"geometry":{"type":"LineString","coordinates":[[7.322279,46.8880991],[7.3227486,46.8881065]]}},{"type":"Feature","properties":{"art":"rail"},"geometry":{"type":"LineString","coordinates":[[7.4434569,46.9290982],[7.4438058,46.9290152],[7.4442745,46.9289115],[7.4461495,46.9285098],[7.446832,46.9283634],[7.4473735,46.9282463]]}},{"type":"Feature","properties":{"art":"rail"},"geometry":{"type":"LineString","coordinates":[[7.4365375,46.9315824],[7.4367854,46.9314679],[7.4370172,46.9313598],[7.4373474,46.9312133]]}},{"type":"Feature","properties":{"art":"rail"},"geometry":{"type":"LineString","coordinates":[[7.4373329,46.9311995],[7.4365375,46.9315824]]}},{"type":"Feature","properties":{"art":"rail"},"geometry":{"type":"LineString","coordinates":[[7.4399491,46.9500952],[7.4399925,46.9502289]]}},{"type":"Feature","properties":{"art":"rail"},"geometry":{"type":"LineString","coordinates":[[7.4400573,46.9502013],[7.4399563,46.9499407],[7.4398237,46.9496999],[7.4398008,46.9496652]]}},{"type":"Feature","properties":{"art":"narrow_gauge"},"geometry":{"type":"LineString","coordinates":[[7.5424602,46.9524866],[7.5429913,46.9524521],[7.5432246,46.952454],[7.5433894,46.9524553],[7.5434447,46.9524569]]}},{"type":"Feature","properties":{"art":"narrow_gauge"},"geometry":{"type":"LineString","coordinates":[[7.5445482,46.9525996],[7.5446944,46.9526331]]}},{"type":"Feature","properties":{"art":"narrow_gauge"},"geometry":{"type":"LineString","coordinates":[[7.5434447,46.9524569],[7.5437797,46.9524772],[7.5440008,46.9525024],[7.544254,46.9525422],[7.5444137,46.9525718],[7.5445482,46.9525996]]}},{"type":"Feature","properties":{"art":"narrow_gauge"},"geometry":{"type":"LineString","coordinates":[[7.5445536,46.9526342],[7.5444073,46.9525994],[7.5442317,46.9525576],[7.5440329,46.9525186],[7.5438531,46.9524923],[7.5436516,46.9524704],[7.5434447,46.9524569]]}},{"type":"Feature","properties":{"art":"narrow_gauge"},"geometry":{"type":"LineString","coordinates":[[7.5447067,46.9526713],[7.5445536,46.9526342]]}},{"type":"Feature","properties":{"art":"rail"},"geometry":{"type":"LineString","coordinates":[[7.4627249,46.9189745],[7.4622826,46.919307],[7.4616762,46.9197987]]}},{"type":"Feature","properties":{"art":"narrow_gauge"},"geometry":{"type":"LineString","coordinates":[[7.5015515,46.9673294],[7.5011728,46.9675316],[7.5007052,46.9677224],[7.5002434,46.9679047],[7.4992348,46.9682826],[7.4990764,46.968345],[7.4989399,46.9684036],[7.4988243,46.9684554],[7.4987321,46.9685001],[7.4986431,46.9685488],[7.4985547,46.9686007],[7.4984684,46.9686559],[7.4983622,46.9687329],[7.4982501,46.9688196],[7.4978092,46.9692077]]}},{"type":"Feature","properties":{"art":"rail"},"geometry":{"type":"LineString","coordinates":[[7.2951138,46.8769284],[7.2956048,46.8770266],[7.2957476,46.8770681]]}},{"type":"Feature","properties":{"art":"rail"},"geometry":{"type":"LineString","coordinates":[[7.2957476,46.8770681],[7.2960246,46.8771481]]}},{"type":"Feature","properties":{"art":"rail"},"geometry":{"type":"LineString","coordinates":[[7.2957654,46.8770397],[7.2956206,46.8769971],[7.2951294,46.876897]]}},{"type":"Feature","properties":{"art":"rail"},"geometry":{"type":"LineString","coordinates":[[7.2960433,46.8771193],[7.2957654,46.8770397]]}},{"type":"Feature","properties":{"art":"rail"},"geometry":{"type":"LineString","coordinates":[[7.4282194,46.9487513],[7.4280739,46.9488218]]}},{"type":"Feature","properties":{"art":"tram"},"geometry":{"type":"LineString","coordinates":[[7.4777576,46.9362985],[7.4780553,46.936182],[7.4784893,46.9359943],[7.4785424,46.9359714],[7.4786455,46.9359274],[7.4791622,46.9357028],[7.4794804,46.9355646],[7.4797719,46.935439],[7.4798957,46.9353849],[7.4806502,46.9350577],[7.4808265,46.9349813],[7.4810996,46.934851],[7.4812061,46.9347965],[7.4812918,46.9347476],[7.4813778,46.9346982],[7.4814525,46.9346512],[7.4815657,46.9345758],[7.4816356,46.9345265],[7.4819331,46.9343184],[7.4822747,46.9340798],[7.4823917,46.9340028],[7.4825051,46.9339318],[7.4825724,46.9338894],[7.4826504,46.9338394],[7.482678,46.933821],[7.4833134,46.9333682],[7.4834716,46.9332437],[7.4835742,46.9331561],[7.4836703,46.9330664],[7.4840227,46.9326982],[7.4841679,46.9325423],[7.4842947,46.9324103],[7.4844005,46.9323071],[7.484517,46.932218],[7.4846256,46.9321434],[7.4849289,46.9319374]]}},{"type":"Feature","properties":{"art":"narrow_gauge"},"geometry":{"type":"LineString","coordinates":[[7.511274,46.9609423],[7.5115744,46.960715]]}},{"type":"Feature","properties":{"art":"rail"},"geometry":{"type":"LineString","coordinates":[[7.4735765,46.9567472],[7.4734744,46.9568175],[7.4733952,46.9568728],[7.473248,46.9569741],[7.4731859,46.9570213],[7.4731191,46.9570774],[7.4730486,46.957138],[7.4730239,46.9571593],[7.472992,46.9571856],[7.4729364,46.9572259],[7.4728975,46.9572507],[7.4728586,46.9572732],[7.4728272,46.95729]]}},{"type":"Feature","properties":{"art":"narrow_gauge"},"geometry":{"type":"LineString","coordinates":[[7.4609657,46.9816307],[7.4613778,46.9817828]]}},{"type":"Feature","properties":{"art":"narrow_gauge"},"geometry":{"type":"LineString","coordinates":[[7.4570434,46.981345],[7.4570342,46.9813723],[7.4570239,46.981404],[7.4570171,46.9814408],[7.4569891,46.9816712]]}},{"type":"Feature","properties":{"art":"narrow_gauge"},"geometry":{"type":"LineString","coordinates":[[7.459593,46.9801062],[7.4595699,46.9800929],[7.4594809,46.9800516]]}},{"type":"Feature","properties":{"art":"narrow_gauge"},"geometry":{"type":"LineString","coordinates":[[7.458979,46.9799357],[7.4589353,46.9798965]]}},{"type":"Feature","properties":{"art":"narrow_gauge"},"geometry":{"type":"LineString","coordinates":[[7.4589764,46.9799185],[7.4589353,46.9798965]]}},{"type":"Feature","properties":{"art":"tram"},"geometry":{"type":"LineString","coordinates":[[7.561797,46.9302493],[7.5616891,46.9302889],[7.5616177,46.9303128],[7.5615447,46.9303319],[7.5614773,46.9303485],[7.5613944,46.9303666],[7.561311,46.9303794],[7.5612264,46.9303879],[7.5611335,46.9303936]]}},{"type":"Feature","properties":{"art":"tram"},"geometry":{"type":"LineString","coordinates":[[7.5623483,46.9299824],[7.5622839,46.9300039],[7.5622314,46.930019],[7.5620346,46.9300732]]}},{"type":"Feature","properties":{"art":"rail"},"geometry":{"type":"LineString","coordinates":[[7.3764922,46.8801089],[7.3764312,46.8800588],[7.3762915,46.8799484],[7.3761434,46.8798384],[7.375995,46.8797332],[7.375755,46.8795755],[7.3756331,46.8794996],[7.3755055,46.8794241],[7.3753783,46.8793523],[7.3752459,46.8792805],[7.375114,46.8792119],[7.3749808,46.8791458],[7.3748499,46.8790824],[7.3747145,46.8790205],[7.3745778,46.8789611],[7.3744389,46.8789034],[7.3743192,46.8788538],[7.3739142,46.8786945],[7.3733878,46.8784899],[7.373118,46.8783895],[7.3729673,46.8783385],[7.3728443,46.8782996],[7.3727451,46.8782717],[7.3726383,46.8782433],[7.3724808,46.8782058],[7.3723225,46.8781707],[7.3715986,46.8780311],[7.371386,46.8779869],[7.3712679,46.8779599]]}},{"type":"Feature","properties":{"art":"rail"},"geometry":{"type":"LineString","coordinates":[[7.3712679,46.8779599],[7.371173,46.8779381],[7.3710906,46.8779174],[7.3710076,46.8778945],[7.3709011,46.8778656],[7.370796,46.8778341],[7.3706791,46.8777985],[7.3705624,46.8777591],[7.3704495,46.8777195],[7.3703371,46.8776782],[7.370233,46.8776379],[7.3701275,46.8775946],[7.3699208,46.8775042],[7.3698116,46.8774531],[7.3697039,46.8774003],[7.3694888,46.8772942],[7.3690589,46.877077]]}},{"type":"Feature","properties":{"art":"rail"},"geometry":{"type":"LineString","coordinates":[[7.387254,46.8859544],[7.3871648,46.885902],[7.3870751,46.8858522],[7.3869713,46.8857999],[7.386861,46.8857501],[7.3867946,46.8857234]]}},{"type":"Feature","properties":{"art":"rail"},"geometry":{"type":"LineString","coordinates":[[7.3664763,46.8757743],[7.3658987,46.8754821],[7.3653177,46.8751894],[7.3651018,46.8750787],[7.3649958,46.8750217],[7.3648931,46.8749637],[7.3647888,46.8748978],[7.3646901,46.8748292],[7.3646083,46.8747641],[7.3645268,46.8746958],[7.3644687,46.8746401],[7.3644134,46.8745853],[7.3643615,46.8745272],[7.3643105,46.8744681],[7.3642683,46.8744121],[7.3642306,46.874356],[7.364194,46.874301],[7.3641621,46.8742458],[7.3641097,46.8741407],[7.3640662,46.8740367],[7.364042,46.8739589],[7.3640216,46.8738806],[7.3640093,46.8738136],[7.3640008,46.8737479],[7.3639946,46.8736788],[7.3639932,46.8736107],[7.3639955,46.8735335],[7.3640005,46.873458],[7.3640243,46.8732767],[7.3640514,46.8730972],[7.364069,46.872976]]}},{"type":"Feature","properties":{"art":"rail"},"geometry":{"type":"LineString","coordinates":[[7.3995421,46.9051014],[7.3994885,46.9049341],[7.3994359,46.9047712],[7.3993408,46.9044339],[7.3992479,46.9041013],[7.3992036,46.9039345],[7.3991633,46.9037689],[7.3991409,46.9036491],[7.3991318,46.9035793],[7.399125,46.9035098],[7.3991216,46.9034457],[7.3991192,46.9033861],[7.399119,46.9033194],[7.399121,46.9032555],[7.399128,46.9031652],[7.3991396,46.9030783],[7.3991557,46.9029878],[7.3991754,46.902901],[7.3991978,46.902819],[7.3992115,46.9027776],[7.3992225,46.9027424],[7.3992514,46.9026628],[7.3992841,46.9025832],[7.3993138,46.9025183],[7.399349,46.9024476],[7.399386,46.9023807],[7.3994262,46.9023129],[7.3994648,46.902252],[7.3995079,46.9021875],[7.3995525,46.9021261],[7.3996012,46.9020636],[7.3996491,46.902005],[7.3997047,46.9019406],[7.3997618,46.9018778],[7.3998204,46.9018159],[7.3999138,46.901719],[7.4000106,46.9016209]]}},{"type":"Feature","properties":{"art":"rail"},"geometry":{"type":"LineString","coordinates":[[7.4135176,46.9228885],[7.4133649,46.9227024],[7.4128792,46.9221006],[7.4127651,46.9219465],[7.4126612,46.9217868],[7.4126147,46.9217113],[7.4125711,46.9216363],[7.4124916,46.921487],[7.4124502,46.9214034],[7.4124131,46.9213215],[7.4123428,46.9211496],[7.4122919,46.9209965],[7.4122458,46.9208421],[7.412218,46.9207291],[7.4121873,46.9205942],[7.4121321,46.9203468],[7.412078,46.9200986],[7.4120504,46.9199747],[7.4120184,46.9198507],[7.4119777,46.9197245],[7.411927,46.9195974],[7.4118776,46.9194989],[7.4118512,46.9194497],[7.4118183,46.9193946],[7.4117678,46.9193175],[7.4117135,46.9192402],[7.4116344,46.9191432],[7.4115504,46.9190492],[7.4114388,46.9189388],[7.4113133,46.91883],[7.4111752,46.9187255],[7.4111039,46.9186752],[7.4110276,46.9186264],[7.4108858,46.918543]]}},{"type":"Feature","properties":{"art":"rail"},"geometry":{"type":"LineString","coordinates":[[7.4143661,46.9239329],[7.4135176,46.9228885]]}},{"type":"Feature","properties":{"art":"rail"},"geometry":{"type":"LineString","coordinates":[[7.4108858,46.918543],[7.4108147,46.9185042],[7.4107425,46.9184676],[7.4106207,46.9184105],[7.4104991,46.9183561],[7.4102522,46.9182519],[7.4093765,46.9178938],[7.4091566,46.9178045],[7.4090452,46.9177626],[7.4089324,46.9177223],[7.4088267,46.9176892],[7.4087214,46.91766],[7.4086159,46.9176342],[7.408508,46.9176111],[7.4083507,46.9175853],[7.4081919,46.9175654],[7.4081144,46.9175576],[7.4080336,46.9175527],[7.4078756,46.9175475],[7.4077919,46.9175469],[7.4077085,46.9175483],[7.4075383,46.9175533],[7.4074803,46.9175559],[7.407405,46.9175586],[7.4072476,46.9175641],[7.4071121,46.9175667],[7.4069769,46.917566],[7.4068557,46.9175609],[7.4067587,46.9175545],[7.4067178,46.917551]]}},{"type":"Feature","properties":{"art":"rail"},"geometry":{"type":"LineString","coordinates":[[7.4019556,46.9128109],[7.4019169,46.9127763],[7.4018014,46.9126603],[7.4017477,46.9126004],[7.4016938,46.9125391],[7.4016267,46.9124551],[7.4015735,46.9123832],[7.4015239,46.9123108],[7.401481,46.9122434],[7.4014404,46.9121748],[7.4013673,46.9120355],[7.4013439,46.9119841],[7.401322,46.9119328],[7.4012817,46.9118295],[7.4012417,46.9117006],[7.4012101,46.9115711],[7.4011996,46.9115171],[7.4011915,46.9114629],[7.4011844,46.9114104],[7.4011789,46.9113573],[7.401172,46.9112474],[7.4011674,46.9111389]]}},{"type":"Feature","properties":{"art":"rail"},"geometry":{"type":"LineString","coordinates":[[7.4011505,46.9106814],[7.4011353,46.9104885],[7.4011255,46.9104097],[7.4011137,46.9103315],[7.4011073,46.9102948],[7.4011004,46.9102576],[7.401091,46.9102126],[7.4010811,46.9101685],[7.4010591,46.9100859],[7.4010331,46.9100005]]}},{"type":"Feature","properties":{"art":"rail"},"geometry":{"type":"LineString","coordinates":[[7.4011674,46.9111389],[7.4011505,46.9106814]]}},{"type":"Feature","properties":{"art":"rail"},"geometry":{"type":"LineString","coordinates":[[7.3170892,46.8887327],[7.317469,46.8886922],[7.3176579,46.8886733],[7.3177586,46.8886651],[7.3179814,46.8886491],[7.3182099,46.8886342],[7.3183376,46.8886245],[7.318446,46.8886144],[7.3185889,46.8885992]]}},{"type":"Feature","properties":{"art":"rail"},"geometry":{"type":"LineString","coordinates":[[7.322279,46.8880991],[7.3235583,46.8880089]]}},{"type":"Feature","properties":{"art":"narrow_gauge"},"geometry":{"type":"LineString","coordinates":[[7.4620599,46.9965585],[7.4619461,46.9967235],[7.4618966,46.9967972],[7.4618665,46.9968463],[7.4618364,46.9968962],[7.4617981,46.9969633],[7.461761,46.9970337],[7.4617293,46.9970981],[7.4617047,46.9971512],[7.461669,46.9972316],[7.4616483,46.9972871],[7.4616269,46.9973456],[7.4615992,46.9974267],[7.4615751,46.9975067],[7.4615508,46.9975994],[7.4615315,46.9976875]]}},{"type":"Feature","properties":{"art":"narrow_gauge"},"geometry":{"type":"LineString","coordinates":[[7.4620403,46.9964525],[7.4619332,46.9965751],[7.4618349,46.9966901],[7.4617801,46.9967636],[7.4617476,46.9968119],[7.4617158,46.9968629],[7.4616744,46.9969322],[7.4616376,46.9969979],[7.4616008,46.9970701],[7.4615752,46.9971274],[7.4615428,46.9972068],[7.4615226,46.9972676],[7.4615039,46.9973272],[7.4614825,46.9974121],[7.4614659,46.997496],[7.4614541,46.9975902],[7.461447,46.9976813]]}},{"type":"Feature","properties":{"art":"rail"},"geometry":{"type":"LineString","coordinates":[[7.4346943,46.9487164],[7.4345854,46.9487208],[7.4340732,46.94875]]}},{"type":"Feature","properties":{"art":"rail"},"geometry":{"type":"LineString","coordinates":[[7.4487994,46.9636662],[7.4486227,46.963615],[7.4485208,46.9635848],[7.4484198,46.9635537],[7.4483196,46.9635215],[7.4482202,46.9634889],[7.4481168,46.9634529],[7.4480149,46.963416],[7.4479146,46.9633783],[7.4478158,46.9633391]]}},{"type":"Feature","properties":{"art":"rail"},"geometry":{"type":"LineString","coordinates":[[7.4556482,46.9655544],[7.4566557,46.9657957],[7.4569079,46.9658572],[7.4570071,46.9658808],[7.4571612,46.9659174],[7.4575057,46.9659964],[7.4578517,46.966073],[7.4582441,46.9661631],[7.4586351,46.9662557],[7.4599384,46.9665656],[7.4601772,46.9666234],[7.4606223,46.9667296],[7.4610929,46.9668463]]}},{"type":"Feature","properties":{"art":"rail"},"geometry":{"type":"LineString","coordinates":[[7.458515,46.9661845],[7.4580557,46.9660737],[7.4575989,46.9659606],[7.4571918,46.9658596],[7.4568748,46.9657772],[7.4564856,46.9656705],[7.4557098,46.9654568],[7.4552616,46.9653406],[7.4545382,46.9651439],[7.4536771,46.9649136],[7.4523278,46.9645522]]}},{"type":"Feature","properties":{"art":"rail"},"geometry":{"type":"LineString","coordinates":[[7.4548828,46.9651366],[7.4560254,46.9654491],[7.4566137,46.9656096]]}},{"type":"Feature","properties":{"art":"rail"},"geometry":{"type":"LineString","coordinates":[[7.4622833,46.966984],[7.4623084,46.9669894],[7.4630287,46.9671431],[7.4640297,46.9673587],[7.4652789,46.9676425]]}},{"type":"Feature","properties":{"art":"rail"},"geometry":{"type":"LineString","coordinates":[[7.462225,46.9670861],[7.4622474,46.9670914],[7.4625065,46.9671502],[7.4627705,46.9672073],[7.4630349,46.967263],[7.4634197,46.9673464],[7.463743,46.9674203],[7.4642002,46.9675284],[7.4652201,46.9677671],[7.4660704,46.9679594],[7.4663644,46.9680284],[7.4666508,46.9680996],[7.4667852,46.9681367],[7.4669291,46.968176],[7.4671543,46.9682449],[7.4673298,46.9683019],[7.4673391,46.9683051]]}},{"type":"Feature","properties":{"art":"rail"},"geometry":{"type":"LineString","coordinates":[[7.4611109,46.9668077],[7.4606576,46.9666913],[7.4602093,46.9665714],[7.4597408,46.9664448],[7.4592411,46.9663144],[7.4587385,46.9661904]]}},{"type":"Feature","properties":{"art":"rail"},"geometry":{"type":"LineString","coordinates":[[7.4610714,46.9667452],[7.4605623,46.9666195],[7.4599909,46.9664691],[7.4593995,46.9663116],[7.4587533,46.9661511]]}},{"type":"Feature","properties":{"art":"rail"},"geometry":{"type":"LineString","coordinates":[[7.4587533,46.9661511],[7.46038,46.9665381],[7.4611873,46.9667299],[7.4615907,46.9668253],[7.4619942,46.9669191],[7.4622488,46.9669765],[7.4622833,46.966984]]}},{"type":"Feature","properties":{"art":"rail"},"geometry":{"type":"LineString","coordinates":[[7.4610714,46.9667452],[7.460137,46.9665223],[7.4599855,46.9664861],[7.4597483,46.96643],[7.4587385,46.9661904]]}},{"type":"Feature","properties":{"art":"rail"},"geometry":{"type":"LineString","coordinates":[[7.458515,46.9661845],[7.4586498,46.9662165],[7.4588669,46.9662679]]}},{"type":"Feature","properties":{"art":"rail"},"geometry":{"type":"LineString","coordinates":[[7.4588669,46.9662679],[7.459869,46.9665062],[7.4601998,46.9665844],[7.4606562,46.9666947],[7.4611109,46.9668077]]}},{"type":"Feature","properties":{"art":"rail"},"geometry":{"type":"LineString","coordinates":[[7.4610929,46.9668463],[7.4616622,46.9669906],[7.4622228,46.967133],[7.4626752,46.9672462],[7.4627869,46.9672733]]}},{"type":"Feature","properties":{"art":"rail"},"geometry":{"type":"LineString","coordinates":[[7.4588669,46.9662679],[7.4593668,46.9663904],[7.459862,46.9665206],[7.4601855,46.9666086],[7.460624,46.9667262],[7.4610929,46.9668463]]}},{"type":"Feature","properties":{"art":"rail"},"geometry":{"type":"LineString","coordinates":[[7.4841343,47.0143465],[7.4839369,47.0143891],[7.4838006,47.0144169],[7.4836547,47.0144409],[7.4835092,47.0144588],[7.4833717,47.0144754],[7.4832199,47.014488],[7.4830785,47.0145006],[7.4829315,47.0145091],[7.4828106,47.0145136],[7.4826911,47.0145159],[7.482569,47.0145168],[7.4824415,47.0145158],[7.4823233,47.0145135],[7.4822025,47.0145082],[7.482086,47.0145012],[7.4819594,47.0144912],[7.4818412,47.0144812],[7.4817156,47.0144662],[7.4815915,47.0144506],[7.4814723,47.0144333],[7.4813372,47.01441],[7.4812183,47.0143883],[7.4810944,47.0143631],[7.4809723,47.0143373],[7.4807817,47.0142931]]}},{"type":"Feature","properties":{"art":"rail"},"geometry":{"type":"LineString","coordinates":[[7.4807636,47.0143247],[7.4809599,47.0143724],[7.4810814,47.0143989],[7.4812055,47.0144239],[7.4813268,47.0144465],[7.4814548,47.0144674],[7.4815795,47.0144857],[7.4817034,47.0145013],[7.4818317,47.0145149],[7.4819537,47.0145265],[7.4820796,47.0145358],[7.4822006,47.0145437],[7.4823204,47.0145487],[7.482444,47.0145527],[7.4825687,47.0145526],[7.4826926,47.0145527],[7.4828139,47.0145495],[7.482939,47.0145451],[7.4830847,47.0145358],[7.4832293,47.014525],[7.483379,47.0145115],[7.4835213,47.0144939],[7.4836615,47.0144755],[7.483808,47.0144508],[7.4839515,47.0144234],[7.4841535,47.0143783]]}},{"type":"Feature","properties":{"art":"rail"},"geometry":{"type":"LineString","coordinates":[[7.4745774,47.0123671],[7.4742873,47.0123777],[7.4741328,47.0123909],[7.4732665,47.0124563],[7.4728727,47.0124844],[7.47268,47.0124961],[7.4724801,47.0125043],[7.4722796,47.0125071],[7.4720865,47.012506]]}},{"type":"Feature","properties":{"art":"rail"},"geometry":{"type":"LineString","coordinates":[[7.4747692,47.0123625],[7.4746876,47.0123637],[7.4745774,47.0123671]]}},{"type":"Feature","properties":{"art":"rail"},"geometry":{"type":"LineString","coordinates":[[7.4745788,47.0124022],[7.4746928,47.0123979],[7.4747716,47.0123975]]}},{"type":"Feature","properties":{"art":"rail"},"geometry":{"type":"LineString","coordinates":[[7.4661141,47.0078843],[7.4668273,47.0091915],[7.4672307,47.0099316],[7.4673706,47.0101836],[7.4674553,47.0103225],[7.4675372,47.0104512],[7.4676218,47.0105766],[7.4677095,47.0106924],[7.4678015,47.0108048],[7.4678779,47.0108917],[7.4679591,47.0109772],[7.4680881,47.0111037],[7.4682296,47.0112282],[7.4683731,47.0113458],[7.4685298,47.0114616],[7.4686821,47.0115631],[7.4688341,47.0116585],[7.4689896,47.0117486],[7.4691366,47.0118278],[7.4692898,47.0119036],[7.4694608,47.0119816],[7.469639,47.0120578],[7.4698047,47.012121],[7.4699798,47.0121803],[7.4701593,47.0122393],[7.4703396,47.0122923],[7.4705301,47.0123404],[7.4707143,47.012382],[7.4709108,47.0124211],[7.4711026,47.0124537],[7.4712986,47.0124831],[7.4714946,47.0125034],[7.4716915,47.0125223],[7.4718929,47.012533],[7.472087,47.0125396],[7.4722832,47.0125408],[7.4724836,47.0125379],[7.4726823,47.0125296],[7.4728769,47.0125195],[7.4732822,47.0124914],[7.4741373,47.0124242],[7.4742893,47.0124125],[7.4745788,47.0124022]]}},{"type":"Feature","properties":{"art":"narrow_gauge"},"geometry":{"type":"LineString","coordinates":[[7.4745149,47.0124682],[7.4742323,47.0124848],[7.473946,47.0125083],[7.4735445,47.012548],[7.4731461,47.0125875],[7.472882,47.0126091],[7.472625,47.012626],[7.4723985,47.0126382],[7.4721684,47.0126428],[7.4719489,47.0126445],[7.4717257,47.0126394],[7.4715179,47.012627],[7.4713334,47.0126097],[7.4711385,47.0125873],[7.4709471,47.0125579],[7.470762,47.0125248],[7.4705589,47.0124801],[7.4703917,47.0124348],[7.47021,47.0123804]]}},{"type":"Feature","properties":{"art":"narrow_gauge"},"geometry":{"type":"LineString","coordinates":[[7.4748941,47.0124589],[7.4747747,47.0124596],[7.4746468,47.012463],[7.4745149,47.0124682]]}},{"type":"Feature","properties":{"art":"narrow_gauge"},"geometry":{"type":"LineString","coordinates":[[7.4745188,47.0125024],[7.474652,47.0124971],[7.4747807,47.0124932],[7.4748945,47.0124932]]}},{"type":"Feature","properties":{"art":"narrow_gauge"},"geometry":{"type":"LineString","coordinates":[[7.4694327,47.012113],[7.4696553,47.0122128],[7.4698655,47.0123011],[7.4700376,47.0123664],[7.4701918,47.0124147],[7.4703738,47.0124681],[7.4705626,47.0125155],[7.4707493,47.0125582],[7.4709373,47.0125927],[7.4711239,47.0126232],[7.471311,47.0126453],[7.4715098,47.0126629],[7.4717211,47.0126751],[7.4719458,47.0126821],[7.4721749,47.0126817],[7.4724022,47.0126764],[7.472631,47.0126655],[7.4728912,47.0126477],[7.4731554,47.0126249],[7.4735535,47.0125834],[7.4739558,47.0125435],[7.4742429,47.0125185],[7.4745188,47.0125024]]}},{"type":"Feature","properties":{"art":"rail"},"geometry":{"type":"LineString","coordinates":[[7.4146595,46.9497714],[7.4143969,46.9496126],[7.4141293,46.9494583],[7.4140649,46.9494218],[7.413791,46.9492641],[7.4135239,46.9491029]]}},{"type":"Feature","properties":{"art":"rail"},"geometry":{"type":"LineString","coordinates":[[7.4124625,46.9484982],[7.4126598,46.9486355],[7.4127692,46.9487093],[7.412855,46.9487609],[7.4129772,46.9488312],[7.4130977,46.9489009],[7.4133406,46.9490409],[7.4135791,46.9491863]]}},{"type":"Feature","properties":{"art":"rail"},"geometry":{"type":"LineString","coordinates":[[7.4151623,46.9494816],[7.415078,46.9494288],[7.4144103,46.9490112],[7.4130102,46.9481259],[7.4128272,46.948012],[7.4127418,46.9479622],[7.4125849,46.9478835]]}},{"type":"Feature","properties":{"art":"rail"},"geometry":{"type":"LineString","coordinates":[[7.3977001,46.938901],[7.3974247,46.9387353],[7.3971469,46.9385751],[7.3969417,46.9384595],[7.3966679,46.9383025],[7.3964021,46.938141]]}},{"type":"Feature","properties":{"art":"rail"},"geometry":{"type":"LineString","coordinates":[[7.3927917,46.9360106],[7.3925266,46.9358859],[7.3923509,46.9358037],[7.3922428,46.9357519],[7.3921372,46.9356978],[7.392032,46.9356391],[7.3919308,46.9355788],[7.3906466,46.9347722],[7.3905353,46.9347019]]}},{"type":"Feature","properties":{"art":"rail"},"geometry":{"type":"LineString","coordinates":[[7.3924795,46.9358366],[7.3922207,46.9356864],[7.3920979,46.9356157],[7.3919789,46.9355428],[7.3906838,46.9347294],[7.3905805,46.9346642]]}},{"type":"Feature","properties":{"art":"rail"},"geometry":{"type":"LineString","coordinates":[[7.3930808,46.9361455],[7.3927917,46.9360106],[7.3926688,46.9359468],[7.3925407,46.9358735],[7.3924795,46.9358366],[7.3923561,46.9357566],[7.3922385,46.9356748],[7.3921302,46.9355934],[7.3920183,46.935515],[7.3916804,46.9353003],[7.3907237,46.9346991],[7.3906181,46.9346331]]}},{"type":"Feature","properties":{"art":"rail"},"geometry":{"type":"LineString","coordinates":[[7.3939657,46.9366112],[7.3937591,46.936488],[7.3935487,46.936371],[7.3934785,46.9363339],[7.3934062,46.9362986],[7.393145,46.9361756],[7.3930808,46.9361455],[7.3929568,46.9360826],[7.3928403,46.9360164],[7.3927482,46.9359564],[7.3926597,46.9358961],[7.3926042,46.9358554],[7.3925502,46.9358143],[7.3924438,46.9357318],[7.3923536,46.9356666],[7.3922602,46.9356036],[7.3920661,46.93548],[7.3907492,46.9346511],[7.3885152,46.93325],[7.3884217,46.9331916]]}},{"type":"Feature","properties":{"art":"rail"},"geometry":{"type":"LineString","coordinates":[[7.4523278,46.9645522],[7.45194,46.9644485],[7.4516802,46.9643795],[7.4514202,46.9643123],[7.4511418,46.9642451],[7.4501294,46.964011],[7.4498629,46.9639479],[7.4496365,46.9638911],[7.449197,46.9637754]]}},{"type":"Feature","properties":{"art":"rail"},"geometry":{"type":"LineString","coordinates":[[7.4994145,46.8780785],[7.499168,46.8771439],[7.4986407,46.8751408],[7.4986292,46.8750974],[7.4986124,46.8750334],[7.4974388,46.8705795],[7.4972784,46.8699706],[7.4959333,46.8648654],[7.4958688,46.8646194],[7.4958077,46.8643732],[7.4957784,46.8642511],[7.4957518,46.8641275],[7.4957002,46.8638791],[7.4956775,46.8637421],[7.4956545,46.8636049],[7.4956161,46.8633302],[7.4956003,46.8632005],[7.4955887,46.8630724],[7.4955663,46.8628158],[7.4955585,46.8626805],[7.4955518,46.8625434],[7.4955451,46.8622707],[7.4955451,46.8621539],[7.4955466,46.8620376],[7.4955512,46.8618449],[7.4955521,46.8618083],[7.4955653,46.8615678],[7.4955838,46.8613271],[7.49561,46.8610938],[7.4956243,46.8609757],[7.4956399,46.8608589],[7.4956704,46.8606685],[7.4956896,46.8605618]]}},{"type":"Feature","properties":{"art":"rail"},"geometry":{"type":"LineString","coordinates":[[7.5004797,46.8848193],[7.500514,46.8846568],[7.5005415,46.8844948],[7.5005555,46.8844132],[7.5005672,46.8843323],[7.5005868,46.8841691],[7.5005969,46.8840791],[7.5006052,46.883988],[7.5006166,46.8838076],[7.5006235,46.8836283],[7.5006252,46.8834483],[7.5006162,46.8831418],[7.5006059,46.8829929],[7.500593,46.8828438],[7.5005572,46.8825678],[7.500509,46.8822933],[7.5004626,46.882078],[7.5004258,46.8819252]]}},{"type":"Feature","properties":{"art":"rail"},"geometry":{"type":"LineString","coordinates":[[7.4994418,46.8781819],[7.4994309,46.8781405],[7.4994145,46.8780785]]}},{"type":"Feature","properties":{"art":"rail"},"geometry":{"type":"LineString","coordinates":[[7.5004258,46.8819252],[7.5004112,46.8818648],[7.5003506,46.8816275],[7.4994418,46.8781819]]}},{"type":"Feature","properties":{"art":"rail"},"geometry":{"type":"LineString","coordinates":[[7.3911471,46.9347261],[7.3913136,46.9348352],[7.3914243,46.9349126],[7.3918618,46.9352274],[7.3919927,46.935317],[7.3921225,46.9354018]]}},{"type":"Feature","properties":{"art":"tram"},"geometry":{"type":"LineString","coordinates":[[7.4311643,46.9419863],[7.4310687,46.9418802],[7.4310279,46.9418348]]}},{"type":"Feature","properties":{"art":"rail"},"geometry":{"type":"LineString","coordinates":[[7.3891432,46.9458472],[7.3890053,46.9458345],[7.3889026,46.945828],[7.3886273,46.9458172],[7.3885296,46.9458107],[7.3884012,46.9457978]]}},{"type":"Feature","properties":{"art":"rail"},"geometry":{"type":"LineString","coordinates":[[7.3925298,46.9463414],[7.3924528,46.9463288],[7.3923568,46.9463127],[7.3919786,46.9462389]]}},{"type":"Feature","properties":{"art":"rail"},"geometry":{"type":"LineString","coordinates":[[7.3919786,46.9462389],[7.39238,46.9462877],[7.3924158,46.9462921]]}},{"type":"Feature","properties":{"art":"rail"},"geometry":{"type":"LineString","coordinates":[[7.3925614,46.9463965],[7.3923191,46.9463723],[7.3919776,46.9463354]]}},{"type":"Feature","properties":{"art":"rail"},"geometry":{"type":"LineString","coordinates":[[7.4122239,46.94826],[7.4123855,46.9483818],[7.412508,46.9484695],[7.41261,46.9485398],[7.41278,46.9486513],[7.4129798,46.9487708],[7.4132911,46.9489582]]}},{"type":"Feature","properties":{"art":"rail"},"geometry":{"type":"LineString","coordinates":[[7.4149842,46.9501152],[7.4144586,46.9497826],[7.4132862,46.9490462],[7.4131324,46.9489497],[7.412981,46.9488537],[7.4128886,46.9487931],[7.4127965,46.9487348],[7.4126647,46.9486427],[7.4124625,46.9484982]]}},{"type":"Feature","properties":{"art":"rail"},"geometry":{"type":"LineString","coordinates":[[7.4381136,46.9494964],[7.4382542,46.9495706]]}},{"type":"Feature","properties":{"art":"rail"},"geometry":{"type":"LineString","coordinates":[[7.4057867,46.9462697],[7.4058836,46.9462675]]}},{"type":"Feature","properties":{"art":"rail"},"geometry":{"type":"LineString","coordinates":[[7.4417492,46.9537297],[7.441752,46.9537347],[7.4420139,46.9542035],[7.4422076,46.9545472],[7.4423889,46.9548733],[7.4425094,46.9551002],[7.4426189,46.955331],[7.4427112,46.9555634],[7.4427791,46.9558015],[7.4428272,46.9560415],[7.4428547,46.9562885],[7.4428655,46.9565519],[7.4428688,46.9566554],[7.4428689,46.9566603]]}},{"type":"Feature","properties":{"art":"rail"},"geometry":{"type":"LineString","coordinates":[[7.442919,46.9566592],[7.4429189,46.956654],[7.4429159,46.9565514],[7.4429015,46.9562871],[7.4428737,46.9560384],[7.4428257,46.9557965],[7.4427553,46.9555566],[7.4426652,46.9553218],[7.4425548,46.9550903],[7.4424334,46.9548619],[7.4422506,46.9545365],[7.4420579,46.954192],[7.4417933,46.9537239],[7.4417905,46.9537189]]}},{"type":"Feature","properties":{"art":"rail"},"geometry":{"type":"LineString","coordinates":[[7.4447766,46.9610342],[7.4441856,46.960422],[7.4441821,46.9604184]]}},{"type":"Feature","properties":{"art":"rail"},"geometry":{"type":"LineString","coordinates":[[7.4441397,46.9604378],[7.4441429,46.9604411],[7.444735,46.9610506]]}},{"type":"Feature","properties":{"art":"rail"},"geometry":{"type":"LineString","coordinates":[[7.4477931,46.9633678],[7.4478924,46.9634068],[7.447994,46.9634449],[7.4480957,46.9634822],[7.4481994,46.9635186],[7.4483002,46.9635518],[7.4484021,46.9635846],[7.4485023,46.9636158],[7.4486027,46.9636466],[7.4487831,46.9636996]]}},{"type":"Feature","properties":{"art":"rail"},"geometry":{"type":"LineString","coordinates":[[7.2848134,46.9313324],[7.2861642,46.9315725],[7.2891085,46.9322313]]}},{"type":"Feature","properties":{"art":"rail"},"geometry":{"type":"LineString","coordinates":[[7.289087,46.9322734],[7.2861369,46.931606],[7.2847939,46.9313707]]}},{"type":"Feature","properties":{"art":"rail"},"geometry":{"type":"LineString","coordinates":[[7.4027225,46.9463794],[7.402346,46.9463878],[7.4020202,46.9463976]]}},{"type":"Feature","properties":{"art":"rail"},"geometry":{"type":"LineString","coordinates":[[7.3927535,46.9463723],[7.3932763,46.9464275],[7.3934362,46.9464425]]}},{"type":"Feature","properties":{"art":"rail"},"geometry":{"type":"LineString","coordinates":[[7.3949957,46.9465488],[7.3945172,46.9465414],[7.3942783,46.9465335],[7.3940252,46.9465215],[7.3937971,46.9465078],[7.393579,46.9464927],[7.3933433,46.9464736],[7.3930463,46.946446],[7.3927763,46.9464179]]}},{"type":"Feature","properties":{"art":"rail"},"geometry":{"type":"LineString","coordinates":[[7.4146595,46.9497714],[7.4133841,46.9489704],[7.4132371,46.9488793],[7.4130924,46.9487878],[7.412949,46.9486942],[7.4128093,46.9485983],[7.4126763,46.9485012],[7.4125461,46.9484029],[7.4124196,46.9483034],[7.4122947,46.9482032],[7.4118174,46.9478187],[7.4115965,46.9476491],[7.4114571,46.9475458],[7.411121,46.947327],[7.4108744,46.9471687]]}},{"type":"Feature","properties":{"art":"rail"},"geometry":{"type":"LineString","coordinates":[[7.4135239,46.9491029],[7.4146248,46.9497935]]}},{"type":"Feature","properties":{"art":"rail"},"geometry":{"type":"LineString","coordinates":[[7.4132911,46.9489582],[7.4135239,46.9491029]]}},{"type":"Feature","properties":{"art":"rail"},"geometry":{"type":"LineString","coordinates":[[7.4135791,46.9491863],[7.413276,46.9489983],[7.4129708,46.9488011],[7.4127407,46.9486484],[7.4124985,46.9484734],[7.4122239,46.94826]]}},{"type":"Feature","properties":{"art":"rail"},"geometry":{"type":"LineString","coordinates":[[7.4124625,46.9484982],[7.4123157,46.9483844],[7.4121661,46.9482683],[7.4116794,46.9479005],[7.4112134,46.947561],[7.4109674,46.9473867],[7.4108057,46.9472784],[7.4106442,46.9471785]]}},{"type":"Feature","properties":{"art":"rail"},"geometry":{"type":"LineString","coordinates":[[7.4137203,46.9492748],[7.4135791,46.9491863]]}},{"type":"Feature","properties":{"art":"tram"},"geometry":{"type":"LineString","coordinates":[[7.4498182,46.9533865],[7.4498544,46.9534469],[7.4498755,46.9534814],[7.4499008,46.9535166],[7.4499102,46.9535297],[7.4499526,46.953589],[7.449959,46.953598],[7.4499811,46.9536341],[7.4500127,46.9536909]]}},{"type":"Feature","properties":{"art":"rail"},"geometry":{"type":"LineString","coordinates":[[7.3659191,46.9424781],[7.3657857,46.9424887],[7.3656521,46.9425041],[7.3654918,46.9425272],[7.3653388,46.9425445],[7.3651956,46.942555]]}},{"type":"Feature","properties":{"art":"rail"},"geometry":{"type":"LineString","coordinates":[[7.441846,46.9537036],[7.4418491,46.9537092],[7.4421138,46.9541774],[7.4423042,46.9545232],[7.442488,46.9548479],[7.4426103,46.9550783],[7.4427208,46.9553108],[7.4428094,46.9555483],[7.4428821,46.9557903],[7.4429303,46.9560346],[7.442961,46.9562852],[7.442974,46.9565507],[7.4429771,46.9566547],[7.4429772,46.9566583]]}},{"type":"Feature","properties":{"art":"rail"},"geometry":{"type":"LineString","coordinates":[[7.4430261,46.9566575],[7.4430259,46.9566534],[7.4430225,46.9565502],[7.4430092,46.9562837],[7.4429783,46.9560314],[7.4429303,46.955785],[7.4428587,46.9555408],[7.4427665,46.9553017],[7.4426565,46.9550683],[7.4425343,46.9548361],[7.4423512,46.9545115],[7.4421577,46.9541659],[7.441895,46.9536975],[7.4418922,46.9536922]]}},{"type":"Feature","properties":{"art":"rail"},"geometry":{"type":"LineString","coordinates":[[7.4418922,46.9536922],[7.4418895,46.9536877],[7.4417353,46.9534101]]}},{"type":"Feature","properties":{"art":"rail"},"geometry":{"type":"LineString","coordinates":[[7.4442304,46.9603948],[7.4442353,46.9603998],[7.4444541,46.9606255]]}},{"type":"Feature","properties":{"art":"rail"},"geometry":{"type":"LineString","coordinates":[[7.4446109,46.96073],[7.4442747,46.9603817],[7.4442701,46.9603769]]}},{"type":"Feature","properties":{"art":"rail"},"geometry":{"type":"LineString","coordinates":[[7.4472151,47.0239407],[7.4475072,47.0237622],[7.4483013,47.023263],[7.4485884,47.0230852],[7.448888,47.0229134],[7.4490238,47.0228372],[7.4491636,47.0227591],[7.4493949,47.0226353],[7.4496322,47.0225153],[7.4498031,47.0224326],[7.4499784,47.0223517],[7.4502051,47.02225],[7.4504759,47.0221309],[7.4507744,47.0220069],[7.4520319,47.0214846],[7.4554,47.0200794],[7.4561624,47.0197613],[7.4569262,47.019444],[7.4574004,47.0192455]]}},{"type":"Feature","properties":{"art":"rail"},"geometry":{"type":"LineString","coordinates":[[7.4556393,47.0199324],[7.4553683,47.0200451],[7.4519976,47.0214474],[7.4507393,47.0219751],[7.4504626,47.0220911],[7.450179,47.0222144],[7.4499464,47.0223194],[7.4497745,47.0223996],[7.4496001,47.0224838],[7.4493631,47.0226058],[7.4491327,47.0227292],[7.4489904,47.0228089],[7.4488546,47.0228868],[7.4485513,47.023058],[7.4482612,47.0232353],[7.447928,47.0234549]]}},{"type":"Feature","properties":{"art":"rail"},"geometry":{"type":"LineString","coordinates":[[7.4548606,46.9651872],[7.4544756,46.9650841]]}},{"type":"Feature","properties":{"art":"rail"},"geometry":{"type":"LineString","coordinates":[[7.4659754,46.9804396],[7.4659252,46.9805329],[7.4658612,46.9806548],[7.4658004,46.9807766],[7.4657074,46.9809865],[7.4656152,46.9811948],[7.4655372,46.9814021],[7.465462,46.981609],[7.4654002,46.9817995],[7.465368,46.9819025],[7.465331,46.9820378],[7.465276,46.9822531],[7.465229,46.9824672],[7.4651873,46.9826991]]}},{"type":"Feature","properties":{"art":"rail"},"geometry":{"type":"LineString","coordinates":[[7.4652414,46.982703],[7.4652834,46.9824726],[7.465331,46.9822591],[7.4653835,46.9820444],[7.4654241,46.9819087],[7.4654537,46.9818091],[7.4655176,46.9816176],[7.4655925,46.9814119],[7.4656718,46.9812056],[7.4657617,46.980997],[7.4658544,46.9807891],[7.4659148,46.9806673],[7.4659491,46.9806023]]}},{"type":"Feature","properties":{"art":"rail"},"geometry":{"type":"LineString","coordinates":[[7.4667921,46.9789778],[7.4666837,46.9791618],[7.4665956,46.9793125],[7.466353,46.9797011],[7.4660983,46.9801158],[7.4660037,46.9802791],[7.4659344,46.9803995],[7.4658685,46.9805204],[7.4658054,46.9806418],[7.4657446,46.980764],[7.4656452,46.9809731],[7.465549,46.9811826],[7.4654541,46.9813891],[7.4653988,46.9815106],[7.4652974,46.9817401],[7.4652625,46.9818192],[7.4651841,46.9820045],[7.4651282,46.9821415],[7.465081,46.9822653],[7.4650354,46.9823901],[7.4650045,46.9824832],[7.4649688,46.9826016]]}},{"type":"Feature","properties":{"art":"rail"},"geometry":{"type":"LineString","coordinates":[[7.4626255,46.9960555],[7.4630697,46.9954161],[7.4635298,46.9947485],[7.4638622,46.9942708],[7.4643116,46.9936233],[7.4647599,46.992979]]}},{"type":"Feature","properties":{"art":"rail"},"geometry":{"type":"LineString","coordinates":[[7.4636709,46.9944399],[7.4642492,46.9936015],[7.4646953,46.9929599]]}},{"type":"Feature","properties":{"art":"rail"},"geometry":{"type":"LineString","coordinates":[[7.4653185,46.9919822],[7.4652502,46.9920796],[7.4647438,46.99281],[7.4645106,46.9931464],[7.4637756,46.9942062]]}},{"type":"Feature","properties":{"art":"rail"},"geometry":{"type":"LineString","coordinates":[[7.4646953,46.9929599],[7.4647907,46.992822],[7.4653633,46.9919974]]}},{"type":"Feature","properties":{"art":"rail"},"geometry":{"type":"LineString","coordinates":[[7.4647599,46.992979],[7.464852,46.9928426],[7.4654254,46.9920164]]}},{"type":"Feature","properties":{"art":"rail"},"geometry":{"type":"LineString","coordinates":[[7.4653461,46.9826934],[7.4653838,46.9824801],[7.4654306,46.982269],[7.4654834,46.982059],[7.4655224,46.9819241],[7.4655553,46.9818099],[7.4656099,46.9816419],[7.4656843,46.9814338],[7.4657658,46.9812255],[7.4658521,46.981018],[7.465942,46.9808109],[7.4659998,46.9806883],[7.4660599,46.9805662],[7.4661203,46.9804446],[7.4661832,46.980323],[7.4663379,46.9800345],[7.4664622,46.9798092],[7.4665615,46.9796231],[7.4668169,46.9791804]]}},{"type":"Feature","properties":{"art":"rail"},"geometry":{"type":"LineString","coordinates":[[7.4653966,46.9826972],[7.4654343,46.982485],[7.4654791,46.9822763],[7.4655322,46.9820665],[7.4655707,46.9819315],[7.4656052,46.9818169],[7.465658,46.98165],[7.4657316,46.9814434],[7.4658128,46.9812367],[7.4658983,46.9810296],[7.4659882,46.9808235],[7.4660459,46.9807017],[7.4661054,46.9805795],[7.4661663,46.9804567],[7.4662295,46.9803355],[7.4663839,46.9800476],[7.4665082,46.9798222],[7.4665477,46.979753]]}},{"type":"Feature","properties":{"art":"rail"},"geometry":{"type":"LineString","coordinates":[[7.5020334,47.0203615],[7.5015566,47.0202024],[7.5012717,47.0201047],[7.5011466,47.0200629],[7.5010225,47.0200191],[7.5008541,47.0199564],[7.5006974,47.0198956],[7.5006246,47.0198663],[7.5005479,47.019834],[7.5004112,47.0197745],[7.5003439,47.0197441],[7.5002774,47.0197132],[7.5001557,47.0196544],[7.5000375,47.0195942],[7.4998356,47.0194798],[7.4992672,47.0191525],[7.4986681,47.018793],[7.4976112,47.0181589],[7.4975099,47.018097],[7.4974096,47.0180351],[7.4972118,47.0179092],[7.4971316,47.0178558],[7.4970843,47.017824],[7.4970382,47.0177922],[7.4969478,47.0177276],[7.4968573,47.017661],[7.4966627,47.0175005],[7.4965405,47.0173941],[7.4964292,47.0172882],[7.4962922,47.0171504],[7.4962183,47.0170692],[7.4961237,47.0169615]]}},{"type":"Feature","properties":{"art":"rail"},"geometry":{"type":"LineString","coordinates":[[7.500823,47.0199916],[7.5008276,47.0199933],[7.501051,47.0200747],[7.5011503,47.0201092],[7.5012436,47.0201394],[7.5013151,47.020162],[7.5013881,47.0201839],[7.501519,47.0202195],[7.5016529,47.0202524],[7.5018441,47.0203048],[7.5020334,47.0203615]]}},{"type":"Feature","properties":{"art":"rail"},"geometry":{"type":"LineString","coordinates":[[7.4986335,47.0188284],[7.4994058,47.0192903],[7.4994996,47.019346],[7.4995944,47.0194012],[7.4996893,47.0194558],[7.4997856,47.0195098],[7.4998935,47.0195693],[7.500003,47.0196277],[7.5001218,47.019688],[7.5002425,47.0197464],[7.500379,47.0198086],[7.5005174,47.0198696],[7.5005789,47.0198949],[7.5007003,47.0199441],[7.500823,47.0199916]]}},{"type":"Feature","properties":{"art":"rail"},"geometry":{"type":"LineString","coordinates":[[7.4980409,47.0185196],[7.4978609,47.0184144],[7.4975411,47.0182191],[7.4970827,47.0179455],[7.4969644,47.0178686],[7.4968545,47.0177934],[7.4967505,47.0177166],[7.4966199,47.017612],[7.4963018,47.0173451],[7.4962225,47.0172769],[7.4961497,47.0172062],[7.4960119,47.0170646]]}},{"type":"Feature","properties":{"art":"rail"},"geometry":{"type":"LineString","coordinates":[[7.496069,47.0168938],[7.4960214,47.0168348]]}},{"type":"Feature","properties":{"art":"rail"},"geometry":{"type":"LineString","coordinates":[[7.4548606,46.9651872],[7.455157,46.9652612],[7.4554537,46.9653316],[7.4557381,46.965396],[7.4560189,46.9654605],[7.4566137,46.9656096]]}},{"type":"Feature","properties":{"art":"rail"},"geometry":{"type":"LineString","coordinates":[[7.4544184,46.9650107],[7.4548828,46.9651366]]}},{"type":"Feature","properties":{"art":"rail"},"geometry":{"type":"LineString","coordinates":[[7.4523073,46.9644422],[7.4532133,46.9646814],[7.4544184,46.9650107]]}},{"type":"Feature","properties":{"art":"rail"},"geometry":{"type":"LineString","coordinates":[[7.4417353,46.9534101],[7.4416635,46.9532975],[7.4415013,46.9530676],[7.4413965,46.9529092]]}},{"type":"Feature","properties":{"art":"rail"},"geometry":{"type":"LineString","coordinates":[[7.4413536,46.9528363],[7.4413965,46.9529092]]}},{"type":"Feature","properties":{"art":"rail"},"geometry":{"type":"LineString","coordinates":[[7.4410026,46.9523831],[7.4407964,46.9520525]]}},{"type":"Feature","properties":{"art":"rail"},"geometry":{"type":"LineString","coordinates":[[7.4399435,46.9502212],[7.439955,46.9502448]]}},{"type":"Feature","properties":{"art":"rail"},"geometry":{"type":"LineString","coordinates":[[7.3517938,46.8920257],[7.3517682,46.891965]]}},{"type":"Feature","properties":{"art":"rail"},"geometry":{"type":"LineString","coordinates":[[7.3517207,46.8919748],[7.3517462,46.8920342]]}},{"type":"Feature","properties":{"art":"rail"},"geometry":{"type":"LineString","coordinates":[[7.3476916,46.889111],[7.347446,46.889038],[7.3472031,46.8889701],[7.3469851,46.8889155],[7.3467658,46.8888644],[7.3465549,46.888822],[7.3463433,46.8887842],[7.3461302,46.8887524],[7.3459172,46.8887258],[7.3457005,46.8887045],[7.3454845,46.8886889],[7.3452653,46.888679],[7.345046,46.8886744],[7.3448262,46.8886757],[7.3446066,46.8886819],[7.3443327,46.8886955],[7.3440549,46.8887131]]}},{"type":"Feature","properties":{"art":"rail"},"geometry":{"type":"LineString","coordinates":[[7.3440608,46.8887475],[7.3443344,46.8887295],[7.3446069,46.8887158],[7.3448264,46.88871],[7.3450456,46.8887083],[7.3452622,46.8887128],[7.3454787,46.888723],[7.3456932,46.8887384],[7.345906,46.8887594],[7.34612,46.8887861],[7.3463332,46.8888174],[7.3465421,46.8888551],[7.3467488,46.8888967],[7.3469659,46.8889468],[7.347182,46.8890012],[7.3474265,46.8890698],[7.3476644,46.8891403]]}},{"type":"Feature","properties":{"art":"rail"},"geometry":{"type":"LineString","coordinates":[[7.3008652,46.8937451],[7.3011194,46.8936379],[7.3013718,46.8935271],[7.3017103,46.8933726],[7.3020694,46.8932125]]}},{"type":"Feature","properties":{"art":"rail"},"geometry":{"type":"LineString","coordinates":[[7.2886257,46.8941006],[7.2888617,46.8941487],[7.2890753,46.8941871],[7.2893032,46.8942237],[7.2895149,46.8942522],[7.2897338,46.894278],[7.2900087,46.8943061],[7.290277,46.8943306],[7.2917217,46.8944662],[7.2931652,46.8945997],[7.2944445,46.894719],[7.2948807,46.8947585],[7.2957693,46.8948419]]}},{"type":"Feature","properties":{"art":"rail"},"geometry":{"type":"LineString","coordinates":[[7.2884542,46.8940608],[7.2886257,46.8941006]]}},{"type":"Feature","properties":{"art":"rail"},"geometry":{"type":"LineString","coordinates":[[7.3215928,46.8881535],[7.3217689,46.8881372],[7.3219143,46.8881253],[7.3220449,46.888115],[7.322279,46.8880991]]}},{"type":"Feature","properties":{"art":"rail"},"geometry":{"type":"LineString","coordinates":[[7.3562141,46.9036757],[7.3556366,46.9026007],[7.355401,46.9021651],[7.3551074,46.9016209],[7.3550751,46.901555]]}},{"type":"Feature","properties":{"art":"rail"},"geometry":{"type":"LineString","coordinates":[[7.3516864,46.8958587],[7.3516764,46.8957871]]}},{"type":"Feature","properties":{"art":"rail"},"geometry":{"type":"LineString","coordinates":[[7.3516271,46.8958021],[7.3516363,46.895863]]}},{"type":"Feature","properties":{"art":"rail"},"geometry":{"type":"LineString","coordinates":[[7.4618063,46.9977553],[7.461807,46.9977506],[7.4618176,46.9976891],[7.4618382,46.9975876],[7.4618649,46.9974802],[7.461896,46.9973751],[7.461922,46.9972972],[7.4619516,46.9972162],[7.4619818,46.997139],[7.462015,46.9970599],[7.4620777,46.9969288],[7.4621466,46.9967984],[7.4622055,46.9966953],[7.4622676,46.996594],[7.4623646,46.9964431],[7.4624658,46.9962898],[7.4626255,46.9960555]]}},{"type":"Feature","properties":{"art":"rail"},"geometry":{"type":"LineString","coordinates":[[7.4618058,46.9989452],[7.4617769,46.9988333],[7.4617542,46.9987249],[7.4617347,46.998621],[7.4617198,46.9985118],[7.461706,46.9983548],[7.4617019,46.9982194],[7.4617018,46.9980857],[7.4617099,46.9979712],[7.4617237,46.9978399],[7.4617372,46.9977507]]}},{"type":"Feature","properties":{"art":"rail"},"geometry":{"type":"LineString","coordinates":[[7.4616873,46.997748],[7.4616735,46.9978356],[7.4616599,46.9979689],[7.4616521,46.9980861],[7.4616518,46.9982201],[7.4616551,46.9983551],[7.4616705,46.9985131],[7.4616859,46.998623],[7.4617048,46.998728],[7.4617276,46.9988381],[7.4617564,46.9989502],[7.4617969,46.9990901],[7.4618406,46.9992304],[7.4618893,46.9993707],[7.4619378,46.9995079],[7.4619953,46.9996637],[7.4620914,46.999893]]}},{"type":"Feature","properties":{"art":"rail"},"geometry":{"type":"LineString","coordinates":[[7.4625642,46.9960357],[7.4630065,46.9953962],[7.4635908,46.9945535]]}},{"type":"Feature","properties":{"art":"rail"},"geometry":{"type":"LineString","coordinates":[[7.4633902,46.9947603],[7.46296,46.9953817],[7.4626341,46.9958531],[7.4623594,46.9962522],[7.4622536,46.9964106],[7.4621561,46.9965633],[7.4620907,46.9966683],[7.4620309,46.9967715],[7.4619608,46.9969054],[7.4618987,46.9970389],[7.4618653,46.9971194],[7.4618339,46.9971996],[7.4618052,46.9972796],[7.461779,46.9973602],[7.4617486,46.9974662],[7.46172,46.9975732],[7.4616993,46.9976785],[7.4616881,46.9977426],[7.4616873,46.997748]]}},{"type":"Feature","properties":{"art":"rail"},"geometry":{"type":"LineString","coordinates":[[7.3563254,46.9040182],[7.3565348,46.9044048],[7.3565929,46.9045202],[7.356773,46.9048736]]}},{"type":"Feature","properties":{"art":"rail"},"geometry":{"type":"LineString","coordinates":[[7.3556366,46.9026007],[7.35571,46.9027682],[7.3557538,46.9029292],[7.3558235,46.9030916]]}},{"type":"Feature","properties":{"art":"rail"},"geometry":{"type":"LineString","coordinates":[[7.3892965,46.9335657],[7.3893438,46.9335948],[7.3903987,46.9342569]]}},{"type":"Feature","properties":{"art":"rail"},"geometry":{"type":"LineString","coordinates":[[7.4410026,46.9523831],[7.440871,46.9522256],[7.4407548,46.9520766],[7.4406601,46.9519413]]}},{"type":"Feature","properties":{"art":"rail"},"geometry":{"type":"LineString","coordinates":[[7.5580028,46.8779215],[7.5588767,46.8749634]]}},{"type":"Feature","properties":{"art":"rail"},"geometry":{"type":"LineString","coordinates":[[7.5579422,46.8779147],[7.5578786,46.8781283]]}},{"type":"Feature","properties":{"art":"rail"},"geometry":{"type":"LineString","coordinates":[[7.5578845,46.8779082],[7.5587397,46.8749437]]}},{"type":"Feature","properties":{"art":"rail"},"geometry":{"type":"LineString","coordinates":[[7.5579396,46.8781354],[7.5580028,46.8779215]]}},{"type":"Feature","properties":{"art":"rail"},"geometry":{"type":"LineString","coordinates":[[7.5578786,46.8781283],[7.5576024,46.8790567]]}},{"type":"Feature","properties":{"art":"rail"},"geometry":{"type":"LineString","coordinates":[[7.5578229,46.8781217],[7.5578845,46.8779082]]}},{"type":"Feature","properties":{"art":"rail"},"geometry":{"type":"LineString","coordinates":[[7.3922712,46.935497],[7.392374,46.9355648],[7.3924814,46.9356368],[7.3928614,46.9359057],[7.3929952,46.9359969],[7.3931066,46.9360698]]}},{"type":"Feature","properties":{"art":"rail"},"geometry":{"type":"LineString","coordinates":[[7.4145993,46.9499684],[7.4146953,46.9500115],[7.4147716,46.9500534],[7.4148718,46.9501117]]}},{"type":"Feature","properties":{"art":"rail"},"geometry":{"type":"LineString","coordinates":[[7.4140205,46.9496219],[7.4141706,46.9496907],[7.4142747,46.9497435],[7.4144163,46.9498248]]}},{"type":"Feature","properties":{"art":"rail"},"geometry":{"type":"LineString","coordinates":[[7.415528,46.9506539],[7.4156164,46.950724],[7.4157648,46.9508351]]}},{"type":"Feature","properties":{"art":"rail"},"geometry":{"type":"LineString","coordinates":[[7.4151102,46.9502712],[7.4150358,46.9502259],[7.414966,46.9501854],[7.4148732,46.9501403]]}},{"type":"Feature","properties":{"art":"rail"},"geometry":{"type":"LineString","coordinates":[[7.2993724,46.9352409],[7.3012555,46.9358825],[7.3020694,46.9361568]]}},{"type":"Feature","properties":{"art":"rail"},"geometry":{"type":"LineString","coordinates":[[7.3919776,46.9463354],[7.391517,46.9462861],[7.3910694,46.946243],[7.3899381,46.9461131],[7.3889957,46.9459943],[7.3881947,46.9458888],[7.3879796,46.9458576],[7.3876952,46.9458143]]}},{"type":"Feature","properties":{"art":"rail"},"geometry":{"type":"LineString","coordinates":[[7.3774064,46.9444977],[7.3773981,46.9444964],[7.3771158,46.944449],[7.3767231,46.9443776],[7.3764087,46.9443136],[7.3760969,46.9442473],[7.3754776,46.9441051]]}},{"type":"Feature","properties":{"art":"rail"},"geometry":{"type":"LineString","coordinates":[[7.4288259,46.9483776],[7.4286356,46.9484568],[7.4284699,46.9485356],[7.4282329,46.9486574],[7.4277044,46.9489532]]}},{"type":"Feature","properties":{"art":"rail"},"geometry":{"type":"LineString","coordinates":[[7.4317491,46.9485078],[7.4317311,46.9485045],[7.4316979,46.9484982],[7.431669,46.9484939]]}},{"type":"Feature","properties":{"art":"rail"},"geometry":{"type":"LineString","coordinates":[[7.426533,46.949482],[7.4266391,46.949421],[7.4271457,46.9491284],[7.4278469,46.9487193],[7.428127,46.9485657],[7.4283075,46.9484704],[7.4285143,46.948368],[7.4287289,46.9482713],[7.4289906,46.9481601],[7.429248,46.948063],[7.4295542,46.9479529],[7.4299101,46.9478385],[7.4300916,46.9477836],[7.430125,46.947774]]}},{"type":"Feature","properties":{"art":"rail"},"geometry":{"type":"LineString","coordinates":[[7.4269898,46.9492648],[7.4265511,46.9495208]]}},{"type":"Feature","properties":{"art":"rail"},"geometry":{"type":"LineString","coordinates":[[7.3828921,46.9451923],[7.3828122,46.9451825],[7.3804028,46.9448874]]}},{"type":"Feature","properties":{"art":"rail"},"geometry":{"type":"LineString","coordinates":[[7.430125,46.947774],[7.4301583,46.9477645],[7.4303341,46.9477182],[7.4305121,46.9476789],[7.4306839,46.9476462],[7.4309064,46.9476128],[7.4310966,46.9475908],[7.4312688,46.9475756],[7.4315754,46.9475579]]}},{"type":"Feature","properties":{"art":"rail"},"geometry":{"type":"LineString","coordinates":[[7.4304966,46.947725],[7.4303929,46.9477487],[7.4302587,46.9477815],[7.4301752,46.947805],[7.4301427,46.9478142]]}},{"type":"Feature","properties":{"art":"rail"},"geometry":{"type":"LineString","coordinates":[[7.4269289,46.9493508],[7.427098,46.9492493],[7.4277022,46.948897]]}},{"type":"Feature","properties":{"art":"rail"},"geometry":{"type":"LineString","coordinates":[[7.4196935,46.9519559],[7.4197658,46.9519607],[7.4199598,46.9519678],[7.4201559,46.9519692],[7.4204804,46.951967],[7.4207733,46.9519569],[7.4211957,46.9519177],[7.4212993,46.9519068],[7.4214014,46.9518931],[7.4216334,46.9518555]]}},{"type":"Feature","properties":{"art":"rail"},"geometry":{"type":"LineString","coordinates":[[7.4235228,46.9511982],[7.4235326,46.9511929],[7.4237152,46.9510953],[7.423869,46.9510102],[7.4241765,46.9508365],[7.4247992,46.9504833],[7.4253666,46.950161],[7.4253955,46.9501443]]}},{"type":"Feature","properties":{"art":"rail"},"geometry":{"type":"LineString","coordinates":[[7.4257777,46.9498816],[7.4260504,46.9497225],[7.4261461,46.9496679],[7.4262458,46.9496157],[7.4263246,46.949579],[7.4264474,46.9495218],[7.426533,46.949482],[7.4266769,46.9494147],[7.4267809,46.9493693],[7.4268871,46.9493189],[7.4269898,46.9492648]]}},{"type":"Feature","properties":{"art":"rail"},"geometry":{"type":"LineString","coordinates":[[7.4261876,46.9496847],[7.426533,46.949482]]}},{"type":"Feature","properties":{"art":"rail"},"geometry":{"type":"LineString","coordinates":[[7.4254619,46.9501972],[7.4259009,46.9499466]]}},{"type":"Feature","properties":{"art":"rail"},"geometry":{"type":"LineString","coordinates":[[7.4265511,46.9495208],[7.4259503,46.949872],[7.4254301,46.9501717]]}},{"type":"Feature","properties":{"art":"rail"},"geometry":{"type":"LineString","coordinates":[[7.4253955,46.9501443],[7.4259154,46.9498439],[7.4260062,46.9497895],[7.4261165,46.9497272],[7.4261876,46.9496847]]}},{"type":"Feature","properties":{"art":"rail"},"geometry":{"type":"LineString","coordinates":[[7.4253663,46.9501182],[7.4257777,46.9498816]]}},{"type":"Feature","properties":{"art":"rail"},"geometry":{"type":"LineString","coordinates":[[7.4271313,46.9491834],[7.4269898,46.9492648]]}},{"type":"Feature","properties":{"art":"rail"},"geometry":{"type":"LineString","coordinates":[[7.4208111,46.9519919],[7.4209388,46.9519838],[7.4210619,46.9519721],[7.4211472,46.9519634],[7.4212541,46.9519514],[7.421455,46.9519224],[7.4216517,46.9518866],[7.4219182,46.9518274],[7.4220944,46.9517821],[7.4222113,46.9517506],[7.4223395,46.9517095],[7.4224776,46.9516629],[7.4225882,46.9516226],[7.4226974,46.9515812],[7.4229249,46.9514887],[7.4230792,46.9514188],[7.4232317,46.9513473],[7.4234202,46.9512526],[7.4235228,46.9511982]]}},{"type":"Feature","properties":{"art":"rail"},"geometry":{"type":"LineString","coordinates":[[7.4216667,46.9518494],[7.4219111,46.9517954],[7.4220764,46.9517535],[7.422272,46.9516963],[7.4224579,46.9516325],[7.4225667,46.9515934],[7.4226741,46.9515532],[7.4228997,46.9514604],[7.4230542,46.951392],[7.423205,46.9513201],[7.4233944,46.9512251],[7.4234958,46.951172]]}},{"type":"Feature","properties":{"art":"rail"},"geometry":{"type":"LineString","coordinates":[[7.4216334,46.9518555],[7.4216667,46.9518494]]}},{"type":"Feature","properties":{"art":"rail"},"geometry":{"type":"LineString","coordinates":[[7.4206787,46.9519946],[7.4208111,46.9519919]]}},{"type":"Feature","properties":{"art":"rail"},"geometry":{"type":"LineString","coordinates":[[7.4169755,46.9510567],[7.417013,46.9510823],[7.417077,46.9511228],[7.417144,46.9511629],[7.4173117,46.9512525],[7.4176027,46.9513912],[7.4177806,46.9514756],[7.4178266,46.9514968],[7.4179337,46.9515421],[7.418055,46.9515878],[7.418181,46.9516306],[7.4182679,46.9516567],[7.41835,46.9516792],[7.4187688,46.9517916],[7.4188705,46.9518181],[7.4189874,46.951847],[7.4191395,46.9518793],[7.4192008,46.9518903],[7.4193001,46.9519062],[7.4195128,46.9519377],[7.4196935,46.9519559]]}},{"type":"Feature","properties":{"art":"rail"},"geometry":{"type":"LineString","coordinates":[[7.4121482,46.9477814],[7.4118319,46.9476339],[7.4116305,46.947536],[7.4112453,46.9473501]]}},{"type":"Feature","properties":{"art":"rail"},"geometry":{"type":"LineString","coordinates":[[7.4635908,46.9945535],[7.4636709,46.9944399]]}},{"type":"Feature","properties":{"art":"rail"},"geometry":{"type":"LineString","coordinates":[[7.4637756,46.9942062],[7.4634237,46.994714],[7.4633902,46.9947603]]}},{"type":"Feature","properties":{"art":"rail"},"geometry":{"type":"LineString","coordinates":[[7.4674038,46.9682262],[7.4673942,46.9682226],[7.4673266,46.9681964],[7.4672079,46.9681543],[7.4671248,46.9681255],[7.46696,46.9680709],[7.4668317,46.9680298],[7.4666596,46.967979],[7.4665231,46.9679401],[7.4663487,46.9678944],[7.4661871,46.9678534],[7.4660163,46.9678131],[7.4656475,46.9677272],[7.4652789,46.9676425]]}},{"type":"Feature","properties":{"art":"rail"},"geometry":{"type":"LineString","coordinates":[[7.4673637,46.9682749],[7.4673542,46.9682715],[7.4671716,46.9682114],[7.4669464,46.9681436],[7.4668067,46.9681033],[7.4666689,46.968067],[7.4663779,46.9679932],[7.4660845,46.9679244],[7.4652373,46.9677298],[7.4642344,46.9674946],[7.4632578,46.9672619],[7.462679,46.967124],[7.4622856,46.9670308],[7.4622595,46.9670247]]}},{"type":"Feature","properties":{"art":"rail"},"geometry":{"type":"LineString","coordinates":[[7.4633379,47.0015995],[7.4633234,47.0015521]]}},{"type":"Feature","properties":{"art":"rail"},"geometry":{"type":"LineString","coordinates":[[7.4626361,47.0005007],[7.4625421,47.0003093],[7.462487,47.0001961],[7.4623943,47.0000042],[7.4622219,46.9996503],[7.4621942,46.9995928]]}},{"type":"Feature","properties":{"art":"rail"},"geometry":{"type":"LineString","coordinates":[[7.4728272,46.95729],[7.4721998,46.9576254]]}},{"type":"Feature","properties":{"art":"rail"},"geometry":{"type":"LineString","coordinates":[[7.4721998,46.9576254],[7.4721391,46.9576578]]}},{"type":"Feature","properties":{"art":"rail"},"geometry":{"type":"LineString","coordinates":[[7.4721391,46.9576578],[7.4720901,46.9576853],[7.4720724,46.9576955]]}},{"type":"Feature","properties":{"art":"tram"},"geometry":{"type":"LineString","coordinates":[[7.4691979,46.9561074],[7.4692879,46.9561705]]}},{"type":"Feature","properties":{"art":"tram"},"geometry":{"type":"LineString","coordinates":[[7.4503782,46.9544656],[7.4504028,46.9545172],[7.4504176,46.9545452],[7.4504313,46.9545687],[7.4504421,46.9545841],[7.4504528,46.9545987],[7.4504682,46.9546172],[7.4504755,46.9546261],[7.450485,46.9546367],[7.4504987,46.9546493],[7.4505151,46.9546646],[7.4505326,46.9546783],[7.4505514,46.9546937],[7.4505705,46.9547072],[7.4505976,46.9547253],[7.4506291,46.9547429],[7.4506596,46.9547587],[7.4506998,46.9547758],[7.4507622,46.9548026],[7.4508286,46.9548297],[7.4509309,46.9548715],[7.4512507,46.9550022],[7.4512869,46.9550175],[7.4513061,46.9550273],[7.4513248,46.9550379],[7.4513429,46.9550489],[7.4513594,46.9550598],[7.4513839,46.9550794],[7.4514036,46.9550997],[7.4514191,46.9551193],[7.4514358,46.9551438],[7.4514548,46.9551816],[7.4515305,46.9553325]]}},{"type":"Feature","properties":{"art":"tram"},"geometry":{"type":"LineString","coordinates":[[7.4494006,46.952457],[7.4494379,46.952532],[7.4494993,46.9526454],[7.4495183,46.9526786],[7.4495896,46.9528086],[7.449619,46.9528654],[7.4497648,46.9531734],[7.4498428,46.9533301],[7.4498795,46.9534131],[7.4499309,46.9535147],[7.4499461,46.9535473],[7.4500127,46.9536909],[7.4501605,46.9540207],[7.4502655,46.9542373],[7.4503782,46.9544656]]}},{"type":"Feature","properties":{"art":"tram"},"geometry":{"type":"LineString","coordinates":[[7.4688259,46.9563544],[7.4688176,46.9563396],[7.4688116,46.9563312],[7.4688043,46.9563232],[7.4687956,46.9563144],[7.4687842,46.9563043],[7.468764,46.956289]]}},{"type":"Feature","properties":{"art":"rail"},"geometry":{"type":"LineString","coordinates":[[7.4636327,47.0025403],[7.4635085,47.0022606],[7.46349,47.0022145],[7.4634653,47.0021597],[7.4634145,47.0020523]]}},{"type":"Feature","properties":{"art":"rail"},"geometry":{"type":"LineString","coordinates":[[7.440495,46.9516854],[7.4405869,46.9518266]]}},{"type":"Feature","properties":{"art":"rail"},"geometry":{"type":"LineString","coordinates":[[7.4405846,46.9517212],[7.4405374,46.9516489]]}},{"type":"Feature","properties":{"art":"rail"},"geometry":{"type":"LineString","coordinates":[[7.4405869,46.9518266],[7.4406351,46.9519021],[7.4406601,46.9519413]]}},{"type":"Feature","properties":{"art":"rail"},"geometry":{"type":"LineString","coordinates":[[7.4078147,46.9462072],[7.4076811,46.9462025],[7.4075491,46.9462036],[7.4074305,46.9462061],[7.407284,46.9462168],[7.4071723,46.9462276],[7.4070164,46.9462377],[7.4068603,46.9462446]]}},{"type":"Feature","properties":{"art":"tram"},"geometry":{"type":"LineString","coordinates":[[7.4690501,46.9568303],[7.4703941,46.9577586]]}},{"type":"Feature","properties":{"art":"tram"},"geometry":{"type":"LineString","coordinates":[[7.4689802,46.9568676],[7.4703305,46.9578021]]}},{"type":"Feature","properties":{"art":"tram"},"geometry":{"type":"LineString","coordinates":[[7.4690159,46.9568485],[7.470358,46.9577761]]}},{"type":"Feature","properties":{"art":"tram"},"geometry":{"type":"LineString","coordinates":[[7.4688444,46.9566205],[7.4688466,46.9566358],[7.4688501,46.9566558],[7.4688582,46.9566733],[7.4688658,46.9566859]]}},{"type":"Feature","properties":{"art":"tram"},"geometry":{"type":"LineString","coordinates":[[7.4688658,46.9566859],[7.4689063,46.9567537],[7.4689219,46.9567758],[7.4689385,46.9567927],[7.4689575,46.9568061],[7.4690159,46.9568485]]}},{"type":"Feature","properties":{"art":"tram"},"geometry":{"type":"LineString","coordinates":[[7.4688259,46.9563544],[7.4688383,46.9563797],[7.4688425,46.9563972],[7.4688444,46.9566205]]}},{"type":"Feature","properties":{"art":"tram"},"geometry":{"type":"LineString","coordinates":[[7.4688444,46.9566205],[7.4688431,46.9566363],[7.4688442,46.9567092],[7.4688468,46.9567309],[7.4688509,46.9567473],[7.4688639,46.9567717],[7.4688808,46.9567924],[7.4689024,46.9568112],[7.4689802,46.9568676]]}},{"type":"Feature","properties":{"art":"tram"},"geometry":{"type":"LineString","coordinates":[[7.4688259,46.9563544],[7.4688818,46.9564468]]}},{"type":"Feature","properties":{"art":"tram"},"geometry":{"type":"LineString","coordinates":[[7.4691186,46.9567936],[7.4704616,46.95772]]}},{"type":"Feature","properties":{"art":"tram"},"geometry":{"type":"LineString","coordinates":[[7.4690841,46.956812],[7.470425,46.9577372]]}},{"type":"Feature","properties":{"art":"tram"},"geometry":{"type":"LineString","coordinates":[[7.4688818,46.9564468],[7.4688939,46.9564738],[7.4688965,46.956489],[7.4688969,46.9565469]]}},{"type":"Feature","properties":{"art":"tram"},"geometry":{"type":"LineString","coordinates":[[7.4688969,46.9565469],[7.4688974,46.9566181],[7.4688991,46.956638],[7.4689027,46.9566501],[7.4689091,46.9566667],[7.46892,46.9566837],[7.4689333,46.9567006],[7.4689466,46.9567145],[7.4689675,46.9567305],[7.4690841,46.956812]]}},{"type":"Feature","properties":{"art":"tram"},"geometry":{"type":"LineString","coordinates":[[7.4688658,46.9566859],[7.4688811,46.9567061],[7.4689029,46.9567259],[7.4689314,46.956747],[7.4690501,46.9568303]]}},{"type":"Feature","properties":{"art":"tram"},"geometry":{"type":"LineString","coordinates":[[7.4688969,46.9565469],[7.4689003,46.9565729],[7.4689065,46.956591],[7.4689203,46.9566158],[7.4689457,46.9566577],[7.4689561,46.9566727],[7.468968,46.9566847],[7.4689808,46.9566965],[7.4691186,46.9567936]]}},{"type":"Feature","properties":{"art":"tram"},"geometry":{"type":"LineString","coordinates":[[7.4688818,46.9564468],[7.4689197,46.9565109]]}},{"type":"Feature","properties":{"art":"tram"},"geometry":{"type":"LineString","coordinates":[[7.4705641,46.957666],[7.4692204,46.9567391]]}},{"type":"Feature","properties":{"art":"tram"},"geometry":{"type":"LineString","coordinates":[[7.4705279,46.9576813],[7.4691875,46.9567567]]}},{"type":"Feature","properties":{"art":"tram"},"geometry":{"type":"LineString","coordinates":[[7.4689197,46.9565109],[7.4689637,46.9565868]]}},{"type":"Feature","properties":{"art":"tram"},"geometry":{"type":"LineString","coordinates":[[7.4689637,46.9565868],[7.4689865,46.956613],[7.4690117,46.9566334],[7.4691875,46.9567567]]}},{"type":"Feature","properties":{"art":"tram"},"geometry":{"type":"LineString","coordinates":[[7.4689637,46.9565868],[7.4690058,46.9566563],[7.4690186,46.956673],[7.4690327,46.956687],[7.4690548,46.9567043],[7.4691542,46.9567746]]}},{"type":"Feature","properties":{"art":"tram"},"geometry":{"type":"LineString","coordinates":[[7.4689197,46.9565109],[7.4689409,46.9565374],[7.4689595,46.9565528],[7.4692204,46.9567391]]}},{"type":"Feature","properties":{"art":"tram"},"geometry":{"type":"LineString","coordinates":[[7.4704963,46.9577006],[7.4691542,46.9567746]]}},{"type":"Feature","properties":{"art":"rail"},"geometry":{"type":"LineString","coordinates":[[7.4660214,47.0083754],[7.4659845,47.0081293],[7.4659439,47.0079491],[7.4659096,47.0078106],[7.465854,47.0076325],[7.4658223,47.0075367]]}},{"type":"Feature","properties":{"art":"rail"},"geometry":{"type":"LineString","coordinates":[[7.4657738,47.0075433],[7.4658075,47.0076452],[7.465858,47.0078187],[7.4658973,47.0079607],[7.4659339,47.0081324],[7.4659533,47.0082249],[7.4659653,47.0083212]]}},{"type":"Feature","properties":{"art":"rail"},"geometry":{"type":"LineString","coordinates":[[7.4605681,46.9662401],[7.4609959,46.9663193],[7.4611578,46.9663506],[7.4613173,46.9663869]]}},{"type":"Feature","properties":{"art":"rail"},"geometry":{"type":"LineString","coordinates":[[7.4592158,46.9659312],[7.4600175,46.9661212]]}},{"type":"Feature","properties":{"art":"rail"},"geometry":{"type":"LineString","coordinates":[[7.4600175,46.9661212],[7.4606916,46.9663432],[7.4608194,46.9663864],[7.4609287,46.9664198],[7.4610894,46.9664652]]}},{"type":"Feature","properties":{"art":"rail"},"geometry":{"type":"LineString","coordinates":[[7.459638,46.9659975],[7.4600175,46.9661212]]}},{"type":"Feature","properties":{"art":"rail"},"geometry":{"type":"LineString","coordinates":[[7.4566158,46.96541],[7.4562146,46.9653139],[7.4554739,46.9651382],[7.4553957,46.9651187]]}},{"type":"Feature","properties":{"art":"rail"},"geometry":{"type":"LineString","coordinates":[[7.4576363,46.9655879],[7.4570603,46.9654985],[7.4569097,46.9654725],[7.4567713,46.9654453],[7.4566158,46.96541]]}},{"type":"Feature","properties":{"art":"rail"},"geometry":{"type":"LineString","coordinates":[[7.4576363,46.9655879],[7.4578396,46.9656193],[7.4579406,46.9656364],[7.4580346,46.9656523],[7.4581562,46.9656779]]}},{"type":"Feature","properties":{"art":"rail"},"geometry":{"type":"LineString","coordinates":[[7.4613173,46.9663869],[7.4607569,46.9662363],[7.4600046,46.9660383]]}},{"type":"Feature","properties":{"art":"rail"},"geometry":{"type":"LineString","coordinates":[[7.4557806,46.9651564],[7.4571028,46.9654714],[7.4573255,46.9655237],[7.4574457,46.9655515],[7.4575333,46.9655702],[7.4576363,46.9655879]]}},{"type":"Feature","properties":{"art":"rail"},"geometry":{"type":"LineString","coordinates":[[7.4589302,46.9657767],[7.4590663,46.9658154],[7.4592845,46.9658829],[7.459638,46.9659975]]}},{"type":"Feature","properties":{"art":"rail"},"geometry":{"type":"LineString","coordinates":[[7.459235,46.9658485],[7.4589302,46.9657767]]}},{"type":"Feature","properties":{"art":"rail"},"geometry":{"type":"LineString","coordinates":[[7.4563225,46.9651551],[7.4558244,46.9650368]]}},{"type":"Feature","properties":{"art":"rail"},"geometry":{"type":"LineString","coordinates":[[7.4546758,46.964843],[7.4548166,46.9648636],[7.4549029,46.9648732],[7.454993,46.9648835],[7.4551462,46.9648996],[7.4552233,46.9649097],[7.4552958,46.9649204],[7.4554098,46.9649405],[7.4554928,46.9649581],[7.4555748,46.9649775],[7.4558244,46.9650368]]}},{"type":"Feature","properties":{"art":"rail"},"geometry":{"type":"LineString","coordinates":[[7.4546758,46.964843],[7.4534598,46.9646304]]}},{"type":"Feature","properties":{"art":"rail"},"geometry":{"type":"LineString","coordinates":[[7.4527864,46.9645012],[7.4529579,46.9645392],[7.4530677,46.9645694],[7.4533339,46.964642],[7.4534265,46.9646655],[7.4535177,46.9646877],[7.4540261,46.9648072],[7.4541275,46.9648296],[7.4542221,46.9648477],[7.4543522,46.9648709],[7.4547629,46.9649434],[7.4549026,46.9649691],[7.4550707,46.9650016],[7.4552379,46.9650355],[7.455448,46.9650799],[7.4556144,46.9651178],[7.4557806,46.9651564]]}},{"type":"Feature","properties":{"art":"rail"},"geometry":{"type":"LineString","coordinates":[[7.4527864,46.9645012],[7.4526638,46.9644775]]}},{"type":"Feature","properties":{"art":"rail"},"geometry":{"type":"LineString","coordinates":[[7.4544756,46.9650841],[7.4535861,46.9648456],[7.4531035,46.9647169],[7.4526706,46.9645999],[7.4518625,46.9643838]]}},{"type":"Feature","properties":{"art":"rail"},"geometry":{"type":"LineString","coordinates":[[7.4534598,46.9646304],[7.4532511,46.9645909],[7.4527864,46.9645012]]}},{"type":"Feature","properties":{"art":"rail"},"geometry":{"type":"LineString","coordinates":[[7.4526638,46.9644775],[7.4524776,46.964442],[7.4522629,46.9644013],[7.4520461,46.9643599],[7.4519,46.9643312],[7.451644,46.9642732]]}},{"type":"Feature","properties":{"art":"rail"},"geometry":{"type":"LineString","coordinates":[[7.4526638,46.9644775],[7.452494,46.9644419],[7.4523477,46.9644062],[7.4518755,46.9642868],[7.4515465,46.9642014],[7.4514833,46.9641856]]}},{"type":"Feature","properties":{"art":"rail"},"geometry":{"type":"LineString","coordinates":[[7.451644,46.9642732],[7.4523073,46.9644422]]}},{"type":"Feature","properties":{"art":"rail"},"geometry":{"type":"LineString","coordinates":[[7.451644,46.9642732],[7.4507806,46.9640534],[7.4501967,46.9639047],[7.449913,46.9638323],[7.4496404,46.963763],[7.449189,46.9636474],[7.4490273,46.9636057],[7.448867,46.9635635]]}},{"type":"Feature","properties":{"art":"rail"},"geometry":{"type":"LineString","coordinates":[[7.4592158,46.9659312],[7.4581562,46.9656779],[7.4579726,46.9656346],[7.4578457,46.9656045],[7.4557919,46.9651154],[7.4555728,46.9650653],[7.455443,46.9650364],[7.4553294,46.9650121],[7.455177,46.9649802],[7.4549758,46.9649408],[7.4546775,46.9648859],[7.4542659,46.964814],[7.4541387,46.96479],[7.4540298,46.9647666],[7.4539744,46.964754],[7.4539188,46.9647397],[7.4537583,46.964698],[7.4536099,46.9646616],[7.4534598,46.9646304]]}},{"type":"Feature","properties":{"art":"rail"},"geometry":{"type":"LineString","coordinates":[[7.4600175,46.9661212],[7.4602865,46.9661843],[7.4603982,46.9662078],[7.4604866,46.9662247],[7.4605681,46.9662401]]}},{"type":"Feature","properties":{"art":"rail"},"geometry":{"type":"LineString","coordinates":[[7.4544756,46.9650841],[7.4540287,46.9649686],[7.4535791,46.9648594],[7.4531554,46.9647597],[7.4527404,46.9646583],[7.4523278,46.9645522]]}},{"type":"Feature","properties":{"art":"rail"},"geometry":{"type":"LineString","coordinates":[[7.4781255,46.9543242],[7.4792462,46.9537257],[7.479843,46.9534042]]}},{"type":"Feature","properties":{"art":"rail"},"geometry":{"type":"LineString","coordinates":[[7.4586899,46.9659973],[7.4597242,46.9662611],[7.461057,46.9666087],[7.4614697,46.9667198],[7.4617093,46.9667795],[7.4619331,46.9668314],[7.4622042,46.9668911],[7.4622387,46.9668985]]}},{"type":"Feature","properties":{"art":"rail"},"geometry":{"type":"LineString","coordinates":[[7.4686851,46.966226],[7.4687188,46.9662189],[7.4699333,46.9659006],[7.4711491,46.9655832]]}},{"type":"Feature","properties":{"art":"rail"},"geometry":{"type":"LineString","coordinates":[[7.468672,46.9661922],[7.468699,46.9661852],[7.4693484,46.9660171]]}},{"type":"Feature","properties":{"art":"rail"},"geometry":{"type":"LineString","coordinates":[[7.4716513,46.9654154],[7.4711913,46.9655314],[7.4709448,46.9655918],[7.4705768,46.9656764],[7.4700828,46.9657897],[7.4693344,46.9659691],[7.468676,46.9661404],[7.4686437,46.9661488]]}},{"type":"Feature","properties":{"art":"rail"},"geometry":{"type":"LineString","coordinates":[[7.4622387,46.9668985],[7.4624519,46.9669419],[7.4626419,46.9669774],[7.4628161,46.9670076],[7.4629528,46.9670296],[7.4631005,46.9670499],[7.4631903,46.9670608],[7.4632957,46.9670719],[7.4634635,46.9670869],[7.4635461,46.9670932],[7.4636739,46.967101],[7.4638819,46.9671088],[7.4640489,46.9671106],[7.4641639,46.9671107]]}},{"type":"Feature","properties":{"art":"rail"},"geometry":{"type":"LineString","coordinates":[[7.4651564,47.0060851],[7.4652025,47.0062214],[7.4652464,47.006348],[7.4652803,47.0064487],[7.4653033,47.0064958],[7.4653287,47.0065535],[7.4653564,47.0066148]]}},{"type":"Feature","properties":{"art":"rail"},"geometry":{"type":"LineString","coordinates":[[7.4651564,47.0060851],[7.465385,47.0065274]]}},{"type":"Feature","properties":{"art":"rail"},"geometry":{"type":"LineString","coordinates":[[7.4720093,46.9653596],[7.4724481,46.9652443]]}},{"type":"Feature","properties":{"art":"rail"},"geometry":{"type":"LineString","coordinates":[[7.4812071,46.9587685],[7.481225,46.9586979]]}},{"type":"Feature","properties":{"art":"rail"},"geometry":{"type":"LineString","coordinates":[[7.4641516,46.9669132],[7.463929,46.9669119]]}},{"type":"Feature","properties":{"art":"rail"},"geometry":{"type":"LineString","coordinates":[[7.4607101,46.9662704],[7.4605681,46.9662401]]}},{"type":"Feature","properties":{"art":"rail"},"geometry":{"type":"LineString","coordinates":[[7.4548795,46.9653],[7.4553139,46.9654018],[7.4556178,46.9654712],[7.4556422,46.9654765]]}},{"type":"Feature","properties":{"art":"rail"},"geometry":{"type":"LineString","coordinates":[[7.4396235,46.9505592],[7.439541,46.9504036]]}},{"type":"Feature","properties":{"art":"rail"},"geometry":{"type":"LineString","coordinates":[[7.4396235,46.9505592],[7.4397407,46.950683]]}},{"type":"Feature","properties":{"art":"rail"},"geometry":{"type":"LineString","coordinates":[[7.4397407,46.950683],[7.4398778,46.9508287]]}},{"type":"Feature","properties":{"art":"rail"},"geometry":{"type":"LineString","coordinates":[[7.4398778,46.9508287],[7.4398123,46.9506885]]}},{"type":"Feature","properties":{"art":"rail"},"geometry":{"type":"LineString","coordinates":[[7.4170301,46.9481851],[7.4165937,46.9479292]]}},{"type":"Feature","properties":{"art":"rail"},"geometry":{"type":"LineString","coordinates":[[7.4171231,46.9482359],[7.4171537,46.9482489]]}},{"type":"Feature","properties":{"art":"rail"},"geometry":{"type":"LineString","coordinates":[[7.4171132,46.9482431],[7.4171376,46.9482617]]}},{"type":"Feature","properties":{"art":"rail"},"geometry":{"type":"LineString","coordinates":[[7.439202,46.9499351],[7.4391221,46.9498686],[7.4389598,46.9497627],[7.4387051,46.9496114],[7.4386508,46.9495828],[7.4381821,46.9493361],[7.4381162,46.9493014],[7.4377297,46.9491241],[7.4374084,46.9490025],[7.4372784,46.9489633],[7.4370635,46.948902],[7.4368961,46.948862],[7.4366406,46.948807]]}},{"type":"Feature","properties":{"art":"rail"},"geometry":{"type":"LineString","coordinates":[[7.4392876,46.9500158],[7.439202,46.9499351]]}},{"type":"Feature","properties":{"art":"rail"},"geometry":{"type":"LineString","coordinates":[[7.4626292,46.9667639],[7.4625593,46.9667498],[7.4624602,46.9667275],[7.4623078,46.9666932],[7.4621537,46.9666551],[7.4618704,46.9665792],[7.4608546,46.9663072],[7.4607101,46.9662704]]}},{"type":"Feature","properties":{"art":"tram"},"geometry":{"type":"LineString","coordinates":[[7.5623483,46.9299824],[7.5626392,46.9298597]]}},{"type":"Feature","properties":{"art":"narrow_gauge"},"geometry":{"type":"LineString","coordinates":[[7.5468019,46.9529936],[7.5473309,46.9530156],[7.5475661,46.9530137],[7.5477587,46.9530038],[7.547973,46.9529865],[7.5481423,46.9529569],[7.5482766,46.9529319],[7.5483501,46.9529097],[7.548502,46.95287],[7.5486325,46.9528271],[7.5486836,46.9528087],[7.5488383,46.952745],[7.5490223,46.9526647],[7.5493909,46.9524473]]}},{"type":"Feature","properties":{"art":"narrow_gauge"},"geometry":{"type":"LineString","coordinates":[[7.5505229,46.9515472],[7.5504923,46.9515682],[7.5503607,46.9516585],[7.5497713,46.9521547],[7.5493909,46.9524473]]}},{"type":"Feature","properties":{"art":"narrow_gauge"},"geometry":{"type":"LineString","coordinates":[[7.5593234,46.9358555],[7.5592664,46.9361733]]}},{"type":"Feature","properties":{"art":"narrow_gauge"},"geometry":{"type":"LineString","coordinates":[[7.5593847,46.9337074],[7.559436,46.9339919],[7.5594944,46.9343427],[7.5595121,46.9344678],[7.5595284,46.9346988],[7.5595098,46.9349655],[7.5594589,46.9352604],[7.5593806,46.9355692],[7.5593234,46.9358555],[7.5593017,46.936049],[7.5593027,46.9361875],[7.5592875,46.9363915]]}},{"type":"Feature","properties":{"art":"rail"},"geometry":{"type":"LineString","coordinates":[[7.4518625,46.9643838],[7.4517313,46.9643481],[7.4512618,46.9642236],[7.4510429,46.964167],[7.4507575,46.9640952],[7.4506033,46.964058],[7.4503815,46.9640045],[7.4496078,46.9638198],[7.4493852,46.9637665],[7.4491513,46.9637092],[7.4489919,46.9636692],[7.4488276,46.9636262]]}},{"type":"Feature","properties":{"art":"rail"},"geometry":{"type":"LineString","coordinates":[[7.449197,46.9637754],[7.4491237,46.9637555],[7.4489658,46.9637125],[7.4487994,46.9636662]]}},{"type":"Feature","properties":{"art":"rail"},"geometry":{"type":"LineString","coordinates":[[7.4622595,46.9670247],[7.4622268,46.9670168],[7.4613288,46.9668061],[7.4610714,46.9667452]]}},{"type":"Feature","properties":{"art":"rail"},"geometry":{"type":"LineString","coordinates":[[7.4611109,46.9668077],[7.4616792,46.9669508],[7.4621953,46.9670787],[7.462225,46.9670861]]}},{"type":"Feature","properties":{"art":"rail"},"geometry":{"type":"LineString","coordinates":[[7.4569635,46.9656062],[7.4568021,46.9655766],[7.4565573,46.965529],[7.4562553,46.9654671],[7.4560057,46.9654131],[7.4557564,46.9653562],[7.4554269,46.9652776],[7.4551545,46.9652084],[7.4548828,46.9651366]]}},{"type":"Feature","properties":{"art":"tram"},"geometry":{"type":"LineString","coordinates":[[7.4309066,46.941469],[7.4309207,46.9414385],[7.4310757,46.941064],[7.4311034,46.9410021]]}},{"type":"Feature","properties":{"art":"tram"},"geometry":{"type":"LineString","coordinates":[[7.4309616,46.9417316],[7.4309447,46.9417019],[7.4309321,46.9416797],[7.4309065,46.9416269],[7.4308969,46.9415851],[7.4308944,46.9415554],[7.4308955,46.9415235],[7.4308958,46.9415142],[7.4309066,46.941469]]}},{"type":"Feature","properties":{"art":"tram"},"geometry":{"type":"LineString","coordinates":[[7.4310279,46.9418348],[7.4309616,46.9417316]]}},{"type":"Feature","properties":{"art":"tram"},"geometry":{"type":"LineString","coordinates":[[7.4315368,46.9425971],[7.431642,46.9427751],[7.431688,46.9428524]]}},{"type":"Feature","properties":{"art":"tram"},"geometry":{"type":"LineString","coordinates":[[7.4774211,46.9364634],[7.4776365,46.9363579],[7.4777576,46.9362985]]}},{"type":"Feature","properties":{"art":"narrow_gauge"},"geometry":{"type":"LineString","coordinates":[[7.4572504,46.9776892],[7.4572647,46.9777395]]}},{"type":"Feature","properties":{"art":"narrow_gauge"},"geometry":{"type":"LineString","coordinates":[[7.4572504,46.9776892],[7.4572617,46.977739]]}},{"type":"Feature","properties":{"art":"rail"},"geometry":{"type":"LineString","coordinates":[[7.4862713,46.9479919],[7.4891858,46.945]]}},{"type":"Feature","properties":{"art":"rail"},"geometry":{"type":"LineString","coordinates":[[7.4891858,46.945],[7.4892647,46.9449185]]}},{"type":"Feature","properties":{"art":"rail"},"geometry":{"type":"LineString","coordinates":[[7.4891425,46.9449829],[7.4851009,46.9491323],[7.4850048,46.9492295]]}},{"type":"Feature","properties":{"art":"rail"},"geometry":{"type":"LineString","coordinates":[[7.48922,46.9449023],[7.4891425,46.9449829]]}},{"type":"Feature","properties":{"art":"rail"},"geometry":{"type":"LineString","coordinates":[[7.489241,46.9450266],[7.4862905,46.9480579]]}},{"type":"Feature","properties":{"art":"rail"},"geometry":{"type":"LineString","coordinates":[[7.4893189,46.9449475],[7.489241,46.9450266]]}},{"type":"Feature","properties":{"art":"rail"},"geometry":{"type":"LineString","coordinates":[[7.4407964,46.9520525],[7.440694,46.9518372],[7.4406263,46.951701],[7.4405844,46.9516241],[7.440557,46.951575]]}},{"type":"Feature","properties":{"art":"rail"},"geometry":{"type":"LineString","coordinates":[[7.4406057,46.951558],[7.4405801,46.9515149]]}},{"type":"Feature","properties":{"art":"rail"},"geometry":{"type":"LineString","coordinates":[[7.4406057,46.951558],[7.4405802,46.9515198]]}},{"type":"Feature","properties":{"art":"tram"},"geometry":{"type":"LineString","coordinates":[[7.4689357,46.9564094],[7.468764,46.956289],[7.4687415,46.9562738],[7.4687258,46.9562655],[7.4687101,46.9562576],[7.4686925,46.9562497],[7.468676,46.9562447],[7.4686557,46.9562396],[7.4686385,46.9562354]]}},{"type":"Feature","properties":{"art":"rail"},"geometry":{"type":"LineString","coordinates":[[7.4264474,46.9495218],[7.4265167,46.949486],[7.4265744,46.9494551],[7.4266391,46.949421]]}},{"type":"Feature","properties":{"art":"rail"},"geometry":{"type":"LineString","coordinates":[[7.4261165,46.9497272],[7.4261713,46.9496992],[7.4262239,46.9496721],[7.4262906,46.9496383]]}},{"type":"Feature","properties":{"art":"rail"},"geometry":{"type":"LineString","coordinates":[[7.4104495,46.9469509],[7.4105059,46.9469835],[7.4105571,46.9470115],[7.4106182,46.9470443]]}},{"type":"Feature","properties":{"art":"rail"},"geometry":{"type":"LineString","coordinates":[[7.4311403,46.9346697],[7.431199,46.9346221]]}},{"type":"Feature","properties":{"art":"rail"},"geometry":{"type":"LineString","coordinates":[[7.4311434,46.9346702],[7.431199,46.9346221]]}},{"type":"Feature","properties":{"art":"rail"},"geometry":{"type":"LineString","coordinates":[[7.3925303,46.9463424],[7.3925716,46.9463474]]}},{"type":"Feature","properties":{"art":"rail"},"geometry":{"type":"LineString","coordinates":[[7.3925716,46.9463474],[7.3925298,46.9463414]]}},{"type":"Feature","properties":{"art":"rail"},"geometry":{"type":"LineString","coordinates":[[7.5253948,46.9246912],[7.5253473,46.9246916]]}},{"type":"Feature","properties":{"art":"rail"},"geometry":{"type":"LineString","coordinates":[[7.5331577,46.9254408],[7.5324259,46.9254255],[7.5319252,46.9253952],[7.5305024,46.9252359],[7.5292258,46.9250685],[7.5272346,46.9248075],[7.5269869,46.9247781],[7.5267407,46.9247516],[7.5264915,46.9247281],[7.5262386,46.9247173],[7.5260697,46.9247059],[7.5259122,46.9246991],[7.5257314,46.9246933],[7.5253948,46.9246912]]}},{"type":"Feature","properties":{"art":"rail"},"geometry":{"type":"LineString","coordinates":[[7.4070335,46.9450322],[7.4070078,46.9449619],[7.4069881,46.9448911],[7.4069794,46.9448548]]}},{"type":"Feature","properties":{"art":"rail"},"geometry":{"type":"LineString","coordinates":[[7.4070957,46.9450232],[7.4070654,46.9449235],[7.4070604,46.9448931]]}},{"type":"Feature","properties":{"art":"rail"},"geometry":{"type":"LineString","coordinates":[[7.4070281,46.9445827],[7.4070273,46.9445615],[7.4070423,46.9444265]]}},{"type":"Feature","properties":{"art":"rail"},"geometry":{"type":"LineString","coordinates":[[7.4069371,46.9445268],[7.4069367,46.9445093],[7.4069454,46.9443914],[7.4069541,46.944308]]}},{"type":"Feature","properties":{"art":"narrow_gauge"},"geometry":{"type":"LineString","coordinates":[[7.4409049,46.9612706],[7.44078,46.9610317],[7.4406517,46.9608146],[7.4404644,46.9605472],[7.4402126,46.9602844],[7.4398954,46.9599789],[7.439625,46.9597439],[7.4393665,46.9594645],[7.4391123,46.9591751],[7.4389182,46.958775],[7.4387555,46.9583798],[7.4386142,46.9577731],[7.4385829,46.9576443]]}},{"type":"Feature","properties":{"art":"narrow_gauge"},"geometry":{"type":"LineString","coordinates":[[7.4385345,46.9576508],[7.4385647,46.9577745],[7.4387065,46.9583865],[7.4388719,46.958788],[7.4390687,46.9591922],[7.4393261,46.9594851],[7.4395871,46.9597663],[7.4398583,46.960002],[7.4401695,46.9603023],[7.4404214,46.9605652],[7.4406089,46.9608324],[7.4407376,46.9610495],[7.4408605,46.9612797]]}},{"type":"Feature","properties":{"art":"narrow_gauge"},"geometry":{"type":"LineString","coordinates":[[7.4385829,46.9576443],[7.4384972,46.9572921],[7.438298,46.9563176]]}},{"type":"Feature","properties":{"art":"narrow_gauge"},"geometry":{"type":"LineString","coordinates":[[7.4382496,46.9563222],[7.4384469,46.9572918],[7.4385345,46.9576508]]}},{"type":"Feature","properties":{"art":"rail"},"geometry":{"type":"LineString","coordinates":[[7.5098879,46.9314697],[7.5098319,46.9315353],[7.5097371,46.931647],[7.5096972,46.9316856],[7.5096549,46.9317249],[7.5096007,46.9317688],[7.5095405,46.9318134],[7.5094164,46.9318968],[7.5091684,46.932069]]}},{"type":"Feature","properties":{"art":"rail"},"geometry":{"type":"LineString","coordinates":[[7.5104556,46.9307602],[7.5102539,46.931012],[7.5102173,46.9310577]]}},{"type":"Feature","properties":{"art":"rail"},"geometry":{"type":"LineString","coordinates":[[7.405065,46.9434416],[7.4045413,46.9431955]]}},{"type":"Feature","properties":{"art":"rail"},"geometry":{"type":"LineString","coordinates":[[7.4268422,46.9495652],[7.4265867,46.9497123],[7.426322,46.9498656],[7.4259312,46.9500896],[7.4259038,46.9501053]]}},{"type":"Feature","properties":{"art":"rail"},"geometry":{"type":"LineString","coordinates":[[7.403099,46.946371],[7.4027225,46.9463794]]}},{"type":"Feature","properties":{"art":"rail"},"geometry":{"type":"LineString","coordinates":[[7.4063765,46.9462967],[7.4057887,46.94631]]}},{"type":"Feature","properties":{"art":"tram"},"geometry":{"type":"LineString","coordinates":[[7.4498182,46.9533865],[7.4497962,46.9533401],[7.4495701,46.9528747],[7.449542,46.9528199],[7.4494762,46.9526864],[7.4494599,46.9526534],[7.4494391,46.9526112],[7.4494039,46.9525399],[7.4493668,46.9524646]]}},{"type":"Feature","properties":{"art":"rail"},"geometry":{"type":"LineString","coordinates":[[7.284695,46.8923898],[7.2848222,46.8924372],[7.284969,46.8924966],[7.285091,46.8925517],[7.2852248,46.8926166],[7.285345,46.8926806],[7.2854816,46.8927559],[7.285796,46.8929412],[7.2859637,46.8930434],[7.2861314,46.893142],[7.2862601,46.8932156],[7.2863849,46.8932847],[7.2864826,46.8933374],[7.2866644,46.8934281],[7.2868436,46.8935143],[7.2870325,46.893596],[7.2872201,46.8936741],[7.2874207,46.8937494],[7.2876212,46.8938221],[7.2878212,46.8938857],[7.2880238,46.8939475],[7.288237,46.8940059],[7.2884542,46.8940608]]}},{"type":"Feature","properties":{"art":"rail"},"geometry":{"type":"LineString","coordinates":[[7.4818834,46.9557892],[7.481867,46.9558582]]}},{"type":"Feature","properties":{"art":"tram"},"geometry":{"type":"LineString","coordinates":[[7.4665398,46.9417957],[7.4666991,46.9418704],[7.467089,46.9420552],[7.4673789,46.9421899]]}},{"type":"Feature","properties":{"art":"tram"},"geometry":{"type":"LineString","coordinates":[[7.4673789,46.9421899],[7.4686176,46.9427775],[7.4688066,46.9428645],[7.4690273,46.9429779]]}},{"type":"Feature","properties":{"art":"tram"},"geometry":{"type":"LineString","coordinates":[[7.4717896,46.9450122],[7.4717602,46.9449826],[7.4717101,46.9449325],[7.4716564,46.9448782],[7.47152,46.9447393],[7.4714128,46.9446298]]}},{"type":"Feature","properties":{"art":"tram"},"geometry":{"type":"LineString","coordinates":[[7.4714128,46.9446298],[7.4712788,46.9444938],[7.4711517,46.9443743],[7.4710567,46.944289],[7.4709361,46.9441897],[7.4707696,46.9440642],[7.470623,46.9439637],[7.470467,46.9438674],[7.4701352,46.9436701],[7.469959,46.9435659]]}},{"type":"Feature","properties":{"art":"tram"},"geometry":{"type":"LineString","coordinates":[[7.469959,46.9435659],[7.4699284,46.9435471],[7.4697789,46.9434582],[7.4696192,46.9433627],[7.4691602,46.9430889]]}},{"type":"Feature","properties":{"art":"tram"},"geometry":{"type":"LineString","coordinates":[[7.4667612,46.9414674],[7.4666622,46.9415294],[7.4666307,46.9415473],[7.4665972,46.9415653]]}},{"type":"Feature","properties":{"art":"tram"},"geometry":{"type":"LineString","coordinates":[[7.46728,46.9411323],[7.4667612,46.9414674]]}},{"type":"Feature","properties":{"art":"rail"},"geometry":{"type":"LineString","coordinates":[[7.4112453,46.9473501],[7.4114944,46.9475053],[7.4116102,46.9475848],[7.4117224,46.9476683],[7.4118182,46.9477464]]}},{"type":"Feature","properties":{"art":"rail"},"geometry":{"type":"LineString","coordinates":[[7.4128654,46.9488775],[7.4129602,46.9489252],[7.4130374,46.9489642],[7.4131828,46.9490475]]}},{"type":"Feature","properties":{"art":"rail"},"geometry":{"type":"LineString","coordinates":[[7.4112978,46.9477343],[7.4115012,46.9478478],[7.4116145,46.9479153],[7.4117362,46.9479962]]}},{"type":"Feature","properties":{"art":"rail"},"geometry":{"type":"LineString","coordinates":[[7.5413253,46.9064638],[7.5398121,46.909106]]}},{"type":"Feature","properties":{"art":"rail"},"geometry":{"type":"LineString","coordinates":[[7.5398121,46.909106],[7.5396633,46.9093678]]}},{"type":"Feature","properties":{"art":"rail"},"geometry":{"type":"LineString","coordinates":[[7.5398588,46.9091177],[7.5413618,46.9064882]]}},{"type":"Feature","properties":{"art":"rail"},"geometry":{"type":"LineString","coordinates":[[7.53971,46.9093802],[7.5398588,46.9091177]]}},{"type":"Feature","properties":{"art":"tram"},"geometry":{"type":"LineString","coordinates":[[7.4691602,46.9430889],[7.4691501,46.9430829],[7.4690656,46.9430339],[7.4689944,46.9429959],[7.4689568,46.9429769],[7.4689153,46.9429571]]}},{"type":"Feature","properties":{"art":"rail"},"geometry":{"type":"LineString","coordinates":[[7.4057867,46.9462697],[7.4051821,46.946324]]}},{"type":"Feature","properties":{"art":"rail"},"geometry":{"type":"LineString","coordinates":[[7.4144599,46.9495269],[7.4147954,46.9497826]]}},{"type":"Feature","properties":{"art":"rail"},"geometry":{"type":"LineString","coordinates":[[7.4149856,46.9499051],[7.4147954,46.9497826],[7.4143142,46.9494754],[7.4141878,46.9493929]]}},{"type":"Feature","properties":{"art":"tram"},"geometry":{"type":"LineString","coordinates":[[7.4987557,46.9352744],[7.4991833,46.9354801],[7.4994998,46.9356331],[7.4996815,46.9357288],[7.4999776,46.9358987]]}},{"type":"Feature","properties":{"art":"tram"},"geometry":{"type":"LineString","coordinates":[[7.5062713,46.9340924],[7.5063979,46.9340272],[7.5067681,46.9338558]]}},{"type":"Feature","properties":{"art":"tram"},"geometry":{"type":"LineString","coordinates":[[7.4643584,46.9653839],[7.4643825,46.965371],[7.4644061,46.9653604],[7.4644274,46.9653524],[7.4644534,46.9653453],[7.4644803,46.9653392],[7.4645044,46.9653348],[7.4645278,46.9653318],[7.4645504,46.9653297],[7.4645727,46.9653283],[7.4645917,46.9653274]]}},{"type":"Feature","properties":{"art":"tram"},"geometry":{"type":"LineString","coordinates":[[7.4332044,46.935816],[7.4331034,46.9359064],[7.4329607,46.936034]]}}]}