{"type":"FeatureCollection","features":[{"type":"Feature","properties":{"art":"buehne","name":"Kursaal"},"geometry":{"type":"Point","coordinates":[7.44858,46.95347]}},{"type":"Feature","properties":{"art":"bibliothek","name":"Kornhausbibliothek"},"geometry":{"type":"Point","coordinates":[7.447338,46.948987]}},{"type":"Feature","properties":{"art":"restaurant","name":"Beaulieu"},"geometry":{"type":"Point","coordinates":[7.434647,46.951326]}},{"type":"Feature","properties":{"art":"restaurant","name":"Zum blauen Engel"},"geometry":{"type":"Point","coordinates":[7.432718,46.95452]}},{"type":"Feature","properties":{"art":"restaurant","name":"Ali Baba"},"geometry":{"type":"Point","coordinates":[7.430758,46.953991]}},{"type":"Feature","properties":{"art":"restaurant","name":"Zebra"},"geometry":{"type":"Point","coordinates":[7.425678,46.9556]}},{"type":"Feature","properties":{"art":"restaurant","name":"Kirchenfeld"},"geometry":{"type":"Point","coordinates":[7.450568,46.943609]}},{"type":"Feature","properties":{"art":"restaurant","name":"Ambassador"},"geometry":{"type":"Point","coordinates":[7.450417,46.943223]}},{"type":"Feature","properties":{"art":"restaurant","name":"Altes Tramdepot"},"geometry":{"type":"Point","coordinates":[7.459653,46.947509]}},{"type":"Feature","properties":{"art":"restaurant","name":"Mühlirad"},"geometry":{"type":"Point","coordinates":[7.457515,46.948331]}},{"type":"Feature","properties":{"art":"restaurant","name":"Fischerstübli"},"geometry":{"type":"Point","coordinates":[7.456374,46.947124]}},{"type":"Feature","properties":{"art":"restaurant","name":"Zähringer"},"geometry":{"type":"Point","coordinates":[7.452813,46.946322]}},{"type":"Feature","properties":{"art":"restaurant","name":"Du Nord"},"geometry":{"type":"Point","coordinates":[7.445633,46.954805]}},{"type":"Feature","properties":{"art":"restaurant","name":"UNIess"},"geometry":{"type":"Point","coordinates":[7.435664,46.950111]}},{"type":"Feature","properties":{"art":"museum","name":"Zentrum Paul Klee"},"geometry":{"type":"Point","coordinates":[7.474291,46.949066]}},{"type":"Feature","properties":{"art":"buehne","name":"Dampfzentrale"},"geometry":{"type":"Point","coordinates":[7.444304,46.940889]}},{"type":"Feature","properties":{"art":"restaurant","name":"Dampfzentrale"},"geometry":{"type":"Point","coordinates":[7.444286,46.940558]}},{"type":"Feature","properties":{"art":"restaurant","name":"Grosse Schanze"},"geometry":{"type":"Point","coordinates":[7.438494,46.949584]}},{"type":"Feature","properties":{"art":"buehne","name":"Mahogany Hall"},"geometry":{"type":"Point","coordinates":[7.459318,46.948897]}},{"type":"Feature","properties":{"art":"buehne","name":"National"},"geometry":{"type":"Point","coordinates":[7.436991,46.946173]}},{"type":"Feature","properties":{"art":"restaurant","name":"Pappelapapp"},"geometry":{"type":"Point","coordinates":[7.443769,46.943418]}},{"type":"Feature","properties":{"art":"bar","name":"Bierhübeli"},"geometry":{"type":"Point","coordinates":[7.437775,46.956255]}},{"type":"Feature","properties":{"art":"restaurant","name":"Brasserie Obstberg"},"geometry":{"type":"Point","coordinates":[7.462724,46.947505]}},{"type":"Feature","properties":{"art":"bar","name":"Ô – Bar de Vinos"},"geometry":{"type":"Point","coordinates":[7.455867,46.958332]}},{"type":"Feature","properties":{"art":"restaurant","name":"Grotto Ticino"},"geometry":{"type":"Point","coordinates":[7.455016,46.958608]}},{"type":"Feature","properties":{"art":"restaurant","name":"Bivo"},"geometry":{"type":"Point","coordinates":[7.456439,46.958182]}},{"type":"Feature","properties":{"art":"restaurant","name":"ElfenauPark"},"geometry":{"type":"Point","coordinates":[7.466642,46.936703]}},{"type":"Feature","properties":{"art":"restaurant","name":"Ristorante Pizzeria Benigni"},"geometry":{"type":"Point","coordinates":[7.480866,46.939545]}},{"type":"Feature","properties":{"art":"restaurant","name":"Egghölzli"},"geometry":{"type":"Point","coordinates":[7.475782,46.937597]}},{"type":"Feature","properties":{"art":"restaurant","name":"Anker"},"geometry":{"type":"Point","coordinates":[7.447218,46.948458]}},{"type":"Feature","properties":{"art":"bar","name":"Brasserie Lorraine"},"geometry":{"type":"Point","coordinates":[7.445612,46.957981]}},{"type":"Feature","properties":{"art":"restaurant","name":"La Carbonara"},"geometry":{"type":"Point","coordinates":[7.446532,46.958043]}},{"type":"Feature","properties":{"art":"restaurant","name":"Hof-Bistro"},"geometry":{"type":"Point","coordinates":[7.446712,46.957451]}},{"type":"Feature","properties":{"art":"restaurant","name":"Okra"},"geometry":{"type":"Point","coordinates":[7.444852,46.956127]}},{"type":"Feature","properties":{"art":"museum","name":"Antikensammlung"},"geometry":{"type":"Point","coordinates":[7.435205,46.952804]}},{"type":"Feature","properties":{"art":"cafe","name":"Lehmanns"},"geometry":{"type":"Point","coordinates":[7.43203,46.956823]}},{"type":"Feature","properties":{"art":"restaurant","name":"Ristaurante Pizzeria Settebello"},"geometry":{"type":"Point","coordinates":[7.417812,46.946322]}},{"type":"Feature","properties":{"art":"restaurant","name":"Eymatt 62"},"geometry":{"type":"Point","coordinates":[7.38377,46.964066]}},{"type":"Feature","properties":{"art":"restaurant","name":"Jäger"},"geometry":{"type":"Point","coordinates":[7.398284,46.948906]}},{"type":"Feature","properties":{"art":"restaurant","name":"Da Carlo"},"geometry":{"type":"Point","coordinates":[7.435193,46.945978]}},{"type":"Feature","properties":{"art":"buehne","name":"Das Theater an der Effingerstrasse"},"geometry":{"type":"Point","coordinates":[7.435319,46.945971]}},{"type":"Feature","properties":{"art":"restaurant","name":"National"},"geometry":{"type":"Point","coordinates":[7.437164,46.946148]}},{"type":"Feature","properties":{"art":"kino","name":"cineMovie 1"},"geometry":{"type":"Point","coordinates":[7.43543,46.946972]}},{"type":"Feature","properties":{"art":"kino","name":"cineCamera"},"geometry":{"type":"Point","coordinates":[7.435013,46.946343]}},{"type":"Feature","properties":{"art":"cafe","name":"Starbucks"},"geometry":{"type":"Point","coordinates":[7.437509,46.947016]}},{"type":"Feature","properties":{"art":"restaurant","name":"Falken"},"geometry":{"type":"Point","coordinates":[7.44887,46.947603]}},{"type":"Feature","properties":{"art":"kino","name":"Cinématte"},"geometry":{"type":"Point","coordinates":[7.457271,46.946709]}},{"type":"Feature","properties":{"art":"restaurant","name":"Cinématte"},"geometry":{"type":"Point","coordinates":[7.457102,46.946615]}},{"type":"Feature","properties":{"art":"restaurant","name":"Tai Yien"},"geometry":{"type":"Point","coordinates":[7.447694,46.930101]}},{"type":"Feature","properties":{"art":"buehne","name":"Kulturschür UPtown"},"geometry":{"type":"Point","coordinates":[7.438119,46.918932]}},{"type":"Feature","properties":{"art":"restaurant","name":"Rondell"},"geometry":{"type":"Point","coordinates":[7.416269,46.928761]}},{"type":"Feature","properties":{"art":"buehne","name":"KonzertTheaterBern"},"geometry":{"type":"Point","coordinates":[7.417557,46.934624]}},{"type":"Feature","properties":{"art":"restaurant","name":"le beizli"},"geometry":{"type":"Point","coordinates":[7.416956,46.935324]}},{"type":"Feature","properties":{"art":"restaurant","name":"dr Süder"},"geometry":{"type":"Point","coordinates":[7.428301,46.938558]}},{"type":"Feature","properties":{"art":"restaurant","name":"Bahnhof Weissenbühl"},"geometry":{"type":"Point","coordinates":[7.430374,46.936229]}},{"type":"Feature","properties":{"art":"cafe","name":"Deli43"},"geometry":{"type":"Point","coordinates":[7.432732,46.936859]}},{"type":"Feature","properties":{"art":"restaurant","name":"Toscana"},"geometry":{"type":"Point","coordinates":[7.432429,46.93784]}},{"type":"Feature","properties":{"art":"restaurant","name":"National la Favorita"},"geometry":{"type":"Point","coordinates":[7.493231,46.958303]}},{"type":"Feature","properties":{"art":"restaurant","name":"Brasserie Bärengraben"},"geometry":{"type":"Point","coordinates":[7.459372,46.948532]}},{"type":"Feature","properties":{"art":"restaurant","name":"Xing Long"},"geometry":{"type":"Point","coordinates":[7.412959,46.920337]}},{"type":"Feature","properties":{"art":"restaurant","name":"Landhaus"},"geometry":{"type":"Point","coordinates":[7.42108,46.932042]}},{"type":"Feature","properties":{"art":"restaurant","name":"Greek Spot"},"geometry":{"type":"Point","coordinates":[7.422126,46.932696]}},{"type":"Feature","properties":{"art":"restaurant","name":"Boky"},"geometry":{"type":"Point","coordinates":[7.422204,46.932806]}},{"type":"Feature","properties":{"art":"restaurant","name":"Eiger"},"geometry":{"type":"Point","coordinates":[7.431157,46.941595]}},{"type":"Feature","properties":{"art":"restaurant","name":"Nari"},"geometry":{"type":"Point","coordinates":[7.431293,46.941822]}},{"type":"Feature","properties":{"art":"restaurant","name":"da Nino"},"geometry":{"type":"Point","coordinates":[7.431404,46.942015]}},{"type":"Feature","properties":{"art":"restaurant","name":"Yaadein"},"geometry":{"type":"Point","coordinates":[7.431948,46.9429]}},{"type":"Feature","properties":{"art":"restaurant","name":"Piccola Napoli"},"geometry":{"type":"Point","coordinates":[7.436118,46.943249]}},{"type":"Feature","properties":{"art":"restaurant","name":"Fédéral"},"geometry":{"type":"Point","coordinates":[7.444011,46.94741]}},{"type":"Feature","properties":{"art":"restaurant","name":"Röschtigrabe"},"geometry":{"type":"Point","coordinates":[7.444013,46.947796]}},{"type":"Feature","properties":{"art":"restaurant","name":"Santa Lucia"},"geometry":{"type":"Point","coordinates":[7.443988,46.947885]}},{"type":"Feature","properties":{"art":"restaurant","name":"Piazza Italia"},"geometry":{"type":"Point","coordinates":[7.443952,46.948052]}},{"type":"Feature","properties":{"art":"restaurant","name":"Da Vinci"},"geometry":{"type":"Point","coordinates":[7.443339,46.948428]}},{"type":"Feature","properties":{"art":"restaurant","name":"Molino"},"geometry":{"type":"Point","coordinates":[7.44401,46.9486]}},{"type":"Feature","properties":{"art":"cafe","name":"Starbucks"},"geometry":{"type":"Point","coordinates":[7.444033,46.948746]}},{"type":"Feature","properties":{"art":"restaurant","name":"Luce"},"geometry":{"type":"Point","coordinates":[7.444499,46.949283]}},{"type":"Feature","properties":{"art":"restaurant","name":"Oliv"},"geometry":{"type":"Point","coordinates":[7.444007,46.94969]}},{"type":"Feature","properties":{"art":"restaurant","name":"Più"},"geometry":{"type":"Point","coordinates":[7.447352,46.948889]}},{"type":"Feature","properties":{"art":"restaurant","name":"Ringgenberg"},"geometry":{"type":"Point","coordinates":[7.447867,46.94874]}},{"type":"Feature","properties":{"art":"cafe","name":"Café des Pyrenées"},"geometry":{"type":"Point","coordinates":[7.447876,46.948672]}},{"type":"Feature","properties":{"art":"restaurant","name":"Trattoria Sempre"},"geometry":{"type":"Point","coordinates":[7.447701,46.948275]}},{"type":"Feature","properties":{"art":"cafe","name":"Adriano's"},"geometry":{"type":"Point","coordinates":[7.447222,46.947832]}},{"type":"Feature","properties":{"art":"restaurant","name":"Lorenzini"},"geometry":{"type":"Point","coordinates":[7.447621,46.947668]}},{"type":"Feature","properties":{"art":"bar","name":"Maison"},"geometry":{"type":"Point","coordinates":[7.447801,46.947544]}},{"type":"Feature","properties":{"art":"restaurant","name":"Zimmermania"},"geometry":{"type":"Point","coordinates":[7.449505,46.948869]}},{"type":"Feature","properties":{"art":"cafe","name":"Rathaus Bar"},"geometry":{"type":"Point","coordinates":[7.452442,46.948277]}},{"type":"Feature","properties":{"art":"restaurant","name":"Zunft zu Webern"},"geometry":{"type":"Point","coordinates":[7.452912,46.948335]}},{"type":"Feature","properties":{"art":"restaurant","name":"Krone"},"geometry":{"type":"Point","coordinates":[7.453057,46.948268]}},{"type":"Feature","properties":{"art":"bar","name":"Das Zimmer"},"geometry":{"type":"Point","coordinates":[7.456451,46.946819]}},{"type":"Feature","properties":{"art":"restaurant","name":"Restaurant Schloss Reichenbach"},"geometry":{"type":"Point","coordinates":[7.450613,46.99063]}},{"type":"Feature","properties":{"art":"restaurant","name":"Zehendermätteli"},"geometry":{"type":"Point","coordinates":[7.44418,46.979532]}},{"type":"Feature","properties":{"art":"cafe","name":"Gusto & Co."},"geometry":{"type":"Point","coordinates":[7.495222,46.974811]}},{"type":"Feature","properties":{"art":"restaurant","name":"Bistro Bolligen"},"geometry":{"type":"Point","coordinates":[7.496353,46.973907]}},{"type":"Feature","properties":{"art":"restaurant","name":"Arcadia"},"geometry":{"type":"Point","coordinates":[7.481458,46.974516]}},{"type":"Feature","properties":{"art":"restaurant","name":"Tivoli"},"geometry":{"type":"Point","coordinates":[7.467951,46.979934]}},{"type":"Feature","properties":{"art":"restaurant","name":"Rössli"},"geometry":{"type":"Point","coordinates":[7.498443,46.984701]}},{"type":"Feature","properties":{"art":"restaurant","name":"Ristorante Aurelis"},"geometry":{"type":"Point","coordinates":[7.396592,46.948773]}},{"type":"Feature","properties":{"art":"restaurant","name":"Mona Lisa"},"geometry":{"type":"Point","coordinates":[7.392983,46.950099]}},{"type":"Feature","properties":{"art":"restaurant","name":"Familia Portuguesa"},"geometry":{"type":"Point","coordinates":[7.421999,46.975467]}},{"type":"Feature","properties":{"art":"restaurant","name":"Restaurant Neubrück"},"geometry":{"type":"Point","coordinates":[7.428378,46.973072]}},{"type":"Feature","properties":{"art":"bar","name":"turnhalle"},"geometry":{"type":"Point","coordinates":[7.443562,46.950482]}},{"type":"Feature","properties":{"art":"restaurant","name":"Tiefenau"},"geometry":{"type":"Point","coordinates":[7.457903,46.979877]}},{"type":"Feature","properties":{"art":"restaurant","name":"Bellevue"},"geometry":{"type":"Point","coordinates":[7.472179,46.971453]}},{"type":"Feature","properties":{"art":"bibliothek","name":"Juristische Bibliothek JBB"},"geometry":{"type":"Point","coordinates":[7.437885,46.950702]}},{"type":"Feature","properties":{"art":"cafe","name":"Parterre"},"geometry":{"type":"Point","coordinates":[7.435096,46.951451]}},{"type":"Feature","properties":{"art":"restaurant","name":"Linde"},"geometry":{"type":"Point","coordinates":[7.385263,46.987724]}},{"type":"Feature","properties":{"art":"buehne","name":"La Cappella"},"geometry":{"type":"Point","coordinates":[7.451955,46.959462]}},{"type":"Feature","properties":{"art":"restaurant","name":"Restaurant Rössli"},"geometry":{"type":"Point","coordinates":[7.333496,46.991524]}},{"type":"Feature","properties":{"art":"restaurant","name":"Blumenfeld"},"geometry":{"type":"Point","coordinates":[7.392727,46.948918]}},{"type":"Feature","properties":{"art":"badi","name":"Bernaqua"},"geometry":{"type":"Point","coordinates":[7.373017,46.945391]}},{"type":"Feature","properties":{"art":"kino","name":"Pathé Westside"},"geometry":{"type":"Point","coordinates":[7.372068,46.943886]}},{"type":"Feature","properties":{"art":"restaurant","name":"Chu Garden"},"geometry":{"type":"Point","coordinates":[7.433053,46.936249]}},{"type":"Feature","properties":{"art":"restaurant","name":"Ändstation Bar"},"geometry":{"type":"Point","coordinates":[7.433367,46.935937]}},{"type":"Feature","properties":{"art":"kino","name":"cineBubenberg"},"geometry":{"type":"Point","coordinates":[7.436867,46.947431]}},{"type":"Feature","properties":{"art":"restaurant","name":"Lötschberg"},"geometry":{"type":"Point","coordinates":[7.445442,46.949104]}},{"type":"Feature","properties":{"art":"restaurant","name":"Mishio"},"geometry":{"type":"Point","coordinates":[7.443384,46.947983]}},{"type":"Feature","properties":{"art":"restaurant","name":"Il Profeta"},"geometry":{"type":"Point","coordinates":[7.456005,46.963736]}},{"type":"Feature","properties":{"art":"restaurant","name":"Bistro"},"geometry":{"type":"Point","coordinates":[7.332133,46.954405]}},{"type":"Feature","properties":{"art":"restaurant","name":"Bären"},"geometry":{"type":"Point","coordinates":[7.336411,46.955537]}},{"type":"Feature","properties":{"art":"restaurant","name":"Hung Thinh"},"geometry":{"type":"Point","coordinates":[7.448065,46.948236]}},{"type":"Feature","properties":{"art":"restaurant","name":"Pizzeria L'Angolo"},"geometry":{"type":"Point","coordinates":[7.418453,46.940793]}},{"type":"Feature","properties":{"art":"restaurant","name":"Tao Tao"},"geometry":{"type":"Point","coordinates":[7.498866,46.934974]}},{"type":"Feature","properties":{"art":"restaurant","name":"Restaurant Rosengarten"},"geometry":{"type":"Point","coordinates":[7.460555,46.950927]}},{"type":"Feature","properties":{"art":"kino","name":"Kino in der Reitschule"},"geometry":{"type":"Point","coordinates":[7.440426,46.953239]}},{"type":"Feature","properties":{"art":"restaurant","name":"Sous le Pont"},"geometry":{"type":"Point","coordinates":[7.440586,46.952865]}},{"type":"Feature","properties":{"art":"buehne","name":"Tojo"},"geometry":{"type":"Point","coordinates":[7.440214,46.953172]}},{"type":"Feature","properties":{"art":"bar","name":"L‘Ovestino"},"geometry":{"type":"Point","coordinates":[7.439392,46.947189]}},{"type":"Feature","properties":{"art":"restaurant","name":"Azzurro"},"geometry":{"type":"Point","coordinates":[7.428269,46.948337]}},{"type":"Feature","properties":{"art":"restaurant","name":"Casa d'Italia"},"geometry":{"type":"Point","coordinates":[7.432225,46.952676]}},{"type":"Feature","properties":{"art":"restaurant","name":"Black"},"geometry":{"type":"Point","coordinates":[7.44689,46.947437]}},{"type":"Feature","properties":{"art":"bar","name":"Cube Club"},"geometry":{"type":"Point","coordinates":[7.436641,46.946229]}},{"type":"Feature","properties":{"art":"kino","name":"REX"},"geometry":{"type":"Point","coordinates":[7.439279,46.946614]}},{"type":"Feature","properties":{"art":"restaurant","name":"Domino"},"geometry":{"type":"Point","coordinates":[7.43912,46.946954]}},{"type":"Feature","properties":{"art":"restaurant","name":"Ludmilla"},"geometry":{"type":"Point","coordinates":[7.450209,46.961133]}},{"type":"Feature","properties":{"art":"bar","name":"ISC Club"},"geometry":{"type":"Point","coordinates":[7.439939,46.953406]}},{"type":"Feature","properties":{"art":"bar","name":"Dachstock"},"geometry":{"type":"Point","coordinates":[7.440547,46.952788]}},{"type":"Feature","properties":{"art":"bar","name":"Rössli"},"geometry":{"type":"Point","coordinates":[7.440683,46.952679]}},{"type":"Feature","properties":{"art":"restaurant","name":"Seidenhof"},"geometry":{"type":"Point","coordinates":[7.433138,46.956168]}},{"type":"Feature","properties":{"art":"museum","name":"Keltisch-römische Fundgegenstände"},"geometry":{"type":"Point","coordinates":[7.451005,46.975168]}},{"type":"Feature","properties":{"art":"restaurant","name":"Kairo"},"geometry":{"type":"Point","coordinates":[7.446406,46.958703]}},{"type":"Feature","properties":{"art":"restaurant","name":"Lee House"},"geometry":{"type":"Point","coordinates":[7.447731,46.958399]}},{"type":"Feature","properties":{"art":"restaurant","name":"Schöngrün"},"geometry":{"type":"Point","coordinates":[7.473953,46.950028]}},{"type":"Feature","properties":{"art":"buehne","name":"Schlachthaus"},"geometry":{"type":"Point","coordinates":[7.450627,46.948629]}},{"type":"Feature","properties":{"art":"restaurant","name":"Pflaumen Garden"},"geometry":{"type":"Point","coordinates":[7.46564,46.941808]}},{"type":"Feature","properties":{"art":"restaurant","name":"Pokhara Nepali Kitchen"},"geometry":{"type":"Point","coordinates":[7.462785,46.941297]}},{"type":"Feature","properties":{"art":"cafe","name":"Kirchgemeinde Petrus"},"geometry":{"type":"Point","coordinates":[7.463616,46.939141]}},{"type":"Feature","properties":{"art":"cafe","name":"Royal"},"geometry":{"type":"Point","coordinates":[7.452462,46.942895]}},{"type":"Feature","properties":{"art":"restaurant","name":"Steinhalle"},"geometry":{"type":"Point","coordinates":[7.448729,46.94296]}},{"type":"Feature","properties":{"art":"cafe","name":"Pavillon"},"geometry":{"type":"Point","coordinates":[7.449908,46.942099]}},{"type":"Feature","properties":{"art":"cafe","name":"Cafeteria & Shop"},"geometry":{"type":"Point","coordinates":[7.448803,46.942148]}},{"type":"Feature","properties":{"art":"restaurant","name":"Amma Masala"},"geometry":{"type":"Point","coordinates":[7.472298,46.943981]}},{"type":"Feature","properties":{"art":"restaurant","name":"ängelibeck"},"geometry":{"type":"Point","coordinates":[7.432227,46.94469]}},{"type":"Feature","properties":{"art":"treff","name":"Treff Murifeld"},"geometry":{"type":"Point","coordinates":[7.468942,46.940359]}},{"type":"Feature","properties":{"art":"restaurant","name":"Calabrisella"},"geometry":{"type":"Point","coordinates":[7.455166,46.962321]}},{"type":"Feature","properties":{"art":"kino","name":"cineABC"},"geometry":{"type":"Point","coordinates":[7.45294,46.956965]}},{"type":"Feature","properties":{"art":"restaurant","name":"Rosen"},"geometry":{"type":"Point","coordinates":[7.457898,46.953755]}},{"type":"Feature","properties":{"art":"restaurant","name":"Büner"},"geometry":{"type":"Point","coordinates":[7.456573,46.957167]}},{"type":"Feature","properties":{"art":"bar","name":"Cafete"},"geometry":{"type":"Point","coordinates":[7.440177,46.953005]}},{"type":"Feature","properties":{"art":"buehne","name":"Queerfeministischer Raum"},"geometry":{"type":"Point","coordinates":[7.440367,46.953226]}},{"type":"Feature","properties":{"art":"cafe","name":"Ängelibeck"},"geometry":{"type":"Point","coordinates":[7.427546,46.943969]}},{"type":"Feature","properties":{"art":"restaurant","name":"Strada"},"geometry":{"type":"Point","coordinates":[7.472875,46.94526]}},{"type":"Feature","properties":{"art":"restaurant","name":"Migros Restaurant"},"geometry":{"type":"Point","coordinates":[7.472192,46.945555]}},{"type":"Feature","properties":{"art":"restaurant","name":"Dolce Vita"},"geometry":{"type":"Point","coordinates":[7.453419,46.960867]}},{"type":"Feature","properties":{"art":"restaurant","name":"Lokal"},"geometry":{"type":"Point","coordinates":[7.456857,46.958785]}},{"type":"Feature","properties":{"art":"restaurant","name":"Migros Restaurant"},"geometry":{"type":"Point","coordinates":[7.463173,46.965688]}},{"type":"Feature","properties":{"art":"restaurant","name":"Campania"},"geometry":{"type":"Point","coordinates":[7.47484,46.956317]}},{"type":"Feature","properties":{"art":"restaurant","name":"tulsi"},"geometry":{"type":"Point","coordinates":[7.424953,46.954314]}},{"type":"Feature","properties":{"art":"restaurant","name":"Waldheim"},"geometry":{"type":"Point","coordinates":[7.426539,46.954157]}},{"type":"Feature","properties":{"art":"buehne","name":"Danceorama"},"geometry":{"type":"Point","coordinates":[7.475864,46.957195]}},{"type":"Feature","properties":{"art":"restaurant","name":"Aloha Burger"},"geometry":{"type":"Point","coordinates":[7.478018,46.959004]}},{"type":"Feature","properties":{"art":"restaurant","name":"Caledonia"},"geometry":{"type":"Point","coordinates":[7.467002,46.957843]}},{"type":"Feature","properties":{"art":"restaurant","name":"Restaurant & Bar ALLMEND"},"geometry":{"type":"Point","coordinates":[7.46745,46.959972]}},{"type":"Feature","properties":{"art":"restaurant","name":"Arena Restaurant"},"geometry":{"type":"Point","coordinates":[7.46823,46.958309]}},{"type":"Feature","properties":{"art":"restaurant","name":"Warteck"},"geometry":{"type":"Point","coordinates":[7.427846,46.953845]}},{"type":"Feature","properties":{"art":"bibliothek","name":"Lesepavillon Rosengarten"},"geometry":{"type":"Point","coordinates":[7.461082,46.951358]}},{"type":"Feature","properties":{"art":"restaurant","name":"Migros Restaurant"},"geometry":{"type":"Point","coordinates":[7.414403,46.923558]}},{"type":"Feature","properties":{"art":"restaurant","name":"Lido Altenberg"},"geometry":{"type":"Point","coordinates":[7.447144,46.951134]}},{"type":"Feature","properties":{"art":"restaurant","name":"Restaurant Giardino"},"geometry":{"type":"Point","coordinates":[7.448867,46.953093]}},{"type":"Feature","properties":{"art":"restaurant","name":"Piazza Vittoria"},"geometry":{"type":"Point","coordinates":[7.451463,46.95473]}},{"type":"Feature","properties":{"art":"cafe","name":"Vis-à-vis"},"geometry":{"type":"Point","coordinates":[7.451905,46.955643]}},{"type":"Feature","properties":{"art":"restaurant","name":"Del Gusto"},"geometry":{"type":"Point","coordinates":[7.452287,46.956341]}},{"type":"Feature","properties":{"art":"bar","name":"Pickwick"},"geometry":{"type":"Point","coordinates":[7.438545,46.946467]}},{"type":"Feature","properties":{"art":"restaurant","name":"Hellys"},"geometry":{"type":"Point","coordinates":[7.438789,46.946715]}},{"type":"Feature","properties":{"art":"bibliothek","name":"Musikbibliothek"},"geometry":{"type":"Point","coordinates":[7.460282,46.955216]}},{"type":"Feature","properties":{"art":"restaurant","name":"Treffpunkt"},"geometry":{"type":"Point","coordinates":[7.459986,46.955712]}},{"type":"Feature","properties":{"art":"bibliothek","name":"Bibliothek am Guisanplatz BiG"},"geometry":{"type":"Point","coordinates":[7.462991,46.959292]}},{"type":"Feature","properties":{"art":"bibliothek","name":"Bibliothek Breitenrain mit Ludothek"},"geometry":{"type":"Point","coordinates":[7.455149,46.95924]}},{"type":"Feature","properties":{"art":"buehne","name":"Galerie Brand"},"geometry":{"type":"Point","coordinates":[7.455002,46.958296]}},{"type":"Feature","properties":{"art":"cafe","name":"Caffèmania"},"geometry":{"type":"Point","coordinates":[7.456399,46.95812]}},{"type":"Feature","properties":{"art":"museum","name":"SalviArte"},"geometry":{"type":"Point","coordinates":[7.452773,46.956842]}},{"type":"Feature","properties":{"art":"restaurant","name":"3dosha ayurveda"},"geometry":{"type":"Point","coordinates":[7.452511,46.957146]}},{"type":"Feature","properties":{"art":"restaurant","name":"Lory"},"geometry":{"type":"Point","coordinates":[7.421397,46.944113]}},{"type":"Feature","properties":{"art":"restaurant","name":"India4u"},"geometry":{"type":"Point","coordinates":[7.433543,46.945498]}},{"type":"Feature","properties":{"art":"buehne","name":"Galerie ArchivArte"},"geometry":{"type":"Point","coordinates":[7.449093,46.956908]}},{"type":"Feature","properties":{"art":"restaurant","name":"Suban Thai Eatery"},"geometry":{"type":"Point","coordinates":[7.447124,46.958382]}},{"type":"Feature","properties":{"art":"bar","name":"Carpe Diem"},"geometry":{"type":"Point","coordinates":[7.448873,46.959674]}},{"type":"Feature","properties":{"art":"restaurant","name":"Michelangelo"},"geometry":{"type":"Point","coordinates":[7.454431,46.960391]}},{"type":"Feature","properties":{"art":"restaurant","name":"Eleven"},"geometry":{"type":"Point","coordinates":[7.465063,46.962105]}},{"type":"Feature","properties":{"art":"cafe","name":"Segafredo"},"geometry":{"type":"Point","coordinates":[7.464364,46.962647]}},{"type":"Feature","properties":{"art":"restaurant","name":"Coop Restaurant"},"geometry":{"type":"Point","coordinates":[7.464638,46.962292]}},{"type":"Feature","properties":{"art":"restaurant","name":"Chez SBB"},"geometry":{"type":"Point","coordinates":[7.446463,46.961422]}},{"type":"Feature","properties":{"art":"restaurant","name":"Wylerhuus"},"geometry":{"type":"Point","coordinates":[7.452754,46.96416]}},{"type":"Feature","properties":{"art":"restaurant","name":"mensa Five"},"geometry":{"type":"Point","coordinates":[7.44479,46.955892]}},{"type":"Feature","properties":{"art":"cafe","name":"Lorraine 22"},"geometry":{"type":"Point","coordinates":[7.445146,46.956473]}},{"type":"Feature","properties":{"art":"restaurant","name":"Veranda"},"geometry":{"type":"Point","coordinates":[7.432778,46.950398]}},{"type":"Feature","properties":{"art":"restaurant","name":"Namsan"},"geometry":{"type":"Point","coordinates":[7.444995,46.956993]}},{"type":"Feature","properties":{"art":"restaurant","name":"Bayou Bar & Grill"},"geometry":{"type":"Point","coordinates":[7.445071,46.956971]}},{"type":"Feature","properties":{"art":"restaurant","name":"Bulgur Bistro"},"geometry":{"type":"Point","coordinates":[7.435971,46.936682]}},{"type":"Feature","properties":{"art":"restaurant","name":"Serini Kantine"},"geometry":{"type":"Point","coordinates":[7.437735,46.935823]}},{"type":"Feature","properties":{"art":"treff","name":"Treff Wylergut"},"geometry":{"type":"Point","coordinates":[7.448612,46.965213]}},{"type":"Feature","properties":{"art":"restaurant","name":"Wylerbad"},"geometry":{"type":"Point","coordinates":[7.452424,46.965202]}},{"type":"Feature","properties":{"art":"restaurant","name":"al parco"},"geometry":{"type":"Point","coordinates":[7.454453,46.966323]}},{"type":"Feature","properties":{"art":"restaurant","name":"Litten Greek Taverna"},"geometry":{"type":"Point","coordinates":[7.439494,46.93737]}},{"type":"Feature","properties":{"art":"restaurant","name":"Tängi-Curry"},"geometry":{"type":"Point","coordinates":[7.440254,46.939568]}},{"type":"Feature","properties":{"art":"restaurant","name":"Haberbüni"},"geometry":{"type":"Point","coordinates":[7.415629,46.934847]}},{"type":"Feature","properties":{"art":"restaurant","name":"Maharani Palace"},"geometry":{"type":"Point","coordinates":[7.436531,46.937793]}},{"type":"Feature","properties":{"art":"restaurant","name":"Taishi"},"geometry":{"type":"Point","coordinates":[7.439868,46.934246]}},{"type":"Feature","properties":{"art":"restaurant","name":"Da Rina"},"geometry":{"type":"Point","coordinates":[7.430693,46.941157]}},{"type":"Feature","properties":{"art":"restaurant","name":"Mezze de Beirut"},"geometry":{"type":"Point","coordinates":[7.431885,46.94198]}},{"type":"Feature","properties":{"art":"restaurant","name":"Perla Nera"},"geometry":{"type":"Point","coordinates":[7.431909,46.937039]}},{"type":"Feature","properties":{"art":"restaurant","name":"Villa Stucki"},"geometry":{"type":"Point","coordinates":[7.432749,46.939232]}},{"type":"Feature","properties":{"art":"museum","name":"Einsteinhaus"},"geometry":{"type":"Point","coordinates":[7.449971,46.947674]}},{"type":"Feature","properties":{"art":"restaurant","name":"Spysi"},"geometry":{"type":"Point","coordinates":[7.454054,46.947894]}},{"type":"Feature","properties":{"art":"restaurant","name":"Restaurant Waldeck"},"geometry":{"type":"Point","coordinates":[7.478034,46.954677]}},{"type":"Feature","properties":{"art":"restaurant","name":"Brunnhof"},"geometry":{"type":"Point","coordinates":[7.42834,46.943994]}},{"type":"Feature","properties":{"art":"restaurant","name":"Fù Lin"},"geometry":{"type":"Point","coordinates":[7.429487,46.944784]}},{"type":"Feature","properties":{"art":"restaurant","name":"Kabul"},"geometry":{"type":"Point","coordinates":[7.435835,46.936474]}},{"type":"Feature","properties":{"art":"restaurant","name":"Luna"},"geometry":{"type":"Point","coordinates":[7.437541,46.975516]}},{"type":"Feature","properties":{"art":"bar","name":"ZAR"},"geometry":{"type":"Point","coordinates":[7.425509,46.941394]}},{"type":"Feature","properties":{"art":"restaurant","name":"YIKOU SUSHI Garden"},"geometry":{"type":"Point","coordinates":[7.414888,46.941533]}},{"type":"Feature","properties":{"art":"restaurant","name":"Trattoria Bella Italia"},"geometry":{"type":"Point","coordinates":[7.405022,46.942491]}},{"type":"Feature","properties":{"art":"restaurant","name":"O Cantino"},"geometry":{"type":"Point","coordinates":[7.410781,46.942468]}},{"type":"Feature","properties":{"art":"restaurant","name":"Caffé Italia"},"geometry":{"type":"Point","coordinates":[7.410276,46.943698]}},{"type":"Feature","properties":{"art":"cafe","name":"Istanbul"},"geometry":{"type":"Point","coordinates":[7.409938,46.943296]}},{"type":"Feature","properties":{"art":"restaurant","name":"Weyermannshaus"},"geometry":{"type":"Point","coordinates":[7.413753,46.947993]}},{"type":"Feature","properties":{"art":"restaurant","name":"Can Grillhaus"},"geometry":{"type":"Point","coordinates":[7.424673,46.949681]}},{"type":"Feature","properties":{"art":"bar","name":"il delfino"},"geometry":{"type":"Point","coordinates":[7.446913,46.947218]}},{"type":"Feature","properties":{"art":"restaurant","name":"Bigote Verde"},"geometry":{"type":"Point","coordinates":[7.428995,46.947788]}},{"type":"Feature","properties":{"art":"restaurant","name":"Rialto"},"geometry":{"type":"Point","coordinates":[7.443717,46.949507]}},{"type":"Feature","properties":{"art":"restaurant","name":"Casa Marcello"},"geometry":{"type":"Point","coordinates":[7.443094,46.949344]}},{"type":"Feature","properties":{"art":"restaurant","name":"Namsam City Take Away"},"geometry":{"type":"Point","coordinates":[7.443339,46.949252]}},{"type":"Feature","properties":{"art":"restaurant","name":"Aarbergerhof"},"geometry":{"type":"Point","coordinates":[7.442554,46.949988]}},{"type":"Feature","properties":{"art":"restaurant","name":"Nooch Asian Kitchen"},"geometry":{"type":"Point","coordinates":[7.442046,46.949847]}},{"type":"Feature","properties":{"art":"restaurant","name":"Holy Cow! Gourmet Burger Co."},"geometry":{"type":"Point","coordinates":[7.442629,46.949725]}},{"type":"Feature","properties":{"art":"bar","name":"Divino"},"geometry":{"type":"Point","coordinates":[7.442461,46.949531]}},{"type":"Feature","properties":{"art":"bar","name":"Einspruch Diskothek"},"geometry":{"type":"Point","coordinates":[7.442504,46.949496]}},{"type":"Feature","properties":{"art":"bar","name":"Hotshots"},"geometry":{"type":"Point","coordinates":[7.442643,46.94943]}},{"type":"Feature","properties":{"art":"bar","name":"Belmondo"},"geometry":{"type":"Point","coordinates":[7.442466,46.949474]}},{"type":"Feature","properties":{"art":"restaurant","name":"Gurtners"},"geometry":{"type":"Point","coordinates":[7.438029,46.919801]}},{"type":"Feature","properties":{"art":"restaurant","name":"Huusbüffe"},"geometry":{"type":"Point","coordinates":[7.437756,46.91989]}},{"type":"Feature","properties":{"art":"buehne","name":"Galerie Kornfeld"},"geometry":{"type":"Point","coordinates":[7.430954,46.947261]}},{"type":"Feature","properties":{"art":"bibliothek","name":"Bibliothek Medizin"},"geometry":{"type":"Point","coordinates":[7.428582,46.95184]}},{"type":"Feature","properties":{"art":"bibliothek","name":"Basisbibliothek Unitobler"},"geometry":{"type":"Point","coordinates":[7.430014,46.954382]}},{"type":"Feature","properties":{"art":"cafe","name":"Café Alino"},"geometry":{"type":"Point","coordinates":[7.43603,46.940591]}},{"type":"Feature","properties":{"art":"restaurant","name":"musigbistrot"},"geometry":{"type":"Point","coordinates":[7.43349,46.942521]}},{"type":"Feature","properties":{"art":"museum","name":"Stiftung SAPA"},"geometry":{"type":"Point","coordinates":[7.43644,46.949145]}},{"type":"Feature","properties":{"art":"museum","name":"Cerny Inuit Collection"},"geometry":{"type":"Point","coordinates":[7.434833,46.949029]}},{"type":"Feature","properties":{"art":"restaurant","name":"Pittaria"},"geometry":{"type":"Point","coordinates":[7.435745,46.950511]}},{"type":"Feature","properties":{"art":"bar","name":"Dead End"},"geometry":{"type":"Point","coordinates":[7.438802,46.953811]}},{"type":"Feature","properties":{"art":"cafe","name":"Momento - Caffè & Take Away"},"geometry":{"type":"Point","coordinates":[7.438377,46.95176]}},{"type":"Feature","properties":{"art":"restaurant","name":"Cavallo Star"},"geometry":{"type":"Point","coordinates":[7.438272,46.947575]}},{"type":"Feature","properties":{"art":"museum","name":"Kunstraum Dreiviertel"},"geometry":{"type":"Point","coordinates":[7.436042,46.940517]}},{"type":"Feature","properties":{"art":"bar","name":"Stellwerk"},"geometry":{"type":"Point","coordinates":[7.437582,46.949404]}},{"type":"Feature","properties":{"art":"restaurant","name":"Le Carrousel"},"geometry":{"type":"Point","coordinates":[7.435124,46.951531]}},{"type":"Feature","properties":{"art":"treff","name":"Jugendtreff Primo"},"geometry":{"type":"Point","coordinates":[7.451676,46.973208]}},{"type":"Feature","properties":{"art":"restaurant","name":"Da Capo - Ristorante & Pizzeria"},"geometry":{"type":"Point","coordinates":[7.433773,46.926369]}},{"type":"Feature","properties":{"art":"restaurant","name":"Allresto"},"geometry":{"type":"Point","coordinates":[7.434241,46.946126]}},{"type":"Feature","properties":{"art":"restaurant","name":"chlyne Hecht"},"geometry":{"type":"Point","coordinates":[7.432336,46.954037]}},{"type":"Feature","properties":{"art":"restaurant","name":"La Vita"},"geometry":{"type":"Point","coordinates":[7.437727,46.957089]}},{"type":"Feature","properties":{"art":"treff","name":"Gemeinschaftshaus Spinnrad"},"geometry":{"type":"Point","coordinates":[7.442307,46.968928]}},{"type":"Feature","properties":{"art":"restaurant","name":"Arirang"},"geometry":{"type":"Point","coordinates":[7.438321,46.946416]}},{"type":"Feature","properties":{"art":"restaurant","name":"Café Neufeld"},"geometry":{"type":"Point","coordinates":[7.432117,46.963175]}},{"type":"Feature","properties":{"art":"museum","name":"Stadtgalerie"},"geometry":{"type":"Point","coordinates":[7.443965,46.950267]}},{"type":"Feature","properties":{"art":"restaurant","name":"Azienda"},"geometry":{"type":"Point","coordinates":[7.470648,46.976984]}},{"type":"Feature","properties":{"art":"cafe","name":"Xenia"},"geometry":{"type":"Point","coordinates":[7.446788,46.946951]}},{"type":"Feature","properties":{"art":"kino","name":"Kellerkino"},"geometry":{"type":"Point","coordinates":[7.450889,46.948188]}},{"type":"Feature","properties":{"art":"restaurant","name":"da Bucolo"},"geometry":{"type":"Point","coordinates":[7.446511,46.947424]}},{"type":"Feature","properties":{"art":"restaurant","name":"The BEEF"},"geometry":{"type":"Point","coordinates":[7.448705,46.948147]}},{"type":"Feature","properties":{"art":"restaurant","name":"Traube"},"geometry":{"type":"Point","coordinates":[7.418612,46.978257]}},{"type":"Feature","properties":{"art":"bibliothek","name":"Schul- und Gemeindebibliothek Bremgarten"},"geometry":{"type":"Point","coordinates":[7.436056,46.976725]}},{"type":"Feature","properties":{"art":"restaurant","name":"Restaurant Berner Technologiepark"},"geometry":{"type":"Point","coordinates":[7.389489,46.934591]}},{"type":"Feature","properties":{"art":"restaurant","name":"Postgasse"},"geometry":{"type":"Point","coordinates":[7.454195,46.949013]}},{"type":"Feature","properties":{"art":"restaurant","name":"Goldener Schlüssel"},"geometry":{"type":"Point","coordinates":[7.44871,46.948612]}},{"type":"Feature","properties":{"art":"bar","name":"Büro"},"geometry":{"type":"Point","coordinates":[7.449745,46.948636]}},{"type":"Feature","properties":{"art":"bar","name":"Rondel"},"geometry":{"type":"Point","coordinates":[7.441029,46.949688]}},{"type":"Feature","properties":{"art":"restaurant","name":"Tre Fratelli"},"geometry":{"type":"Point","coordinates":[7.434988,46.947127]}},{"type":"Feature","properties":{"art":"kino","name":"cineClub"},"geometry":{"type":"Point","coordinates":[7.435159,46.947049]}},{"type":"Feature","properties":{"art":"bar","name":"leichtsinn"},"geometry":{"type":"Point","coordinates":[7.447205,46.948218]}},{"type":"Feature","properties":{"art":"restaurant","name":"Coop Restaurant"},"geometry":{"type":"Point","coordinates":[7.391536,46.94111]}},{"type":"Feature","properties":{"art":"museum","name":"Schulmuseum Bern"},"geometry":{"type":"Point","coordinates":[7.413926,46.920996]}},{"type":"Feature","properties":{"art":"treff","name":"Kultur-Hof"},"geometry":{"type":"Point","coordinates":[7.414158,46.921056]}},{"type":"Feature","properties":{"art":"restaurant","name":"Zum Schloss"},"geometry":{"type":"Point","coordinates":[7.413888,46.920853]}},{"type":"Feature","properties":{"art":"bar","name":"Lirum Larum"},"geometry":{"type":"Point","coordinates":[7.451255,46.947854]}},{"type":"Feature","properties":{"art":"bar","name":"Diagonal"},"geometry":{"type":"Point","coordinates":[7.44591,46.947402]}},{"type":"Feature","properties":{"art":"buehne","name":"popup galerie am dreieck"},"geometry":{"type":"Point","coordinates":[7.487104,46.957934]}},{"type":"Feature","properties":{"art":"bar","name":"Junkere"},"geometry":{"type":"Point","coordinates":[7.455686,46.948481]}},{"type":"Feature","properties":{"art":"restaurant","name":"Verdi"},"geometry":{"type":"Point","coordinates":[7.455369,46.948457]}},{"type":"Feature","properties":{"art":"restaurant","name":"Lumi"},"geometry":{"type":"Point","coordinates":[7.45559,46.948846]}},{"type":"Feature","properties":{"art":"restaurant","name":"Harmonie"},"geometry":{"type":"Point","coordinates":[7.448264,46.94759]}},{"type":"Feature","properties":{"art":"restaurant","name":"Commerce"},"geometry":{"type":"Point","coordinates":[7.452659,46.948233]}},{"type":"Feature","properties":{"art":"restaurant","name":"Ratskeller"},"geometry":{"type":"Point","coordinates":[7.452451,46.947908]}},{"type":"Feature","properties":{"art":"cafe","name":"Sattler"},"geometry":{"type":"Point","coordinates":[7.433678,46.954652]}},{"type":"Feature","properties":{"art":"bar","name":"Tipsy Bear"},"geometry":{"type":"Point","coordinates":[7.452304,46.962198]}},{"type":"Feature","properties":{"art":"bar","name":"Supernova"},"geometry":{"type":"Point","coordinates":[7.441918,46.947515]}},{"type":"Feature","properties":{"art":"cafe","name":"Wild Bean Cafe"},"geometry":{"type":"Point","coordinates":[7.483924,46.956894]}},{"type":"Feature","properties":{"art":"restaurant","name":"Hot Chilli Pepper"},"geometry":{"type":"Point","coordinates":[7.485006,46.957186]}},{"type":"Feature","properties":{"art":"restaurant","name":"China House"},"geometry":{"type":"Point","coordinates":[7.48499,46.95681]}},{"type":"Feature","properties":{"art":"cafe","name":"Lord"},"geometry":{"type":"Point","coordinates":[7.484789,46.956741]}},{"type":"Feature","properties":{"art":"restaurant","name":"Indian Kitchen"},"geometry":{"type":"Point","coordinates":[7.417329,46.92558]}},{"type":"Feature","properties":{"art":"restaurant","name":"Coop Restaurant"},"geometry":{"type":"Point","coordinates":[7.415536,46.923258]}},{"type":"Feature","properties":{"art":"cafe","name":"Das Scherzhaus"},"geometry":{"type":"Point","coordinates":[7.414631,46.923469]}},{"type":"Feature","properties":{"art":"restaurant","name":"Bärenhöfli"},"geometry":{"type":"Point","coordinates":[7.444515,46.949001]}},{"type":"Feature","properties":{"art":"cafe","name":"Glatz"},"geometry":{"type":"Point","coordinates":[7.444409,46.949011]}},{"type":"Feature","properties":{"art":"restaurant","name":"Zum äusseren Stand"},"geometry":{"type":"Point","coordinates":[7.445913,46.948748]}},{"type":"Feature","properties":{"art":"restaurant","name":"Cha Cha Thai"},"geometry":{"type":"Point","coordinates":[7.441764,46.94846]}},{"type":"Feature","properties":{"art":"restaurant","name":"Medusa"},"geometry":{"type":"Point","coordinates":[7.429633,46.930754]}},{"type":"Feature","properties":{"art":"cafe","name":"Apfelgold"},"geometry":{"type":"Point","coordinates":[7.43687,46.958041]}},{"type":"Feature","properties":{"art":"restaurant","name":"Soriya Asia Restaurant"},"geometry":{"type":"Point","coordinates":[7.448351,46.948387]}},{"type":"Feature","properties":{"art":"cafe","name":"Klösterli Weincafe"},"geometry":{"type":"Point","coordinates":[7.459248,46.949068]}},{"type":"Feature","properties":{"art":"cafe","name":"Café Fleuri"},"geometry":{"type":"Point","coordinates":[7.445599,46.952294]}},{"type":"Feature","properties":{"art":"cafe","name":"Einstein"},"geometry":{"type":"Point","coordinates":[7.449962,46.947811]}},{"type":"Feature","properties":{"art":"buehne","name":"Ono"},"geometry":{"type":"Point","coordinates":[7.451957,46.948213]}},{"type":"Feature","properties":{"art":"bibliothek","name":"Bibliothek Länggasse"},"geometry":{"type":"Point","coordinates":[7.434962,46.954677]}},{"type":"Feature","properties":{"art":"restaurant","name":"Rebstock"},"geometry":{"type":"Point","coordinates":[7.457362,46.992917]}},{"type":"Feature","properties":{"art":"restaurant","name":"La Caletta"},"geometry":{"type":"Point","coordinates":[7.484186,46.932137]}},{"type":"Feature","properties":{"art":"restaurant","name":"Plaisir"},"geometry":{"type":"Point","coordinates":[7.483355,46.931829]}},{"type":"Feature","properties":{"art":"restaurant","name":"Thoracker"},"geometry":{"type":"Point","coordinates":[7.489803,46.935029]}},{"type":"Feature","properties":{"art":"buehne","name":"Orbital Garden"},"geometry":{"type":"Point","coordinates":[7.451732,46.948201]}},{"type":"Feature","properties":{"art":"bar","name":"Versa"},"geometry":{"type":"Point","coordinates":[7.447828,46.948537]}},{"type":"Feature","properties":{"art":"kunst"},"geometry":{"type":"Point","coordinates":[7.436128,46.977145]}},{"type":"Feature","properties":{"art":"restaurant","name":"Della Casa"},"geometry":{"type":"Point","coordinates":[7.442318,46.947488]}},{"type":"Feature","properties":{"art":"restaurant","name":"Ligu Lehm"},"geometry":{"type":"Point","coordinates":[7.456335,46.947068]}},{"type":"Feature","properties":{"art":"cafe","name":"Tea Time"},"geometry":{"type":"Point","coordinates":[7.444318,46.948848]}},{"type":"Feature","properties":{"art":"bibliothek","name":"Gemeindebibliothek / Ludothek Wohlen"},"geometry":{"type":"Point","coordinates":[7.378247,46.967804]}},{"type":"Feature","properties":{"art":"cafe","name":"Bistro Hausmatte"},"geometry":{"type":"Point","coordinates":[7.377853,46.968159]}},{"type":"Feature","properties":{"art":"restaurant"},"geometry":{"type":"Point","coordinates":[7.356198,46.971387]}},{"type":"Feature","properties":{"art":"cafe","name":"Beeler"},"geometry":{"type":"Point","coordinates":[7.441673,46.948302]}},{"type":"Feature","properties":{"art":"restaurant","name":"Dogan"},"geometry":{"type":"Point","coordinates":[7.410782,46.943069]}},{"type":"Feature","properties":{"art":"treff","name":"Breitsch-Träff"},"geometry":{"type":"Point","coordinates":[7.454748,46.958404]}},{"type":"Feature","properties":{"art":"restaurant","name":"Dicle Pizza"},"geometry":{"type":"Point","coordinates":[7.388922,46.939292]}},{"type":"Feature","properties":{"art":"restaurant","name":"Osteria da Santo"},"geometry":{"type":"Point","coordinates":[7.393169,46.940917]}},{"type":"Feature","properties":{"art":"bar","name":"Les Amis Bar & Wohnzimmer"},"geometry":{"type":"Point","coordinates":[7.448718,46.948374]}},{"type":"Feature","properties":{"art":"restaurant","name":"Lo Stuzzichino"},"geometry":{"type":"Point","coordinates":[7.450852,46.948383]}},{"type":"Feature","properties":{"art":"buehne","name":"Narrenpack"},"geometry":{"type":"Point","coordinates":[7.450714,46.948213]}},{"type":"Feature","properties":{"art":"bar","name":"Die Taube"},"geometry":{"type":"Point","coordinates":[7.449497,46.948658]}},{"type":"Feature","properties":{"art":"restaurant","name":"Time out"},"geometry":{"type":"Point","coordinates":[7.458219,46.956804]}},{"type":"Feature","properties":{"art":"restaurant","name":"Bella Vita"},"geometry":{"type":"Point","coordinates":[7.467481,46.955831]}},{"type":"Feature","properties":{"art":"restaurant","name":"Marzilibrücke"},"geometry":{"type":"Point","coordinates":[7.44459,46.944877]}},{"type":"Feature","properties":{"art":"bar","name":"Cuba"},"geometry":{"type":"Point","coordinates":[7.447225,46.948387]}},{"type":"Feature","properties":{"art":"restaurant","name":"Pizzeria Babylon"},"geometry":{"type":"Point","coordinates":[7.416063,46.923979]}},{"type":"Feature","properties":{"art":"restaurant","name":"Nooch"},"geometry":{"type":"Point","coordinates":[7.451644,46.954883]}},{"type":"Feature","properties":{"art":"restaurant","name":"Visana Laubegg"},"geometry":{"type":"Point","coordinates":[7.465437,46.948568]}},{"type":"Feature","properties":{"art":"bar","name":"Kreissaal"},"geometry":{"type":"Point","coordinates":[7.448979,46.949198]}},{"type":"Feature","properties":{"art":"restaurant","name":"Grottino by Metzgerstübli"},"geometry":{"type":"Point","coordinates":[7.4454,46.936138]}},{"type":"Feature","properties":{"art":"restaurant","name":"Kornhauskeller"},"geometry":{"type":"Point","coordinates":[7.44725,46.948688]}},{"type":"Feature","properties":{"art":"cafe","name":"L'esprit nouveau"},"geometry":{"type":"Point","coordinates":[7.450125,46.941487]}},{"type":"Feature","properties":{"art":"restaurant","name":"maimin HAPPY NOODLES"},"geometry":{"type":"Point","coordinates":[7.449621,46.947188]}},{"type":"Feature","properties":{"art":"bar","name":"Wartsaal"},"geometry":{"type":"Point","coordinates":[7.444753,46.956633]}},{"type":"Feature","properties":{"art":"restaurant","name":"Volver"},"geometry":{"type":"Point","coordinates":[7.452139,46.948388]}},{"type":"Feature","properties":{"art":"bar","name":"The Shamrock"},"geometry":{"type":"Point","coordinates":[7.436122,46.942838]}},{"type":"Feature","properties":{"art":"cafe","name":"Confiserie Beeler"},"geometry":{"type":"Point","coordinates":[7.416391,46.927039]}},{"type":"Feature","properties":{"art":"restaurant","name":"Reiterstrasse Kantonale Verwaltung"},"geometry":{"type":"Point","coordinates":[7.462305,46.953696]}},{"type":"Feature","properties":{"art":"restaurant","name":"fugu"},"geometry":{"type":"Point","coordinates":[7.455453,46.948797]}},{"type":"Feature","properties":{"art":"bar","name":"Kurt & Kurt"},"geometry":{"type":"Point","coordinates":[7.442999,46.949673]}},{"type":"Feature","properties":{"art":"bar","name":"Studio Club Bern"},"geometry":{"type":"Point","coordinates":[7.443067,46.949807]}},{"type":"Feature","properties":{"art":"restaurant","name":"Donsel"},"geometry":{"type":"Point","coordinates":[7.450748,46.948607]}},{"type":"Feature","properties":{"art":"cafe","name":"Zingg"},"geometry":{"type":"Point","coordinates":[7.385356,46.98707]}},{"type":"Feature","properties":{"art":"restaurant","name":"Bollwärk"},"geometry":{"type":"Point","coordinates":[7.441741,46.951697]}},{"type":"Feature","properties":{"art":"restaurant","name":"las alps"},"geometry":{"type":"Point","coordinates":[7.447998,46.944029]}},{"type":"Feature","properties":{"art":"restaurant","name":"Casino"},"geometry":{"type":"Point","coordinates":[7.448484,46.946763]}},{"type":"Feature","properties":{"art":"restaurant","name":"Volkshaus 1914"},"geometry":{"type":"Point","coordinates":[7.446446,46.948603]}},{"type":"Feature","properties":{"art":"restaurant","name":"Mont Liban"},"geometry":{"type":"Point","coordinates":[7.453197,46.957636]}},{"type":"Feature","properties":{"art":"bar","name":"McCarthy's Irish Pub"},"geometry":{"type":"Point","coordinates":[7.44323,46.949655]}},{"type":"Feature","properties":{"art":"kunst","name":"Schützenbrunnen"},"geometry":{"type":"Point","coordinates":[7.446428,46.947923]}},{"type":"Feature","properties":{"art":"museum","name":"Schweizerisches Psychiatrie-Museum Bern"},"geometry":{"type":"Point","coordinates":[7.484252,46.964901]}},{"type":"Feature","properties":{"art":"bibliothek","name":"Infoladen Borke"},"geometry":{"type":"Point","coordinates":[7.440376,46.952938]}},{"type":"Feature","properties":{"art":"buehne","name":"Theater Szene"},"geometry":{"type":"Point","coordinates":[7.434669,46.935631]}},{"type":"Feature","properties":{"art":"restaurant","name":"Papa Joe's"},"geometry":{"type":"Point","coordinates":[7.442395,46.947262]}},{"type":"Feature","properties":{"art":"restaurant","name":"VUE"},"geometry":{"type":"Point","coordinates":[7.446917,46.946431]}},{"type":"Feature","properties":{"art":"restaurant","name":"Taubenhalde A"},"geometry":{"type":"Point","coordinates":[7.440718,46.944263]}},{"type":"Feature","properties":{"art":"bibliothek","name":"Bibliothek Niederwangen"},"geometry":{"type":"Point","coordinates":[7.374266,46.926954]}},{"type":"Feature","properties":{"art":"bar","name":"Sportbar"},"geometry":{"type":"Point","coordinates":[7.375878,46.923645]}},{"type":"Feature","properties":{"art":"restaurant","name":"Taverna Italiana"},"geometry":{"type":"Point","coordinates":[7.378404,46.926011]}},{"type":"Feature","properties":{"art":"restaurant","name":"Schloss Bümpliz"},"geometry":{"type":"Point","coordinates":[7.392076,46.944141]}},{"type":"Feature","properties":{"art":"bibliothek","name":"Schweizerische Osteuropabibliothek SOB"},"geometry":{"type":"Point","coordinates":[7.434536,46.952376]}},{"type":"Feature","properties":{"art":"bar","name":"Piazza"},"geometry":{"type":"Point","coordinates":[7.438068,46.946429]}},{"type":"Feature","properties":{"art":"restaurant","name":"Namaste India"},"geometry":{"type":"Point","coordinates":[7.435783,46.944075]}},{"type":"Feature","properties":{"art":"cafe","name":"Café Bar Orangerie Elfenau"},"geometry":{"type":"Point","coordinates":[7.466174,46.932711]}},{"type":"Feature","properties":{"art":"restaurant","name":"O bolles"},"geometry":{"type":"Point","coordinates":[7.441414,46.951466]}},{"type":"Feature","properties":{"art":"cafe","name":"Nocciolato"},"geometry":{"type":"Point","coordinates":[7.441291,46.946628]}},{"type":"Feature","properties":{"art":"restaurant","name":"Tibits"},"geometry":{"type":"Point","coordinates":[7.44202,46.947]}},{"type":"Feature","properties":{"art":"restaurant","name":"Azzurro"},"geometry":{"type":"Point","coordinates":[7.428974,46.948752]}},{"type":"Feature","properties":{"art":"bibliothek","name":"Bibliothek Geographie"},"geometry":{"type":"Point","coordinates":[7.435329,46.952929]}},{"type":"Feature","properties":{"art":"restaurant","name":"Curry Legend"},"geometry":{"type":"Point","coordinates":[7.432367,46.953474]}},{"type":"Feature","properties":{"art":"bar","name":"Barbière"},"geometry":{"type":"Point","coordinates":[7.454222,46.958723]}},{"type":"Feature","properties":{"art":"bibliothek","name":"Bibliothek vonRoll BvR"},"geometry":{"type":"Point","coordinates":[7.423029,46.953714]}},{"type":"Feature","properties":{"art":"restaurant","name":"La Villette"},"geometry":{"type":"Point","coordinates":[7.481114,46.934643]}},{"type":"Feature","properties":{"art":"restaurant","name":"Bahnhof Süd"},"geometry":{"type":"Point","coordinates":[7.395717,46.937943]}},{"type":"Feature","properties":{"art":"restaurant","name":"Essort"},"geometry":{"type":"Point","coordinates":[7.446165,46.935522]}},{"type":"Feature","properties":{"art":"bar","name":"abflugbar"},"geometry":{"type":"Point","coordinates":[7.454008,46.948351]}},{"type":"Feature","properties":{"art":"bar","name":"Marta"},"geometry":{"type":"Point","coordinates":[7.451843,46.948146]}},{"type":"Feature","properties":{"art":"bar","name":"Ebrietas"},"geometry":{"type":"Point","coordinates":[7.442455,46.949434]}},{"type":"Feature","properties":{"art":"bar","name":"Fra Winebar & more"},"geometry":{"type":"Point","coordinates":[7.44907,46.948656]}},{"type":"Feature","properties":{"art":"restaurant","name":"Restaurant MYLE"},"geometry":{"type":"Point","coordinates":[7.440106,46.947019]}},{"type":"Feature","properties":{"art":"restaurant","name":"Sternen"},"geometry":{"type":"Point","coordinates":[7.414251,46.922614]}},{"type":"Feature","properties":{"art":"restaurant","name":"Sagi"},"geometry":{"type":"Point","coordinates":[7.490254,46.972013]}},{"type":"Feature","properties":{"art":"bar","name":"Lehrerzimmer"},"geometry":{"type":"Point","coordinates":[7.443749,46.950074]}},{"type":"Feature","properties":{"art":"restaurant","name":"El Mexicano"},"geometry":{"type":"Point","coordinates":[7.442348,46.948434]}},{"type":"Feature","properties":{"art":"buehne","name":"am Käfigturm"},"geometry":{"type":"Point","coordinates":[7.443143,46.948336]}},{"type":"Feature","properties":{"art":"cafe","name":"Schlaraffenland"},"geometry":{"type":"Point","coordinates":[7.443625,46.949245]}},{"type":"Feature","properties":{"art":"cafe","name":"energyKitchen"},"geometry":{"type":"Point","coordinates":[7.440865,46.947418]}},{"type":"Feature","properties":{"art":"bar","name":"BarExcellence"},"geometry":{"type":"Point","coordinates":[7.448189,46.948477]}},{"type":"Feature","properties":{"art":"restaurant","name":"Trucker"},"geometry":{"type":"Point","coordinates":[7.398588,46.944246]}},{"type":"Feature","properties":{"art":"restaurant","name":"Heitere Fahne"},"geometry":{"type":"Point","coordinates":[7.446767,46.92904]}},{"type":"Feature","properties":{"art":"restaurant","name":"Mensa vonRoll"},"geometry":{"type":"Point","coordinates":[7.423115,46.953397]}},{"type":"Feature","properties":{"art":"restaurant","name":"Restaurant Serini Eichholz"},"geometry":{"type":"Point","coordinates":[7.455433,46.932973]}},{"type":"Feature","properties":{"art":"restaurant","name":"Belle Epoque"},"geometry":{"type":"Point","coordinates":[7.455374,46.948767]}},{"type":"Feature","properties":{"art":"restaurant","name":"Nemrut"},"geometry":{"type":"Point","coordinates":[7.380423,46.949385]}},{"type":"Feature","properties":{"art":"restaurant","name":"Migros Restaurant"},"geometry":{"type":"Point","coordinates":[7.44491,46.948598]}},{"type":"Feature","properties":{"art":"restaurant","name":"Coop Restaurant"},"geometry":{"type":"Point","coordinates":[7.392358,46.950772]}},{"type":"Feature","properties":{"art":"restaurant","name":"Sternen"},"geometry":{"type":"Point","coordinates":[7.390607,46.940836]}},{"type":"Feature","properties":{"art":"restaurant","name":"Fähribeizli"},"geometry":{"type":"Point","coordinates":[7.471351,46.925534]}},{"type":"Feature","properties":{"art":"restaurant","name":"Jack's Brasserie"},"geometry":{"type":"Point","coordinates":[7.441031,46.948663]}},{"type":"Feature","properties":{"art":"cafe","name":"Albert & Frida"},"geometry":{"type":"Point","coordinates":[7.458806,46.949955]}},{"type":"Feature","properties":{"art":"bar","name":"Le Ciel"},"geometry":{"type":"Point","coordinates":[7.441275,46.951386]}},{"type":"Feature","properties":{"art":"restaurant","name":"Mensa Gymnasium Neufeld"},"geometry":{"type":"Point","coordinates":[7.428975,46.958933]}},{"type":"Feature","properties":{"art":"museum","name":"SOON"},"geometry":{"type":"Point","coordinates":[7.449041,46.947669]}},{"type":"Feature","properties":{"art":"restaurant","name":"Coop Restaurant"},"geometry":{"type":"Point","coordinates":[7.441928,46.94941]}},{"type":"Feature","properties":{"art":"restaurant","name":"mille sens"},"geometry":{"type":"Point","coordinates":[7.441363,46.948504]}},{"type":"Feature","properties":{"art":"cafe","name":"Eichenberger"},"geometry":{"type":"Point","coordinates":[7.441358,46.948294]}},{"type":"Feature","properties":{"art":"restaurant","name":"Piazza"},"geometry":{"type":"Point","coordinates":[7.376983,46.948303]}},{"type":"Feature","properties":{"art":"restaurant","name":"Pomodoro"},"geometry":{"type":"Point","coordinates":[7.441965,46.948943]}},{"type":"Feature","properties":{"art":"restaurant","name":"La Chouette"},"geometry":{"type":"Point","coordinates":[7.441635,46.951616]}},{"type":"Feature","properties":{"art":"restaurant","name":"Lamoon"},"geometry":{"type":"Point","coordinates":[7.432183,46.956894]}},{"type":"Feature","properties":{"art":"restaurant","name":"Japigo"},"geometry":{"type":"Point","coordinates":[7.44194,46.947738]}},{"type":"Feature","properties":{"art":"restaurant","name":"Hollyfood"},"geometry":{"type":"Point","coordinates":[7.450557,46.948131]}},{"type":"Feature","properties":{"art":"cafe","name":"Connect Bar and Food"},"geometry":{"type":"Point","coordinates":[7.449162,46.94837]}},{"type":"Feature","properties":{"art":"restaurant","name":"Drei Eidgenossen"},"geometry":{"type":"Point","coordinates":[7.448486,46.948347]}},{"type":"Feature","properties":{"art":"restaurant","name":"Le Pavillon"},"geometry":{"type":"Point","coordinates":[7.440064,46.934235]}},{"type":"Feature","properties":{"art":"bar","name":"Au Trappiste"},"geometry":{"type":"Point","coordinates":[7.448929,46.948676]}},{"type":"Feature","properties":{"art":"restaurant","name":"Bonbec Bern"},"geometry":{"type":"Point","coordinates":[7.449655,46.948666]}},{"type":"Feature","properties":{"art":"bar","name":"Comeback"},"geometry":{"type":"Point","coordinates":[7.449834,46.948598]}},{"type":"Feature","properties":{"art":"restaurant","name":"sua"},"geometry":{"type":"Point","coordinates":[7.448719,46.947573]}},{"type":"Feature","properties":{"art":"restaurant","name":"Klötzlikeller"},"geometry":{"type":"Point","coordinates":[7.453367,46.948314]}},{"type":"Feature","properties":{"art":"restaurant","name":"Wein & Sein"},"geometry":{"type":"Point","coordinates":[7.449647,46.947586]}},{"type":"Feature","properties":{"art":"restaurant","name":"Mattehof Gastronomie"},"geometry":{"type":"Point","coordinates":[7.432331,46.943444]}},{"type":"Feature","properties":{"art":"restaurant","name":"Bären"},"geometry":{"type":"Point","coordinates":[7.351046,46.933622]}},{"type":"Feature","properties":{"art":"bar","name":"Caffè Roma"},"geometry":{"type":"Point","coordinates":[7.442565,46.951457]}},{"type":"Feature","properties":{"art":"restaurant","name":"Piman thai"},"geometry":{"type":"Point","coordinates":[7.449802,46.947291]}},{"type":"Feature","properties":{"art":"bar","name":"Bellevue Bar"},"geometry":{"type":"Point","coordinates":[7.44652,46.946396]}},{"type":"Feature","properties":{"art":"restaurant","name":"Haus der Universität"},"geometry":{"type":"Point","coordinates":[7.432466,46.946784]}},{"type":"Feature","properties":{"art":"restaurant","name":"moment"},"geometry":{"type":"Point","coordinates":[7.453663,46.948466]}},{"type":"Feature","properties":{"art":"restaurant","name":"Arlequin"},"geometry":{"type":"Point","coordinates":[7.453609,46.948051]}},{"type":"Feature","properties":{"art":"cafe","name":"Café Alpin"},"geometry":{"type":"Point","coordinates":[7.454939,46.948317]}},{"type":"Feature","properties":{"art":"cafe","name":"Blue Cat"},"geometry":{"type":"Point","coordinates":[7.452763,46.947951]}},{"type":"Feature","properties":{"art":"bar","name":"JetLäg"},"geometry":{"type":"Point","coordinates":[7.453553,46.947961]}},{"type":"Feature","properties":{"art":"kunst","name":"Rathaushofbrunnen"},"geometry":{"type":"Point","coordinates":[7.452583,46.948732]}},{"type":"Feature","properties":{"art":"bar","name":"Dezent"},"geometry":{"type":"Point","coordinates":[7.474715,46.95641]}},{"type":"Feature","properties":{"art":"kunst","name":"capra ibex pimpenymgis"},"geometry":{"type":"Point","coordinates":[7.392788,46.942555]}},{"type":"Feature","properties":{"art":"kino","name":"Lichtspiel / Kinemathek"},"geometry":{"type":"Point","coordinates":[7.44214,46.940499]}},{"type":"Feature","properties":{"art":"cafe","name":"Einstein au jardin"},"geometry":{"type":"Point","coordinates":[7.452406,46.946553]}},{"type":"Feature","properties":{"art":"bibliothek","name":"Lese- und Spielpavillon Münsterplattform"},"geometry":{"type":"Point","coordinates":[7.451348,46.946479]}},{"type":"Feature","properties":{"art":"restaurant","name":"Sushi Bar"},"geometry":{"type":"Point","coordinates":[7.448686,46.947814]}},{"type":"Feature","properties":{"art":"cafe","name":"Rösterei Kaffee und Bar"},"geometry":{"type":"Point","coordinates":[7.43262,46.953513]}},{"type":"Feature","properties":{"art":"cafe","name":"Rösterei"},"geometry":{"type":"Point","coordinates":[7.415712,46.948384]}},{"type":"Feature","properties":{"art":"restaurant","name":"Il Ristorantino"},"geometry":{"type":"Point","coordinates":[7.433436,46.954219]}},{"type":"Feature","properties":{"art":"restaurant","name":"Restaurant Kleefeld"},"geometry":{"type":"Point","coordinates":[7.386576,46.937039]}},{"type":"Feature","properties":{"art":"bar","name":"Passion du vin"},"geometry":{"type":"Point","coordinates":[7.442287,46.94715]}},{"type":"Feature","properties":{"art":"restaurant","name":"toi et moi"},"geometry":{"type":"Point","coordinates":[7.439518,46.94827]}},{"type":"Feature","properties":{"art":"cafe","name":"Monnier"},"geometry":{"type":"Point","coordinates":[7.441788,46.947561]}},{"type":"Feature","properties":{"art":"restaurant","name":"Zamarod"},"geometry":{"type":"Point","coordinates":[7.453173,46.927767]}},{"type":"Feature","properties":{"art":"restaurant","name":"Joséphine Brasserie"},"geometry":{"type":"Point","coordinates":[7.439388,46.960959]}},{"type":"Feature","properties":{"art":"bar","name":"Marians Jazzroom"},"geometry":{"type":"Point","coordinates":[7.439514,46.961023]}},{"type":"Feature","properties":{"art":"cafe","name":"Café Paulus"},"geometry":{"type":"Point","coordinates":[7.429343,46.953387]}},{"type":"Feature","properties":{"art":"bar","name":"Cavatappi"},"geometry":{"type":"Point","coordinates":[7.436182,46.952973]}},{"type":"Feature","properties":{"art":"cafe","name":"Dara Hair"},"geometry":{"type":"Point","coordinates":[7.436132,46.943104]}},{"type":"Feature","properties":{"art":"restaurant","name":"Yalkottu"},"geometry":{"type":"Point","coordinates":[7.4811,46.955469]}},{"type":"Feature","properties":{"art":"restaurant","name":"Kramer"},"geometry":{"type":"Point","coordinates":[7.45161,46.948155]}},{"type":"Feature","properties":{"art":"kino","name":"splendid"},"geometry":{"type":"Point","coordinates":[7.441722,46.94858]}},{"type":"Feature","properties":{"art":"kino","name":"cineMovie 3"},"geometry":{"type":"Point","coordinates":[7.435215,46.946881]}},{"type":"Feature","properties":{"art":"kino","name":"cineMovie 2"},"geometry":{"type":"Point","coordinates":[7.435336,46.946917]}},{"type":"Feature","properties":{"art":"restaurant","name":"Tadim Grill"},"geometry":{"type":"Point","coordinates":[7.432672,46.936623]}},{"type":"Feature","properties":{"art":"restaurant","name":"Frohsinn"},"geometry":{"type":"Point","coordinates":[7.449459,46.947577]}},{"type":"Feature","properties":{"art":"restaurant","name":"Schmitte"},"geometry":{"type":"Point","coordinates":[7.48961,46.954663]}},{"type":"Feature","properties":{"art":"bar","name":"RIDE-IN"},"geometry":{"type":"Point","coordinates":[7.464713,46.918536]}},{"type":"Feature","properties":{"art":"restaurant","name":"Da Vito"},"geometry":{"type":"Point","coordinates":[7.427823,46.930652]}},{"type":"Feature","properties":{"art":"restaurant","name":"Pad Thai"},"geometry":{"type":"Point","coordinates":[7.454077,46.948136]}},{"type":"Feature","properties":{"art":"restaurant","name":"Maharaja Palace"},"geometry":{"type":"Point","coordinates":[7.441656,46.949673]}},{"type":"Feature","properties":{"art":"bibliothek","name":"Bibliothek im Berner Generationen Haus"},"geometry":{"type":"Point","coordinates":[7.439036,46.947853]}},{"type":"Feature","properties":{"art":"restaurant","name":"Kreuz"},"geometry":{"type":"Point","coordinates":[7.353715,46.971457]}},{"type":"Feature","properties":{"art":"bar","name":"Aerni Bar"},"geometry":{"type":"Point","coordinates":[7.441643,46.949919]}},{"type":"Feature","properties":{"art":"restaurant","name":"Cowboys"},"geometry":{"type":"Point","coordinates":[7.442289,46.950264]}},{"type":"Feature","properties":{"art":"bar","name":"Burgunder"},"geometry":{"type":"Point","coordinates":[7.443472,46.949883]}},{"type":"Feature","properties":{"art":"restaurant","name":"Huayuan"},"geometry":{"type":"Point","coordinates":[7.417265,46.941031]}},{"type":"Feature","properties":{"art":"restaurant","name":"Mondo"},"geometry":{"type":"Point","coordinates":[7.431141,46.954224]}},{"type":"Feature","properties":{"art":"restaurant","name":"Kesar"},"geometry":{"type":"Point","coordinates":[7.41113,46.949]}},{"type":"Feature","properties":{"art":"restaurant","name":"Noa"},"geometry":{"type":"Point","coordinates":[7.409669,46.9491]}},{"type":"Feature","properties":{"art":"restaurant","name":"Brunnenhof"},"geometry":{"type":"Point","coordinates":[7.412039,46.921731]}},{"type":"Feature","properties":{"art":"buehne","name":"Theater Matte"},"geometry":{"type":"Point","coordinates":[7.45806,46.949253]}},{"type":"Feature","properties":{"art":"restaurant","name":"Urs Hauri"},"geometry":{"type":"Point","coordinates":[7.445731,46.948607]}},{"type":"Feature","properties":{"art":"bar","name":"trybguet"},"geometry":{"type":"Point","coordinates":[7.448995,46.947803]}},{"type":"Feature","properties":{"art":"restaurant","name":"d'Abruzzo"},"geometry":{"type":"Point","coordinates":[7.48101,46.957547]}},{"type":"Feature","properties":{"art":"restaurant","name":"Asmara Restaurant"},"geometry":{"type":"Point","coordinates":[7.434027,46.956058]}},{"type":"Feature","properties":{"art":"bibliothek","name":"Schweizerische Nationalbibliothek"},"geometry":{"type":"Point","coordinates":[7.449621,46.941483]}},{"type":"Feature","properties":{"art":"bibliothek","name":"PTT-Archiv"},"geometry":{"type":"Point","coordinates":[7.41401,46.924014]}},{"type":"Feature","properties":{"art":"restaurant","name":"El Patrón"},"geometry":{"type":"Point","coordinates":[7.455818,46.940196]}},{"type":"Feature","properties":{"art":"bar","name":"Erzbierschof Krone"},"geometry":{"type":"Point","coordinates":[7.453014,46.948511]}},{"type":"Feature","properties":{"art":"kunst","name":"Ohne Titel"},"geometry":{"type":"Point","coordinates":[7.419771,46.929426]}},{"type":"Feature","properties":{"art":"bar","name":"Billard-Center City"},"geometry":{"type":"Point","coordinates":[7.435327,46.946806]}},{"type":"Feature","properties":{"art":"bar","name":"BeJazz"},"geometry":{"type":"Point","coordinates":[7.417644,46.934885]}},{"type":"Feature","properties":{"art":"restaurant","name":"Dschingis Mongolian Barbecue"},"geometry":{"type":"Point","coordinates":[7.415764,46.928869]}},{"type":"Feature","properties":{"art":"restaurant","name":"Venezia"},"geometry":{"type":"Point","coordinates":[7.398344,46.940862]}},{"type":"Feature","properties":{"art":"restaurant","name":"Suresh"},"geometry":{"type":"Point","coordinates":[7.456588,46.947523]}},{"type":"Feature","properties":{"art":"restaurant","name":"Take off"},"geometry":{"type":"Point","coordinates":[7.498916,46.915493]}},{"type":"Feature","properties":{"art":"restaurant","name":"daylis"},"geometry":{"type":"Point","coordinates":[7.385929,46.943021]}},{"type":"Feature","properties":{"art":"bar","name":"Silo Lounge"},"geometry":{"type":"Point","coordinates":[7.456311,46.946759]}},{"type":"Feature","properties":{"art":"kunst","name":"Skulpturale Interpretation des Aquarells von Paul Klee, labiler Wegweiser"},"geometry":{"type":"Point","coordinates":[7.473544,46.949259]}},{"type":"Feature","properties":{"art":"restaurant","name":"Pinseria Oro"},"geometry":{"type":"Point","coordinates":[7.409531,46.974415]}},{"type":"Feature","properties":{"art":"bar","name":"Zoo Bar"},"geometry":{"type":"Point","coordinates":[7.445523,46.959964]}},{"type":"Feature","properties":{"art":"kunst"},"geometry":{"type":"Point","coordinates":[7.419573,46.933118]}},{"type":"Feature","properties":{"art":"restaurant","name":"Tredicipercento"},"geometry":{"type":"Point","coordinates":[7.450751,46.948339]}},{"type":"Feature","properties":{"art":"cafe","name":"Café Charlie"},"geometry":{"type":"Point","coordinates":[7.491979,46.958456]}},{"type":"Feature","properties":{"art":"restaurant","name":"Namamen"},"geometry":{"type":"Point","coordinates":[7.437407,46.947952]}},{"type":"Feature","properties":{"art":"restaurant","name":"Chez SBB (Sole)"},"geometry":{"type":"Point","coordinates":[7.463129,46.967812]}},{"type":"Feature","properties":{"art":"cafe","name":"Chez SBB"},"geometry":{"type":"Point","coordinates":[7.463387,46.967963]}},{"type":"Feature","properties":{"art":"restaurant","name":"Chez SBB (Gira)"},"geometry":{"type":"Point","coordinates":[7.463131,46.968605]}},{"type":"Feature","properties":{"art":"restaurant","name":"Coop Restaurant"},"geometry":{"type":"Point","coordinates":[7.481554,46.974236]}},{"type":"Feature","properties":{"art":"bibliothek","name":"Gemeindebibliothek Ittigen"},"geometry":{"type":"Point","coordinates":[7.481035,46.974134]}},{"type":"Feature","properties":{"art":"bar","name":"Gaskessel"},"geometry":{"type":"Point","coordinates":[7.44238,46.938327]}},{"type":"Feature","properties":{"art":"restaurant","name":"Espace"},"geometry":{"type":"Point","coordinates":[7.461433,46.96734]}},{"type":"Feature","properties":{"art":"restaurant","name":"Cafeteria"},"geometry":{"type":"Point","coordinates":[7.483598,46.933484]}},{"type":"Feature","properties":{"art":"kunst","name":"Dürenmatt-Mansarde"},"geometry":{"type":"Point","coordinates":[7.464476,46.948688]}},{"type":"Feature","properties":{"art":"restaurant","name":"mensauno"},"geometry":{"type":"Point","coordinates":[7.444614,46.954853]}},{"type":"Feature","properties":{"art":"restaurant","name":"Restaurant 2B"},"geometry":{"type":"Point","coordinates":[7.446264,46.953693]}},{"type":"Feature","properties":{"art":"cafe","name":"Lumis Kaffeebar"},"geometry":{"type":"Point","coordinates":[7.435812,46.945997]}},{"type":"Feature","properties":{"art":"restaurant","name":"Gourmet Thai"},"geometry":{"type":"Point","coordinates":[7.395319,46.937277]}},{"type":"Feature","properties":{"art":"cafe","name":"Träffpunkt"},"geometry":{"type":"Point","coordinates":[7.389243,46.947494]}},{"type":"Feature","properties":{"art":"restaurant","name":"Restaurant BBL - Chez Gustave & Caffè Liscio"},"geometry":{"type":"Point","coordinates":[7.387915,46.946308]}},{"type":"Feature","properties":{"art":"restaurant","name":"Provisorium 46"},"geometry":{"type":"Point","coordinates":[7.429141,46.954401]}},{"type":"Feature","properties":{"art":"buehne","name":"Yehudi Menuhin Forum"},"geometry":{"type":"Point","coordinates":[7.447799,46.943762]}},{"type":"Feature","properties":{"art":"restaurant","name":"Vanakam"},"geometry":{"type":"Point","coordinates":[7.405762,46.943605]}},{"type":"Feature","properties":{"art":"restaurant","name":"Restaurant Rustica"},"geometry":{"type":"Point","coordinates":[7.420847,46.931594]}},{"type":"Feature","properties":{"art":"buehne","name":"Auditorium"},"geometry":{"type":"Point","coordinates":[7.474378,46.949533]}},{"type":"Feature","properties":{"art":"restaurant","name":"Culinarium"},"geometry":{"type":"Point","coordinates":[7.419761,46.931267]}},{"type":"Feature","properties":{"art":"restaurant","name":"Restaurant Muribad"},"geometry":{"type":"Point","coordinates":[7.490522,46.923669]}},{"type":"Feature","properties":{"art":"restaurant","name":"Hua Guan"},"geometry":{"type":"Point","coordinates":[7.463927,46.962897]}},{"type":"Feature","properties":{"art":"kunst","name":"Fuchsbrunnen"},"geometry":{"type":"Point","coordinates":[7.428549,46.935527]}},{"type":"Feature","properties":{"art":"restaurant","name":"Taj"},"geometry":{"type":"Point","coordinates":[7.431099,46.953935]}},{"type":"Feature","properties":{"art":"buehne","name":"Junge Bühne Bern"},"geometry":{"type":"Point","coordinates":[7.445526,46.940014]}},{"type":"Feature","properties":{"art":"museum","name":"Kindermuseum Creaviva"},"geometry":{"type":"Point","coordinates":[7.473901,46.949434]}},{"type":"Feature","properties":{"art":"cafe","name":"Caffè Bar Sempre Berna"},"geometry":{"type":"Point","coordinates":[7.425684,46.944744]}},{"type":"Feature","properties":{"art":"restaurant","name":"Ponte Nuovo"},"geometry":{"type":"Point","coordinates":[7.436292,46.958128]}},{"type":"Feature","properties":{"art":"bibliothek","name":"Bibliothek Pflanzenwissenschaft"},"geometry":{"type":"Point","coordinates":[7.445319,46.953519]}},{"type":"Feature","properties":{"art":"bibliothek","name":"Bibliothek Christkatholische Theologie"},"geometry":{"type":"Point","coordinates":[7.429824,46.954682]}},{"type":"Feature","properties":{"art":"bibliothek","name":"Bibliothek Evangelische Theologie"},"geometry":{"type":"Point","coordinates":[7.429999,46.954575]}},{"type":"Feature","properties":{"art":"buehne","name":"Zytglogge-Theater"},"geometry":{"type":"Point","coordinates":[7.447097,46.948208]}},{"type":"Feature","properties":{"art":"buehne","name":"Tanzlounge"},"geometry":{"type":"Point","coordinates":[7.442494,46.949216]}},{"type":"Feature","properties":{"art":"buehne","name":"Katakömbli"},"geometry":{"type":"Point","coordinates":[7.450918,46.947777]}},{"type":"Feature","properties":{"art":"restaurant","name":"Löscher"},"geometry":{"type":"Point","coordinates":[7.45214,46.954583]}},{"type":"Feature","properties":{"art":"bar","name":"Kulturspinnerei"},"geometry":{"type":"Point","coordinates":[7.441501,46.968778]}},{"type":"Feature","properties":{"art":"buehne","name":"Dance Loft"},"geometry":{"type":"Point","coordinates":[7.43633,46.926433]}},{"type":"Feature","properties":{"art":"museum","name":"Klingendes Museum Bern"},"geometry":{"type":"Point","coordinates":[7.449234,46.948125]}},{"type":"Feature","properties":{"art":"restaurant","name":"Ambiente"},"geometry":{"type":"Point","coordinates":[7.428458,46.949121]}},{"type":"Feature","properties":{"art":"restaurant","name":"Little Panda"},"geometry":{"type":"Point","coordinates":[7.427628,46.945812]}},{"type":"Feature","properties":{"art":"bibliothek","name":"Bibliothek Köniz"},"geometry":{"type":"Point","coordinates":[7.416016,46.922602]}},{"type":"Feature","properties":{"art":"bibliothek","name":"Alliance Sud InfoDoc Bern"},"geometry":{"type":"Point","coordinates":[7.43623,46.943818]}},{"type":"Feature","properties":{"art":"bar","name":"Waldbistro Chindertroum"},"geometry":{"type":"Point","coordinates":[7.425306,46.936049]}},{"type":"Feature","properties":{"art":"kunst","name":"Anker-Stiel"},"geometry":{"type":"Point","coordinates":[7.438402,46.91933]}},{"type":"Feature","properties":{"art":"kunst","name":"Vier Mann"},"geometry":{"type":"Point","coordinates":[7.43872,46.919205]}},{"type":"Feature","properties":{"art":"restaurant","name":"La Tribuna"},"geometry":{"type":"Point","coordinates":[7.414631,46.947164]}},{"type":"Feature","properties":{"art":"buehne","name":"Grosse Halle"},"geometry":{"type":"Point","coordinates":[7.440826,46.953019]}},{"type":"Feature","properties":{"art":"buehne","name":"Salsacademia"},"geometry":{"type":"Point","coordinates":[7.431593,46.941969]}},{"type":"Feature","properties":{"art":"cafe","name":"Caffè Bar Riva"},"geometry":{"type":"Point","coordinates":[7.46407,46.94372]}},{"type":"Feature","properties":{"art":"bibliothek","name":"Bibliothek Campus Muristalden"},"geometry":{"type":"Point","coordinates":[7.459358,46.944042]}},{"type":"Feature","properties":{"art":"restaurant","name":"Da Keli"},"geometry":{"type":"Point","coordinates":[7.447453,46.946631]}},{"type":"Feature","properties":{"art":"cafe","name":"BEGH Café Bar"},"geometry":{"type":"Point","coordinates":[7.439152,46.947676]}},{"type":"Feature","properties":{"art":"buehne","name":"Casino Bern"},"geometry":{"type":"Point","coordinates":[7.44849,46.946902]}},{"type":"Feature","properties":{"art":"treff","name":"Quartierwerkstatt Viktoria"},"geometry":{"type":"Point","coordinates":[7.452613,46.954834]}},{"type":"Feature","properties":{"art":"restaurant","name":"Bollyfood Restaurant & Takeaway"},"geometry":{"type":"Point","coordinates":[7.417353,46.933194]}},{"type":"Feature","properties":{"art":"restaurant","name":"Restaurant Sinfonie"},"geometry":{"type":"Point","coordinates":[7.417259,46.923708]}},{"type":"Feature","properties":{"art":"kunst","name":"Giardino"},"geometry":{"type":"Point","coordinates":[7.439419,46.919278]}},{"type":"Feature","properties":{"art":"kunst"},"geometry":{"type":"Point","coordinates":[7.427403,46.931389]}},{"type":"Feature","properties":{"art":"cafe","name":"Weinkabinett Bergdorf"},"geometry":{"type":"Point","coordinates":[7.450073,46.947171]}},{"type":"Feature","properties":{"art":"kunst","name":"Stengel mit Nudeln"},"geometry":{"type":"Point","coordinates":[7.439265,46.919043]}},{"type":"Feature","properties":{"art":"bar","name":"Braubar"},"geometry":{"type":"Point","coordinates":[7.392965,46.941229]}},{"type":"Feature","properties":{"art":"restaurant","name":"bimano zent"},"geometry":{"type":"Point","coordinates":[7.472765,46.958839]}},{"type":"Feature","properties":{"art":"treff","name":"Quartierzentrum Wylerhuus"},"geometry":{"type":"Point","coordinates":[7.452723,46.964237]}},{"type":"Feature","properties":{"art":"cafe"},"geometry":{"type":"Point","coordinates":[7.477793,46.983309]}},{"type":"Feature","properties":{"art":"badi","name":"Hallenbad Kappelisacker"},"geometry":{"type":"Point","coordinates":[7.477544,46.982593]}},{"type":"Feature","properties":{"art":"bibliothek","name":"Gemeindebibliothek und Ludothek Ostermundigen"},"geometry":{"type":"Point","coordinates":[7.490747,46.958068]}},{"type":"Feature","properties":{"art":"bar","name":"Ida"},"geometry":{"type":"Point","coordinates":[7.428427,46.938801]}},{"type":"Feature","properties":{"art":"restaurant","name":"Prima Luna"},"geometry":{"type":"Point","coordinates":[7.429049,46.945982]}},{"type":"Feature","properties":{"art":"bar","name":"Old City Irish Pub"},"geometry":{"type":"Point","coordinates":[7.45081,46.948122]}},{"type":"Feature","properties":{"art":"kunst","name":"Kelch, symmetrisch"},"geometry":{"type":"Point","coordinates":[7.448901,46.934828]}},{"type":"Feature","properties":{"art":"bar","name":"Leos-Bar"},"geometry":{"type":"Point","coordinates":[7.445695,46.949056]}},{"type":"Feature","properties":{"art":"kunst"},"geometry":{"type":"Point","coordinates":[7.420781,46.938749]}},{"type":"Feature","properties":{"art":"restaurant","name":"Bay"},"geometry":{"type":"Point","coordinates":[7.4429,46.951547]}},{"type":"Feature","properties":{"art":"treff","name":"SOML"},"geometry":{"type":"Point","coordinates":[7.463796,46.9443]}},{"type":"Feature","properties":{"art":"restaurant","name":"Hirschen"},"geometry":{"type":"Point","coordinates":[7.360419,46.915763]}},{"type":"Feature","properties":{"art":"museum","name":"Medizinsammlung Inselspital Bern"},"geometry":{"type":"Point","coordinates":[7.425422,46.94983]}},{"type":"Feature","properties":{"art":"kunst","name":"Brunnen Marzilischulhaus / Das Geheimnis"},"geometry":{"type":"Point","coordinates":[7.440984,46.942336]}},{"type":"Feature","properties":{"art":"restaurant","name":"ZFV Restaurant Parkside"},"geometry":{"type":"Point","coordinates":[7.418073,46.932887]}},{"type":"Feature","properties":{"art":"museum","name":"Galerie 3000"},"geometry":{"type":"Point","coordinates":[7.443886,46.950195]}},{"type":"Feature","properties":{"art":"restaurant","name":"Tab-Tim Thai"},"geometry":{"type":"Point","coordinates":[7.449294,46.947353]}},{"type":"Feature","properties":{"art":"kunst","name":"Hofbrunnen Markuskirche / Die kluge und die törichte Jungfrau"},"geometry":{"type":"Point","coordinates":[7.456582,46.963167]}},{"type":"Feature","properties":{"art":"bar","name":"Delinat-Weinbar"},"geometry":{"type":"Point","coordinates":[7.441783,46.947647]}},{"type":"Feature","properties":{"art":"kunst","name":"Favorite-Nischenbrunnen / Blaugrüner Blick"},"geometry":{"type":"Point","coordinates":[7.432448,46.950516]}},{"type":"Feature","properties":{"art":"kunst","name":"Hofbrunnen Stapfenackerschulhaus / Spielende Kinder mit Hund"},"geometry":{"type":"Point","coordinates":[7.383938,46.944246]}},{"type":"Feature","properties":{"art":"restaurant","name":"Freibank"},"geometry":{"type":"Point","coordinates":[7.460005,46.967348]}},{"type":"Feature","properties":{"art":"kunst"},"geometry":{"type":"Point","coordinates":[7.431947,46.953267]}},{"type":"Feature","properties":{"art":"bar","name":"Matte Brennerei Bar"},"geometry":{"type":"Point","coordinates":[7.456684,46.946925]}},{"type":"Feature","properties":{"art":"restaurant","name":"Clé de Berne"},"geometry":{"type":"Point","coordinates":[7.441027,46.947191]}},{"type":"Feature","properties":{"art":"bar","name":"West Cafe Bar"},"geometry":{"type":"Point","coordinates":[7.394292,46.947959]}},{"type":"Feature","properties":{"art":"restaurant","name":"Bistro Breiten"},"geometry":{"type":"Point","coordinates":[7.448651,46.956789]}},{"type":"Feature","properties":{"art":"bar","name":"Rollers"},"geometry":{"type":"Point","coordinates":[7.432487,46.953989]}},{"type":"Feature","properties":{"art":"restaurant","name":"The Bristol Lounge"},"geometry":{"type":"Point","coordinates":[7.442678,46.947525]}},{"type":"Feature","properties":{"art":"restaurant","name":"Restaurant Höhe"},"geometry":{"type":"Point","coordinates":[7.396075,46.94206]}},{"type":"Feature","properties":{"art":"restaurant","name":"AVI Restaurant"},"geometry":{"type":"Point","coordinates":[7.389999,46.939314]}},{"type":"Feature","properties":{"art":"kunst","name":"Gewerbeschulebrunnen"},"geometry":{"type":"Point","coordinates":[7.444919,46.954629]}},{"type":"Feature","properties":{"art":"cafe","name":"Park Café"},"geometry":{"type":"Point","coordinates":[7.380833,46.946673]}},{"type":"Feature","properties":{"art":"restaurant","name":"Tuy’s Thai Restaurant & Take Away"},"geometry":{"type":"Point","coordinates":[7.416379,46.924765]}},{"type":"Feature","properties":{"art":"restaurant","name":"Sole"},"geometry":{"type":"Point","coordinates":[7.425749,46.946742]}},{"type":"Feature","properties":{"art":"cafe","name":"Fiori"},"geometry":{"type":"Point","coordinates":[7.422708,46.948778]}},{"type":"Feature","properties":{"art":"restaurant","name":"Restaurant Engehalde"},"geometry":{"type":"Point","coordinates":[7.439913,46.956823]}},{"type":"Feature","properties":{"art":"cafe","name":"Mira"},"geometry":{"type":"Point","coordinates":[7.43307,46.953015]}},{"type":"Feature","properties":{"art":"cafe","name":"Hibiscus Cafe"},"geometry":{"type":"Point","coordinates":[7.401561,46.942924]}},{"type":"Feature","properties":{"art":"kunst"},"geometry":{"type":"Point","coordinates":[7.416895,46.922549]}},{"type":"Feature","properties":{"art":"museum","name":"Polit-Forum Bern"},"geometry":{"type":"Point","coordinates":[7.443942,46.948138]}},{"type":"Feature","properties":{"art":"bibliothek","name":"Bibliothek Holligen"},"geometry":{"type":"Point","coordinates":[7.415029,46.947461]}},{"type":"Feature","properties":{"art":"restaurant","name":"Massimo Pizza Express"},"geometry":{"type":"Point","coordinates":[7.387097,46.93348]}},{"type":"Feature","properties":{"art":"restaurant","name":"ZOE"},"geometry":{"type":"Point","coordinates":[7.450145,46.947377]}},{"type":"Feature","properties":{"art":"kunst","name":"Büste Theodor Kocher"},"geometry":{"type":"Point","coordinates":[7.433922,46.946837]}},{"type":"Feature","properties":{"art":"cafe","name":"Coffee Fellows"},"geometry":{"type":"Point","coordinates":[7.443454,46.947478]}},{"type":"Feature","properties":{"art":"cafe","name":"Kafi am Bundesplatz"},"geometry":{"type":"Point","coordinates":[7.443079,46.947265]}},{"type":"Feature","properties":{"art":"kunst","name":"aaruf - aarab"},"geometry":{"type":"Point","coordinates":[7.449669,46.934261]}},{"type":"Feature","properties":{"art":"museum","name":"Freimaurer Museum Schweiz"},"geometry":{"type":"Point","coordinates":[7.48564,46.93812]}},{"type":"Feature","properties":{"art":"kunst","name":"Büste Theodor Kocher"},"geometry":{"type":"Point","coordinates":[7.4262,46.947589]}},{"type":"Feature","properties":{"art":"restaurant","name":"Mannan‘s"},"geometry":{"type":"Point","coordinates":[7.427599,46.955376]}},{"type":"Feature","properties":{"art":"restaurant","name":"Vierte Wand"},"geometry":{"type":"Point","coordinates":[7.44663,46.949147]}},{"type":"Feature","properties":{"art":"museum","name":"\"Lots of Walls of Z\" Kore Gallery"},"geometry":{"type":"Point","coordinates":[7.433622,46.931532]}},{"type":"Feature","properties":{"art":"bar","name":"Zsa Zsa"},"geometry":{"type":"Point","coordinates":[7.449989,46.948846]}},{"type":"Feature","properties":{"art":"cafe","name":"D’s Kafi"},"geometry":{"type":"Point","coordinates":[7.428756,46.930522]}},{"type":"Feature","properties":{"art":"bibliothek","name":"Mediothek Gymnasium Neufeld"},"geometry":{"type":"Point","coordinates":[7.429292,46.959196]}},{"type":"Feature","properties":{"art":"kunst"},"geometry":{"type":"Point","coordinates":[7.428716,46.958926]}},{"type":"Feature","properties":{"art":"kunst"},"geometry":{"type":"Point","coordinates":[7.42894,46.95911]}},{"type":"Feature","properties":{"art":"kunst"},"geometry":{"type":"Point","coordinates":[7.428893,46.959082]}},{"type":"Feature","properties":{"art":"cafe","name":"Phil's Coffee to Go"},"geometry":{"type":"Point","coordinates":[7.451619,46.962492]}},{"type":"Feature","properties":{"art":"cafe","name":"Bistro zytlos"},"geometry":{"type":"Point","coordinates":[7.446791,46.957178]}},{"type":"Feature","properties":{"art":"cafe","name":"Coffee Fellows"},"geometry":{"type":"Point","coordinates":[7.436531,46.947955]}},{"type":"Feature","properties":{"art":"restaurant","name":"the flow"},"geometry":{"type":"Point","coordinates":[7.436576,46.947845]}},{"type":"Feature","properties":{"art":"cafe","name":"Café & Kiosk Mara"},"geometry":{"type":"Point","coordinates":[7.41437,46.943965]}},{"type":"Feature","properties":{"art":"kunst","name":"Hic Terminus Haeret"},"geometry":{"type":"Point","coordinates":[7.43832,46.91943]}},{"type":"Feature","properties":{"art":"bibliothek","name":"Bibliothek Soziale Arbeit"},"geometry":{"type":"Point","coordinates":[7.434917,46.95259]}},{"type":"Feature","properties":{"art":"bibliothek","name":"Bibliothek Lerchenweg"},"geometry":{"type":"Point","coordinates":[7.430219,46.953769]}},{"type":"Feature","properties":{"art":"bibliothek","name":"Bibliothek Mittelstrasse"},"geometry":{"type":"Point","coordinates":[7.4358,46.955498]}},{"type":"Feature","properties":{"art":"bibliothek","name":"Bibliothek Sportwissenschaft"},"geometry":{"type":"Point","coordinates":[7.432423,46.961977]}},{"type":"Feature","properties":{"art":"bibliothek","name":"Bibliothek Münstergasse"},"geometry":{"type":"Point","coordinates":[7.449029,46.947318]}},{"type":"Feature","properties":{"art":"cafe","name":"Lesbar"},"geometry":{"type":"Point","coordinates":[7.448719,46.947348]}},{"type":"Feature","properties":{"art":"bibliothek","name":"Bibliothek Wirtschaftswissenschaften"},"geometry":{"type":"Point","coordinates":[7.435982,46.950197]}},{"type":"Feature","properties":{"art":"bibliothek","name":"Bibliothek Vetsuisse"},"geometry":{"type":"Point","coordinates":[7.426928,46.956407]}},{"type":"Feature","properties":{"art":"bibliothek","name":"Bibliothek Medizingeschichte"},"geometry":{"type":"Point","coordinates":[7.429731,46.951633]}},{"type":"Feature","properties":{"art":"restaurant","name":"căntin eatery"},"geometry":{"type":"Point","coordinates":[7.449269,46.948336]}},{"type":"Feature","properties":{"art":"bibliothek","name":"Bibliothek Gesundheit"},"geometry":{"type":"Point","coordinates":[7.427269,46.948699]}},{"type":"Feature","properties":{"art":"buehne","name":"Puppentheater"},"geometry":{"type":"Point","coordinates":[7.454421,46.948143]}},{"type":"Feature","properties":{"art":"restaurant","name":"Dreigänger"},"geometry":{"type":"Point","coordinates":[7.419814,46.932829]}},{"type":"Feature","properties":{"art":"bar","name":"Department 66"},"geometry":{"type":"Point","coordinates":[7.449002,46.948613]}},{"type":"Feature","properties":{"art":"restaurant","name":"Migros Restaurant"},"geometry":{"type":"Point","coordinates":[7.496087,46.95696]}},{"type":"Feature","properties":{"art":"restaurant","name":"daylis"},"geometry":{"type":"Point","coordinates":[7.440659,46.94066]}},{"type":"Feature","properties":{"art":"restaurant","name":"Krua Thailand"},"geometry":{"type":"Point","coordinates":[7.431042,46.931226]}},{"type":"Feature","properties":{"art":"restaurant","name":"Casa Schwellenmätteli"},"geometry":{"type":"Point","coordinates":[7.449523,46.945019]}},{"type":"Feature","properties":{"art":"museum","name":"Skolovski Art"},"geometry":{"type":"Point","coordinates":[7.433981,46.953949]}},{"type":"Feature","properties":{"art":"bar","name":"Jailbar"},"geometry":{"type":"Point","coordinates":[7.453473,46.947956]}},{"type":"Feature","properties":{"art":"bar","name":"eniline"},"geometry":{"type":"Point","coordinates":[7.452515,46.947648]}},{"type":"Feature","properties":{"art":"restaurant","name":"Stella"},"geometry":{"type":"Point","coordinates":[7.424495,46.948861]}},{"type":"Feature","properties":{"art":"kunst","name":"Kugelfigur mit Rad"},"geometry":{"type":"Point","coordinates":[7.439905,46.918198]}},{"type":"Feature","properties":{"art":"kunst","name":"Silvester"},"geometry":{"type":"Point","coordinates":[7.440478,46.917848]}},{"type":"Feature","properties":{"art":"kunst","name":"Kugelfigur mit Kette"},"geometry":{"type":"Point","coordinates":[7.439883,46.918201]}},{"type":"Feature","properties":{"art":"bibliothek","name":"Bibliothek HAFL"},"geometry":{"type":"Point","coordinates":[7.467917,46.9918]}},{"type":"Feature","properties":{"art":"restaurant","name":"Restaurant Tramway"},"geometry":{"type":"Point","coordinates":[7.390422,46.941552]}},{"type":"Feature","properties":{"art":"restaurant","name":"Ka-We-De"},"geometry":{"type":"Point","coordinates":[7.447238,46.935112]}},{"type":"Feature","properties":{"art":"restaurant","name":"Aspendos Pizzeria"},"geometry":{"type":"Point","coordinates":[7.4868,46.957395]}},{"type":"Feature","properties":{"art":"restaurant","name":"Coop"},"geometry":{"type":"Point","coordinates":[7.483573,46.955666]}},{"type":"Feature","properties":{"art":"bibliothek","name":"Bibliothek Gäbelbach"},"geometry":{"type":"Point","coordinates":[7.376721,46.948617]}},{"type":"Feature","properties":{"art":"treff","name":"Zwischenraum Weissenstein"},"geometry":{"type":"Point","coordinates":[7.419447,46.937847]}},{"type":"Feature","properties":{"art":"restaurant","name":"Pizzeria Neufeld"},"geometry":{"type":"Point","coordinates":[7.431019,46.960338]}},{"type":"Feature","properties":{"art":"bibliothek","name":"Bibliothek Wirtschaft"},"geometry":{"type":"Point","coordinates":[7.440582,46.942427]}},{"type":"Feature","properties":{"art":"restaurant","name":"Artigiano"},"geometry":{"type":"Point","coordinates":[7.442767,46.948536]}},{"type":"Feature","properties":{"art":"restaurant","name":"San Gottardo"},"geometry":{"type":"Point","coordinates":[7.443561,46.949565]}},{"type":"Feature","properties":{"art":"bar","name":"Sportbar Bärn"},"geometry":{"type":"Point","coordinates":[7.448917,46.936338]}},{"type":"Feature","properties":{"art":"restaurant","name":"Phayao"},"geometry":{"type":"Point","coordinates":[7.449757,46.929297]}},{"type":"Feature","properties":{"art":"restaurant","name":"Jojo's"},"geometry":{"type":"Point","coordinates":[7.448418,46.929854]}},{"type":"Feature","properties":{"art":"restaurant","name":"Mensa Gesellschaftsstrasse"},"geometry":{"type":"Point","coordinates":[7.438333,46.951785]}},{"type":"Feature","properties":{"art":"bar","name":"Migu’s"},"geometry":{"type":"Point","coordinates":[7.43735,46.946369]}},{"type":"Feature","properties":{"art":"restaurant","name":"Manora"},"geometry":{"type":"Point","coordinates":[7.446651,46.948173]}},{"type":"Feature","properties":{"art":"bar","name":"3018 Bar"},"geometry":{"type":"Point","coordinates":[7.391112,46.941921]}},{"type":"Feature","properties":{"art":"kunst"},"geometry":{"type":"Point","coordinates":[7.426149,46.938007]}},{"type":"Feature","properties":{"art":"restaurant","name":"Cafeteria Chemie"},"geometry":{"type":"Point","coordinates":[7.429187,46.952736]}},{"type":"Feature","properties":{"art":"restaurant","name":"Spiga"},"geometry":{"type":"Point","coordinates":[7.37346,46.944127]}},{"type":"Feature","properties":{"art":"restaurant","name":"Tara Indian Cuisine"},"geometry":{"type":"Point","coordinates":[7.373185,46.944312]}},{"type":"Feature","properties":{"art":"restaurant","name":"Negishi"},"geometry":{"type":"Point","coordinates":[7.438023,46.947992]}},{"type":"Feature","properties":{"art":"bar","name":"Bim Nachbar"},"geometry":{"type":"Point","coordinates":[7.416272,46.926485]}},{"type":"Feature","properties":{"art":"restaurant","name":"Nordring"},"geometry":{"type":"Point","coordinates":[7.45773,46.964163]}},{"type":"Feature","properties":{"art":"restaurant","name":"Gurtenblick"},"geometry":{"type":"Point","coordinates":[7.429705,46.948995]}},{"type":"Feature","properties":{"art":"restaurant","name":"Buffet Nord"},"geometry":{"type":"Point","coordinates":[7.391299,46.946903]}},{"type":"Feature","properties":{"art":"restaurant","name":"Migros Restaurant"},"geometry":{"type":"Point","coordinates":[7.453728,46.958236]}},{"type":"Feature","properties":{"art":"buehne","name":"Artem Zharalie Schule für Bewegung & Tanz"},"geometry":{"type":"Point","coordinates":[7.428623,46.943661]}},{"type":"Feature","properties":{"art":"restaurant","name":"Fabrique28"},"geometry":{"type":"Point","coordinates":[7.435664,46.943916]}},{"type":"Feature","properties":{"art":"restaurant","name":"Queen's Bread"},"geometry":{"type":"Point","coordinates":[7.43168,46.942496]}},{"type":"Feature","properties":{"art":"restaurant","name":"Bro's Pizza & Kebab Haus"},"geometry":{"type":"Point","coordinates":[7.415824,46.932865]}},{"type":"Feature","properties":{"art":"restaurant","name":"Arcobaleno"},"geometry":{"type":"Point","coordinates":[7.457254,46.992371]}},{"type":"Feature","properties":{"art":"restaurant","name":"Flavour Kitchen"},"geometry":{"type":"Point","coordinates":[7.427556,46.947661]}},{"type":"Feature","properties":{"art":"kunst","name":"ewb Bürste"},"geometry":{"type":"Point","coordinates":[7.404638,46.945833]}},{"type":"Feature","properties":{"art":"kunst","name":"The Guardian"},"geometry":{"type":"Point","coordinates":[7.455437,46.933675]}},{"type":"Feature","properties":{"art":"restaurant","name":"Badi-Restaurant"},"geometry":{"type":"Point","coordinates":[7.411061,46.919672]}},{"type":"Feature","properties":{"art":"buehne","name":"Heubühne / Alpakahof"},"geometry":{"type":"Point","coordinates":[7.408845,46.988112]}},{"type":"Feature","properties":{"art":"kunst"},"geometry":{"type":"Point","coordinates":[7.424476,46.950238]}},{"type":"Feature","properties":{"art":"bar","name":"Rocket"},"geometry":{"type":"Point","coordinates":[7.441169,46.949596]}},{"type":"Feature","properties":{"art":"restaurant","name":"Tibits"},"geometry":{"type":"Point","coordinates":[7.440336,46.94867]}},{"type":"Feature","properties":{"art":"kunst","name":"Robert Grimm"},"geometry":{"type":"Point","coordinates":[7.422182,46.950596]}},{"type":"Feature","properties":{"art":"restaurant","name":"Petit Couteau"},"geometry":{"type":"Point","coordinates":[7.43676,46.945435]}},{"type":"Feature","properties":{"art":"restaurant","name":"Oishii"},"geometry":{"type":"Point","coordinates":[7.441528,46.949715]}},{"type":"Feature","properties":{"art":"cafe","name":"Bahnhöfli"},"geometry":{"type":"Point","coordinates":[7.439029,46.919337]}},{"type":"Feature","properties":{"art":"restaurant","name":"Star Kebab"},"geometry":{"type":"Point","coordinates":[7.42759,46.948115]}},{"type":"Feature","properties":{"art":"kunst"},"geometry":{"type":"Point","coordinates":[7.429411,46.946278]}},{"type":"Feature","properties":{"art":"treff","name":"Mehrzweckraum Einfamilienhausgenossenschaft Altikofen-Worblaufen"},"geometry":{"type":"Point","coordinates":[7.462429,46.980975]}},{"type":"Feature","properties":{"art":"restaurant","name":"Gasthof zum Jäger"},"geometry":{"type":"Point","coordinates":[7.308276,46.991827]}},{"type":"Feature","properties":{"art":"restaurant","name":"Restaurant Sternen"},"geometry":{"type":"Point","coordinates":[7.314794,46.981989]}},{"type":"Feature","properties":{"art":"bar","name":"Sternen Bar"},"geometry":{"type":"Point","coordinates":[7.314476,46.982114]}},{"type":"Feature","properties":{"art":"restaurant","name":"Noumi"},"geometry":{"type":"Point","coordinates":[7.446811,46.946316]}},{"type":"Feature","properties":{"art":"restaurant","name":"Bistro Medi"},"geometry":{"type":"Point","coordinates":[7.464386,46.966333]}},{"type":"Feature","properties":{"art":"bar","name":"Asino"},"geometry":{"type":"Point","coordinates":[7.448001,46.947423]}},{"type":"Feature","properties":{"art":"restaurant","name":"Missione Cattolica Italiana"},"geometry":{"type":"Point","coordinates":[7.434578,46.94106]}},{"type":"Feature","properties":{"art":"cafe","name":"Drip Roasters"},"geometry":{"type":"Point","coordinates":[7.431263,46.941795]}},{"type":"Feature","properties":{"art":"restaurant","name":"Williams ButchersTable"},"geometry":{"type":"Point","coordinates":[7.441585,46.947088]}},{"type":"Feature","properties":{"art":"restaurant","name":"Injera"},"geometry":{"type":"Point","coordinates":[7.433898,46.954323]}},{"type":"Feature","properties":{"art":"cafe","name":"Kafi Pfyfouter"},"geometry":{"type":"Point","coordinates":[7.454375,46.95977]}},{"type":"Feature","properties":{"art":"restaurant","name":"Restaurant Werkhof"},"geometry":{"type":"Point","coordinates":[7.414572,46.935215]}},{"type":"Feature","properties":{"art":"buehne","name":"Sphinx"},"geometry":{"type":"Point","coordinates":[7.455616,46.963679]}},{"type":"Feature","properties":{"art":"restaurant","name":"nom nom"},"geometry":{"type":"Point","coordinates":[7.453851,46.96013]}},{"type":"Feature","properties":{"art":"restaurant","name":"Migros Restaurant"},"geometry":{"type":"Point","coordinates":[7.373647,46.945714]}},{"type":"Feature","properties":{"art":"kunst","name":"Step"},"geometry":{"type":"Point","coordinates":[7.445656,46.953034]}},{"type":"Feature","properties":{"art":"restaurant","name":"Yooji's"},"geometry":{"type":"Point","coordinates":[7.372942,46.944022]}},{"type":"Feature","properties":{"art":"restaurant","name":"Da Rina"},"geometry":{"type":"Point","coordinates":[7.430627,46.940787]}},{"type":"Feature","properties":{"art":"kunst","name":"Raumwinkel horizontal"},"geometry":{"type":"Point","coordinates":[7.452696,46.974495]}},{"type":"Feature","properties":{"art":"restaurant","name":"Hallers Brasserie"},"geometry":{"type":"Point","coordinates":[7.436636,46.953727]}},{"type":"Feature","properties":{"art":"kunst"},"geometry":{"type":"Point","coordinates":[7.432593,46.961701]}},{"type":"Feature","properties":{"art":"restaurant","name":"Nooch"},"geometry":{"type":"Point","coordinates":[7.374432,46.94467]}},{"type":"Feature","properties":{"art":"restaurant","name":"Migros Restaurant"},"geometry":{"type":"Point","coordinates":[7.383302,46.947568]}},{"type":"Feature","properties":{"art":"treff","name":"de_block"},"geometry":{"type":"Point","coordinates":[7.389447,46.948548]}},{"type":"Feature","properties":{"art":"treff","name":"Träffer"},"geometry":{"type":"Point","coordinates":[7.466515,46.947998]}},{"type":"Feature","properties":{"art":"cafe","name":"Café Träffer"},"geometry":{"type":"Point","coordinates":[7.46645,46.94793]}},{"type":"Feature","properties":{"art":"kunst","name":"Grün-Bär"},"geometry":{"type":"Point","coordinates":[7.431104,46.952106]}},{"type":"Feature","properties":{"art":"bar","name":"Prozess Kultur & Bar"},"geometry":{"type":"Point","coordinates":[7.411142,46.946515]}},{"type":"Feature","properties":{"art":"museum","name":"Kulturmuseum Bern"},"geometry":{"type":"Point","coordinates":[7.450384,46.959184]}},{"type":"Feature","properties":{"art":"restaurant","name":"Luna"},"geometry":{"type":"Point","coordinates":[7.464491,46.968651]}},{"type":"Feature","properties":{"art":"restaurant","name":"Turbo Lama"},"geometry":{"type":"Point","coordinates":[7.464027,46.968265]}},{"type":"Feature","properties":{"art":"restaurant","name":"India Town"},"geometry":{"type":"Point","coordinates":[7.416711,46.928454]}},{"type":"Feature","properties":{"art":"kunst"},"geometry":{"type":"Point","coordinates":[7.421769,46.953008]}},{"type":"Feature","properties":{"art":"buehne","name":"kulturpunkt"},"geometry":{"type":"Point","coordinates":[7.442958,46.950318]}},{"type":"Feature","properties":{"art":"restaurant","name":"WerkStadt Lorraine"},"geometry":{"type":"Point","coordinates":[7.445158,46.956362]}},{"type":"Feature","properties":{"art":"kunst","name":"Schauen was passiert"},"geometry":{"type":"Point","coordinates":[7.476557,46.957178]}},{"type":"Feature","properties":{"art":"bar","name":"Taxi"},"geometry":{"type":"Point","coordinates":[7.4435,46.949767]}},{"type":"Feature","properties":{"art":"kunst"},"geometry":{"type":"Point","coordinates":[7.435708,46.949689]}},{"type":"Feature","properties":{"art":"bibliothek","name":"Bibliothek Muesmatt"},"geometry":{"type":"Point","coordinates":[7.428351,46.952459]}},{"type":"Feature","properties":{"art":"restaurant","name":"Qin"},"geometry":{"type":"Point","coordinates":[7.442806,46.950093]}},{"type":"Feature","properties":{"art":"restaurant","name":"Romy"},"geometry":{"type":"Point","coordinates":[7.451511,46.94838]}},{"type":"Feature","properties":{"art":"cafe","name":"Rösterei"},"geometry":{"type":"Point","coordinates":[7.44169,46.946877]}},{"type":"Feature","properties":{"art":"cafe","name":"Gurru"},"geometry":{"type":"Point","coordinates":[7.446095,46.92932]}},{"type":"Feature","properties":{"art":"cafe","name":"Café Tscharni"},"geometry":{"type":"Point","coordinates":[7.389447,46.948345]}},{"type":"Feature","properties":{"art":"kunst","name":"Ding 1ːX"},"geometry":{"type":"Point","coordinates":[7.451761,46.92847]}},{"type":"Feature","properties":{"art":"restaurant","name":"Asino"},"geometry":{"type":"Point","coordinates":[7.447769,46.947381]}},{"type":"Feature","properties":{"art":"buehne","name":"Sternensaal"},"geometry":{"type":"Point","coordinates":[7.390862,46.940873]}},{"type":"Feature","properties":{"art":"restaurant","name":"Asia Höck"},"geometry":{"type":"Point","coordinates":[7.436224,46.943758]}},{"type":"Feature","properties":{"art":"treff","name":"Jugendtreff Speedy im Chleehus"},"geometry":{"type":"Point","coordinates":[7.385947,46.937337]}},{"type":"Feature","properties":{"art":"buehne","name":"Quartiertreff Baracke"},"geometry":{"type":"Point","coordinates":[7.38465,46.938571]}},{"type":"Feature","properties":{"art":"kunst"},"geometry":{"type":"Point","coordinates":[7.410935,46.930936]}},{"type":"Feature","properties":{"art":"restaurant","name":"ASIA Take Away & Partyservice"},"geometry":{"type":"Point","coordinates":[7.457837,46.966843]}},{"type":"Feature","properties":{"art":"restaurant","name":"Celina"},"geometry":{"type":"Point","coordinates":[7.447049,46.955392]}},{"type":"Feature","properties":{"art":"cafe","name":"Café Mondial"},"geometry":{"type":"Point","coordinates":[7.393326,46.949693]}},{"type":"Feature","properties":{"art":"bar","name":"OnTap"},"geometry":{"type":"Point","coordinates":[7.44949,46.948388]}},{"type":"Feature","properties":{"art":"cafe","name":"Treff"},"geometry":{"type":"Point","coordinates":[7.457097,46.993476]}},{"type":"Feature","properties":{"art":"cafe","name":"Lieblings"},"geometry":{"type":"Point","coordinates":[7.455068,46.948407]}},{"type":"Feature","properties":{"art":"buehne","name":"New Dance Academy"},"geometry":{"type":"Point","coordinates":[7.431202,46.954206]}},{"type":"Feature","properties":{"art":"kunst","name":"Windspiel"},"geometry":{"type":"Point","coordinates":[7.410344,46.918958]}},{"type":"Feature","properties":{"art":"kunst","name":"Windspiel"},"geometry":{"type":"Point","coordinates":[7.410426,46.918956]}},{"type":"Feature","properties":{"art":"kunst","name":"Windspiel"},"geometry":{"type":"Point","coordinates":[7.410488,46.918996]}},{"type":"Feature","properties":{"art":"kunst","name":"Windspiel"},"geometry":{"type":"Point","coordinates":[7.410502,46.919043]}},{"type":"Feature","properties":{"art":"kunst","name":"Windspiel"},"geometry":{"type":"Point","coordinates":[7.410397,46.918997]}},{"type":"Feature","properties":{"art":"kunst","name":"Windspiel"},"geometry":{"type":"Point","coordinates":[7.410345,46.91902]}},{"type":"Feature","properties":{"art":"restaurant","name":"Pho Saigon Bui"},"geometry":{"type":"Point","coordinates":[7.416159,46.930206]}},{"type":"Feature","properties":{"art":"kunst","name":"Hölzerner Bär"},"geometry":{"type":"Point","coordinates":[7.41113,46.919573]}},{"type":"Feature","properties":{"art":"restaurant","name":"Swaad"},"geometry":{"type":"Point","coordinates":[7.49371,46.957925]}},{"type":"Feature","properties":{"art":"restaurant","name":"le vivant"},"geometry":{"type":"Point","coordinates":[7.418983,46.946669]}},{"type":"Feature","properties":{"art":"cafe","name":"Cafe Racer"},"geometry":{"type":"Point","coordinates":[7.436288,46.945968]}},{"type":"Feature","properties":{"art":"cafe","name":"City West"},"geometry":{"type":"Point","coordinates":[7.434528,46.946801]}},{"type":"Feature","properties":{"art":"cafe","name":"Tramegge"},"geometry":{"type":"Point","coordinates":[7.383011,46.948157]}},{"type":"Feature","properties":{"art":"cafe","name":"Coco"},"geometry":{"type":"Point","coordinates":[7.436136,46.944503]}},{"type":"Feature","properties":{"art":"restaurant","name":"Restaurant Yù"},"geometry":{"type":"Point","coordinates":[7.448788,46.953227]}},{"type":"Feature","properties":{"art":"restaurant","name":"Rooftop Grill"},"geometry":{"type":"Point","coordinates":[7.448619,46.95319]}},{"type":"Feature","properties":{"art":"kunst"},"geometry":{"type":"Point","coordinates":[7.425588,46.932437]}},{"type":"Feature","properties":{"art":"cafe","name":"Parc Café & Minigolf"},"geometry":{"type":"Point","coordinates":[7.43929,46.960713]}},{"type":"Feature","properties":{"art":"cafe","name":"Genusslädeli"},"geometry":{"type":"Point","coordinates":[7.489619,46.955119]}},{"type":"Feature","properties":{"art":"restaurant","name":"Mundiger Pizza & Burger Huus"},"geometry":{"type":"Point","coordinates":[7.4799,46.955017]}},{"type":"Feature","properties":{"art":"restaurant","name":"Aminos Crêperie & Gelateria"},"geometry":{"type":"Point","coordinates":[7.441467,46.948202]}},{"type":"Feature","properties":{"art":"kunst","name":"d's Blofi"},"geometry":{"type":"Point","coordinates":[7.489323,46.957625]}},{"type":"Feature","properties":{"art":"restaurant","name":"Landgasthof Sternen"},"geometry":{"type":"Point","coordinates":[7.497621,46.975516]}},{"type":"Feature","properties":{"art":"kunst"},"geometry":{"type":"Point","coordinates":[7.425852,46.932787]}},{"type":"Feature","properties":{"art":"bar","name":"Schichtwechsel"},"geometry":{"type":"Point","coordinates":[7.419414,46.932621]}},{"type":"Feature","properties":{"art":"kunst"},"geometry":{"type":"Point","coordinates":[7.429023,46.959163]}},{"type":"Feature","properties":{"art":"cafe","name":"Tchibo"},"geometry":{"type":"Point","coordinates":[7.44169,46.948962]}},{"type":"Feature","properties":{"art":"cafe","name":"Café Hueber"},"geometry":{"type":"Point","coordinates":[7.417724,46.945012]}},{"type":"Feature","properties":{"art":"kunst"},"geometry":{"type":"Point","coordinates":[7.446068,46.92866]}},{"type":"Feature","properties":{"art":"cafe","name":"Bäckerei – Konditorei Lanz GmbH"},"geometry":{"type":"Point","coordinates":[7.423373,46.933853]}},{"type":"Feature","properties":{"art":"bar","name":"Erupt Gaming Lounge"},"geometry":{"type":"Point","coordinates":[7.438074,46.949477]}},{"type":"Feature","properties":{"art":"restaurant","name":"Surang"},"geometry":{"type":"Point","coordinates":[7.449363,46.947351]}},{"type":"Feature","properties":{"art":"buehne","name":"TanzPAVILLON"},"geometry":{"type":"Point","coordinates":[7.455732,46.940225]}},{"type":"Feature","properties":{"art":"buehne","name":"Salsadancers"},"geometry":{"type":"Point","coordinates":[7.445533,46.939887]}},{"type":"Feature","properties":{"art":"cafe","name":"Coffee Fellows"},"geometry":{"type":"Point","coordinates":[7.373484,46.944464]}},{"type":"Feature","properties":{"art":"cafe","name":"Cha Yii"},"geometry":{"type":"Point","coordinates":[7.446158,46.947996]}},{"type":"Feature","properties":{"art":"bar","name":"Stars and Stripes"},"geometry":{"type":"Point","coordinates":[7.372458,46.944143]}},{"type":"Feature","properties":{"art":"restaurant","name":"Tres Amigos"},"geometry":{"type":"Point","coordinates":[7.372579,46.943891]}},{"type":"Feature","properties":{"art":"cafe","name":"Himmelreich"},"geometry":{"type":"Point","coordinates":[7.439344,46.946456]}},{"type":"Feature","properties":{"art":"restaurant","name":"Darling Restaurant"},"geometry":{"type":"Point","coordinates":[7.456961,46.957001]}},{"type":"Feature","properties":{"art":"restaurant","name":"Sapori d'Italia"},"geometry":{"type":"Point","coordinates":[7.464777,46.962612]}},{"type":"Feature","properties":{"art":"restaurant","name":"DOCK8"},"geometry":{"type":"Point","coordinates":[7.415685,46.947595]}},{"type":"Feature","properties":{"art":"restaurant","name":"Lokero Bistro"},"geometry":{"type":"Point","coordinates":[7.43801,46.94754]}},{"type":"Feature","properties":{"art":"kunst"},"geometry":{"type":"Point","coordinates":[7.412096,46.945483]}},{"type":"Feature","properties":{"art":"restaurant","name":"Yam Yam Thai Food"},"geometry":{"type":"Point","coordinates":[7.455223,46.926315]}},{"type":"Feature","properties":{"art":"bar","name":"noy bar caffè"},"geometry":{"type":"Point","coordinates":[7.453333,46.957734]}},{"type":"Feature","properties":{"art":"cafe","name":"CHÁFÚ Bubble Tea"},"geometry":{"type":"Point","coordinates":[7.436268,46.947897]}},{"type":"Feature","properties":{"art":"restaurant","name":"Pasta Bar"},"geometry":{"type":"Point","coordinates":[7.450423,46.928796]}},{"type":"Feature","properties":{"art":"cafe","name":"Viktor"},"geometry":{"type":"Point","coordinates":[7.451328,46.954804]}},{"type":"Feature","properties":{"art":"restaurant","name":"Ragazzi di Berna"},"geometry":{"type":"Point","coordinates":[7.440216,46.939961]}},{"type":"Feature","properties":{"art":"bar","name":"Aarebar"},"geometry":{"type":"Point","coordinates":[7.443818,46.938338]}},{"type":"Feature","properties":{"art":"restaurant","name":"Indian Kitchen"},"geometry":{"type":"Point","coordinates":[7.444597,46.957622]}},{"type":"Feature","properties":{"art":"bibliothek","name":"Leseecke Bibliothek Köniz"},"geometry":{"type":"Point","coordinates":[7.41127,46.919628]}},{"type":"Feature","properties":{"art":"kunst"},"geometry":{"type":"Point","coordinates":[7.438488,46.919153]}},{"type":"Feature","properties":{"art":"restaurant","name":"Bistro Fellergut"},"geometry":{"type":"Point","coordinates":[7.390722,46.94536]}},{"type":"Feature","properties":{"art":"bar","name":"Trybhouz"},"geometry":{"type":"Point","coordinates":[7.448267,46.95061]}},{"type":"Feature","properties":{"art":"museum","name":"Bacio"},"geometry":{"type":"Point","coordinates":[7.433441,46.955974]}},{"type":"Feature","properties":{"art":"treff","name":"Treffpunkt Untermatt"},"geometry":{"type":"Point","coordinates":[7.395587,46.947996]}},{"type":"Feature","properties":{"art":"kunst","name":"Offene Gemeinde"},"geometry":{"type":"Point","coordinates":[7.495205,46.975648]}},{"type":"Feature","properties":{"art":"treff","name":"Träff 23"},"geometry":{"type":"Point","coordinates":[7.41046,46.945245]}},{"type":"Feature","properties":{"art":"restaurant","name":"Eurest ASTRA"},"geometry":{"type":"Point","coordinates":[7.472165,46.976428]}},{"type":"Feature","properties":{"art":"kunst","name":"Bär"},"geometry":{"type":"Point","coordinates":[7.44964,46.935626]}},{"type":"Feature","properties":{"art":"bar","name":"Schlawiner"},"geometry":{"type":"Point","coordinates":[7.419322,46.933485]}},{"type":"Feature","properties":{"art":"kunst","name":"Swisscom Platz"},"geometry":{"type":"Point","coordinates":[7.457819,46.980252]}},{"type":"Feature","properties":{"art":"restaurant","name":"Weyerli Beizli"},"geometry":{"type":"Point","coordinates":[7.403972,46.94859]}},{"type":"Feature","properties":{"art":"cafe","name":"jusq'a"},"geometry":{"type":"Point","coordinates":[7.448818,46.948968]}},{"type":"Feature","properties":{"art":"kunst"},"geometry":{"type":"Point","coordinates":[7.422054,46.940928]}},{"type":"Feature","properties":{"art":"kunst"},"geometry":{"type":"Point","coordinates":[7.42187,46.940918]}},{"type":"Feature","properties":{"art":"kunst","name":"Betonplastik"},"geometry":{"type":"Point","coordinates":[7.494915,46.970869]}},{"type":"Feature","properties":{"art":"kunst","name":"Trojanisches Pferd"},"geometry":{"type":"Point","coordinates":[7.494758,46.97775]}},{"type":"Feature","properties":{"art":"kunst","name":"Pendel"},"geometry":{"type":"Point","coordinates":[7.495764,46.97117]}},{"type":"Feature","properties":{"art":"kunst","name":"Kugel"},"geometry":{"type":"Point","coordinates":[7.497286,46.975128]}},{"type":"Feature","properties":{"art":"kunst"},"geometry":{"type":"Point","coordinates":[7.438186,46.918885]}},{"type":"Feature","properties":{"art":"kunst"},"geometry":{"type":"Point","coordinates":[7.438523,46.91911]}},{"type":"Feature","properties":{"art":"kunst"},"geometry":{"type":"Point","coordinates":[7.4396,46.91872]}},{"type":"Feature","properties":{"art":"kunst","name":"Der vierte Steg"},"geometry":{"type":"Point","coordinates":[7.496819,46.969879]}},{"type":"Feature","properties":{"art":"restaurant","name":"Take Away 8.8"},"geometry":{"type":"Point","coordinates":[7.444881,46.949521]}},{"type":"Feature","properties":{"art":"cafe","name":"Lo Snag Bar"},"geometry":{"type":"Point","coordinates":[7.452533,46.973062]}},{"type":"Feature","properties":{"art":"kunst"},"geometry":{"type":"Point","coordinates":[7.483742,46.994361]}},{"type":"Feature","properties":{"art":"cafe","name":"Becanto Coffee & Brunch Nord"},"geometry":{"type":"Point","coordinates":[7.457215,46.958791]}},{"type":"Feature","properties":{"art":"restaurant","name":"Osito"},"geometry":{"type":"Point","coordinates":[7.480596,46.956026]}},{"type":"Feature","properties":{"art":"restaurant","name":"Uma"},"geometry":{"type":"Point","coordinates":[7.480763,46.956037]}},{"type":"Feature","properties":{"art":"bar","name":"REX BAR"},"geometry":{"type":"Point","coordinates":[7.439218,46.946613]}},{"type":"Feature","properties":{"art":"kunst"},"geometry":{"type":"Point","coordinates":[7.413408,46.9192]}},{"type":"Feature","properties":{"art":"kunst"},"geometry":{"type":"Point","coordinates":[7.414106,46.919523]}},{"type":"Feature","properties":{"art":"kunst"},"geometry":{"type":"Point","coordinates":[7.413481,46.919204]}},{"type":"Feature","properties":{"art":"cafe"},"geometry":{"type":"Point","coordinates":[7.480313,46.965617]}},{"type":"Feature","properties":{"art":"restaurant","name":"Restaurant Gross-Wabern"},"geometry":{"type":"Point","coordinates":[7.445796,46.92871]}},{"type":"Feature","properties":{"art":"bar","name":"Bar 99"},"geometry":{"type":"Point","coordinates":[7.452646,46.956789]}},{"type":"Feature","properties":{"art":"museum","name":"volume Kunstraum"},"geometry":{"type":"Point","coordinates":[7.445295,46.955731]}},{"type":"Feature","properties":{"art":"restaurant","name":"Galleria Luce"},"geometry":{"type":"Point","coordinates":[7.44481,46.949215]}},{"type":"Feature","properties":{"art":"cafe","name":"Ferdinand Coffee"},"geometry":{"type":"Point","coordinates":[7.456441,46.959131]}},{"type":"Feature","properties":{"art":"kunst"},"geometry":{"type":"Point","coordinates":[7.385024,46.924082]}},{"type":"Feature","properties":{"art":"kunst"},"geometry":{"type":"Point","coordinates":[7.421316,46.930308]}},{"type":"Feature","properties":{"art":"bibliothek"},"geometry":{"type":"Point","coordinates":[7.480144,46.965656]}},{"type":"Feature","properties":{"art":"bibliothek","name":"Bibliothek Rossfeld"},"geometry":{"type":"Point","coordinates":[7.451162,46.975361]}},{"type":"Feature","properties":{"art":"bibliothek","name":"Bibliothek Bümpliz"},"geometry":{"type":"Point","coordinates":[7.392795,46.941183]}},{"type":"Feature","properties":{"art":"kunst"},"geometry":{"type":"Point","coordinates":[7.408493,46.922335]}},{"type":"Feature","properties":{"art":"cafe","name":"Yoghurtlandia"},"geometry":{"type":"Point","coordinates":[7.443362,46.947747]}},{"type":"Feature","properties":{"art":"treff","name":"Honky Tonk Saloon"},"geometry":{"type":"Point","coordinates":[7.414125,46.922304]}},{"type":"Feature","properties":{"art":"kunst","name":"Perifone"},"geometry":{"type":"Point","coordinates":[7.445557,46.979178]}},{"type":"Feature","properties":{"art":"cafe","name":"Art'Café x Pop-up Essa"},"geometry":{"type":"Point","coordinates":[7.422737,46.932873]}},{"type":"Feature","properties":{"art":"restaurant","name":"Restaurant Wander"},"geometry":{"type":"Point","coordinates":[7.423801,46.935545]}},{"type":"Feature","properties":{"art":"bibliothek","name":"Bibliothek World Trade Institute"},"geometry":{"type":"Point","coordinates":[7.434533,46.952359]}},{"type":"Feature","properties":{"art":"bibliothek","name":"Lernort Engehalde"},"geometry":{"type":"Point","coordinates":[7.44019,46.95354]}},{"type":"Feature","properties":{"art":"bibliothek","name":"Bibliothek Lifelong Learning Center (LLC)"},"geometry":{"type":"Point","coordinates":[7.435982,46.950224]}},{"type":"Feature","properties":{"art":"restaurant","name":"Punto"},"geometry":{"type":"Point","coordinates":[7.423821,46.947282]}},{"type":"Feature","properties":{"art":"restaurant","name":"Terrazza"},"geometry":{"type":"Point","coordinates":[7.423894,46.947228]}},{"type":"Feature","properties":{"art":"bibliothek","name":"Bibliothek Slavische Sprachen und Literaturen"},"geometry":{"type":"Point","coordinates":[7.430406,46.953944]}},{"type":"Feature","properties":{"art":"buehne","name":"5ème étage"},"geometry":{"type":"Point","coordinates":[7.456365,46.946787]}},{"type":"Feature","properties":{"art":"restaurant","name":"Fäuder"},"geometry":{"type":"Point","coordinates":[7.433164,46.960543]}},{"type":"Feature","properties":{"art":"buehne","name":"Vidmar 1"},"geometry":{"type":"Point","coordinates":[7.417505,46.935017]}},{"type":"Feature","properties":{"art":"restaurant","name":"Miss Miu"},"geometry":{"type":"Point","coordinates":[7.437817,46.948026]}},{"type":"Feature","properties":{"art":"kunst"},"geometry":{"type":"Point","coordinates":[7.432682,46.96203]}},{"type":"Feature","properties":{"art":"kunst"},"geometry":{"type":"Point","coordinates":[7.463903,46.923971]}},{"type":"Feature","properties":{"art":"restaurant","name":"OLYMPIA"},"geometry":{"type":"Point","coordinates":[7.45547,46.958979]}},{"type":"Feature","properties":{"art":"kunst","name":"Arche Noah"},"geometry":{"type":"Point","coordinates":[7.451885,46.928197]}},{"type":"Feature","properties":{"art":"kunst","name":"Stehende"},"geometry":{"type":"Point","coordinates":[7.451468,46.928474]}},{"type":"Feature","properties":{"art":"bibliothek","name":"Parlamentsbibliothek"},"geometry":{"type":"Point","coordinates":[7.442242,46.946323]}},{"type":"Feature","properties":{"art":"kunst"},"geometry":{"type":"Point","coordinates":[7.459438,46.947955]}},{"type":"Feature","properties":{"art":"museum","name":"Galerie da Mihi | KunstKeller"},"geometry":{"type":"Point","coordinates":[7.454576,46.948485]}},{"type":"Feature","properties":{"art":"restaurant","name":"Muna"},"geometry":{"type":"Point","coordinates":[7.465087,46.941237]}},{"type":"Feature","properties":{"art":"kunst","name":"Jubilate"},"geometry":{"type":"Point","coordinates":[7.495256,46.975897]}},{"type":"Feature","properties":{"art":"restaurant","name":"Umai Bern"},"geometry":{"type":"Point","coordinates":[7.400382,46.947558]}},{"type":"Feature","properties":{"art":"restaurant","name":"Salotto Zero Otto Nove"},"geometry":{"type":"Point","coordinates":[7.490058,46.954809]}},{"type":"Feature","properties":{"art":"bar","name":"Seemannskeller Bern"},"geometry":{"type":"Point","coordinates":[7.455018,46.948397]}},{"type":"Feature","properties":{"art":"bar","name":"GOAL Fussballbar"},"geometry":{"type":"Point","coordinates":[7.455949,46.94848]}},{"type":"Feature","properties":{"art":"restaurant","name":"BoulderBad Bistro"},"geometry":{"type":"Point","coordinates":[7.436096,46.946612]}},{"type":"Feature","properties":{"art":"restaurant","name":"Restaurant Bar Rio"},"geometry":{"type":"Point","coordinates":[7.457994,46.97738]}},{"type":"Feature","properties":{"art":"cafe","name":"Qué Rico Bistro"},"geometry":{"type":"Point","coordinates":[7.449528,46.948088]}},{"type":"Feature","properties":{"art":"kunst"},"geometry":{"type":"Point","coordinates":[7.422619,46.929703]}},{"type":"Feature","properties":{"art":"kunst"},"geometry":{"type":"Point","coordinates":[7.42252,46.929842]}},{"type":"Feature","properties":{"art":"kunst"},"geometry":{"type":"Point","coordinates":[7.42246,46.929919]}},{"type":"Feature","properties":{"art":"kunst","name":"Die Samariterin"},"geometry":{"type":"Point","coordinates":[7.456226,46.952006]}},{"type":"Feature","properties":{"art":"cafe","name":"Friend or Foe Specialty Coffee Market"},"geometry":{"type":"Point","coordinates":[7.446296,46.947843]}},{"type":"Feature","properties":{"art":"treff","name":"AareTräff"},"geometry":{"type":"Point","coordinates":[7.45867,46.977381]}},{"type":"Feature","properties":{"art":"restaurant","name":"Capitol Restaurant & Bar"},"geometry":{"type":"Point","coordinates":[7.448942,46.948373]}},{"type":"Feature","properties":{"art":"kunst"},"geometry":{"type":"Point","coordinates":[7.446527,46.928012]}},{"type":"Feature","properties":{"art":"buehne","name":"Visavis"},"geometry":{"type":"Point","coordinates":[7.454248,46.948471]}},{"type":"Feature","properties":{"art":"kunst"},"geometry":{"type":"Point","coordinates":[7.43013,46.951625]}},{"type":"Feature","properties":{"art":"kunst"},"geometry":{"type":"Point","coordinates":[7.430194,46.951589]}},{"type":"Feature","properties":{"art":"kunst"},"geometry":{"type":"Point","coordinates":[7.430073,46.951657]}},{"type":"Feature","properties":{"art":"kunst","name":"Bärenstatue"},"geometry":{"type":"Point","coordinates":[7.459565,46.94784]}},{"type":"Feature","properties":{"art":"kunst"},"geometry":{"type":"Point","coordinates":[7.459525,46.94826]}},{"type":"Feature","properties":{"art":"kunst"},"geometry":{"type":"Point","coordinates":[7.459424,46.947918]}},{"type":"Feature","properties":{"art":"kunst"},"geometry":{"type":"Point","coordinates":[7.459561,46.948265]}},{"type":"Feature","properties":{"art":"kunst"},"geometry":{"type":"Point","coordinates":[7.459615,46.948261]}},{"type":"Feature","properties":{"art":"kunst"},"geometry":{"type":"Point","coordinates":[7.459652,46.948249]}},{"type":"Feature","properties":{"art":"cafe","name":"Acai Attendant"},"geometry":{"type":"Point","coordinates":[7.440798,46.949883]}},{"type":"Feature","properties":{"art":"kunst"},"geometry":{"type":"Point","coordinates":[7.438923,46.951017]}},{"type":"Feature","properties":{"art":"restaurant","name":"Famii Ramen"},"geometry":{"type":"Point","coordinates":[7.429503,46.944885]}},{"type":"Feature","properties":{"art":"kunst","name":"Brückenschlag"},"geometry":{"type":"Point","coordinates":[7.428133,46.958514]}},{"type":"Feature","properties":{"art":"kunst"},"geometry":{"type":"Point","coordinates":[7.427655,46.957402]}},{"type":"Feature","properties":{"art":"restaurant","name":"YIKOU Sushi tea"},"geometry":{"type":"Point","coordinates":[7.449208,46.947566]}},{"type":"Feature","properties":{"art":"restaurant","name":"Burrito Bandito"},"geometry":{"type":"Point","coordinates":[7.449098,46.947525]}},{"type":"Feature","properties":{"art":"kunst"},"geometry":{"type":"Point","coordinates":[7.443243,46.93647]}},{"type":"Feature","properties":{"art":"cafe","name":"VASA"},"geometry":{"type":"Point","coordinates":[7.438182,46.946773]}},{"type":"Feature","properties":{"art":"cafe","name":"Adriano's"},"geometry":{"type":"Point","coordinates":[7.439787,46.948595]}},{"type":"Feature","properties":{"art":"bar","name":"Foyer: Quinnie's Kafi / Bar"},"geometry":{"type":"Point","coordinates":[7.435347,46.946846]}},{"type":"Feature","properties":{"art":"cafe","name":"Café Travois"},"geometry":{"type":"Point","coordinates":[7.436056,46.942561]}},{"type":"Feature","properties":{"art":"cafe","name":"Aromawerk"},"geometry":{"type":"Point","coordinates":[7.438124,46.94055]}},{"type":"Feature","properties":{"art":"museum","name":"Art & Eigensinn"},"geometry":{"type":"Point","coordinates":[7.436071,46.95305]}},{"type":"Feature","properties":{"art":"cafe","name":"Becanto"},"geometry":{"type":"Point","coordinates":[7.426488,46.949148]}},{"type":"Feature","properties":{"art":"kunst"},"geometry":{"type":"Point","coordinates":[7.423178,46.956845]}},{"type":"Feature","properties":{"art":"kunst"},"geometry":{"type":"Point","coordinates":[7.499945,46.934002]}},{"type":"Feature","properties":{"art":"kunst"},"geometry":{"type":"Point","coordinates":[7.499988,46.933975]}},{"type":"Feature","properties":{"art":"kunst"},"geometry":{"type":"Point","coordinates":[7.5,46.934007]}},{"type":"Feature","properties":{"art":"restaurant","name":"Mahataja"},"geometry":{"type":"Point","coordinates":[7.441779,46.949867]}},{"type":"Feature","properties":{"art":"cafe","name":"Bistro"},"geometry":{"type":"Point","coordinates":[7.453377,46.927665]}},{"type":"Feature","properties":{"art":"treff","name":"Gemeinschaftsraum Brünnen"},"geometry":{"type":"Point","coordinates":[7.375982,46.944329]}},{"type":"Feature","properties":{"art":"cafe","name":"Altes Pfarrhaus"},"geometry":{"type":"Point","coordinates":[7.487955,46.929506]}},{"type":"Feature","properties":{"art":"restaurant","name":"Gastwerk"},"geometry":{"type":"Point","coordinates":[7.451821,46.954676]}},{"type":"Feature","properties":{"art":"restaurant","name":"Le Bistro"},"geometry":{"type":"Point","coordinates":[7.375111,46.945279]}},{"type":"Feature","properties":{"art":"cafe","name":"Adi's Home"},"geometry":{"type":"Point","coordinates":[7.486946,46.93001]}},{"type":"Feature","properties":{"art":"restaurant","name":"Siesta alla Finestra"},"geometry":{"type":"Point","coordinates":[7.411435,46.944222]}},{"type":"Feature","properties":{"art":"treff","name":"Kollektivraum Sulgenrain"},"geometry":{"type":"Point","coordinates":[7.439212,46.940504]}},{"type":"Feature","properties":{"art":"restaurant","name":"Dimelo Cantando"},"geometry":{"type":"Point","coordinates":[7.419009,46.941021]}},{"type":"Feature","properties":{"art":"restaurant","name":"Contra Corrente"},"geometry":{"type":"Point","coordinates":[7.471743,46.953758]}},{"type":"Feature","properties":{"art":"kunst","name":"Ursinae"},"geometry":{"type":"Point","coordinates":[7.480918,46.955865]}},{"type":"Feature","properties":{"art":"cafe","name":"Springgarten Café"},"geometry":{"type":"Point","coordinates":[7.463016,46.954508]}},{"type":"Feature","properties":{"art":"bar","name":"JUL"},"geometry":{"type":"Point","coordinates":[7.451022,46.948394]}},{"type":"Feature","properties":{"art":"restaurant","name":"Mikuri"},"geometry":{"type":"Point","coordinates":[7.388706,46.942386]}},{"type":"Feature","properties":{"art":"restaurant","name":"Moccaflor"},"geometry":{"type":"Point","coordinates":[7.390301,46.942124]}},{"type":"Feature","properties":{"art":"restaurant","name":"Mobilcity"},"geometry":{"type":"Point","coordinates":[7.475061,46.965963]}},{"type":"Feature","properties":{"art":"treff","name":"Quartierraum Holliger"},"geometry":{"type":"Point","coordinates":[7.415502,46.947757]}},{"type":"Feature","properties":{"art":"restaurant","name":"Tong Fong"},"geometry":{"type":"Point","coordinates":[7.450072,46.948835]}},{"type":"Feature","properties":{"art":"cafe","name":"beans & nuts ."},"geometry":{"type":"Point","coordinates":[7.450077,46.947085]}},{"type":"Feature","properties":{"art":"treff","name":"Connect Bern"},"geometry":{"type":"Point","coordinates":[7.434934,46.944049]}},{"type":"Feature","properties":{"art":"kunst"},"geometry":{"type":"Point","coordinates":[7.416214,46.922595]}},{"type":"Feature","properties":{"art":"kunst"},"geometry":{"type":"Point","coordinates":[7.416182,46.922576]}},{"type":"Feature","properties":{"art":"kunst"},"geometry":{"type":"Point","coordinates":[7.416242,46.92257]}},{"type":"Feature","properties":{"art":"kunst"},"geometry":{"type":"Point","coordinates":[7.416176,46.922545]}},{"type":"Feature","properties":{"art":"kunst"},"geometry":{"type":"Point","coordinates":[7.416221,46.922535]}},{"type":"Feature","properties":{"art":"kunst"},"geometry":{"type":"Point","coordinates":[7.416191,46.922527]}},{"type":"Feature","properties":{"art":"kunst"},"geometry":{"type":"Point","coordinates":[7.416206,46.922558]}},{"type":"Feature","properties":{"art":"kunst"},"geometry":{"type":"Point","coordinates":[7.400133,46.94369]}},{"type":"Feature","properties":{"art":"buehne","name":"bee-flat"},"geometry":{"type":"Point","coordinates":[7.443746,46.950396]}},{"type":"Feature","properties":{"art":"cafe","name":"schroeter kaffee"},"geometry":{"type":"Point","coordinates":[7.453557,46.958473]}},{"type":"Feature","properties":{"art":"kunst"},"geometry":{"type":"Point","coordinates":[7.484491,46.973573]}},{"type":"Feature","properties":{"art":"museum"},"geometry":{"type":"Point","coordinates":[7.452763,46.948208]}},{"type":"Feature","properties":{"art":"restaurant","name":"Maruzzella"},"geometry":{"type":"Point","coordinates":[7.443888,46.945019]}},{"type":"Feature","properties":{"art":"restaurant","name":"La Vie"},"geometry":{"type":"Point","coordinates":[7.417617,46.949779]}},{"type":"Feature","properties":{"art":"bar","name":"Lido Altenberg"},"geometry":{"type":"Point","coordinates":[7.447164,46.950964]}},{"type":"Feature","properties":{"art":"treff","name":"LO31 Quartiertreff"},"geometry":{"type":"Point","coordinates":[7.444461,46.958268]}},{"type":"Feature","properties":{"art":"kunst"},"geometry":{"type":"Point","coordinates":[7.435188,46.954907]}},{"type":"Feature","properties":{"art":"museum","name":"Moneyverse"},"geometry":{"type":"Point","coordinates":[7.445304,46.94743]}},{"type":"Feature","properties":{"art":"kunst"},"geometry":{"type":"Point","coordinates":[7.453932,46.946291]}},{"type":"Feature","properties":{"art":"restaurant","name":"Hot Momo"},"geometry":{"type":"Point","coordinates":[7.493175,46.957828]}},{"type":"Feature","properties":{"art":"restaurant","name":"Tantak"},"geometry":{"type":"Point","coordinates":[7.493068,46.957879]}},{"type":"Feature","properties":{"art":"cafe","name":"Kaffeeplus"},"geometry":{"type":"Point","coordinates":[7.459384,46.967194]}},{"type":"Feature","properties":{"art":"bar","name":"Sous Soul"},"geometry":{"type":"Point","coordinates":[7.443046,46.94849]}},{"type":"Feature","properties":{"art":"cafe","name":"Bruin Café & Co"},"geometry":{"type":"Point","coordinates":[7.455942,46.948844]}},{"type":"Feature","properties":{"art":"bar","name":"Hof-Bar"},"geometry":{"type":"Point","coordinates":[7.445144,46.947432]}},{"type":"Feature","properties":{"art":"buehne","name":"Ateliers Bollwerkstadt"},"geometry":{"type":"Point","coordinates":[7.441461,46.951505]}},{"type":"Feature","properties":{"art":"restaurant","name":"Asian Flavour"},"geometry":{"type":"Point","coordinates":[7.469626,46.943828]}},{"type":"Feature","properties":{"art":"restaurant","name":"Restaurant Forum"},"geometry":{"type":"Point","coordinates":[7.407361,46.944167]}},{"type":"Feature","properties":{"art":"bar","name":"Bar Solar"},"geometry":{"type":"Point","coordinates":[7.436851,46.962589]}},{"type":"Feature","properties":{"art":"restaurant","name":"nido"},"geometry":{"type":"Point","coordinates":[7.440936,46.947498]}},{"type":"Feature","properties":{"art":"badi","name":"Muribad"},"geometry":{"type":"Point","coordinates":[7.492402,46.923104]}},{"type":"Feature","properties":{"art":"museum","name":"Alpines Museum der Schweiz"},"geometry":{"type":"Point","coordinates":[7.448179,46.944065]}},{"type":"Feature","properties":{"art":"badi","name":"Freibad Ostermundigen"},"geometry":{"type":"Point","coordinates":[7.492811,46.945881]}},{"type":"Feature","properties":{"art":"badi","name":"Hallenbad Bolligen"},"geometry":{"type":"Point","coordinates":[7.495391,46.97744]}},{"type":"Feature","properties":{"art":"buehne","name":"Dampfzentrale"},"geometry":{"type":"Point","coordinates":[7.444195,46.940725]}},{"type":"Feature","properties":{"art":"restaurant","name":"Siva's Kitchen"},"geometry":{"type":"Point","coordinates":[7.46229,46.938003]}},{"type":"Feature","properties":{"art":"restaurant","name":"TC Rotweiss"},"geometry":{"type":"Point","coordinates":[7.459727,46.939313]}},{"type":"Feature","properties":{"art":"museum","name":"Kunsthalle Bern"},"geometry":{"type":"Point","coordinates":[7.449408,46.944273]}},{"type":"Feature","properties":{"art":"museum","name":"Grand Palais"},"geometry":{"type":"Point","coordinates":[7.450296,46.943627]}},{"type":"Feature","properties":{"art":"museum","name":"Bernisches Historisches Museum"},"geometry":{"type":"Point","coordinates":[7.4492,46.942968]}},{"type":"Feature","properties":{"art":"buehne","name":"chillfood’s füüri"},"geometry":{"type":"Point","coordinates":[7.442447,46.954442]}},{"type":"Feature","properties":{"art":"museum","name":"Museum für Kommunikation"},"geometry":{"type":"Point","coordinates":[7.449975,46.941828]}},{"type":"Feature","properties":{"art":"buehne","name":"Stadttheater"},"geometry":{"type":"Point","coordinates":[7.447229,46.949371]}},{"type":"Feature","properties":{"art":"buehne","name":"Aula Munzinger"},"geometry":{"type":"Point","coordinates":[7.421711,46.940705]}},{"type":"Feature","properties":{"art":"restaurant","name":"Hotel & Restaurant Grauholz"},"geometry":{"type":"Point","coordinates":[7.475389,46.989965]}},{"type":"Feature","properties":{"art":"badi","name":"Lorrainebad"},"geometry":{"type":"Point","coordinates":[7.442528,46.959105]}},{"type":"Feature","properties":{"art":"badi","name":"Hallenbad Wyler"},"geometry":{"type":"Point","coordinates":[7.452069,46.965244]}},{"type":"Feature","properties":{"art":"treff","name":"Jugendzentrum newgraffiti"},"geometry":{"type":"Point","coordinates":[7.452726,46.964966]}},{"type":"Feature","properties":{"art":"museum","name":"Tram-Museum"},"geometry":{"type":"Point","coordinates":[7.432788,46.935241]}},{"type":"Feature","properties":{"art":"treff","name":"Villa Stucki"},"geometry":{"type":"Point","coordinates":[7.432799,46.939321]}},{"type":"Feature","properties":{"art":"treff","name":"Träffpunkt Cäcilia"},"geometry":{"type":"Point","coordinates":[7.42557,46.942116]}},{"type":"Feature","properties":{"art":"restaurant","name":"Clubhaus FC Weissenstein"},"geometry":{"type":"Point","coordinates":[7.420425,46.937037]}},{"type":"Feature","properties":{"art":"buehne","name":"Theater Remise Bern"},"geometry":{"type":"Point","coordinates":[7.429538,46.947654]}},{"type":"Feature","properties":{"art":"treff","name":"Altes Loeblager"},"geometry":{"type":"Point","coordinates":[7.401804,46.949214]}},{"type":"Feature","properties":{"art":"restaurant","name":"Kleine Schanze"},"geometry":{"type":"Point","coordinates":[7.440999,46.945997]}},{"type":"Feature","properties":{"art":"restaurant","name":"Tscharnergut"},"geometry":{"type":"Point","coordinates":[7.389455,46.948122]}},{"type":"Feature","properties":{"art":"treff","name":"Kirchgemeindehaus"},"geometry":{"type":"Point","coordinates":[7.393107,46.949688]}},{"type":"Feature","properties":{"art":"treff","name":"Kirchliches Zentrum Niederwangen"},"geometry":{"type":"Point","coordinates":[7.37205,46.926279]}},{"type":"Feature","properties":{"art":"treff","name":"Tell Kultur Zentrum"},"geometry":{"type":"Point","coordinates":[7.4945,46.95782]}},{"type":"Feature","properties":{"art":"restaurant","name":"Restaurant Schwimmbad Ostermundigen"},"geometry":{"type":"Point","coordinates":[7.492316,46.9466]}},{"type":"Feature","properties":{"art":"treff","name":"Reberhaus"},"geometry":{"type":"Point","coordinates":[7.495571,46.974428]}},{"type":"Feature","properties":{"art":"restaurant","name":"Sternen Muri"},"geometry":{"type":"Point","coordinates":[7.486359,46.931083]}},{"type":"Feature","properties":{"art":"bibliothek","name":"Bibliothek Laubegg"},"geometry":{"type":"Point","coordinates":[7.46505,46.947659]}},{"type":"Feature","properties":{"art":"museum","name":"Schweizer Schützenmuseum"},"geometry":{"type":"Point","coordinates":[7.448539,46.942852]}},{"type":"Feature","properties":{"art":"museum","name":"Naturhistorisches Museum"},"geometry":{"type":"Point","coordinates":[7.449205,46.941921]}},{"type":"Feature","properties":{"art":"bibliothek","name":"Bibliothek Exakte Wissenschaften"},"geometry":{"type":"Point","coordinates":[7.438821,46.951312]}},{"type":"Feature","properties":{"art":"treff","name":"Kulturzentrum Reitschule"},"geometry":{"type":"Point","coordinates":[7.440615,46.952965]}},{"type":"Feature","properties":{"art":"restaurant","name":"Chez Franz"},"geometry":{"type":"Point","coordinates":[7.414038,46.92563]}},{"type":"Feature","properties":{"art":"kunst","name":"Bärenplatzbrunnen"},"geometry":{"type":"Point","coordinates":[7.443679,46.947704]}},{"type":"Feature","properties":{"art":"buehne","name":"Progr"},"geometry":{"type":"Point","coordinates":[7.443715,46.950283]}},{"type":"Feature","properties":{"art":"museum","name":"Kunstmuseum Bern"},"geometry":{"type":"Point","coordinates":[7.44314,46.951202]}},{"type":"Feature","properties":{"art":"kunst"},"geometry":{"type":"Point","coordinates":[7.443679,46.947704]}},{"type":"Feature","properties":{"art":"restaurant","name":"Hans im Glück"},"geometry":{"type":"Point","coordinates":[7.440287,46.94748]}},{"type":"Feature","properties":{"art":"cafe","name":"Adrianos"},"geometry":{"type":"Point","coordinates":[7.440005,46.948684]}},{"type":"Feature","properties":{"art":"cafe","name":"Starbucks"},"geometry":{"type":"Point","coordinates":[7.440224,46.948998]}},{"type":"Feature","properties":{"art":"bar","name":"Simmentaler Brewhouse"},"geometry":{"type":"Point","coordinates":[7.439859,46.948583]}},{"type":"Feature","properties":{"art":"restaurant","name":"Gartenbeizli"},"geometry":{"type":"Point","coordinates":[7.298599,46.951266]}},{"type":"Feature","properties":{"art":"restaurant","name":"Löwen"},"geometry":{"type":"Point","coordinates":[7.340905,46.973157]}},{"type":"Feature","properties":{"art":"badi","name":"Schwimmhalle Neufeld"},"geometry":{"type":"Point","coordinates":[7.433362,46.960678]}},{"type":"Feature","properties":{"art":"badi","name":"Marzilibad"},"geometry":{"type":"Point","coordinates":[7.44372,46.941884]}},{"type":"Feature","properties":{"art":"badi","name":"Schwimmbad Heimenhaus"},"geometry":{"type":"Point","coordinates":[7.413763,46.99218]}},{"type":"Feature","properties":{"art":"badi","name":"Hallenbad Weyermannshaus"},"geometry":{"type":"Point","coordinates":[7.40378,46.948162]}},{"type":"Feature","properties":{"art":"kunst","name":"Bubenberg-Denkmal"},"geometry":{"type":"Point","coordinates":[7.437908,46.946921]}},{"type":"Feature","properties":{"art":"kunst","name":"Florabrunnen"},"geometry":{"type":"Point","coordinates":[7.437277,46.942828]}},{"type":"Feature","properties":{"art":"kunst","name":"Europa auf dem Stier"},"geometry":{"type":"Point","coordinates":[7.460974,46.951892]}},{"type":"Feature","properties":{"art":"kunst","name":"Neptun auf Ross"},"geometry":{"type":"Point","coordinates":[7.460863,46.951814]}},{"type":"Feature","properties":{"art":"kunst","name":"Diskuswerfer"},"geometry":{"type":"Point","coordinates":[7.44429,46.941928]}},{"type":"Feature","properties":{"art":"bar","name":"Raum und Zeit"},"geometry":{"type":"Point","coordinates":[7.420863,46.929501]}},{"type":"Feature","properties":{"art":"kunst","name":"see"},"geometry":{"type":"Point","coordinates":[7.432252,46.962364]}},{"type":"Feature","properties":{"art":"kunst","name":"o.k."},"geometry":{"type":"Point","coordinates":[7.432319,46.962329]}},{"type":"Feature","properties":{"art":"kunst","name":"Schrein"},"geometry":{"type":"Point","coordinates":[7.444245,46.939629]}},{"type":"Feature","properties":{"art":"kunst","name":"Doppel-Kelch"},"geometry":{"type":"Point","coordinates":[7.44637,46.953426]}},{"type":"Feature","properties":{"art":"kunst","name":"Speerwerfer-Gruppe"},"geometry":{"type":"Point","coordinates":[7.445287,46.934323]}},{"type":"Feature","properties":{"art":"kunst","name":"Grosses Moiré-Objekt N"},"geometry":{"type":"Point","coordinates":[7.439536,46.951039]}},{"type":"Feature","properties":{"art":"kunst","name":"Figur IV"},"geometry":{"type":"Point","coordinates":[7.439376,46.951444]}},{"type":"Feature","properties":{"art":"kunst","name":"Balancierender Bär"},"geometry":{"type":"Point","coordinates":[7.459666,46.948251]}},{"type":"Feature","properties":{"art":"kunst"},"geometry":{"type":"Point","coordinates":[7.437655,46.945719]}},{"type":"Feature","properties":{"art":"kunst","name":"Erlach-Denkmal"},"geometry":{"type":"Point","coordinates":[7.448131,46.949206]}},{"type":"Feature","properties":{"art":"kunst","name":"Baldachin"},"geometry":{"type":"Point","coordinates":[7.439077,46.945282]}},{"type":"Feature","properties":{"art":"kunst","name":"Der 4. Ort"},"geometry":{"type":"Point","coordinates":[7.43887,46.950539]}},{"type":"Feature","properties":{"art":"kunst","name":"Frühling"},"geometry":{"type":"Point","coordinates":[7.430256,46.935925]}},{"type":"Feature","properties":{"art":"kunst","name":"Trojanisches Pferd"},"geometry":{"type":"Point","coordinates":[7.428652,46.95699]}},{"type":"Feature","properties":{"art":"kunst","name":"Der gute Geist"},"geometry":{"type":"Point","coordinates":[7.460341,46.952459]}},{"type":"Feature","properties":{"art":"kunst","name":"Pegasus"},"geometry":{"type":"Point","coordinates":[7.472503,46.939044]}},{"type":"Feature","properties":{"art":"kunst","name":"Suspended Sound Line"},"geometry":{"type":"Point","coordinates":[7.444361,46.955373]}},{"type":"Feature","properties":{"art":"kunst","name":"Magisches Tor"},"geometry":{"type":"Point","coordinates":[7.429482,46.952563]}},{"type":"Feature","properties":{"art":"kunst","name":"Venus"},"geometry":{"type":"Point","coordinates":[7.462249,46.963568]}},{"type":"Feature","properties":{"art":"kunst","name":"Stämpfli-Denkmal"},"geometry":{"type":"Point","coordinates":[7.43861,46.950588]}},{"type":"Feature","properties":{"art":"kunst","name":"Piano rythmique, grand"},"geometry":{"type":"Point","coordinates":[7.453332,46.975145]}},{"type":"Feature","properties":{"art":"kunst","name":"Tor"},"geometry":{"type":"Point","coordinates":[7.480411,46.939443]}},{"type":"Feature","properties":{"art":"kunst","name":"Spielende Kinder"},"geometry":{"type":"Point","coordinates":[7.454897,46.955464]}},{"type":"Feature","properties":{"art":"kunst","name":"Zwei Kinder Schulszene"},"geometry":{"type":"Point","coordinates":[7.456538,46.96235]}},{"type":"Feature","properties":{"art":"kunst"},"geometry":{"type":"Point","coordinates":[7.45496,46.963011]}},{"type":"Feature","properties":{"art":"bibliothek","name":"Bibliothek Tscharnergut"},"geometry":{"type":"Point","coordinates":[7.389713,46.948195]}},{"type":"Feature","properties":{"art":"treff","name":"Freizeitwerkstatt im Tscharnergut"},"geometry":{"type":"Point","coordinates":[7.389334,46.948536]}},{"type":"Feature","properties":{"art":"kunst","name":"Narciss I"},"geometry":{"type":"Point","coordinates":[7.436773,46.951019]}},{"type":"Feature","properties":{"art":"kunst","name":"Schattenkamin"},"geometry":{"type":"Point","coordinates":[7.432644,46.941516]}},{"type":"Feature","properties":{"art":"kunst","name":"Schwimmende Balkenplastik"},"geometry":{"type":"Point","coordinates":[7.439535,46.968606]}},{"type":"Feature","properties":{"art":"kunst","name":"Paar"},"geometry":{"type":"Point","coordinates":[7.421308,46.950108]}},{"type":"Feature","properties":{"art":"kunst","name":"Augenblicke"},"geometry":{"type":"Point","coordinates":[7.46746,46.952966]}},{"type":"Feature","properties":{"art":"kunst","name":"Pavillon"},"geometry":{"type":"Point","coordinates":[7.463037,46.987772]}},{"type":"Feature","properties":{"art":"kunst"},"geometry":{"type":"Point","coordinates":[7.472974,46.945431]}},{"type":"Feature","properties":{"art":"kunst","name":"Mutterschaft"},"geometry":{"type":"Point","coordinates":[7.489193,46.957694]}},{"type":"Feature","properties":{"art":"kunst","name":"Stier"},"geometry":{"type":"Point","coordinates":[7.459725,46.993244]}},{"type":"Feature","properties":{"art":"kunst","name":"Familie"},"geometry":{"type":"Point","coordinates":[7.462449,46.988141]}},{"type":"Feature","properties":{"art":"kunst","name":"Grosser Speerwerfer"},"geometry":{"type":"Point","coordinates":[7.480728,46.974374]}},{"type":"Feature","properties":{"art":"kunst","name":"Soldatendenkmal"},"geometry":{"type":"Point","coordinates":[7.440961,46.963122]}},{"type":"Feature","properties":{"art":"kunst","name":"Unterführung Bernstrasse Nord"},"geometry":{"type":"Point","coordinates":[7.402949,46.942007]}},{"type":"Feature","properties":{"art":"kunst","name":"Unterführung Bernstrasse Süd"},"geometry":{"type":"Point","coordinates":[7.402261,46.941701]}},{"type":"Feature","properties":{"art":"kunst","name":"Unterführung Bodenweid"},"geometry":{"type":"Point","coordinates":[7.40209,46.94142]}},{"type":"Feature","properties":{"art":"buehne","name":"La Cravache"},"geometry":{"type":"Point","coordinates":[7.427064,46.933242]}},{"type":"Feature","properties":{"art":"kunst"},"geometry":{"type":"Point","coordinates":[7.444296,46.948156]}},{"type":"Feature","properties":{"art":"kunst","name":"Statue der Wissenschaft"},"geometry":{"type":"Point","coordinates":[7.43825,46.950311]}},{"type":"Feature","properties":{"art":"restaurant","name":"Swisscom Kantine (SV Gruppe), F1"},"geometry":{"type":"Point","coordinates":[7.45784,46.981828]}},{"type":"Feature","properties":{"art":"kunst","name":"11 Brüstungsreliefs \"Wasserkraft\""},"geometry":{"type":"Point","coordinates":[7.45073,46.955257]}},{"type":"Feature","properties":{"art":"restaurant","name":"Sous Sol"},"geometry":{"type":"Point","coordinates":[7.440398,46.949227]}},{"type":"Feature","properties":{"art":"kunst","name":"Ländtetor"},"geometry":{"type":"Point","coordinates":[7.458083,46.94897]}},{"type":"Feature","properties":{"art":"kunst"},"geometry":{"type":"Point","coordinates":[7.433737,46.955811]}}]}