{"type":"FeatureCollection","features":[{"type":"Feature","properties":{"k":"haupt","name":"Brünnen"},"geometry":{"type":"LineString","coordinates":[[7.383624,46.950448],[7.382932,46.949489],[7.382141,46.948626],[7.380505,46.94737],[7.378783,46.946492],[7.375341,46.945327]]}},{"type":"Feature","properties":{"k":"neben","name":"Riedbachstrasse"},"geometry":{"type":"LineString","coordinates":[[7.382617,46.94925],[7.382992,46.948828]]}},{"type":"Feature","properties":{"k":"neben","name":"Waldmannstrasse"},"geometry":{"type":"LineString","coordinates":[[7.393471,46.94705],[7.393367,46.947128],[7.392919,46.947449]]}},{"type":"Feature","properties":{"k":"neben","name":"Riedbachstrasse"},"geometry":{"type":"LineString","coordinates":[[7.369534,46.942895],[7.369038,46.942783],[7.368534,46.942783]]}},{"type":"Feature","properties":{"k":"neben","name":"Bottigenstrasse"},"geometry":{"type":"LineString","coordinates":[[7.336112,46.941337],[7.335359,46.94124]]}},{"type":"Feature","properties":{"k":"haupt","name":"Neue Murtenstrasse"},"geometry":{"type":"LineString","coordinates":[[7.3925,46.954032],[7.392254,46.954059],[7.392144,46.954064],[7.39204,46.954071]]}},{"type":"Feature","properties":{"k":"neben","name":"Bottigenstrasse"},"geometry":{"type":"LineString","coordinates":[[7.385584,46.939415],[7.386464,46.939545]]}},{"type":"Feature","properties":{"k":"neben","name":"Brünnenstrasse"},"geometry":{"type":"LineString","coordinates":[[7.382299,46.945518],[7.383063,46.9451]]}},{"type":"Feature","properties":{"k":"neben"},"geometry":{"type":"LineString","coordinates":[[7.394736,46.947615],[7.394763,46.94763],[7.394778,46.947645]]}},{"type":"Feature","properties":{"k":"neben","name":"Fellerstrasse"},"geometry":{"type":"LineString","coordinates":[[7.384159,46.946757],[7.386909,46.946705],[7.387917,46.946758],[7.391133,46.947157],[7.391524,46.947265],[7.392014,46.947523]]}},{"type":"Feature","properties":{"k":"neben","name":"Winterfeldweg"},"geometry":{"type":"LineString","coordinates":[[7.382422,46.943853],[7.381972,46.943194],[7.38153,46.942076]]}},{"type":"Feature","properties":{"k":"neben","name":"Statthalterstrasse"},"geometry":{"type":"LineString","coordinates":[[7.393367,46.936506],[7.393307,46.936554],[7.392814,46.936932],[7.392758,46.93697]]}},{"type":"Feature","properties":{"k":"neben","name":"Riedbachstrasse"},"geometry":{"type":"LineString","coordinates":[[7.383017,46.948761],[7.383047,46.948673],[7.383063,46.948638],[7.383124,46.948507]]}},{"type":"Feature","properties":{"k":"haupt"},"geometry":{"type":"LineString","coordinates":[[7.389024,46.932361],[7.391145,46.932485],[7.392543,46.93271],[7.393836,46.933108],[7.395118,46.933745]]}},{"type":"Feature","properties":{"k":"neben","name":"Murtenstrasse"},"geometry":{"type":"LineString","coordinates":[[7.390852,46.948792],[7.391082,46.948919],[7.39226,46.94904]]}},{"type":"Feature","properties":{"k":"haupt"},"geometry":{"type":"LineString","coordinates":[[7.394381,46.953994],[7.394534,46.953947],[7.394761,46.953871],[7.394924,46.953812]]}},{"type":"Feature","properties":{"k":"neben"},"geometry":{"type":"LineString","coordinates":[[7.392036,46.954004],[7.392308,46.953703]]}},{"type":"Feature","properties":{"k":"haupt"},"geometry":{"type":"LineString","coordinates":[[7.390948,46.954525],[7.390686,46.954514],[7.390419,46.954495]]}},{"type":"Feature","properties":{"k":"haupt","name":"Eymattstrasse"},"geometry":{"type":"LineString","coordinates":[[7.39204,46.954071],[7.391525,46.954128]]}},{"type":"Feature","properties":{"k":"neben","name":"Knospenweg"},"geometry":{"type":"LineString","coordinates":[[7.388767,46.951331],[7.389401,46.950507],[7.389845,46.949339]]}},{"type":"Feature","properties":{"k":"neben","name":"Bümplizstrasse"},"geometry":{"type":"LineString","coordinates":[[7.392681,46.946438],[7.392626,46.946327]]}},{"type":"Feature","properties":{"k":"neben","name":"Bümplizstrasse"},"geometry":{"type":"LineString","coordinates":[[7.392626,46.946327],[7.392365,46.945774],[7.39233,46.945702],[7.392317,46.945676]]}},{"type":"Feature","properties":{"k":"neben","name":"Glockenstrasse"},"geometry":{"type":"LineString","coordinates":[[7.390443,46.939183],[7.390629,46.939139],[7.390895,46.939188],[7.39131,46.939452]]}},{"type":"Feature","properties":{"k":"neben","name":"Mädergutstrasse"},"geometry":{"type":"LineString","coordinates":[[7.387318,46.93729],[7.387061,46.937303],[7.384718,46.938401],[7.38236,46.937525]]}},{"type":"Feature","properties":{"k":"neben","name":"Mädergutstrasse"},"geometry":{"type":"LineString","coordinates":[[7.385971,46.937833],[7.384855,46.936496],[7.384628,46.936467],[7.384613,46.936373],[7.384715,46.936366],[7.384741,46.936454]]}},{"type":"Feature","properties":{"k":"neben","name":"Kleefeldstrasse"},"geometry":{"type":"LineString","coordinates":[[7.385464,46.938074],[7.386592,46.938958]]}},{"type":"Feature","properties":{"k":"neben","name":"Statthalterstrasse"},"geometry":{"type":"LineString","coordinates":[[7.389468,46.937977],[7.389818,46.938509],[7.388823,46.939023]]}},{"type":"Feature","properties":{"k":"neben","name":"Statthalterstrasse"},"geometry":{"type":"LineString","coordinates":[[7.389578,46.937215],[7.390003,46.937861]]}},{"type":"Feature","properties":{"k":"neben","name":"Kasparstrasse"},"geometry":{"type":"LineString","coordinates":[[7.390294,46.952789],[7.390937,46.952033]]}},{"type":"Feature","properties":{"k":"neben","name":"Frankenstrasse"},"geometry":{"type":"LineString","coordinates":[[7.394111,46.940948],[7.396817,46.939768]]}},{"type":"Feature","properties":{"k":"haupt","name":"Niederbottigenstrasse"},"geometry":{"type":"LineString","coordinates":[[7.370039,46.943297],[7.370042,46.943355],[7.370055,46.94344],[7.370116,46.943606]]}},{"type":"Feature","properties":{"k":"neben","name":"Niederbottigenweg"},"geometry":{"type":"LineString","coordinates":[[7.372504,46.93759],[7.372681,46.938227],[7.372647,46.938427],[7.371918,46.939196]]}},{"type":"Feature","properties":{"k":"neben","name":"Bottigenstrasse"},"geometry":{"type":"LineString","coordinates":[[7.385584,46.939415],[7.385508,46.939408],[7.385467,46.939403],[7.385337,46.939394]]}},{"type":"Feature","properties":{"k":"neben","name":"Bottigenstrasse"},"geometry":{"type":"LineString","coordinates":[[7.336112,46.941337],[7.336446,46.940173],[7.336785,46.939854]]}},{"type":"Feature","properties":{"k":"neben","name":"Matzenriedstrasse"},"geometry":{"type":"LineString","coordinates":[[7.355701,46.935679],[7.35489,46.935325],[7.354271,46.934719]]}},{"type":"Feature","properties":{"k":"neben","name":"Rosshäusernstrasse"},"geometry":{"type":"LineString","coordinates":[[7.335105,46.942464],[7.334568,46.94264],[7.333959,46.942734],[7.333064,46.942704]]}},{"type":"Feature","properties":{"k":"neben","name":"Rosshäusernstrasse"},"geometry":{"type":"LineString","coordinates":[[7.308284,46.940102],[7.309127,46.940246],[7.311405,46.940291],[7.312445,46.940523],[7.314578,46.940484],[7.316789,46.940078],[7.3194,46.940427],[7.322402,46.940547]]}},{"type":"Feature","properties":{"k":"neben","name":"Niederriedweg"},"geometry":{"type":"LineString","coordinates":[[7.337936,46.93138],[7.338009,46.930893],[7.338381,46.930245],[7.338226,46.929765]]}},{"type":"Feature","properties":{"k":"neben","name":"Niederbottigenweg"},"geometry":{"type":"LineString","coordinates":[[7.371562,46.939804],[7.369798,46.939782]]}},{"type":"Feature","properties":{"k":"neben","name":"Mannenriedstrasse"},"geometry":{"type":"LineString","coordinates":[[7.326913,46.941356],[7.326219,46.940893],[7.325246,46.940608],[7.325069,46.940489],[7.324885,46.940184]]}},{"type":"Feature","properties":{"k":"neben","name":"Morgenstrasse"},"geometry":{"type":"LineString","coordinates":[[7.393823,46.938609],[7.392411,46.937178]]}},{"type":"Feature","properties":{"k":"neben","name":"Baumgartenstrasse"},"geometry":{"type":"LineString","coordinates":[[7.393739,46.940449],[7.39431,46.941025],[7.39491,46.941372],[7.396425,46.941739],[7.396782,46.941608]]}},{"type":"Feature","properties":{"k":"neben","name":"Bümplizstrasse"},"geometry":{"type":"LineString","coordinates":[[7.39159,46.939689],[7.391711,46.939643],[7.392117,46.939479],[7.392195,46.939447]]}},{"type":"Feature","properties":{"k":"neben","name":"Bümplizstrasse"},"geometry":{"type":"LineString","coordinates":[[7.390441,46.940088],[7.39159,46.939689]]}},{"type":"Feature","properties":{"k":"neben","name":"Bümplizstrasse"},"geometry":{"type":"LineString","coordinates":[[7.393928,46.938636],[7.395299,46.937999]]}},{"type":"Feature","properties":{"k":"neben","name":"Glockenstrasse"},"geometry":{"type":"LineString","coordinates":[[7.39159,46.939689],[7.391617,46.939783]]}},{"type":"Feature","properties":{"k":"neben","name":"Glockenstrasse"},"geometry":{"type":"LineString","coordinates":[[7.391994,46.94049],[7.392988,46.940324],[7.3933,46.940655]]}},{"type":"Feature","properties":{"k":"neben","name":"Bümplizstrasse"},"geometry":{"type":"LineString","coordinates":[[7.390751,46.941861],[7.390398,46.940826]]}},{"type":"Feature","properties":{"k":"neben","name":"Cedernstrasse"},"geometry":{"type":"LineString","coordinates":[[7.389204,46.942341],[7.388375,46.941123]]}},{"type":"Feature","properties":{"k":"neben","name":"Olivenweg"},"geometry":{"type":"LineString","coordinates":[[7.388422,46.941145],[7.389127,46.940926],[7.389304,46.940983]]}},{"type":"Feature","properties":{"k":"neben","name":"Olivenweg"},"geometry":{"type":"LineString","coordinates":[[7.389304,46.940983],[7.390279,46.940843]]}},{"type":"Feature","properties":{"k":"neben","name":"Heimstrasse"},"geometry":{"type":"LineString","coordinates":[[7.387273,46.942954],[7.386502,46.942194],[7.3859,46.941739]]}},{"type":"Feature","properties":{"k":"neben","name":"Stapfenackerstrasse"},"geometry":{"type":"LineString","coordinates":[[7.3859,46.941739],[7.385093,46.942249]]}},{"type":"Feature","properties":{"k":"neben","name":"Stapfenackerstrasse"},"geometry":{"type":"LineString","coordinates":[[7.384478,46.942965],[7.384518,46.942943],[7.384797,46.94281]]}},{"type":"Feature","properties":{"k":"neben","name":"Stapfenackerstrasse"},"geometry":{"type":"LineString","coordinates":[[7.384895,46.943321],[7.384143,46.943702],[7.383562,46.943205]]}},{"type":"Feature","properties":{"k":"neben","name":"Stapfenackerstrasse"},"geometry":{"type":"LineString","coordinates":[[7.385093,46.942249],[7.384853,46.942399],[7.384287,46.942751],[7.384244,46.942777]]}},{"type":"Feature","properties":{"k":"neben","name":"Stapfenackerstrasse"},"geometry":{"type":"LineString","coordinates":[[7.384704,46.943153],[7.385434,46.943781]]}},{"type":"Feature","properties":{"k":"neben","name":"Stapfenackerstrasse"},"geometry":{"type":"LineString","coordinates":[[7.38409,46.942875],[7.3842,46.942805],[7.384244,46.942777]]}},{"type":"Feature","properties":{"k":"neben","name":"Weidgasse"},"geometry":{"type":"LineString","coordinates":[[7.389585,46.936156],[7.39057,46.935731]]}},{"type":"Feature","properties":{"k":"neben","name":"Wangenstrasse"},"geometry":{"type":"LineString","coordinates":[[7.390304,46.93688],[7.390728,46.937513]]}},{"type":"Feature","properties":{"k":"neben","name":"Obermattstrasse"},"geometry":{"type":"LineString","coordinates":[[7.389578,46.937215],[7.387901,46.937957]]}},{"type":"Feature","properties":{"k":"neben","name":"Jöggiackerstrasse"},"geometry":{"type":"LineString","coordinates":[[7.388159,46.93397],[7.387433,46.934507]]}},{"type":"Feature","properties":{"k":"neben","name":"Rehhagstrasse"},"geometry":{"type":"LineString","coordinates":[[7.382093,46.93284],[7.380826,46.93242]]}},{"type":"Feature","properties":{"k":"neben","name":"Niederbottigenstrasse"},"geometry":{"type":"LineString","coordinates":[[7.370032,46.942837],[7.36997,46.941367],[7.369647,46.940601],[7.369678,46.940013]]}},{"type":"Feature","properties":{"k":"neben","name":"Hagröseliweg"},"geometry":{"type":"LineString","coordinates":[[7.387536,46.950488],[7.388116,46.95087]]}},{"type":"Feature","properties":{"k":"neben","name":"Maiglöggliweg"},"geometry":{"type":"LineString","coordinates":[[7.388116,46.95087],[7.388731,46.949621]]}},{"type":"Feature","properties":{"k":"neben","name":"Kornweg"},"geometry":{"type":"LineString","coordinates":[[7.387536,46.950488],[7.387926,46.949728],[7.388731,46.949621]]}},{"type":"Feature","properties":{"k":"neben","name":"Hagröseliweg"},"geometry":{"type":"LineString","coordinates":[[7.388116,46.95087],[7.388767,46.951331]]}},{"type":"Feature","properties":{"k":"neben","name":"Melchiorstrasse"},"geometry":{"type":"LineString","coordinates":[[7.388767,46.951331],[7.388742,46.951364],[7.388536,46.95162]]}},{"type":"Feature","properties":{"k":"neben","name":"Kornweg"},"geometry":{"type":"LineString","coordinates":[[7.393129,46.950389],[7.392269,46.950144]]}},{"type":"Feature","properties":{"k":"haupt","name":"Eymattstrasse"},"geometry":{"type":"LineString","coordinates":[[7.390486,46.954858],[7.390465,46.954934],[7.39043,46.955061]]}},{"type":"Feature","properties":{"k":"neben","name":"Brünnenstrasse"},"geometry":{"type":"LineString","coordinates":[[7.3816,46.945928],[7.381741,46.945813],[7.382115,46.945511],[7.382161,46.945476]]}},{"type":"Feature","properties":{"k":"neben","name":"Holenackerstrasse"},"geometry":{"type":"LineString","coordinates":[[7.381525,46.949009],[7.381175,46.950139],[7.380565,46.950599],[7.38034,46.950598],[7.380399,46.950512],[7.380658,46.950533]]}},{"type":"Feature","properties":{"k":"neben","name":"Riedernstrasse"},"geometry":{"type":"LineString","coordinates":[[7.351773,46.951919],[7.351894,46.952037],[7.355201,46.951678]]}},{"type":"Feature","properties":{"k":"neben","name":"Waldmannstrasse"},"geometry":{"type":"LineString","coordinates":[[7.390852,46.948792],[7.390452,46.948854],[7.388886,46.948791],[7.3855,46.949027],[7.384155,46.948949],[7.383017,46.948761]]}},{"type":"Feature","properties":{"k":"neben","name":"Sägehofweg"},"geometry":{"type":"LineString","coordinates":[[7.395344,46.948075],[7.39475,46.949229]]}},{"type":"Feature","properties":{"k":"neben","name":"Zelgstrasse"},"geometry":{"type":"LineString","coordinates":[[7.39406,46.948666],[7.393215,46.94848]]}},{"type":"Feature","properties":{"k":"neben","name":"Zelgstrasse"},"geometry":{"type":"LineString","coordinates":[[7.394253,46.947483],[7.393215,46.94848]]}},{"type":"Feature","properties":{"k":"neben","name":"Zelgstrasse"},"geometry":{"type":"LineString","coordinates":[[7.393215,46.94848],[7.391765,46.94835],[7.391538,46.948262]]}},{"type":"Feature","properties":{"k":"neben","name":"Murtenstrasse"},"geometry":{"type":"LineString","coordinates":[[7.393662,46.949193],[7.393602,46.949153],[7.39353,46.949106]]}},{"type":"Feature","properties":{"k":"neben","name":"Murtenstrasse"},"geometry":{"type":"LineString","coordinates":[[7.386571,46.949188],[7.385724,46.94938]]}},{"type":"Feature","properties":{"k":"neben","name":"Murtenstrasse"},"geometry":{"type":"LineString","coordinates":[[7.385719,46.949027],[7.385724,46.94938]]}},{"type":"Feature","properties":{"k":"haupt"},"geometry":{"type":"LineString","coordinates":[[7.384027,46.950819],[7.384997,46.952084],[7.385996,46.952927],[7.387238,46.953613],[7.388879,46.954157]]}},{"type":"Feature","properties":{"k":"neben","name":"Gäbelbachstrasse"},"geometry":{"type":"LineString","coordinates":[[7.380545,46.94864],[7.378939,46.949009]]}},{"type":"Feature","properties":{"k":"neben","name":"Weiermattstrasse"},"geometry":{"type":"LineString","coordinates":[[7.379005,46.948373],[7.378054,46.948158],[7.377734,46.948206]]}},{"type":"Feature","properties":{"k":"neben","name":"Weiermattstrasse"},"geometry":{"type":"LineString","coordinates":[[7.377734,46.948206],[7.377625,46.948218],[7.37664,46.948335]]}},{"type":"Feature","properties":{"k":"neben","name":"Weiermattstrasse"},"geometry":{"type":"LineString","coordinates":[[7.376381,46.948367],[7.375377,46.948531]]}},{"type":"Feature","properties":{"k":"haupt","name":"Murtenstrasse"},"geometry":{"type":"LineString","coordinates":[[7.378425,46.948021],[7.377224,46.948164],[7.376929,46.948135]]}},{"type":"Feature","properties":{"k":"neben","name":"Billeweg"},"geometry":{"type":"LineString","coordinates":[[7.378886,46.945021],[7.378164,46.947466],[7.378033,46.9475],[7.377077,46.947368]]}},{"type":"Feature","properties":{"k":"neben","name":"Colombstrasse"},"geometry":{"type":"LineString","coordinates":[[7.377796,46.944885],[7.37701,46.947593]]}},{"type":"Feature","properties":{"k":"haupt"},"geometry":{"type":"LineString","coordinates":[[7.370311,46.944092],[7.370317,46.944102],[7.370329,46.944124]]}},{"type":"Feature","properties":{"k":"haupt","name":"Niederbottigenstrasse"},"geometry":{"type":"LineString","coordinates":[[7.370611,46.944662],[7.370628,46.944693]]}},{"type":"Feature","properties":{"k":"neben","name":"Riedbachstrasse"},"geometry":{"type":"LineString","coordinates":[[7.370469,46.943099],[7.370299,46.943101],[7.3702,46.9431],[7.370145,46.943104]]}},{"type":"Feature","properties":{"k":"neben","name":"Gäbelbachstrasse"},"geometry":{"type":"LineString","coordinates":[[7.378153,46.949399],[7.376817,46.949224]]}},{"type":"Feature","properties":{"k":"neben","name":"Napoleonsbrücke"},"geometry":{"type":"LineString","coordinates":[[7.375,46.950493],[7.374739,46.950527]]}},{"type":"Feature","properties":{"k":"neben","name":"Asylweg"},"geometry":{"type":"LineString","coordinates":[[7.383212,46.948328],[7.382314,46.948168]]}},{"type":"Feature","properties":{"k":"neben","name":"Asylweg"},"geometry":{"type":"LineString","coordinates":[[7.382314,46.948168],[7.382585,46.947252],[7.383546,46.946309]]}},{"type":"Feature","properties":{"k":"neben","name":"Niederbottigenweg"},"geometry":{"type":"LineString","coordinates":[[7.368534,46.942783],[7.368505,46.942734],[7.368491,46.942692],[7.368496,46.942613]]}},{"type":"Feature","properties":{"k":"neben","name":"Niederbottigenweg"},"geometry":{"type":"LineString","coordinates":[[7.368496,46.942613],[7.368543,46.942435]]}},{"type":"Feature","properties":{"k":"neben","name":"Niederbottigenweg"},"geometry":{"type":"LineString","coordinates":[[7.368543,46.942435],[7.368711,46.942127],[7.368455,46.941481],[7.368562,46.940902],[7.369352,46.940063],[7.369678,46.940013]]}},{"type":"Feature","properties":{"k":"neben","name":"Buchweg"},"geometry":{"type":"LineString","coordinates":[[7.351833,46.943731],[7.351457,46.943606],[7.350574,46.943528],[7.349461,46.943202]]}},{"type":"Feature","properties":{"k":"neben","name":"Buchweg"},"geometry":{"type":"LineString","coordinates":[[7.349671,46.942879],[7.349757,46.942782]]}},{"type":"Feature","properties":{"k":"neben","name":"Buchweg"},"geometry":{"type":"LineString","coordinates":[[7.349757,46.942782],[7.350079,46.942244],[7.350117,46.941523],[7.350423,46.941201]]}},{"type":"Feature","properties":{"k":"neben","name":"Oberbottigenweg"},"geometry":{"type":"LineString","coordinates":[[7.355701,46.935679],[7.354494,46.936198],[7.353532,46.936228],[7.352496,46.936489],[7.351554,46.93637]]}},{"type":"Feature","properties":{"k":"neben","name":"Oberbottigenweg"},"geometry":{"type":"LineString","coordinates":[[7.343224,46.936285],[7.343466,46.936856],[7.344365,46.937154]]}},{"type":"Feature","properties":{"k":"neben","name":"Oberbottigenrain"},"geometry":{"type":"LineString","coordinates":[[7.354537,46.936186],[7.354371,46.936613],[7.353975,46.93657]]}},{"type":"Feature","properties":{"k":"neben","name":"Hausmattweg"},"geometry":{"type":"LineString","coordinates":[[7.350213,46.935513],[7.350038,46.934038]]}},{"type":"Feature","properties":{"k":"neben","name":"Stegenweg"},"geometry":{"type":"LineString","coordinates":[[7.358274,46.932991],[7.357925,46.933062]]}},{"type":"Feature","properties":{"k":"neben","name":"Stegenweg"},"geometry":{"type":"LineString","coordinates":[[7.354406,46.933937],[7.354379,46.93403],[7.354363,46.934096],[7.354271,46.934719]]}},{"type":"Feature","properties":{"k":"neben","name":"Holzweg"},"geometry":{"type":"LineString","coordinates":[[7.35132,46.933941],[7.351388,46.933597],[7.351275,46.933375]]}},{"type":"Feature","properties":{"k":"neben","name":"Niederriedweg"},"geometry":{"type":"LineString","coordinates":[[7.337567,46.932233],[7.337381,46.933458]]}},{"type":"Feature","properties":{"k":"neben","name":"Riedbachstrasse"},"geometry":{"type":"LineString","coordinates":[[7.384159,46.946757],[7.383844,46.946479],[7.382478,46.945693]]}},{"type":"Feature","properties":{"k":"neben","name":"Riedbachstrasse"},"geometry":{"type":"LineString","coordinates":[[7.3327,46.943139],[7.332865,46.942822]]}},{"type":"Feature","properties":{"k":"neben","name":"Rosshäusernstrasse"},"geometry":{"type":"LineString","coordinates":[[7.332759,46.942632],[7.332623,46.942577],[7.332447,46.942495],[7.332335,46.942448]]}},{"type":"Feature","properties":{"k":"neben","name":"Rosshäusernstrasse"},"geometry":{"type":"LineString","coordinates":[[7.326913,46.941356],[7.32292,46.940554],[7.322402,46.940547]]}},{"type":"Feature","properties":{"k":"haupt"},"geometry":{"type":"LineString","coordinates":[[7.385799,46.932078],[7.388068,46.932324]]}},{"type":"Feature","properties":{"k":"haupt"},"geometry":{"type":"LineString","coordinates":[[7.382614,46.931091],[7.381245,46.930212],[7.379727,46.928772]]}},{"type":"Feature","properties":{"k":"haupt"},"geometry":{"type":"LineString","coordinates":[[7.3892,46.932453],[7.386884,46.932323],[7.385207,46.932041]]}},{"type":"Feature","properties":{"k":"neben","name":"Matzenriedstrasse"},"geometry":{"type":"LineString","coordinates":[[7.334593,46.930628],[7.333012,46.930309],[7.331454,46.930144],[7.330809,46.929997]]}},{"type":"Feature","properties":{"k":"neben","name":"Hüsliackerstrasse"},"geometry":{"type":"LineString","coordinates":[[7.382719,46.932221],[7.382684,46.932261],[7.382473,46.932488],[7.382244,46.932739]]}},{"type":"Feature","properties":{"k":"haupt","name":"Hallmattstrasse"},"geometry":{"type":"LineString","coordinates":[[7.385662,46.932363],[7.385175,46.932397],[7.384704,46.932318],[7.38291,46.931564]]}},{"type":"Feature","properties":{"k":"neben","name":"Jöggiackerstrasse"},"geometry":{"type":"LineString","coordinates":[[7.387601,46.934736],[7.386077,46.935707]]}},{"type":"Feature","properties":{"k":"neben","name":"Statthalterstrasse"},"geometry":{"type":"LineString","coordinates":[[7.390862,46.937689],[7.388,46.938282],[7.385584,46.939415]]}},{"type":"Feature","properties":{"k":"haupt","name":"Hallmattstrasse"},"geometry":{"type":"LineString","coordinates":[[7.385916,46.932264],[7.386544,46.931783]]}},{"type":"Feature","properties":{"k":"neben","name":"Obermattstrasse"},"geometry":{"type":"LineString","coordinates":[[7.390304,46.93688],[7.389578,46.937215]]}},{"type":"Feature","properties":{"k":"neben","name":"Wangenstrasse"},"geometry":{"type":"LineString","coordinates":[[7.387433,46.934507],[7.387601,46.934736]]}},{"type":"Feature","properties":{"k":"haupt","name":"Brünnen"},"geometry":{"type":"LineString","coordinates":[[7.373948,46.944861],[7.374708,46.945035],[7.375303,46.945191]]}},{"type":"Feature","properties":{"k":"neben"},"geometry":{"type":"LineString","coordinates":[[7.369935,46.943117],[7.369928,46.942959],[7.370134,46.94296],[7.370145,46.943104],[7.369935,46.943117]]}},{"type":"Feature","properties":{"k":"neben","name":"Moosweg"},"geometry":{"type":"LineString","coordinates":[[7.371716,46.937719],[7.37174,46.937306],[7.372609,46.934015],[7.373182,46.932562]]}},{"type":"Feature","properties":{"k":"neben","name":"Brünnackerstrasse"},"geometry":{"type":"LineString","coordinates":[[7.38599,46.939255],[7.385553,46.93902],[7.384384,46.938914],[7.38312,46.93843],[7.382818,46.938654]]}},{"type":"Feature","properties":{"k":"neben","name":"Brünnackerstrasse"},"geometry":{"type":"LineString","coordinates":[[7.384073,46.938824],[7.383905,46.939094],[7.38389,46.939119],[7.383882,46.939131]]}},{"type":"Feature","properties":{"k":"neben","name":"Fröschmattstrasse"},"geometry":{"type":"LineString","coordinates":[[7.384294,46.939239],[7.383883,46.939748],[7.383544,46.940459],[7.383451,46.940998],[7.383583,46.94143]]}},{"type":"Feature","properties":{"k":"neben","name":"Waldmeisterstrasse"},"geometry":{"type":"LineString","coordinates":[[7.383263,46.938893],[7.382734,46.939498],[7.382513,46.939952]]}},{"type":"Feature","properties":{"k":"neben","name":"Waldmeisterstrasse"},"geometry":{"type":"LineString","coordinates":[[7.381458,46.939101],[7.382844,46.939357]]}},{"type":"Feature","properties":{"k":"neben","name":"Grossackerstrasse"},"geometry":{"type":"LineString","coordinates":[[7.381207,46.939817],[7.383572,46.940383]]}},{"type":"Feature","properties":{"k":"neben","name":"Winterfeldweg"},"geometry":{"type":"LineString","coordinates":[[7.381186,46.941169],[7.382325,46.941012]]}},{"type":"Feature","properties":{"k":"neben","name":"Zypressenstrasse"},"geometry":{"type":"LineString","coordinates":[[7.384764,46.940885],[7.383365,46.941546],[7.38175,46.942663]]}},{"type":"Feature","properties":{"k":"neben","name":"Winterholzstrasse"},"geometry":{"type":"LineString","coordinates":[[7.383063,46.9451],[7.380689,46.944825],[7.380533,46.944673]]}},{"type":"Feature","properties":{"k":"neben","name":"Wintermattweg"},"geometry":{"type":"LineString","coordinates":[[7.380533,46.944673],[7.38062,46.944551],[7.382422,46.943853]]}},{"type":"Feature","properties":{"k":"neben","name":"Wintermattweg"},"geometry":{"type":"LineString","coordinates":[[7.381086,46.944373],[7.382523,46.944566],[7.383005,46.944333]]}},{"type":"Feature","properties":{"k":"neben"},"geometry":{"type":"LineString","coordinates":[[7.386475,46.94472],[7.385434,46.943781]]}},{"type":"Feature","properties":{"k":"neben"},"geometry":{"type":"LineString","coordinates":[[7.386524,46.943595],[7.387401,46.944403]]}},{"type":"Feature","properties":{"k":"neben","name":"Stapfenstrasse"},"geometry":{"type":"LineString","coordinates":[[7.386736,46.944631],[7.385756,46.945067]]}},{"type":"Feature","properties":{"k":"neben","name":"Abendstrasse"},"geometry":{"type":"LineString","coordinates":[[7.385405,46.946748],[7.385399,46.946402],[7.385631,46.94621]]}},{"type":"Feature","properties":{"k":"neben","name":"Mühledorfstrasse"},"geometry":{"type":"LineString","coordinates":[[7.388425,46.945087],[7.389076,46.945417],[7.390406,46.94559]]}},{"type":"Feature","properties":{"k":"neben","name":"Heimstrasse"},"geometry":{"type":"LineString","coordinates":[[7.388375,46.944063],[7.387312,46.942993],[7.387273,46.942954]]}},{"type":"Feature","properties":{"k":"neben","name":"Abendstrasse"},"geometry":{"type":"LineString","coordinates":[[7.387123,46.945474],[7.388252,46.945073]]}},{"type":"Feature","properties":{"k":"neben","name":"Lorbeerstrasse"},"geometry":{"type":"LineString","coordinates":[[7.388566,46.942543],[7.389648,46.943697]]}},{"type":"Feature","properties":{"k":"neben","name":"Veilchenweg"},"geometry":{"type":"LineString","coordinates":[[7.389024,46.943],[7.389541,46.942788],[7.389601,46.942678],[7.390442,46.942398],[7.390725,46.94238]]}},{"type":"Feature","properties":{"k":"neben","name":"Buchdruckerweg"},"geometry":{"type":"LineString","coordinates":[[7.390713,46.942724],[7.391325,46.942598]]}},{"type":"Feature","properties":{"k":"neben","name":"Peterweg"},"geometry":{"type":"LineString","coordinates":[[7.391308,46.941722],[7.391329,46.941764],[7.391555,46.942191],[7.391714,46.942492]]}},{"type":"Feature","properties":{"k":"neben","name":"Alemannenstrasse"},"geometry":{"type":"LineString","coordinates":[[7.393756,46.942774],[7.394993,46.942472],[7.39576,46.942543],[7.395767,46.942679],[7.394437,46.943408]]}},{"type":"Feature","properties":{"k":"neben","name":"Indermühleweg"},"geometry":{"type":"LineString","coordinates":[[7.394153,46.943196],[7.392046,46.943928]]}},{"type":"Feature","properties":{"k":"neben","name":"Schwabstrasse"},"geometry":{"type":"LineString","coordinates":[[7.39237,46.945581],[7.393198,46.945369],[7.395235,46.944069]]}},{"type":"Feature","properties":{"k":"neben","name":"Thüringstrasse"},"geometry":{"type":"LineString","coordinates":[[7.394737,46.943633],[7.392701,46.944336]]}},{"type":"Feature","properties":{"k":"neben"},"geometry":{"type":"LineString","coordinates":[[7.391918,46.944771],[7.392063,46.944752],[7.392468,46.944996]]}},{"type":"Feature","properties":{"k":"neben","name":"Normannenstrasse"},"geometry":{"type":"LineString","coordinates":[[7.392677,46.945528],[7.392884,46.945937],[7.393143,46.946081],[7.39609,46.946224],[7.396625,46.946132],[7.397498,46.94559]]}},{"type":"Feature","properties":{"k":"neben","name":"Balthasarstrasse"},"geometry":{"type":"LineString","coordinates":[[7.392269,46.950144],[7.391311,46.951214],[7.391403,46.95133]]}},{"type":"Feature","properties":{"k":"haupt"},"geometry":{"type":"LineString","coordinates":[[7.388708,46.954216],[7.387165,46.953693],[7.385906,46.953],[7.384883,46.952138],[7.384035,46.951065]]}},{"type":"Feature","properties":{"k":"haupt"},"geometry":{"type":"LineString","coordinates":[[7.388879,46.954157],[7.389035,46.954192],[7.389174,46.954222]]}},{"type":"Feature","properties":{"k":"haupt"},"geometry":{"type":"LineString","coordinates":[[7.336831,46.949082],[7.33926,46.948476],[7.343711,46.946821]]}},{"type":"Feature","properties":{"k":"haupt"},"geometry":{"type":"LineString","coordinates":[[7.348372,46.945971],[7.345901,46.946355],[7.343771,46.946914]]}},{"type":"Feature","properties":{"k":"haupt"},"geometry":{"type":"LineString","coordinates":[[7.348349,46.94587],[7.354392,46.945536],[7.358906,46.945112]]}},{"type":"Feature","properties":{"k":"haupt"},"geometry":{"type":"LineString","coordinates":[[7.343711,46.946821],[7.346076,46.946213],[7.348349,46.94587]]}},{"type":"Feature","properties":{"k":"neben","name":"Eymattstrasse"},"geometry":{"type":"LineString","coordinates":[[7.390736,46.952854],[7.390124,46.953301],[7.389793,46.953405]]}},{"type":"Feature","properties":{"k":"haupt","name":"Murtenstrasse"},"geometry":{"type":"LineString","coordinates":[[7.372386,46.947062],[7.372767,46.947446]]}},{"type":"Feature","properties":{"k":"haupt","name":"Murtenstrasse"},"geometry":{"type":"LineString","coordinates":[[7.379562,46.9479],[7.38052,46.947958],[7.38114,46.948229]]}},{"type":"Feature","properties":{"k":"neben","name":"Gäbelbachweg"},"geometry":{"type":"LineString","coordinates":[[7.377948,46.949504],[7.375557,46.950397]]}},{"type":"Feature","properties":{"k":"neben","name":"Bottigenstrasse"},"geometry":{"type":"LineString","coordinates":[[7.377232,46.937258],[7.375053,46.937148],[7.372587,46.937573]]}},{"type":"Feature","properties":{"k":"neben","name":"Waldmannstrasse"},"geometry":{"type":"LineString","coordinates":[[7.392318,46.947663],[7.392047,46.947798],[7.390852,46.948792]]}},{"type":"Feature","properties":{"k":"neben","name":"Riedbachstrasse"},"geometry":{"type":"LineString","coordinates":[[7.335689,46.943644],[7.335049,46.943656]]}},{"type":"Feature","properties":{"k":"neben","name":"Brünnenstrasse"},"geometry":{"type":"LineString","coordinates":[[7.387273,46.942954],[7.390056,46.942073]]}},{"type":"Feature","properties":{"k":"haupt","name":"Neue Murtenstrasse"},"geometry":{"type":"LineString","coordinates":[[7.381435,46.948436],[7.381498,46.948491],[7.38158,46.948571],[7.381648,46.94867]]}},{"type":"Feature","properties":{"k":"neben"},"geometry":{"type":"LineString","coordinates":[[7.367935,46.950875],[7.367445,46.951681]]}},{"type":"Feature","properties":{"k":"neben","name":"Niederfeldweg"},"geometry":{"type":"LineString","coordinates":[[7.338336,46.938679],[7.337247,46.938351],[7.336817,46.938145],[7.334031,46.936106],[7.332785,46.935634],[7.33134,46.93527],[7.329862,46.934711],[7.32901,46.93429],[7.327458,46.933313]]}},{"type":"Feature","properties":{"k":"neben","name":"Niederriedweg"},"geometry":{"type":"LineString","coordinates":[[7.337309,46.935288],[7.338031,46.935646],[7.338145,46.936196],[7.337917,46.937227],[7.337355,46.93838]]}},{"type":"Feature","properties":{"k":"neben","name":"Oberbottigenweg"},"geometry":{"type":"LineString","coordinates":[[7.349802,46.936281],[7.34919,46.936159],[7.347617,46.936065]]}},{"type":"Feature","properties":{"k":"haupt"},"geometry":{"type":"LineString","coordinates":[[7.373147,46.944801],[7.37078,46.944443]]}},{"type":"Feature","properties":{"k":"haupt","name":"Brünnen"},"geometry":{"type":"LineString","coordinates":[[7.375341,46.945327],[7.374892,46.945208],[7.374092,46.945003]]}},{"type":"Feature","properties":{"k":"haupt","name":"Brünnen"},"geometry":{"type":"LineString","coordinates":[[7.375303,46.945191],[7.378432,46.946205],[7.38061,46.947276],[7.382274,46.948551],[7.383079,46.949436],[7.383751,46.950403]]}},{"type":"Feature","properties":{"k":"neben","name":"Bottigenstrasse"},"geometry":{"type":"LineString","coordinates":[[7.336398,46.944987],[7.335902,46.944031]]}},{"type":"Feature","properties":{"k":"neben","name":"Riedbachstrasse"},"geometry":{"type":"LineString","coordinates":[[7.331496,46.946226],[7.331461,46.945931],[7.331922,46.945397],[7.332262,46.944697],[7.332522,46.943426]]}},{"type":"Feature","properties":{"k":"neben","name":"Bottigenstrasse"},"geometry":{"type":"LineString","coordinates":[[7.335689,46.943644],[7.335455,46.943295],[7.335133,46.943124],[7.33501,46.942955],[7.335043,46.942758],[7.335363,46.942344]]}},{"type":"Feature","properties":{"k":"neben","name":"Bottigenstrasse"},"geometry":{"type":"LineString","coordinates":[[7.335718,46.943692],[7.335689,46.943644]]}},{"type":"Feature","properties":{"k":"haupt"},"geometry":{"type":"LineString","coordinates":[[7.395031,46.933808],[7.393781,46.933185],[7.392505,46.932791],[7.391126,46.932568],[7.3892,46.932453]]}},{"type":"Feature","properties":{"k":"haupt"},"geometry":{"type":"LineString","coordinates":[[7.390419,46.954495],[7.389073,46.9543]]}},{"type":"Feature","properties":{"k":"haupt","name":"Neue Murtenstrasse"},"geometry":{"type":"LineString","coordinates":[[7.388147,46.954333],[7.388997,46.954553]]}},{"type":"Feature","properties":{"k":"haupt"},"geometry":{"type":"LineString","coordinates":[[7.389174,46.954222],[7.390504,46.954406]]}},{"type":"Feature","properties":{"k":"haupt"},"geometry":{"type":"LineString","coordinates":[[7.390504,46.954406],[7.390734,46.954421],[7.390947,46.95443],[7.39109,46.954434]]}},{"type":"Feature","properties":{"k":"haupt"},"geometry":{"type":"LineString","coordinates":[[7.389073,46.9543],[7.388897,46.954262],[7.388708,46.954216]]}},{"type":"Feature","properties":{"k":"haupt","name":"Neue Murtenstrasse"},"geometry":{"type":"LineString","coordinates":[[7.390486,46.954858],[7.390384,46.954854],[7.390262,46.954847],[7.390089,46.954828]]}},{"type":"Feature","properties":{"k":"neben","name":"Riedbachstrasse"},"geometry":{"type":"LineString","coordinates":[[7.382299,46.945518],[7.382161,46.945476]]}},{"type":"Feature","properties":{"k":"haupt","name":"Freiburgstrasse"},"geometry":{"type":"LineString","coordinates":[[7.392619,46.934862],[7.393962,46.935858],[7.395366,46.937094]]}},{"type":"Feature","properties":{"k":"neben","name":"Lagerhausweg"},"geometry":{"type":"LineString","coordinates":[[7.393367,46.936506],[7.394896,46.937444]]}},{"type":"Feature","properties":{"k":"haupt","name":"Freiburgstrasse"},"geometry":{"type":"LineString","coordinates":[[7.378119,46.926022],[7.380655,46.927911],[7.38288,46.928948]]}},{"type":"Feature","properties":{"k":"neben","name":"Brünnenstrasse"},"geometry":{"type":"LineString","coordinates":[[7.390751,46.941861],[7.391503,46.941664]]}},{"type":"Feature","properties":{"k":"neben","name":"Morgenstrasse"},"geometry":{"type":"LineString","coordinates":[[7.392411,46.937178],[7.389767,46.935107],[7.386778,46.933011]]}},{"type":"Feature","properties":{"k":"neben","name":"Bernstrasse"},"geometry":{"type":"LineString","coordinates":[[7.390441,46.940088],[7.392252,46.940825]]}},{"type":"Feature","properties":{"k":"neben","name":"Statthalterstrasse"},"geometry":{"type":"LineString","coordinates":[[7.387534,46.938453],[7.387503,46.938417],[7.387093,46.937937],[7.386758,46.937542]]}},{"type":"Feature","properties":{"k":"neben","name":"Lagerhausweg"},"geometry":{"type":"LineString","coordinates":[[7.391426,46.935366],[7.392451,46.935989],[7.392747,46.936151]]}},{"type":"Feature","properties":{"k":"neben","name":"Lagerhausweg"},"geometry":{"type":"LineString","coordinates":[[7.392747,46.936151],[7.39332,46.936478],[7.393367,46.936506]]}},{"type":"Feature","properties":{"k":"neben","name":"Statthalterstrasse"},"geometry":{"type":"LineString","coordinates":[[7.392758,46.93697],[7.392411,46.937178]]}},{"type":"Feature","properties":{"k":"neben","name":"Bernstrasse"},"geometry":{"type":"LineString","coordinates":[[7.392615,46.941274],[7.392747,46.941305],[7.392741,46.941407]]}},{"type":"Feature","properties":{"k":"neben","name":"Keltenstrasse"},"geometry":{"type":"LineString","coordinates":[[7.395244,46.944003],[7.393951,46.943006],[7.393038,46.941727],[7.392995,46.941515]]}},{"type":"Feature","properties":{"k":"neben","name":"Hüsliackerstrasse"},"geometry":{"type":"LineString","coordinates":[[7.382779,46.932155],[7.382719,46.932221]]}},{"type":"Feature","properties":{"k":"neben","name":"Hüsliackerstrasse"},"geometry":{"type":"LineString","coordinates":[[7.383203,46.931687],[7.382779,46.932155]]}},{"type":"Feature","properties":{"k":"neben","name":"Murtenstrasse"},"geometry":{"type":"LineString","coordinates":[[7.395501,46.949175],[7.393775,46.949267]]}},{"type":"Feature","properties":{"k":"neben","name":"Riedbachstrasse"},"geometry":{"type":"LineString","coordinates":[[7.383124,46.948507],[7.383212,46.948328],[7.383304,46.948144]]}},{"type":"Feature","properties":{"k":"neben","name":"Neuhausweg"},"geometry":{"type":"LineString","coordinates":[[7.395681,46.949161],[7.395782,46.950028],[7.395537,46.950565],[7.393341,46.950023]]}},{"type":"Feature","properties":{"k":"neben","name":"Eymattstrasse"},"geometry":{"type":"LineString","coordinates":[[7.39371,46.949329],[7.393728,46.949308],[7.393748,46.949287],[7.393775,46.949267]]}},{"type":"Feature","properties":{"k":"neben","name":"Ramuzstrasse"},"geometry":{"type":"LineString","coordinates":[[7.374864,46.947017],[7.375592,46.944599]]}},{"type":"Feature","properties":{"k":"neben","name":"Eichholzstrasse"},"geometry":{"type":"LineString","coordinates":[[7.386347,46.951046],[7.386571,46.949188]]}},{"type":"Feature","properties":{"k":"neben","name":"Murtenstrasse"},"geometry":{"type":"LineString","coordinates":[[7.385724,46.94938],[7.38444,46.949673],[7.38423,46.949847]]}},{"type":"Feature","properties":{"k":"neben","name":"Melchiorstrasse"},"geometry":{"type":"LineString","coordinates":[[7.388536,46.95162],[7.388482,46.951686],[7.388218,46.952003]]}},{"type":"Feature","properties":{"k":"neben","name":"Melchiorstrasse"},"geometry":{"type":"LineString","coordinates":[[7.390736,46.952854],[7.390099,46.952743],[7.388218,46.952003]]}},{"type":"Feature","properties":{"k":"neben","name":"Anemonenweg"},"geometry":{"type":"LineString","coordinates":[[7.390239,46.950785],[7.389831,46.950642],[7.389401,46.950507]]}},{"type":"Feature","properties":{"k":"neben","name":"Buchdruckerweg"},"geometry":{"type":"LineString","coordinates":[[7.391325,46.942598],[7.391714,46.942492],[7.392899,46.94216]]}},{"type":"Feature","properties":{"k":"neben","name":"Bümplizstrasse"},"geometry":{"type":"LineString","coordinates":[[7.393471,46.94705],[7.392996,46.946775]]}},{"type":"Feature","properties":{"k":"neben","name":"Riedernstrasse"},"geometry":{"type":"LineString","coordinates":[[7.355498,46.951642],[7.357522,46.951368],[7.358507,46.95104],[7.359208,46.950702]]}},{"type":"Feature","properties":{"k":"neben"},"geometry":{"type":"LineString","coordinates":[[7.355357,46.951791],[7.355201,46.951678]]}},{"type":"Feature","properties":{"k":"neben","name":"Niederbottigenweg"},"geometry":{"type":"LineString","coordinates":[[7.371562,46.939804],[7.373035,46.939925],[7.374356,46.939371],[7.37506,46.93921]]}},{"type":"Feature","properties":{"k":"haupt"},"geometry":{"type":"LineString","coordinates":[[7.365337,46.944276],[7.367017,46.944185],[7.368696,46.944194]]}},{"type":"Feature","properties":{"k":"haupt","name":"Hallmattstrasse"},"geometry":{"type":"LineString","coordinates":[[7.38291,46.931564],[7.381298,46.930986],[7.379888,46.930883]]}},{"type":"Feature","properties":{"k":"neben","name":"Weidgasse"},"geometry":{"type":"LineString","coordinates":[[7.39057,46.935731],[7.391426,46.935366]]}},{"type":"Feature","properties":{"k":"neben"},"geometry":{"type":"LineString","coordinates":[[7.338717,46.944112],[7.338787,46.94334]]}},{"type":"Feature","properties":{"k":"neben","name":"Bümplizstrasse"},"geometry":{"type":"LineString","coordinates":[[7.394539,46.947644],[7.394106,46.947404]]}},{"type":"Feature","properties":{"k":"neben","name":"Riedeggweg"},"geometry":{"type":"LineString","coordinates":[[7.336631,46.939971],[7.334425,46.93879],[7.332015,46.937974]]}},{"type":"Feature","properties":{"k":"neben"},"geometry":{"type":"LineString","coordinates":[[7.367026,46.937077],[7.367027,46.937038],[7.367057,46.935791],[7.367055,46.934567]]}},{"type":"Feature","properties":{"k":"haupt","name":"Murtenstrasse"},"geometry":{"type":"LineString","coordinates":[[7.376588,46.948214],[7.376929,46.948135]]}},{"type":"Feature","properties":{"k":"neben","name":"Riedbachstrasse"},"geometry":{"type":"LineString","coordinates":[[7.34765,46.943833],[7.345143,46.944385],[7.343211,46.944667],[7.341462,46.9444],[7.340585,46.944463],[7.339355,46.944166],[7.338866,46.944124]]}},{"type":"Feature","properties":{"k":"neben","name":"Riedbachstrasse"},"geometry":{"type":"LineString","coordinates":[[7.338866,46.944124],[7.336874,46.943993],[7.33605,46.943697],[7.335718,46.943692]]}},{"type":"Feature","properties":{"k":"haupt","name":"Neue Murtenstrasse"},"geometry":{"type":"LineString","coordinates":[[7.394229,46.953808],[7.395474,46.953358],[7.399485,46.951421]]}},{"type":"Feature","properties":{"k":"neben","name":"Riedbachstrasse"},"geometry":{"type":"LineString","coordinates":[[7.371502,46.943295],[7.372861,46.94363]]}},{"type":"Feature","properties":{"k":"neben","name":"Niederbottigenweg"},"geometry":{"type":"LineString","coordinates":[[7.37506,46.93921],[7.376552,46.939158],[7.377411,46.938274],[7.37761,46.937557],[7.377768,46.937351]]}},{"type":"Feature","properties":{"k":"neben","name":"Riedbachstrasse"},"geometry":{"type":"LineString","coordinates":[[7.351288,46.943705],[7.349337,46.943702]]}},{"type":"Feature","properties":{"k":"neben","name":"Buchweg"},"geometry":{"type":"LineString","coordinates":[[7.351507,46.937065],[7.351554,46.93637]]}},{"type":"Feature","properties":{"k":"neben","name":"Buchweg"},"geometry":{"type":"LineString","coordinates":[[7.350423,46.941201],[7.350721,46.940715],[7.351507,46.937065]]}},{"type":"Feature","properties":{"k":"neben","name":"Riedbachstrasse"},"geometry":{"type":"LineString","coordinates":[[7.35731,46.942872],[7.356437,46.942979],[7.355386,46.943643],[7.354205,46.943872]]}},{"type":"Feature","properties":{"k":"neben","name":"Riedbachstrasse"},"geometry":{"type":"LineString","coordinates":[[7.362585,46.944191],[7.362085,46.944159],[7.361563,46.944005],[7.360093,46.943053],[7.359651,46.942887],[7.359081,46.942795]]}},{"type":"Feature","properties":{"k":"neben","name":"Bernstrasse"},"geometry":{"type":"LineString","coordinates":[[7.392741,46.941407],[7.394199,46.941792]]}},{"type":"Feature","properties":{"k":"haupt","name":"Niederbottigenstrasse"},"geometry":{"type":"LineString","coordinates":[[7.370888,46.945131],[7.371021,46.945324],[7.371254,46.945665]]}},{"type":"Feature","properties":{"k":"neben","name":"Bottigenstrasse"},"geometry":{"type":"LineString","coordinates":[[7.383882,46.939131],[7.383263,46.938893],[7.381307,46.937869]]}},{"type":"Feature","properties":{"k":"haupt","name":"Neue Murtenstrasse"},"geometry":{"type":"LineString","coordinates":[[7.387092,46.953926],[7.387224,46.953983],[7.387351,46.954036],[7.387539,46.954111]]}},{"type":"Feature","properties":{"k":"haupt","name":"Neue Murtenstrasse"},"geometry":{"type":"LineString","coordinates":[[7.383299,46.950606],[7.384321,46.951872],[7.38511,46.952647],[7.386052,46.953353],[7.387092,46.953926]]}},{"type":"Feature","properties":{"k":"neben","name":"Rosshäusernstrasse"},"geometry":{"type":"LineString","coordinates":[[7.332069,46.942365],[7.330186,46.941906],[7.328774,46.941952],[7.328098,46.94188],[7.326913,46.941356]]}},{"type":"Feature","properties":{"k":"neben"},"geometry":{"type":"LineString","coordinates":[[7.325974,46.941147],[7.326097,46.940855]]}},{"type":"Feature","properties":{"k":"neben","name":"Mannenriedstrasse"},"geometry":{"type":"LineString","coordinates":[[7.321369,46.938578],[7.320448,46.938687],[7.320033,46.938589],[7.319731,46.938336],[7.319079,46.937407],[7.318804,46.937158],[7.317181,46.936583],[7.315773,46.935547],[7.315049,46.935254],[7.312801,46.934667],[7.310999,46.934568],[7.310051,46.934358],[7.307245,46.933641],[7.305302,46.933]]}},{"type":"Feature","properties":{"k":"neben","name":"Riedernstrasse"},"geometry":{"type":"LineString","coordinates":[[7.36988,46.949505],[7.369827,46.948878],[7.370176,46.948337],[7.369985,46.947769]]}},{"type":"Feature","properties":{"k":"neben","name":"Riedernstrasse"},"geometry":{"type":"LineString","coordinates":[[7.359208,46.950702],[7.359769,46.950347],[7.359948,46.950245]]}},{"type":"Feature","properties":{"k":"neben","name":"Riedernstrasse"},"geometry":{"type":"LineString","coordinates":[[7.364467,46.950122],[7.366288,46.950226],[7.367935,46.950875]]}},{"type":"Feature","properties":{"k":"neben"},"geometry":{"type":"LineString","coordinates":[[7.367811,46.951048],[7.367743,46.950809]]}},{"type":"Feature","properties":{"k":"neben","name":"Riedernstrasse"},"geometry":{"type":"LineString","coordinates":[[7.368817,46.950881],[7.36944,46.950751],[7.36983,46.950448],[7.369944,46.950158],[7.36988,46.949505]]}},{"type":"Feature","properties":{"k":"neben","name":"Riedernstrasse"},"geometry":{"type":"LineString","coordinates":[[7.359948,46.950245],[7.360689,46.949973],[7.361299,46.949911],[7.364467,46.950122]]}},{"type":"Feature","properties":{"k":"neben","name":"Riedbachstrasse"},"geometry":{"type":"LineString","coordinates":[[7.289666,46.937014],[7.290193,46.937584],[7.290849,46.938098],[7.29121,46.938252],[7.292385,46.938201],[7.29754,46.938245],[7.298405,46.93807],[7.298889,46.938063],[7.299436,46.938195],[7.300662,46.938817],[7.302374,46.939413],[7.302881,46.939505],[7.305674,46.93971],[7.308284,46.940102]]}},{"type":"Feature","properties":{"k":"neben","name":"Matzenriedstrasse"},"geometry":{"type":"LineString","coordinates":[[7.330809,46.929997],[7.329889,46.929405],[7.329198,46.928503],[7.328317,46.927621],[7.327007,46.926953],[7.325721,46.925347]]}},{"type":"Feature","properties":{"k":"neben","name":"Matzenriedstrasse"},"geometry":{"type":"LineString","coordinates":[[7.347948,46.933835],[7.345892,46.933399],[7.345481,46.93323],[7.344994,46.932849],[7.342976,46.932316]]}},{"type":"Feature","properties":{"k":"neben","name":"Matzenriedstrasse"},"geometry":{"type":"LineString","coordinates":[[7.351925,46.934061],[7.351636,46.934005],[7.35132,46.933941]]}},{"type":"Feature","properties":{"k":"neben","name":"Freieckweg"},"geometry":{"type":"LineString","coordinates":[[7.388594,46.938815],[7.38653,46.939465],[7.386464,46.939545]]}},{"type":"Feature","properties":{"k":"neben"},"geometry":{"type":"LineString","coordinates":[[7.368466,46.952447],[7.369278,46.953075]]}},{"type":"Feature","properties":{"k":"neben","name":"Gäbelbachweg"},"geometry":{"type":"LineString","coordinates":[[7.375349,46.950441],[7.375,46.950493]]}},{"type":"Feature","properties":{"k":"neben","name":"Riedernstrasse"},"geometry":{"type":"LineString","coordinates":[[7.367935,46.950875],[7.368817,46.950881]]}},{"type":"Feature","properties":{"k":"neben","name":"Gäbelbachstrasse"},"geometry":{"type":"LineString","coordinates":[[7.378939,46.949009],[7.378153,46.949399]]}},{"type":"Feature","properties":{"k":"haupt","name":"Freiburgstrasse"},"geometry":{"type":"LineString","coordinates":[[7.38288,46.928948],[7.38402,46.929629],[7.385499,46.930698]]}},{"type":"Feature","properties":{"k":"neben","name":"Niederbottigenweg"},"geometry":{"type":"LineString","coordinates":[[7.371918,46.939196],[7.371754,46.939394],[7.371562,46.939804]]}},{"type":"Feature","properties":{"k":"neben","name":"Riedbachstrasse"},"geometry":{"type":"LineString","coordinates":[[7.332865,46.942822],[7.333064,46.942704]]}},{"type":"Feature","properties":{"k":"neben","name":"Bottigenstrasse"},"geometry":{"type":"LineString","coordinates":[[7.335363,46.942344],[7.335917,46.941831],[7.336112,46.941337]]}},{"type":"Feature","properties":{"k":"neben","name":"Rosshäusernstrasse"},"geometry":{"type":"LineString","coordinates":[[7.333064,46.942704],[7.332759,46.942632]]}},{"type":"Feature","properties":{"k":"neben","name":"Riedbachstrasse"},"geometry":{"type":"LineString","coordinates":[[7.332865,46.942822],[7.332759,46.942632]]}},{"type":"Feature","properties":{"k":"neben","name":"Bottigenstrasse"},"geometry":{"type":"LineString","coordinates":[[7.342166,46.936665],[7.343689,46.936152],[7.346175,46.93557],[7.346827,46.935487],[7.347916,46.935485]]}},{"type":"Feature","properties":{"k":"neben","name":"Niederriedweg"},"geometry":{"type":"LineString","coordinates":[[7.33727,46.927933],[7.337364,46.927676],[7.337604,46.927482]]}},{"type":"Feature","properties":{"k":"neben","name":"Niederriedweg"},"geometry":{"type":"LineString","coordinates":[[7.337381,46.933458],[7.337719,46.934456],[7.338119,46.934853],[7.340351,46.935754],[7.342166,46.936665]]}},{"type":"Feature","properties":{"k":"neben","name":"Gäbelbachweg"},"geometry":{"type":"LineString","coordinates":[[7.375557,46.950397],[7.375474,46.950417],[7.375349,46.950441]]}},{"type":"Feature","properties":{"k":"neben","name":"Niederriedweg"},"geometry":{"type":"LineString","coordinates":[[7.337604,46.927482],[7.338086,46.927033],[7.338966,46.926412],[7.33982,46.925427],[7.341224,46.924194]]}},{"type":"Feature","properties":{"k":"haupt","name":"Murtenstrasse"},"geometry":{"type":"LineString","coordinates":[[7.373462,46.947935],[7.373933,46.94815],[7.374487,46.948288]]}},{"type":"Feature","properties":{"k":"haupt","name":"Murtenstrasse"},"geometry":{"type":"LineString","coordinates":[[7.374487,46.948288],[7.375823,46.948285]]}},{"type":"Feature","properties":{"k":"neben","name":"Eymattstrasse"},"geometry":{"type":"LineString","coordinates":[[7.391833,46.95203],[7.391208,46.952445]]}},{"type":"Feature","properties":{"k":"neben","name":"Eymattstrasse"},"geometry":{"type":"LineString","coordinates":[[7.391833,46.95203],[7.391902,46.951866],[7.392779,46.951008],[7.393129,46.950389]]}},{"type":"Feature","properties":{"k":"haupt","name":"Eymattstrasse"},"geometry":{"type":"LineString","coordinates":[[7.390299,46.955129],[7.390089,46.954828]]}},{"type":"Feature","properties":{"k":"neben","name":"Matzenriedstrasse"},"geometry":{"type":"LineString","coordinates":[[7.352391,46.934137],[7.35218,46.934112],[7.351925,46.934061]]}},{"type":"Feature","properties":{"k":"neben","name":"Matzenriedstrasse"},"geometry":{"type":"LineString","coordinates":[[7.350038,46.934038],[7.348349,46.933928],[7.347948,46.933835]]}},{"type":"Feature","properties":{"k":"neben","name":"Bottigenstrasse"},"geometry":{"type":"LineString","coordinates":[[7.335359,46.94124],[7.335033,46.941203]]}},{"type":"Feature","properties":{"k":"neben","name":"Bottigenstrasse"},"geometry":{"type":"LineString","coordinates":[[7.336785,46.939854],[7.337061,46.939642]]}},{"type":"Feature","properties":{"k":"neben","name":"Oberbottigenweg"},"geometry":{"type":"LineString","coordinates":[[7.344365,46.937154],[7.34595,46.936996],[7.346953,46.937026],[7.347746,46.936546],[7.349233,46.936654],[7.349456,46.936579],[7.349802,46.936281],[7.350366,46.93609]]}},{"type":"Feature","properties":{"k":"neben","name":"Oberbottigenweg"},"geometry":{"type":"LineString","coordinates":[[7.350366,46.93609],[7.350213,46.935513]]}},{"type":"Feature","properties":{"k":"haupt"},"geometry":{"type":"LineString","coordinates":[[7.368696,46.944194],[7.371029,46.94437],[7.373185,46.944707]]}},{"type":"Feature","properties":{"k":"haupt"},"geometry":{"type":"LineString","coordinates":[[7.364882,46.944421],[7.35677,46.945444],[7.353938,46.94567],[7.348372,46.945971]]}},{"type":"Feature","properties":{"k":"neben","name":"Bottigenstrasse"},"geometry":{"type":"LineString","coordinates":[[7.386464,46.939545],[7.387645,46.93971],[7.389222,46.939444],[7.389727,46.939558]]}},{"type":"Feature","properties":{"k":"haupt","name":"Niederbottigenstrasse"},"geometry":{"type":"LineString","coordinates":[[7.370288,46.944047],[7.370311,46.944092]]}},{"type":"Feature","properties":{"k":"haupt","name":"Niederbottigenstrasse"},"geometry":{"type":"LineString","coordinates":[[7.370116,46.943606],[7.370189,46.943766],[7.370266,46.943921],[7.370288,46.944047]]}},{"type":"Feature","properties":{"k":"haupt","name":"Niederbottigenstrasse"},"geometry":{"type":"LineString","coordinates":[[7.370765,46.944936],[7.370888,46.945131]]}},{"type":"Feature","properties":{"k":"haupt","name":"Niederbottigenstrasse"},"geometry":{"type":"LineString","coordinates":[[7.370628,46.944693],[7.370692,46.944808],[7.370765,46.944936]]}},{"type":"Feature","properties":{"k":"haupt","name":"Niederbottigenstrasse"},"geometry":{"type":"LineString","coordinates":[[7.371254,46.945665],[7.372386,46.947062]]}},{"type":"Feature","properties":{"k":"neben","name":"Eymattstrasse"},"geometry":{"type":"LineString","coordinates":[[7.392308,46.953703],[7.392309,46.9534],[7.391833,46.95203]]}},{"type":"Feature","properties":{"k":"haupt","name":"Neue Murtenstrasse"},"geometry":{"type":"LineString","coordinates":[[7.388997,46.954553],[7.389641,46.954678]]}},{"type":"Feature","properties":{"k":"neben","name":"Buchdruckerweg"},"geometry":{"type":"LineString","coordinates":[[7.393243,46.941992],[7.393925,46.941732]]}},{"type":"Feature","properties":{"k":"neben","name":"Matzenriedstrasse"},"geometry":{"type":"LineString","coordinates":[[7.325721,46.925347],[7.325343,46.925138],[7.324785,46.925088]]}},{"type":"Feature","properties":{"k":"neben","name":"Mannenriedstrasse"},"geometry":{"type":"LineString","coordinates":[[7.305302,46.933],[7.304307,46.93274]]}},{"type":"Feature","properties":{"k":"neben","name":"Riedbachstrasse"},"geometry":{"type":"LineString","coordinates":[[7.349337,46.943702],[7.349049,46.943768]]}},{"type":"Feature","properties":{"k":"neben","name":"Riedbachstrasse"},"geometry":{"type":"LineString","coordinates":[[7.349049,46.943768],[7.34765,46.943833]]}},{"type":"Feature","properties":{"k":"neben","name":"Oberbottigenweg"},"geometry":{"type":"LineString","coordinates":[[7.351554,46.93637],[7.350366,46.93609]]}},{"type":"Feature","properties":{"k":"neben","name":"Matzenriedstrasse"},"geometry":{"type":"LineString","coordinates":[[7.35132,46.933941],[7.350945,46.93392],[7.350038,46.934038]]}},{"type":"Feature","properties":{"k":"neben","name":"Mannenriedstrasse"},"geometry":{"type":"LineString","coordinates":[[7.324108,46.938878],[7.323786,46.938687],[7.323191,46.938589],[7.321369,46.938578]]}},{"type":"Feature","properties":{"k":"neben","name":"Mannenriedstrasse"},"geometry":{"type":"LineString","coordinates":[[7.324858,46.939897],[7.324767,46.939663],[7.324108,46.938878]]}},{"type":"Feature","properties":{"k":"neben","name":"Abendstrasse"},"geometry":{"type":"LineString","coordinates":[[7.388404,46.944969],[7.388587,46.944707],[7.38862,46.944465],[7.388375,46.944063]]}},{"type":"Feature","properties":{"k":"neben","name":"Mannenriedstrasse"},"geometry":{"type":"LineString","coordinates":[[7.324869,46.94007],[7.324865,46.939952]]}},{"type":"Feature","properties":{"k":"neben","name":"Mannenriedstrasse"},"geometry":{"type":"LineString","coordinates":[[7.324885,46.940184],[7.324869,46.94007]]}},{"type":"Feature","properties":{"k":"neben","name":"Mannenriedstrasse"},"geometry":{"type":"LineString","coordinates":[[7.324865,46.939952],[7.324858,46.939897]]}},{"type":"Feature","properties":{"k":"neben","name":"Gäbelbachstrasse"},"geometry":{"type":"LineString","coordinates":[[7.376902,46.948928],[7.376817,46.949224],[7.376696,46.949204],[7.376623,46.949159],[7.376699,46.948899],[7.376902,46.948928]]}},{"type":"Feature","properties":{"k":"neben","name":"Bernstrasse"},"geometry":{"type":"LineString","coordinates":[[7.394562,46.941872],[7.395416,46.942059],[7.395899,46.942165]]}},{"type":"Feature","properties":{"k":"neben","name":"Morgenstrasse"},"geometry":{"type":"LineString","coordinates":[[7.394788,46.939617],[7.394844,46.939594],[7.395939,46.939098],[7.395989,46.939075]]}},{"type":"Feature","properties":{"k":"neben","name":"Süristrasse"},"geometry":{"type":"LineString","coordinates":[[7.324785,46.925088],[7.323263,46.925142],[7.321639,46.925026],[7.320363,46.925154]]}},{"type":"Feature","properties":{"k":"haupt"},"geometry":{"type":"LineString","coordinates":[[7.397077,46.952921],[7.395391,46.953738],[7.394128,46.954169],[7.392567,46.954462],[7.390948,46.954525]]}},{"type":"Feature","properties":{"k":"haupt"},"geometry":{"type":"LineString","coordinates":[[7.386769,46.931695],[7.386709,46.931793]]}},{"type":"Feature","properties":{"k":"haupt"},"geometry":{"type":"LineString","coordinates":[[7.385662,46.932363],[7.385698,46.932272]]}},{"type":"Feature","properties":{"k":"neben"},"geometry":{"type":"LineString","coordinates":[[7.393928,46.938636],[7.3939,46.938696]]}},{"type":"Feature","properties":{"k":"neben","name":"Abendstrasse"},"geometry":{"type":"LineString","coordinates":[[7.388425,46.945087],[7.388306,46.945104],[7.388235,46.945037],[7.388404,46.944969]]}},{"type":"Feature","properties":{"k":"neben","name":"Bümplizstrasse"},"geometry":{"type":"LineString","coordinates":[[7.398,46.949024],[7.39575,46.948247],[7.394757,46.947768]]}},{"type":"Feature","properties":{"k":"neben","name":"Lagerhausweg"},"geometry":{"type":"LineString","coordinates":[[7.394896,46.937444],[7.395188,46.937645],[7.395299,46.937999]]}},{"type":"Feature","properties":{"k":"neben","name":"Bernstrasse"},"geometry":{"type":"LineString","coordinates":[[7.392252,46.940825],[7.392478,46.941001],[7.392615,46.941274]]}},{"type":"Feature","properties":{"k":"neben","name":"Glockenstrasse"},"geometry":{"type":"LineString","coordinates":[[7.391994,46.94049],[7.391903,46.940618],[7.391888,46.940639],[7.391878,46.940653]]}},{"type":"Feature","properties":{"k":"neben","name":"Bottigenstrasse"},"geometry":{"type":"LineString","coordinates":[[7.335033,46.941203],[7.334061,46.941033],[7.333525,46.941046],[7.32927,46.940493]]}},{"type":"Feature","properties":{"k":"neben","name":"Bottigenstrasse"},"geometry":{"type":"LineString","coordinates":[[7.390029,46.939786],[7.390314,46.940006],[7.390331,46.940019],[7.390441,46.940088]]}},{"type":"Feature","properties":{"k":"neben","name":"Bümplizstrasse"},"geometry":{"type":"LineString","coordinates":[[7.392246,46.945531],[7.391918,46.944771],[7.391584,46.944344]]}},{"type":"Feature","properties":{"k":"neben"},"geometry":{"type":"LineString","coordinates":[[7.349337,46.943702],[7.349461,46.943202]]}},{"type":"Feature","properties":{"k":"haupt","name":"Murtenstrasse"},"geometry":{"type":"LineString","coordinates":[[7.376993,46.947962],[7.377123,46.947632]]}},{"type":"Feature","properties":{"k":"neben","name":"Le-Corbusier-Platz"},"geometry":{"type":"LineString","coordinates":[[7.376921,46.947573],[7.375145,46.947327],[7.374919,46.947215]]}},{"type":"Feature","properties":{"k":"neben","name":"Mühledorfstrasse"},"geometry":{"type":"LineString","coordinates":[[7.390406,46.94559],[7.391476,46.945715],[7.392155,46.94563]]}},{"type":"Feature","properties":{"k":"neben","name":"Bottigenstrasse"},"geometry":{"type":"LineString","coordinates":[[7.362229,46.936318],[7.360821,46.936324],[7.359499,46.936136],[7.357908,46.936086],[7.356934,46.935918],[7.356508,46.935765]]}},{"type":"Feature","properties":{"k":"neben","name":"Bottigenstrasse"},"geometry":{"type":"LineString","coordinates":[[7.347617,46.936065],[7.347465,46.935892],[7.347499,46.935481]]}},{"type":"Feature","properties":{"k":"neben","name":"Bottigenstrasse"},"geometry":{"type":"LineString","coordinates":[[7.336298,46.946014],[7.336398,46.944987]]}},{"type":"Feature","properties":{"k":"neben","name":"Riedbachstrasse"},"geometry":{"type":"LineString","coordinates":[[7.336285,46.946091],[7.336298,46.946014]]}},{"type":"Feature","properties":{"k":"neben","name":"Riedbachstrasse"},"geometry":{"type":"LineString","coordinates":[[7.335049,46.943656],[7.334982,46.943643]]}},{"type":"Feature","properties":{"k":"neben","name":"Riedbachstrasse"},"geometry":{"type":"LineString","coordinates":[[7.334982,46.943643],[7.333481,46.94337],[7.3327,46.943139]]}},{"type":"Feature","properties":{"k":"neben","name":"Stapfenstrasse"},"geometry":{"type":"LineString","coordinates":[[7.388418,46.944101],[7.389648,46.943697]]}},{"type":"Feature","properties":{"k":"neben","name":"Myrtenweg"},"geometry":{"type":"LineString","coordinates":[[7.386845,46.941554],[7.387969,46.942732]]}},{"type":"Feature","properties":{"k":"haupt","name":"Murtenstrasse"},"geometry":{"type":"LineString","coordinates":[[7.377123,46.947632],[7.379087,46.947863]]}},{"type":"Feature","properties":{"k":"neben","name":"Weiermattstrasse"},"geometry":{"type":"LineString","coordinates":[[7.37664,46.948335],[7.376381,46.948367]]}},{"type":"Feature","properties":{"k":"neben","name":"Le-Corbusier-Platz"},"geometry":{"type":"LineString","coordinates":[[7.374919,46.947215],[7.374864,46.947017]]}},{"type":"Feature","properties":{"k":"neben","name":"Stegenweg"},"geometry":{"type":"LineString","coordinates":[[7.357843,46.933079],[7.356498,46.933391],[7.355778,46.933699],[7.354406,46.933937]]}},{"type":"Feature","properties":{"k":"neben","name":"Stegenweg"},"geometry":{"type":"LineString","coordinates":[[7.357925,46.933062],[7.357843,46.933079]]}},{"type":"Feature","properties":{"k":"neben","name":"Stapfenackerstrasse"},"geometry":{"type":"LineString","coordinates":[[7.384244,46.942777],[7.384478,46.942965],[7.384704,46.943153]]}},{"type":"Feature","properties":{"k":"neben","name":"Rehhagstrasse"},"geometry":{"type":"LineString","coordinates":[[7.389204,46.939445],[7.386774,46.93662]]}},{"type":"Feature","properties":{"k":"neben","name":"Statthalterstrasse"},"geometry":{"type":"LineString","coordinates":[[7.392411,46.937178],[7.391688,46.937486],[7.390862,46.937689]]}},{"type":"Feature","properties":{"k":"neben","name":"Wangenstrasse"},"geometry":{"type":"LineString","coordinates":[[7.386778,46.933011],[7.385903,46.932426]]}},{"type":"Feature","properties":{"k":"neben","name":"Burgunderstrasse"},"geometry":{"type":"LineString","coordinates":[[7.396817,46.939768],[7.394922,46.938178]]}},{"type":"Feature","properties":{"k":"haupt"},"geometry":{"type":"LineString","coordinates":[[7.370578,46.944598],[7.370605,46.94465],[7.370611,46.944662]]}},{"type":"Feature","properties":{"k":"neben","name":"Holenackerstrasse"},"geometry":{"type":"LineString","coordinates":[[7.380918,46.948715],[7.381087,46.948769]]}},{"type":"Feature","properties":{"k":"haupt"},"geometry":{"type":"LineString","coordinates":[[7.381409,46.948482],[7.381385,46.948498],[7.38136,46.948507]]}},{"type":"Feature","properties":{"k":"haupt"},"geometry":{"type":"LineString","coordinates":[[7.383751,46.950403],[7.384027,46.950819]]}},{"type":"Feature","properties":{"k":"haupt","name":"Brünnen"},"geometry":{"type":"LineString","coordinates":[[7.374092,46.945003],[7.373147,46.944801]]}},{"type":"Feature","properties":{"k":"haupt","name":"Brünnen"},"geometry":{"type":"LineString","coordinates":[[7.373185,46.944707],[7.373564,46.944781],[7.373948,46.944861]]}},{"type":"Feature","properties":{"k":"haupt"},"geometry":{"type":"LineString","coordinates":[[7.343771,46.946914],[7.342256,46.947474]]}},{"type":"Feature","properties":{"k":"haupt"},"geometry":{"type":"LineString","coordinates":[[7.39109,46.954434],[7.392835,46.954333],[7.394381,46.953994]]}},{"type":"Feature","properties":{"k":"haupt"},"geometry":{"type":"LineString","coordinates":[[7.394924,46.953812],[7.396324,46.953189]]}},{"type":"Feature","properties":{"k":"neben","name":"Murtenstrasse"},"geometry":{"type":"LineString","coordinates":[[7.39226,46.94904],[7.392326,46.949045],[7.392398,46.949051],[7.392657,46.949066]]}},{"type":"Feature","properties":{"k":"neben","name":"Bethlehemstrasse"},"geometry":{"type":"LineString","coordinates":[[7.395404,46.947201],[7.394778,46.947645]]}},{"type":"Feature","properties":{"k":"neben","name":"Bethlehemstrasse"},"geometry":{"type":"LineString","coordinates":[[7.394578,46.947777],[7.393867,46.949029],[7.393905,46.949222]]}},{"type":"Feature","properties":{"k":"neben","name":"Bethlehemstrasse"},"geometry":{"type":"LineString","coordinates":[[7.394702,46.947603],[7.395404,46.947201]]}},{"type":"Feature","properties":{"k":"haupt"},"geometry":{"type":"LineString","coordinates":[[7.364293,46.944381],[7.365337,46.944276]]}},{"type":"Feature","properties":{"k":"haupt"},"geometry":{"type":"LineString","coordinates":[[7.38405,46.931708],[7.382614,46.931091]]}},{"type":"Feature","properties":{"k":"haupt"},"geometry":{"type":"LineString","coordinates":[[7.380782,46.929679],[7.382009,46.930629],[7.383301,46.931316]]}},{"type":"Feature","properties":{"k":"neben","name":"Stegenweg"},"geometry":{"type":"LineString","coordinates":[[7.354406,46.933937],[7.353028,46.934148],[7.352391,46.934137]]}},{"type":"Feature","properties":{"k":"neben","name":"Matzenriedstrasse"},"geometry":{"type":"LineString","coordinates":[[7.354271,46.934719],[7.353546,46.934359],[7.352391,46.934137]]}},{"type":"Feature","properties":{"k":"haupt","name":"Murtenstrasse"},"geometry":{"type":"LineString","coordinates":[[7.352851,46.951399],[7.353512,46.950754],[7.354037,46.950458],[7.356901,46.94967],[7.361206,46.948101],[7.362432,46.947908],[7.367744,46.947607]]}},{"type":"Feature","properties":{"k":"neben","name":"Riedernstrasse"},"geometry":{"type":"LineString","coordinates":[[7.355201,46.951678],[7.355498,46.951642]]}},{"type":"Feature","properties":{"k":"neben"},"geometry":{"type":"LineString","coordinates":[[7.355357,46.951791],[7.355399,46.951734],[7.355438,46.951689],[7.355498,46.951642]]}},{"type":"Feature","properties":{"k":"neben","name":"Riedbachstrasse"},"geometry":{"type":"LineString","coordinates":[[7.382161,46.945476],[7.381912,46.945391],[7.375592,46.944599]]}},{"type":"Feature","properties":{"k":"neben"},"geometry":{"type":"LineString","coordinates":[[7.392246,46.945531],[7.39237,46.945581]]}},{"type":"Feature","properties":{"k":"neben","name":"Murtenstrasse"},"geometry":{"type":"LineString","coordinates":[[7.392657,46.949066],[7.392804,46.949139],[7.393662,46.949193]]}},{"type":"Feature","properties":{"k":"neben","name":"Murtenstrasse"},"geometry":{"type":"LineString","coordinates":[[7.393662,46.949193],[7.393715,46.949227],[7.393775,46.949267]]}},{"type":"Feature","properties":{"k":"haupt","name":"Murtenstrasse"},"geometry":{"type":"LineString","coordinates":[[7.372767,46.947446],[7.373462,46.947935]]}},{"type":"Feature","properties":{"k":"haupt","name":"Murtenstrasse"},"geometry":{"type":"LineString","coordinates":[[7.37182,46.947147],[7.372127,46.947157],[7.372386,46.947062]]}},{"type":"Feature","properties":{"k":"haupt"},"geometry":{"type":"LineString","coordinates":[[7.370329,46.944124],[7.370578,46.944598]]}},{"type":"Feature","properties":{"k":"neben","name":"Eymattstrasse"},"geometry":{"type":"LineString","coordinates":[[7.39204,46.954071],[7.392036,46.954004]]}},{"type":"Feature","properties":{"k":"haupt","name":"Eymattstrasse"},"geometry":{"type":"LineString","coordinates":[[7.390384,46.954854],[7.390405,46.9548],[7.39043,46.954746]]}},{"type":"Feature","properties":{"k":"haupt","name":"Eymattstrasse"},"geometry":{"type":"LineString","coordinates":[[7.390299,46.955129],[7.390384,46.954854]]}},{"type":"Feature","properties":{"k":"haupt","name":"Neue Murtenstrasse"},"geometry":{"type":"LineString","coordinates":[[7.392036,46.954004],[7.392247,46.954001],[7.3925,46.954032]]}},{"type":"Feature","properties":{"k":"haupt","name":"Eymattstrasse"},"geometry":{"type":"LineString","coordinates":[[7.39043,46.954746],[7.390598,46.954515],[7.391001,46.954227],[7.39142,46.95408],[7.392036,46.954004]]}},{"type":"Feature","properties":{"k":"neben","name":"Bümplizstrasse"},"geometry":{"type":"LineString","coordinates":[[7.392996,46.946775],[7.392681,46.946438]]}},{"type":"Feature","properties":{"k":"neben","name":"Bümplizstrasse"},"geometry":{"type":"LineString","coordinates":[[7.394106,46.947404],[7.39391,46.947292]]}},{"type":"Feature","properties":{"k":"neben","name":"Waldmannstrasse"},"geometry":{"type":"LineString","coordinates":[[7.392919,46.947449],[7.392641,46.947629],[7.392318,46.947663]]}},{"type":"Feature","properties":{"k":"neben","name":"Bümplizstrasse"},"geometry":{"type":"LineString","coordinates":[[7.391584,46.944344],[7.390852,46.943248],[7.390721,46.942823],[7.390731,46.942193]]}},{"type":"Feature","properties":{"k":"neben","name":"Brünnenstrasse"},"geometry":{"type":"LineString","coordinates":[[7.390056,46.942073],[7.390563,46.941913],[7.390751,46.941861]]}},{"type":"Feature","properties":{"k":"neben","name":"Abendstrasse"},"geometry":{"type":"LineString","coordinates":[[7.386506,46.945728],[7.386628,46.945671],[7.386754,46.945616],[7.386904,46.945556]]}},{"type":"Feature","properties":{"k":"neben","name":"Brünnenstrasse"},"geometry":{"type":"LineString","coordinates":[[7.383709,46.944747],[7.386353,46.943278],[7.387273,46.942954]]}},{"type":"Feature","properties":{"k":"neben","name":"Riedbachstrasse"},"geometry":{"type":"LineString","coordinates":[[7.382478,46.945693],[7.382299,46.945518]]}},{"type":"Feature","properties":{"k":"haupt","name":"Neue Murtenstrasse"},"geometry":{"type":"LineString","coordinates":[[7.387944,46.954261],[7.388147,46.954333]]}},{"type":"Feature","properties":{"k":"haupt","name":"Neue Murtenstrasse"},"geometry":{"type":"LineString","coordinates":[[7.387539,46.954111],[7.387944,46.954261]]}},{"type":"Feature","properties":{"k":"haupt","name":"Neue Murtenstrasse"},"geometry":{"type":"LineString","coordinates":[[7.382781,46.949839],[7.383299,46.950606]]}},{"type":"Feature","properties":{"k":"haupt","name":"Neue Murtenstrasse"},"geometry":{"type":"LineString","coordinates":[[7.382401,46.949364],[7.382781,46.949839]]}},{"type":"Feature","properties":{"k":"haupt","name":"Neue Murtenstrasse"},"geometry":{"type":"LineString","coordinates":[[7.381648,46.94867],[7.381865,46.94885]]}},{"type":"Feature","properties":{"k":"haupt","name":"Neue Murtenstrasse"},"geometry":{"type":"LineString","coordinates":[[7.381865,46.94885],[7.382046,46.949026],[7.382219,46.949191],[7.382401,46.949364]]}},{"type":"Feature","properties":{"k":"neben","name":"Winterfeldweg"},"geometry":{"type":"LineString","coordinates":[[7.3811,46.940172],[7.381611,46.938668],[7.381999,46.938188]]}},{"type":"Feature","properties":{"k":"neben","name":"Waldmeisterstrasse"},"geometry":{"type":"LineString","coordinates":[[7.382513,46.939952],[7.382245,46.940636],[7.382445,46.941318]]}},{"type":"Feature","properties":{"k":"neben","name":"Grossackerstrasse"},"geometry":{"type":"LineString","coordinates":[[7.383572,46.940383],[7.384592,46.940531]]}},{"type":"Feature","properties":{"k":"neben","name":"Waldmeisterstrasse"},"geometry":{"type":"LineString","coordinates":[[7.382445,46.941318],[7.382716,46.941944]]}},{"type":"Feature","properties":{"k":"neben","name":"Winterfeldweg"},"geometry":{"type":"LineString","coordinates":[[7.38153,46.942076],[7.381105,46.940922],[7.3811,46.940172]]}},{"type":"Feature","properties":{"k":"neben","name":"Brünnenstrasse"},"geometry":{"type":"LineString","coordinates":[[7.391503,46.941664],[7.392543,46.941393]]}},{"type":"Feature","properties":{"k":"neben","name":"Buchdruckerweg"},"geometry":{"type":"LineString","coordinates":[[7.392899,46.94216],[7.39323,46.942064],[7.393281,46.942048]]}},{"type":"Feature","properties":{"k":"neben","name":"Morgenstrasse"},"geometry":{"type":"LineString","coordinates":[[7.395059,46.939898],[7.3939,46.938696]]}},{"type":"Feature","properties":{"k":"neben","name":"Olivenweg"},"geometry":{"type":"LineString","coordinates":[[7.390279,46.940843],[7.390398,46.940826]]}},{"type":"Feature","properties":{"k":"haupt","name":"Freiburgstrasse"},"geometry":{"type":"LineString","coordinates":[[7.387215,46.931947],[7.386709,46.931793]]}},{"type":"Feature","properties":{"k":"haupt","name":"Freiburgstrasse"},"geometry":{"type":"LineString","coordinates":[[7.386769,46.931695],[7.386946,46.931777],[7.387098,46.931859],[7.387215,46.931947]]}},{"type":"Feature","properties":{"k":"neben","name":"Fellerstrasse"},"geometry":{"type":"LineString","coordinates":[[7.392014,46.947523],[7.392318,46.947663]]}},{"type":"Feature","properties":{"k":"neben","name":"Riedbachstrasse"},"geometry":{"type":"LineString","coordinates":[[7.383304,46.948144],[7.383759,46.947289],[7.384159,46.946757]]}},{"type":"Feature","properties":{"k":"neben","name":"Le-Corbusier-Platz"},"geometry":{"type":"LineString","coordinates":[[7.377123,46.947632],[7.376921,46.947573]]}},{"type":"Feature","properties":{"k":"haupt","name":"Neue Murtenstrasse"},"geometry":{"type":"LineString","coordinates":[[7.390089,46.954828],[7.38994,46.954804],[7.389521,46.954744]]}},{"type":"Feature","properties":{"k":"haupt","name":"Neue Murtenstrasse"},"geometry":{"type":"LineString","coordinates":[[7.389521,46.954744],[7.38889,46.954629],[7.388147,46.954333]]}},{"type":"Feature","properties":{"k":"haupt","name":"Neue Murtenstrasse"},"geometry":{"type":"LineString","coordinates":[[7.39043,46.954746],[7.390526,46.954754]]}},{"type":"Feature","properties":{"k":"haupt","name":"Neue Murtenstrasse"},"geometry":{"type":"LineString","coordinates":[[7.389641,46.954678],[7.39043,46.954746]]}},{"type":"Feature","properties":{"k":"haupt","name":"Eymattstrasse"},"geometry":{"type":"LineString","coordinates":[[7.391525,46.954128],[7.391144,46.954234],[7.390797,46.954437],[7.390486,46.954858]]}},{"type":"Feature","properties":{"k":"haupt","name":"Neue Murtenstrasse"},"geometry":{"type":"LineString","coordinates":[[7.392922,46.954024],[7.394229,46.953808]]}},{"type":"Feature","properties":{"k":"haupt","name":"Freiburgstrasse"},"geometry":{"type":"LineString","coordinates":[[7.388365,46.932432],[7.390456,46.933541]]}},{"type":"Feature","properties":{"k":"neben","name":"Eymattstrasse"},"geometry":{"type":"LineString","coordinates":[[7.391208,46.952445],[7.390736,46.952854]]}},{"type":"Feature","properties":{"k":"neben","name":"Olivenweg"},"geometry":{"type":"LineString","coordinates":[[7.386059,46.941851],[7.386556,46.941641],[7.388375,46.941123]]}},{"type":"Feature","properties":{"k":"neben","name":"Abendstrasse"},"geometry":{"type":"LineString","coordinates":[[7.386904,46.945556],[7.387042,46.945502],[7.387123,46.945474]]}},{"type":"Feature","properties":{"k":"neben","name":"Abendstrasse"},"geometry":{"type":"LineString","coordinates":[[7.385631,46.94621],[7.385997,46.946001],[7.386144,46.945921]]}},{"type":"Feature","properties":{"k":"neben","name":"Holenackerstrasse"},"geometry":{"type":"LineString","coordinates":[[7.381087,46.948769],[7.381425,46.948845],[7.381525,46.949009]]}},{"type":"Feature","properties":{"k":"neben","name":"Riedbachstrasse"},"geometry":{"type":"LineString","coordinates":[[7.382401,46.949364],[7.382482,46.949321],[7.382617,46.94925]]}},{"type":"Feature","properties":{"k":"neben","name":"Eymattstrasse"},"geometry":{"type":"LineString","coordinates":[[7.393129,46.950389],[7.393341,46.950023]]}},{"type":"Feature","properties":{"k":"neben","name":"Eymattstrasse"},"geometry":{"type":"LineString","coordinates":[[7.393341,46.950023],[7.39371,46.949329]]}},{"type":"Feature","properties":{"k":"neben","name":"Kornweg"},"geometry":{"type":"LineString","coordinates":[[7.392269,46.950144],[7.391131,46.949708],[7.388731,46.949621]]}},{"type":"Feature","properties":{"k":"haupt","name":"Freiburgstrasse"},"geometry":{"type":"LineString","coordinates":[[7.390456,46.933541],[7.391817,46.934308],[7.392619,46.934862]]}},{"type":"Feature","properties":{"k":"neben","name":"Bümplizstrasse"},"geometry":{"type":"LineString","coordinates":[[7.390731,46.942193],[7.390737,46.942007],[7.390751,46.941861]]}},{"type":"Feature","properties":{"k":"neben","name":"Bottigenstrasse"},"geometry":{"type":"LineString","coordinates":[[7.389727,46.939558],[7.390029,46.939786]]}},{"type":"Feature","properties":{"k":"neben","name":"Bottigenstrasse"},"geometry":{"type":"LineString","coordinates":[[7.385139,46.93938],[7.383882,46.939131]]}},{"type":"Feature","properties":{"k":"neben","name":"Bottigenstrasse"},"geometry":{"type":"LineString","coordinates":[[7.3812,46.937832],[7.380258,46.937665]]}},{"type":"Feature","properties":{"k":"neben","name":"Murtenstrasse"},"geometry":{"type":"LineString","coordinates":[[7.39353,46.949106],[7.393484,46.949076]]}},{"type":"Feature","properties":{"k":"neben","name":"Stapfenackerstrasse"},"geometry":{"type":"LineString","coordinates":[[7.383562,46.943205],[7.383569,46.943197],[7.38409,46.942875]]}},{"type":"Feature","properties":{"k":"neben","name":"Brünnenstrasse"},"geometry":{"type":"LineString","coordinates":[[7.386237,46.943341],[7.386273,46.943371],[7.386524,46.943595]]}},{"type":"Feature","properties":{"k":"neben","name":"Stapfenstrasse"},"geometry":{"type":"LineString","coordinates":[[7.388375,46.944063],[7.387401,46.944403],[7.386736,46.944631]]}},{"type":"Feature","properties":{"k":"neben","name":"Wangenstrasse"},"geometry":{"type":"LineString","coordinates":[[7.390728,46.937513],[7.390816,46.937639],[7.390841,46.937666],[7.390862,46.937689]]}},{"type":"Feature","properties":{"k":"neben","name":"Rehhagstrasse"},"geometry":{"type":"LineString","coordinates":[[7.386077,46.935707],[7.385173,46.934736]]}},{"type":"Feature","properties":{"k":"haupt","name":"Freiburgstrasse"},"geometry":{"type":"LineString","coordinates":[[7.387215,46.931947],[7.388365,46.932432]]}},{"type":"Feature","properties":{"k":"neben","name":"Weiermattstrasse"},"geometry":{"type":"LineString","coordinates":[[7.378939,46.949009],[7.379005,46.948373]]}},{"type":"Feature","properties":{"k":"neben","name":"Gäbelbachweg"},"geometry":{"type":"LineString","coordinates":[[7.378153,46.949399],[7.378107,46.94943],[7.377948,46.949504]]}},{"type":"Feature","properties":{"k":"neben","name":"Rehhagstrasse"},"geometry":{"type":"LineString","coordinates":[[7.385173,46.934736],[7.384471,46.934136],[7.382093,46.93284]]}},{"type":"Feature","properties":{"k":"neben","name":"Riedbachstrasse"},"geometry":{"type":"LineString","coordinates":[[7.371206,46.943228],[7.371305,46.943249],[7.371357,46.94326]]}},{"type":"Feature","properties":{"k":"neben"},"geometry":{"type":"LineString","coordinates":[[7.355532,46.935737],[7.3555,46.935676]]}},{"type":"Feature","properties":{"k":"neben"},"geometry":{"type":"LineString","coordinates":[[7.355389,46.935677],[7.355414,46.935602]]}},{"type":"Feature","properties":{"k":"neben","name":"Abendstrasse"},"geometry":{"type":"LineString","coordinates":[[7.386144,46.945921],[7.38638,46.945791],[7.386506,46.945728]]}},{"type":"Feature","properties":{"k":"neben","name":"Rehhagstrasse"},"geometry":{"type":"LineString","coordinates":[[7.380826,46.93242],[7.380134,46.93239],[7.379685,46.932535],[7.378106,46.932814],[7.377175,46.932817],[7.376392,46.932949],[7.373182,46.932562]]}},{"type":"Feature","properties":{"k":"neben","name":"Wangenstrasse"},"geometry":{"type":"LineString","coordinates":[[7.387601,46.934736],[7.389585,46.936156],[7.390304,46.93688]]}},{"type":"Feature","properties":{"k":"neben","name":"Bümplizstrasse"},"geometry":{"type":"LineString","coordinates":[[7.392277,46.939413],[7.393812,46.938693]]}},{"type":"Feature","properties":{"k":"neben","name":"Winterfeldweg"},"geometry":{"type":"LineString","coordinates":[[7.383577,46.94482],[7.382422,46.943853]]}},{"type":"Feature","properties":{"k":"neben","name":"Brünnenstrasse"},"geometry":{"type":"LineString","coordinates":[[7.383577,46.94482],[7.383646,46.944783],[7.383709,46.944747]]}},{"type":"Feature","properties":{"k":"neben","name":"Brünnenstrasse"},"geometry":{"type":"LineString","coordinates":[[7.383063,46.9451],[7.38325,46.945],[7.383577,46.94482]]}},{"type":"Feature","properties":{"k":"neben","name":"Riedernrain"},"geometry":{"type":"LineString","coordinates":[[7.369985,46.947769],[7.370168,46.947785],[7.370311,46.948038]]}},{"type":"Feature","properties":{"k":"neben","name":"Riedbachstrasse"},"geometry":{"type":"LineString","coordinates":[[7.382992,46.948828],[7.383017,46.948761]]}},{"type":"Feature","properties":{"k":"neben","name":"Abendstrasse"},"geometry":{"type":"LineString","coordinates":[[7.388404,46.944969],[7.388425,46.945087]]}},{"type":"Feature","properties":{"k":"neben","name":"Bümplizstrasse"},"geometry":{"type":"LineString","coordinates":[[7.39391,46.947292],[7.3938,46.94723]]}},{"type":"Feature","properties":{"k":"neben","name":"Bümplizstrasse"},"geometry":{"type":"LineString","coordinates":[[7.3938,46.94723],[7.393609,46.947124],[7.393471,46.94705]]}},{"type":"Feature","properties":{"k":"neben","name":"Glockenstrasse"},"geometry":{"type":"LineString","coordinates":[[7.39131,46.939452],[7.391575,46.939639],[7.39159,46.939689]]}},{"type":"Feature","properties":{"k":"neben","name":"Buchweg"},"geometry":{"type":"LineString","coordinates":[[7.349461,46.943202],[7.349671,46.942879]]}},{"type":"Feature","properties":{"k":"neben","name":"Bernstrasse"},"geometry":{"type":"LineString","coordinates":[[7.394199,46.941792],[7.394295,46.941814],[7.394562,46.941872]]}},{"type":"Feature","properties":{"k":"neben","name":"Glockenstrasse"},"geometry":{"type":"LineString","coordinates":[[7.391617,46.939783],[7.391701,46.939948],[7.391707,46.939961],[7.391936,46.940384]]}},{"type":"Feature","properties":{"k":"neben","name":"Glockenstrasse"},"geometry":{"type":"LineString","coordinates":[[7.391936,46.940384],[7.391994,46.94049]]}},{"type":"Feature","properties":{"k":"neben","name":"Bottigenstrasse"},"geometry":{"type":"LineString","coordinates":[[7.371716,46.937719],[7.371586,46.937725],[7.371478,46.937725],[7.371356,46.93772]]}},{"type":"Feature","properties":{"k":"neben","name":"Bottigenstrasse"},"geometry":{"type":"LineString","coordinates":[[7.379766,46.937614],[7.377609,46.937324]]}},{"type":"Feature","properties":{"k":"neben","name":"Bottigenstrasse"},"geometry":{"type":"LineString","coordinates":[[7.380258,46.937665],[7.379766,46.937614]]}},{"type":"Feature","properties":{"k":"neben","name":"Myrtenweg"},"geometry":{"type":"LineString","coordinates":[[7.387969,46.942732],[7.387985,46.942768],[7.389103,46.943883]]}},{"type":"Feature","properties":{"k":"neben","name":"Heimstrasse"},"geometry":{"type":"LineString","coordinates":[[7.3859,46.941739],[7.384813,46.940942],[7.384592,46.940531],[7.38471,46.940063],[7.385337,46.939394]]}},{"type":"Feature","properties":{"k":"haupt","name":"Murtenstrasse"},"geometry":{"type":"LineString","coordinates":[[7.375823,46.948285],[7.376096,46.948266],[7.376265,46.94825],[7.376588,46.948214]]}},{"type":"Feature","properties":{"k":"neben","name":"Bümplizstrasse"},"geometry":{"type":"LineString","coordinates":[[7.390398,46.940826],[7.390317,46.940289],[7.390441,46.940088]]}},{"type":"Feature","properties":{"k":"neben","name":"Bottigenstrasse"},"geometry":{"type":"LineString","coordinates":[[7.381307,46.937869],[7.3812,46.937832]]}},{"type":"Feature","properties":{"k":"neben","name":"Bümplizstrasse"},"geometry":{"type":"LineString","coordinates":[[7.392195,46.939447],[7.392277,46.939413]]}},{"type":"Feature","properties":{"k":"haupt","name":"Murtenstrasse"},"geometry":{"type":"LineString","coordinates":[[7.376929,46.948135],[7.37694,46.948122],[7.376949,46.948104],[7.376993,46.947962]]}},{"type":"Feature","properties":{"k":"haupt"},"geometry":{"type":"LineString","coordinates":[[7.385207,46.932041],[7.38405,46.931708]]}},{"type":"Feature","properties":{"k":"haupt"},"geometry":{"type":"LineString","coordinates":[[7.385042,46.93191],[7.385314,46.931975],[7.385536,46.932025],[7.385799,46.932078]]}},{"type":"Feature","properties":{"k":"haupt"},"geometry":{"type":"LineString","coordinates":[[7.388068,46.932324],[7.388606,46.932347],[7.389024,46.932361]]}},{"type":"Feature","properties":{"k":"neben","name":"Bottigenstrasse"},"geometry":{"type":"LineString","coordinates":[[7.385337,46.939394],[7.385243,46.939389],[7.385139,46.93938]]}},{"type":"Feature","properties":{"k":"haupt","name":"Murtenstrasse"},"geometry":{"type":"LineString","coordinates":[[7.379562,46.9479],[7.378425,46.948021]]}},{"type":"Feature","properties":{"k":"neben","name":"Matzenriedstrasse"},"geometry":{"type":"LineString","coordinates":[[7.342976,46.932316],[7.34215,46.932135],[7.34086,46.932035],[7.339616,46.932037],[7.338882,46.931683],[7.337936,46.93138]]}},{"type":"Feature","properties":{"k":"neben","name":"Niederriedweg"},"geometry":{"type":"LineString","coordinates":[[7.337865,46.92908],[7.33727,46.927933]]}},{"type":"Feature","properties":{"k":"neben","name":"Matzenriedstrasse"},"geometry":{"type":"LineString","coordinates":[[7.337936,46.93138],[7.337558,46.931244],[7.335952,46.93104],[7.334593,46.930628]]}},{"type":"Feature","properties":{"k":"neben","name":"Niederriedweg"},"geometry":{"type":"LineString","coordinates":[[7.337936,46.93138],[7.337567,46.932233]]}},{"type":"Feature","properties":{"k":"neben","name":"Riedernstrasse"},"geometry":{"type":"LineString","coordinates":[[7.369985,46.947769],[7.36993,46.947643],[7.369884,46.9475],[7.369872,46.947459]]}},{"type":"Feature","properties":{"k":"neben"},"geometry":{"type":"LineString","coordinates":[[7.367451,46.951816],[7.367966,46.952136]]}},{"type":"Feature","properties":{"k":"neben"},"geometry":{"type":"LineString","coordinates":[[7.367966,46.952136],[7.368031,46.952159]]}},{"type":"Feature","properties":{"k":"neben"},"geometry":{"type":"LineString","coordinates":[[7.367445,46.951681],[7.367439,46.951737],[7.367443,46.951778],[7.367451,46.951816]]}},{"type":"Feature","properties":{"k":"neben"},"geometry":{"type":"LineString","coordinates":[[7.368031,46.952159],[7.3681,46.952196],[7.368331,46.952348]]}},{"type":"Feature","properties":{"k":"neben"},"geometry":{"type":"LineString","coordinates":[[7.368331,46.952348],[7.368374,46.952377],[7.368442,46.952431],[7.368466,46.952447]]}},{"type":"Feature","properties":{"k":"neben","name":"Riedbachstrasse"},"geometry":{"type":"LineString","coordinates":[[7.352699,46.943809],[7.352528,46.943793],[7.352119,46.943756]]}},{"type":"Feature","properties":{"k":"neben","name":"Riedbachstrasse"},"geometry":{"type":"LineString","coordinates":[[7.354205,46.943872],[7.352699,46.943809]]}},{"type":"Feature","properties":{"k":"neben","name":"Riedbachstrasse"},"geometry":{"type":"LineString","coordinates":[[7.352119,46.943756],[7.351984,46.943744],[7.351833,46.943731],[7.351288,46.943705]]}},{"type":"Feature","properties":{"k":"neben","name":"Riedbachstrasse"},"geometry":{"type":"LineString","coordinates":[[7.366231,46.943909],[7.366005,46.943929],[7.365082,46.944007],[7.364516,46.944046]]}},{"type":"Feature","properties":{"k":"neben","name":"Riedbachstrasse"},"geometry":{"type":"LineString","coordinates":[[7.367534,46.943343],[7.367006,46.943723],[7.366231,46.943909]]}},{"type":"Feature","properties":{"k":"neben","name":"Riedbachstrasse"},"geometry":{"type":"LineString","coordinates":[[7.368369,46.942818],[7.367894,46.94302]]}},{"type":"Feature","properties":{"k":"neben","name":"Niederbottigenstrasse"},"geometry":{"type":"LineString","coordinates":[[7.370062,46.93943],[7.371356,46.93772]]}},{"type":"Feature","properties":{"k":"neben","name":"Riedbachstrasse"},"geometry":{"type":"LineString","coordinates":[[7.37092,46.943168],[7.371206,46.943228]]}},{"type":"Feature","properties":{"k":"neben","name":"Riedbachstrasse"},"geometry":{"type":"LineString","coordinates":[[7.370469,46.943099],[7.37092,46.943168]]}},{"type":"Feature","properties":{"k":"neben","name":"Bottigenstrasse"},"geometry":{"type":"LineString","coordinates":[[7.356508,46.935765],[7.355701,46.935679]]}},{"type":"Feature","properties":{"k":"neben","name":"Bottigenstrasse"},"geometry":{"type":"LineString","coordinates":[[7.362703,46.936392],[7.362534,46.93636],[7.362379,46.936338],[7.362229,46.936318]]}},{"type":"Feature","properties":{"k":"neben","name":"Bottigenstrasse"},"geometry":{"type":"LineString","coordinates":[[7.367264,46.937077],[7.365668,46.937018],[7.362703,46.936392]]}},{"type":"Feature","properties":{"k":"neben","name":"Bottigenstrasse"},"geometry":{"type":"LineString","coordinates":[[7.369058,46.937191],[7.368386,46.937093],[7.367264,46.937077]]}},{"type":"Feature","properties":{"k":"neben","name":"Bottigenstrasse"},"geometry":{"type":"LineString","coordinates":[[7.371356,46.93772],[7.369058,46.937191]]}},{"type":"Feature","properties":{"k":"neben","name":"Weiermattstrasse"},"geometry":{"type":"LineString","coordinates":[[7.375377,46.948531],[7.375369,46.948547],[7.37535,46.948602]]}},{"type":"Feature","properties":{"k":"neben","name":"Niederfeldweg"},"geometry":{"type":"LineString","coordinates":[[7.328873,46.931664],[7.328273,46.932058],[7.327654,46.932658],[7.327636,46.933014],[7.327458,46.933313]]}},{"type":"Feature","properties":{"k":"neben","name":"Riedbachstrasse"},"geometry":{"type":"LineString","coordinates":[[7.369534,46.942895],[7.369758,46.94294],[7.369866,46.942953],[7.369928,46.942959]]}},{"type":"Feature","properties":{"k":"neben","name":"Riedbachstrasse"},"geometry":{"type":"LineString","coordinates":[[7.369881,46.943058],[7.369825,46.943021],[7.369534,46.942895]]}},{"type":"Feature","properties":{"k":"haupt","name":"Niederbottigenstrasse"},"geometry":{"type":"LineString","coordinates":[[7.370288,46.944047],[7.370178,46.943944],[7.37013,46.943844]]}},{"type":"Feature","properties":{"k":"haupt","name":"Niederbottigenstrasse"},"geometry":{"type":"LineString","coordinates":[[7.370065,46.943137],[7.370039,46.943297]]}},{"type":"Feature","properties":{"k":"neben","name":"Gäbelbachstrasse"},"geometry":{"type":"LineString","coordinates":[[7.380963,46.948556],[7.381198,46.948428]]}},{"type":"Feature","properties":{"k":"neben","name":"Gäbelbachstrasse"},"geometry":{"type":"LineString","coordinates":[[7.381275,46.948507],[7.380963,46.948556]]}},{"type":"Feature","properties":{"k":"haupt","name":"Neue Murtenstrasse"},"geometry":{"type":"LineString","coordinates":[[7.381648,46.94867],[7.38136,46.948507]]}},{"type":"Feature","properties":{"k":"haupt","name":"Murtenstrasse"},"geometry":{"type":"LineString","coordinates":[[7.38114,46.948229],[7.381225,46.94827],[7.381291,46.948317],[7.381343,46.948352]]}},{"type":"Feature","properties":{"k":"haupt","name":"Murtenstrasse"},"geometry":{"type":"LineString","coordinates":[[7.381204,46.948405],[7.38114,46.948229]]}},{"type":"Feature","properties":{"k":"haupt","name":"Neue Murtenstrasse"},"geometry":{"type":"LineString","coordinates":[[7.3925,46.954032],[7.392615,46.954031],[7.392732,46.954029],[7.392922,46.954024]]}},{"type":"Feature","properties":{"k":"neben","name":"Niederriedweg"},"geometry":{"type":"LineString","coordinates":[[7.338226,46.929765],[7.338173,46.929661],[7.338129,46.929581],[7.338027,46.929388]]}},{"type":"Feature","properties":{"k":"neben","name":"Niederriedweg"},"geometry":{"type":"LineString","coordinates":[[7.338027,46.929388],[7.337981,46.9293],[7.337865,46.92908]]}},{"type":"Feature","properties":{"k":"haupt","name":"Murtenstrasse"},"geometry":{"type":"LineString","coordinates":[[7.367744,46.947607],[7.369588,46.947515],[7.371242,46.947089],[7.37182,46.947147]]}},{"type":"Feature","properties":{"k":"neben","name":"Riedbachstrasse"},"geometry":{"type":"LineString","coordinates":[[7.370173,46.943001],[7.370223,46.943015],[7.370314,46.943046],[7.370469,46.943099]]}},{"type":"Feature","properties":{"k":"haupt","name":"Niederbottigenstrasse"},"geometry":{"type":"LineString","coordinates":[[7.37013,46.943844],[7.369935,46.943117]]}},{"type":"Feature","properties":{"k":"neben","name":"Bottigenstrasse"},"geometry":{"type":"LineString","coordinates":[[7.372587,46.937573],[7.371716,46.937719]]}},{"type":"Feature","properties":{"k":"haupt"},"geometry":{"type":"LineString","coordinates":[[7.358906,46.945112],[7.364293,46.944381]]}},{"type":"Feature","properties":{"k":"haupt"},"geometry":{"type":"LineString","coordinates":[[7.37078,46.944443],[7.368681,46.944296]]}},{"type":"Feature","properties":{"k":"haupt","name":"Murtenstrasse"},"geometry":{"type":"LineString","coordinates":[[7.379087,46.947863],[7.379562,46.9479]]}},{"type":"Feature","properties":{"k":"neben","name":"Riedbachstrasse"},"geometry":{"type":"LineString","coordinates":[[7.367894,46.94302],[7.367534,46.943343]]}},{"type":"Feature","properties":{"k":"neben","name":"Riedbachstrasse"},"geometry":{"type":"LineString","coordinates":[[7.368534,46.942783],[7.368453,46.942798],[7.368369,46.942818]]}},{"type":"Feature","properties":{"k":"neben","name":"Riedbachstrasse"},"geometry":{"type":"LineString","coordinates":[[7.359081,46.942795],[7.35731,46.942872]]}},{"type":"Feature","properties":{"k":"neben","name":"Riedbachstrasse"},"geometry":{"type":"LineString","coordinates":[[7.364516,46.944046],[7.362965,46.944169],[7.362749,46.944184],[7.362585,46.944191]]}},{"type":"Feature","properties":{"k":"neben","name":"Niederriedweg"},"geometry":{"type":"LineString","coordinates":[[7.337355,46.93838],[7.336937,46.939139],[7.337061,46.939642]]}},{"type":"Feature","properties":{"k":"neben","name":"Riedbachstrasse"},"geometry":{"type":"LineString","coordinates":[[7.372861,46.94363],[7.373253,46.943724]]}},{"type":"Feature","properties":{"k":"neben","name":"Riedbachstrasse"},"geometry":{"type":"LineString","coordinates":[[7.373253,46.943724],[7.374498,46.944029],[7.374504,46.944031]]}},{"type":"Feature","properties":{"k":"neben","name":"Riedbachstrasse"},"geometry":{"type":"LineString","coordinates":[[7.371357,46.94326],[7.371502,46.943295]]}},{"type":"Feature","properties":{"k":"neben","name":"Niederbottigenstrasse"},"geometry":{"type":"LineString","coordinates":[[7.369678,46.940013],[7.369798,46.939782],[7.369881,46.93967],[7.370062,46.93943]]}},{"type":"Feature","properties":{"k":"neben","name":"Bottigenstrasse"},"geometry":{"type":"LineString","coordinates":[[7.337061,46.939642],[7.339769,46.937628],[7.342166,46.936665]]}},{"type":"Feature","properties":{"k":"neben","name":"Bottigenstrasse"},"geometry":{"type":"LineString","coordinates":[[7.347916,46.935485],[7.347974,46.935486],[7.349471,46.935502]]}},{"type":"Feature","properties":{"k":"neben","name":"Bottigenstrasse"},"geometry":{"type":"LineString","coordinates":[[7.349471,46.935502],[7.355701,46.935679]]}},{"type":"Feature","properties":{"k":"neben","name":"Rosshäusernstrasse"},"geometry":{"type":"LineString","coordinates":[[7.335363,46.942344],[7.335285,46.942386],[7.335212,46.942422],[7.335105,46.942464]]}},{"type":"Feature","properties":{"k":"neben","name":"Bottigenstrasse"},"geometry":{"type":"LineString","coordinates":[[7.377609,46.937324],[7.377232,46.937258]]}},{"type":"Feature","properties":{"k":"neben","name":"Niederbottigenstrasse"},"geometry":{"type":"LineString","coordinates":[[7.370032,46.942837],[7.370086,46.942905],[7.370105,46.942946]]}},{"type":"Feature","properties":{"k":"neben","name":"Niederbottigenstrasse"},"geometry":{"type":"LineString","coordinates":[[7.36996,46.942943],[7.369986,46.942902],[7.370032,46.942837]]}},{"type":"Feature","properties":{"k":"neben","name":"Bottigenstrasse"},"geometry":{"type":"LineString","coordinates":[[7.335902,46.944031],[7.335718,46.943692]]}},{"type":"Feature","properties":{"k":"neben","name":"Riedbachstrasse"},"geometry":{"type":"LineString","coordinates":[[7.332522,46.943426],[7.3327,46.943139]]}},{"type":"Feature","properties":{"k":"neben","name":"Rosshäusernstrasse"},"geometry":{"type":"LineString","coordinates":[[7.332335,46.942448],[7.332195,46.942403],[7.332069,46.942365]]}},{"type":"Feature","properties":{"k":"haupt"},"geometry":{"type":"LineString","coordinates":[[7.386709,46.931793],[7.386544,46.931783]]}},{"type":"Feature","properties":{"k":"haupt"},"geometry":{"type":"LineString","coordinates":[[7.386544,46.931783],[7.386554,46.931639]]}},{"type":"Feature","properties":{"k":"haupt"},"geometry":{"type":"LineString","coordinates":[[7.386554,46.931639],[7.386769,46.931695]]}},{"type":"Feature","properties":{"k":"haupt"},"geometry":{"type":"LineString","coordinates":[[7.385916,46.932264],[7.385903,46.932426]]}},{"type":"Feature","properties":{"k":"haupt"},"geometry":{"type":"LineString","coordinates":[[7.385903,46.932426],[7.385742,46.932435],[7.385662,46.932363]]}},{"type":"Feature","properties":{"k":"haupt"},"geometry":{"type":"LineString","coordinates":[[7.385698,46.932272],[7.385916,46.932264]]}},{"type":"Feature","properties":{"k":"neben"},"geometry":{"type":"LineString","coordinates":[[7.394778,46.947645],[7.394757,46.947768]]}},{"type":"Feature","properties":{"k":"neben"},"geometry":{"type":"LineString","coordinates":[[7.394757,46.947768],[7.394578,46.947777]]}},{"type":"Feature","properties":{"k":"neben"},"geometry":{"type":"LineString","coordinates":[[7.394578,46.947777],[7.394539,46.947644]]}},{"type":"Feature","properties":{"k":"neben"},"geometry":{"type":"LineString","coordinates":[[7.394539,46.947644],[7.394702,46.947603]]}},{"type":"Feature","properties":{"k":"neben"},"geometry":{"type":"LineString","coordinates":[[7.394702,46.947603],[7.394736,46.947615]]}},{"type":"Feature","properties":{"k":"neben","name":"Bernstrasse"},"geometry":{"type":"LineString","coordinates":[[7.392741,46.941407],[7.392543,46.941393]]}},{"type":"Feature","properties":{"k":"neben","name":"Bernstrasse"},"geometry":{"type":"LineString","coordinates":[[7.392543,46.941393],[7.392615,46.941274]]}},{"type":"Feature","properties":{"k":"haupt"},"geometry":{"type":"LineString","coordinates":[[7.38136,46.948507],[7.381323,46.948513],[7.38129,46.948511],[7.381275,46.948507]]}},{"type":"Feature","properties":{"k":"haupt"},"geometry":{"type":"LineString","coordinates":[[7.381275,46.948507],[7.381198,46.948428]]}},{"type":"Feature","properties":{"k":"haupt"},"geometry":{"type":"LineString","coordinates":[[7.381198,46.948428],[7.381204,46.948405]]}},{"type":"Feature","properties":{"k":"haupt"},"geometry":{"type":"LineString","coordinates":[[7.381204,46.948405],[7.381343,46.948352]]}},{"type":"Feature","properties":{"k":"haupt"},"geometry":{"type":"LineString","coordinates":[[7.381343,46.948352],[7.381435,46.948436]]}},{"type":"Feature","properties":{"k":"haupt"},"geometry":{"type":"LineString","coordinates":[[7.381435,46.948436],[7.381427,46.948462],[7.381409,46.948482]]}},{"type":"Feature","properties":{"k":"neben"},"geometry":{"type":"LineString","coordinates":[[7.392317,46.945676],[7.392155,46.94563]]}},{"type":"Feature","properties":{"k":"neben"},"geometry":{"type":"LineString","coordinates":[[7.39237,46.945581],[7.392317,46.945676]]}},{"type":"Feature","properties":{"k":"neben"},"geometry":{"type":"LineString","coordinates":[[7.392155,46.94563],[7.392246,46.945531]]}},{"type":"Feature","properties":{"k":"neben"},"geometry":{"type":"LineString","coordinates":[[7.393812,46.938693],[7.393823,46.938609]]}},{"type":"Feature","properties":{"k":"neben"},"geometry":{"type":"LineString","coordinates":[[7.393823,46.938609],[7.393928,46.938636]]}},{"type":"Feature","properties":{"k":"neben"},"geometry":{"type":"LineString","coordinates":[[7.3939,46.938696],[7.393812,46.938693]]}},{"type":"Feature","properties":{"k":"haupt","name":"Freiburgstrasse"},"geometry":{"type":"LineString","coordinates":[[7.385499,46.930698],[7.386554,46.931639]]}},{"type":"Feature","properties":{"k":"haupt"},"geometry":{"type":"LineString","coordinates":[[7.384035,46.951065],[7.383896,46.950861],[7.383624,46.950448]]}},{"type":"Feature","properties":{"k":"haupt"},"geometry":{"type":"LineString","coordinates":[[7.383301,46.931316],[7.385042,46.93191]]}},{"type":"Feature","properties":{"k":"neben","name":"Gäbelbachstrasse"},"geometry":{"type":"LineString","coordinates":[[7.380963,46.948556],[7.380876,46.948574],[7.380773,46.948596],[7.380545,46.94864]]}},{"type":"Feature","properties":{"k":"neben","name":"Holenackerstrasse"},"geometry":{"type":"LineString","coordinates":[[7.380918,46.948715],[7.380773,46.948596]]}},{"type":"Feature","properties":{"k":"neben","name":"Holenackerstrasse"},"geometry":{"type":"LineString","coordinates":[[7.380876,46.948574],[7.380921,46.94865],[7.380922,46.948677],[7.380918,46.948715]]}},{"type":"Feature","properties":{"k":"neben"},"geometry":{"type":"LineString","coordinates":[[7.381007,46.945207],[7.381227,46.945234],[7.381261,46.945043],[7.381057,46.945018],[7.381007,46.945207]]}},{"type":"Feature","properties":{"k":"neben","name":"Wangenstrasse"},"geometry":{"type":"LineString","coordinates":[[7.387273,46.934398],[7.387433,46.934507]]}},{"type":"Feature","properties":{"k":"neben","name":"Frankenstrasse"},"geometry":{"type":"LineString","coordinates":[[7.39319,46.941365],[7.393315,46.941308],[7.393823,46.941078],[7.394111,46.940948]]}},{"type":"Feature","properties":{"k":"neben","name":"Frankenstrasse"},"geometry":{"type":"LineString","coordinates":[[7.392995,46.941515],[7.39319,46.941365]]}},{"type":"Feature","properties":{"k":"haupt"},"geometry":{"type":"LineString","coordinates":[[7.368681,46.944296],[7.365709,46.94435]]}},{"type":"Feature","properties":{"k":"haupt"},"geometry":{"type":"LineString","coordinates":[[7.365709,46.94435],[7.364882,46.944421]]}},{"type":"Feature","properties":{"k":"haupt"},"geometry":{"type":"LineString","coordinates":[[7.379829,46.928723],[7.380782,46.929679]]}},{"type":"Feature","properties":{"k":"haupt","name":"Schützenmattstrasse"},"geometry":{"type":"LineString","coordinates":[[7.442135,46.952169],[7.441868,46.952518],[7.440795,46.953326],[7.440415,46.95337]]}},{"type":"Feature","properties":{"k":"haupt","name":"Stadtbachstrasse"},"geometry":{"type":"LineString","coordinates":[[7.436713,46.9491],[7.435731,46.94888]]}},{"type":"Feature","properties":{"k":"neben","name":"Pavillonweg"},"geometry":{"type":"LineString","coordinates":[[7.433155,46.949007],[7.433157,46.949416],[7.434342,46.949204]]}},{"type":"Feature","properties":{"k":"neben","name":"Terrassenweg"},"geometry":{"type":"LineString","coordinates":[[7.433553,46.94935],[7.433761,46.94986],[7.434475,46.949769],[7.434533,46.949715],[7.434342,46.949204]]}},{"type":"Feature","properties":{"k":"haupt"},"geometry":{"type":"LineString","coordinates":[[7.399544,46.951681],[7.401007,46.95124],[7.402865,46.950883],[7.404533,46.950733],[7.406272,46.95074]]}},{"type":"Feature","properties":{"k":"neben","name":"Bahnstrasse"},"geometry":{"type":"LineString","coordinates":[[7.414105,46.948056],[7.41481,46.948557]]}},{"type":"Feature","properties":{"k":"neben","name":"Marzilistrasse"},"geometry":{"type":"LineString","coordinates":[[7.441887,46.940903],[7.442057,46.941106]]}},{"type":"Feature","properties":{"k":"neben","name":"Wasserwerkgasse"},"geometry":{"type":"LineString","coordinates":[[7.457831,46.948117],[7.457729,46.948164]]}},{"type":"Feature","properties":{"k":"neben","name":"Dalmaziquai"},"geometry":{"type":"LineString","coordinates":[[7.445708,46.935104],[7.445068,46.936156],[7.444894,46.936679],[7.44481,46.937597],[7.445727,46.941882]]}},{"type":"Feature","properties":{"k":"haupt","name":"Schanzenstrasse"},"geometry":{"type":"LineString","coordinates":[[7.437552,46.947216],[7.4375,46.947376],[7.437436,46.947527],[7.437325,46.947619]]}},{"type":"Feature","properties":{"k":"haupt","name":"Laupenstrasse"},"geometry":{"type":"LineString","coordinates":[[7.437552,46.947216],[7.437524,46.947216],[7.437495,46.947216]]}},{"type":"Feature","properties":{"k":"neben","name":"Kramgasse"},"geometry":{"type":"LineString","coordinates":[[7.448143,46.947996],[7.451222,46.947964],[7.452282,46.948023]]}},{"type":"Feature","properties":{"k":"neben","name":"Nydeggbrücke"},"geometry":{"type":"LineString","coordinates":[[7.457549,46.948535],[7.459294,46.948408]]}},{"type":"Feature","properties":{"k":"neben","name":"Nydeggstalden"},"geometry":{"type":"LineString","coordinates":[[7.456561,46.948832],[7.457168,46.949344],[7.4577,46.949335]]}},{"type":"Feature","properties":{"k":"neben"},"geometry":{"type":"LineString","coordinates":[[7.450316,46.943473],[7.450497,46.943885]]}},{"type":"Feature","properties":{"k":"neben","name":"Marktgasse"},"geometry":{"type":"LineString","coordinates":[[7.443884,46.948249],[7.4437,46.948223]]}},{"type":"Feature","properties":{"k":"neben","name":"Nägeligasse"},"geometry":{"type":"LineString","coordinates":[[7.444664,46.949672],[7.445937,46.949451],[7.446047,46.949432]]}},{"type":"Feature","properties":{"k":"neben","name":"Postgasshalde"},"geometry":{"type":"LineString","coordinates":[[7.455761,46.94874],[7.455664,46.94903]]}},{"type":"Feature","properties":{"k":"neben","name":"Münstergasse"},"geometry":{"type":"LineString","coordinates":[[7.451083,46.947445],[7.452365,46.947528]]}},{"type":"Feature","properties":{"k":"neben","name":"Bundesgasse"},"geometry":{"type":"LineString","coordinates":[[7.441105,46.94644],[7.441937,46.946583]]}},{"type":"Feature","properties":{"k":"neben","name":"Dalmazibrücke"},"geometry":{"type":"LineString","coordinates":[[7.444972,46.944717],[7.445115,46.944685],[7.445238,46.944667]]}},{"type":"Feature","properties":{"k":"neben","name":"Brückenstrasse"},"geometry":{"type":"LineString","coordinates":[[7.440723,46.94294],[7.441003,46.943238],[7.441971,46.943942],[7.443304,46.944615]]}},{"type":"Feature","properties":{"k":"haupt","name":"Muristrasse"},"geometry":{"type":"LineString","coordinates":[[7.46629,46.94158],[7.466853,46.941376],[7.467341,46.941075]]}},{"type":"Feature","properties":{"k":"neben","name":"Münzrain"},"geometry":{"type":"LineString","coordinates":[[7.443272,46.945194],[7.444243,46.945885],[7.445212,46.946165]]}},{"type":"Feature","properties":{"k":"haupt","name":"Kirchenfeldstrasse"},"geometry":{"type":"LineString","coordinates":[[7.445811,46.939959],[7.445439,46.939944]]}},{"type":"Feature","properties":{"k":"haupt","name":"Ostring"},"geometry":{"type":"LineString","coordinates":[[7.466588,46.941707],[7.466699,46.941798],[7.466743,46.941826],[7.467223,46.942056]]}},{"type":"Feature","properties":{"k":"haupt","name":"Laubeggstrasse"},"geometry":{"type":"LineString","coordinates":[[7.471778,46.945242],[7.471217,46.945288]]}},{"type":"Feature","properties":{"k":"neben","name":"Schosshaldenstrasse"},"geometry":{"type":"LineString","coordinates":[[7.461589,46.944931],[7.463601,46.946035],[7.46541,46.946867]]}},{"type":"Feature","properties":{"k":"neben","name":"Rathausplatz"},"geometry":{"type":"LineString","coordinates":[[7.452267,46.948545],[7.452152,46.948536],[7.452095,46.948531]]}},{"type":"Feature","properties":{"k":"neben","name":"Postgasse"},"geometry":{"type":"LineString","coordinates":[[7.455664,46.94903],[7.454537,46.948904]]}},{"type":"Feature","properties":{"k":"neben","name":"Falkenweg"},"geometry":{"type":"LineString","coordinates":[[7.43513,46.951947],[7.435941,46.951811]]}},{"type":"Feature","properties":{"k":"haupt","name":"Viktoriastrasse"},"geometry":{"type":"LineString","coordinates":[[7.459289,46.953329],[7.458619,46.953576],[7.456758,46.95356]]}},{"type":"Feature","properties":{"k":"neben","name":"Pulverweg"},"geometry":{"type":"LineString","coordinates":[[7.470074,46.953876],[7.468718,46.955474]]}},{"type":"Feature","properties":{"k":"neben","name":"Schanzeneckstrasse"},"geometry":{"type":"LineString","coordinates":[[7.433128,46.950269],[7.434572,46.950245],[7.435266,46.950312]]}},{"type":"Feature","properties":{"k":"neben","name":"Wabernstrasse"},"geometry":{"type":"LineString","coordinates":[[7.438759,46.93779],[7.438266,46.938202],[7.437387,46.939235]]}},{"type":"Feature","properties":{"k":"neben","name":"Wabernstrasse"},"geometry":{"type":"LineString","coordinates":[[7.439285,46.937264],[7.438759,46.93779]]}},{"type":"Feature","properties":{"k":"neben","name":"Seminarstrasse"},"geometry":{"type":"LineString","coordinates":[[7.460973,46.944522],[7.46084,46.943687]]}},{"type":"Feature","properties":{"k":"neben","name":"Aegertenstrasse"},"geometry":{"type":"LineString","coordinates":[[7.447484,46.940033],[7.448354,46.942236]]}},{"type":"Feature","properties":{"k":"neben","name":"Bernastrasse"},"geometry":{"type":"LineString","coordinates":[[7.449538,46.937751],[7.449251,46.938004],[7.449119,46.939506]]}},{"type":"Feature","properties":{"k":"neben","name":"Archivstrasse"},"geometry":{"type":"LineString","coordinates":[[7.448202,46.94186],[7.447416,46.941589],[7.447175,46.940988]]}},{"type":"Feature","properties":{"k":"neben","name":"Kreuzgasse"},"geometry":{"type":"LineString","coordinates":[[7.452334,46.948028],[7.452319,46.948125],[7.452294,46.948307]]}},{"type":"Feature","properties":{"k":"neben","name":"Brunngasse"},"geometry":{"type":"LineString","coordinates":[[7.448317,46.948511],[7.448396,46.948745],[7.448728,46.948892],[7.449824,46.948916],[7.450173,46.948882],[7.450466,46.948765]]}},{"type":"Feature","properties":{"k":"neben","name":"Effingerstrasse"},"geometry":{"type":"LineString","coordinates":[[7.437209,46.945789],[7.436372,46.945791]]}},{"type":"Feature","properties":{"k":"haupt","name":"Schlossstrasse"},"geometry":{"type":"LineString","coordinates":[[7.420391,46.944561],[7.416402,46.944273]]}},{"type":"Feature","properties":{"k":"neben","name":"Untertorbrücke"},"geometry":{"type":"LineString","coordinates":[[7.458815,46.949401],[7.458109,46.949323]]}},{"type":"Feature","properties":{"k":"neben","name":"Badgasse"},"geometry":{"type":"LineString","coordinates":[[7.450187,46.946284],[7.452861,46.946461],[7.452992,46.946118]]}},{"type":"Feature","properties":{"k":"haupt","name":"Neue Murtenstrasse"},"geometry":{"type":"LineString","coordinates":[[7.399485,46.951421],[7.399733,46.951329]]}},{"type":"Feature","properties":{"k":"neben","name":"Stöckackerstrasse"},"geometry":{"type":"LineString","coordinates":[[7.399814,46.944053],[7.397987,46.942621],[7.397886,46.942367]]}},{"type":"Feature","properties":{"k":"neben","name":"Pestalozzistrasse"},"geometry":{"type":"LineString","coordinates":[[7.425765,46.941746],[7.424016,46.94049]]}},{"type":"Feature","properties":{"k":"neben","name":"Brunnmattstrasse"},"geometry":{"type":"LineString","coordinates":[[7.425765,46.941746],[7.426251,46.942276]]}},{"type":"Feature","properties":{"k":"neben","name":"Murtenstrasse"},"geometry":{"type":"LineString","coordinates":[[7.403408,46.949427],[7.403112,46.949548]]}},{"type":"Feature","properties":{"k":"neben","name":"Stöckackerstrasse"},"geometry":{"type":"LineString","coordinates":[[7.403433,46.948877],[7.403436,46.949021]]}},{"type":"Feature","properties":{"k":"haupt","name":"Freiburgstrasse"},"geometry":{"type":"LineString","coordinates":[[7.403298,46.942047],[7.403587,46.942167],[7.403721,46.942218],[7.403848,46.942265]]}},{"type":"Feature","properties":{"k":"haupt"},"geometry":{"type":"LineString","coordinates":[[7.406554,46.941376],[7.406777,46.942446],[7.406761,46.944912]]}},{"type":"Feature","properties":{"k":"haupt","name":"Eigerstrasse"},"geometry":{"type":"LineString","coordinates":[[7.44101,46.939786],[7.440916,46.939784]]}},{"type":"Feature","properties":{"k":"neben","name":"Monbijoustrasse"},"geometry":{"type":"LineString","coordinates":[[7.437209,46.945789],[7.437122,46.945652],[7.436719,46.945045]]}},{"type":"Feature","properties":{"k":"neben","name":"Schwarztorstrasse"},"geometry":{"type":"LineString","coordinates":[[7.436131,46.942995],[7.437266,46.942579],[7.437479,46.942582]]}},{"type":"Feature","properties":{"k":"neben","name":"Luisenstrasse"},"geometry":{"type":"LineString","coordinates":[[7.452652,46.943024],[7.452551,46.943465],[7.452487,46.943743],[7.452473,46.9438]]}},{"type":"Feature","properties":{"k":"neben","name":"Gesellschaftsstrasse"},"geometry":{"type":"LineString","coordinates":[[7.434291,46.953921],[7.432478,46.954917],[7.431884,46.95504],[7.431053,46.955022],[7.430222,46.955458]]}},{"type":"Feature","properties":{"k":"neben","name":"Frohbergweg"},"geometry":{"type":"LineString","coordinates":[[7.435463,46.954659],[7.435714,46.954853],[7.436858,46.955305]]}},{"type":"Feature","properties":{"k":"neben","name":"Seilerstrasse"},"geometry":{"type":"LineString","coordinates":[[7.435856,46.947267],[7.435403,46.946605]]}},{"type":"Feature","properties":{"k":"neben","name":"Melchenbühlweg"},"geometry":{"type":"LineString","coordinates":[[7.480141,46.944038],[7.479438,46.945576],[7.479386,46.946342]]}},{"type":"Feature","properties":{"k":"neben","name":"Kasernenstrasse"},"geometry":{"type":"LineString","coordinates":[[7.460391,46.954782],[7.459354,46.955223]]}},{"type":"Feature","properties":{"k":"haupt","name":"Muristrasse"},"geometry":{"type":"LineString","coordinates":[[7.4615,46.944486],[7.462117,46.944438]]}},{"type":"Feature","properties":{"k":"neben","name":"Zentweg"},"geometry":{"type":"LineString","coordinates":[[7.476991,46.954317],[7.476853,46.954767],[7.477021,46.955157],[7.476953,46.955306]]}},{"type":"Feature","properties":{"k":"neben","name":"Grosser Muristalden"},"geometry":{"type":"LineString","coordinates":[[7.459294,46.948408],[7.459881,46.948338]]}},{"type":"Feature","properties":{"k":"neben","name":"Gotthelfstrasse"},"geometry":{"type":"LineString","coordinates":[[7.453367,46.955749],[7.453219,46.955627],[7.452574,46.954297]]}},{"type":"Feature","properties":{"k":"neben","name":"Schänzlistrasse"},"geometry":{"type":"LineString","coordinates":[[7.447904,46.953901],[7.448518,46.953816]]}},{"type":"Feature","properties":{"k":"haupt","name":"Falkenplatz"},"geometry":{"type":"LineString","coordinates":[[7.435694,46.950793],[7.435534,46.950917],[7.435264,46.95113],[7.43523,46.951158]]}},{"type":"Feature","properties":{"k":"neben","name":"Bühlstrasse"},"geometry":{"type":"LineString","coordinates":[[7.428132,46.948988],[7.428569,46.950038]]}},{"type":"Feature","properties":{"k":"neben","name":"Genfergasse"},"geometry":{"type":"LineString","coordinates":[[7.442584,46.951259],[7.441955,46.950503]]}},{"type":"Feature","properties":{"k":"neben","name":"Hallerstrasse"},"geometry":{"type":"LineString","coordinates":[[7.434781,46.951545],[7.43502,46.951713],[7.435702,46.953102]]}},{"type":"Feature","properties":{"k":"haupt","name":"Bremgartenstrasse"},"geometry":{"type":"LineString","coordinates":[[7.420146,46.952489],[7.420486,46.952597]]}},{"type":"Feature","properties":{"k":"neben","name":"Depotstrasse"},"geometry":{"type":"LineString","coordinates":[[7.424898,46.952183],[7.427834,46.950583],[7.428376,46.950113],[7.428569,46.950038]]}},{"type":"Feature","properties":{"k":"neben","name":"Sahlistrasse"},"geometry":{"type":"LineString","coordinates":[[7.424906,46.952924],[7.429276,46.950661]]}},{"type":"Feature","properties":{"k":"neben","name":"Muesmattstrasse"},"geometry":{"type":"LineString","coordinates":[[7.426315,46.951424],[7.428538,46.953487]]}},{"type":"Feature","properties":{"k":"neben","name":"Baltzerstrasse"},"geometry":{"type":"LineString","coordinates":[[7.427308,46.952332],[7.427349,46.952311]]}},{"type":"Feature","properties":{"k":"neben","name":"Distelweg"},"geometry":{"type":"LineString","coordinates":[[7.424158,46.953678],[7.424214,46.953656],[7.424741,46.953454]]}},{"type":"Feature","properties":{"k":"neben","name":"Drosselweg"},"geometry":{"type":"LineString","coordinates":[[7.424609,46.954192],[7.424663,46.954176],[7.425192,46.954021]]}},{"type":"Feature","properties":{"k":"neben","name":"Fichtenweg"},"geometry":{"type":"LineString","coordinates":[[7.425595,46.955317],[7.427199,46.954664]]}},{"type":"Feature","properties":{"k":"neben","name":"Tannenweg"},"geometry":{"type":"LineString","coordinates":[[7.42511,46.954763],[7.425063,46.954783],[7.423822,46.955291]]}},{"type":"Feature","properties":{"k":"neben","name":"Eschenweg"},"geometry":{"type":"LineString","coordinates":[[7.42651,46.954647],[7.426468,46.954663],[7.425427,46.955047],[7.425375,46.955066]]}},{"type":"Feature","properties":{"k":"neben","name":"Lerchenweg"},"geometry":{"type":"LineString","coordinates":[[7.429802,46.952829],[7.430384,46.953694]]}},{"type":"Feature","properties":{"k":"neben","name":"Fellenbergstrasse"},"geometry":{"type":"LineString","coordinates":[[7.430366,46.952493],[7.431177,46.953584],[7.431504,46.953849]]}},{"type":"Feature","properties":{"k":"neben","name":"Finkenrain"},"geometry":{"type":"LineString","coordinates":[[7.43097,46.951012],[7.430699,46.951059]]}},{"type":"Feature","properties":{"k":"neben","name":"Donnerbühlweg"},"geometry":{"type":"LineString","coordinates":[[7.430601,46.951706],[7.431149,46.951383],[7.431516,46.951304]]}},{"type":"Feature","properties":{"k":"neben","name":"Fischerweg"},"geometry":{"type":"LineString","coordinates":[[7.436144,46.954274],[7.437322,46.954743]]}},{"type":"Feature","properties":{"k":"neben","name":"Werdtweg"},"geometry":{"type":"LineString","coordinates":[[7.428539,46.93813],[7.428575,46.938163]]}},{"type":"Feature","properties":{"k":"neben","name":"Bürkiweg"},"geometry":{"type":"LineString","coordinates":[[7.429895,46.939745],[7.430232,46.939727],[7.430927,46.939333],[7.431506,46.939107]]}},{"type":"Feature","properties":{"k":"neben"},"geometry":{"type":"LineString","coordinates":[[7.426248,46.955352],[7.426289,46.955335],[7.427332,46.954904],[7.427385,46.954882]]}},{"type":"Feature","properties":{"k":"neben","name":"Schreinerweg"},"geometry":{"type":"LineString","coordinates":[[7.42935,46.954415],[7.428459,46.95476]]}},{"type":"Feature","properties":{"k":"neben","name":"Genossenweg"},"geometry":{"type":"LineString","coordinates":[[7.428966,46.953942],[7.428916,46.953962],[7.428059,46.954296]]}},{"type":"Feature","properties":{"k":"neben","name":"Hohgantweg"},"geometry":{"type":"LineString","coordinates":[[7.428791,46.953733],[7.42874,46.95375],[7.42784,46.954042]]}},{"type":"Feature","properties":{"k":"neben","name":"Aebistrasse"},"geometry":{"type":"LineString","coordinates":[[7.427728,46.95272],[7.426026,46.953381]]}},{"type":"Feature","properties":{"k":"neben","name":"Amselweg"},"geometry":{"type":"LineString","coordinates":[[7.425511,46.953555],[7.424913,46.953761]]}},{"type":"Feature","properties":{"k":"neben"},"geometry":{"type":"LineString","coordinates":[[7.431077,46.95345],[7.431036,46.953465],[7.430438,46.953675],[7.430384,46.953694]]}},{"type":"Feature","properties":{"k":"neben"},"geometry":{"type":"LineString","coordinates":[[7.430928,46.953249],[7.430885,46.953264],[7.430246,46.953489]]}},{"type":"Feature","properties":{"k":"neben","name":"Finkenhubelweg"},"geometry":{"type":"LineString","coordinates":[[7.430699,46.951059],[7.429988,46.950518],[7.429928,46.950388],[7.430019,46.950266]]}},{"type":"Feature","properties":{"k":"neben","name":"Niesenweg"},"geometry":{"type":"LineString","coordinates":[[7.428307,46.949401],[7.429931,46.949129]]}},{"type":"Feature","properties":{"k":"neben","name":"Falkenhöheweg"},"geometry":{"type":"LineString","coordinates":[[7.433599,46.950602],[7.435252,46.95061]]}},{"type":"Feature","properties":{"k":"neben","name":"Donnerbühlweg"},"geometry":{"type":"LineString","coordinates":[[7.433615,46.950963],[7.433785,46.950947]]}},{"type":"Feature","properties":{"k":"neben","name":"Hochbühlweg"},"geometry":{"type":"LineString","coordinates":[[7.428569,46.950038],[7.429658,46.949826]]}},{"type":"Feature","properties":{"k":"neben"},"geometry":{"type":"LineString","coordinates":[[7.437399,46.954651],[7.438214,46.954947],[7.43818,46.955289]]}},{"type":"Feature","properties":{"k":"neben","name":"Sennweg"},"geometry":{"type":"LineString","coordinates":[[7.433939,46.952518],[7.43458,46.953756]]}},{"type":"Feature","properties":{"k":"neben","name":"Seidenweg"},"geometry":{"type":"LineString","coordinates":[[7.431862,46.953625],[7.431998,46.953747],[7.432995,46.95579],[7.433643,46.956285],[7.43503,46.957065]]}},{"type":"Feature","properties":{"k":"haupt","name":"Kleine Westtangente"},"geometry":{"type":"LineString","coordinates":[[7.43914,46.953544],[7.438805,46.953426]]}},{"type":"Feature","properties":{"k":"haupt","name":"Kleine Westtangente"},"geometry":{"type":"LineString","coordinates":[[7.436842,46.949189],[7.437382,46.949356]]}},{"type":"Feature","properties":{"k":"neben","name":"Grabenpromenade"},"geometry":{"type":"LineString","coordinates":[[7.448608,46.949345],[7.448031,46.948943]]}},{"type":"Feature","properties":{"k":"neben","name":"Käfiggässchen"},"geometry":{"type":"LineString","coordinates":[[7.444139,46.948155],[7.444165,46.94731]]}},{"type":"Feature","properties":{"k":"neben","name":"Landhausweg"},"geometry":{"type":"LineString","coordinates":[[7.431642,46.935327],[7.432982,46.936002]]}},{"type":"Feature","properties":{"k":"haupt","name":"Schanzenstrasse"},"geometry":{"type":"LineString","coordinates":[[7.437109,46.948132],[7.436725,46.94907]]}},{"type":"Feature","properties":{"k":"haupt","name":"Worbstrasse"},"geometry":{"type":"LineString","coordinates":[[7.476871,46.937157],[7.477669,46.937325]]}},{"type":"Feature","properties":{"k":"haupt","name":"Weltpoststrasse"},"geometry":{"type":"LineString","coordinates":[[7.477483,46.937426],[7.476691,46.93781]]}},{"type":"Feature","properties":{"k":"haupt","name":"Muristrasse"},"geometry":{"type":"LineString","coordinates":[[7.478069,46.936193],[7.476522,46.936915]]}},{"type":"Feature","properties":{"k":"neben","name":"Schänzlihalde"},"geometry":{"type":"LineString","coordinates":[[7.449479,46.95265],[7.448395,46.952972],[7.447443,46.952814]]}},{"type":"Feature","properties":{"k":"neben","name":"Helvetiastrasse"},"geometry":{"type":"LineString","coordinates":[[7.451385,46.938856],[7.451033,46.940178]]}},{"type":"Feature","properties":{"k":"neben","name":"Jubiläumsplatz"},"geometry":{"type":"LineString","coordinates":[[7.453068,46.940253],[7.453073,46.93989]]}},{"type":"Feature","properties":{"k":"neben","name":"Dufourstrasse"},"geometry":{"type":"LineString","coordinates":[[7.454205,46.94154],[7.453627,46.940275]]}},{"type":"Feature","properties":{"k":"haupt"},"geometry":{"type":"LineString","coordinates":[[7.414483,46.953513],[7.412404,46.952326],[7.410369,46.951542]]}},{"type":"Feature","properties":{"k":"neben"},"geometry":{"type":"LineString","coordinates":[[7.435019,46.954914],[7.435421,46.955122],[7.434703,46.955538]]}},{"type":"Feature","properties":{"k":"neben","name":"Gerberngasse"},"geometry":{"type":"LineString","coordinates":[[7.456859,46.947604],[7.45701,46.947502],[7.45748,46.947193],[7.457579,46.947111]]}},{"type":"Feature","properties":{"k":"neben","name":"Fabrikstrasse"},"geometry":{"type":"LineString","coordinates":[[7.422536,46.951846],[7.422591,46.951887]]}},{"type":"Feature","properties":{"k":"neben","name":"Amthausgasse"},"geometry":{"type":"LineString","coordinates":[[7.447244,46.947342],[7.444646,46.947309]]}},{"type":"Feature","properties":{"k":"neben","name":"Hallwylstrasse"},"geometry":{"type":"LineString","coordinates":[[7.450787,46.941117],[7.451985,46.941263]]}},{"type":"Feature","properties":{"k":"neben","name":"Mottastrasse"},"geometry":{"type":"LineString","coordinates":[[7.45161,46.942992],[7.451669,46.942477]]}},{"type":"Feature","properties":{"k":"neben","name":"Florastrasse"},"geometry":{"type":"LineString","coordinates":[[7.452652,46.943024],[7.454859,46.942906]]}},{"type":"Feature","properties":{"k":"neben","name":"Mani-Matter-Stutz"},"geometry":{"type":"LineString","coordinates":[[7.452095,46.948531],[7.452089,46.948584],[7.452051,46.948924]]}},{"type":"Feature","properties":{"k":"neben","name":"Gerechtigkeitsgasse"},"geometry":{"type":"LineString","coordinates":[[7.452282,46.948023],[7.453379,46.948147],[7.455802,46.948665]]}},{"type":"Feature","properties":{"k":"neben","name":"Reiterstrasse"},"geometry":{"type":"LineString","coordinates":[[7.459801,46.953996],[7.461107,46.953485],[7.461993,46.952902],[7.461251,46.952292]]}},{"type":"Feature","properties":{"k":"neben","name":"Reiterstrasse"},"geometry":{"type":"LineString","coordinates":[[7.461039,46.953518],[7.461548,46.954233],[7.460362,46.954745]]}},{"type":"Feature","properties":{"k":"neben","name":"Schönburgstrasse"},"geometry":{"type":"LineString","coordinates":[[7.456589,46.952535],[7.456684,46.952617],[7.456758,46.95356]]}},{"type":"Feature","properties":{"k":"neben","name":"Blumenbergstrasse"},"geometry":{"type":"LineString","coordinates":[[7.4555,46.954895],[7.454871,46.953773]]}},{"type":"Feature","properties":{"k":"neben","name":"Bundesplatz"},"geometry":{"type":"LineString","coordinates":[[7.444646,46.947309],[7.444638,46.946885]]}},{"type":"Feature","properties":{"k":"neben","name":"Bärenplatz"},"geometry":{"type":"LineString","coordinates":[[7.443521,46.948219],[7.443601,46.947344]]}},{"type":"Feature","properties":{"k":"neben","name":"Gasstrasse"},"geometry":{"type":"LineString","coordinates":[[7.444878,46.944839],[7.444178,46.945468]]}},{"type":"Feature","properties":{"k":"neben","name":"Bahnhofplatz"},"geometry":{"type":"LineString","coordinates":[[7.44111,46.94779],[7.44088,46.94841],[7.440666,46.948521]]}},{"type":"Feature","properties":{"k":"neben","name":"Huberstrasse"},"geometry":{"type":"LineString","coordinates":[[7.415789,46.94153],[7.416187,46.942441],[7.41629,46.942922],[7.416174,46.944011]]}},{"type":"Feature","properties":{"k":"neben","name":"Warmbächliweg"},"geometry":{"type":"LineString","coordinates":[[7.415477,46.946194],[7.415013,46.947125],[7.414105,46.948056]]}},{"type":"Feature","properties":{"k":"neben","name":"Güterstrasse"},"geometry":{"type":"LineString","coordinates":[[7.415303,46.948955],[7.417941,46.946875],[7.418773,46.946771],[7.419511,46.946777],[7.419665,46.946851]]}},{"type":"Feature","properties":{"k":"neben","name":"Langmauerweg"},"geometry":{"type":"LineString","coordinates":[[7.44832,46.94982],[7.448848,46.949729]]}},{"type":"Feature","properties":{"k":"neben","name":"Zähringerstrasse"},"geometry":{"type":"LineString","coordinates":[[7.437981,46.953168],[7.437603,46.953436]]}},{"type":"Feature","properties":{"k":"neben","name":"Lombachweg"},"geometry":{"type":"LineString","coordinates":[[7.463911,46.937293],[7.4661,46.938635],[7.467777,46.939805],[7.469371,46.939168]]}},{"type":"Feature","properties":{"k":"neben","name":"Frikartweg"},"geometry":{"type":"LineString","coordinates":[[7.467653,46.935355],[7.469323,46.934096]]}},{"type":"Feature","properties":{"k":"neben","name":"Luternauweg"},"geometry":{"type":"LineString","coordinates":[[7.466846,46.935078],[7.468433,46.936067]]}},{"type":"Feature","properties":{"k":"neben","name":"Erlenweg"},"geometry":{"type":"LineString","coordinates":[[7.442801,46.942707],[7.442777,46.942678],[7.442586,46.942441],[7.442372,46.942176]]}},{"type":"Feature","properties":{"k":"neben","name":"Erlenweg"},"geometry":{"type":"LineString","coordinates":[[7.441242,46.943421],[7.441274,46.943404],[7.441752,46.943156],[7.441791,46.943136]]}},{"type":"Feature","properties":{"k":"neben","name":"Erlenweg"},"geometry":{"type":"LineString","coordinates":[[7.44155,46.942499],[7.441581,46.942529],[7.442034,46.942972],[7.442059,46.942997]]}},{"type":"Feature","properties":{"k":"neben","name":"Neuhausweg"},"geometry":{"type":"LineString","coordinates":[[7.407285,46.926369],[7.407768,46.927138],[7.408669,46.927931],[7.409313,46.928308],[7.410471,46.928817]]}},{"type":"Feature","properties":{"k":"neben","name":"Aegertenstrasse"},"geometry":{"type":"LineString","coordinates":[[7.447462,46.939613],[7.447372,46.936734],[7.4475,46.936534]]}},{"type":"Feature","properties":{"k":"neben","name":"Messerliweg"},"geometry":{"type":"LineString","coordinates":[[7.399809,46.9495],[7.397835,46.950744]]}},{"type":"Feature","properties":{"k":"neben","name":"Garbenweg"},"geometry":{"type":"LineString","coordinates":[[7.395783,46.94984],[7.398454,46.950366]]}},{"type":"Feature","properties":{"k":"neben","name":"Messerliweg"},"geometry":{"type":"LineString","coordinates":[[7.397835,46.950744],[7.39573,46.950263]]}},{"type":"Feature","properties":{"k":"neben","name":"Murtenstrasse"},"geometry":{"type":"LineString","coordinates":[[7.398,46.949024],[7.397675,46.949667]]}},{"type":"Feature","properties":{"k":"neben","name":"Aehrenweg"},"geometry":{"type":"LineString","coordinates":[[7.395747,46.949604],[7.396994,46.94954],[7.399043,46.949986]]}},{"type":"Feature","properties":{"k":"neben","name":"Segantinistrasse"},"geometry":{"type":"LineString","coordinates":[[7.464055,46.943295],[7.464654,46.943675],[7.465008,46.943681],[7.466704,46.942543]]}},{"type":"Feature","properties":{"k":"neben","name":"Beatusstrasse"},"geometry":{"type":"LineString","coordinates":[[7.463082,46.940092],[7.462091,46.940157],[7.46135,46.939606]]}},{"type":"Feature","properties":{"k":"neben","name":"Böcklinstrasse"},"geometry":{"type":"LineString","coordinates":[[7.462988,46.941465],[7.463126,46.941548],[7.463149,46.941563],[7.46319,46.94159]]}},{"type":"Feature","properties":{"k":"neben","name":"Marienstrasse"},"geometry":{"type":"LineString","coordinates":[[7.454635,46.943706],[7.452473,46.9438]]}},{"type":"Feature","properties":{"k":"neben","name":"Segantinistrasse"},"geometry":{"type":"LineString","coordinates":[[7.465185,46.94358],[7.465891,46.944097]]}},{"type":"Feature","properties":{"k":"neben","name":"Weststrasse"},"geometry":{"type":"LineString","coordinates":[[7.448234,46.943265],[7.447536,46.942714],[7.447655,46.942406],[7.447535,46.942233],[7.446924,46.942146],[7.446495,46.941897],[7.445944,46.941868]]}},{"type":"Feature","properties":{"k":"neben","name":"Dalmazirain"},"geometry":{"type":"LineString","coordinates":[[7.446316,46.93998],[7.446142,46.940154],[7.446156,46.940367]]}},{"type":"Feature","properties":{"k":"neben","name":"Holligenstrasse"},"geometry":{"type":"LineString","coordinates":[[7.414411,46.937211],[7.414515,46.937369],[7.414576,46.938562],[7.415064,46.939309]]}},{"type":"Feature","properties":{"k":"neben","name":"Holligenstrasse"},"geometry":{"type":"LineString","coordinates":[[7.416724,46.939972],[7.416015,46.940368]]}},{"type":"Feature","properties":{"k":"neben","name":"Forsthausweg"},"geometry":{"type":"LineString","coordinates":[[7.416116,46.940816],[7.415368,46.940308],[7.416053,46.939632]]}},{"type":"Feature","properties":{"k":"neben","name":"Könizstrasse"},"geometry":{"type":"LineString","coordinates":[[7.416847,46.940105],[7.417941,46.939848]]}},{"type":"Feature","properties":{"k":"neben","name":"Hubelmattstrasse"},"geometry":{"type":"LineString","coordinates":[[7.421271,46.940839],[7.42099,46.940812],[7.420919,46.940745]]}},{"type":"Feature","properties":{"k":"neben","name":"Cäcilienplatz"},"geometry":{"type":"LineString","coordinates":[[7.42544,46.942041],[7.425521,46.94188],[7.425765,46.941746]]}},{"type":"Feature","properties":{"k":"neben","name":"Balderstrasse"},"geometry":{"type":"LineString","coordinates":[[7.42544,46.942041],[7.423757,46.943621],[7.423448,46.944105],[7.423425,46.944604]]}},{"type":"Feature","properties":{"k":"neben","name":"Wagnerstrasse"},"geometry":{"type":"LineString","coordinates":[[7.423422,46.944259],[7.424512,46.943835],[7.424689,46.943435],[7.42514,46.94308],[7.426409,46.942657]]}},{"type":"Feature","properties":{"k":"neben","name":"Hubelmattstrasse"},"geometry":{"type":"LineString","coordinates":[[7.424727,46.942689],[7.424308,46.942614],[7.423373,46.94294],[7.421706,46.942036]]}},{"type":"Feature","properties":{"k":"neben","name":"Kirchbühlweg"},"geometry":{"type":"LineString","coordinates":[[7.423037,46.942769],[7.424232,46.941888]]}},{"type":"Feature","properties":{"k":"neben","name":"Friedensstrasse"},"geometry":{"type":"LineString","coordinates":[[7.422125,46.941587],[7.42354,46.942405]]}},{"type":"Feature","properties":{"k":"neben","name":"Friedensstrasse"},"geometry":{"type":"LineString","coordinates":[[7.424232,46.941888],[7.424212,46.941798],[7.423394,46.941301],[7.423201,46.941323],[7.422551,46.941815]]}},{"type":"Feature","properties":{"k":"neben","name":"Munzingerstrasse"},"geometry":{"type":"LineString","coordinates":[[7.423278,46.940896],[7.422235,46.940888]]}},{"type":"Feature","properties":{"k":"neben"},"geometry":{"type":"LineString","coordinates":[[7.420284,46.942009],[7.420533,46.94236]]}},{"type":"Feature","properties":{"k":"neben"},"geometry":{"type":"LineString","coordinates":[[7.419678,46.942217],[7.419736,46.942196],[7.420284,46.942009]]}},{"type":"Feature","properties":{"k":"neben","name":"Sulgenbachstrasse"},"geometry":{"type":"LineString","coordinates":[[7.433568,46.942369],[7.433603,46.942221],[7.43342,46.941822]]}},{"type":"Feature","properties":{"k":"neben","name":"Gutenbergstrasse"},"geometry":{"type":"LineString","coordinates":[[7.434387,46.943635],[7.434425,46.943678],[7.435327,46.944663],[7.435354,46.944705]]}},{"type":"Feature","properties":{"k":"neben","name":"Weyermannsstrasse"},"geometry":{"type":"LineString","coordinates":[[7.416235,46.949583],[7.419665,46.946851]]}},{"type":"Feature","properties":{"k":"haupt","name":"Murtenstrasse"},"geometry":{"type":"LineString","coordinates":[[7.406446,46.949469],[7.406538,46.949453],[7.406594,46.949446],[7.406652,46.949441]]}},{"type":"Feature","properties":{"k":"neben","name":"Spitalackerstrasse"},"geometry":{"type":"LineString","coordinates":[[7.458619,46.953576],[7.457045,46.954244]]}},{"type":"Feature","properties":{"k":"neben","name":"Klösterlistutz"},"geometry":{"type":"LineString","coordinates":[[7.460215,46.948526],[7.459516,46.949771],[7.459166,46.949879],[7.458908,46.949737]]}},{"type":"Feature","properties":{"k":"neben","name":"Rainmattstrasse"},"geometry":{"type":"LineString","coordinates":[[7.437992,46.944102],[7.438369,46.943964],[7.438493,46.943988]]}},{"type":"Feature","properties":{"k":"neben","name":"Looslistrasse"},"geometry":{"type":"LineString","coordinates":[[7.400528,46.948358],[7.397954,46.948208],[7.397475,46.948095]]}},{"type":"Feature","properties":{"k":"haupt","name":"Effingerstrasse"},"geometry":{"type":"LineString","coordinates":[[7.429429,46.945808],[7.427967,46.945701]]}},{"type":"Feature","properties":{"k":"neben","name":"Elfenauweg"},"geometry":{"type":"LineString","coordinates":[[7.466405,46.938834],[7.467066,46.938494],[7.467108,46.938472],[7.467873,46.938085]]}},{"type":"Feature","properties":{"k":"neben","name":"Sprünglistrasse"},"geometry":{"type":"LineString","coordinates":[[7.47225,46.937362],[7.472921,46.936845],[7.47355,46.936209]]}},{"type":"Feature","properties":{"k":"neben","name":"Nordweg"},"geometry":{"type":"LineString","coordinates":[[7.446056,46.954918],[7.445933,46.954855],[7.44585,46.954893],[7.445514,46.955977]]}},{"type":"Feature","properties":{"k":"neben","name":"Greyerzstrasse"},"geometry":{"type":"LineString","coordinates":[[7.448119,46.954229],[7.448304,46.954354],[7.448338,46.954614]]}},{"type":"Feature","properties":{"k":"neben","name":"Altenbergrain"},"geometry":{"type":"LineString","coordinates":[[7.445593,46.954],[7.446093,46.951884],[7.446745,46.951361],[7.447255,46.951155]]}},{"type":"Feature","properties":{"k":"neben","name":"Bürenstrasse"},"geometry":{"type":"LineString","coordinates":[[7.439942,46.939686],[7.440005,46.93917]]}},{"type":"Feature","properties":{"k":"neben","name":"Sulgeneckstrasse"},"geometry":{"type":"LineString","coordinates":[[7.441324,46.940775],[7.440738,46.940848],[7.440092,46.940793]]}},{"type":"Feature","properties":{"k":"neben","name":"Sandrainstrasse"},"geometry":{"type":"LineString","coordinates":[[7.4416,46.94049],[7.441329,46.93981]]}},{"type":"Feature","properties":{"k":"neben","name":"Jupiterstrasse"},"geometry":{"type":"LineString","coordinates":[[7.479468,46.938204],[7.480116,46.938228],[7.481199,46.937876]]}},{"type":"Feature","properties":{"k":"haupt"},"geometry":{"type":"LineString","coordinates":[[7.475403,46.940115],[7.476257,46.939408],[7.477153,46.938829],[7.478129,46.938346],[7.479391,46.937892],[7.48051,46.93762],[7.481658,46.93744],[7.486116,46.937015]]}},{"type":"Feature","properties":{"k":"haupt"},"geometry":{"type":"LineString","coordinates":[[7.47305,46.943164],[7.473945,46.941713],[7.474941,46.940567]]}},{"type":"Feature","properties":{"k":"haupt"},"geometry":{"type":"LineString","coordinates":[[7.473134,46.943241],[7.472636,46.944324]]}},{"type":"Feature","properties":{"k":"haupt"},"geometry":{"type":"LineString","coordinates":[[7.474685,46.940993],[7.474056,46.941758],[7.473167,46.943181]]}},{"type":"Feature","properties":{"k":"haupt","name":"Laubeggstrasse"},"geometry":{"type":"LineString","coordinates":[[7.471217,46.945288],[7.471363,46.94517]]}},{"type":"Feature","properties":{"k":"haupt"},"geometry":{"type":"LineString","coordinates":[[7.4724,46.944843],[7.472262,46.945673]]}},{"type":"Feature","properties":{"k":"haupt"},"geometry":{"type":"LineString","coordinates":[[7.472533,46.944302],[7.473016,46.943237]]}},{"type":"Feature","properties":{"k":"haupt"},"geometry":{"type":"LineString","coordinates":[[7.472159,46.94568],[7.472215,46.945059],[7.472533,46.944302]]}},{"type":"Feature","properties":{"k":"haupt"},"geometry":{"type":"LineString","coordinates":[[7.472262,46.945673],[7.47321,46.948178]]}},{"type":"Feature","properties":{"k":"neben","name":"Schosshaldenstrasse"},"geometry":{"type":"LineString","coordinates":[[7.473139,46.950785],[7.473025,46.950813],[7.472998,46.950819],[7.472904,46.950842]]}},{"type":"Feature","properties":{"k":"neben"},"geometry":{"type":"LineString","coordinates":[[7.404392,46.94246],[7.40442,46.942421],[7.404433,46.942399],[7.404439,46.942386]]}},{"type":"Feature","properties":{"k":"haupt","name":"Turnierstrasse"},"geometry":{"type":"LineString","coordinates":[[7.409118,46.940632],[7.409136,46.940265],[7.409389,46.939955]]}},{"type":"Feature","properties":{"k":"haupt","name":"Weissensteinstrasse"},"geometry":{"type":"LineString","coordinates":[[7.406875,46.941732],[7.407161,46.941704]]}},{"type":"Feature","properties":{"k":"haupt","name":"Turnierstrasse"},"geometry":{"type":"LineString","coordinates":[[7.409143,46.941751],[7.409112,46.9416],[7.40907,46.94147]]}},{"type":"Feature","properties":{"k":"haupt","name":"Turnierstrasse"},"geometry":{"type":"LineString","coordinates":[[7.40907,46.94147],[7.409051,46.941413],[7.409024,46.941354],[7.408936,46.941177]]}},{"type":"Feature","properties":{"k":"haupt","name":"Lorrainebrücke"},"geometry":{"type":"LineString","coordinates":[[7.442307,46.952269],[7.442135,46.952169]]}},{"type":"Feature","properties":{"k":"haupt"},"geometry":{"type":"LineString","coordinates":[[7.406438,46.941398],[7.405983,46.940642],[7.405261,46.939954],[7.404356,46.939418],[7.40332,46.939026]]}},{"type":"Feature","properties":{"k":"haupt","name":"Weissensteinstrasse"},"geometry":{"type":"LineString","coordinates":[[7.418924,46.940888],[7.418826,46.940894],[7.418717,46.9409]]}},{"type":"Feature","properties":{"k":"haupt","name":"Schlossstrasse"},"geometry":{"type":"LineString","coordinates":[[7.409564,46.943788],[7.411045,46.943899]]}},{"type":"Feature","properties":{"k":"neben","name":"Rosenbühlgasse"},"geometry":{"type":"LineString","coordinates":[[7.426335,46.947491],[7.426575,46.947027]]}},{"type":"Feature","properties":{"k":"neben","name":"Fliederweg"},"geometry":{"type":"LineString","coordinates":[[7.429186,46.944658],[7.429166,46.943601]]}},{"type":"Feature","properties":{"k":"neben","name":"Gartenstrasse"},"geometry":{"type":"LineString","coordinates":[[7.429602,46.945247],[7.427174,46.945163]]}},{"type":"Feature","properties":{"k":"neben","name":"Falkenhöheweg"},"geometry":{"type":"LineString","coordinates":[[7.433615,46.950963],[7.433585,46.950262]]}},{"type":"Feature","properties":{"k":"neben","name":"Donnerbühlweg"},"geometry":{"type":"LineString","coordinates":[[7.432329,46.951127],[7.433615,46.950963]]}},{"type":"Feature","properties":{"k":"neben","name":"Friedheimweg"},"geometry":{"type":"LineString","coordinates":[[7.437935,46.934634],[7.438006,46.934783],[7.437903,46.936949]]}},{"type":"Feature","properties":{"k":"neben","name":"Weissenbühlweg"},"geometry":{"type":"LineString","coordinates":[[7.437903,46.936949],[7.437823,46.936955],[7.437032,46.937028]]}},{"type":"Feature","properties":{"k":"neben","name":"Roschistrasse"},"geometry":{"type":"LineString","coordinates":[[7.437936,46.935351],[7.438796,46.935355],[7.438882,46.9346],[7.438781,46.934367]]}},{"type":"Feature","properties":{"k":"neben","name":"Sprengerweg"},"geometry":{"type":"LineString","coordinates":[[7.447138,46.930954],[7.446195,46.929988]]}},{"type":"Feature","properties":{"k":"neben","name":"Morgenstrasse"},"geometry":{"type":"LineString","coordinates":[[7.397399,46.94231],[7.397348,46.942064],[7.396283,46.941183],[7.395059,46.939898]]}},{"type":"Feature","properties":{"k":"neben","name":"Stöckackerstrasse"},"geometry":{"type":"LineString","coordinates":[[7.403133,46.946195],[7.401981,46.945964]]}},{"type":"Feature","properties":{"k":"neben"},"geometry":{"type":"LineString","coordinates":[[7.4282,46.951212],[7.427879,46.950554]]}},{"type":"Feature","properties":{"k":"neben","name":"Finkenhubelweg"},"geometry":{"type":"LineString","coordinates":[[7.430486,46.949165],[7.43213,46.949639]]}},{"type":"Feature","properties":{"k":"neben","name":"Mauerrain"},"geometry":{"type":"LineString","coordinates":[[7.435417,46.949118],[7.434377,46.949294]]}},{"type":"Feature","properties":{"k":"neben","name":"Erlachstrasse"},"geometry":{"type":"LineString","coordinates":[[7.431447,46.95196],[7.431247,46.952112]]}},{"type":"Feature","properties":{"k":"neben","name":"Bühlplatz"},"geometry":{"type":"LineString","coordinates":[[7.431247,46.952112],[7.431061,46.952203],[7.430925,46.952056],[7.431118,46.951998],[7.431247,46.952112]]}},{"type":"Feature","properties":{"k":"neben","name":"Hochschulstrasse"},"geometry":{"type":"LineString","coordinates":[[7.436485,46.949652],[7.435403,46.949424]]}},{"type":"Feature","properties":{"k":"neben","name":"Kanonenweg"},"geometry":{"type":"LineString","coordinates":[[7.435403,46.949424],[7.435313,46.94965]]}},{"type":"Feature","properties":{"k":"neben"},"geometry":{"type":"LineString","coordinates":[[7.432526,46.95246],[7.43248,46.952613]]}},{"type":"Feature","properties":{"k":"neben","name":"Reiterstrasse"},"geometry":{"type":"LineString","coordinates":[[7.461553,46.95422],[7.462554,46.953828]]}},{"type":"Feature","properties":{"k":"neben","name":"Bolligenstrasse"},"geometry":{"type":"LineString","coordinates":[[7.465816,46.95494],[7.46644,46.953834],[7.465668,46.953424]]}},{"type":"Feature","properties":{"k":"neben","name":"Nussbaumstrasse"},"geometry":{"type":"LineString","coordinates":[[7.467799,46.95502],[7.467926,46.954776],[7.468337,46.954378]]}},{"type":"Feature","properties":{"k":"neben","name":"Libellenweg"},"geometry":{"type":"LineString","coordinates":[[7.469538,46.954525],[7.473304,46.956016],[7.474101,46.955159],[7.474503,46.953945]]}},{"type":"Feature","properties":{"k":"neben","name":"Zikadenweg"},"geometry":{"type":"LineString","coordinates":[[7.470074,46.954743],[7.46931,46.955753],[7.470934,46.95673],[7.471164,46.956695],[7.472131,46.955575]]}},{"type":"Feature","properties":{"k":"neben","name":"Galgenfeldweg"},"geometry":{"type":"LineString","coordinates":[[7.474157,46.955023],[7.471574,46.953987],[7.47096,46.953836],[7.470802,46.953876],[7.470074,46.954743]]}},{"type":"Feature","properties":{"k":"neben","name":"Galgenfeldweg"},"geometry":{"type":"LineString","coordinates":[[7.471465,46.953949],[7.471567,46.953607],[7.471588,46.953539]]}},{"type":"Feature","properties":{"k":"neben","name":"Tavelweg"},"geometry":{"type":"LineString","coordinates":[[7.463838,46.946347],[7.462482,46.947495]]}},{"type":"Feature","properties":{"k":"neben","name":"Bantigerstrasse"},"geometry":{"type":"LineString","coordinates":[[7.464346,46.948749],[7.460894,46.946435]]}},{"type":"Feature","properties":{"k":"neben","name":"Haspelgasse"},"geometry":{"type":"LineString","coordinates":[[7.464047,46.94939],[7.463971,46.949358]]}},{"type":"Feature","properties":{"k":"neben","name":"Klaraweg"},"geometry":{"type":"LineString","coordinates":[[7.46083,46.947593],[7.46169,46.946894]]}},{"type":"Feature","properties":{"k":"neben","name":"Obstbergweg"},"geometry":{"type":"LineString","coordinates":[[7.460587,46.946689],[7.460616,46.946707],[7.461319,46.947174],[7.461352,46.947196]]}},{"type":"Feature","properties":{"k":"neben","name":"Höheweg"},"geometry":{"type":"LineString","coordinates":[[7.4604,46.946843],[7.462236,46.945299]]}},{"type":"Feature","properties":{"k":"neben","name":"Liebeggweg"},"geometry":{"type":"LineString","coordinates":[[7.459107,46.94465],[7.459042,46.944983],[7.459115,46.94525],[7.459993,46.945582],[7.460767,46.944536]]}},{"type":"Feature","properties":{"k":"neben","name":"Weissensteinstrasse"},"geometry":{"type":"LineString","coordinates":[[7.426653,46.939251],[7.426383,46.938939],[7.42644,46.938795]]}},{"type":"Feature","properties":{"k":"neben","name":"Melchenbühlweg"},"geometry":{"type":"LineString","coordinates":[[7.48019,46.943973],[7.480848,46.943768],[7.481437,46.943423],[7.481911,46.943265]]}},{"type":"Feature","properties":{"k":"neben","name":"Bornweg"},"geometry":{"type":"LineString","coordinates":[[7.465476,46.942317],[7.464559,46.941709],[7.464628,46.941432]]}},{"type":"Feature","properties":{"k":"neben","name":"Böcklinstrasse"},"geometry":{"type":"LineString","coordinates":[[7.464416,46.942391],[7.464372,46.94242],[7.464035,46.942646]]}},{"type":"Feature","properties":{"k":"neben","name":"Ankerstrasse"},"geometry":{"type":"LineString","coordinates":[[7.466857,46.944805],[7.465891,46.944097]]}},{"type":"Feature","properties":{"k":"neben","name":"Ankerstrasse"},"geometry":{"type":"LineString","coordinates":[[7.468007,46.943177],[7.467232,46.943656]]}},{"type":"Feature","properties":{"k":"neben","name":"Egelgasse"},"geometry":{"type":"LineString","coordinates":[[7.469912,46.943601],[7.469866,46.943618],[7.469794,46.943644]]}},{"type":"Feature","properties":{"k":"neben","name":"Gantrischstrasse"},"geometry":{"type":"LineString","coordinates":[[7.466704,46.942543],[7.468325,46.943366],[7.469504,46.944318]]}},{"type":"Feature","properties":{"k":"neben","name":"Nünenenweg"},"geometry":{"type":"LineString","coordinates":[[7.46943,46.944266],[7.469468,46.944245],[7.46956,46.944196]]}},{"type":"Feature","properties":{"k":"neben","name":"Selibühlweg"},"geometry":{"type":"LineString","coordinates":[[7.468391,46.944811],[7.46943,46.944266]]}},{"type":"Feature","properties":{"k":"neben","name":"Gurnigelweg"},"geometry":{"type":"LineString","coordinates":[[7.469345,46.945658],[7.470396,46.94501]]}},{"type":"Feature","properties":{"k":"neben","name":"Egelbergstrasse"},"geometry":{"type":"LineString","coordinates":[[7.4625,46.94433],[7.465416,46.94587]]}},{"type":"Feature","properties":{"k":"neben","name":"Gantrischstrasse"},"geometry":{"type":"LineString","coordinates":[[7.46919,46.944396],[7.469257,46.944444]]}},{"type":"Feature","properties":{"k":"neben","name":"Buchserstrasse"},"geometry":{"type":"LineString","coordinates":[[7.47296,46.943027],[7.473225,46.943066],[7.473262,46.943072],[7.47348,46.943114]]}},{"type":"Feature","properties":{"k":"neben","name":"Schosshaldenstrasse"},"geometry":{"type":"LineString","coordinates":[[7.46642,46.947618],[7.465633,46.947209],[7.465519,46.947034]]}},{"type":"Feature","properties":{"k":"neben","name":"Erikaweg"},"geometry":{"type":"LineString","coordinates":[[7.464406,46.946928],[7.465102,46.947314],[7.465138,46.947334]]}},{"type":"Feature","properties":{"k":"neben"},"geometry":{"type":"LineString","coordinates":[[7.464363,46.947988],[7.465018,46.948353],[7.465044,46.948368],[7.465093,46.948395]]}},{"type":"Feature","properties":{"k":"neben","name":"Friedlistrasse"},"geometry":{"type":"LineString","coordinates":[[7.466914,46.947999],[7.465616,46.949014],[7.464971,46.949686]]}},{"type":"Feature","properties":{"k":"neben","name":"Bantigerweg"},"geometry":{"type":"LineString","coordinates":[[7.467405,46.948355],[7.466131,46.949394]]}},{"type":"Feature","properties":{"k":"neben","name":"Spittelerstrasse"},"geometry":{"type":"LineString","coordinates":[[7.466735,46.949606],[7.466532,46.949844],[7.466297,46.95012],[7.466272,46.950151]]}},{"type":"Feature","properties":{"k":"neben","name":"Spittelerstrasse"},"geometry":{"type":"LineString","coordinates":[[7.467827,46.948609],[7.467074,46.949199],[7.466735,46.949606]]}},{"type":"Feature","properties":{"k":"neben","name":"Kuhnweg"},"geometry":{"type":"LineString","coordinates":[[7.466532,46.949844],[7.466579,46.949859],[7.467895,46.950264],[7.467948,46.95028]]}},{"type":"Feature","properties":{"k":"neben","name":"Wyssweg"},"geometry":{"type":"LineString","coordinates":[[7.466778,46.949552],[7.466822,46.949565],[7.468169,46.949983],[7.468219,46.949999]]}},{"type":"Feature","properties":{"k":"neben","name":"Bitziusstrasse"},"geometry":{"type":"LineString","coordinates":[[7.467302,46.949019],[7.468159,46.949409],[7.468437,46.949387],[7.468713,46.949509]]}},{"type":"Feature","properties":{"k":"neben","name":"Wattenwylweg"},"geometry":{"type":"LineString","coordinates":[[7.464825,46.946568],[7.462604,46.948353]]}},{"type":"Feature","properties":{"k":"neben","name":"Vennerweg"},"geometry":{"type":"LineString","coordinates":[[7.461934,46.947894],[7.462097,46.948004],[7.462576,46.948324],[7.462604,46.948353]]}},{"type":"Feature","properties":{"k":"neben","name":"Kleiner Muristalden"},"geometry":{"type":"LineString","coordinates":[[7.462117,46.944438],[7.462081,46.944557],[7.461589,46.944931]]}},{"type":"Feature","properties":{"k":"neben","name":"Bürglenstrasse"},"geometry":{"type":"LineString","coordinates":[[7.472761,46.947675],[7.472082,46.947798],[7.471686,46.947718],[7.46995,46.946198]]}},{"type":"Feature","properties":{"k":"neben","name":"Kleiner Muristalden"},"geometry":{"type":"LineString","coordinates":[[7.46163,46.944956],[7.461052,46.945414]]}},{"type":"Feature","properties":{"k":"neben","name":"Kleiner Muristalden"},"geometry":{"type":"LineString","coordinates":[[7.461052,46.945414],[7.460367,46.945956],[7.460106,46.946319],[7.460299,46.947798],[7.460227,46.948408]]}},{"type":"Feature","properties":{"k":"neben","name":"Rosenbergstrasse"},"geometry":{"type":"LineString","coordinates":[[7.463518,46.949156],[7.462595,46.949893],[7.463351,46.950235]]}},{"type":"Feature","properties":{"k":"neben","name":"Egelgasse"},"geometry":{"type":"LineString","coordinates":[[7.465416,46.94587],[7.466857,46.944805]]}},{"type":"Feature","properties":{"k":"neben","name":"Schosshaldenstrasse"},"geometry":{"type":"LineString","coordinates":[[7.469026,46.949232],[7.470461,46.950124],[7.472122,46.95064]]}},{"type":"Feature","properties":{"k":"haupt","name":"Muristrasse"},"geometry":{"type":"LineString","coordinates":[[7.462117,46.944438],[7.4625,46.94433]]}},{"type":"Feature","properties":{"k":"neben","name":"Giacomettistrasse"},"geometry":{"type":"LineString","coordinates":[[7.473824,46.947496],[7.473678,46.947438],[7.473224,46.946376]]}},{"type":"Feature","properties":{"k":"neben","name":"Weltistrasse"},"geometry":{"type":"LineString","coordinates":[[7.477779,46.946168],[7.475503,46.946098],[7.474362,46.946189],[7.473224,46.946376]]}},{"type":"Feature","properties":{"k":"neben","name":"Hesseweg"},"geometry":{"type":"LineString","coordinates":[[7.474551,46.947387],[7.474855,46.94802],[7.475489,46.94855],[7.475726,46.948487],[7.475902,46.947956],[7.476155,46.947718],[7.476539,46.947641],[7.477121,46.947764]]}},{"type":"Feature","properties":{"k":"neben","name":"Traffeletweg"},"geometry":{"type":"LineString","coordinates":[[7.474987,46.946128],[7.475066,46.946707]]}},{"type":"Feature","properties":{"k":"neben","name":"Buchserstrasse"},"geometry":{"type":"LineString","coordinates":[[7.47348,46.943114],[7.474103,46.943308]]}},{"type":"Feature","properties":{"k":"neben","name":"Buristrasse"},"geometry":{"type":"LineString","coordinates":[[7.474615,46.943405],[7.475396,46.943626],[7.475475,46.943716],[7.474949,46.945176],[7.474987,46.946128]]}},{"type":"Feature","properties":{"k":"neben","name":"Dunkerstrasse"},"geometry":{"type":"LineString","coordinates":[[7.480036,46.944294],[7.478338,46.944011]]}},{"type":"Feature","properties":{"k":"neben","name":"Balmerstrasse"},"geometry":{"type":"LineString","coordinates":[[7.478349,46.947535],[7.477473,46.947367]]}},{"type":"Feature","properties":{"k":"neben","name":"Aberlistrasse"},"geometry":{"type":"LineString","coordinates":[[7.479438,46.945576],[7.477929,46.945354]]}},{"type":"Feature","properties":{"k":"neben","name":"Carl-Lutz-Weg"},"geometry":{"type":"LineString","coordinates":[[7.477174,46.946116],[7.477162,46.946179],[7.477087,46.946585],[7.477067,46.946703]]}},{"type":"Feature","properties":{"k":"neben","name":"Melchenbühlweg"},"geometry":{"type":"LineString","coordinates":[[7.478072,46.944917],[7.479628,46.945158]]}},{"type":"Feature","properties":{"k":"neben","name":"Bolligenstrasse"},"geometry":{"type":"LineString","coordinates":[[7.467616,46.956295],[7.466239,46.955318],[7.464615,46.953808],[7.46349,46.952922],[7.461766,46.951963]]}},{"type":"Feature","properties":{"k":"neben","name":"Schönbergweg"},"geometry":{"type":"LineString","coordinates":[[7.464456,46.951343],[7.464103,46.951619],[7.463781,46.951673],[7.462499,46.951163]]}},{"type":"Feature","properties":{"k":"neben","name":"Schönbergrain"},"geometry":{"type":"LineString","coordinates":[[7.463044,46.950656],[7.464456,46.951343]]}},{"type":"Feature","properties":{"k":"neben","name":"Schosshaldenstrasse"},"geometry":{"type":"LineString","coordinates":[[7.472122,46.95064],[7.472596,46.950761]]}},{"type":"Feature","properties":{"k":"neben","name":"Schosshaldenstrasse"},"geometry":{"type":"LineString","coordinates":[[7.472596,46.950761],[7.472607,46.950764]]}},{"type":"Feature","properties":{"k":"neben","name":"Anshelmstrasse"},"geometry":{"type":"LineString","coordinates":[[7.44745,46.938924],[7.45029,46.939211]]}},{"type":"Feature","properties":{"k":"neben","name":"Trechselstrasse"},"geometry":{"type":"LineString","coordinates":[[7.447425,46.938295],[7.446217,46.938315]]}},{"type":"Feature","properties":{"k":"neben","name":"Tillierstrasse"},"geometry":{"type":"LineString","coordinates":[[7.44745,46.938924],[7.446263,46.938899],[7.446198,46.93768]]}},{"type":"Feature","properties":{"k":"neben","name":"Einsteinstrasse"},"geometry":{"type":"LineString","coordinates":[[7.4474,46.937662],[7.446198,46.93768]]}},{"type":"Feature","properties":{"k":"neben","name":"Denzlerstrasse"},"geometry":{"type":"LineString","coordinates":[[7.449214,46.93842],[7.448291,46.938413]]}},{"type":"Feature","properties":{"k":"neben","name":"Dittlingerweg"},"geometry":{"type":"LineString","coordinates":[[7.447462,46.939613],[7.449103,46.939677]]}},{"type":"Feature","properties":{"k":"neben","name":"Wildstrasse"},"geometry":{"type":"LineString","coordinates":[[7.447379,46.937035],[7.446174,46.937056]]}},{"type":"Feature","properties":{"k":"neben","name":"Steinerstrasse"},"geometry":{"type":"LineString","coordinates":[[7.459801,46.94061],[7.459822,46.940703],[7.459872,46.940868]]}},{"type":"Feature","properties":{"k":"haupt","name":"Kirchenfeldstrasse"},"geometry":{"type":"LineString","coordinates":[[7.453068,46.940253],[7.453296,46.940263]]}},{"type":"Feature","properties":{"k":"haupt","name":"Ostring"},"geometry":{"type":"LineString","coordinates":[[7.471623,46.944997],[7.471495,46.944809]]}},{"type":"Feature","properties":{"k":"haupt","name":"Ostring"},"geometry":{"type":"LineString","coordinates":[[7.471789,46.944749],[7.471852,46.944753],[7.47195,46.944755]]}},{"type":"Feature","properties":{"k":"neben","name":"Staufferstrasse"},"geometry":{"type":"LineString","coordinates":[[7.463153,46.940568],[7.466007,46.940824]]}},{"type":"Feature","properties":{"k":"neben","name":"Wernerstrasse"},"geometry":{"type":"LineString","coordinates":[[7.465161,46.940751],[7.465151,46.940414],[7.463214,46.939147],[7.462938,46.939131]]}},{"type":"Feature","properties":{"k":"neben","name":"Hotelgasse"},"geometry":{"type":"LineString","coordinates":[[7.448103,46.947301],[7.448103,46.947338],[7.448103,46.947361],[7.448109,46.947439]]}},{"type":"Feature","properties":{"k":"neben","name":"Bim Zytglogge"},"geometry":{"type":"LineString","coordinates":[[7.44748,46.947992],[7.447727,46.948041],[7.448143,46.947996]]}},{"type":"Feature","properties":{"k":"neben","name":"Waisenhausplatz"},"geometry":{"type":"LineString","coordinates":[[7.444288,46.949152],[7.444542,46.949681]]}},{"type":"Feature","properties":{"k":"neben","name":"Speichergasse"},"geometry":{"type":"LineString","coordinates":[[7.440654,46.950945],[7.441955,46.950503]]}},{"type":"Feature","properties":{"k":"neben","name":"Aarbergergasse"},"geometry":{"type":"LineString","coordinates":[[7.443976,46.949305],[7.442409,46.949643]]}},{"type":"Feature","properties":{"k":"neben","name":"Neuengasse"},"geometry":{"type":"LineString","coordinates":[[7.443638,46.948718],[7.442203,46.949011]]}},{"type":"Feature","properties":{"k":"neben","name":"Theaterplatz"},"geometry":{"type":"LineString","coordinates":[[7.447608,46.9473],[7.447484,46.947533]]}},{"type":"Feature","properties":{"k":"neben","name":"Theaterplatz"},"geometry":{"type":"LineString","coordinates":[[7.447608,46.9473],[7.447244,46.947342]]}},{"type":"Feature","properties":{"k":"neben","name":"Münzgraben"},"geometry":{"type":"LineString","coordinates":[[7.446946,46.946289],[7.44719,46.9464],[7.447236,46.946819]]}},{"type":"Feature","properties":{"k":"neben","name":"Inselgasse"},"geometry":{"type":"LineString","coordinates":[[7.445819,46.947289],[7.445819,46.947253],[7.445814,46.946895],[7.445813,46.946828]]}},{"type":"Feature","properties":{"k":"neben","name":"Waaghausgasse"},"geometry":{"type":"LineString","coordinates":[[7.444139,46.948216],[7.444288,46.949152]]}},{"type":"Feature","properties":{"k":"neben","name":"Schüttestrasse"},"geometry":{"type":"LineString","coordinates":[[7.446156,46.949739],[7.444443,46.950004]]}},{"type":"Feature","properties":{"k":"neben","name":"Brunngasshalde"},"geometry":{"type":"LineString","coordinates":[[7.452051,46.948924],[7.450998,46.948913],[7.450068,46.949159],[7.448608,46.949345]]}},{"type":"Feature","properties":{"k":"neben","name":"Hirschengraben"},"geometry":{"type":"LineString","coordinates":[[7.437656,46.945854],[7.438118,46.946975]]}},{"type":"Feature","properties":{"k":"neben","name":"Schwanengasse"},"geometry":{"type":"LineString","coordinates":[[7.439077,46.9465],[7.438851,46.947285]]}},{"type":"Feature","properties":{"k":"neben","name":"Wallgasse"},"geometry":{"type":"LineString","coordinates":[[7.43781,46.946233],[7.438962,46.946428],[7.439077,46.9465]]}},{"type":"Feature","properties":{"k":"neben","name":"Gurtengasse"},"geometry":{"type":"LineString","coordinates":[[7.441652,46.947355],[7.441937,46.946583]]}},{"type":"Feature","properties":{"k":"neben","name":"Schifflaube"},"geometry":{"type":"LineString","coordinates":[[7.452992,46.946118],[7.454319,46.946333],[7.455557,46.946917]]}},{"type":"Feature","properties":{"k":"neben","name":"Aarstrasse"},"geometry":{"type":"LineString","coordinates":[[7.452992,46.946118],[7.452358,46.946048],[7.448585,46.946023]]}},{"type":"Feature","properties":{"k":"neben","name":"Bürenstrasse"},"geometry":{"type":"LineString","coordinates":[[7.439868,46.937778],[7.441379,46.936214]]}},{"type":"Feature","properties":{"k":"neben","name":"Dorngasse"},"geometry":{"type":"LineString","coordinates":[[7.439595,46.935471],[7.439725,46.935504],[7.440257,46.93572],[7.440311,46.935742]]}},{"type":"Feature","properties":{"k":"neben","name":"Habsburgerstrasse"},"geometry":{"type":"LineString","coordinates":[[7.459605,46.943009],[7.457653,46.942069]]}},{"type":"Feature","properties":{"k":"neben","name":"Justingerweg"},"geometry":{"type":"LineString","coordinates":[[7.456888,46.941849],[7.456535,46.941648],[7.456189,46.941296]]}},{"type":"Feature","properties":{"k":"neben","name":"Dählhölzliweg"},"geometry":{"type":"LineString","coordinates":[[7.455509,46.941547],[7.456367,46.942279]]}},{"type":"Feature","properties":{"k":"neben","name":"Ensingerstrasse"},"geometry":{"type":"LineString","coordinates":[[7.463234,46.942409],[7.462399,46.943035]]}},{"type":"Feature","properties":{"k":"neben","name":"Willadingweg"},"geometry":{"type":"LineString","coordinates":[[7.462219,46.93489],[7.46238,46.935019],[7.462461,46.935084],[7.462591,46.935188]]}},{"type":"Feature","properties":{"k":"neben","name":"Mülinenstrasse"},"geometry":{"type":"LineString","coordinates":[[7.469296,46.939112],[7.473531,46.937295],[7.474214,46.936895],[7.474734,46.936424]]}},{"type":"Feature","properties":{"k":"neben","name":"Ringoltingenstrasse"},"geometry":{"type":"LineString","coordinates":[[7.468274,46.937063],[7.468702,46.937665]]}},{"type":"Feature","properties":{"k":"neben","name":"Hofmeisterstrasse"},"geometry":{"type":"LineString","coordinates":[[7.472371,46.937791],[7.472087,46.93748],[7.471895,46.937462],[7.471211,46.936969],[7.470679,46.936192]]}},{"type":"Feature","properties":{"k":"neben","name":"Schildknechtstrasse"},"geometry":{"type":"LineString","coordinates":[[7.471063,46.936814],[7.468057,46.938216]]}},{"type":"Feature","properties":{"k":"neben","name":"Wendschatzstrasse"},"geometry":{"type":"LineString","coordinates":[[7.470119,46.936864],[7.469627,46.936804],[7.468902,46.937121]]}},{"type":"Feature","properties":{"k":"neben","name":"Sagerstrasse"},"geometry":{"type":"LineString","coordinates":[[7.470744,46.936249],[7.47202,46.93522]]}},{"type":"Feature","properties":{"k":"neben","name":"Scharnachtalstrasse"},"geometry":{"type":"LineString","coordinates":[[7.471514,46.935939],[7.473021,46.93675]]}},{"type":"Feature","properties":{"k":"neben","name":"Kistlerweg"},"geometry":{"type":"LineString","coordinates":[[7.467746,46.936643],[7.466267,46.935525]]}},{"type":"Feature","properties":{"k":"neben","name":"Müslinweg"},"geometry":{"type":"LineString","coordinates":[[7.467625,46.934484],[7.466061,46.933518]]}},{"type":"Feature","properties":{"k":"neben","name":"Kistlerweg"},"geometry":{"type":"LineString","coordinates":[[7.466526,46.935322],[7.464987,46.934372],[7.466061,46.933518]]}},{"type":"Feature","properties":{"k":"neben","name":"Elfenauweg"},"geometry":{"type":"LineString","coordinates":[[7.468057,46.938216],[7.466137,46.937004],[7.465225,46.936327]]}},{"type":"Feature","properties":{"k":"neben","name":"Jolimontstrasse"},"geometry":{"type":"LineString","coordinates":[[7.470548,46.943167],[7.47066,46.94205],[7.471201,46.941134],[7.471835,46.940475]]}},{"type":"Feature","properties":{"k":"neben","name":"Kasthoferstrasse"},"geometry":{"type":"LineString","coordinates":[[7.470649,46.942074],[7.468861,46.941117]]}},{"type":"Feature","properties":{"k":"neben","name":"Kasthoferstrasse"},"geometry":{"type":"LineString","coordinates":[[7.470619,46.942204],[7.471801,46.942279],[7.473178,46.942554]]}},{"type":"Feature","properties":{"k":"neben","name":"Gruberstrasse"},"geometry":{"type":"LineString","coordinates":[[7.471201,46.941134],[7.469966,46.940412]]}},{"type":"Feature","properties":{"k":"neben","name":"Burgernzielrain"},"geometry":{"type":"LineString","coordinates":[[7.468977,46.942256],[7.469328,46.941824],[7.469391,46.941755],[7.469639,46.941543]]}},{"type":"Feature","properties":{"k":"neben","name":"Moritzweg"},"geometry":{"type":"LineString","coordinates":[[7.471416,46.940911],[7.473231,46.941594],[7.473326,46.94156],[7.473472,46.94121]]}},{"type":"Feature","properties":{"k":"neben","name":"Nelkenweg"},"geometry":{"type":"LineString","coordinates":[[7.47295,46.940975],[7.474069,46.939965]]}},{"type":"Feature","properties":{"k":"neben","name":"Alleeweg"},"geometry":{"type":"LineString","coordinates":[[7.470913,46.939396],[7.473514,46.940458]]}},{"type":"Feature","properties":{"k":"neben","name":"Nelkenweg"},"geometry":{"type":"LineString","coordinates":[[7.473153,46.940795],[7.473648,46.941031],[7.474186,46.941147]]}},{"type":"Feature","properties":{"k":"neben","name":"Alleeweg"},"geometry":{"type":"LineString","coordinates":[[7.473588,46.940396],[7.474444,46.940693]]}},{"type":"Feature","properties":{"k":"neben","name":"Brunnadernstrasse"},"geometry":{"type":"LineString","coordinates":[[7.468848,46.933627],[7.468688,46.933669],[7.466846,46.935078]]}},{"type":"Feature","properties":{"k":"neben","name":"Dunantstrasse"},"geometry":{"type":"LineString","coordinates":[[7.476841,46.93518],[7.476125,46.936005],[7.475798,46.936865]]}},{"type":"Feature","properties":{"k":"neben","name":"Wildermettweg"},"geometry":{"type":"LineString","coordinates":[[7.471077,46.933872],[7.474293,46.935353],[7.476125,46.936005]]}},{"type":"Feature","properties":{"k":"neben","name":"Alexandraweg"},"geometry":{"type":"LineString","coordinates":[[7.472187,46.93531],[7.472222,46.935274],[7.472813,46.934664],[7.472867,46.934603]]}},{"type":"Feature","properties":{"k":"neben","name":"Stettlerstrasse"},"geometry":{"type":"LineString","coordinates":[[7.475202,46.934384],[7.476841,46.93518]]}},{"type":"Feature","properties":{"k":"neben","name":"Cyrostrasse"},"geometry":{"type":"LineString","coordinates":[[7.472239,46.932896],[7.472888,46.933329],[7.471927,46.934258]]}},{"type":"Feature","properties":{"k":"neben","name":"Hiltystrasse"},"geometry":{"type":"LineString","coordinates":[[7.475037,46.934538],[7.475401,46.934146]]}},{"type":"Feature","properties":{"k":"neben","name":"Zeerlederstrasse"},"geometry":{"type":"LineString","coordinates":[[7.475267,46.935958],[7.476225,46.934886]]}},{"type":"Feature","properties":{"k":"neben","name":"Stürlerstrasse"},"geometry":{"type":"LineString","coordinates":[[7.474282,46.936237],[7.474799,46.935497],[7.475311,46.935006],[7.475873,46.935219]]}},{"type":"Feature","properties":{"k":"neben","name":"Gertrud-Kurz-Weg"},"geometry":{"type":"LineString","coordinates":[[7.476084,46.947316],[7.476084,46.947258],[7.47608,46.946902],[7.476079,46.946664]]}},{"type":"Feature","properties":{"k":"neben","name":"Amietstrasse"},"geometry":{"type":"LineString","coordinates":[[7.47348,46.943114],[7.473873,46.942307],[7.474614,46.941388]]}},{"type":"Feature","properties":{"k":"neben","name":"Surbekstrasse"},"geometry":{"type":"LineString","coordinates":[[7.474614,46.941388],[7.475966,46.941696],[7.476119,46.942097],[7.478724,46.942391]]}},{"type":"Feature","properties":{"k":"haupt","name":"Ostermundigenstrasse"},"geometry":{"type":"LineString","coordinates":[[7.47009,46.95326],[7.470379,46.953319],[7.470439,46.953332]]}},{"type":"Feature","properties":{"k":"neben","name":"Brunnadernstrasse"},"geometry":{"type":"LineString","coordinates":[[7.462893,46.938829],[7.462899,46.938871],[7.462903,46.938896]]}},{"type":"Feature","properties":{"k":"neben","name":"Chutzenstrasse"},"geometry":{"type":"LineString","coordinates":[[7.434223,46.933767],[7.433069,46.934301],[7.43236,46.934723],[7.429405,46.937294]]}},{"type":"Feature","properties":{"k":"neben","name":"Thormannstrasse"},"geometry":{"type":"LineString","coordinates":[[7.450846,46.936996],[7.450519,46.93834]]}},{"type":"Feature","properties":{"k":"neben","name":"Jubiläumsplatz"},"geometry":{"type":"LineString","coordinates":[[7.453832,46.939025],[7.453538,46.939249]]}},{"type":"Feature","properties":{"k":"neben","name":"Brunnadernrain"},"geometry":{"type":"LineString","coordinates":[[7.461218,46.935515],[7.461064,46.935504],[7.460352,46.93593]]}},{"type":"Feature","properties":{"k":"neben","name":"Brunnadernrain"},"geometry":{"type":"LineString","coordinates":[[7.463739,46.937418],[7.462779,46.936597],[7.461783,46.936],[7.461218,46.935515]]}},{"type":"Feature","properties":{"k":"neben"},"geometry":{"type":"LineString","coordinates":[[7.462591,46.935188],[7.463062,46.934908]]}},{"type":"Feature","properties":{"k":"neben","name":"Hofmeisterstrasse"},"geometry":{"type":"LineString","coordinates":[[7.469254,46.936229],[7.467992,46.936808]]}},{"type":"Feature","properties":{"k":"neben","name":"Matterstrasse"},"geometry":{"type":"LineString","coordinates":[[7.469826,46.936031],[7.470086,46.93581]]}},{"type":"Feature","properties":{"k":"neben","name":"Matterstrasse"},"geometry":{"type":"LineString","coordinates":[[7.470086,46.93581],[7.471302,46.93482]]}},{"type":"Feature","properties":{"k":"neben","name":"Hofmeisterstrasse"},"geometry":{"type":"LineString","coordinates":[[7.470679,46.936192],[7.470412,46.936068],[7.469956,46.936025],[7.469254,46.936229]]}},{"type":"Feature","properties":{"k":"neben","name":"Kasthoferstrasse"},"geometry":{"type":"LineString","coordinates":[[7.468861,46.941117],[7.468426,46.940887],[7.468356,46.940844]]}},{"type":"Feature","properties":{"k":"neben","name":"Gruberstrasse"},"geometry":{"type":"LineString","coordinates":[[7.469966,46.940412],[7.469601,46.940199],[7.469421,46.940095]]}},{"type":"Feature","properties":{"k":"neben","name":"Muristrasse"},"geometry":{"type":"LineString","coordinates":[[7.469601,46.940199],[7.46906,46.94044],[7.468958,46.940487],[7.468356,46.940844]]}},{"type":"Feature","properties":{"k":"neben","name":"Tannenweg"},"geometry":{"type":"LineString","coordinates":[[7.498009,46.937142],[7.496505,46.937664],[7.494821,46.93867],[7.49438,46.938829]]}},{"type":"Feature","properties":{"k":"neben","name":"Schiferliweg"},"geometry":{"type":"LineString","coordinates":[[7.475301,46.943347],[7.475415,46.942872],[7.479289,46.943167]]}},{"type":"Feature","properties":{"k":"neben","name":"Puffertgässli"},"geometry":{"type":"LineString","coordinates":[[7.479488,46.943544],[7.479289,46.943167]]}},{"type":"Feature","properties":{"k":"neben","name":"Mindstrasse"},"geometry":{"type":"LineString","coordinates":[[7.470971,46.94149],[7.46906,46.94044]]}},{"type":"Feature","properties":{"k":"haupt","name":"Effingerstrasse"},"geometry":{"type":"LineString","coordinates":[[7.427131,46.945642],[7.426865,46.945622],[7.426006,46.945559]]}},{"type":"Feature","properties":{"k":"haupt","name":"Belpstrasse"},"geometry":{"type":"LineString","coordinates":[[7.433586,46.945911],[7.433826,46.946257]]}},{"type":"Feature","properties":{"k":"haupt","name":"Seftigenstrasse"},"geometry":{"type":"LineString","coordinates":[[7.432982,46.936002],[7.433444,46.935654],[7.434622,46.935265]]}},{"type":"Feature","properties":{"k":"neben","name":"Steinerstrasse"},"geometry":{"type":"LineString","coordinates":[[7.463513,46.942755],[7.463479,46.942558],[7.46283,46.942166]]}},{"type":"Feature","properties":{"k":"neben","name":"Steinerstrasse"},"geometry":{"type":"LineString","coordinates":[[7.462531,46.942001],[7.459944,46.941122]]}},{"type":"Feature","properties":{"k":"neben","name":"Jubiläumsstrasse"},"geometry":{"type":"LineString","coordinates":[[7.445884,46.935518],[7.445934,46.935479],[7.446144,46.935315],[7.446464,46.935066]]}},{"type":"Feature","properties":{"k":"neben","name":"Aarhaldenstrasse"},"geometry":{"type":"LineString","coordinates":[[7.448666,46.931514],[7.446752,46.932233],[7.445898,46.93221]]}},{"type":"Feature","properties":{"k":"neben","name":"Aarbühlstrasse"},"geometry":{"type":"LineString","coordinates":[[7.44733,46.932038],[7.447158,46.93131],[7.446956,46.931054]]}},{"type":"Feature","properties":{"k":"neben","name":"Schönauweg"},"geometry":{"type":"LineString","coordinates":[[7.443682,46.934068],[7.443385,46.933923],[7.443283,46.933946],[7.442528,46.93476]]}},{"type":"Feature","properties":{"k":"neben","name":"Schöneggweg"},"geometry":{"type":"LineString","coordinates":[[7.442852,46.934894],[7.4413,46.934253]]}},{"type":"Feature","properties":{"k":"neben","name":"Zinggstrasse"},"geometry":{"type":"LineString","coordinates":[[7.441521,46.935271],[7.441483,46.935317],[7.44147,46.935332],[7.441156,46.935696]]}},{"type":"Feature","properties":{"k":"neben","name":"Zinggstrasse"},"geometry":{"type":"LineString","coordinates":[[7.441156,46.935696],[7.440909,46.935993]]}},{"type":"Feature","properties":{"k":"neben","name":"Wabernstrasse"},"geometry":{"type":"LineString","coordinates":[[7.439595,46.935471],[7.440061,46.934549]]}},{"type":"Feature","properties":{"k":"neben","name":"Wabernstrasse"},"geometry":{"type":"LineString","coordinates":[[7.440061,46.934549],[7.440356,46.934087],[7.440304,46.933881]]}},{"type":"Feature","properties":{"k":"neben","name":"Bürenstrasse"},"geometry":{"type":"LineString","coordinates":[[7.440005,46.93917],[7.440018,46.937976]]}},{"type":"Feature","properties":{"k":"neben","name":"Sulgenauweg"},"geometry":{"type":"LineString","coordinates":[[7.438273,46.937395],[7.437301,46.937779],[7.436251,46.937994]]}},{"type":"Feature","properties":{"k":"neben","name":"Scheuermattweg"},"geometry":{"type":"LineString","coordinates":[[7.437301,46.937779],[7.437085,46.939159],[7.437329,46.939329]]}},{"type":"Feature","properties":{"k":"neben","name":"Holligenstrasse"},"geometry":{"type":"LineString","coordinates":[[7.417581,46.941122],[7.41911,46.94334],[7.419598,46.943833],[7.420309,46.944367],[7.420391,46.944561]]}},{"type":"Feature","properties":{"k":"neben","name":"Gryphenhübeliweg"},"geometry":{"type":"LineString","coordinates":[[7.456384,46.943976],[7.456088,46.944295],[7.455833,46.94422],[7.456054,46.943919],[7.456323,46.943933]]}},{"type":"Feature","properties":{"k":"neben","name":"Alpenstrasse"},"geometry":{"type":"LineString","coordinates":[[7.457709,46.942023],[7.455721,46.943646]]}},{"type":"Feature","properties":{"k":"neben","name":"Gryphenhübeliweg"},"geometry":{"type":"LineString","coordinates":[[7.457872,46.94218],[7.457803,46.942243]]}},{"type":"Feature","properties":{"k":"neben","name":"Gryphenhübeliweg"},"geometry":{"type":"LineString","coordinates":[[7.45744,46.942702],[7.456329,46.943707]]}},{"type":"Feature","properties":{"k":"neben","name":"Dählhölzliweg"},"geometry":{"type":"LineString","coordinates":[[7.455509,46.941547],[7.455273,46.941242],[7.455079,46.940633],[7.455102,46.940333]]}},{"type":"Feature","properties":{"k":"neben","name":"Helvetiastrasse"},"geometry":{"type":"LineString","coordinates":[[7.452354,46.939847],[7.452303,46.939845],[7.451186,46.939799],[7.451132,46.939797]]}},{"type":"Feature","properties":{"k":"neben","name":"Tierparkweg"},"geometry":{"type":"LineString","coordinates":[[7.445708,46.935104],[7.445864,46.934946],[7.445944,46.93487],[7.446314,46.934582]]}},{"type":"Feature","properties":{"k":"neben","name":"Robinsonweg"},"geometry":{"type":"LineString","coordinates":[[7.483875,46.947509],[7.483721,46.947542]]}},{"type":"Feature","properties":{"k":"neben","name":"Robinsonweg"},"geometry":{"type":"LineString","coordinates":[[7.482381,46.946348],[7.482283,46.945826],[7.482265,46.94573],[7.482228,46.945555]]}},{"type":"Feature","properties":{"k":"neben","name":"Merzenacker"},"geometry":{"type":"LineString","coordinates":[[7.482551,46.943899],[7.481276,46.944051],[7.48134,46.944513]]}},{"type":"Feature","properties":{"k":"neben","name":"Merzenacker"},"geometry":{"type":"LineString","coordinates":[[7.483157,46.944757],[7.482625,46.944806]]}},{"type":"Feature","properties":{"k":"neben","name":"Melchenbühlweg"},"geometry":{"type":"LineString","coordinates":[[7.479386,46.946342],[7.479286,46.946621],[7.478349,46.947535]]}},{"type":"Feature","properties":{"k":"neben","name":"Amietstrasse"},"geometry":{"type":"LineString","coordinates":[[7.474329,46.941695],[7.475424,46.941927],[7.475383,46.942141],[7.474155,46.941927]]}},{"type":"Feature","properties":{"k":"neben","name":"Buchserstrasse"},"geometry":{"type":"LineString","coordinates":[[7.474103,46.943308],[7.474615,46.943405],[7.475019,46.943315],[7.479488,46.943544]]}},{"type":"Feature","properties":{"k":"neben","name":"Murifeldweg"},"geometry":{"type":"LineString","coordinates":[[7.470051,46.939659],[7.470066,46.939668],[7.470163,46.93972],[7.470363,46.939812]]}},{"type":"Feature","properties":{"k":"neben","name":"Sonnenhofweg"},"geometry":{"type":"LineString","coordinates":[[7.47097,46.943134],[7.472197,46.944124],[7.472352,46.944135]]}},{"type":"Feature","properties":{"k":"neben","name":"Jupiterstrasse"},"geometry":{"type":"LineString","coordinates":[[7.478775,46.93789],[7.47929,46.938138],[7.479386,46.938176],[7.479468,46.938204]]}},{"type":"Feature","properties":{"k":"neben","name":"Jupiterstrasse"},"geometry":{"type":"LineString","coordinates":[[7.481207,46.93849],[7.481199,46.938176],[7.481067,46.937914]]}},{"type":"Feature","properties":{"k":"neben","name":"Wittigkofenweg"},"geometry":{"type":"LineString","coordinates":[[7.474697,46.940131],[7.474069,46.939965]]}},{"type":"Feature","properties":{"k":"neben","name":"Bitziusstrasse"},"geometry":{"type":"LineString","coordinates":[[7.469026,46.949232],[7.466656,46.951625],[7.466473,46.951655],[7.465872,46.951493],[7.465646,46.951526],[7.46481,46.952149],[7.464774,46.952302]]}},{"type":"Feature","properties":{"k":"neben","name":"Bibliotheksgässchen"},"geometry":{"type":"LineString","coordinates":[[7.449154,46.94745],[7.449186,46.947105]]}},{"type":"Feature","properties":{"k":"neben","name":"Münstergasse"},"geometry":{"type":"LineString","coordinates":[[7.448109,46.947439],[7.450506,46.947471]]}},{"type":"Feature","properties":{"k":"neben","name":"Bundesplatz"},"geometry":{"type":"LineString","coordinates":[[7.443651,46.947333],[7.443709,46.946866]]}},{"type":"Feature","properties":{"k":"neben","name":"Feldeggweg"},"geometry":{"type":"LineString","coordinates":[[7.447037,46.944187],[7.44818,46.944327],[7.448201,46.944193],[7.447753,46.944071],[7.447645,46.943871]]}},{"type":"Feature","properties":{"k":"neben","name":"Weihergasse"},"geometry":{"type":"LineString","coordinates":[[7.444178,46.945468],[7.444877,46.945552]]}},{"type":"Feature","properties":{"k":"neben","name":"Marzilistrasse"},"geometry":{"type":"LineString","coordinates":[[7.443547,46.943172],[7.443561,46.943244]]}},{"type":"Feature","properties":{"k":"neben","name":"Marzilistrasse"},"geometry":{"type":"LineString","coordinates":[[7.443482,46.942812],[7.443503,46.94294]]}},{"type":"Feature","properties":{"k":"neben","name":"Brückenstrasse"},"geometry":{"type":"LineString","coordinates":[[7.444687,46.944757],[7.443304,46.944615]]}},{"type":"Feature","properties":{"k":"neben","name":"Sulgeneckstrasse"},"geometry":{"type":"LineString","coordinates":[[7.440281,46.94081],[7.440406,46.940235],[7.441432,46.9401]]}},{"type":"Feature","properties":{"k":"neben","name":"Sulgenrain"},"geometry":{"type":"LineString","coordinates":[[7.439528,46.940764],[7.439003,46.940607],[7.437813,46.940642],[7.437308,46.940789]]}},{"type":"Feature","properties":{"k":"neben","name":"Friedeckweg"},"geometry":{"type":"LineString","coordinates":[[7.43341,46.941693],[7.43575,46.940983]]}},{"type":"Feature","properties":{"k":"neben","name":"Sulgenrain"},"geometry":{"type":"LineString","coordinates":[[7.437654,46.942068],[7.436821,46.941343]]}},{"type":"Feature","properties":{"k":"neben","name":"Sulgenrain"},"geometry":{"type":"LineString","coordinates":[[7.437308,46.940789],[7.437078,46.941194],[7.437368,46.941789]]}},{"type":"Feature","properties":{"k":"neben","name":"Bovetstrasse"},"geometry":{"type":"LineString","coordinates":[[7.434566,46.941343],[7.434039,46.940536]]}},{"type":"Feature","properties":{"k":"neben","name":"Rosenweg"},"geometry":{"type":"LineString","coordinates":[[7.4356,46.93552],[7.435555,46.935533],[7.434117,46.935961]]}},{"type":"Feature","properties":{"k":"neben","name":"Zwinglistrasse"},"geometry":{"type":"LineString","coordinates":[[7.434622,46.935265],[7.434611,46.935253],[7.434576,46.935216],[7.434297,46.934919]]}},{"type":"Feature","properties":{"k":"neben","name":"Zwinglistrasse"},"geometry":{"type":"LineString","coordinates":[[7.434297,46.934919],[7.433223,46.935262]]}},{"type":"Feature","properties":{"k":"neben","name":"Morillonstrasse"},"geometry":{"type":"LineString","coordinates":[[7.434476,46.934056],[7.434027,46.934287],[7.434585,46.934865],[7.434702,46.934897],[7.435115,46.934707]]}},{"type":"Feature","properties":{"k":"neben","name":"Goumoënsstrasse"},"geometry":{"type":"LineString","coordinates":[[7.431983,46.935018],[7.431244,46.934632]]}},{"type":"Feature","properties":{"k":"neben","name":"Goumoënsstrasse"},"geometry":{"type":"LineString","coordinates":[[7.431244,46.934632],[7.431179,46.934598]]}},{"type":"Feature","properties":{"k":"neben","name":"Goumoënsstrasse"},"geometry":{"type":"LineString","coordinates":[[7.430671,46.934273],[7.430267,46.933803],[7.430337,46.933585],[7.430547,46.933509]]}},{"type":"Feature","properties":{"k":"neben","name":"Heckenweg"},"geometry":{"type":"LineString","coordinates":[[7.430547,46.933509],[7.431113,46.934147],[7.43168,46.933858]]}},{"type":"Feature","properties":{"k":"neben","name":"Knüslihubelweg"},"geometry":{"type":"LineString","coordinates":[[7.430129,46.933008],[7.431031,46.932846],[7.43189,46.932491],[7.432396,46.931811],[7.432166,46.931684],[7.431374,46.931964]]}},{"type":"Feature","properties":{"k":"haupt","name":"Schwarzenburgstrasse"},"geometry":{"type":"LineString","coordinates":[[7.427166,46.93804],[7.426043,46.937239],[7.425328,46.936451]]}},{"type":"Feature","properties":{"k":"neben","name":"Armandweg"},"geometry":{"type":"LineString","coordinates":[[7.429741,46.938657],[7.429725,46.938638]]}},{"type":"Feature","properties":{"k":"neben","name":"Steinauweg"},"geometry":{"type":"LineString","coordinates":[[7.429405,46.937294],[7.429725,46.937679]]}},{"type":"Feature","properties":{"k":"neben","name":"Balmweg"},"geometry":{"type":"LineString","coordinates":[[7.430948,46.937193],[7.430967,46.937235]]}},{"type":"Feature","properties":{"k":"neben","name":"Armandweg"},"geometry":{"type":"LineString","coordinates":[[7.429554,46.938419],[7.429178,46.937933]]}},{"type":"Feature","properties":{"k":"neben","name":"Beaumontweg"},"geometry":{"type":"LineString","coordinates":[[7.429148,46.938877],[7.429248,46.93884]]}},{"type":"Feature","properties":{"k":"neben","name":"Beaumontweg"},"geometry":{"type":"LineString","coordinates":[[7.431155,46.938294],[7.431371,46.938256]]}},{"type":"Feature","properties":{"k":"neben","name":"Sulgenheimweg"},"geometry":{"type":"LineString","coordinates":[[7.435179,46.938443],[7.43492,46.939768]]}},{"type":"Feature","properties":{"k":"neben","name":"Altenbergstrasse"},"geometry":{"type":"LineString","coordinates":[[7.447609,46.950967],[7.448722,46.950668],[7.449701,46.950584],[7.453684,46.950654],[7.45487,46.950534]]}},{"type":"Feature","properties":{"k":"neben","name":"Altenbergstrasse"},"geometry":{"type":"LineString","coordinates":[[7.457067,46.950599],[7.457727,46.950488],[7.458137,46.950335],[7.458751,46.949773],[7.458908,46.949737]]}},{"type":"Feature","properties":{"k":"neben","name":"Rabbentalstrasse"},"geometry":{"type":"LineString","coordinates":[[7.446615,46.952349],[7.450889,46.951521]]}},{"type":"Feature","properties":{"k":"neben","name":"Sonnenbergrain"},"geometry":{"type":"LineString","coordinates":[[7.450382,46.952377],[7.451076,46.951617],[7.45136,46.951538]]}},{"type":"Feature","properties":{"k":"neben","name":"Nischenweg"},"geometry":{"type":"LineString","coordinates":[[7.447689,46.952139],[7.447632,46.951856],[7.449132,46.951557]]}},{"type":"Feature","properties":{"k":"neben","name":"Rabbentaltreppe"},"geometry":{"type":"LineString","coordinates":[[7.449231,46.951839],[7.449082,46.951372]]}},{"type":"Feature","properties":{"k":"neben","name":"Oberweg"},"geometry":{"type":"LineString","coordinates":[[7.448531,46.951977],[7.4487,46.952328],[7.449189,46.952246]]}},{"type":"Feature","properties":{"k":"neben","name":"Sonnenbergstrasse"},"geometry":{"type":"LineString","coordinates":[[7.449479,46.95265],[7.45027,46.952402],[7.451486,46.95219],[7.451951,46.952999]]}},{"type":"Feature","properties":{"k":"neben","name":"Sonnenbergrain"},"geometry":{"type":"LineString","coordinates":[[7.45136,46.951538],[7.451584,46.951524],[7.45194,46.951696],[7.452228,46.95158],[7.452783,46.951576],[7.452911,46.951499],[7.452825,46.951374],[7.452041,46.951329]]}},{"type":"Feature","properties":{"k":"neben","name":"Kursaalstrasse"},"geometry":{"type":"LineString","coordinates":[[7.449136,46.955088],[7.448518,46.953816]]}},{"type":"Feature","properties":{"k":"neben","name":"Schänzlistrasse"},"geometry":{"type":"LineString","coordinates":[[7.450185,46.953399],[7.452928,46.952778],[7.456589,46.952535]]}},{"type":"Feature","properties":{"k":"neben","name":"Schänzlihalde"},"geometry":{"type":"LineString","coordinates":[[7.446108,46.954493],[7.446113,46.954366],[7.446127,46.954261],[7.446173,46.954189]]}},{"type":"Feature","properties":{"k":"neben","name":"Genfergasse"},"geometry":{"type":"LineString","coordinates":[[7.441955,46.950503],[7.441909,46.950443],[7.441503,46.949939],[7.441484,46.949902]]}},{"type":"Feature","properties":{"k":"neben","name":"Waisenhausplatz"},"geometry":{"type":"LineString","coordinates":[[7.444216,46.949756],[7.444187,46.949704],[7.444,46.949359],[7.443976,46.949305]]}},{"type":"Feature","properties":{"k":"neben","name":"Zeughausgasse"},"geometry":{"type":"LineString","coordinates":[[7.445881,46.948884],[7.444288,46.949152]]}},{"type":"Feature","properties":{"k":"neben","name":"Zeughausgasse"},"geometry":{"type":"LineString","coordinates":[[7.445881,46.948884],[7.446984,46.948751],[7.447199,46.949172]]}},{"type":"Feature","properties":{"k":"neben","name":"Metzgergässchen"},"geometry":{"type":"LineString","coordinates":[[7.450466,46.948765],[7.450455,46.948566],[7.450451,46.948499]]}},{"type":"Feature","properties":{"k":"neben","name":"Kreuzgasse"},"geometry":{"type":"LineString","coordinates":[[7.452282,46.948023],[7.4523,46.947925],[7.452365,46.947528]]}},{"type":"Feature","properties":{"k":"neben","name":"Brunnhofweg"},"geometry":{"type":"LineString","coordinates":[[7.429214,46.942997],[7.42839,46.9431],[7.42722,46.943866]]}},{"type":"Feature","properties":{"k":"neben","name":"Konsumstrasse"},"geometry":{"type":"LineString","coordinates":[[7.426812,46.943321],[7.424399,46.944447],[7.424301,46.944625]]}},{"type":"Feature","properties":{"k":"neben"},"geometry":{"type":"LineString","coordinates":[[7.425092,46.944113],[7.424785,46.943753]]}},{"type":"Feature","properties":{"k":"neben","name":"Bridelstrasse"},"geometry":{"type":"LineString","coordinates":[[7.419052,46.940264],[7.421475,46.939608]]}},{"type":"Feature","properties":{"k":"neben","name":"Rickenweg"},"geometry":{"type":"LineString","coordinates":[[7.419785,46.93786],[7.420448,46.93861],[7.420881,46.938886]]}},{"type":"Feature","properties":{"k":"neben","name":"Brunnmattstrasse"},"geometry":{"type":"LineString","coordinates":[[7.421475,46.939608],[7.421596,46.939755],[7.421649,46.939819]]}},{"type":"Feature","properties":{"k":"neben","name":"Brunnmattstrasse"},"geometry":{"type":"LineString","coordinates":[[7.421716,46.939901],[7.421956,46.940192]]}},{"type":"Feature","properties":{"k":"neben","name":"Dietlerstrasse"},"geometry":{"type":"LineString","coordinates":[[7.423054,46.939178],[7.422935,46.93897],[7.42131,46.939407]]}},{"type":"Feature","properties":{"k":"neben","name":"Sonneggsteig"},"geometry":{"type":"LineString","coordinates":[[7.41976,46.940077],[7.419639,46.939869]]}},{"type":"Feature","properties":{"k":"neben","name":"Kirchbergerstrasse"},"geometry":{"type":"LineString","coordinates":[[7.41758,46.939329],[7.418051,46.939152]]}},{"type":"Feature","properties":{"k":"neben","name":"Kirchbergerstrasse"},"geometry":{"type":"LineString","coordinates":[[7.418178,46.939286],[7.417674,46.939467]]}},{"type":"Feature","properties":{"k":"neben","name":"Kirchbergerstrasse"},"geometry":{"type":"LineString","coordinates":[[7.418824,46.939483],[7.419164,46.939425]]}},{"type":"Feature","properties":{"k":"neben","name":"Raineggweg"},"geometry":{"type":"LineString","coordinates":[[7.419052,46.940264],[7.418663,46.939473]]}},{"type":"Feature","properties":{"k":"neben","name":"Sinnerstrasse"},"geometry":{"type":"LineString","coordinates":[[7.418051,46.939152],[7.41806,46.938831]]}},{"type":"Feature","properties":{"k":"neben","name":"Sonneggweg"},"geometry":{"type":"LineString","coordinates":[[7.419609,46.939292],[7.419397,46.939023]]}},{"type":"Feature","properties":{"k":"neben","name":"Sonneggring"},"geometry":{"type":"LineString","coordinates":[[7.419039,46.938566],[7.418657,46.938721],[7.418988,46.939136],[7.419397,46.939023]]}},{"type":"Feature","properties":{"k":"neben","name":"Rohrweg"},"geometry":{"type":"LineString","coordinates":[[7.420361,46.939063],[7.420288,46.938981],[7.419505,46.937989]]}},{"type":"Feature","properties":{"k":"neben","name":"Brunnmattstrasse"},"geometry":{"type":"LineString","coordinates":[[7.42131,46.939407],[7.421398,46.939515],[7.421475,46.939608]]}},{"type":"Feature","properties":{"k":"neben","name":"Hauensteinweg"},"geometry":{"type":"LineString","coordinates":[[7.420881,46.938886],[7.420852,46.938615],[7.420574,46.93825]]}},{"type":"Feature","properties":{"k":"neben","name":"Trachselweg"},"geometry":{"type":"LineString","coordinates":[[7.421855,46.938548],[7.421281,46.937937],[7.420786,46.937412]]}},{"type":"Feature","properties":{"k":"neben","name":"Martiweg"},"geometry":{"type":"LineString","coordinates":[[7.422346,46.937218],[7.422713,46.937617],[7.422694,46.937717]]}},{"type":"Feature","properties":{"k":"neben","name":"Bundesbahnweg"},"geometry":{"type":"LineString","coordinates":[[7.422329,46.938384],[7.422301,46.938354],[7.421731,46.937741],[7.421226,46.93721]]}},{"type":"Feature","properties":{"k":"neben","name":"Dübystrasse"},"geometry":{"type":"LineString","coordinates":[[7.420574,46.93825],[7.420947,46.938086]]}},{"type":"Feature","properties":{"k":"neben","name":"Dübystrasse"},"geometry":{"type":"LineString","coordinates":[[7.422774,46.937283],[7.423199,46.937096]]}},{"type":"Feature","properties":{"k":"neben","name":"Dübystrasse"},"geometry":{"type":"LineString","coordinates":[[7.424952,46.936332],[7.425052,46.936295],[7.425173,46.936249]]}},{"type":"Feature","properties":{"k":"neben","name":"Brünigweg"},"geometry":{"type":"LineString","coordinates":[[7.423353,46.93726],[7.423199,46.937096],[7.422807,46.936676],[7.422677,46.936543]]}},{"type":"Feature","properties":{"k":"neben","name":"Simplonweg"},"geometry":{"type":"LineString","coordinates":[[7.423952,46.937241],[7.423636,46.936904],[7.423119,46.936354]]}},{"type":"Feature","properties":{"k":"neben","name":"Gotthardweg"},"geometry":{"type":"LineString","coordinates":[[7.424363,46.937001],[7.424088,46.936708],[7.423562,46.936149]]}},{"type":"Feature","properties":{"k":"neben","name":"Lötschbergweg"},"geometry":{"type":"LineString","coordinates":[[7.424532,46.936515],[7.423997,46.93595]]}},{"type":"Feature","properties":{"k":"neben","name":"Monreposweg"},"geometry":{"type":"LineString","coordinates":[[7.424166,46.93739],[7.4239,46.937937],[7.423942,46.938691]]}},{"type":"Feature","properties":{"k":"neben","name":"Oranienburgstrasse"},"geometry":{"type":"LineString","coordinates":[[7.458705,46.952125],[7.457562,46.952073],[7.456448,46.951682]]}},{"type":"Feature","properties":{"k":"neben","name":"Keltenstrasse"},"geometry":{"type":"LineString","coordinates":[[7.400742,46.94628],[7.39947,46.946293],[7.398096,46.945872]]}},{"type":"Feature","properties":{"k":"neben","name":"Pfaffensteig"},"geometry":{"type":"LineString","coordinates":[[7.396883,46.937315],[7.396121,46.937661]]}},{"type":"Feature","properties":{"k":"neben","name":"Kirchackerweg"},"geometry":{"type":"LineString","coordinates":[[7.401461,46.941464],[7.401401,46.941476],[7.400631,46.94164]]}},{"type":"Feature","properties":{"k":"neben","name":"Kirchackerweg"},"geometry":{"type":"LineString","coordinates":[[7.400794,46.942042],[7.400631,46.94164]]}},{"type":"Feature","properties":{"k":"neben","name":"Benteliweg"},"geometry":{"type":"LineString","coordinates":[[7.401081,46.941204],[7.401023,46.941219],[7.400479,46.941349],[7.400185,46.941419]]}},{"type":"Feature","properties":{"k":"neben","name":"Burgunderstrasse"},"geometry":{"type":"LineString","coordinates":[[7.398008,46.940764],[7.396817,46.939768]]}},{"type":"Feature","properties":{"k":"neben","name":"Frankenstrasse"},"geometry":{"type":"LineString","coordinates":[[7.396859,46.9398],[7.398072,46.939271]]}},{"type":"Feature","properties":{"k":"neben"},"geometry":{"type":"LineString","coordinates":[[7.397707,46.940512],[7.397749,46.940493],[7.398504,46.940163]]}},{"type":"Feature","properties":{"k":"neben"},"geometry":{"type":"LineString","coordinates":[[7.397435,46.94028],[7.398136,46.939978],[7.398504,46.940163]]}},{"type":"Feature","properties":{"k":"neben","name":"Bridelstrasse"},"geometry":{"type":"LineString","coordinates":[[7.423289,46.939132],[7.42349,46.939101],[7.423681,46.939076],[7.423812,46.939064]]}},{"type":"Feature","properties":{"k":"neben","name":"Weberstrasse"},"geometry":{"type":"LineString","coordinates":[[7.424745,46.939661],[7.425827,46.940513]]}},{"type":"Feature","properties":{"k":"neben","name":"Weberstrasse"},"geometry":{"type":"LineString","coordinates":[[7.425008,46.940539],[7.42551,46.940283],[7.425549,46.940262]]}},{"type":"Feature","properties":{"k":"neben","name":"Lentulusstrasse"},"geometry":{"type":"LineString","coordinates":[[7.424806,46.941054],[7.425503,46.940681]]}},{"type":"Feature","properties":{"k":"neben","name":"Taubenstrasse"},"geometry":{"type":"LineString","coordinates":[[7.439325,46.945613],[7.440459,46.944644]]}},{"type":"Feature","properties":{"k":"neben","name":"Höheweg"},"geometry":{"type":"LineString","coordinates":[[7.4604,46.946843],[7.460426,46.947581],[7.460265,46.947398]]}},{"type":"Feature","properties":{"k":"neben","name":"Manuelstrasse"},"geometry":{"type":"LineString","coordinates":[[7.472839,46.932403],[7.472999,46.93246]]}},{"type":"Feature","properties":{"k":"neben","name":"Hiltystrasse"},"geometry":{"type":"LineString","coordinates":[[7.473719,46.936008],[7.474337,46.935222]]}},{"type":"Feature","properties":{"k":"neben","name":"Schlösslistrasse"},"geometry":{"type":"LineString","coordinates":[[7.432634,46.947392],[7.432512,46.947073],[7.43183,46.946955]]}},{"type":"Feature","properties":{"k":"neben","name":"Schlösslistrasse"},"geometry":{"type":"LineString","coordinates":[[7.4315,46.946927],[7.431224,46.946893],[7.430909,46.946858],[7.43069,46.946839]]}},{"type":"Feature","properties":{"k":"neben","name":"Schlösslistrasse"},"geometry":{"type":"LineString","coordinates":[[7.426114,46.946224],[7.425016,46.946147],[7.424884,46.946142],[7.4248,46.946119]]}},{"type":"Feature","properties":{"k":"neben","name":"Choisystrasse"},"geometry":{"type":"LineString","coordinates":[[7.428977,46.947227],[7.428213,46.947099],[7.426831,46.946598]]}},{"type":"Feature","properties":{"k":"neben","name":"Jennerweg"},"geometry":{"type":"LineString","coordinates":[[7.4248,46.946119],[7.425014,46.946315],[7.425063,46.94636]]}},{"type":"Feature","properties":{"k":"neben","name":"Jennerweg"},"geometry":{"type":"LineString","coordinates":[[7.424202,46.945427],[7.424231,46.945591],[7.4248,46.946119]]}},{"type":"Feature","properties":{"k":"neben","name":"Schlösslistrasse"},"geometry":{"type":"LineString","coordinates":[[7.42698,46.946317],[7.427061,46.946354],[7.427991,46.946509],[7.428737,46.946642]]}},{"type":"Feature","properties":{"k":"neben","name":"Federweg"},"geometry":{"type":"LineString","coordinates":[[7.416851,46.946158],[7.416941,46.946064],[7.419891,46.945421]]}},{"type":"Feature","properties":{"k":"neben","name":"Lorystrasse"},"geometry":{"type":"LineString","coordinates":[[7.417914,46.945073],[7.41879,46.945055],[7.420048,46.945203]]}},{"type":"Feature","properties":{"k":"neben","name":"Mutachstrasse"},"geometry":{"type":"LineString","coordinates":[[7.418209,46.945777],[7.417914,46.945073]]}},{"type":"Feature","properties":{"k":"neben","name":"Freiburgstrasse"},"geometry":{"type":"LineString","coordinates":[[7.417551,46.946138],[7.417672,46.946632]]}},{"type":"Feature","properties":{"k":"neben","name":"Bahnstrasse"},"geometry":{"type":"LineString","coordinates":[[7.411422,46.946516],[7.411783,46.946649]]}},{"type":"Feature","properties":{"k":"neben","name":"Bahnstrasse"},"geometry":{"type":"LineString","coordinates":[[7.408548,46.944294],[7.408726,46.94404],[7.409084,46.943978]]}},{"type":"Feature","properties":{"k":"neben","name":"Steigerhubelstrasse"},"geometry":{"type":"LineString","coordinates":[[7.411758,46.945771],[7.411974,46.945524]]}},{"type":"Feature","properties":{"k":"neben","name":"Eggimannstrasse"},"geometry":{"type":"LineString","coordinates":[[7.409311,46.945068],[7.411238,46.946194]]}},{"type":"Feature","properties":{"k":"neben","name":"Eggimannstrasse"},"geometry":{"type":"LineString","coordinates":[[7.409566,46.944877],[7.410476,46.945401],[7.411445,46.945968],[7.411506,46.946001]]}},{"type":"Feature","properties":{"k":"neben","name":"Krippenstrasse"},"geometry":{"type":"LineString","coordinates":[[7.40984,46.944655],[7.410751,46.945179],[7.411725,46.945752],[7.411758,46.945771]]}},{"type":"Feature","properties":{"k":"neben","name":"Bahnstrasse"},"geometry":{"type":"LineString","coordinates":[[7.4083,46.945349],[7.408132,46.945228],[7.408125,46.945058]]}},{"type":"Feature","properties":{"k":"neben","name":"Bahnstrasse"},"geometry":{"type":"LineString","coordinates":[[7.40984,46.944655],[7.409597,46.944851],[7.409566,46.944877]]}},{"type":"Feature","properties":{"k":"neben","name":"Krippenstrasse"},"geometry":{"type":"LineString","coordinates":[[7.411974,46.945524],[7.410164,46.94444]]}},{"type":"Feature","properties":{"k":"neben","name":"Schenkstrasse"},"geometry":{"type":"LineString","coordinates":[[7.411925,46.944729],[7.414646,46.945877]]}},{"type":"Feature","properties":{"k":"neben"},"geometry":{"type":"LineString","coordinates":[[7.415556,46.945312],[7.415724,46.945351],[7.415812,46.945372]]}},{"type":"Feature","properties":{"k":"neben","name":"Schenkstrasse"},"geometry":{"type":"LineString","coordinates":[[7.414254,46.945724],[7.414582,46.945164],[7.414674,46.944673]]}},{"type":"Feature","properties":{"k":"neben","name":"Schenkstrasse"},"geometry":{"type":"LineString","coordinates":[[7.413803,46.945532],[7.414049,46.945109],[7.414138,46.944635]]}},{"type":"Feature","properties":{"k":"neben","name":"Schenkstrasse"},"geometry":{"type":"LineString","coordinates":[[7.413359,46.945348],[7.413605,46.944598]]}},{"type":"Feature","properties":{"k":"neben","name":"Schenkstrasse"},"geometry":{"type":"LineString","coordinates":[[7.412873,46.945149],[7.41307,46.944561]]}},{"type":"Feature","properties":{"k":"neben","name":"Schenkstrasse"},"geometry":{"type":"LineString","coordinates":[[7.41241,46.944954],[7.412533,46.944523]]}},{"type":"Feature","properties":{"k":"neben","name":"Schlossstrasse"},"geometry":{"type":"LineString","coordinates":[[7.410971,46.944529],[7.411045,46.943899]]}},{"type":"Feature","properties":{"k":"neben","name":"Werkgasse"},"geometry":{"type":"LineString","coordinates":[[7.39998,46.944204],[7.401281,46.94352],[7.402198,46.943521]]}},{"type":"Feature","properties":{"k":"neben","name":"Bienenstrasse"},"geometry":{"type":"LineString","coordinates":[[7.403398,46.943644],[7.402815,46.943982],[7.402445,46.944382]]}},{"type":"Feature","properties":{"k":"neben","name":"Bienenstrasse"},"geometry":{"type":"LineString","coordinates":[[7.402328,46.944572],[7.402256,46.944863]]}},{"type":"Feature","properties":{"k":"neben","name":"Kehrgasse"},"geometry":{"type":"LineString","coordinates":[[7.400807,46.944941],[7.400645,46.94527],[7.400742,46.94628]]}},{"type":"Feature","properties":{"k":"neben","name":"Looslistrasse"},"geometry":{"type":"LineString","coordinates":[[7.397703,46.947039],[7.39757,46.947156]]}},{"type":"Feature","properties":{"k":"neben","name":"Ziegelackerstrasse"},"geometry":{"type":"LineString","coordinates":[[7.400453,46.948934],[7.403433,46.948877]]}},{"type":"Feature","properties":{"k":"neben","name":"Steigerhubelstrasse"},"geometry":{"type":"LineString","coordinates":[[7.411339,46.949386],[7.411262,46.948162],[7.410728,46.94762]]}},{"type":"Feature","properties":{"k":"neben","name":"Steigerhubelstrasse"},"geometry":{"type":"LineString","coordinates":[[7.410508,46.947179],[7.410788,46.946973],[7.411089,46.946746]]}},{"type":"Feature","properties":{"k":"neben","name":"Steigerhubelstrasse"},"geometry":{"type":"LineString","coordinates":[[7.411089,46.946746],[7.411114,46.946727],[7.41116,46.94669],[7.41121,46.946652]]}},{"type":"Feature","properties":{"k":"neben","name":"Müllerstrasse"},"geometry":{"type":"LineString","coordinates":[[7.412317,46.94346],[7.41256,46.942668],[7.412798,46.942454],[7.413155,46.942328],[7.413644,46.94233],[7.415224,46.942737],[7.416251,46.942711]]}},{"type":"Feature","properties":{"k":"neben","name":"Stämpflistrasse"},"geometry":{"type":"LineString","coordinates":[[7.413499,46.943121],[7.415114,46.943333]]}},{"type":"Feature","properties":{"k":"neben","name":"Scheurerstrasse"},"geometry":{"type":"LineString","coordinates":[[7.414026,46.943201],[7.414349,46.942524]]}},{"type":"Feature","properties":{"k":"neben","name":"Burckhardtstrasse"},"geometry":{"type":"LineString","coordinates":[[7.415114,46.943333],[7.415578,46.94232],[7.416074,46.942168]]}},{"type":"Feature","properties":{"k":"neben","name":"Stoossstrasse"},"geometry":{"type":"LineString","coordinates":[[7.414562,46.943273],[7.414831,46.942655]]}},{"type":"Feature","properties":{"k":"neben","name":"Scheurerstrasse"},"geometry":{"type":"LineString","coordinates":[[7.414349,46.942524],[7.414672,46.941904]]}},{"type":"Feature","properties":{"k":"neben","name":"Hopfenweg"},"geometry":{"type":"LineString","coordinates":[[7.426312,46.942422],[7.426491,46.942356],[7.426974,46.941875],[7.42864,46.940985],[7.430381,46.940308],[7.430526,46.940184]]}},{"type":"Feature","properties":{"k":"neben","name":"Lentulusrain"},"geometry":{"type":"LineString","coordinates":[[7.427328,46.939725],[7.428082,46.940448]]}},{"type":"Feature","properties":{"k":"neben"},"geometry":{"type":"LineString","coordinates":[[7.426754,46.940835],[7.427013,46.941054]]}},{"type":"Feature","properties":{"k":"neben","name":"Blockweg"},"geometry":{"type":"LineString","coordinates":[[7.427604,46.94154],[7.427485,46.941442]]}},{"type":"Feature","properties":{"k":"neben","name":"Cäcilienrain"},"geometry":{"type":"LineString","coordinates":[[7.427644,46.940698],[7.428247,46.941195]]}},{"type":"Feature","properties":{"k":"neben","name":"Hopfenrain"},"geometry":{"type":"LineString","coordinates":[[7.428785,46.940057],[7.42945,46.940673]]}},{"type":"Feature","properties":{"k":"neben","name":"Eichmattweg"},"geometry":{"type":"LineString","coordinates":[[7.429949,46.940475],[7.429978,46.940499],[7.430491,46.940927],[7.43052,46.940952]]}},{"type":"Feature","properties":{"k":"neben","name":"Niggelerstrasse"},"geometry":{"type":"LineString","coordinates":[[7.426417,46.941389],[7.425503,46.940681]]}},{"type":"Feature","properties":{"k":"neben","name":"Lentulusstrasse"},"geometry":{"type":"LineString","coordinates":[[7.427328,46.939725],[7.427545,46.93961],[7.427786,46.939482]]}},{"type":"Feature","properties":{"k":"neben","name":"Lentulusstrasse"},"geometry":{"type":"LineString","coordinates":[[7.427786,46.939482],[7.428472,46.939129]]}},{"type":"Feature","properties":{"k":"neben","name":"Cäcilienstrasse"},"geometry":{"type":"LineString","coordinates":[[7.425765,46.941746],[7.426417,46.941389]]}},{"type":"Feature","properties":{"k":"neben","name":"Hopfenrain"},"geometry":{"type":"LineString","coordinates":[[7.42945,46.940673],[7.429947,46.941142]]}},{"type":"Feature","properties":{"k":"neben","name":"Gutenbergstrasse"},"geometry":{"type":"LineString","coordinates":[[7.43418,46.94371],[7.433686,46.943233],[7.43346,46.94288],[7.434125,46.942554]]}},{"type":"Feature","properties":{"k":"neben","name":"Kapellenstrasse"},"geometry":{"type":"LineString","coordinates":[[7.435354,46.944705],[7.435414,46.944682],[7.435725,46.944563],[7.436016,46.944451]]}},{"type":"Feature","properties":{"k":"neben"},"geometry":{"type":"LineString","coordinates":[[7.433082,46.945164],[7.434279,46.944676],[7.43456,46.945013]]}},{"type":"Feature","properties":{"k":"neben","name":"Seilerstrasse"},"geometry":{"type":"LineString","coordinates":[[7.43439,46.945079],[7.434917,46.945863]]}},{"type":"Feature","properties":{"k":"neben","name":"Maulbeerstrasse"},"geometry":{"type":"LineString","coordinates":[[7.435403,46.946605],[7.437461,46.94623]]}},{"type":"Feature","properties":{"k":"neben","name":"Wasserwerkgasse"},"geometry":{"type":"LineString","coordinates":[[7.457831,46.948117],[7.45813,46.947969],[7.458146,46.947476],[7.458017,46.947321],[7.456747,46.946708]]}},{"type":"Feature","properties":{"k":"neben","name":"Somazzistrasse"},"geometry":{"type":"LineString","coordinates":[[7.423582,46.934379],[7.42218,46.935022],[7.422138,46.935041],[7.422114,46.935052]]}},{"type":"Feature","properties":{"k":"neben","name":"Hardeggerstrasse"},"geometry":{"type":"LineString","coordinates":[[7.417547,46.937187],[7.417505,46.937115],[7.417462,46.937042],[7.417416,46.936963]]}},{"type":"Feature","properties":{"k":"neben","name":"Landhausweg"},"geometry":{"type":"LineString","coordinates":[[7.43168,46.936632],[7.432549,46.935785]]}},{"type":"Feature","properties":{"k":"neben","name":"Morellweg"},"geometry":{"type":"LineString","coordinates":[[7.433293,46.938044],[7.433226,46.937616]]}},{"type":"Feature","properties":{"k":"neben","name":"Rosenweg"},"geometry":{"type":"LineString","coordinates":[[7.435097,46.937446],[7.434117,46.935961]]}},{"type":"Feature","properties":{"k":"neben","name":"Weissenbühlweg"},"geometry":{"type":"LineString","coordinates":[[7.436418,46.937088],[7.435097,46.937446]]}},{"type":"Feature","properties":{"k":"neben","name":"Hallwylstrasse"},"geometry":{"type":"LineString","coordinates":[[7.447175,46.940988],[7.447792,46.94083]]}},{"type":"Feature","properties":{"k":"neben","name":"Kollerweg"},"geometry":{"type":"LineString","coordinates":[[7.454658,46.943693],[7.455075,46.943963],[7.455191,46.944407],[7.455683,46.944603]]}},{"type":"Feature","properties":{"k":"haupt","name":"Weissensteinstrasse"},"geometry":{"type":"LineString","coordinates":[[7.423243,46.939857],[7.422379,46.939991],[7.421152,46.940671],[7.420553,46.940781]]}},{"type":"Feature","properties":{"k":"haupt","name":"Ostermundigenstrasse"},"geometry":{"type":"LineString","coordinates":[[7.471588,46.953539],[7.476991,46.954317]]}},{"type":"Feature","properties":{"k":"neben","name":"Südbahnhofstrasse"},"geometry":{"type":"LineString","coordinates":[[7.428652,46.937118],[7.429555,46.936548],[7.430137,46.936025]]}},{"type":"Feature","properties":{"k":"neben","name":"Südbahnhofstrasse"},"geometry":{"type":"LineString","coordinates":[[7.427304,46.938267],[7.427499,46.938101]]}},{"type":"Feature","properties":{"k":"haupt","name":"Bühlstrasse"},"geometry":{"type":"LineString","coordinates":[[7.427975,46.948596],[7.427852,46.948267]]}},{"type":"Feature","properties":{"k":"haupt","name":"Bühlstrasse"},"geometry":{"type":"LineString","coordinates":[[7.428065,46.948809],[7.428064,46.948806],[7.428032,46.948729],[7.427975,46.948596]]}},{"type":"Feature","properties":{"k":"neben","name":"Bundesgasse"},"geometry":{"type":"LineString","coordinates":[[7.440987,46.94642],[7.440848,46.946396],[7.439352,46.946139],[7.439201,46.946114]]}},{"type":"Feature","properties":{"k":"neben","name":"Bundesgasse"},"geometry":{"type":"LineString","coordinates":[[7.437656,46.945854],[7.437209,46.945789]]}},{"type":"Feature","properties":{"k":"neben","name":"Bubenbergplatz"},"geometry":{"type":"LineString","coordinates":[[7.438227,46.94718],[7.438851,46.947285]]}},{"type":"Feature","properties":{"k":"haupt","name":"Laubeggstrasse"},"geometry":{"type":"LineString","coordinates":[[7.461702,46.951771],[7.459289,46.953329]]}},{"type":"Feature","properties":{"k":"neben","name":"Monbijoustrasse"},"geometry":{"type":"LineString","coordinates":[[7.435974,46.943672],[7.436011,46.943955]]}},{"type":"Feature","properties":{"k":"neben","name":"Belpstrasse"},"geometry":{"type":"LineString","coordinates":[[7.431352,46.942333],[7.431336,46.942307],[7.431253,46.942163]]}},{"type":"Feature","properties":{"k":"neben","name":"Villettemattstrasse"},"geometry":{"type":"LineString","coordinates":[[7.432357,46.943974],[7.431258,46.944128]]}},{"type":"Feature","properties":{"k":"neben","name":"Villettemattstrasse"},"geometry":{"type":"LineString","coordinates":[[7.429975,46.944084],[7.430717,46.9442],[7.431258,46.944128]]}},{"type":"Feature","properties":{"k":"neben","name":"Philosophenweg"},"geometry":{"type":"LineString","coordinates":[[7.432101,46.942073],[7.431253,46.942163]]}},{"type":"Feature","properties":{"k":"neben","name":"Kapellenstrasse"},"geometry":{"type":"LineString","coordinates":[[7.437935,46.943981],[7.436268,46.944364]]}},{"type":"Feature","properties":{"k":"haupt","name":"Seftigenstrasse"},"geometry":{"type":"LineString","coordinates":[[7.445313,46.931734],[7.445486,46.931657],[7.445502,46.93165],[7.445506,46.931649]]}},{"type":"Feature","properties":{"k":"haupt","name":"Seftigenstrasse"},"geometry":{"type":"LineString","coordinates":[[7.437056,46.934925],[7.437935,46.934634]]}},{"type":"Feature","properties":{"k":"haupt","name":"Eigerstrasse"},"geometry":{"type":"LineString","coordinates":[[7.432955,46.940855],[7.43367,46.940497],[7.435104,46.940037]]}},{"type":"Feature","properties":{"k":"haupt","name":"Bubenbergplatz"},"geometry":{"type":"LineString","coordinates":[[7.437993,46.94726],[7.437939,46.947248],[7.437878,46.947237]]}},{"type":"Feature","properties":{"k":"neben","name":"Predigergasse"},"geometry":{"type":"LineString","coordinates":[[7.44602,46.949357],[7.446003,46.949311],[7.445881,46.948884]]}},{"type":"Feature","properties":{"k":"haupt","name":"Bubenbergplatz"},"geometry":{"type":"LineString","coordinates":[[7.439953,46.947666],[7.439915,46.947641],[7.43987,46.94762],[7.439827,46.947604]]}},{"type":"Feature","properties":{"k":"neben","name":"Sulgeneckstrasse"},"geometry":{"type":"LineString","coordinates":[[7.437479,46.942582],[7.437565,46.942682],[7.437591,46.943249],[7.437935,46.943981]]}},{"type":"Feature","properties":{"k":"neben","name":"Monbijoustrasse"},"geometry":{"type":"LineString","coordinates":[[7.435924,46.943071],[7.435761,46.9411]]}},{"type":"Feature","properties":{"k":"neben","name":"Humboldtstrasse"},"geometry":{"type":"LineString","coordinates":[[7.450775,46.953617],[7.453208,46.953092],[7.456715,46.952864]]}},{"type":"Feature","properties":{"k":"neben","name":"Gotthelfstrasse"},"geometry":{"type":"LineString","coordinates":[[7.4524,46.953938],[7.454674,46.953418]]}},{"type":"Feature","properties":{"k":"neben","name":"Jubiläumsstrasse"},"geometry":{"type":"LineString","coordinates":[[7.4475,46.936534],[7.445937,46.935592],[7.445708,46.935104]]}},{"type":"Feature","properties":{"k":"neben","name":"Bernastrasse"},"geometry":{"type":"LineString","coordinates":[[7.448354,46.942236],[7.448435,46.942465],[7.448235,46.943283],[7.448517,46.943544]]}},{"type":"Feature","properties":{"k":"neben","name":"Ryffligässchen"},"geometry":{"type":"LineString","coordinates":[[7.442409,46.949643],[7.442203,46.949011]]}},{"type":"Feature","properties":{"k":"haupt","name":"Länggassstrasse"},"geometry":{"type":"LineString","coordinates":[[7.432579,46.953165],[7.429747,46.954899]]}},{"type":"Feature","properties":{"k":"neben","name":"Murtenstrasse"},"geometry":{"type":"LineString","coordinates":[[7.400523,46.949768],[7.400459,46.94972],[7.400436,46.949705],[7.400352,46.949652]]}},{"type":"Feature","properties":{"k":"neben","name":"Postgasse"},"geometry":{"type":"LineString","coordinates":[[7.455664,46.94903],[7.456223,46.948932]]}},{"type":"Feature","properties":{"k":"neben","name":"Bundesplatz"},"geometry":{"type":"LineString","coordinates":[[7.443709,46.946866],[7.444638,46.946885]]}},{"type":"Feature","properties":{"k":"neben","name":"Lerberstrasse"},"geometry":{"type":"LineString","coordinates":[[7.460063,46.950171],[7.459828,46.950219],[7.458831,46.951081]]}},{"type":"Feature","properties":{"k":"neben","name":"Schänzlistrasse"},"geometry":{"type":"LineString","coordinates":[[7.458174,46.952499],[7.457247,46.952564],[7.456792,46.952503],[7.456642,46.952554]]}},{"type":"Feature","properties":{"k":"neben","name":"Chaletweg"},"geometry":{"type":"LineString","coordinates":[[7.395978,46.948329],[7.395501,46.949175]]}},{"type":"Feature","properties":{"k":"neben","name":"Falkenplatz"},"geometry":{"type":"LineString","coordinates":[[7.437308,46.9507],[7.437234,46.950798],[7.435738,46.950994],[7.435534,46.950917]]}},{"type":"Feature","properties":{"k":"neben","name":"Waisenhausplatz"},"geometry":{"type":"LineString","coordinates":[[7.443976,46.949305],[7.443571,46.948575],[7.443521,46.948219]]}},{"type":"Feature","properties":{"k":"neben","name":"Weihergasse"},"geometry":{"type":"LineString","coordinates":[[7.444178,46.945468],[7.444062,46.945427],[7.443503,46.945203]]}},{"type":"Feature","properties":{"k":"neben","name":"Höheweg"},"geometry":{"type":"LineString","coordinates":[[7.407009,46.928705],[7.408762,46.929747],[7.411066,46.930484],[7.414106,46.930981],[7.415115,46.930826],[7.416143,46.930951]]}},{"type":"Feature","properties":{"k":"haupt"},"geometry":{"type":"LineString","coordinates":[[7.413295,46.952645],[7.415163,46.953821]]}},{"type":"Feature","properties":{"k":"neben","name":"Gotenstrasse"},"geometry":{"type":"LineString","coordinates":[[7.39715,46.942866],[7.399291,46.944456]]}},{"type":"Feature","properties":{"k":"neben","name":"Bethlehemstrasse"},"geometry":{"type":"LineString","coordinates":[[7.398269,46.946398],[7.398268,46.946376],[7.398255,46.946112]]}},{"type":"Feature","properties":{"k":"neben","name":"Langobardenstrasse"},"geometry":{"type":"LineString","coordinates":[[7.398561,46.945028],[7.39861,46.945058],[7.398682,46.945099],[7.398766,46.945136]]}},{"type":"Feature","properties":{"k":"neben","name":"Keltenstrasse"},"geometry":{"type":"LineString","coordinates":[[7.401981,46.945964],[7.401878,46.946005],[7.401343,46.94621]]}},{"type":"Feature","properties":{"k":"neben","name":"Rosenbühlgasse"},"geometry":{"type":"LineString","coordinates":[[7.423843,46.948217],[7.424042,46.948357],[7.424207,46.948466]]}},{"type":"Feature","properties":{"k":"neben"},"geometry":{"type":"LineString","coordinates":[[7.429306,46.946179],[7.430535,46.946252]]}},{"type":"Feature","properties":{"k":"neben"},"geometry":{"type":"LineString","coordinates":[[7.430535,46.946252],[7.431046,46.946258],[7.431123,46.945918]]}},{"type":"Feature","properties":{"k":"neben","name":"Schüttestrasse"},"geometry":{"type":"LineString","coordinates":[[7.448608,46.949345],[7.447743,46.949503],[7.446842,46.949637],[7.446156,46.949739]]}},{"type":"Feature","properties":{"k":"neben","name":"Dalmaziquai"},"geometry":{"type":"LineString","coordinates":[[7.444814,46.937211],[7.445084,46.937183],[7.445145,46.937177]]}},{"type":"Feature","properties":{"k":"neben","name":"Haslerstrasse"},"geometry":{"type":"LineString","coordinates":[[7.429653,46.945089],[7.429716,46.945098],[7.429817,46.945113]]}},{"type":"Feature","properties":{"k":"neben"},"geometry":{"type":"LineString","coordinates":[[7.43071,46.945888],[7.430736,46.945194]]}},{"type":"Feature","properties":{"k":"neben"},"geometry":{"type":"LineString","coordinates":[[7.432436,46.944976],[7.432593,46.945924]]}},{"type":"Feature","properties":{"k":"neben"},"geometry":{"type":"LineString","coordinates":[[7.432568,46.945543],[7.430761,46.94551]]}},{"type":"Feature","properties":{"k":"neben","name":"Lilienweg"},"geometry":{"type":"LineString","coordinates":[[7.428493,46.943802],[7.428417,46.94465]]}},{"type":"Feature","properties":{"k":"neben","name":"Giessereiweg"},"geometry":{"type":"LineString","coordinates":[[7.436821,46.941343],[7.436731,46.941478],[7.436908,46.942712]]}},{"type":"Feature","properties":{"k":"neben"},"geometry":{"type":"LineString","coordinates":[[7.433001,46.94168],[7.432978,46.941713],[7.432744,46.942033],[7.432706,46.94209]]}},{"type":"Feature","properties":{"k":"neben","name":"Brückenstrasse"},"geometry":{"type":"LineString","coordinates":[[7.440723,46.94294],[7.440588,46.942905],[7.439351,46.941797],[7.439298,46.941556],[7.43942,46.940793]]}},{"type":"Feature","properties":{"k":"neben","name":"Schwyzerstärnweg"},"geometry":{"type":"LineString","coordinates":[[7.439667,46.955774],[7.440057,46.955734],[7.440034,46.954729],[7.440113,46.954555]]}},{"type":"Feature","properties":{"k":"neben","name":"Sulgeneckstrasse"},"geometry":{"type":"LineString","coordinates":[[7.437935,46.943981],[7.43839,46.944937],[7.438679,46.945195]]}},{"type":"Feature","properties":{"k":"neben","name":"Monbijoustrasse"},"geometry":{"type":"LineString","coordinates":[[7.436268,46.944364],[7.436011,46.943955]]}},{"type":"Feature","properties":{"k":"neben","name":"Lerchenweg"},"geometry":{"type":"LineString","coordinates":[[7.430384,46.953694],[7.430876,46.95423]]}},{"type":"Feature","properties":{"k":"neben","name":"Vereinsweg"},"geometry":{"type":"LineString","coordinates":[[7.433928,46.954128],[7.433964,46.954156],[7.434908,46.954928],[7.434943,46.954957]]}},{"type":"Feature","properties":{"k":"neben","name":"Aarbergergasse"},"geometry":{"type":"LineString","coordinates":[[7.441484,46.949902],[7.441394,46.949925],[7.441104,46.95]]}},{"type":"Feature","properties":{"k":"neben","name":"Genfergasse"},"geometry":{"type":"LineString","coordinates":[[7.441063,46.949148],[7.441484,46.949902]]}},{"type":"Feature","properties":{"k":"neben","name":"Schwanengasse"},"geometry":{"type":"LineString","coordinates":[[7.439325,46.945613],[7.439201,46.946114]]}},{"type":"Feature","properties":{"k":"neben","name":"Bubenbergplatz"},"geometry":{"type":"LineString","coordinates":[[7.439763,46.947438],[7.440131,46.947399]]}},{"type":"Feature","properties":{"k":"neben","name":"Sidlerstrasse"},"geometry":{"type":"LineString","coordinates":[[7.438456,46.951541],[7.438958,46.95201]]}},{"type":"Feature","properties":{"k":"neben","name":"Muristrasse"},"geometry":{"type":"LineString","coordinates":[[7.468426,46.940887],[7.467545,46.941451],[7.467253,46.941333]]}},{"type":"Feature","properties":{"k":"haupt","name":"Muristrasse"},"geometry":{"type":"LineString","coordinates":[[7.467248,46.941152],[7.466588,46.941707]]}},{"type":"Feature","properties":{"k":"haupt","name":"Laubeggstrasse"},"geometry":{"type":"LineString","coordinates":[[7.466291,46.947406],[7.466189,46.947498]]}},{"type":"Feature","properties":{"k":"haupt","name":"Laubeggstrasse"},"geometry":{"type":"LineString","coordinates":[[7.464546,46.948873],[7.462874,46.950853],[7.462259,46.951347]]}},{"type":"Feature","properties":{"k":"haupt","name":"Ostring"},"geometry":{"type":"LineString","coordinates":[[7.471778,46.945242],[7.471672,46.945073],[7.471623,46.944997]]}},{"type":"Feature","properties":{"k":"neben","name":"Böcklinstrasse"},"geometry":{"type":"LineString","coordinates":[[7.46319,46.94159],[7.464351,46.942348]]}},{"type":"Feature","properties":{"k":"neben","name":"Böcklinstrasse"},"geometry":{"type":"LineString","coordinates":[[7.464351,46.942348],[7.464416,46.942391],[7.464838,46.94266],[7.464907,46.942703]]}},{"type":"Feature","properties":{"k":"neben","name":"Steinerstrasse"},"geometry":{"type":"LineString","coordinates":[[7.464035,46.942646],[7.463545,46.942971]]}},{"type":"Feature","properties":{"k":"neben","name":"Buchserstrasse"},"geometry":{"type":"LineString","coordinates":[[7.46996,46.943566],[7.469974,46.943555],[7.469991,46.943542],[7.470031,46.943514]]}},{"type":"Feature","properties":{"k":"neben","name":"Steinerstrasse"},"geometry":{"type":"LineString","coordinates":[[7.46373,46.943503],[7.463594,46.94336],[7.463513,46.942755]]}},{"type":"Feature","properties":{"k":"neben","name":"Ensingerstrasse"},"geometry":{"type":"LineString","coordinates":[[7.461889,46.942772],[7.461827,46.942739],[7.460943,46.94227],[7.460892,46.942243]]}},{"type":"Feature","properties":{"k":"neben","name":"Muristrasse"},"geometry":{"type":"LineString","coordinates":[[7.45887,46.943824],[7.458545,46.944055],[7.458957,46.944306],[7.459022,46.944656]]}},{"type":"Feature","properties":{"k":"neben","name":"Grüneckweg"},"geometry":{"type":"LineString","coordinates":[[7.458641,46.944684],[7.458596,46.944431],[7.457968,46.944108]]}},{"type":"Feature","properties":{"k":"neben","name":"Grüneckweg"},"geometry":{"type":"LineString","coordinates":[[7.457585,46.944508],[7.457619,46.944473],[7.457968,46.944108]]}},{"type":"Feature","properties":{"k":"neben","name":"Muristrasse"},"geometry":{"type":"LineString","coordinates":[[7.458753,46.943862],[7.457907,46.943438]]}},{"type":"Feature","properties":{"k":"neben","name":"Seminarstrasse"},"geometry":{"type":"LineString","coordinates":[[7.46084,46.943687],[7.459694,46.943092]]}},{"type":"Feature","properties":{"k":"neben","name":"Kramburgstrasse"},"geometry":{"type":"LineString","coordinates":[[7.46129,46.943336],[7.459568,46.942463],[7.459356,46.942459]]}},{"type":"Feature","properties":{"k":"neben","name":"Gryphenhübeliweg"},"geometry":{"type":"LineString","coordinates":[[7.457803,46.942243],[7.45773,46.942326]]}},{"type":"Feature","properties":{"k":"neben","name":"Gryphenhübeliweg"},"geometry":{"type":"LineString","coordinates":[[7.456428,46.942475],[7.456269,46.94236]]}},{"type":"Feature","properties":{"k":"haupt","name":"Weissensteinstrasse"},"geometry":{"type":"LineString","coordinates":[[7.406889,46.941795],[7.406338,46.941845]]}},{"type":"Feature","properties":{"k":"haupt","name":"Weissensteinstrasse"},"geometry":{"type":"LineString","coordinates":[[7.406325,46.941782],[7.406875,46.941732]]}},{"type":"Feature","properties":{"k":"haupt","name":"Weissensteinstrasse"},"geometry":{"type":"LineString","coordinates":[[7.406338,46.941845],[7.404779,46.941986],[7.403895,46.941969]]}},{"type":"Feature","properties":{"k":"haupt","name":"Muristrasse"},"geometry":{"type":"LineString","coordinates":[[7.458299,46.944828],[7.458641,46.944684],[7.460492,46.944555]]}},{"type":"Feature","properties":{"k":"neben","name":"Kalcheggweg"},"geometry":{"type":"LineString","coordinates":[[7.466074,46.94126],[7.466007,46.940824]]}},{"type":"Feature","properties":{"k":"neben","name":"Elfenstrasse"},"geometry":{"type":"LineString","coordinates":[[7.459801,46.94061],[7.462294,46.939002]]}},{"type":"Feature","properties":{"k":"neben","name":"Uferweg"},"geometry":{"type":"LineString","coordinates":[[7.444542,46.952287],[7.443082,46.953338]]}},{"type":"Feature","properties":{"k":"neben","name":"Kalcheggweg"},"geometry":{"type":"LineString","coordinates":[[7.466007,46.940824],[7.465798,46.940154],[7.46556,46.939777],[7.463857,46.938752]]}},{"type":"Feature","properties":{"k":"neben","name":"Wernerstrasse"},"geometry":{"type":"LineString","coordinates":[[7.464477,46.939966],[7.464157,46.940208],[7.464066,46.940651]]}},{"type":"Feature","properties":{"k":"neben","name":"Kalcheggweg"},"geometry":{"type":"LineString","coordinates":[[7.463857,46.938752],[7.462873,46.938179]]}},{"type":"Feature","properties":{"k":"neben","name":"Beatusstrasse"},"geometry":{"type":"LineString","coordinates":[[7.462091,46.940157],[7.461808,46.940939]]}},{"type":"Feature","properties":{"k":"haupt","name":"Thunstrasse"},"geometry":{"type":"LineString","coordinates":[[7.466136,46.941803],[7.465862,46.941637],[7.463093,46.941145]]}},{"type":"Feature","properties":{"k":"neben","name":"Schwellenmattstrasse"},"geometry":{"type":"LineString","coordinates":[[7.45047,46.943886],[7.450455,46.944165],[7.450282,46.944372],[7.448976,46.94453]]}},{"type":"Feature","properties":{"k":"neben","name":"Dalmazibrücke"},"geometry":{"type":"LineString","coordinates":[[7.44542,46.944606],[7.446163,46.944357]]}},{"type":"Feature","properties":{"k":"neben","name":"Dalmazibrücke"},"geometry":{"type":"LineString","coordinates":[[7.446163,46.944357],[7.446211,46.944341]]}},{"type":"Feature","properties":{"k":"neben","name":"Dufourstrasse"},"geometry":{"type":"LineString","coordinates":[[7.454304,46.942951],[7.453918,46.942137]]}},{"type":"Feature","properties":{"k":"neben","name":"Weststrasse"},"geometry":{"type":"LineString","coordinates":[[7.445944,46.941868],[7.445856,46.941873],[7.445727,46.941882]]}},{"type":"Feature","properties":{"k":"neben","name":"Dalmazirain"},"geometry":{"type":"LineString","coordinates":[[7.446156,46.940367],[7.446225,46.940625],[7.446551,46.941],[7.445944,46.941868]]}},{"type":"Feature","properties":{"k":"neben","name":"Luisenstrasse"},"geometry":{"type":"LineString","coordinates":[[7.453296,46.940263],[7.45327,46.940374],[7.453037,46.941358],[7.453029,46.941394]]}},{"type":"Feature","properties":{"k":"neben","name":"Schillingstrasse"},"geometry":{"type":"LineString","coordinates":[[7.448577,46.937177],[7.44825,46.937432],[7.448315,46.938999]]}},{"type":"Feature","properties":{"k":"neben","name":"Aegertenstrasse"},"geometry":{"type":"LineString","coordinates":[[7.448275,46.938033],[7.448226,46.938033],[7.447494,46.938044],[7.447419,46.938045]]}},{"type":"Feature","properties":{"k":"neben","name":"Wildstrasse"},"geometry":{"type":"LineString","coordinates":[[7.446962,46.937043],[7.447003,46.936233]]}},{"type":"Feature","properties":{"k":"neben","name":"Bernastrasse"},"geometry":{"type":"LineString","coordinates":[[7.44901,46.9403],[7.448598,46.942016],[7.448354,46.942236]]}},{"type":"Feature","properties":{"k":"neben","name":"Dalmaziquai"},"geometry":{"type":"LineString","coordinates":[[7.445145,46.937177],[7.445225,46.937169]]}},{"type":"Feature","properties":{"k":"neben","name":"Tillierstrasse"},"geometry":{"type":"LineString","coordinates":[[7.446198,46.93768],[7.446191,46.937494],[7.446174,46.937056],[7.446149,46.936266]]}},{"type":"Feature","properties":{"k":"neben","name":"Jubiläumsplatz"},"geometry":{"type":"LineString","coordinates":[[7.453461,46.939583],[7.453696,46.939769],[7.453627,46.940275]]}},{"type":"Feature","properties":{"k":"neben","name":"Jubiläumsstrasse"},"geometry":{"type":"LineString","coordinates":[[7.446464,46.935066],[7.447251,46.935542]]}},{"type":"Feature","properties":{"k":"neben","name":"Tierparkweg"},"geometry":{"type":"LineString","coordinates":[[7.44847,46.933653],[7.44829,46.933636],[7.447347,46.933957],[7.446314,46.934582]]}},{"type":"Feature","properties":{"k":"neben","name":"Museumstrasse"},"geometry":{"type":"LineString","coordinates":[[7.450468,46.942328],[7.450557,46.94234],[7.451609,46.942469],[7.451669,46.942477]]}},{"type":"Feature","properties":{"k":"neben","name":"Segantinistrasse"},"geometry":{"type":"LineString","coordinates":[[7.466704,46.942543],[7.467007,46.942276],[7.466994,46.942149]]}},{"type":"Feature","properties":{"k":"neben","name":"Bürglenstrasse"},"geometry":{"type":"LineString","coordinates":[[7.469345,46.945658],[7.468444,46.94486]]}},{"type":"Feature","properties":{"k":"neben","name":"Gantrischstrasse"},"geometry":{"type":"LineString","coordinates":[[7.469504,46.944318],[7.469825,46.944549],[7.469994,46.944677],[7.470396,46.94501]]}},{"type":"Feature","properties":{"k":"neben","name":"Gantrischstrasse"},"geometry":{"type":"LineString","coordinates":[[7.470938,46.945439],[7.471273,46.945751]]}},{"type":"Feature","properties":{"k":"neben","name":"Bürglenstrasse"},"geometry":{"type":"LineString","coordinates":[[7.469818,46.94608],[7.469764,46.946033],[7.469442,46.945748]]}},{"type":"Feature","properties":{"k":"neben","name":"Burgernzielweg"},"geometry":{"type":"LineString","coordinates":[[7.468977,46.942256],[7.469621,46.942439],[7.470567,46.942556]]}},{"type":"Feature","properties":{"k":"neben","name":"Burgernzielweg"},"geometry":{"type":"LineString","coordinates":[[7.466978,46.941574],[7.468977,46.942256]]}},{"type":"Feature","properties":{"k":"neben","name":"Wittigkofenweg"},"geometry":{"type":"LineString","coordinates":[[7.472917,46.939619],[7.472109,46.939349],[7.47191,46.939174]]}},{"type":"Feature","properties":{"k":"neben","name":"Wittigkofenweg"},"geometry":{"type":"LineString","coordinates":[[7.474069,46.939965],[7.472917,46.939619]]}},{"type":"Feature","properties":{"k":"neben","name":"Ginsterweg"},"geometry":{"type":"LineString","coordinates":[[7.474444,46.940693],[7.474697,46.940131]]}},{"type":"Feature","properties":{"k":"neben","name":"Ginsterweg"},"geometry":{"type":"LineString","coordinates":[[7.474186,46.941147],[7.47422,46.941115],[7.474431,46.940717],[7.474444,46.940693]]}},{"type":"Feature","properties":{"k":"neben","name":"Kalcheggweg"},"geometry":{"type":"LineString","coordinates":[[7.461987,46.937422],[7.462191,46.937593]]}},{"type":"Feature","properties":{"k":"neben","name":"Kalcheggweg"},"geometry":{"type":"LineString","coordinates":[[7.462191,46.937593],[7.462873,46.938179]]}},{"type":"Feature","properties":{"k":"neben","name":"Forrerstrasse"},"geometry":{"type":"LineString","coordinates":[[7.465272,46.934554],[7.466379,46.933714]]}},{"type":"Feature","properties":{"k":"neben","name":"Müslinweg"},"geometry":{"type":"LineString","coordinates":[[7.464667,46.935859],[7.466996,46.934094]]}},{"type":"Feature","properties":{"k":"neben","name":"Egghölzlistrasse"},"geometry":{"type":"LineString","coordinates":[[7.475798,46.936865],[7.476131,46.936977]]}},{"type":"Feature","properties":{"k":"neben","name":"Brunnadernrain"},"geometry":{"type":"LineString","coordinates":[[7.460352,46.93593],[7.459869,46.935564],[7.459888,46.935359],[7.459703,46.935329],[7.45966,46.935395],[7.459869,46.935564]]}},{"type":"Feature","properties":{"k":"neben","name":"Forrerstrasse"},"geometry":{"type":"LineString","coordinates":[[7.464048,46.935251],[7.464655,46.934985],[7.465252,46.934541]]}},{"type":"Feature","properties":{"k":"neben","name":"Hiltystrasse"},"geometry":{"type":"LineString","coordinates":[[7.474337,46.935222],[7.474423,46.935132],[7.475037,46.934538]]}},{"type":"Feature","properties":{"k":"neben","name":"Egghölzlistrasse"},"geometry":{"type":"LineString","coordinates":[[7.475859,46.937064],[7.475798,46.936865]]}},{"type":"Feature","properties":{"k":"haupt","name":"Worbstrasse"},"geometry":{"type":"LineString","coordinates":[[7.47849,46.937492],[7.478641,46.937507],[7.478821,46.93752]]}},{"type":"Feature","properties":{"k":"haupt","name":"Weltpoststrasse"},"geometry":{"type":"LineString","coordinates":[[7.473011,46.939396],[7.472668,46.939412],[7.47191,46.939174]]}},{"type":"Feature","properties":{"k":"haupt","name":"Weltpoststrasse"},"geometry":{"type":"LineString","coordinates":[[7.476691,46.93781],[7.473011,46.939396]]}},{"type":"Feature","properties":{"k":"neben","name":"Buchserstrasse"},"geometry":{"type":"LineString","coordinates":[[7.479488,46.943544],[7.48019,46.943973]]}},{"type":"Feature","properties":{"k":"neben","name":"Melchenbühlweg"},"geometry":{"type":"LineString","coordinates":[[7.481911,46.943265],[7.482617,46.942823],[7.48289,46.942219],[7.483141,46.941946]]}},{"type":"Feature","properties":{"k":"neben","name":"Melchenbühlweg"},"geometry":{"type":"LineString","coordinates":[[7.483141,46.941946],[7.485165,46.940796],[7.487972,46.939594],[7.488716,46.93913],[7.489317,46.938608],[7.49028,46.938029]]}},{"type":"Feature","properties":{"k":"neben","name":"Jupiterstrasse"},"geometry":{"type":"LineString","coordinates":[[7.484971,46.940252],[7.484975,46.940234],[7.485359,46.940002]]}},{"type":"Feature","properties":{"k":"neben","name":"Traffeletweg"},"geometry":{"type":"LineString","coordinates":[[7.475066,46.946707],[7.475096,46.946932],[7.475139,46.947283],[7.475147,46.947336]]}},{"type":"Feature","properties":{"k":"neben","name":"Carl-Lutz-Weg"},"geometry":{"type":"LineString","coordinates":[[7.477067,46.946703],[7.476948,46.947355]]}},{"type":"Feature","properties":{"k":"neben","name":"Königweg"},"geometry":{"type":"LineString","coordinates":[[7.474443,46.946989],[7.473485,46.94648],[7.473279,46.946506]]}},{"type":"Feature","properties":{"k":"neben","name":"Gertrud-Kurz-Weg"},"geometry":{"type":"LineString","coordinates":[[7.476079,46.946664],[7.476078,46.946575],[7.476073,46.946149],[7.476072,46.946081]]}},{"type":"Feature","properties":{"k":"neben","name":"Melchenbühlweg"},"geometry":{"type":"LineString","coordinates":[[7.478349,46.947535],[7.477161,46.948817],[7.476324,46.950259],[7.475882,46.950597],[7.475158,46.950906]]}},{"type":"Feature","properties":{"k":"neben","name":"Schosshaldenstrasse"},"geometry":{"type":"LineString","coordinates":[[7.475158,46.950906],[7.473622,46.95073],[7.473139,46.950785]]}},{"type":"Feature","properties":{"k":"neben","name":"Jupiterstrasse"},"geometry":{"type":"LineString","coordinates":[[7.478098,46.937472],[7.478299,46.937655]]}},{"type":"Feature","properties":{"k":"neben","name":"Alexandraweg"},"geometry":{"type":"LineString","coordinates":[[7.473703,46.933757],[7.474599,46.934166]]}},{"type":"Feature","properties":{"k":"neben","name":"Alexandraweg"},"geometry":{"type":"LineString","coordinates":[[7.474599,46.934166],[7.475098,46.934409],[7.475148,46.934434]]}},{"type":"Feature","properties":{"k":"haupt","name":"Murtenstrasse"},"geometry":{"type":"LineString","coordinates":[[7.420549,46.952187],[7.420409,46.952289]]}},{"type":"Feature","properties":{"k":"haupt","name":"Belpstrasse"},"geometry":{"type":"LineString","coordinates":[[7.432547,46.944304],[7.43263,46.94443],[7.432678,46.944503]]}},{"type":"Feature","properties":{"k":"neben","name":"Schwarztorstrasse"},"geometry":{"type":"LineString","coordinates":[[7.43418,46.94371],[7.434282,46.943673],[7.434387,46.943635],[7.434455,46.94361]]}},{"type":"Feature","properties":{"k":"haupt","name":"Bollwerk"},"geometry":{"type":"LineString","coordinates":[[7.440873,46.951407],[7.440893,46.95142],[7.440919,46.951437],[7.441115,46.951553]]}},{"type":"Feature","properties":{"k":"haupt","name":"Muristrasse"},"geometry":{"type":"LineString","coordinates":[[7.467341,46.941075],[7.468509,46.940355],[7.469195,46.940028]]}},{"type":"Feature","properties":{"k":"neben","name":"Haspelweg"},"geometry":{"type":"LineString","coordinates":[[7.46408,46.949353],[7.467645,46.950582]]}},{"type":"Feature","properties":{"k":"haupt","name":"Ostermundigenstrasse"},"geometry":{"type":"LineString","coordinates":[[7.461702,46.951771],[7.462428,46.952067]]}},{"type":"Feature","properties":{"k":"neben","name":"Nussbaumstrasse"},"geometry":{"type":"LineString","coordinates":[[7.469214,46.95342],[7.468649,46.954006]]}},{"type":"Feature","properties":{"k":"neben","name":"Nussbaumstrasse"},"geometry":{"type":"LineString","coordinates":[[7.468337,46.954378],[7.467935,46.954951],[7.467799,46.95502]]}},{"type":"Feature","properties":{"k":"neben","name":"Nussbaumstrasse"},"geometry":{"type":"LineString","coordinates":[[7.468337,46.954378],[7.468353,46.954359],[7.468649,46.954006]]}},{"type":"Feature","properties":{"k":"neben","name":"Nussbaumstrasse"},"geometry":{"type":"LineString","coordinates":[[7.468649,46.954006],[7.469103,46.953372]]}},{"type":"Feature","properties":{"k":"neben","name":"Nussbaumstrasse"},"geometry":{"type":"LineString","coordinates":[[7.469376,46.953226],[7.469214,46.95342],[7.46885,46.953268]]}},{"type":"Feature","properties":{"k":"neben","name":"Alter Aargauerstalden"},"geometry":{"type":"LineString","coordinates":[[7.461702,46.951771],[7.461519,46.951687],[7.460941,46.951091]]}},{"type":"Feature","properties":{"k":"haupt","name":"Aargauerstalden"},"geometry":{"type":"LineString","coordinates":[[7.459987,46.948378],[7.460037,46.94841],[7.460093,46.948447],[7.460215,46.948526]]}},{"type":"Feature","properties":{"k":"haupt","name":"Grosser Muristalden"},"geometry":{"type":"LineString","coordinates":[[7.460027,46.948277],[7.460113,46.948003],[7.459678,46.946362],[7.459288,46.945959],[7.458182,46.945333],[7.458124,46.945078],[7.458299,46.944828]]}},{"type":"Feature","properties":{"k":"haupt"},"geometry":{"type":"LineString","coordinates":[[7.459881,46.948338],[7.459919,46.948269],[7.460027,46.948277]]}},{"type":"Feature","properties":{"k":"haupt"},"geometry":{"type":"LineString","coordinates":[[7.406641,46.94498],[7.40666,46.942447],[7.406438,46.941398]]}},{"type":"Feature","properties":{"k":"haupt","name":"Freiburgstrasse"},"geometry":{"type":"LineString","coordinates":[[7.404392,46.94246],[7.405601,46.942935]]}},{"type":"Feature","properties":{"k":"haupt","name":"Monbijoustrasse"},"geometry":{"type":"LineString","coordinates":[[7.436564,46.936555],[7.436559,46.936577],[7.436465,46.936918],[7.436448,46.936984]]}},{"type":"Feature","properties":{"k":"neben","name":"Egghölzlistrasse"},"geometry":{"type":"LineString","coordinates":[[7.470502,46.934344],[7.469372,46.933809]]}},{"type":"Feature","properties":{"k":"neben","name":"Manuelstrasse"},"geometry":{"type":"LineString","coordinates":[[7.468686,46.935856],[7.466809,46.937408]]}},{"type":"Feature","properties":{"k":"neben","name":"Thormannstrasse"},"geometry":{"type":"LineString","coordinates":[[7.450519,46.93834],[7.450074,46.939994]]}},{"type":"Feature","properties":{"k":"haupt","name":"Kirchenfeldstrasse"},"geometry":{"type":"LineString","coordinates":[[7.450227,46.940153],[7.45073,46.94017],[7.450828,46.940173]]}},{"type":"Feature","properties":{"k":"neben","name":"Aarstrasse"},"geometry":{"type":"LineString","coordinates":[[7.444664,46.94443],[7.444303,46.943917],[7.444266,46.943863],[7.443806,46.943207]]}},{"type":"Feature","properties":{"k":"neben","name":"Ochsenbeinstrasse"},"geometry":{"type":"LineString","coordinates":[[7.412865,46.9435],[7.412969,46.943027],[7.413301,46.942308]]}},{"type":"Feature","properties":{"k":"neben","name":"Bridelstrasse"},"geometry":{"type":"LineString","coordinates":[[7.41839,46.940461],[7.418441,46.940447],[7.419052,46.940264]]}},{"type":"Feature","properties":{"k":"neben","name":"Lenzweg"},"geometry":{"type":"LineString","coordinates":[[7.422761,46.940666],[7.423549,46.940155]]}},{"type":"Feature","properties":{"k":"neben","name":"Brunnmattstrasse"},"geometry":{"type":"LineString","coordinates":[[7.421649,46.939819],[7.421716,46.939901]]}},{"type":"Feature","properties":{"k":"neben","name":"Mühlemattstrasse"},"geometry":{"type":"LineString","coordinates":[[7.43217,46.940942],[7.432087,46.941051],[7.431565,46.941277]]}},{"type":"Feature","properties":{"k":"haupt","name":"Ostring"},"geometry":{"type":"LineString","coordinates":[[7.470031,46.943514],[7.470974,46.944113],[7.471607,46.944691],[7.471789,46.944749]]}},{"type":"Feature","properties":{"k":"neben","name":"Giacomettistrasse"},"geometry":{"type":"LineString","coordinates":[[7.473224,46.946376],[7.473012,46.945875],[7.473006,46.945618],[7.473773,46.944511],[7.474103,46.943308]]}},{"type":"Feature","properties":{"k":"neben","name":"Thunstrasse"},"geometry":{"type":"LineString","coordinates":[[7.452753,46.942568],[7.456189,46.941296]]}},{"type":"Feature","properties":{"k":"haupt","name":"Kleine Westtangente"},"geometry":{"type":"LineString","coordinates":[[7.437382,46.949356],[7.436098,46.949098]]}},{"type":"Feature","properties":{"k":"neben","name":"Altenbergstrasse"},"geometry":{"type":"LineString","coordinates":[[7.45487,46.950534],[7.45594,46.950499],[7.457067,46.950599]]}},{"type":"Feature","properties":{"k":"neben","name":"Aargauerstalden"},"geometry":{"type":"LineString","coordinates":[[7.460191,46.948667],[7.460276,46.949058],[7.459848,46.950349],[7.458542,46.952127],[7.458613,46.952598],[7.459039,46.953269]]}},{"type":"Feature","properties":{"k":"neben","name":"Lerberstrasse"},"geometry":{"type":"LineString","coordinates":[[7.458831,46.951081],[7.458275,46.951475],[7.457666,46.951604],[7.457168,46.951526],[7.456452,46.951146],[7.455403,46.951116]]}},{"type":"Feature","properties":{"k":"neben","name":"Wyttenbachstrasse"},"geometry":{"type":"LineString","coordinates":[[7.446823,46.953641],[7.447708,46.955214]]}},{"type":"Feature","properties":{"k":"neben","name":"Uferweg"},"geometry":{"type":"LineString","coordinates":[[7.447609,46.950967],[7.447438,46.950954],[7.445914,46.951532],[7.444579,46.952267]]}},{"type":"Feature","properties":{"k":"neben","name":"Kornhausbrücke"},"geometry":{"type":"LineString","coordinates":[[7.449384,46.952461],[7.447911,46.94943]]}},{"type":"Feature","properties":{"k":"neben","name":"Kornhausstrasse"},"geometry":{"type":"LineString","coordinates":[[7.449878,46.953462],[7.450442,46.954628]]}},{"type":"Feature","properties":{"k":"neben","name":"Schänzlistrasse"},"geometry":{"type":"LineString","coordinates":[[7.449997,46.953439],[7.449748,46.953495]]}},{"type":"Feature","properties":{"k":"neben","name":"Schänzlistrasse"},"geometry":{"type":"LineString","coordinates":[[7.448518,46.953816],[7.449561,46.953538]]}},{"type":"Feature","properties":{"k":"neben","name":"Schänzlihalde"},"geometry":{"type":"LineString","coordinates":[[7.447443,46.952814],[7.446903,46.952887],[7.446646,46.953175]]}},{"type":"Feature","properties":{"k":"neben","name":"Schänzlihalde"},"geometry":{"type":"LineString","coordinates":[[7.446173,46.954189],[7.446625,46.953708],[7.446823,46.953641]]}},{"type":"Feature","properties":{"k":"haupt","name":"Greyerzstrasse"},"geometry":{"type":"LineString","coordinates":[[7.448765,46.955106],[7.448338,46.954614]]}},{"type":"Feature","properties":{"k":"haupt","name":"Viktoriarain"},"geometry":{"type":"LineString","coordinates":[[7.448338,46.954614],[7.447653,46.954536]]}},{"type":"Feature","properties":{"k":"neben","name":"Funkerstrasse"},"geometry":{"type":"LineString","coordinates":[[7.459774,46.955047],[7.459103,46.954182]]}},{"type":"Feature","properties":{"k":"neben","name":"Funkerstrasse"},"geometry":{"type":"LineString","coordinates":[[7.459103,46.954182],[7.458841,46.953852],[7.458692,46.953665],[7.458619,46.953576]]}},{"type":"Feature","properties":{"k":"neben","name":"Spitalackerstrasse"},"geometry":{"type":"LineString","coordinates":[[7.4555,46.954895],[7.457045,46.954244]]}},{"type":"Feature","properties":{"k":"haupt","name":"Viktoriastrasse"},"geometry":{"type":"LineString","coordinates":[[7.449822,46.954928],[7.449003,46.955117],[7.448765,46.955106]]}},{"type":"Feature","properties":{"k":"neben","name":"Kornhausstrasse"},"geometry":{"type":"LineString","coordinates":[[7.450677,46.954671],[7.450673,46.95444],[7.450185,46.953399]]}},{"type":"Feature","properties":{"k":"haupt","name":"Viktoriaplatz"},"geometry":{"type":"LineString","coordinates":[[7.449822,46.954928],[7.450174,46.954841]]}},{"type":"Feature","properties":{"k":"haupt","name":"Viktoriastrasse"},"geometry":{"type":"LineString","coordinates":[[7.450705,46.954722],[7.451245,46.954598]]}},{"type":"Feature","properties":{"k":"haupt","name":"Nordring"},"geometry":{"type":"LineString","coordinates":[[7.445505,46.954286],[7.445335,46.954185],[7.445284,46.954155]]}},{"type":"Feature","properties":{"k":"neben","name":"Lorrainestrasse"},"geometry":{"type":"LineString","coordinates":[[7.445405,46.954731],[7.445456,46.954454]]}},{"type":"Feature","properties":{"k":"haupt","name":"Effingerstrasse"},"geometry":{"type":"LineString","coordinates":[[7.422464,46.944928],[7.421814,46.944628]]}},{"type":"Feature","properties":{"k":"neben","name":"Uferweg"},"geometry":{"type":"LineString","coordinates":[[7.443082,46.953338],[7.442485,46.953834],[7.442043,46.954357],[7.44151,46.955404],[7.441437,46.956346],[7.441853,46.957656]]}},{"type":"Feature","properties":{"k":"haupt","name":"Lorrainebrücke"},"geometry":{"type":"LineString","coordinates":[[7.444042,46.953347],[7.442391,46.95232]]}},{"type":"Feature","properties":{"k":"neben","name":"Lorrainestrasse"},"geometry":{"type":"LineString","coordinates":[[7.445456,46.954454],[7.445468,46.954412],[7.445477,46.954381],[7.445505,46.954286]]}},{"type":"Feature","properties":{"k":"neben","name":"Sandrainstrasse"},"geometry":{"type":"LineString","coordinates":[[7.445862,46.931728],[7.445695,46.931566]]}},{"type":"Feature","properties":{"k":"neben","name":"Landoltstrasse"},"geometry":{"type":"LineString","coordinates":[[7.445862,46.931728],[7.445542,46.931881]]}},{"type":"Feature","properties":{"k":"neben","name":"Zinggstrasse"},"geometry":{"type":"LineString","coordinates":[[7.44211,46.934588],[7.442088,46.934612],[7.442031,46.934676]]}},{"type":"Feature","properties":{"k":"neben","name":"Dorngasse"},"geometry":{"type":"LineString","coordinates":[[7.440311,46.935742],[7.441379,46.936214]]}},{"type":"Feature","properties":{"k":"haupt","name":"Seftigenstrasse"},"geometry":{"type":"LineString","coordinates":[[7.445881,46.931484],[7.445894,46.931479],[7.446089,46.931405],[7.446361,46.931305]]}},{"type":"Feature","properties":{"k":"neben","name":"Sandrainstrasse"},"geometry":{"type":"LineString","coordinates":[[7.445866,46.932313],[7.445915,46.932059]]}},{"type":"Feature","properties":{"k":"neben","name":"Sandrainstrasse"},"geometry":{"type":"LineString","coordinates":[[7.445796,46.931521],[7.445862,46.931728]]}},{"type":"Feature","properties":{"k":"neben","name":"Landoltstrasse"},"geometry":{"type":"LineString","coordinates":[[7.445542,46.931881],[7.445313,46.931734]]}},{"type":"Feature","properties":{"k":"neben","name":"Morillonstrasse"},"geometry":{"type":"LineString","coordinates":[[7.435674,46.93564],[7.435398,46.935043]]}},{"type":"Feature","properties":{"k":"neben","name":"Sandrainstrasse"},"geometry":{"type":"LineString","coordinates":[[7.442001,46.936308],[7.442483,46.93584]]}},{"type":"Feature","properties":{"k":"haupt"},"geometry":{"type":"LineString","coordinates":[[7.437762,46.93967],[7.437194,46.939677]]}},{"type":"Feature","properties":{"k":"haupt","name":"Eigerstrasse"},"geometry":{"type":"LineString","coordinates":[[7.440299,46.939759],[7.439746,46.939814],[7.437202,46.939677]]}},{"type":"Feature","properties":{"k":"neben","name":"Zinggstrasse"},"geometry":{"type":"LineString","coordinates":[[7.442031,46.934676],[7.441837,46.934897],[7.441689,46.935074],[7.441521,46.935271]]}},{"type":"Feature","properties":{"k":"haupt","name":"Monbijoubrücke"},"geometry":{"type":"LineString","coordinates":[[7.445439,46.939944],[7.442064,46.939823]]}},{"type":"Feature","properties":{"k":"haupt","name":"Eigerstrasse"},"geometry":{"type":"LineString","coordinates":[[7.435537,46.939973],[7.432955,46.940855]]}},{"type":"Feature","properties":{"k":"neben","name":"Bürenstrasse"},"geometry":{"type":"LineString","coordinates":[[7.440018,46.937976],[7.439868,46.937778],[7.439148,46.93743]]}},{"type":"Feature","properties":{"k":"neben","name":"Schwarztorstrasse"},"geometry":{"type":"LineString","coordinates":[[7.432678,46.944503],[7.429708,46.944914]]}},{"type":"Feature","properties":{"k":"haupt","name":"Laubeggstrasse"},"geometry":{"type":"LineString","coordinates":[[7.471363,46.94517],[7.471505,46.945079],[7.471543,46.945054],[7.471623,46.944997]]}},{"type":"Feature","properties":{"k":"haupt","name":"Muristrasse"},"geometry":{"type":"LineString","coordinates":[[7.470051,46.939659],[7.470204,46.93959]]}},{"type":"Feature","properties":{"k":"haupt","name":"Muristrasse"},"geometry":{"type":"LineString","coordinates":[[7.471676,46.938964],[7.474478,46.937765]]}},{"type":"Feature","properties":{"k":"haupt","name":"Muristrasse"},"geometry":{"type":"LineString","coordinates":[[7.469195,46.940028],[7.469932,46.93971],[7.470051,46.939659]]}},{"type":"Feature","properties":{"k":"haupt","name":"Weissensteinstrasse"},"geometry":{"type":"LineString","coordinates":[[7.431979,46.936846],[7.428539,46.93813]]}},{"type":"Feature","properties":{"k":"neben","name":"Südbahnhofstrasse"},"geometry":{"type":"LineString","coordinates":[[7.431999,46.936796],[7.430427,46.935995]]}},{"type":"Feature","properties":{"k":"haupt","name":"Seftigenstrasse"},"geometry":{"type":"LineString","coordinates":[[7.432169,46.936764],[7.432361,46.936552]]}},{"type":"Feature","properties":{"k":"neben","name":"Holzikofenweg"},"geometry":{"type":"LineString","coordinates":[[7.436564,46.936555],[7.437342,46.936533]]}},{"type":"Feature","properties":{"k":"haupt","name":"Monbijoustrasse"},"geometry":{"type":"LineString","coordinates":[[7.436051,46.93912],[7.436336,46.937513]]}},{"type":"Feature","properties":{"k":"haupt","name":"Monbijoustrasse"},"geometry":{"type":"LineString","coordinates":[[7.436051,46.93912],[7.436004,46.939353]]}},{"type":"Feature","properties":{"k":"neben","name":"Wabernstrasse"},"geometry":{"type":"LineString","coordinates":[[7.439595,46.935471],[7.43931,46.936364]]}},{"type":"Feature","properties":{"k":"haupt","name":"Seftigenstrasse"},"geometry":{"type":"LineString","coordinates":[[7.438781,46.934367],[7.439742,46.934134]]}},{"type":"Feature","properties":{"k":"neben","name":"Holzikofenweg"},"geometry":{"type":"LineString","coordinates":[[7.437342,46.936533],[7.437845,46.936518]]}},{"type":"Feature","properties":{"k":"haupt","name":"Seftigenstrasse"},"geometry":{"type":"LineString","coordinates":[[7.437935,46.934634],[7.438288,46.934506]]}},{"type":"Feature","properties":{"k":"haupt","name":"Eigerplatz"},"geometry":{"type":"LineString","coordinates":[[7.431179,46.940659],[7.430906,46.941096],[7.43075,46.941581]]}},{"type":"Feature","properties":{"k":"neben","name":"Belpstrasse"},"geometry":{"type":"LineString","coordinates":[[7.430967,46.941714],[7.431253,46.942163]]}},{"type":"Feature","properties":{"k":"haupt","name":"Schwarzenburgstrasse"},"geometry":{"type":"LineString","coordinates":[[7.430241,46.940041],[7.429741,46.939798]]}},{"type":"Feature","properties":{"k":"haupt","name":"Eigerstrasse"},"geometry":{"type":"LineString","coordinates":[[7.431509,46.940571],[7.431833,46.940708]]}},{"type":"Feature","properties":{"k":"haupt","name":"Eigerplatz"},"geometry":{"type":"LineString","coordinates":[[7.43075,46.941581],[7.430595,46.942076]]}},{"type":"Feature","properties":{"k":"neben","name":"Tscharnerstrasse"},"geometry":{"type":"LineString","coordinates":[[7.430932,46.94104],[7.43052,46.940952]]}},{"type":"Feature","properties":{"k":"haupt","name":"Eigerstrasse"},"geometry":{"type":"LineString","coordinates":[[7.432955,46.940855],[7.432489,46.940955],[7.43217,46.940942]]}},{"type":"Feature","properties":{"k":"neben","name":"Mühlemattstrasse"},"geometry":{"type":"LineString","coordinates":[[7.433355,46.942306],[7.432581,46.942054],[7.432101,46.942073]]}},{"type":"Feature","properties":{"k":"neben","name":"Heckenweg"},"geometry":{"type":"LineString","coordinates":[[7.433133,46.93193],[7.432915,46.932018],[7.432072,46.932873],[7.431184,46.933314],[7.430547,46.933509]]}},{"type":"Feature","properties":{"k":"neben","name":"Steinhölzliweg"},"geometry":{"type":"LineString","coordinates":[[7.431109,46.931632],[7.431374,46.931964],[7.430116,46.932572],[7.429314,46.932833]]}},{"type":"Feature","properties":{"k":"neben","name":"Brunnmattstrasse"},"geometry":{"type":"LineString","coordinates":[[7.421874,46.940241],[7.423422,46.940944]]}},{"type":"Feature","properties":{"k":"neben","name":"Balmweg"},"geometry":{"type":"LineString","coordinates":[[7.430112,46.936677],[7.430948,46.937193]]}},{"type":"Feature","properties":{"k":"neben","name":"Beaumontweg"},"geometry":{"type":"LineString","coordinates":[[7.428472,46.939129],[7.428522,46.939106]]}},{"type":"Feature","properties":{"k":"neben","name":"Mattenhofstrasse"},"geometry":{"type":"LineString","coordinates":[[7.427233,46.944179],[7.429425,46.943523]]}},{"type":"Feature","properties":{"k":"neben","name":"Zwyssigstrasse"},"geometry":{"type":"LineString","coordinates":[[7.422122,46.941548],[7.422235,46.940888]]}},{"type":"Feature","properties":{"k":"neben"},"geometry":{"type":"LineString","coordinates":[[7.421525,46.941978],[7.421627,46.941944],[7.421706,46.942036],[7.421525,46.941978]]}},{"type":"Feature","properties":{"k":"neben","name":"Heckenweg"},"geometry":{"type":"LineString","coordinates":[[7.43168,46.933858],[7.433048,46.933081],[7.432935,46.932717],[7.432645,46.932321]]}},{"type":"Feature","properties":{"k":"neben","name":"Chutzenstrasse"},"geometry":{"type":"LineString","coordinates":[[7.429405,46.937294],[7.428925,46.937724],[7.428975,46.937921]]}},{"type":"Feature","properties":{"k":"neben","name":"Sulgenauweg"},"geometry":{"type":"LineString","coordinates":[[7.434565,46.939249],[7.434181,46.938672],[7.434867,46.938563],[7.435765,46.93818],[7.436234,46.93808]]}},{"type":"Feature","properties":{"k":"neben","name":"Holzikofenweg"},"geometry":{"type":"LineString","coordinates":[[7.433126,46.937182],[7.434855,46.936956],[7.436053,46.936528]]}},{"type":"Feature","properties":{"k":"neben","name":"Sulgenauweg"},"geometry":{"type":"LineString","coordinates":[[7.435104,46.940037],[7.434565,46.939249]]}},{"type":"Feature","properties":{"k":"neben","name":"Steinauweg"},"geometry":{"type":"LineString","coordinates":[[7.430548,46.938741],[7.430968,46.939277],[7.43099,46.939303]]}},{"type":"Feature","properties":{"k":"neben","name":"Steinauweg"},"geometry":{"type":"LineString","coordinates":[[7.430159,46.93824],[7.430283,46.938399]]}},{"type":"Feature","properties":{"k":"neben","name":"Monbijoustrasse"},"geometry":{"type":"LineString","coordinates":[[7.435739,46.940801],[7.435741,46.940832],[7.435747,46.94092]]}},{"type":"Feature","properties":{"k":"neben","name":"Cäcilienstrasse"},"geometry":{"type":"LineString","coordinates":[[7.426417,46.941389],[7.426885,46.941126]]}},{"type":"Feature","properties":{"k":"neben","name":"Cäcilienstrasse"},"geometry":{"type":"LineString","coordinates":[[7.427013,46.941054],[7.429409,46.939657]]}},{"type":"Feature","properties":{"k":"neben","name":"Mattenhofstrasse"},"geometry":{"type":"LineString","coordinates":[[7.429425,46.943523],[7.429848,46.943396]]}},{"type":"Feature","properties":{"k":"neben"},"geometry":{"type":"LineString","coordinates":[[7.43114,46.945535],[7.431139,46.945502],[7.431122,46.945146]]}},{"type":"Feature","properties":{"k":"haupt","name":"Belpstrasse"},"geometry":{"type":"LineString","coordinates":[[7.433216,46.945384],[7.433586,46.945911]]}},{"type":"Feature","properties":{"k":"neben","name":"Siedlungsweg"},"geometry":{"type":"LineString","coordinates":[[7.420875,46.938007],[7.420947,46.938086],[7.420995,46.938138]]}},{"type":"Feature","properties":{"k":"neben","name":"Hardeggerstrasse"},"geometry":{"type":"LineString","coordinates":[[7.419611,46.934431],[7.420387,46.935233]]}},{"type":"Feature","properties":{"k":"neben","name":"Dübystrasse"},"geometry":{"type":"LineString","coordinates":[[7.421731,46.937741],[7.422166,46.937553],[7.422261,46.93751]]}},{"type":"Feature","properties":{"k":"neben","name":"Hauensteinweg"},"geometry":{"type":"LineString","coordinates":[[7.420574,46.93825],[7.420501,46.938169],[7.420236,46.937872],[7.420096,46.937716]]}},{"type":"Feature","properties":{"k":"neben","name":"Kirchbühlweg"},"geometry":{"type":"LineString","coordinates":[[7.421262,46.942887],[7.422266,46.943366],[7.422863,46.942675]]}},{"type":"Feature","properties":{"k":"haupt","name":"Schwarztorstrasse"},"geometry":{"type":"LineString","coordinates":[[7.429018,46.944656],[7.429186,46.944658]]}},{"type":"Feature","properties":{"k":"haupt","name":"Schwarztorstrasse"},"geometry":{"type":"LineString","coordinates":[[7.421794,46.944515],[7.421855,46.944522],[7.422076,46.94456],[7.422153,46.944571]]}},{"type":"Feature","properties":{"k":"haupt","name":"Schlossstrasse"},"geometry":{"type":"LineString","coordinates":[[7.421651,46.944671],[7.42066,46.944649],[7.420391,46.944561]]}},{"type":"Feature","properties":{"k":"haupt","name":"Könizstrasse"},"geometry":{"type":"LineString","coordinates":[[7.421633,46.944495],[7.421323,46.944254]]}},{"type":"Feature","properties":{"k":"neben","name":"Zwyssigstrasse"},"geometry":{"type":"LineString","coordinates":[[7.422153,46.944571],[7.422104,46.944242],[7.421302,46.943478],[7.421194,46.94318]]}},{"type":"Feature","properties":{"k":"neben","name":"Hubelmattstrasse"},"geometry":{"type":"LineString","coordinates":[[7.421271,46.940839],[7.421223,46.941436],[7.421432,46.941818]]}},{"type":"Feature","properties":{"k":"neben","name":"Brunnmattstrasse"},"geometry":{"type":"LineString","coordinates":[[7.425558,46.941857],[7.425096,46.941777]]}},{"type":"Feature","properties":{"k":"neben","name":"Hubelmattstrasse"},"geometry":{"type":"LineString","coordinates":[[7.421292,46.940591],[7.421271,46.940839]]}},{"type":"Feature","properties":{"k":"neben","name":"Brunnmattstrasse"},"geometry":{"type":"LineString","coordinates":[[7.425096,46.941777],[7.424582,46.941659],[7.423914,46.941179],[7.423422,46.940944]]}},{"type":"Feature","properties":{"k":"neben","name":"Munzingerstrasse"},"geometry":{"type":"LineString","coordinates":[[7.422235,46.940888],[7.421389,46.940801]]}},{"type":"Feature","properties":{"k":"neben","name":"Kirchbühlweg"},"geometry":{"type":"LineString","coordinates":[[7.424873,46.941813],[7.425467,46.941952]]}},{"type":"Feature","properties":{"k":"neben","name":"Belpstrasse"},"geometry":{"type":"LineString","coordinates":[[7.431352,46.942333],[7.431504,46.942574],[7.431628,46.942779],[7.431675,46.942856]]}},{"type":"Feature","properties":{"k":"neben","name":"Hardeggerstrasse"},"geometry":{"type":"LineString","coordinates":[[7.417547,46.937187],[7.417318,46.937288]]}},{"type":"Feature","properties":{"k":"neben","name":"Hardeggerstrasse"},"geometry":{"type":"LineString","coordinates":[[7.420387,46.935233],[7.420793,46.935675],[7.420633,46.935784]]}},{"type":"Feature","properties":{"k":"neben","name":"Huberstrasse"},"geometry":{"type":"LineString","coordinates":[[7.416167,46.944257],[7.416082,46.944745]]}},{"type":"Feature","properties":{"k":"haupt","name":"Weissensteinstrasse"},"geometry":{"type":"LineString","coordinates":[[7.411293,46.942294],[7.411139,46.942231],[7.410506,46.941957]]}},{"type":"Feature","properties":{"k":"neben","name":"Fischermättelistrasse"},"geometry":{"type":"LineString","coordinates":[[7.410128,46.941711],[7.410434,46.941639]]}},{"type":"Feature","properties":{"k":"neben","name":"Fischermättelistrasse"},"geometry":{"type":"LineString","coordinates":[[7.410434,46.941639],[7.410365,46.941713],[7.410322,46.941769],[7.410288,46.941812]]}},{"type":"Feature","properties":{"k":"haupt","name":"Turnierstrasse"},"geometry":{"type":"LineString","coordinates":[[7.409799,46.941521],[7.409784,46.941556],[7.409752,46.941617]]}},{"type":"Feature","properties":{"k":"haupt","name":"Turnierstrasse"},"geometry":{"type":"LineString","coordinates":[[7.408964,46.942175],[7.409029,46.94184],[7.408898,46.941692]]}},{"type":"Feature","properties":{"k":"haupt","name":"Turnierstrasse"},"geometry":{"type":"LineString","coordinates":[[7.407902,46.943508],[7.407959,46.943371]]}},{"type":"Feature","properties":{"k":"neben","name":"Freiburgstrasse"},"geometry":{"type":"LineString","coordinates":[[7.409337,46.943295],[7.410558,46.943407]]}},{"type":"Feature","properties":{"k":"haupt","name":"Turnierstrasse"},"geometry":{"type":"LineString","coordinates":[[7.408848,46.940781],[7.409118,46.940632]]}},{"type":"Feature","properties":{"k":"haupt","name":"Turnierstrasse"},"geometry":{"type":"LineString","coordinates":[[7.409233,46.940805],[7.409188,46.940743],[7.409157,46.940703]]}},{"type":"Feature","properties":{"k":"haupt","name":"Turnierstrasse"},"geometry":{"type":"LineString","coordinates":[[7.409051,46.942346],[7.409139,46.941999]]}},{"type":"Feature","properties":{"k":"haupt","name":"Turnierstrasse"},"geometry":{"type":"LineString","coordinates":[[7.408936,46.941177],[7.408803,46.940959],[7.408848,46.940781]]}},{"type":"Feature","properties":{"k":"neben","name":"Fischermättelistrasse"},"geometry":{"type":"LineString","coordinates":[[7.410434,46.941639],[7.410519,46.941626],[7.412233,46.941546],[7.412532,46.941523]]}},{"type":"Feature","properties":{"k":"haupt","name":"Turnierstrasse"},"geometry":{"type":"LineString","coordinates":[[7.409233,46.940805],[7.409155,46.94077],[7.409111,46.940772],[7.408996,46.940777]]}},{"type":"Feature","properties":{"k":"haupt","name":"Turnierstrasse"},"geometry":{"type":"LineString","coordinates":[[7.408195,46.943076],[7.408636,46.94283]]}},{"type":"Feature","properties":{"k":"haupt","name":"Freiburgstrasse"},"geometry":{"type":"LineString","coordinates":[[7.402445,46.941645],[7.403298,46.942047]]}},{"type":"Feature","properties":{"k":"neben","name":"Bahnhöheweg"},"geometry":{"type":"LineString","coordinates":[[7.401596,46.941557],[7.401461,46.941464],[7.401081,46.941204],[7.400696,46.94094]]}},{"type":"Feature","properties":{"k":"haupt","name":"Turnierstrasse"},"geometry":{"type":"LineString","coordinates":[[7.408636,46.94283],[7.40902,46.942425]]}},{"type":"Feature","properties":{"k":"haupt","name":"Turnierstrasse"},"geometry":{"type":"LineString","coordinates":[[7.40923,46.940268],[7.409189,46.940522]]}},{"type":"Feature","properties":{"k":"haupt","name":"Weissensteinstrasse"},"geometry":{"type":"LineString","coordinates":[[7.409611,46.941677],[7.40879,46.941636]]}},{"type":"Feature","properties":{"k":"haupt","name":"Weissensteinstrasse"},"geometry":{"type":"LineString","coordinates":[[7.409974,46.94167],[7.410128,46.941711]]}},{"type":"Feature","properties":{"k":"haupt","name":"Turnierstrasse"},"geometry":{"type":"LineString","coordinates":[[7.408636,46.94283],[7.408906,46.9424]]}},{"type":"Feature","properties":{"k":"neben","name":"Bernstrasse"},"geometry":{"type":"LineString","coordinates":[[7.399548,46.942273],[7.400671,46.942095]]}},{"type":"Feature","properties":{"k":"haupt","name":"Freiburgstrasse"},"geometry":{"type":"LineString","coordinates":[[7.407291,46.943441],[7.40734,46.943448]]}},{"type":"Feature","properties":{"k":"haupt","name":"Freiburgstrasse"},"geometry":{"type":"LineString","coordinates":[[7.407902,46.943508],[7.408815,46.943669],[7.409173,46.943731]]}},{"type":"Feature","properties":{"k":"neben","name":"Bahnstrasse"},"geometry":{"type":"LineString","coordinates":[[7.411421,46.9464],[7.411357,46.946405],[7.411272,46.946412],[7.410858,46.946444]]}},{"type":"Feature","properties":{"k":"neben","name":"Freiburgstrasse"},"geometry":{"type":"LineString","coordinates":[[7.415477,46.946194],[7.414814,46.946089]]}},{"type":"Feature","properties":{"k":"neben","name":"Eggimannstrasse"},"geometry":{"type":"LineString","coordinates":[[7.410847,46.946393],[7.411238,46.946194]]}},{"type":"Feature","properties":{"k":"neben","name":"Bahnstrasse"},"geometry":{"type":"LineString","coordinates":[[7.409034,46.945303],[7.410858,46.946444]]}},{"type":"Feature","properties":{"k":"neben","name":"Schenkstrasse"},"geometry":{"type":"LineString","coordinates":[[7.411988,46.944523],[7.415139,46.944713],[7.415127,46.945217],[7.414717,46.945901]]}},{"type":"Feature","properties":{"k":"neben","name":"Friedbühlstrasse"},"geometry":{"type":"LineString","coordinates":[[7.420352,46.946166],[7.420339,46.946],[7.419891,46.945421]]}},{"type":"Feature","properties":{"k":"neben","name":"Güterstrasse"},"geometry":{"type":"LineString","coordinates":[[7.417672,46.946632],[7.416231,46.94673]]}},{"type":"Feature","properties":{"k":"neben","name":"Friedbühlstrasse"},"geometry":{"type":"LineString","coordinates":[[7.420547,46.946238],[7.42053,46.946331],[7.421457,46.947338],[7.422094,46.948424],[7.422437,46.948816],[7.423273,46.9494],[7.424187,46.949729]]}},{"type":"Feature","properties":{"k":"neben","name":"Schenkstrasse"},"geometry":{"type":"LineString","coordinates":[[7.414717,46.945901],[7.415279,46.94603],[7.41543,46.946068]]}},{"type":"Feature","properties":{"k":"neben","name":"Mutachstrasse"},"geometry":{"type":"LineString","coordinates":[[7.417226,46.945995],[7.417142,46.945727],[7.418084,46.945521]]}},{"type":"Feature","properties":{"k":"haupt","name":"Murtenstrasse"},"geometry":{"type":"LineString","coordinates":[[7.420341,46.952191],[7.420457,46.952105],[7.420577,46.952017],[7.420718,46.951922]]}},{"type":"Feature","properties":{"k":"neben"},"geometry":{"type":"LineString","coordinates":[[7.422353,46.95145],[7.422269,46.951614]]}},{"type":"Feature","properties":{"k":"haupt","name":"Murtenstrasse"},"geometry":{"type":"LineString","coordinates":[[7.420982,46.951912],[7.420549,46.952187]]}},{"type":"Feature","properties":{"k":"haupt","name":"Murtenstrasse"},"geometry":{"type":"LineString","coordinates":[[7.420931,46.9518],[7.421009,46.951765],[7.421096,46.951729],[7.42132,46.951646]]}},{"type":"Feature","properties":{"k":"haupt","name":"Murtenstrasse"},"geometry":{"type":"LineString","coordinates":[[7.419982,46.952436],[7.420066,46.952463],[7.420146,46.952489]]}},{"type":"Feature","properties":{"k":"neben"},"geometry":{"type":"LineString","coordinates":[[7.42132,46.951646],[7.421472,46.951467],[7.42147,46.951308]]}},{"type":"Feature","properties":{"k":"neben","name":"Bahnstrasse"},"geometry":{"type":"LineString","coordinates":[[7.421338,46.951249],[7.42147,46.951308]]}},{"type":"Feature","properties":{"k":"neben","name":"Weyermannsstrasse"},"geometry":{"type":"LineString","coordinates":[[7.419665,46.946851],[7.420242,46.94641],[7.42053,46.946331]]}},{"type":"Feature","properties":{"k":"neben","name":"Salvisbergstrasse"},"geometry":{"type":"LineString","coordinates":[[7.471635,46.950508],[7.469957,46.952492]]}},{"type":"Feature","properties":{"k":"neben","name":"Schlösslistrasse"},"geometry":{"type":"LineString","coordinates":[[7.428737,46.946642],[7.429142,46.946707]]}},{"type":"Feature","properties":{"k":"neben","name":"Brunnmattstrasse"},"geometry":{"type":"LineString","coordinates":[[7.426831,46.946598],[7.42686,46.946558],[7.426962,46.946353],[7.42698,46.946317]]}},{"type":"Feature","properties":{"k":"haupt","name":"Murtenstrasse"},"geometry":{"type":"LineString","coordinates":[[7.407779,46.949411],[7.408944,46.949415]]}},{"type":"Feature","properties":{"k":"neben"},"geometry":{"type":"LineString","coordinates":[[7.411334,46.94925],[7.408872,46.949296],[7.40876,46.949246],[7.408756,46.948994]]}},{"type":"Feature","properties":{"k":"neben"},"geometry":{"type":"LineString","coordinates":[[7.410138,46.949275],[7.410136,46.949164],[7.410132,46.948989],[7.410131,46.948954]]}},{"type":"Feature","properties":{"k":"neben"},"geometry":{"type":"LineString","coordinates":[[7.428261,46.95453],[7.429112,46.954197],[7.429158,46.954178]]}},{"type":"Feature","properties":{"k":"neben","name":"Schreinerweg"},"geometry":{"type":"LineString","coordinates":[[7.428491,46.954799],[7.42844,46.954812],[7.427584,46.955038],[7.42753,46.955052]]}},{"type":"Feature","properties":{"k":"neben","name":"Fabrikstrasse"},"geometry":{"type":"LineString","coordinates":[[7.426157,46.955973],[7.424865,46.954481]]}},{"type":"Feature","properties":{"k":"neben","name":"Gewerbestrasse"},"geometry":{"type":"LineString","coordinates":[[7.428744,46.9552],[7.427567,46.953745]]}},{"type":"Feature","properties":{"k":"neben","name":"Hohgantweg"},"geometry":{"type":"LineString","coordinates":[[7.42777,46.95396],[7.426813,46.954216]]}},{"type":"Feature","properties":{"k":"neben","name":"Tscharnerstrasse"},"geometry":{"type":"LineString","coordinates":[[7.43052,46.940952],[7.43006,46.941092],[7.43001,46.941112],[7.429947,46.941142]]}},{"type":"Feature","properties":{"k":"neben","name":"Tscharnerstrasse"},"geometry":{"type":"LineString","coordinates":[[7.429947,46.941142],[7.427318,46.942479],[7.426788,46.943289]]}},{"type":"Feature","properties":{"k":"neben","name":"Kapellenstrasse"},"geometry":{"type":"LineString","coordinates":[[7.435354,46.944705],[7.4333,46.945497]]}},{"type":"Feature","properties":{"k":"neben","name":"Wachtelweg"},"geometry":{"type":"LineString","coordinates":[[7.42651,46.954647],[7.426344,46.954458]]}},{"type":"Feature","properties":{"k":"neben","name":"Wachtelweg"},"geometry":{"type":"LineString","coordinates":[[7.426078,46.954151],[7.424906,46.952924]]}},{"type":"Feature","properties":{"k":"neben"},"geometry":{"type":"LineString","coordinates":[[7.428256,46.953213],[7.428195,46.95323],[7.427364,46.953458],[7.427309,46.953473]]}},{"type":"Feature","properties":{"k":"neben","name":"Donnerbühlweg"},"geometry":{"type":"LineString","coordinates":[[7.433785,46.950947],[7.435008,46.951335]]}},{"type":"Feature","properties":{"k":"neben","name":"Falkenhöheweg"},"geometry":{"type":"LineString","coordinates":[[7.433785,46.950947],[7.434826,46.950952],[7.435252,46.95061]]}},{"type":"Feature","properties":{"k":"neben","name":"Falkenhöheweg"},"geometry":{"type":"LineString","coordinates":[[7.435252,46.95061],[7.435831,46.950688]]}},{"type":"Feature","properties":{"k":"haupt","name":"Länggassstrasse"},"geometry":{"type":"LineString","coordinates":[[7.434781,46.951545],[7.432579,46.953165]]}},{"type":"Feature","properties":{"k":"neben","name":"Kanonenweg"},"geometry":{"type":"LineString","coordinates":[[7.435403,46.949424],[7.435417,46.949118]]}},{"type":"Feature","properties":{"k":"haupt","name":"Kleine Westtangente"},"geometry":{"type":"LineString","coordinates":[[7.435731,46.94888],[7.435713,46.948919],[7.435698,46.948959]]}},{"type":"Feature","properties":{"k":"neben","name":"Lindenrain"},"geometry":{"type":"LineString","coordinates":[[7.429873,46.948837],[7.429551,46.948757],[7.428595,46.948964],[7.428523,46.94891],[7.428647,46.948925]]}},{"type":"Feature","properties":{"k":"neben","name":"Finkenhubelweg"},"geometry":{"type":"LineString","coordinates":[[7.429931,46.949129],[7.430486,46.949165]]}},{"type":"Feature","properties":{"k":"haupt","name":"Kleine Westtangente"},"geometry":{"type":"LineString","coordinates":[[7.436689,46.949157],[7.436781,46.949176],[7.436842,46.949189]]}},{"type":"Feature","properties":{"k":"haupt","name":"Bollwerk"},"geometry":{"type":"LineString","coordinates":[[7.440524,46.949256],[7.440508,46.949384]]}},{"type":"Feature","properties":{"k":"neben","name":"Zähringerstrasse"},"geometry":{"type":"LineString","coordinates":[[7.437603,46.953436],[7.435463,46.954659]]}},{"type":"Feature","properties":{"k":"neben","name":"Alpeneggstrasse"},"geometry":{"type":"LineString","coordinates":[[7.438116,46.952933],[7.437981,46.953168],[7.437974,46.953643]]}},{"type":"Feature","properties":{"k":"neben","name":"Alpeneggstrasse"},"geometry":{"type":"LineString","coordinates":[[7.437974,46.953643],[7.438113,46.954557]]}},{"type":"Feature","properties":{"k":"neben","name":"Langmauerweg"},"geometry":{"type":"LineString","coordinates":[[7.448235,46.949825],[7.447441,46.950009],[7.445992,46.950059],[7.445016,46.950213],[7.444876,46.950145],[7.444762,46.949934]]}},{"type":"Feature","properties":{"k":"neben","name":"Sidlerstrasse"},"geometry":{"type":"LineString","coordinates":[[7.437308,46.9507],[7.43753,46.95079],[7.437595,46.950871],[7.437621,46.950866]]}},{"type":"Feature","properties":{"k":"neben","name":"Läuferplatz"},"geometry":{"type":"LineString","coordinates":[[7.457326,46.949737],[7.457691,46.949501],[7.4577,46.949335]]}},{"type":"Feature","properties":{"k":"neben","name":"Langmauerweg"},"geometry":{"type":"LineString","coordinates":[[7.455654,46.949811],[7.456527,46.949861]]}},{"type":"Feature","properties":{"k":"neben","name":"Malerweg"},"geometry":{"type":"LineString","coordinates":[[7.43633,46.952316],[7.436309,46.952328],[7.436125,46.952433]]}},{"type":"Feature","properties":{"k":"neben","name":"Malerweg"},"geometry":{"type":"LineString","coordinates":[[7.437633,46.95156],[7.437465,46.951656],[7.43633,46.952316]]}},{"type":"Feature","properties":{"k":"neben","name":"Falkenweg"},"geometry":{"type":"LineString","coordinates":[[7.435941,46.951811],[7.43622,46.951783],[7.436947,46.951707],[7.437465,46.951656]]}},{"type":"Feature","properties":{"k":"neben","name":"Looslistrasse"},"geometry":{"type":"LineString","coordinates":[[7.397373,46.947045],[7.398038,46.947056]]}},{"type":"Feature","properties":{"k":"neben","name":"Looslistrasse"},"geometry":{"type":"LineString","coordinates":[[7.396416,46.947752],[7.396445,46.947724],[7.396735,46.94746]]}},{"type":"Feature","properties":{"k":"haupt"},"geometry":{"type":"LineString","coordinates":[[7.486138,46.937089],[7.481678,46.937514],[7.47965,46.937902],[7.478586,46.938249],[7.477406,46.938788],[7.476525,46.939329],[7.475689,46.939987]]}},{"type":"Feature","properties":{"k":"haupt"},"geometry":{"type":"LineString","coordinates":[[7.395118,46.933745],[7.39626,46.934648],[7.397512,46.936207],[7.398179,46.936865],[7.398994,46.937439],[7.400106,46.937985]]}},{"type":"Feature","properties":{"k":"neben","name":"Brückenstrasse"},"geometry":{"type":"LineString","coordinates":[[7.443968,46.944692],[7.44393,46.944863],[7.443656,46.945076]]}},{"type":"Feature","properties":{"k":"neben","name":"Herrengasse"},"geometry":{"type":"LineString","coordinates":[[7.449387,46.94708],[7.449186,46.947105],[7.448158,46.947105],[7.448104,46.947105]]}},{"type":"Feature","properties":{"k":"neben","name":"Münzgraben"},"geometry":{"type":"LineString","coordinates":[[7.447244,46.947342],[7.447236,46.946819]]}},{"type":"Feature","properties":{"k":"neben","name":"Junkerngasse"},"geometry":{"type":"LineString","coordinates":[[7.452365,46.947528],[7.453989,46.947734],[7.455113,46.948048],[7.455595,46.948255],[7.455959,46.948647]]}},{"type":"Feature","properties":{"k":"neben","name":"Hotelgasse"},"geometry":{"type":"LineString","coordinates":[[7.448109,46.947439],[7.448143,46.947996]]}},{"type":"Feature","properties":{"k":"neben","name":"Kornhausplatz"},"geometry":{"type":"LineString","coordinates":[[7.447631,46.948631],[7.447638,46.948662],[7.447671,46.948783],[7.447675,46.9488]]}},{"type":"Feature","properties":{"k":"haupt","name":"Schanzenstrasse"},"geometry":{"type":"LineString","coordinates":[[7.436485,46.949652],[7.436235,46.950298]]}},{"type":"Feature","properties":{"k":"neben","name":"Fischerweg"},"geometry":{"type":"LineString","coordinates":[[7.437172,46.954916],[7.438486,46.955402]]}},{"type":"Feature","properties":{"k":"haupt","name":"Kirchenfeldstrasse"},"geometry":{"type":"LineString","coordinates":[[7.447484,46.940033],[7.449092,46.940106]]}},{"type":"Feature","properties":{"k":"neben","name":"Kornhausstrasse"},"geometry":{"type":"LineString","coordinates":[[7.449878,46.953462],[7.449734,46.953369],[7.449477,46.952835],[7.449479,46.95265]]}},{"type":"Feature","properties":{"k":"haupt","name":"Bubenbergplatz"},"geometry":{"type":"LineString","coordinates":[[7.439827,46.947604],[7.438744,46.947409]]}},{"type":"Feature","properties":{"k":"haupt","name":"Thunstrasse"},"geometry":{"type":"LineString","coordinates":[[7.463093,46.941145],[7.46286,46.94111],[7.461808,46.940939]]}},{"type":"Feature","properties":{"k":"haupt","name":"Bahnhofplatz"},"geometry":{"type":"LineString","coordinates":[[7.440702,46.9487],[7.440524,46.949256]]}},{"type":"Feature","properties":{"k":"haupt","name":"Bollwerk"},"geometry":{"type":"LineString","coordinates":[[7.440508,46.949384],[7.440555,46.949996]]}},{"type":"Feature","properties":{"k":"neben","name":"Stöckackerstrasse"},"geometry":{"type":"LineString","coordinates":[[7.403433,46.948877],[7.403386,46.947224],[7.403195,46.946442]]}},{"type":"Feature","properties":{"k":"neben","name":"Bümplizstrasse"},"geometry":{"type":"LineString","coordinates":[[7.395299,46.937999],[7.39561,46.937854],[7.395686,46.93782],[7.395712,46.937807]]}},{"type":"Feature","properties":{"k":"haupt","name":"Eigerstrasse"},"geometry":{"type":"LineString","coordinates":[[7.440299,46.939759],[7.439056,46.939712],[7.437762,46.93967]]}},{"type":"Feature","properties":{"k":"haupt","name":"Ostring"},"geometry":{"type":"LineString","coordinates":[[7.468629,46.942865],[7.467533,46.942349],[7.467276,46.942225],[7.467237,46.942209]]}},{"type":"Feature","properties":{"k":"neben","name":"Buchseeweg"},"geometry":{"type":"LineString","coordinates":[[7.407285,46.926369],[7.407566,46.92612],[7.407748,46.925901],[7.407926,46.92573]]}},{"type":"Feature","properties":{"k":"neben","name":"Könizbergstrasse"},"geometry":{"type":"LineString","coordinates":[[7.407926,46.92573],[7.408583,46.926713],[7.409188,46.927282],[7.409842,46.927694],[7.410871,46.928163]]}},{"type":"Feature","properties":{"k":"neben","name":"Weidmattweg"},"geometry":{"type":"LineString","coordinates":[[7.395022,46.936791],[7.39647,46.936039],[7.396627,46.936036]]}},{"type":"Feature","properties":{"k":"neben"},"geometry":{"type":"LineString","coordinates":[[7.395308,46.944087],[7.395221,46.944042],[7.395285,46.94399],[7.395363,46.944029],[7.395308,46.944087]]}},{"type":"Feature","properties":{"k":"neben","name":"Schwabstrasse"},"geometry":{"type":"LineString","coordinates":[[7.395348,46.944007],[7.39715,46.942866]]}},{"type":"Feature","properties":{"k":"neben","name":"Murtenstrasse"},"geometry":{"type":"LineString","coordinates":[[7.395501,46.949175],[7.397687,46.949066]]}},{"type":"Feature","properties":{"k":"neben","name":"Bahnhöheweg"},"geometry":{"type":"LineString","coordinates":[[7.396941,46.938556],[7.396643,46.938373],[7.396353,46.93819]]}},{"type":"Feature","properties":{"k":"neben","name":"Kirchackerweg"},"geometry":{"type":"LineString","coordinates":[[7.400631,46.94164],[7.400479,46.941349]]}},{"type":"Feature","properties":{"k":"neben","name":"Bahnhöheweg"},"geometry":{"type":"LineString","coordinates":[[7.396353,46.93819],[7.396237,46.938121],[7.395763,46.937839],[7.395712,46.937807]]}},{"type":"Feature","properties":{"k":"neben","name":"Mühlenplatz"},"geometry":{"type":"LineString","coordinates":[[7.455557,46.946917],[7.456075,46.947178]]}},{"type":"Feature","properties":{"k":"haupt","name":"Zieglerstrasse"},"geometry":{"type":"LineString","coordinates":[[7.429955,46.944149],[7.43022,46.943284]]}},{"type":"Feature","properties":{"k":"neben","name":"Belpstrasse"},"geometry":{"type":"LineString","coordinates":[[7.432357,46.943974],[7.432494,46.944213],[7.432547,46.944304]]}},{"type":"Feature","properties":{"k":"neben","name":"Wasserwerkgasse"},"geometry":{"type":"LineString","coordinates":[[7.457729,46.948164],[7.457714,46.948171],[7.457664,46.948196]]}},{"type":"Feature","properties":{"k":"neben","name":"Dalmazibrücke"},"geometry":{"type":"LineString","coordinates":[[7.446211,46.944341],[7.446295,46.944315]]}},{"type":"Feature","properties":{"k":"neben","name":"Dalmaziquai"},"geometry":{"type":"LineString","coordinates":[[7.445727,46.941882],[7.446295,46.944315]]}},{"type":"Feature","properties":{"k":"neben","name":"Mattenenge"},"geometry":{"type":"LineString","coordinates":[[7.457785,46.948371],[7.457927,46.948943],[7.4577,46.949335]]}},{"type":"Feature","properties":{"k":"neben","name":"Wasserwerkgasse"},"geometry":{"type":"LineString","coordinates":[[7.456755,46.946712],[7.45691,46.946561],[7.456918,46.946553]]}},{"type":"Feature","properties":{"k":"haupt","name":"Laubeggstrasse"},"geometry":{"type":"LineString","coordinates":[[7.471623,46.944997],[7.47171,46.944932]]}},{"type":"Feature","properties":{"k":"neben","name":"Egelgasse"},"geometry":{"type":"LineString","coordinates":[[7.469794,46.943644],[7.469582,46.943722]]}},{"type":"Feature","properties":{"k":"neben","name":"Buchserstrasse"},"geometry":{"type":"LineString","coordinates":[[7.470031,46.943514],[7.470548,46.943167]]}},{"type":"Feature","properties":{"k":"haupt"},"geometry":{"type":"LineString","coordinates":[[7.400047,46.938061],[7.398917,46.937507],[7.397945,46.936803],[7.396165,46.934705],[7.395031,46.933808]]}},{"type":"Feature","properties":{"k":"haupt"},"geometry":{"type":"LineString","coordinates":[[7.404018,46.939174],[7.404803,46.939541],[7.405531,46.940035],[7.406098,46.940607],[7.406554,46.941376]]}},{"type":"Feature","properties":{"k":"neben","name":"Speichergasse"},"geometry":{"type":"LineString","coordinates":[[7.441955,46.950503],[7.443823,46.949881]]}},{"type":"Feature","properties":{"k":"haupt","name":"Schanzenstrasse"},"geometry":{"type":"LineString","coordinates":[[7.437325,46.947619],[7.43728,46.947329],[7.437157,46.947222]]}},{"type":"Feature","properties":{"k":"haupt","name":"Laupenstrasse"},"geometry":{"type":"LineString","coordinates":[[7.43563,46.947275],[7.434559,46.94731],[7.434453,46.947317],[7.434417,46.94732]]}},{"type":"Feature","properties":{"k":"haupt","name":"Murtenstrasse"},"geometry":{"type":"LineString","coordinates":[[7.418629,46.952257],[7.419708,46.95239]]}},{"type":"Feature","properties":{"k":"haupt","name":"Murtenstrasse"},"geometry":{"type":"LineString","coordinates":[[7.419869,46.952514],[7.419776,46.952497],[7.419689,46.952479],[7.419613,46.952464]]}},{"type":"Feature","properties":{"k":"neben","name":"Bundesgasse"},"geometry":{"type":"LineString","coordinates":[[7.439201,46.946114],[7.439119,46.9461],[7.438158,46.945937]]}},{"type":"Feature","properties":{"k":"neben"},"geometry":{"type":"LineString","coordinates":[[7.484712,46.936387],[7.484844,46.936896]]}},{"type":"Feature","properties":{"k":"neben","name":"Optingenstrasse"},"geometry":{"type":"LineString","coordinates":[[7.449145,46.953629],[7.449507,46.954377],[7.449727,46.954832],[7.449779,46.954937]]}},{"type":"Feature","properties":{"k":"neben","name":"Keplerstrasse"},"geometry":{"type":"LineString","coordinates":[[7.45062,46.953292],[7.450775,46.953617],[7.45121,46.954524],[7.451245,46.954598]]}},{"type":"Feature","properties":{"k":"neben","name":"Radarstrasse"},"geometry":{"type":"LineString","coordinates":[[7.457485,46.954819],[7.457557,46.954791],[7.457952,46.954638],[7.459103,46.954182]]}},{"type":"Feature","properties":{"k":"neben","name":"Zibelegässli"},"geometry":{"type":"LineString","coordinates":[[7.448143,46.947996],[7.448317,46.948511]]}},{"type":"Feature","properties":{"k":"neben","name":"Belpstrasse"},"geometry":{"type":"LineString","coordinates":[[7.431675,46.942856],[7.432357,46.943974]]}},{"type":"Feature","properties":{"k":"neben","name":"Spitalgasse"},"geometry":{"type":"LineString","coordinates":[[7.44111,46.94779],[7.442195,46.948009]]}},{"type":"Feature","properties":{"k":"neben","name":"Seilerstrasse"},"geometry":{"type":"LineString","coordinates":[[7.435403,46.946605],[7.434917,46.945863]]}},{"type":"Feature","properties":{"k":"neben","name":"Mottastrasse"},"geometry":{"type":"LineString","coordinates":[[7.452259,46.940216],[7.452496,46.939526]]}},{"type":"Feature","properties":{"k":"neben","name":"Dufourstrasse"},"geometry":{"type":"LineString","coordinates":[[7.454205,46.94154],[7.454406,46.941955]]}},{"type":"Feature","properties":{"k":"neben","name":"Mottastrasse"},"geometry":{"type":"LineString","coordinates":[[7.451985,46.941263],[7.452259,46.940216]]}},{"type":"Feature","properties":{"k":"neben","name":"Untermattweg"},"geometry":{"type":"LineString","coordinates":[[7.400453,46.948934],[7.400489,46.948664],[7.400513,46.94849],[7.400528,46.948358]]}},{"type":"Feature","properties":{"k":"neben","name":"Murtenstrasse"},"geometry":{"type":"LineString","coordinates":[[7.398553,46.949213],[7.398,46.949024]]}},{"type":"Feature","properties":{"k":"neben","name":"Messerliweg"},"geometry":{"type":"LineString","coordinates":[[7.397835,46.950744],[7.396756,46.95117],[7.396019,46.9508]]}},{"type":"Feature","properties":{"k":"haupt","name":"Kleine Westtangente"},"geometry":{"type":"LineString","coordinates":[[7.437382,46.949356],[7.437696,46.949489],[7.437878,46.949568]]}},{"type":"Feature","properties":{"k":"haupt","name":"Kleine Westtangente"},"geometry":{"type":"LineString","coordinates":[[7.438111,46.949672],[7.438811,46.950051],[7.439319,46.950495]]}},{"type":"Feature","properties":{"k":"haupt","name":"Thunstrasse"},"geometry":{"type":"LineString","coordinates":[[7.463334,46.9411],[7.463997,46.941199]]}},{"type":"Feature","properties":{"k":"haupt","name":"Kirchenfeldstrasse"},"geometry":{"type":"LineString","coordinates":[[7.452737,46.940238],[7.45297,46.940248],[7.453068,46.940253]]}},{"type":"Feature","properties":{"k":"neben","name":"Effingerstrasse"},"geometry":{"type":"LineString","coordinates":[[7.434917,46.945863],[7.434518,46.945941]]}},{"type":"Feature","properties":{"k":"haupt","name":"Schwarzenburgstrasse"},"geometry":{"type":"LineString","coordinates":[[7.429409,46.939657],[7.428831,46.939415],[7.428472,46.939129]]}},{"type":"Feature","properties":{"k":"haupt","name":"Papiermühlestrasse"},"geometry":{"type":"LineString","coordinates":[[7.463775,46.959194],[7.460362,46.954745]]}},{"type":"Feature","properties":{"k":"neben","name":"Sidlerstrasse"},"geometry":{"type":"LineString","coordinates":[[7.437663,46.950139],[7.43748,46.950291],[7.437331,46.950656],[7.437308,46.9507]]}},{"type":"Feature","properties":{"k":"neben","name":"Freiburgstrasse"},"geometry":{"type":"LineString","coordinates":[[7.427852,46.948267],[7.427611,46.947893]]}},{"type":"Feature","properties":{"k":"haupt","name":"Zieglerstrasse"},"geometry":{"type":"LineString","coordinates":[[7.428864,46.947557],[7.429429,46.945808]]}},{"type":"Feature","properties":{"k":"haupt","name":"Eigerstrasse"},"geometry":{"type":"LineString","coordinates":[[7.434039,46.940536],[7.433193,46.94082]]}},{"type":"Feature","properties":{"k":"neben","name":"Luisenstrasse"},"geometry":{"type":"LineString","coordinates":[[7.453029,46.941394],[7.452753,46.942568]]}},{"type":"Feature","properties":{"k":"neben","name":"Luisenstrasse"},"geometry":{"type":"LineString","coordinates":[[7.452753,46.942568],[7.452746,46.942596],[7.452732,46.942666],[7.452652,46.943024]]}},{"type":"Feature","properties":{"k":"neben","name":"Kornhausplatz"},"geometry":{"type":"LineString","coordinates":[[7.447733,46.949009],[7.447758,46.949086]]}},{"type":"Feature","properties":{"k":"neben","name":"Nägeligasse"},"geometry":{"type":"LineString","coordinates":[[7.447758,46.949086],[7.447735,46.949089],[7.447553,46.949116],[7.447199,46.949172]]}},{"type":"Feature","properties":{"k":"neben","name":"Nägeligasse"},"geometry":{"type":"LineString","coordinates":[[7.447199,46.949172],[7.44602,46.949357]]}},{"type":"Feature","properties":{"k":"neben","name":"Kornhausplatz"},"geometry":{"type":"LineString","coordinates":[[7.447758,46.949086],[7.447911,46.94943]]}},{"type":"Feature","properties":{"k":"neben","name":"Beyelerweg"},"geometry":{"type":"LineString","coordinates":[[7.469699,46.950513],[7.468395,46.949883],[7.468354,46.949864]]}},{"type":"Feature","properties":{"k":"neben","name":"Hostettlerweg"},"geometry":{"type":"LineString","coordinates":[[7.469221,46.951006],[7.467893,46.950398],[7.46785,46.950378]]}},{"type":"Feature","properties":{"k":"neben","name":"Rüfenachtweg"},"geometry":{"type":"LineString","coordinates":[[7.471091,46.951151],[7.469699,46.950513]]}},{"type":"Feature","properties":{"k":"neben","name":"Von-Gunten-Strasse"},"geometry":{"type":"LineString","coordinates":[[7.468748,46.951493],[7.470233,46.949993]]}},{"type":"Feature","properties":{"k":"neben","name":"Weissweg"},"geometry":{"type":"LineString","coordinates":[[7.470658,46.951664],[7.469221,46.951006]]}},{"type":"Feature","properties":{"k":"neben","name":"Holligenstrasse"},"geometry":{"type":"LineString","coordinates":[[7.415221,46.93943],[7.415579,46.939565],[7.416053,46.939632]]}},{"type":"Feature","properties":{"k":"haupt","name":"Turnierstrasse"},"geometry":{"type":"LineString","coordinates":[[7.414499,46.937105],[7.414477,46.937141],[7.414411,46.937211]]}},{"type":"Feature","properties":{"k":"haupt","name":"Weissensteinstrasse"},"geometry":{"type":"LineString","coordinates":[[7.418717,46.9409],[7.417581,46.941122]]}},{"type":"Feature","properties":{"k":"haupt","name":"Weissensteinstrasse"},"geometry":{"type":"LineString","coordinates":[[7.417581,46.941122],[7.415789,46.94153]]}},{"type":"Feature","properties":{"k":"neben","name":"Dalmaziquai"},"geometry":{"type":"LineString","coordinates":[[7.449339,46.944909],[7.449551,46.94484],[7.450314,46.944882]]}},{"type":"Feature","properties":{"k":"haupt","name":"Muristrasse"},"geometry":{"type":"LineString","coordinates":[[7.4625,46.94433],[7.465353,46.942401]]}},{"type":"Feature","properties":{"k":"neben","name":"Kalcheggweg"},"geometry":{"type":"LineString","coordinates":[[7.46629,46.94158],[7.466074,46.94126]]}},{"type":"Feature","properties":{"k":"neben","name":"Wildhainweg"},"geometry":{"type":"LineString","coordinates":[[7.432387,46.948853],[7.432023,46.949903],[7.431585,46.950098]]}},{"type":"Feature","properties":{"k":"neben","name":"Ryffligässchen"},"geometry":{"type":"LineString","coordinates":[[7.442165,46.948107],[7.442164,46.948089]]}},{"type":"Feature","properties":{"k":"neben","name":"Ryffligässchen"},"geometry":{"type":"LineString","coordinates":[[7.44217,46.948206],[7.442165,46.948107]]}},{"type":"Feature","properties":{"k":"haupt"},"geometry":{"type":"LineString","coordinates":[[7.469875,46.958367],[7.469127,46.957829],[7.468552,46.957083],[7.468333,46.956302],[7.468408,46.955649],[7.468806,46.954887],[7.472697,46.950153],[7.473095,46.949256],[7.473116,46.948322]]}},{"type":"Feature","properties":{"k":"haupt","name":"Kirchenfeldstrasse"},"geometry":{"type":"LineString","coordinates":[[7.446316,46.93998],[7.446459,46.939986],[7.446649,46.939995]]}},{"type":"Feature","properties":{"k":"haupt","name":"Thunstrasse"},"geometry":{"type":"LineString","coordinates":[[7.461808,46.940939],[7.460567,46.940736],[7.459801,46.94061]]}},{"type":"Feature","properties":{"k":"neben","name":"Beatusstrasse"},"geometry":{"type":"LineString","coordinates":[[7.461808,46.940939],[7.461445,46.941634]]}},{"type":"Feature","properties":{"k":"haupt","name":"Monbijoustrasse"},"geometry":{"type":"LineString","coordinates":[[7.435919,46.939796],[7.435893,46.939926]]}},{"type":"Feature","properties":{"k":"haupt","name":"Eigerstrasse"},"geometry":{"type":"LineString","coordinates":[[7.435919,46.939796],[7.436304,46.939782]]}},{"type":"Feature","properties":{"k":"neben","name":"Gutenbergstrasse"},"geometry":{"type":"LineString","coordinates":[[7.435354,46.944705],[7.436095,46.9458]]}},{"type":"Feature","properties":{"k":"neben","name":"Bogenschützenstrasse"},"geometry":{"type":"LineString","coordinates":[[7.438064,46.947747],[7.438544,46.947823]]}},{"type":"Feature","properties":{"k":"haupt","name":"Bubenbergplatz"},"geometry":{"type":"LineString","coordinates":[[7.438744,46.947409],[7.438642,46.947392],[7.438514,46.947371],[7.438458,46.947361]]}},{"type":"Feature","properties":{"k":"haupt","name":"Turnierstrasse"},"geometry":{"type":"LineString","coordinates":[[7.409288,46.941515],[7.409528,46.941497],[7.409656,46.941389],[7.409641,46.941234],[7.40948,46.941087]]}},{"type":"Feature","properties":{"k":"haupt","name":"Turnierstrasse"},"geometry":{"type":"LineString","coordinates":[[7.409699,46.941688],[7.409657,46.941599]]}},{"type":"Feature","properties":{"k":"haupt","name":"Weissensteinstrasse"},"geometry":{"type":"LineString","coordinates":[[7.40879,46.941636],[7.408154,46.941681],[7.406889,46.941795]]}},{"type":"Feature","properties":{"k":"haupt","name":"Weissensteinstrasse"},"geometry":{"type":"LineString","coordinates":[[7.409009,46.941548],[7.409657,46.941599]]}},{"type":"Feature","properties":{"k":"haupt","name":"Weissensteinstrasse"},"geometry":{"type":"LineString","coordinates":[[7.410288,46.941812],[7.410343,46.941851],[7.410378,46.941881]]}},{"type":"Feature","properties":{"k":"neben","name":"Klösterlistutz"},"geometry":{"type":"LineString","coordinates":[[7.459008,46.949559],[7.458947,46.949462]]}},{"type":"Feature","properties":{"k":"neben","name":"Holligenstrasse"},"geometry":{"type":"LineString","coordinates":[[7.415064,46.939309],[7.415221,46.93943]]}},{"type":"Feature","properties":{"k":"neben","name":"Alpenstrasse"},"geometry":{"type":"LineString","coordinates":[[7.455721,46.943646],[7.455041,46.943376]]}},{"type":"Feature","properties":{"k":"neben","name":"Ensingerstrasse"},"geometry":{"type":"LineString","coordinates":[[7.463527,46.943638],[7.461889,46.942772]]}},{"type":"Feature","properties":{"k":"neben","name":"Alpenstrasse"},"geometry":{"type":"LineString","coordinates":[[7.45877,46.941201],[7.457709,46.942023]]}},{"type":"Feature","properties":{"k":"neben","name":"Englische Anlagen"},"geometry":{"type":"LineString","coordinates":[[7.454635,46.943706],[7.454295,46.944063]]}},{"type":"Feature","properties":{"k":"neben","name":"Egelgasse"},"geometry":{"type":"LineString","coordinates":[[7.466857,46.944805],[7.467438,46.944514],[7.46903,46.943925]]}},{"type":"Feature","properties":{"k":"neben","name":"Brunnadernstrasse"},"geometry":{"type":"LineString","coordinates":[[7.461889,46.942772],[7.46084,46.943687]]}},{"type":"Feature","properties":{"k":"neben","name":"Beatusstrasse"},"geometry":{"type":"LineString","coordinates":[[7.461445,46.941634],[7.460892,46.942243]]}},{"type":"Feature","properties":{"k":"neben","name":"Murtenstrasse"},"geometry":{"type":"LineString","coordinates":[[7.400664,46.950499],[7.400723,46.95068],[7.400743,46.950742]]}},{"type":"Feature","properties":{"k":"haupt","name":"Neue Murtenstrasse"},"geometry":{"type":"LineString","coordinates":[[7.399733,46.951329],[7.400082,46.951187],[7.400232,46.951133]]}},{"type":"Feature","properties":{"k":"neben","name":"Murtenstrasse"},"geometry":{"type":"LineString","coordinates":[[7.400664,46.950499],[7.400523,46.949768]]}},{"type":"Feature","properties":{"k":"neben","name":"Murtenstrasse"},"geometry":{"type":"LineString","coordinates":[[7.40066,46.950847],[7.400664,46.950499]]}},{"type":"Feature","properties":{"k":"haupt","name":"Turnierstrasse"},"geometry":{"type":"LineString","coordinates":[[7.409752,46.941617],[7.409699,46.941688]]}},{"type":"Feature","properties":{"k":"haupt","name":"Turnierstrasse"},"geometry":{"type":"LineString","coordinates":[[7.409118,46.940632],[7.409207,46.94061]]}},{"type":"Feature","properties":{"k":"haupt","name":"Turnierstrasse"},"geometry":{"type":"LineString","coordinates":[[7.409234,46.940671],[7.409157,46.940703]]}},{"type":"Feature","properties":{"k":"haupt","name":"Weissensteinstrasse"},"geometry":{"type":"LineString","coordinates":[[7.409752,46.941617],[7.409823,46.941628],[7.409898,46.941649],[7.409974,46.94167]]}},{"type":"Feature","properties":{"k":"haupt","name":"Neue Murtenstrasse"},"geometry":{"type":"LineString","coordinates":[[7.406041,46.949621],[7.405311,46.95006],[7.404798,46.950254],[7.401665,46.950789]]}},{"type":"Feature","properties":{"k":"neben","name":"Spitalackerstrasse"},"geometry":{"type":"LineString","coordinates":[[7.453367,46.955749],[7.4555,46.954895]]}},{"type":"Feature","properties":{"k":"neben","name":"Marienstrasse"},"geometry":{"type":"LineString","coordinates":[[7.451271,46.943852],[7.449893,46.943889]]}},{"type":"Feature","properties":{"k":"neben","name":"Englische Anlagen"},"geometry":{"type":"LineString","coordinates":[[7.454295,46.944063],[7.4524,46.944117]]}},{"type":"Feature","properties":{"k":"neben","name":"Jungfraustrasse"},"geometry":{"type":"LineString","coordinates":[[7.456367,46.942279],[7.454635,46.943706]]}},{"type":"Feature","properties":{"k":"haupt","name":"Papiermühlestrasse"},"geometry":{"type":"LineString","coordinates":[[7.460362,46.954745],[7.459289,46.953329]]}},{"type":"Feature","properties":{"k":"neben","name":"Egelbergstrasse"},"geometry":{"type":"LineString","coordinates":[[7.465416,46.94587],[7.46726,46.946824]]}},{"type":"Feature","properties":{"k":"neben","name":"Jubiläumsstrasse"},"geometry":{"type":"LineString","coordinates":[[7.453058,46.939839],[7.450519,46.93834]]}},{"type":"Feature","properties":{"k":"neben","name":"Jubiläumsplatz"},"geometry":{"type":"LineString","coordinates":[[7.453058,46.939839],[7.453099,46.939803],[7.453118,46.93978],[7.453142,46.939728]]}},{"type":"Feature","properties":{"k":"neben","name":"Jubiläumsstrasse"},"geometry":{"type":"LineString","coordinates":[[7.450519,46.93834],[7.4475,46.936534]]}},{"type":"Feature","properties":{"k":"neben","name":"Nägeligasse"},"geometry":{"type":"LineString","coordinates":[[7.446047,46.949432],[7.44602,46.949357]]}},{"type":"Feature","properties":{"k":"neben","name":"Gantrischstrasse"},"geometry":{"type":"LineString","coordinates":[[7.471273,46.945751],[7.471728,46.946622]]}},{"type":"Feature","properties":{"k":"neben","name":"Ankerstrasse"},"geometry":{"type":"LineString","coordinates":[[7.466971,46.943476],[7.466825,46.943558],[7.466471,46.943761],[7.465891,46.944097]]}},{"type":"Feature","properties":{"k":"neben","name":"Bürglenstrasse"},"geometry":{"type":"LineString","coordinates":[[7.468391,46.944811],[7.467886,46.944351]]}},{"type":"Feature","properties":{"k":"neben","name":"Nünenenweg"},"geometry":{"type":"LineString","coordinates":[[7.470501,46.944947],[7.470434,46.944987],[7.470396,46.94501]]}},{"type":"Feature","properties":{"k":"neben","name":"Nünenenweg"},"geometry":{"type":"LineString","coordinates":[[7.46956,46.944196],[7.469714,46.944139],[7.470247,46.944504],[7.470645,46.944832],[7.470501,46.944947]]}},{"type":"Feature","properties":{"k":"neben","name":"Nydeggstalden"},"geometry":{"type":"LineString","coordinates":[[7.456223,46.948932],[7.456259,46.948921],[7.456561,46.948832]]}},{"type":"Feature","properties":{"k":"neben","name":"Gantrischstrasse"},"geometry":{"type":"LineString","coordinates":[[7.469257,46.944444],[7.469689,46.94476],[7.470166,46.945154]]}},{"type":"Feature","properties":{"k":"neben","name":"Sandrainstrasse"},"geometry":{"type":"LineString","coordinates":[[7.441291,46.937508],[7.441631,46.936695],[7.442001,46.936308]]}},{"type":"Feature","properties":{"k":"neben","name":"Casinoplatz"},"geometry":{"type":"LineString","coordinates":[[7.448103,46.947301],[7.447659,46.947299],[7.447629,46.947299],[7.447608,46.9473]]}},{"type":"Feature","properties":{"k":"neben","name":"Bürglenstrasse"},"geometry":{"type":"LineString","coordinates":[[7.468444,46.94486],[7.468391,46.944811]]}},{"type":"Feature","properties":{"k":"neben","name":"Bürglenstrasse"},"geometry":{"type":"LineString","coordinates":[[7.469442,46.945748],[7.469395,46.945705],[7.469345,46.945658]]}},{"type":"Feature","properties":{"k":"neben","name":"Müngerstrasse"},"geometry":{"type":"LineString","coordinates":[[7.477929,46.945354],[7.478072,46.944917]]}},{"type":"Feature","properties":{"k":"neben","name":"Aberlistrasse"},"geometry":{"type":"LineString","coordinates":[[7.477929,46.945354],[7.476446,46.945267]]}},{"type":"Feature","properties":{"k":"neben","name":"Hallwylstrasse"},"geometry":{"type":"LineString","coordinates":[[7.447792,46.94083],[7.447862,46.940819],[7.448757,46.940866],[7.448861,46.940877]]}},{"type":"Feature","properties":{"k":"neben","name":"Hallwylstrasse"},"geometry":{"type":"LineString","coordinates":[[7.451985,46.941263],[7.455,46.94164],[7.455089,46.941703]]}},{"type":"Feature","properties":{"k":"neben","name":"Gantrischstrasse"},"geometry":{"type":"LineString","coordinates":[[7.47066,46.945221],[7.470864,46.945385],[7.470938,46.945439]]}},{"type":"Feature","properties":{"k":"neben","name":"Gantrischstrasse"},"geometry":{"type":"LineString","coordinates":[[7.470396,46.94501],[7.47066,46.945221]]}},{"type":"Feature","properties":{"k":"haupt","name":"Worbstrasse"},"geometry":{"type":"LineString","coordinates":[[7.478821,46.93752],[7.480466,46.937442],[7.48154,46.937196],[7.483491,46.937115]]}},{"type":"Feature","properties":{"k":"haupt","name":"Worbstrasse"},"geometry":{"type":"LineString","coordinates":[[7.485221,46.936829],[7.490025,46.935968]]}},{"type":"Feature","properties":{"k":"neben","name":"Jupiterstrasse"},"geometry":{"type":"LineString","coordinates":[[7.48546,46.938382],[7.485621,46.938432],[7.485704,46.938581],[7.485629,46.939005],[7.485792,46.939514],[7.485718,46.939655]]}},{"type":"Feature","properties":{"k":"neben","name":"Landoltstrasse"},"geometry":{"type":"LineString","coordinates":[[7.439285,46.937264],[7.441515,46.934012],[7.441846,46.933812],[7.44475,46.932608],[7.445251,46.932237],[7.445542,46.931881]]}},{"type":"Feature","properties":{"k":"neben","name":"Parkterrasse"},"geometry":{"type":"LineString","coordinates":[[7.437711,46.950021],[7.437663,46.950139]]}},{"type":"Feature","properties":{"k":"neben","name":"Steigerweg"},"geometry":{"type":"LineString","coordinates":[[7.463284,46.948816],[7.465525,46.947071]]}},{"type":"Feature","properties":{"k":"neben","name":"Mühlemattstrasse"},"geometry":{"type":"LineString","coordinates":[[7.435415,46.94326],[7.434942,46.942846],[7.433568,46.942369]]}},{"type":"Feature","properties":{"k":"neben","name":"Sidlerstrasse"},"geometry":{"type":"LineString","coordinates":[[7.437308,46.9507],[7.436141,46.950431]]}},{"type":"Feature","properties":{"k":"neben","name":"Sonnenhofweg"},"geometry":{"type":"LineString","coordinates":[[7.472184,46.943169],[7.472115,46.943115],[7.472095,46.943089],[7.472055,46.943019]]}},{"type":"Feature","properties":{"k":"neben","name":"Sonnenhofweg"},"geometry":{"type":"LineString","coordinates":[[7.472591,46.943752],[7.47269,46.943573]]}},{"type":"Feature","properties":{"k":"neben","name":"Klaraweg"},"geometry":{"type":"LineString","coordinates":[[7.46169,46.946894],[7.462943,46.945801]]}},{"type":"Feature","properties":{"k":"neben","name":"Klaraweg"},"geometry":{"type":"LineString","coordinates":[[7.462943,46.945801],[7.462974,46.945774],[7.463019,46.945737]]}},{"type":"Feature","properties":{"k":"neben","name":"Tavelweg"},"geometry":{"type":"LineString","coordinates":[[7.462482,46.947495],[7.461577,46.948144]]}},{"type":"Feature","properties":{"k":"neben","name":"Schosshaldenstrasse"},"geometry":{"type":"LineString","coordinates":[[7.465879,46.9471],[7.46592,46.947061],[7.465934,46.947048],[7.466568,46.946481]]}},{"type":"Feature","properties":{"k":"neben","name":"Bantigerweg"},"geometry":{"type":"LineString","coordinates":[[7.466131,46.949394],[7.466073,46.949385],[7.465441,46.949177]]}},{"type":"Feature","properties":{"k":"neben","name":"Spittelerstrasse"},"geometry":{"type":"LineString","coordinates":[[7.466735,46.949606],[7.466131,46.949394]]}},{"type":"Feature","properties":{"k":"neben","name":"Postgasshalde"},"geometry":{"type":"LineString","coordinates":[[7.455664,46.94903],[7.455574,46.949254],[7.454995,46.94932],[7.452051,46.948924]]}},{"type":"Feature","properties":{"k":"neben","name":"Nydeggasse"},"geometry":{"type":"LineString","coordinates":[[7.456451,46.948613],[7.456373,46.948618],[7.456086,46.948639],[7.455959,46.948647]]}},{"type":"Feature","properties":{"k":"neben","name":"Helvetiastrasse"},"geometry":{"type":"LineString","coordinates":[[7.450923,46.940592],[7.450162,46.943529]]}},{"type":"Feature","properties":{"k":"neben","name":"Taubenstrasse"},"geometry":{"type":"LineString","coordinates":[[7.440459,46.944644],[7.440603,46.944679],[7.441436,46.945796],[7.441738,46.945923]]}},{"type":"Feature","properties":{"k":"neben","name":"Wasserwerkgasse"},"geometry":{"type":"LineString","coordinates":[[7.456747,46.946708],[7.4562,46.94646],[7.456008,46.946467],[7.455929,46.946677]]}},{"type":"Feature","properties":{"k":"neben","name":"Gerberngasse"},"geometry":{"type":"LineString","coordinates":[[7.457785,46.948371],[7.457271,46.947848],[7.456075,46.947178]]}},{"type":"Feature","properties":{"k":"neben","name":"Englische Anlagen"},"geometry":{"type":"LineString","coordinates":[[7.4524,46.944117],[7.452461,46.943853],[7.452473,46.9438]]}},{"type":"Feature","properties":{"k":"haupt","name":"Thunplatz"},"geometry":{"type":"LineString","coordinates":[[7.458118,46.940439],[7.458253,46.940389]]}},{"type":"Feature","properties":{"k":"haupt","name":"Thunstrasse"},"geometry":{"type":"LineString","coordinates":[[7.458501,46.940384],[7.458549,46.940387],[7.458664,46.9404],[7.458713,46.940406]]}},{"type":"Feature","properties":{"k":"neben","name":"Bahnstrasse"},"geometry":{"type":"LineString","coordinates":[[7.409566,46.944877],[7.409496,46.944928],[7.409311,46.945068]]}},{"type":"Feature","properties":{"k":"neben","name":"Predigergasse"},"geometry":{"type":"LineString","coordinates":[[7.446047,46.949432],[7.446069,46.949489],[7.446156,46.949739]]}},{"type":"Feature","properties":{"k":"neben","name":"Speichergasse"},"geometry":{"type":"LineString","coordinates":[[7.443823,46.949881],[7.443845,46.949873],[7.444142,46.949777],[7.444216,46.949756]]}},{"type":"Feature","properties":{"k":"neben","name":"Bundesgasse"},"geometry":{"type":"LineString","coordinates":[[7.443298,46.946818],[7.443709,46.946866]]}},{"type":"Feature","properties":{"k":"neben","name":"Jupiterstrasse"},"geometry":{"type":"LineString","coordinates":[[7.480982,46.937816],[7.479503,46.938114],[7.47905,46.938267],[7.478867,46.938418]]}},{"type":"Feature","properties":{"k":"haupt","name":"Ostring"},"geometry":{"type":"LineString","coordinates":[[7.471495,46.944809],[7.471343,46.944632],[7.471224,46.94451],[7.471063,46.944365]]}},{"type":"Feature","properties":{"k":"haupt","name":"Murtenstrasse"},"geometry":{"type":"LineString","coordinates":[[7.417628,46.951993],[7.418272,46.952173]]}},{"type":"Feature","properties":{"k":"neben","name":"Müngerstrasse"},"geometry":{"type":"LineString","coordinates":[[7.477473,46.947367],[7.477779,46.946168]]}},{"type":"Feature","properties":{"k":"neben","name":"Balmerstrasse"},"geometry":{"type":"LineString","coordinates":[[7.477107,46.947368],[7.475372,46.947327],[7.473824,46.947496]]}},{"type":"Feature","properties":{"k":"neben","name":"Robinsonweg"},"geometry":{"type":"LineString","coordinates":[[7.482381,46.946348],[7.483638,46.946237]]}},{"type":"Feature","properties":{"k":"neben","name":"Robinsonweg"},"geometry":{"type":"LineString","coordinates":[[7.482545,46.947664],[7.482331,46.947031],[7.482381,46.946348]]}},{"type":"Feature","properties":{"k":"neben","name":"Helvetiaplatz"},"geometry":{"type":"LineString","coordinates":[[7.448454,46.943935],[7.447645,46.943871]]}},{"type":"Feature","properties":{"k":"neben","name":"Helvetiaplatz"},"geometry":{"type":"LineString","coordinates":[[7.448517,46.943544],[7.449005,46.944133]]}},{"type":"Feature","properties":{"k":"neben","name":"Helvetiaplatz"},"geometry":{"type":"LineString","coordinates":[[7.449005,46.944133],[7.449296,46.943856]]}},{"type":"Feature","properties":{"k":"neben","name":"Jubiläumsstrasse"},"geometry":{"type":"LineString","coordinates":[[7.447251,46.935542],[7.44669,46.936047]]}},{"type":"Feature","properties":{"k":"neben","name":"Bundesplatz"},"geometry":{"type":"LineString","coordinates":[[7.444646,46.947309],[7.443651,46.947333]]}},{"type":"Feature","properties":{"k":"neben","name":"Hallerstrasse"},"geometry":{"type":"LineString","coordinates":[[7.435702,46.953102],[7.436762,46.953978],[7.438539,46.954775],[7.438625,46.954895],[7.438583,46.95517]]}},{"type":"Feature","properties":{"k":"neben","name":"Egelgasse"},"geometry":{"type":"LineString","coordinates":[[7.469582,46.943722],[7.469451,46.94377],[7.46908,46.943908],[7.46903,46.943925]]}},{"type":"Feature","properties":{"k":"neben","name":"Weststrasse"},"geometry":{"type":"LineString","coordinates":[[7.447645,46.943871],[7.447776,46.943515],[7.448159,46.943202]]}},{"type":"Feature","properties":{"k":"neben","name":"Manuelstrasse"},"geometry":{"type":"LineString","coordinates":[[7.472588,46.932589],[7.470502,46.934344]]}},{"type":"Feature","properties":{"k":"neben","name":"Langmauerweg"},"geometry":{"type":"LineString","coordinates":[[7.448848,46.949729],[7.45015,46.94949],[7.451151,46.94939],[7.452541,46.949495]]}},{"type":"Feature","properties":{"k":"neben","name":"Langmauerweg"},"geometry":{"type":"LineString","coordinates":[[7.448235,46.949825],[7.448255,46.949822],[7.448292,46.949821],[7.44832,46.94982]]}},{"type":"Feature","properties":{"k":"neben","name":"Alter Aargauerstalden"},"geometry":{"type":"LineString","coordinates":[[7.460879,46.948696],[7.460137,46.948382]]}},{"type":"Feature","properties":{"k":"neben","name":"Haspelgasse"},"geometry":{"type":"LineString","coordinates":[[7.463971,46.949358],[7.463081,46.948959]]}},{"type":"Feature","properties":{"k":"neben","name":"Obere Zollgasse"},"geometry":{"type":"LineString","coordinates":[[7.483904,46.947612],[7.483875,46.947509]]}},{"type":"Feature","properties":{"k":"neben","name":"Ryffligässchen"},"geometry":{"type":"LineString","coordinates":[[7.442203,46.949011],[7.44217,46.948206]]}},{"type":"Feature","properties":{"k":"neben","name":"Schmiedenplatz"},"geometry":{"type":"LineString","coordinates":[[7.447006,46.94871],[7.446984,46.948751]]}},{"type":"Feature","properties":{"k":"neben","name":"Münsterplatz"},"geometry":{"type":"LineString","coordinates":[[7.450733,46.947449],[7.450735,46.947409],[7.45075,46.947042],[7.450587,46.947024]]}},{"type":"Feature","properties":{"k":"neben","name":"Dalmaziquai"},"geometry":{"type":"LineString","coordinates":[[7.446312,46.944362],[7.446592,46.94486],[7.448147,46.945532],[7.449187,46.945558],[7.449339,46.944909]]}},{"type":"Feature","properties":{"k":"neben","name":"Marzilistrasse"},"geometry":{"type":"LineString","coordinates":[[7.443503,46.94294],[7.443513,46.942991],[7.443542,46.943141],[7.443547,46.943172]]}},{"type":"Feature","properties":{"k":"neben","name":"Englische Anlagen"},"geometry":{"type":"LineString","coordinates":[[7.451183,46.944301],[7.45042,46.944241]]}},{"type":"Feature","properties":{"k":"neben","name":"Englische Anlagen"},"geometry":{"type":"LineString","coordinates":[[7.4524,46.944117],[7.451998,46.944141],[7.451443,46.944411],[7.451183,46.944301]]}},{"type":"Feature","properties":{"k":"neben","name":"Dalmaziquai"},"geometry":{"type":"LineString","coordinates":[[7.445225,46.937169],[7.445496,46.936716]]}},{"type":"Feature","properties":{"k":"neben","name":"Waisenhausplatz"},"geometry":{"type":"LineString","coordinates":[[7.444216,46.949756],[7.444664,46.949672]]}},{"type":"Feature","properties":{"k":"neben","name":"Christoffelgasse"},"geometry":{"type":"LineString","coordinates":[[7.440755,46.947229],[7.440826,46.946886]]}},{"type":"Feature","properties":{"k":"neben","name":"Brügglerweg"},"geometry":{"type":"LineString","coordinates":[[7.46264,46.948842],[7.46083,46.947593]]}},{"type":"Feature","properties":{"k":"neben","name":"Haspelgasse"},"geometry":{"type":"LineString","coordinates":[[7.463081,46.948959],[7.46264,46.948842]]}},{"type":"Feature","properties":{"k":"neben","name":"Spitalgasse"},"geometry":{"type":"LineString","coordinates":[[7.442464,46.948053],[7.442195,46.948009]]}},{"type":"Feature","properties":{"k":"neben","name":"Theaterplatz"},"geometry":{"type":"LineString","coordinates":[[7.447484,46.947533],[7.44748,46.947992]]}},{"type":"Feature","properties":{"k":"neben","name":"Theaterplatz"},"geometry":{"type":"LineString","coordinates":[[7.447484,46.947533],[7.447424,46.947399],[7.447244,46.947342]]}},{"type":"Feature","properties":{"k":"neben","name":"Alpeneggstrasse"},"geometry":{"type":"LineString","coordinates":[[7.438958,46.95201],[7.438116,46.952933]]}},{"type":"Feature","properties":{"k":"neben","name":"Ankerstrasse"},"geometry":{"type":"LineString","coordinates":[[7.467232,46.943656],[7.466971,46.943476],[7.466569,46.943203],[7.46645,46.943122]]}},{"type":"Feature","properties":{"k":"neben","name":"Hodlerstrasse"},"geometry":{"type":"LineString","coordinates":[[7.444443,46.950004],[7.44421,46.950072],[7.444147,46.95033],[7.442584,46.951259]]}},{"type":"Feature","properties":{"k":"neben","name":"Wasserwerkgasse"},"geometry":{"type":"LineString","coordinates":[[7.456008,46.946467],[7.455916,46.946395],[7.455217,46.946202],[7.45473,46.946081]]}},{"type":"Feature","properties":{"k":"haupt","name":"Schanzenstrasse"},"geometry":{"type":"LineString","coordinates":[[7.43729,46.947703],[7.43725,46.947799],[7.437129,46.948083],[7.437109,46.948132]]}},{"type":"Feature","properties":{"k":"neben","name":"Giessereiweg"},"geometry":{"type":"LineString","coordinates":[[7.436821,46.941343],[7.435936,46.940935],[7.435747,46.94092]]}},{"type":"Feature","properties":{"k":"neben","name":"Rosenbühlgasse"},"geometry":{"type":"LineString","coordinates":[[7.426154,46.947948],[7.426171,46.947921]]}},{"type":"Feature","properties":{"k":"neben","name":"Rosenbühlgasse"},"geometry":{"type":"LineString","coordinates":[[7.426171,46.947921],[7.426455,46.94753]]}},{"type":"Feature","properties":{"k":"neben","name":"Rosenbühlgasse"},"geometry":{"type":"LineString","coordinates":[[7.424435,46.948614],[7.424798,46.948716],[7.425613,46.948713],[7.426154,46.947948]]}},{"type":"Feature","properties":{"k":"neben","name":"Rosenbühlgasse"},"geometry":{"type":"LineString","coordinates":[[7.424401,46.948592],[7.424435,46.948614]]}},{"type":"Feature","properties":{"k":"neben","name":"Genossenweg"},"geometry":{"type":"LineString","coordinates":[[7.428079,46.954318],[7.428026,46.954339],[7.427248,46.954645],[7.427199,46.954664]]}},{"type":"Feature","properties":{"k":"neben","name":"Schosshaldenstrasse"},"geometry":{"type":"LineString","coordinates":[[7.46642,46.947618],[7.466479,46.947652]]}},{"type":"Feature","properties":{"k":"haupt","name":"Viktoriarain"},"geometry":{"type":"LineString","coordinates":[[7.447653,46.954536],[7.446108,46.954493]]}},{"type":"Feature","properties":{"k":"neben","name":"Viktoriaplatz"},"geometry":{"type":"LineString","coordinates":[[7.450059,46.955409],[7.449852,46.954987],[7.449822,46.954928]]}},{"type":"Feature","properties":{"k":"neben","name":"Mittelstrasse"},"geometry":{"type":"LineString","coordinates":[[7.432579,46.953165],[7.43321,46.954408],[7.434296,46.955327]]}},{"type":"Feature","properties":{"k":"neben","name":"Ensingerstrasse"},"geometry":{"type":"LineString","coordinates":[[7.460892,46.942243],[7.458959,46.941223],[7.45877,46.941201]]}},{"type":"Feature","properties":{"k":"haupt","name":"Murtenstrasse"},"geometry":{"type":"LineString","coordinates":[[7.428697,46.948014],[7.428326,46.948073],[7.427852,46.948267]]}},{"type":"Feature","properties":{"k":"haupt","name":"Neue Murtenstrasse"},"geometry":{"type":"LineString","coordinates":[[7.400914,46.951008],[7.4007,46.951065]]}},{"type":"Feature","properties":{"k":"haupt","name":"Laupenstrasse"},"geometry":{"type":"LineString","coordinates":[[7.430929,46.947473],[7.430454,46.947538],[7.429562,46.947819]]}},{"type":"Feature","properties":{"k":"neben","name":"Rathausgasse"},"geometry":{"type":"LineString","coordinates":[[7.452095,46.948531],[7.448446,46.948481],[7.447631,46.948631]]}},{"type":"Feature","properties":{"k":"neben","name":"Rathausplatz"},"geometry":{"type":"LineString","coordinates":[[7.452539,46.94857],[7.452527,46.948569],[7.452267,46.948545]]}},{"type":"Feature","properties":{"k":"neben","name":"Rathausplatz"},"geometry":{"type":"LineString","coordinates":[[7.452294,46.948307],[7.452267,46.948545]]}},{"type":"Feature","properties":{"k":"neben","name":"Brechbühlerstrasse"},"geometry":{"type":"LineString","coordinates":[[7.467366,46.950864],[7.469196,46.951716],[7.469513,46.951997],[7.469508,46.95222],[7.469196,46.95231],[7.468709,46.952269],[7.466634,46.951638]]}},{"type":"Feature","properties":{"k":"neben","name":"Hirschengraben"},"geometry":{"type":"LineString","coordinates":[[7.437461,46.94623],[7.437209,46.945789]]}},{"type":"Feature","properties":{"k":"neben","name":"Neuengasse"},"geometry":{"type":"LineString","coordinates":[[7.442203,46.949011],[7.441607,46.949078],[7.441063,46.949148]]}},{"type":"Feature","properties":{"k":"neben","name":"Aarbergergasse"},"geometry":{"type":"LineString","coordinates":[[7.442409,46.949643],[7.441458,46.949841]]}},{"type":"Feature","properties":{"k":"neben","name":"Rosenweg"},"geometry":{"type":"LineString","coordinates":[[7.434117,46.935961],[7.433774,46.935533]]}},{"type":"Feature","properties":{"k":"haupt","name":"Thunplatz"},"geometry":{"type":"LineString","coordinates":[[7.458501,46.940384],[7.458698,46.940486]]}},{"type":"Feature","properties":{"k":"neben","name":"Bogenschützenstrasse"},"geometry":{"type":"LineString","coordinates":[[7.438544,46.947823],[7.438744,46.947409]]}},{"type":"Feature","properties":{"k":"neben","name":"Bahnstrasse"},"geometry":{"type":"LineString","coordinates":[[7.414991,46.948695],[7.416235,46.949583]]}},{"type":"Feature","properties":{"k":"neben","name":"Friedbühlstrasse"},"geometry":{"type":"LineString","coordinates":[[7.420048,46.945203],[7.420433,46.94472],[7.420391,46.944561]]}},{"type":"Feature","properties":{"k":"neben","name":"Mutachstrasse"},"geometry":{"type":"LineString","coordinates":[[7.417914,46.945073],[7.418014,46.94439]]}},{"type":"Feature","properties":{"k":"neben","name":"Bahnstrasse"},"geometry":{"type":"LineString","coordinates":[[7.416235,46.949583],[7.417172,46.950131],[7.420651,46.951047]]}},{"type":"Feature","properties":{"k":"neben","name":"Friedbühlstrasse"},"geometry":{"type":"LineString","coordinates":[[7.419891,46.945421],[7.420048,46.945203]]}},{"type":"Feature","properties":{"k":"neben","name":"Münstergasse"},"geometry":{"type":"LineString","coordinates":[[7.450506,46.947471],[7.451083,46.947445]]}},{"type":"Feature","properties":{"k":"haupt"},"geometry":{"type":"LineString","coordinates":[[7.466298,46.941895],[7.466242,46.94188],[7.4662,46.941857],[7.466136,46.941803]]}},{"type":"Feature","properties":{"k":"haupt"},"geometry":{"type":"LineString","coordinates":[[7.466136,46.941803],[7.466158,46.941665]]}},{"type":"Feature","properties":{"k":"haupt"},"geometry":{"type":"LineString","coordinates":[[7.46629,46.94158],[7.466554,46.941646]]}},{"type":"Feature","properties":{"k":"haupt","name":"Ostring"},"geometry":{"type":"LineString","coordinates":[[7.471063,46.944365],[7.469912,46.943601]]}},{"type":"Feature","properties":{"k":"haupt","name":"Ostring"},"geometry":{"type":"LineString","coordinates":[[7.472594,46.94513],[7.472259,46.945242],[7.471778,46.945242]]}},{"type":"Feature","properties":{"k":"haupt","name":"Ostring"},"geometry":{"type":"LineString","coordinates":[[7.47195,46.944755],[7.472151,46.944759]]}},{"type":"Feature","properties":{"k":"haupt","name":"Ostring"},"geometry":{"type":"LineString","coordinates":[[7.468139,46.942499],[7.468817,46.942817],[7.468846,46.94283]]}},{"type":"Feature","properties":{"k":"haupt","name":"Ostring"},"geometry":{"type":"LineString","coordinates":[[7.467237,46.942209],[7.467188,46.942195],[7.467096,46.942175],[7.466994,46.942149]]}},{"type":"Feature","properties":{"k":"haupt","name":"Thunstrasse"},"geometry":{"type":"LineString","coordinates":[[7.465084,46.941407],[7.46629,46.94158]]}},{"type":"Feature","properties":{"k":"neben","name":"Elfenstrasse"},"geometry":{"type":"LineString","coordinates":[[7.462584,46.938823],[7.46286,46.93857]]}},{"type":"Feature","properties":{"k":"haupt","name":"Kirchenfeldstrasse"},"geometry":{"type":"LineString","coordinates":[[7.449092,46.940106],[7.449148,46.940109],[7.449386,46.940119],[7.449835,46.940137]]}},{"type":"Feature","properties":{"k":"haupt","name":"Kirchenfeldstrasse"},"geometry":{"type":"LineString","coordinates":[[7.446649,46.939995],[7.447264,46.940024]]}},{"type":"Feature","properties":{"k":"haupt","name":"Kirchenfeldstrasse"},"geometry":{"type":"LineString","coordinates":[[7.453296,46.940263],[7.453627,46.940275]]}},{"type":"Feature","properties":{"k":"haupt","name":"Kirchenfeldstrasse"},"geometry":{"type":"LineString","coordinates":[[7.451829,46.9402],[7.452179,46.940212],[7.452259,46.940216]]}},{"type":"Feature","properties":{"k":"haupt","name":"Kirchenfeldstrasse"},"geometry":{"type":"LineString","coordinates":[[7.453894,46.940286],[7.456532,46.940395]]}},{"type":"Feature","properties":{"k":"haupt","name":"Kirchenfeldstrasse"},"geometry":{"type":"LineString","coordinates":[[7.451164,46.940182],[7.451241,46.940184],[7.451572,46.940192],[7.451829,46.9402]]}},{"type":"Feature","properties":{"k":"haupt","name":"Kirchenfeldstrasse"},"geometry":{"type":"LineString","coordinates":[[7.458008,46.940529],[7.457885,46.94049],[7.457725,46.940447]]}},{"type":"Feature","properties":{"k":"haupt","name":"Schwarzenburgstrasse"},"geometry":{"type":"LineString","coordinates":[[7.428472,46.939129],[7.428196,46.938805]]}},{"type":"Feature","properties":{"k":"haupt","name":"Thunplatz"},"geometry":{"type":"LineString","coordinates":[[7.458253,46.940389],[7.458501,46.940384]]}},{"type":"Feature","properties":{"k":"haupt","name":"Thunstrasse"},"geometry":{"type":"LineString","coordinates":[[7.463997,46.941199],[7.464049,46.941207],[7.464573,46.941292]]}},{"type":"Feature","properties":{"k":"haupt","name":"Thunstrasse"},"geometry":{"type":"LineString","coordinates":[[7.459252,46.940517],[7.458661,46.94056]]}},{"type":"Feature","properties":{"k":"haupt","name":"Weissensteinstrasse"},"geometry":{"type":"LineString","coordinates":[[7.426653,46.939251],[7.425695,46.939534],[7.423243,46.939857]]}},{"type":"Feature","properties":{"k":"haupt","name":"Weissensteinstrasse"},"geometry":{"type":"LineString","coordinates":[[7.427408,46.938911],[7.427056,46.939065],[7.426801,46.939178],[7.426653,46.939251]]}},{"type":"Feature","properties":{"k":"haupt","name":"Ostring"},"geometry":{"type":"LineString","coordinates":[[7.472491,46.944789],[7.472661,46.944972]]}},{"type":"Feature","properties":{"k":"haupt"},"geometry":{"type":"LineString","coordinates":[[7.405067,46.950812],[7.403137,46.950943],[7.401309,46.951268],[7.399605,46.951767],[7.397879,46.952508]]}},{"type":"Feature","properties":{"k":"haupt","name":"Bremgartenstrasse"},"geometry":{"type":"LineString","coordinates":[[7.420283,46.952612],[7.420147,46.952578],[7.42006,46.952557]]}},{"type":"Feature","properties":{"k":"neben","name":"Bubenbergplatz"},"geometry":{"type":"LineString","coordinates":[[7.439663,46.947421],[7.439763,46.947438]]}},{"type":"Feature","properties":{"k":"neben","name":"Schosshaldenstrasse"},"geometry":{"type":"LineString","coordinates":[[7.472607,46.950764],[7.472681,46.950783]]}},{"type":"Feature","properties":{"k":"neben","name":"Spitalgasse"},"geometry":{"type":"LineString","coordinates":[[7.442195,46.948009],[7.442464,46.948053]]}},{"type":"Feature","properties":{"k":"neben","name":"Spitalgasse"},"geometry":{"type":"LineString","coordinates":[[7.442464,46.948053],[7.443521,46.948219]]}},{"type":"Feature","properties":{"k":"haupt"},"geometry":{"type":"LineString","coordinates":[[7.460027,46.948277],[7.459987,46.948378]]}},{"type":"Feature","properties":{"k":"haupt","name":"Freiburgstrasse"},"geometry":{"type":"LineString","coordinates":[[7.405601,46.942935],[7.405636,46.942941],[7.405819,46.942978],[7.405945,46.943013]]}},{"type":"Feature","properties":{"k":"haupt","name":"Freiburgstrasse"},"geometry":{"type":"LineString","coordinates":[[7.407291,46.943441],[7.406849,46.94343],[7.405787,46.943114]]}},{"type":"Feature","properties":{"k":"neben","name":"Murtenstrasse"},"geometry":{"type":"LineString","coordinates":[[7.398,46.949024],[7.397814,46.949052],[7.397736,46.949064],[7.397687,46.949066]]}},{"type":"Feature","properties":{"k":"neben","name":"Murtenstrasse"},"geometry":{"type":"LineString","coordinates":[[7.400352,46.949652],[7.399809,46.9495]]}},{"type":"Feature","properties":{"k":"neben","name":"Stöckackerstrasse"},"geometry":{"type":"LineString","coordinates":[[7.403436,46.949021],[7.403408,46.949427]]}},{"type":"Feature","properties":{"k":"haupt","name":"Neue Murtenstrasse"},"geometry":{"type":"LineString","coordinates":[[7.40077,46.950978],[7.40093,46.950934],[7.401025,46.950908]]}},{"type":"Feature","properties":{"k":"neben"},"geometry":{"type":"LineString","coordinates":[[7.444866,46.944717],[7.444937,46.944708]]}},{"type":"Feature","properties":{"k":"haupt"},"geometry":{"type":"LineString","coordinates":[[7.421814,46.944628],[7.421651,46.944671]]}},{"type":"Feature","properties":{"k":"haupt","name":"Ostermundigenstrasse"},"geometry":{"type":"LineString","coordinates":[[7.477117,46.954362],[7.476991,46.954317]]}},{"type":"Feature","properties":{"k":"neben","name":"Kochergasse"},"geometry":{"type":"LineString","coordinates":[[7.444638,46.946885],[7.444843,46.946831],[7.447236,46.946819]]}},{"type":"Feature","properties":{"k":"haupt","name":"Kirchenfeldstrasse"},"geometry":{"type":"LineString","coordinates":[[7.453627,46.940275],[7.453894,46.940286]]}},{"type":"Feature","properties":{"k":"haupt","name":"Laupenstrasse"},"geometry":{"type":"LineString","coordinates":[[7.435973,46.947263],[7.435856,46.947267]]}},{"type":"Feature","properties":{"k":"neben","name":"Kirchenfeldbrücke"},"geometry":{"type":"LineString","coordinates":[[7.448923,46.944424],[7.448378,46.946442]]}},{"type":"Feature","properties":{"k":"neben","name":"Casinoplatz"},"geometry":{"type":"LineString","coordinates":[[7.448378,46.946442],[7.448021,46.946805]]}},{"type":"Feature","properties":{"k":"neben","name":"Casinoplatz"},"geometry":{"type":"LineString","coordinates":[[7.448021,46.946805],[7.448103,46.946884],[7.448103,46.947301]]}},{"type":"Feature","properties":{"k":"neben","name":"Helvetiaplatz"},"geometry":{"type":"LineString","coordinates":[[7.449005,46.944133],[7.448923,46.944424]]}},{"type":"Feature","properties":{"k":"neben","name":"Helvetiaplatz"},"geometry":{"type":"LineString","coordinates":[[7.449893,46.943889],[7.449488,46.943927],[7.449005,46.944133]]}},{"type":"Feature","properties":{"k":"neben","name":"Thunstrasse"},"geometry":{"type":"LineString","coordinates":[[7.449774,46.943672],[7.449974,46.943597],[7.450034,46.943575],[7.450162,46.943529]]}},{"type":"Feature","properties":{"k":"neben","name":"Bubenbergplatz"},"geometry":{"type":"LineString","coordinates":[[7.440527,46.947306],[7.440755,46.947229]]}},{"type":"Feature","properties":{"k":"haupt","name":"Thunplatz"},"geometry":{"type":"LineString","coordinates":[[7.458008,46.940529],[7.458118,46.940439]]}},{"type":"Feature","properties":{"k":"haupt","name":"Thunplatz"},"geometry":{"type":"LineString","coordinates":[[7.458698,46.940486],[7.458661,46.94056]]}},{"type":"Feature","properties":{"k":"neben","name":"Kornhausplatz"},"geometry":{"type":"LineString","coordinates":[[7.44748,46.947992],[7.447631,46.948631]]}},{"type":"Feature","properties":{"k":"neben","name":"Spitalgasse"},"geometry":{"type":"LineString","coordinates":[[7.443521,46.948219],[7.4437,46.948223]]}},{"type":"Feature","properties":{"k":"haupt","name":"Schwarzenburgstrasse"},"geometry":{"type":"LineString","coordinates":[[7.429741,46.939798],[7.429579,46.939727],[7.429409,46.939657]]}},{"type":"Feature","properties":{"k":"neben","name":"Schosshaldenstrasse"},"geometry":{"type":"LineString","coordinates":[[7.472808,46.950817],[7.472839,46.950825]]}},{"type":"Feature","properties":{"k":"neben","name":"Christoffelgasse"},"geometry":{"type":"LineString","coordinates":[[7.440826,46.946886],[7.440987,46.94642]]}},{"type":"Feature","properties":{"k":"haupt","name":"Laupenstrasse"},"geometry":{"type":"LineString","coordinates":[[7.437495,46.947216],[7.437157,46.947222]]}},{"type":"Feature","properties":{"k":"haupt","name":"Eigerstrasse"},"geometry":{"type":"LineString","coordinates":[[7.437202,46.939677],[7.437698,46.939604],[7.4395,46.939669]]}},{"type":"Feature","properties":{"k":"neben","name":"Egghölzlistrasse"},"geometry":{"type":"LineString","coordinates":[[7.473719,46.936008],[7.472547,46.935508],[7.470502,46.934344]]}},{"type":"Feature","properties":{"k":"haupt","name":"Muristrasse"},"geometry":{"type":"LineString","coordinates":[[7.476259,46.937025],[7.476186,46.937056],[7.476019,46.937124]]}},{"type":"Feature","properties":{"k":"haupt","name":"Laubeggstrasse"},"geometry":{"type":"LineString","coordinates":[[7.471183,46.945306],[7.470938,46.945439]]}},{"type":"Feature","properties":{"k":"haupt","name":"Neue Murtenstrasse"},"geometry":{"type":"LineString","coordinates":[[7.401665,46.950789],[7.401331,46.950897],[7.400987,46.950989],[7.400914,46.951008]]}},{"type":"Feature","properties":{"k":"haupt","name":"Laupenstrasse"},"geometry":{"type":"LineString","coordinates":[[7.437157,46.947222],[7.436867,46.947232],[7.43648,46.947244]]}},{"type":"Feature","properties":{"k":"haupt","name":"Effingerstrasse"},"geometry":{"type":"LineString","coordinates":[[7.433111,46.945914],[7.432593,46.945924]]}},{"type":"Feature","properties":{"k":"neben","name":"Bürkiweg"},"geometry":{"type":"LineString","coordinates":[[7.432135,46.938916],[7.43191,46.938951]]}},{"type":"Feature","properties":{"k":"neben","name":"Mayweg"},"geometry":{"type":"LineString","coordinates":[[7.433249,46.938758],[7.433779,46.939498]]}},{"type":"Feature","properties":{"k":"neben","name":"Weissenbühlweg"},"geometry":{"type":"LineString","coordinates":[[7.432215,46.938107],[7.433837,46.937957],[7.435097,46.937446]]}},{"type":"Feature","properties":{"k":"neben","name":"Graffenriedweg"},"geometry":{"type":"LineString","coordinates":[[7.432071,46.937844],[7.430121,46.938189]]}},{"type":"Feature","properties":{"k":"neben","name":"Dapplesweg"},"geometry":{"type":"LineString","coordinates":[[7.433809,46.937498],[7.434222,46.937422],[7.434252,46.937352],[7.434152,46.937404]]}},{"type":"Feature","properties":{"k":"neben","name":"Holzikofenweg"},"geometry":{"type":"LineString","coordinates":[[7.43217,46.93725],[7.432372,46.937283],[7.433126,46.937182]]}},{"type":"Feature","properties":{"k":"haupt"},"geometry":{"type":"LineString","coordinates":[[7.432133,46.936929],[7.431979,46.936846]]}},{"type":"Feature","properties":{"k":"haupt","name":"Seftigenstrasse"},"geometry":{"type":"LineString","coordinates":[[7.432133,46.936929],[7.432137,46.936965],[7.432142,46.937002]]}},{"type":"Feature","properties":{"k":"neben","name":"Obere Zollgasse"},"geometry":{"type":"LineString","coordinates":[[7.483875,46.947509],[7.483673,46.946725],[7.483618,46.945789],[7.483411,46.945207],[7.482725,46.944079],[7.481911,46.943265]]}},{"type":"Feature","properties":{"k":"neben","name":"Robinsonweg"},"geometry":{"type":"LineString","coordinates":[[7.483721,46.947542],[7.482918,46.947767],[7.482677,46.947746]]}},{"type":"Feature","properties":{"k":"neben","name":"Seminarstrasse"},"geometry":{"type":"LineString","coordinates":[[7.458608,46.940852],[7.458509,46.940763],[7.458462,46.940727],[7.458398,46.940676]]}},{"type":"Feature","properties":{"k":"neben","name":"Seminarstrasse"},"geometry":{"type":"LineString","coordinates":[[7.45877,46.941201],[7.458626,46.940891],[7.458608,46.940852]]}},{"type":"Feature","properties":{"k":"neben","name":"Seminarstrasse"},"geometry":{"type":"LineString","coordinates":[[7.459605,46.943009],[7.45877,46.941201]]}},{"type":"Feature","properties":{"k":"neben","name":"Seminarstrasse"},"geometry":{"type":"LineString","coordinates":[[7.458568,46.940616],[7.458607,46.940738],[7.458608,46.940852]]}},{"type":"Feature","properties":{"k":"neben","name":"Brunnadernstrasse"},"geometry":{"type":"LineString","coordinates":[[7.463191,46.94085],[7.463093,46.941145]]}},{"type":"Feature","properties":{"k":"neben","name":"Brunnadernstrasse"},"geometry":{"type":"LineString","coordinates":[[7.463191,46.94085],[7.463236,46.940983],[7.463267,46.941021],[7.463334,46.9411]]}},{"type":"Feature","properties":{"k":"neben","name":"Freiburgstrasse"},"geometry":{"type":"LineString","coordinates":[[7.409173,46.943731],[7.409497,46.942967],[7.411141,46.942593]]}},{"type":"Feature","properties":{"k":"neben","name":"Herrengasse"},"geometry":{"type":"LineString","coordinates":[[7.450587,46.947024],[7.449387,46.94708]]}},{"type":"Feature","properties":{"k":"haupt","name":"Weissensteinstrasse"},"geometry":{"type":"LineString","coordinates":[[7.427998,46.938603],[7.427408,46.938911]]}},{"type":"Feature","properties":{"k":"neben","name":"Schlössliweg"},"geometry":{"type":"LineString","coordinates":[[7.476865,46.935161],[7.478069,46.936193]]}},{"type":"Feature","properties":{"k":"neben","name":"Nussbaumstrasse"},"geometry":{"type":"LineString","coordinates":[[7.467799,46.95502],[7.466431,46.954486],[7.46631,46.954439]]}},{"type":"Feature","properties":{"k":"haupt","name":"Thunplatz"},"geometry":{"type":"LineString","coordinates":[[7.45802,46.940616],[7.458008,46.940529]]}},{"type":"Feature","properties":{"k":"neben","name":"Postgasse"},"geometry":{"type":"LineString","coordinates":[[7.453258,46.948654],[7.45285,46.948596]]}},{"type":"Feature","properties":{"k":"neben","name":"Mühlenplatz"},"geometry":{"type":"LineString","coordinates":[[7.456335,46.94687],[7.455929,46.946677]]}},{"type":"Feature","properties":{"k":"neben","name":"Bubenbergrain"},"geometry":{"type":"LineString","coordinates":[[7.45346,46.946932],[7.453987,46.947079],[7.453944,46.947277]]}},{"type":"Feature","properties":{"k":"neben","name":"Viktoriaplatz"},"geometry":{"type":"LineString","coordinates":[[7.450688,46.954798],[7.451317,46.955058],[7.451433,46.955186]]}},{"type":"Feature","properties":{"k":"neben","name":"Aarstrasse"},"geometry":{"type":"LineString","coordinates":[[7.448585,46.946023],[7.44842,46.946022]]}},{"type":"Feature","properties":{"k":"neben","name":"Aarstrasse"},"geometry":{"type":"LineString","coordinates":[[7.44842,46.946022],[7.447603,46.94596],[7.446353,46.945722]]}},{"type":"Feature","properties":{"k":"neben","name":"Schwanengasse"},"geometry":{"type":"LineString","coordinates":[[7.43922,46.946208],[7.439113,46.946471],[7.439092,46.946523]]}},{"type":"Feature","properties":{"k":"neben","name":"Elfenauweg"},"geometry":{"type":"LineString","coordinates":[[7.464048,46.935251],[7.463532,46.934613]]}},{"type":"Feature","properties":{"k":"neben","name":"Landhausweg"},"geometry":{"type":"LineString","coordinates":[[7.432982,46.936002],[7.433463,46.936314],[7.433922,46.937081]]}},{"type":"Feature","properties":{"k":"neben","name":"Fischermättelistrasse"},"geometry":{"type":"LineString","coordinates":[[7.41441,46.941198],[7.417144,46.940541]]}},{"type":"Feature","properties":{"k":"neben","name":"Fischermättelistrasse"},"geometry":{"type":"LineString","coordinates":[[7.413839,46.941306],[7.414347,46.941509]]}},{"type":"Feature","properties":{"k":"neben","name":"Bethlehemstrasse"},"geometry":{"type":"LineString","coordinates":[[7.397232,46.946024],[7.397425,46.946138],[7.39822,46.946121],[7.398369,46.945986]]}},{"type":"Feature","properties":{"k":"neben","name":"Stämpflistrasse"},"geometry":{"type":"LineString","coordinates":[[7.415114,46.943333],[7.416258,46.943406]]}},{"type":"Feature","properties":{"k":"neben","name":"Stoossstrasse"},"geometry":{"type":"LineString","coordinates":[[7.414831,46.942655],[7.415217,46.942075],[7.41593,46.941828]]}},{"type":"Feature","properties":{"k":"neben","name":"Stämpflistrasse"},"geometry":{"type":"LineString","coordinates":[[7.4134,46.943537],[7.41353,46.943036],[7.41387,46.942389]]}},{"type":"Feature","properties":{"k":"haupt","name":"Bollwerk"},"geometry":{"type":"LineString","coordinates":[[7.440565,46.950111],[7.440654,46.950945]]}},{"type":"Feature","properties":{"k":"neben","name":"Looslistrasse"},"geometry":{"type":"LineString","coordinates":[[7.396735,46.94746],[7.39715,46.947055],[7.397373,46.947045],[7.39757,46.947156],[7.397084,46.947593],[7.396735,46.94746]]}},{"type":"Feature","properties":{"k":"neben","name":"Langobardenstrasse"},"geometry":{"type":"LineString","coordinates":[[7.398766,46.945136],[7.399567,46.945427],[7.399753,46.945397],[7.399706,46.945455],[7.399567,46.945427]]}},{"type":"Feature","properties":{"k":"neben","name":"Werkgasse"},"geometry":{"type":"LineString","coordinates":[[7.402991,46.943578],[7.403794,46.943648],[7.405171,46.944459]]}},{"type":"Feature","properties":{"k":"neben","name":"Kehrgasse"},"geometry":{"type":"LineString","coordinates":[[7.401089,46.943046],[7.401594,46.943842],[7.401644,46.944281],[7.400704,46.944849]]}},{"type":"Feature","properties":{"k":"neben","name":"Keltenstrasse"},"geometry":{"type":"LineString","coordinates":[[7.397376,46.945514],[7.395343,46.944074]]}},{"type":"Feature","properties":{"k":"neben","name":"Bethlehemstrasse"},"geometry":{"type":"LineString","coordinates":[[7.40378,46.943054],[7.40352,46.943225],[7.400984,46.943039]]}},{"type":"Feature","properties":{"k":"neben","name":"Bienenstrasse"},"geometry":{"type":"LineString","coordinates":[[7.402445,46.944382],[7.402328,46.944572]]}},{"type":"Feature","properties":{"k":"haupt","name":"Eigerstrasse"},"geometry":{"type":"LineString","coordinates":[[7.439942,46.939686],[7.440299,46.939759]]}},{"type":"Feature","properties":{"k":"neben","name":"Freiburgstrasse"},"geometry":{"type":"LineString","coordinates":[[7.415995,46.946192],[7.415665,46.946193],[7.415477,46.946194]]}},{"type":"Feature","properties":{"k":"neben","name":"Huberstrasse"},"geometry":{"type":"LineString","coordinates":[[7.41543,46.946068],[7.41544,46.946099],[7.415464,46.94614],[7.415477,46.946194]]}},{"type":"Feature","properties":{"k":"haupt","name":"Eigerstrasse"},"geometry":{"type":"LineString","coordinates":[[7.436304,46.939782],[7.435893,46.939926]]}},{"type":"Feature","properties":{"k":"haupt","name":"Seftigenstrasse"},"geometry":{"type":"LineString","coordinates":[[7.440304,46.933881],[7.441183,46.933304],[7.444833,46.931942]]}},{"type":"Feature","properties":{"k":"neben","name":"Friedheimweg"},"geometry":{"type":"LineString","coordinates":[[7.437903,46.936949],[7.438273,46.937395],[7.438759,46.93779]]}},{"type":"Feature","properties":{"k":"haupt","name":"Neue Murtenstrasse"},"geometry":{"type":"LineString","coordinates":[[7.401025,46.950908],[7.401163,46.950877],[7.401308,46.950846],[7.401665,46.950789]]}},{"type":"Feature","properties":{"k":"neben","name":"Marktgasse"},"geometry":{"type":"LineString","coordinates":[[7.4437,46.948223],[7.443873,46.948185]]}},{"type":"Feature","properties":{"k":"neben","name":"Marktgasse"},"geometry":{"type":"LineString","coordinates":[[7.443873,46.948185],[7.443941,46.94818],[7.444005,46.948174]]}},{"type":"Feature","properties":{"k":"neben","name":"Marktgasse"},"geometry":{"type":"LineString","coordinates":[[7.444516,46.948125],[7.444374,46.948173],[7.444139,46.948216]]}},{"type":"Feature","properties":{"k":"neben","name":"Marktgasse"},"geometry":{"type":"LineString","coordinates":[[7.444005,46.948174],[7.444139,46.948155]]}},{"type":"Feature","properties":{"k":"neben","name":"Marktgasse"},"geometry":{"type":"LineString","coordinates":[[7.444516,46.948125],[7.446288,46.947929]]}},{"type":"Feature","properties":{"k":"haupt","name":"Murtenstrasse"},"geometry":{"type":"LineString","coordinates":[[7.422198,46.951497],[7.42213,46.951518],[7.421986,46.951561]]}},{"type":"Feature","properties":{"k":"haupt","name":"Murtenstrasse"},"geometry":{"type":"LineString","coordinates":[[7.427852,46.948267],[7.427778,46.948308],[7.427699,46.948348],[7.42761,46.948389]]}},{"type":"Feature","properties":{"k":"neben","name":"Finkenrain"},"geometry":{"type":"LineString","coordinates":[[7.431516,46.951304],[7.43141,46.951093],[7.43097,46.951012]]}},{"type":"Feature","properties":{"k":"neben","name":"Gesellschaftsstrasse"},"geometry":{"type":"LineString","coordinates":[[7.438456,46.951541],[7.435702,46.953102]]}},{"type":"Feature","properties":{"k":"neben","name":"Schosshaldenstrasse"},"geometry":{"type":"LineString","coordinates":[[7.465637,46.946963],[7.466191,46.947261]]}},{"type":"Feature","properties":{"k":"neben","name":"Schosshaldenstrasse"},"geometry":{"type":"LineString","coordinates":[[7.466191,46.947261],[7.466434,46.947286]]}},{"type":"Feature","properties":{"k":"neben","name":"Schosshaldenstrasse"},"geometry":{"type":"LineString","coordinates":[[7.466191,46.947261],[7.466291,46.947406]]}},{"type":"Feature","properties":{"k":"haupt","name":"Tiefenaustrasse"},"geometry":{"type":"LineString","coordinates":[[7.43925,46.95436],[7.439237,46.954604],[7.439204,46.955057]]}},{"type":"Feature","properties":{"k":"haupt","name":"Kleine Westtangente"},"geometry":{"type":"LineString","coordinates":[[7.4387,46.953157],[7.439636,46.951853],[7.43975,46.95138]]}},{"type":"Feature","properties":{"k":"haupt","name":"Kleine Westtangente"},"geometry":{"type":"LineString","coordinates":[[7.438805,46.953426],[7.4387,46.953157]]}},{"type":"Feature","properties":{"k":"haupt","name":"Neubrückstrasse"},"geometry":{"type":"LineString","coordinates":[[7.439869,46.95324],[7.439891,46.953089]]}},{"type":"Feature","properties":{"k":"haupt","name":"Schützenmattstrasse"},"geometry":{"type":"LineString","coordinates":[[7.439869,46.95324],[7.439564,46.953277]]}},{"type":"Feature","properties":{"k":"haupt","name":"Schützenmattstrasse"},"geometry":{"type":"LineString","coordinates":[[7.440415,46.95337],[7.439869,46.95324]]}},{"type":"Feature","properties":{"k":"haupt","name":"Schützenmattstrasse"},"geometry":{"type":"LineString","coordinates":[[7.439488,46.953324],[7.43939,46.95338]]}},{"type":"Feature","properties":{"k":"haupt","name":"Murtenstrasse"},"geometry":{"type":"LineString","coordinates":[[7.42006,46.952557],[7.419869,46.952514]]}},{"type":"Feature","properties":{"k":"haupt","name":"Murtenstrasse"},"geometry":{"type":"LineString","coordinates":[[7.419869,46.952514],[7.419982,46.952436]]}},{"type":"Feature","properties":{"k":"neben","name":"Bogenschützenstrasse"},"geometry":{"type":"LineString","coordinates":[[7.437956,46.947728],[7.438051,46.947745],[7.438064,46.947747]]}},{"type":"Feature","properties":{"k":"neben","name":"Bogenschützenstrasse"},"geometry":{"type":"LineString","coordinates":[[7.437325,46.947619],[7.437488,46.947648],[7.437956,46.947728]]}},{"type":"Feature","properties":{"k":"haupt","name":"Schwarzenburgstrasse"},"geometry":{"type":"LineString","coordinates":[[7.425328,46.936451],[7.425257,46.936356],[7.425173,46.936249]]}},{"type":"Feature","properties":{"k":"haupt"},"geometry":{"type":"LineString","coordinates":[[7.431509,46.940571],[7.431229,46.940666]]}},{"type":"Feature","properties":{"k":"haupt"},"geometry":{"type":"LineString","coordinates":[[7.431179,46.940659],[7.431097,46.940588]]}},{"type":"Feature","properties":{"k":"neben","name":"Schosshaldenstrasse"},"geometry":{"type":"LineString","coordinates":[[7.46541,46.946867],[7.465536,46.94691]]}},{"type":"Feature","properties":{"k":"neben","name":"Mühlemattstrasse"},"geometry":{"type":"LineString","coordinates":[[7.432101,46.942073],[7.431565,46.941277]]}},{"type":"Feature","properties":{"k":"neben","name":"Schwarztorstrasse"},"geometry":{"type":"LineString","coordinates":[[7.435415,46.94326],[7.435561,46.943205]]}},{"type":"Feature","properties":{"k":"haupt"},"geometry":{"type":"LineString","coordinates":[[7.431252,46.940439],[7.431441,46.940421]]}},{"type":"Feature","properties":{"k":"neben","name":"Mattenhofstrasse"},"geometry":{"type":"LineString","coordinates":[[7.431675,46.942856],[7.433355,46.942306]]}},{"type":"Feature","properties":{"k":"neben","name":"Mühlemattstrasse"},"geometry":{"type":"LineString","coordinates":[[7.433568,46.942369],[7.433355,46.942306]]}},{"type":"Feature","properties":{"k":"haupt","name":"Turnierstrasse"},"geometry":{"type":"LineString","coordinates":[[7.414728,46.936377],[7.414663,46.936596],[7.414609,46.936819],[7.414586,46.936906]]}},{"type":"Feature","properties":{"k":"neben","name":"Lorrainestrasse"},"geometry":{"type":"LineString","coordinates":[[7.445073,46.955875],[7.445393,46.954767]]}},{"type":"Feature","properties":{"k":"haupt","name":"Bollwerk"},"geometry":{"type":"LineString","coordinates":[[7.441697,46.9519],[7.441886,46.952014],[7.441962,46.952058],[7.442135,46.952169]]}},{"type":"Feature","properties":{"k":"haupt","name":"Neubrückstrasse"},"geometry":{"type":"LineString","coordinates":[[7.440752,46.952155],[7.440705,46.951428]]}},{"type":"Feature","properties":{"k":"haupt","name":"Weissensteinstrasse"},"geometry":{"type":"LineString","coordinates":[[7.408953,46.94155],[7.409009,46.941548]]}},{"type":"Feature","properties":{"k":"haupt","name":"Weissensteinstrasse"},"geometry":{"type":"LineString","coordinates":[[7.408275,46.941603],[7.408442,46.941589],[7.408593,46.941576]]}},{"type":"Feature","properties":{"k":"haupt","name":"Weissensteinstrasse"},"geometry":{"type":"LineString","coordinates":[[7.410288,46.941812],[7.409699,46.941688]]}},{"type":"Feature","properties":{"k":"haupt","name":"Turnierstrasse"},"geometry":{"type":"LineString","coordinates":[[7.409389,46.939955],[7.409287,46.940151],[7.40923,46.940268]]}},{"type":"Feature","properties":{"k":"haupt"},"geometry":{"type":"LineString","coordinates":[[7.40332,46.939026],[7.401098,46.938413]]}},{"type":"Feature","properties":{"k":"haupt"},"geometry":{"type":"LineString","coordinates":[[7.406589,46.948458],[7.406615,46.946764],[7.406641,46.94498]]}},{"type":"Feature","properties":{"k":"haupt"},"geometry":{"type":"LineString","coordinates":[[7.401098,46.938413],[7.400047,46.938061]]}},{"type":"Feature","properties":{"k":"haupt"},"geometry":{"type":"LineString","coordinates":[[7.40271,46.938754],[7.404018,46.939174]]}},{"type":"Feature","properties":{"k":"haupt"},"geometry":{"type":"LineString","coordinates":[[7.400106,46.937985],[7.40271,46.938754]]}},{"type":"Feature","properties":{"k":"haupt"},"geometry":{"type":"LineString","coordinates":[[7.406761,46.944912],[7.406733,46.946765]]}},{"type":"Feature","properties":{"k":"haupt"},"geometry":{"type":"LineString","coordinates":[[7.406733,46.946765],[7.406712,46.948096]]}},{"type":"Feature","properties":{"k":"haupt"},"geometry":{"type":"LineString","coordinates":[[7.431999,46.936796],[7.432169,46.936764]]}},{"type":"Feature","properties":{"k":"neben","name":"Südbahnhofstrasse"},"geometry":{"type":"LineString","coordinates":[[7.430207,46.935877],[7.4304,46.93582],[7.430427,46.935995]]}},{"type":"Feature","properties":{"k":"neben","name":"Südbahnhofstrasse"},"geometry":{"type":"LineString","coordinates":[[7.430427,46.935995],[7.430137,46.936025],[7.430207,46.935877]]}},{"type":"Feature","properties":{"k":"haupt","name":"Belpstrasse"},"geometry":{"type":"LineString","coordinates":[[7.43403,46.946622],[7.434417,46.94732]]}},{"type":"Feature","properties":{"k":"haupt","name":"Schwarztorstrasse"},"geometry":{"type":"LineString","coordinates":[[7.42632,46.944642],[7.427193,46.944648]]}},{"type":"Feature","properties":{"k":"haupt","name":"Schwarztorstrasse"},"geometry":{"type":"LineString","coordinates":[[7.430292,46.944616],[7.431677,46.944426]]}},{"type":"Feature","properties":{"k":"haupt","name":"Schwarztorstrasse"},"geometry":{"type":"LineString","coordinates":[[7.4319,46.944395],[7.432126,46.944364],[7.432335,46.944335],[7.43239,46.944327]]}},{"type":"Feature","properties":{"k":"haupt"},"geometry":{"type":"LineString","coordinates":[[7.415163,46.953821],[7.415888,46.95434],[7.416357,46.954682],[7.417398,46.955468]]}},{"type":"Feature","properties":{"k":"haupt"},"geometry":{"type":"LineString","coordinates":[[7.411255,46.951714],[7.413295,46.952645]]}},{"type":"Feature","properties":{"k":"haupt"},"geometry":{"type":"LineString","coordinates":[[7.40796,46.951002],[7.406476,46.950847],[7.405067,46.950812]]}},{"type":"Feature","properties":{"k":"haupt"},"geometry":{"type":"LineString","coordinates":[[7.396324,46.953189],[7.398618,46.952045]]}},{"type":"Feature","properties":{"k":"haupt"},"geometry":{"type":"LineString","coordinates":[[7.397879,46.952508],[7.397639,46.95263],[7.3974,46.952753],[7.397077,46.952921]]}},{"type":"Feature","properties":{"k":"haupt"},"geometry":{"type":"LineString","coordinates":[[7.410369,46.951542],[7.40796,46.951002]]}},{"type":"Feature","properties":{"k":"haupt"},"geometry":{"type":"LineString","coordinates":[[7.432169,46.936764],[7.432237,46.936853],[7.432133,46.936929]]}},{"type":"Feature","properties":{"k":"haupt","name":"Schwarztorstrasse"},"geometry":{"type":"LineString","coordinates":[[7.427193,46.944648],[7.429018,46.944656]]}},{"type":"Feature","properties":{"k":"haupt","name":"Schwarztorstrasse"},"geometry":{"type":"LineString","coordinates":[[7.429274,46.944666],[7.429793,46.944671]]}},{"type":"Feature","properties":{"k":"haupt","name":"Schwarztorstrasse"},"geometry":{"type":"LineString","coordinates":[[7.429793,46.944671],[7.430292,46.944616]]}},{"type":"Feature","properties":{"k":"haupt","name":"Zieglerstrasse"},"geometry":{"type":"LineString","coordinates":[[7.429708,46.944914],[7.429793,46.944671]]}},{"type":"Feature","properties":{"k":"haupt","name":"Zieglerstrasse"},"geometry":{"type":"LineString","coordinates":[[7.429429,46.945808],[7.429542,46.945444]]}},{"type":"Feature","properties":{"k":"haupt","name":"Zieglerstrasse"},"geometry":{"type":"LineString","coordinates":[[7.429626,46.945174],[7.429653,46.945089],[7.429708,46.944914]]}},{"type":"Feature","properties":{"k":"haupt","name":"Zieglerstrasse"},"geometry":{"type":"LineString","coordinates":[[7.429555,46.9454],[7.429602,46.945247],[7.429626,46.945174]]}},{"type":"Feature","properties":{"k":"haupt","name":"Zieglerstrasse"},"geometry":{"type":"LineString","coordinates":[[7.429793,46.944671],[7.429875,46.944412]]}},{"type":"Feature","properties":{"k":"haupt","name":"Murtenstrasse"},"geometry":{"type":"LineString","coordinates":[[7.422144,46.951392],[7.422985,46.95112]]}},{"type":"Feature","properties":{"k":"haupt","name":"Freiburgstrasse"},"geometry":{"type":"LineString","coordinates":[[7.396753,46.938131],[7.399862,46.940137]]}},{"type":"Feature","properties":{"k":"haupt","name":"Freiburgstrasse"},"geometry":{"type":"LineString","coordinates":[[7.403848,46.942265],[7.404392,46.94246]]}},{"type":"Feature","properties":{"k":"haupt","name":"Viktoriastrasse"},"geometry":{"type":"LineString","coordinates":[[7.456758,46.95356],[7.455886,46.95359],[7.455156,46.953709]]}},{"type":"Feature","properties":{"k":"neben","name":"Schönburgstrasse"},"geometry":{"type":"LineString","coordinates":[[7.456758,46.95356],[7.456746,46.953871],[7.457045,46.954244]]}},{"type":"Feature","properties":{"k":"neben","name":"Kapellenstrasse"},"geometry":{"type":"LineString","coordinates":[[7.436268,46.944364],[7.436239,46.944372],[7.43616,46.944394],[7.436016,46.944451]]}},{"type":"Feature","properties":{"k":"neben","name":"Benteliweg"},"geometry":{"type":"LineString","coordinates":[[7.400185,46.941419],[7.399127,46.941778]]}},{"type":"Feature","properties":{"k":"neben","name":"Brunnmattstrasse"},"geometry":{"type":"LineString","coordinates":[[7.427193,46.944648],[7.427131,46.945642]]}},{"type":"Feature","properties":{"k":"neben","name":"Brunnmattstrasse"},"geometry":{"type":"LineString","coordinates":[[7.42722,46.943866],[7.427201,46.944538]]}},{"type":"Feature","properties":{"k":"neben","name":"Bethlehemstrasse"},"geometry":{"type":"LineString","coordinates":[[7.399291,46.944456],[7.400402,46.943572]]}},{"type":"Feature","properties":{"k":"neben","name":"Bethlehemstrasse"},"geometry":{"type":"LineString","coordinates":[[7.396593,46.946449],[7.398561,46.945028]]}},{"type":"Feature","properties":{"k":"haupt"},"geometry":{"type":"LineString","coordinates":[[7.431979,46.936846],[7.431981,46.936828],[7.431989,46.936808],[7.431999,46.936796]]}},{"type":"Feature","properties":{"k":"haupt","name":"Weissensteinstrasse"},"geometry":{"type":"LineString","coordinates":[[7.409611,46.941677],[7.408898,46.941692]]}},{"type":"Feature","properties":{"k":"haupt","name":"Weissensteinstrasse"},"geometry":{"type":"LineString","coordinates":[[7.409657,46.941599],[7.409752,46.941617]]}},{"type":"Feature","properties":{"k":"haupt","name":"Turnierstrasse"},"geometry":{"type":"LineString","coordinates":[[7.409657,46.941599],[7.40967,46.941308]]}},{"type":"Feature","properties":{"k":"haupt"},"geometry":{"type":"LineString","coordinates":[[7.431441,46.940421],[7.431509,46.940571]]}},{"type":"Feature","properties":{"k":"neben","name":"Schauplatzgasse"},"geometry":{"type":"LineString","coordinates":[[7.440877,46.947323],[7.440755,46.947229]]}},{"type":"Feature","properties":{"k":"neben"},"geometry":{"type":"LineString","coordinates":[[7.42307,46.95269],[7.421831,46.953204]]}},{"type":"Feature","properties":{"k":"neben"},"geometry":{"type":"LineString","coordinates":[[7.423625,46.953698],[7.42284,46.952785]]}},{"type":"Feature","properties":{"k":"neben"},"geometry":{"type":"LineString","coordinates":[[7.421731,46.952829],[7.421998,46.953134]]}},{"type":"Feature","properties":{"k":"neben","name":"Forsthausweg"},"geometry":{"type":"LineString","coordinates":[[7.416015,46.940368],[7.415942,46.940411],[7.415899,46.940438],[7.415734,46.940569]]}},{"type":"Feature","properties":{"k":"neben","name":"Schwarzenburgstrasse"},"geometry":{"type":"LineString","coordinates":[[7.426825,46.938579],[7.427304,46.938267]]}},{"type":"Feature","properties":{"k":"neben"},"geometry":{"type":"LineString","coordinates":[[7.422605,46.954106],[7.422655,46.954086],[7.423625,46.953698],[7.423707,46.953665]]}},{"type":"Feature","properties":{"k":"neben"},"geometry":{"type":"LineString","coordinates":[[7.421855,46.952561],[7.421996,46.952721]]}},{"type":"Feature","properties":{"k":"neben","name":"Helvetiaplatz"},"geometry":{"type":"LineString","coordinates":[[7.449296,46.943856],[7.449774,46.943672]]}},{"type":"Feature","properties":{"k":"neben","name":"Güterstrasse"},"geometry":{"type":"LineString","coordinates":[[7.417672,46.946632],[7.417761,46.946705],[7.417893,46.946827],[7.417941,46.946875]]}},{"type":"Feature","properties":{"k":"haupt","name":"Bernstrasse"},"geometry":{"type":"LineString","coordinates":[[7.403269,46.941907],[7.40245,46.941883],[7.401727,46.941972],[7.40083,46.942144],[7.400755,46.942305]]}},{"type":"Feature","properties":{"k":"haupt","name":"Weissensteinstrasse"},"geometry":{"type":"LineString","coordinates":[[7.403779,46.941794],[7.405014,46.941864],[7.406325,46.941782]]}},{"type":"Feature","properties":{"k":"haupt"},"geometry":{"type":"LineString","coordinates":[[7.417939,46.956078],[7.414483,46.953513]]}},{"type":"Feature","properties":{"k":"haupt"},"geometry":{"type":"LineString","coordinates":[[7.406272,46.95074],[7.407705,46.950871],[7.408834,46.951058],[7.411255,46.951714]]}},{"type":"Feature","properties":{"k":"haupt","name":"Eigerstrasse"},"geometry":{"type":"LineString","coordinates":[[7.436304,46.939782],[7.436737,46.939734],[7.436805,46.939726],[7.436989,46.939705]]}},{"type":"Feature","properties":{"k":"neben","name":"Dufourstrasse"},"geometry":{"type":"LineString","coordinates":[[7.454406,46.941955],[7.455071,46.943352]]}},{"type":"Feature","properties":{"k":"neben","name":"Justingerweg"},"geometry":{"type":"LineString","coordinates":[[7.456189,46.941296],[7.455936,46.940991],[7.455857,46.940367]]}},{"type":"Feature","properties":{"k":"neben","name":"Thunstrasse"},"geometry":{"type":"LineString","coordinates":[[7.456189,46.941296],[7.45802,46.940616]]}},{"type":"Feature","properties":{"k":"haupt","name":"Bremgartenstrasse"},"geometry":{"type":"LineString","coordinates":[[7.421018,46.952925],[7.422127,46.953896],[7.42347,46.955853]]}},{"type":"Feature","properties":{"k":"haupt","name":"Murtenstrasse"},"geometry":{"type":"LineString","coordinates":[[7.420146,46.952489],[7.42006,46.952557]]}},{"type":"Feature","properties":{"k":"haupt","name":"Murtenstrasse"},"geometry":{"type":"LineString","coordinates":[[7.419982,46.952436],[7.420133,46.952337],[7.420341,46.952191]]}},{"type":"Feature","properties":{"k":"neben","name":"Fabrikstrasse"},"geometry":{"type":"LineString","coordinates":[[7.421986,46.951561],[7.422066,46.951602],[7.422147,46.951642],[7.422176,46.951656]]}},{"type":"Feature","properties":{"k":"haupt","name":"Murtenstrasse"},"geometry":{"type":"LineString","coordinates":[[7.421986,46.951561],[7.420982,46.951912]]}},{"type":"Feature","properties":{"k":"haupt","name":"Murtenstrasse"},"geometry":{"type":"LineString","coordinates":[[7.422985,46.95112],[7.422794,46.951277],[7.422353,46.95145]]}},{"type":"Feature","properties":{"k":"haupt","name":"Murtenstrasse"},"geometry":{"type":"LineString","coordinates":[[7.422353,46.95145],[7.422198,46.951497]]}},{"type":"Feature","properties":{"k":"neben","name":"Bahnstrasse"},"geometry":{"type":"LineString","coordinates":[[7.42147,46.951308],[7.42183,46.951485]]}},{"type":"Feature","properties":{"k":"haupt","name":"Murtenstrasse"},"geometry":{"type":"LineString","coordinates":[[7.423038,46.951087],[7.422985,46.95112]]}},{"type":"Feature","properties":{"k":"haupt","name":"Murtenstrasse"},"geometry":{"type":"LineString","coordinates":[[7.427058,46.948622],[7.42685,46.948712]]}},{"type":"Feature","properties":{"k":"neben","name":"Neubrückstrasse"},"geometry":{"type":"LineString","coordinates":[[7.438946,46.955045],[7.439027,46.954544]]}},{"type":"Feature","properties":{"k":"neben","name":"Muesmattstrasse"},"geometry":{"type":"LineString","coordinates":[[7.428586,46.953474],[7.429747,46.954899]]}},{"type":"Feature","properties":{"k":"neben","name":"Schanzeneckstrasse"},"geometry":{"type":"LineString","coordinates":[[7.435266,46.950312],[7.436024,46.950415],[7.436041,46.950417],[7.436141,46.950431]]}},{"type":"Feature","properties":{"k":"neben","name":"Vereinsweg"},"geometry":{"type":"LineString","coordinates":[[7.433115,46.952769],[7.433355,46.952936],[7.433928,46.954128]]}},{"type":"Feature","properties":{"k":"neben","name":"Erlachstrasse"},"geometry":{"type":"LineString","coordinates":[[7.431447,46.95196],[7.434506,46.951471],[7.434781,46.951545]]}},{"type":"Feature","properties":{"k":"neben","name":"Bühlstrasse"},"geometry":{"type":"LineString","coordinates":[[7.432579,46.953165],[7.431362,46.952298]]}},{"type":"Feature","properties":{"k":"neben","name":"Freiestrasse"},"geometry":{"type":"LineString","coordinates":[[7.430794,46.95224],[7.428892,46.953373]]}},{"type":"Feature","properties":{"k":"neben","name":"Waldheimstrasse"},"geometry":{"type":"LineString","coordinates":[[7.424898,46.952183],[7.426623,46.954004]]}},{"type":"Feature","properties":{"k":"neben","name":"Waldheimstrasse"},"geometry":{"type":"LineString","coordinates":[[7.422591,46.951887],[7.423528,46.951518],[7.424898,46.952183]]}},{"type":"Feature","properties":{"k":"neben","name":"Freiburgstrasse"},"geometry":{"type":"LineString","coordinates":[[7.420547,46.946238],[7.420151,46.94612],[7.419379,46.946056],[7.415995,46.946192]]}},{"type":"Feature","properties":{"k":"haupt","name":"Schlossstrasse"},"geometry":{"type":"LineString","coordinates":[[7.420391,46.944561],[7.420835,46.94452]]}},{"type":"Feature","properties":{"k":"haupt","name":"Schlossstrasse"},"geometry":{"type":"LineString","coordinates":[[7.420835,46.94452],[7.421564,46.944546]]}},{"type":"Feature","properties":{"k":"neben","name":"Neufeldstrasse"},"geometry":{"type":"LineString","coordinates":[[7.429747,46.954899],[7.430651,46.955922],[7.435954,46.958704],[7.4361,46.958714]]}},{"type":"Feature","properties":{"k":"neben","name":"Malerweg"},"geometry":{"type":"LineString","coordinates":[[7.4381,46.951291],[7.437633,46.95156]]}},{"type":"Feature","properties":{"k":"haupt","name":"Stadtbachstrasse"},"geometry":{"type":"LineString","coordinates":[[7.435731,46.94888],[7.434853,46.948825],[7.433221,46.949016],[7.432387,46.948853],[7.431622,46.948569],[7.430206,46.948372],[7.429122,46.948534],[7.428132,46.948988]]}},{"type":"Feature","properties":{"k":"haupt","name":"Nordring"},"geometry":{"type":"LineString","coordinates":[[7.44554,46.954307],[7.445505,46.954286]]}},{"type":"Feature","properties":{"k":"neben","name":"Lorrainestrasse"},"geometry":{"type":"LineString","coordinates":[[7.445897,46.954548],[7.445627,46.954601]]}},{"type":"Feature","properties":{"k":"haupt","name":"Nordring"},"geometry":{"type":"LineString","coordinates":[[7.446859,46.955599],[7.446336,46.954927]]}},{"type":"Feature","properties":{"k":"neben","name":"Neubrückstrasse"},"geometry":{"type":"LineString","coordinates":[[7.439048,46.954226],[7.439077,46.953722]]}},{"type":"Feature","properties":{"k":"haupt","name":"Nordring"},"geometry":{"type":"LineString","coordinates":[[7.445284,46.954155],[7.445246,46.95413],[7.445116,46.954041]]}},{"type":"Feature","properties":{"k":"haupt","name":"Bernstrasse"},"geometry":{"type":"LineString","coordinates":[[7.400812,46.942079],[7.400761,46.942085],[7.400727,46.942089],[7.400671,46.942095]]}},{"type":"Feature","properties":{"k":"neben","name":"Bethlehemstrasse"},"geometry":{"type":"LineString","coordinates":[[7.400671,46.942095],[7.400954,46.942786]]}},{"type":"Feature","properties":{"k":"haupt","name":"Monbijoustrasse"},"geometry":{"type":"LineString","coordinates":[[7.43692,46.935159],[7.437056,46.934925]]}},{"type":"Feature","properties":{"k":"neben","name":"Aarbergergasse"},"geometry":{"type":"LineString","coordinates":[[7.440886,46.950055],[7.440565,46.950111]]}},{"type":"Feature","properties":{"k":"haupt","name":"Bollwerk"},"geometry":{"type":"LineString","coordinates":[[7.440555,46.949996],[7.440565,46.950111]]}},{"type":"Feature","properties":{"k":"neben","name":"Lorrainestrasse"},"geometry":{"type":"LineString","coordinates":[[7.445627,46.954601],[7.44557,46.954615],[7.44553,46.954632],[7.445464,46.954676]]}},{"type":"Feature","properties":{"k":"haupt","name":"Tiefenaustrasse"},"geometry":{"type":"LineString","coordinates":[[7.43914,46.953544],[7.43925,46.953608]]}},{"type":"Feature","properties":{"k":"neben","name":"Steigerhubelstrasse"},"geometry":{"type":"LineString","coordinates":[[7.411422,46.946516],[7.411506,46.946001]]}},{"type":"Feature","properties":{"k":"haupt","name":"Freiburgstrasse"},"geometry":{"type":"LineString","coordinates":[[7.400262,46.940374],[7.400689,46.940636],[7.400973,46.940801],[7.401341,46.941015]]}},{"type":"Feature","properties":{"k":"haupt","name":"Freiburgstrasse"},"geometry":{"type":"LineString","coordinates":[[7.395513,46.93721],[7.395744,46.937376],[7.39586,46.937465]]}},{"type":"Feature","properties":{"k":"neben","name":"Sidlerstrasse"},"geometry":{"type":"LineString","coordinates":[[7.4381,46.951291],[7.4383,46.951327],[7.438456,46.951541]]}},{"type":"Feature","properties":{"k":"neben","name":"Freiburgstrasse"},"geometry":{"type":"LineString","coordinates":[[7.425468,46.947139],[7.425414,46.947116],[7.425368,46.947097],[7.424885,46.946888]]}},{"type":"Feature","properties":{"k":"neben","name":"Freiburgstrasse"},"geometry":{"type":"LineString","coordinates":[[7.426077,46.947402],[7.425973,46.947359]]}},{"type":"Feature","properties":{"k":"neben","name":"Freiburgstrasse"},"geometry":{"type":"LineString","coordinates":[[7.424479,46.946709],[7.424316,46.946637]]}},{"type":"Feature","properties":{"k":"neben","name":"Tillierstrasse"},"geometry":{"type":"LineString","coordinates":[[7.446149,46.936266],[7.44614,46.935938],[7.44626,46.93579]]}},{"type":"Feature","properties":{"k":"neben","name":"Amselweg"},"geometry":{"type":"LineString","coordinates":[[7.424913,46.953761],[7.424768,46.953811]]}},{"type":"Feature","properties":{"k":"neben","name":"Amselweg"},"geometry":{"type":"LineString","coordinates":[[7.424768,46.953811],[7.424442,46.953923],[7.424388,46.953941]]}},{"type":"Feature","properties":{"k":"neben","name":"Steigerhubelstrasse"},"geometry":{"type":"LineString","coordinates":[[7.410484,46.947198],[7.410494,46.94719],[7.410501,46.947184]]}},{"type":"Feature","properties":{"k":"haupt","name":"Murtenstrasse"},"geometry":{"type":"LineString","coordinates":[[7.408944,46.949415],[7.409227,46.949445]]}},{"type":"Feature","properties":{"k":"haupt","name":"Murtenstrasse"},"geometry":{"type":"LineString","coordinates":[[7.410178,46.949613],[7.414395,46.950479]]}},{"type":"Feature","properties":{"k":"haupt","name":"Kleine Westtangente"},"geometry":{"type":"LineString","coordinates":[[7.43975,46.95138],[7.439572,46.950828],[7.439319,46.950495]]}},{"type":"Feature","properties":{"k":"neben","name":"Bundesrain"},"geometry":{"type":"LineString","coordinates":[[7.443123,46.944996],[7.442916,46.945207]]}},{"type":"Feature","properties":{"k":"neben","name":"Bundesrain"},"geometry":{"type":"LineString","coordinates":[[7.442916,46.945207],[7.442099,46.94584],[7.441738,46.945923]]}},{"type":"Feature","properties":{"k":"neben","name":"Weltistrasse"},"geometry":{"type":"LineString","coordinates":[[7.479386,46.946342],[7.477779,46.946168]]}},{"type":"Feature","properties":{"k":"neben","name":"Philosophenweg"},"geometry":{"type":"LineString","coordinates":[[7.431253,46.942163],[7.430547,46.942221]]}},{"type":"Feature","properties":{"k":"neben","name":"Murtenstrasse"},"geometry":{"type":"LineString","coordinates":[[7.399809,46.9495],[7.398553,46.949213]]}},{"type":"Feature","properties":{"k":"neben","name":"Untermattweg"},"geometry":{"type":"LineString","coordinates":[[7.400352,46.949652],[7.400373,46.949503],[7.400453,46.948934]]}},{"type":"Feature","properties":{"k":"neben","name":"Untermattweg"},"geometry":{"type":"LineString","coordinates":[[7.400528,46.948358],[7.400701,46.946542]]}},{"type":"Feature","properties":{"k":"neben","name":"Untermattweg"},"geometry":{"type":"LineString","coordinates":[[7.400701,46.946542],[7.396817,46.946588]]}},{"type":"Feature","properties":{"k":"neben","name":"Untermattweg"},"geometry":{"type":"LineString","coordinates":[[7.396817,46.946588],[7.396505,46.946644],[7.39588,46.947028]]}},{"type":"Feature","properties":{"k":"neben","name":"Murtenstrasse"},"geometry":{"type":"LineString","coordinates":[[7.403112,46.949548],[7.400523,46.949768]]}},{"type":"Feature","properties":{"k":"neben","name":"Stöckackerstrasse"},"geometry":{"type":"LineString","coordinates":[[7.401981,46.945964],[7.40164,46.945788],[7.400807,46.944941]]}},{"type":"Feature","properties":{"k":"neben","name":"Stöckackerstrasse"},"geometry":{"type":"LineString","coordinates":[[7.400807,46.944941],[7.399814,46.944053]]}},{"type":"Feature","properties":{"k":"neben","name":"Schillingstrasse"},"geometry":{"type":"LineString","coordinates":[[7.448251,46.937457],[7.448201,46.937458],[7.447472,46.937473],[7.447391,46.937475]]}},{"type":"Feature","properties":{"k":"neben","name":"Schwarztorstrasse"},"geometry":{"type":"LineString","coordinates":[[7.432547,46.944304],[7.432562,46.944299],[7.432655,46.944266],[7.432731,46.944238]]}},{"type":"Feature","properties":{"k":"haupt","name":"Eigerstrasse"},"geometry":{"type":"LineString","coordinates":[[7.435104,46.940037],[7.435516,46.939906]]}},{"type":"Feature","properties":{"k":"haupt","name":"Eigerstrasse"},"geometry":{"type":"LineString","coordinates":[[7.435516,46.939906],[7.435919,46.939796]]}},{"type":"Feature","properties":{"k":"haupt","name":"Eigerstrasse"},"geometry":{"type":"LineString","coordinates":[[7.435893,46.939926],[7.434039,46.940536]]}},{"type":"Feature","properties":{"k":"neben","name":"Monbijoustrasse"},"geometry":{"type":"LineString","coordinates":[[7.435747,46.94092],[7.43575,46.940983]]}},{"type":"Feature","properties":{"k":"haupt","name":"Belpstrasse"},"geometry":{"type":"LineString","coordinates":[[7.432912,46.944885],[7.433082,46.945164]]}},{"type":"Feature","properties":{"k":"neben","name":"Monbijoustrasse"},"geometry":{"type":"LineString","coordinates":[[7.435415,46.94326],[7.435838,46.94376]]}},{"type":"Feature","properties":{"k":"neben","name":"Bernastrasse"},"geometry":{"type":"LineString","coordinates":[[7.449119,46.939506],[7.449103,46.939677],[7.449076,46.939995]]}},{"type":"Feature","properties":{"k":"neben","name":"Florastrasse"},"geometry":{"type":"LineString","coordinates":[[7.454859,46.942906],[7.45492,46.942883],[7.455967,46.942018],[7.456004,46.941989]]}},{"type":"Feature","properties":{"k":"neben","name":"Bethlehemstrasse"},"geometry":{"type":"LineString","coordinates":[[7.395404,46.947201],[7.395691,46.947012]]}},{"type":"Feature","properties":{"k":"neben","name":"Bethlehemstrasse"},"geometry":{"type":"LineString","coordinates":[[7.400954,46.942786],[7.400958,46.943085],[7.400402,46.943572]]}},{"type":"Feature","properties":{"k":"haupt","name":"Bernstrasse"},"geometry":{"type":"LineString","coordinates":[[7.401688,46.941859],[7.402657,46.941721],[7.403779,46.941794]]}},{"type":"Feature","properties":{"k":"haupt"},"geometry":{"type":"LineString","coordinates":[[7.406712,46.948096],[7.406702,46.949282]]}},{"type":"Feature","properties":{"k":"neben","name":"Bahnhöheweg"},"geometry":{"type":"LineString","coordinates":[[7.400696,46.94094],[7.398072,46.939271]]}},{"type":"Feature","properties":{"k":"neben","name":"Bernstrasse"},"geometry":{"type":"LineString","coordinates":[[7.397399,46.94231],[7.397657,46.942339],[7.397886,46.942367],[7.3981,46.942386]]}},{"type":"Feature","properties":{"k":"neben","name":"Bernstrasse"},"geometry":{"type":"LineString","coordinates":[[7.396425,46.941739],[7.396197,46.942226]]}},{"type":"Feature","properties":{"k":"haupt","name":"Bernstrasse"},"geometry":{"type":"LineString","coordinates":[[7.401712,46.941946],[7.400963,46.942062],[7.400913,46.942067],[7.400812,46.942079]]}},{"type":"Feature","properties":{"k":"neben","name":"Wachtelweg"},"geometry":{"type":"LineString","coordinates":[[7.426344,46.954458],[7.426276,46.954381],[7.426105,46.954183],[7.426078,46.954151]]}},{"type":"Feature","properties":{"k":"neben","name":"Brunnadernstrasse"},"geometry":{"type":"LineString","coordinates":[[7.463093,46.941145],[7.462988,46.941465]]}},{"type":"Feature","properties":{"k":"neben","name":"Brunnadernstrasse"},"geometry":{"type":"LineString","coordinates":[[7.462988,46.941465],[7.462881,46.941591],[7.46256,46.941966],[7.462531,46.942001]]}},{"type":"Feature","properties":{"k":"neben","name":"Looslistrasse"},"geometry":{"type":"LineString","coordinates":[[7.395593,46.947287],[7.395499,46.947212],[7.39547,46.94719],[7.395447,46.947173]]}},{"type":"Feature","properties":{"k":"neben","name":"Schlossmattstrasse"},"geometry":{"type":"LineString","coordinates":[[7.412317,46.94346],[7.416209,46.943739]]}},{"type":"Feature","properties":{"k":"haupt","name":"Turnierstrasse"},"geometry":{"type":"LineString","coordinates":[[7.409234,46.940671],[7.409257,46.940707],[7.40934,46.940825],[7.409415,46.940923]]}},{"type":"Feature","properties":{"k":"haupt","name":"Turnierstrasse"},"geometry":{"type":"LineString","coordinates":[[7.408996,46.940777],[7.40887,46.940949],[7.408936,46.941177]]}},{"type":"Feature","properties":{"k":"haupt","name":"Weissensteinstrasse"},"geometry":{"type":"LineString","coordinates":[[7.415789,46.94153],[7.412179,46.942358],[7.411753,46.942389],[7.411293,46.942294]]}},{"type":"Feature","properties":{"k":"haupt","name":"Turnierstrasse"},"geometry":{"type":"LineString","coordinates":[[7.409157,46.940703],[7.409118,46.940632]]}},{"type":"Feature","properties":{"k":"haupt","name":"Turnierstrasse"},"geometry":{"type":"LineString","coordinates":[[7.40948,46.941087],[7.409336,46.940945],[7.409233,46.940805]]}},{"type":"Feature","properties":{"k":"haupt","name":"Schlossstrasse"},"geometry":{"type":"LineString","coordinates":[[7.411045,46.943899],[7.412148,46.943973]]}},{"type":"Feature","properties":{"k":"haupt","name":"Schlossstrasse"},"geometry":{"type":"LineString","coordinates":[[7.412148,46.943973],[7.413651,46.944076],[7.414388,46.944126]]}},{"type":"Feature","properties":{"k":"haupt","name":"Schlossstrasse"},"geometry":{"type":"LineString","coordinates":[[7.412148,46.943973],[7.411045,46.943899]]}},{"type":"Feature","properties":{"k":"haupt","name":"Schlossstrasse"},"geometry":{"type":"LineString","coordinates":[[7.415542,46.94421],[7.415874,46.944234],[7.415955,46.94424],[7.416167,46.944257]]}},{"type":"Feature","properties":{"k":"haupt","name":"Schlossstrasse"},"geometry":{"type":"LineString","coordinates":[[7.415542,46.94421],[7.414388,46.944126]]}},{"type":"Feature","properties":{"k":"haupt","name":"Schlossstrasse"},"geometry":{"type":"LineString","coordinates":[[7.414388,46.944126],[7.415542,46.94421]]}},{"type":"Feature","properties":{"k":"haupt","name":"Freiburgstrasse"},"geometry":{"type":"LineString","coordinates":[[7.402023,46.94142],[7.402232,46.941535],[7.402398,46.941621]]}},{"type":"Feature","properties":{"k":"haupt","name":"Freiburgstrasse"},"geometry":{"type":"LineString","coordinates":[[7.401341,46.941015],[7.401778,46.941274]]}},{"type":"Feature","properties":{"k":"neben","name":"Bahnstrasse"},"geometry":{"type":"LineString","coordinates":[[7.409084,46.943978],[7.409173,46.943731]]}},{"type":"Feature","properties":{"k":"neben","name":"Steigerhubelstrasse"},"geometry":{"type":"LineString","coordinates":[[7.410728,46.94762],[7.41042,46.947313],[7.410484,46.947198]]}},{"type":"Feature","properties":{"k":"neben","name":"Steigerhubelstrasse"},"geometry":{"type":"LineString","coordinates":[[7.41121,46.946652],[7.411422,46.946516]]}},{"type":"Feature","properties":{"k":"neben","name":"Steigerhubelstrasse"},"geometry":{"type":"LineString","coordinates":[[7.41137,46.949858],[7.411371,46.949804],[7.411369,46.949734],[7.411339,46.949386]]}},{"type":"Feature","properties":{"k":"neben"},"geometry":{"type":"LineString","coordinates":[[7.422269,46.951614],[7.422265,46.951701]]}},{"type":"Feature","properties":{"k":"neben","name":"Fabrikstrasse"},"geometry":{"type":"LineString","coordinates":[[7.422265,46.951701],[7.422437,46.951791],[7.422491,46.951819],[7.422536,46.951846]]}},{"type":"Feature","properties":{"k":"neben","name":"Elfenstrasse"},"geometry":{"type":"LineString","coordinates":[[7.462584,46.938823],[7.462893,46.938829]]}},{"type":"Feature","properties":{"k":"neben","name":"Huberstrasse"},"geometry":{"type":"LineString","coordinates":[[7.416174,46.944011],[7.416167,46.944257]]}},{"type":"Feature","properties":{"k":"haupt","name":"Bühlstrasse"},"geometry":{"type":"LineString","coordinates":[[7.42812,46.948953],[7.428132,46.948988]]}},{"type":"Feature","properties":{"k":"haupt","name":"Weissensteinstrasse"},"geometry":{"type":"LineString","coordinates":[[7.410378,46.941881],[7.41043,46.941919],[7.410468,46.941939],[7.410506,46.941957]]}},{"type":"Feature","properties":{"k":"neben","name":"Huberstrasse"},"geometry":{"type":"LineString","coordinates":[[7.416082,46.944745],[7.41543,46.946068]]}},{"type":"Feature","properties":{"k":"haupt","name":"Freiburgstrasse"},"geometry":{"type":"LineString","coordinates":[[7.40734,46.943448],[7.407364,46.943452],[7.407569,46.943473]]}},{"type":"Feature","properties":{"k":"haupt","name":"Könizstrasse"},"geometry":{"type":"LineString","coordinates":[[7.418717,46.9409],[7.417035,46.938428]]}},{"type":"Feature","properties":{"k":"haupt","name":"Effingerstrasse"},"geometry":{"type":"LineString","coordinates":[[7.424202,46.945427],[7.423262,46.945326],[7.422464,46.944928]]}},{"type":"Feature","properties":{"k":"neben","name":"Bahnstrasse"},"geometry":{"type":"LineString","coordinates":[[7.412303,46.946957],[7.413811,46.947881],[7.413961,46.94797],[7.414105,46.948056]]}},{"type":"Feature","properties":{"k":"neben","name":"Bahnstrasse"},"geometry":{"type":"LineString","coordinates":[[7.420814,46.95109],[7.421207,46.951197],[7.421338,46.951249]]}},{"type":"Feature","properties":{"k":"neben","name":"Bundesplatz"},"geometry":{"type":"LineString","coordinates":[[7.443651,46.947333],[7.443601,46.947344]]}},{"type":"Feature","properties":{"k":"neben","name":"Friedbühlstrasse"},"geometry":{"type":"LineString","coordinates":[[7.424187,46.949729],[7.424668,46.94999]]}},{"type":"Feature","properties":{"k":"neben","name":"Freiburgstrasse"},"geometry":{"type":"LineString","coordinates":[[7.427611,46.947893],[7.426262,46.947468]]}},{"type":"Feature","properties":{"k":"neben","name":"Brunnmattstrasse"},"geometry":{"type":"LineString","coordinates":[[7.427114,46.945835],[7.427131,46.945642]]}},{"type":"Feature","properties":{"k":"neben","name":"Brunnmattstrasse"},"geometry":{"type":"LineString","coordinates":[[7.427131,46.945642],[7.427029,46.945551],[7.427042,46.945254]]}},{"type":"Feature","properties":{"k":"neben","name":"Brunnmattstrasse"},"geometry":{"type":"LineString","coordinates":[[7.427042,46.945254],[7.427081,46.944766],[7.427193,46.944648]]}},{"type":"Feature","properties":{"k":"neben","name":"Brunnmattstrasse"},"geometry":{"type":"LineString","coordinates":[[7.426251,46.942276],[7.426548,46.94296],[7.42722,46.943866]]}},{"type":"Feature","properties":{"k":"neben","name":"Pestalozzistrasse"},"geometry":{"type":"LineString","coordinates":[[7.424016,46.94049],[7.423243,46.939857]]}},{"type":"Feature","properties":{"k":"neben","name":"Munzingerstrasse"},"geometry":{"type":"LineString","coordinates":[[7.421389,46.940801],[7.421364,46.9408],[7.421342,46.940798]]}},{"type":"Feature","properties":{"k":"neben","name":"Zwyssigstrasse"},"geometry":{"type":"LineString","coordinates":[[7.421643,46.941949],[7.422125,46.941587]]}},{"type":"Feature","properties":{"k":"neben","name":"Zwyssigstrasse"},"geometry":{"type":"LineString","coordinates":[[7.422123,46.941564],[7.422122,46.941557],[7.422122,46.941548]]}},{"type":"Feature","properties":{"k":"neben","name":"Zwyssigstrasse"},"geometry":{"type":"LineString","coordinates":[[7.422125,46.941587],[7.422123,46.941564]]}},{"type":"Feature","properties":{"k":"neben","name":"Mattenhofstrasse"},"geometry":{"type":"LineString","coordinates":[[7.429848,46.943396],[7.430056,46.943334],[7.43022,46.943284]]}},{"type":"Feature","properties":{"k":"haupt","name":"Zieglerstrasse"},"geometry":{"type":"LineString","coordinates":[[7.429875,46.944412],[7.429919,46.944268],[7.429955,46.944149]]}},{"type":"Feature","properties":{"k":"neben","name":"Beaumontweg"},"geometry":{"type":"LineString","coordinates":[[7.428589,46.939079],[7.42881,46.938999],[7.429074,46.938904]]}},{"type":"Feature","properties":{"k":"neben","name":"Munzingerstrasse"},"geometry":{"type":"LineString","coordinates":[[7.421342,46.940798],[7.42132,46.940796]]}},{"type":"Feature","properties":{"k":"neben","name":"Beaumontweg"},"geometry":{"type":"LineString","coordinates":[[7.428522,46.939106],[7.428546,46.939094],[7.428589,46.939079]]}},{"type":"Feature","properties":{"k":"haupt","name":"Schwarzenburgstrasse"},"geometry":{"type":"LineString","coordinates":[[7.428145,46.938744],[7.42811,46.938711],[7.427998,46.938603]]}},{"type":"Feature","properties":{"k":"neben","name":"Bethlehemstrasse"},"geometry":{"type":"LineString","coordinates":[[7.396289,46.946641],[7.396593,46.946449]]}},{"type":"Feature","properties":{"k":"neben","name":"Werdtweg"},"geometry":{"type":"LineString","coordinates":[[7.428614,46.93821],[7.429096,46.938833],[7.429105,46.938842]]}},{"type":"Feature","properties":{"k":"neben","name":"Werdtweg"},"geometry":{"type":"LineString","coordinates":[[7.428575,46.938163],[7.428583,46.938171],[7.428614,46.93821]]}},{"type":"Feature","properties":{"k":"neben","name":"Armandweg"},"geometry":{"type":"LineString","coordinates":[[7.429178,46.937933],[7.429154,46.937903],[7.429147,46.937895]]}},{"type":"Feature","properties":{"k":"neben","name":"Armandweg"},"geometry":{"type":"LineString","coordinates":[[7.429147,46.937895],[7.429124,46.937866]]}},{"type":"Feature","properties":{"k":"neben","name":"Beaumontweg"},"geometry":{"type":"LineString","coordinates":[[7.429248,46.93884],[7.430261,46.93847]]}},{"type":"Feature","properties":{"k":"neben","name":"Beaumontweg"},"geometry":{"type":"LineString","coordinates":[[7.429074,46.938904],[7.429148,46.938877]]}},{"type":"Feature","properties":{"k":"neben","name":"Werdtweg"},"geometry":{"type":"LineString","coordinates":[[7.429214,46.938918],[7.430346,46.93967]]}},{"type":"Feature","properties":{"k":"neben","name":"Werdtweg"},"geometry":{"type":"LineString","coordinates":[[7.429105,46.938842],[7.429214,46.938918]]}},{"type":"Feature","properties":{"k":"haupt","name":"Schwarzenburgstrasse"},"geometry":{"type":"LineString","coordinates":[[7.428196,46.938805],[7.428164,46.938765],[7.428145,46.938744]]}},{"type":"Feature","properties":{"k":"neben","name":"Armandweg"},"geometry":{"type":"LineString","coordinates":[[7.429687,46.938589],[7.429554,46.938419]]}},{"type":"Feature","properties":{"k":"neben","name":"Armandweg"},"geometry":{"type":"LineString","coordinates":[[7.429725,46.938638],[7.429718,46.938629],[7.429687,46.938589]]}},{"type":"Feature","properties":{"k":"neben","name":"Steinauweg"},"geometry":{"type":"LineString","coordinates":[[7.429765,46.937731],[7.430159,46.93824]]}},{"type":"Feature","properties":{"k":"neben","name":"Steinauweg"},"geometry":{"type":"LineString","coordinates":[[7.429725,46.937679],[7.429733,46.937689],[7.429765,46.937731]]}},{"type":"Feature","properties":{"k":"neben","name":"Balmweg"},"geometry":{"type":"LineString","coordinates":[[7.430987,46.937307],[7.431173,46.937971],[7.431182,46.938001],[7.431238,46.938201]]}},{"type":"Feature","properties":{"k":"neben","name":"Balmweg"},"geometry":{"type":"LineString","coordinates":[[7.430967,46.937235],[7.430969,46.937245],[7.430987,46.937307]]}},{"type":"Feature","properties":{"k":"neben","name":"Steinauweg"},"geometry":{"type":"LineString","coordinates":[[7.430383,46.93853],[7.430548,46.938741]]}},{"type":"Feature","properties":{"k":"neben","name":"Steinauweg"},"geometry":{"type":"LineString","coordinates":[[7.430283,46.938399],[7.430383,46.93853]]}},{"type":"Feature","properties":{"k":"neben","name":"Beaumontweg"},"geometry":{"type":"LineString","coordinates":[[7.430261,46.93847],[7.430479,46.938414]]}},{"type":"Feature","properties":{"k":"neben","name":"Beaumontweg"},"geometry":{"type":"LineString","coordinates":[[7.430479,46.938414],[7.431155,46.938294]]}},{"type":"Feature","properties":{"k":"neben","name":"Beaumontweg"},"geometry":{"type":"LineString","coordinates":[[7.431371,46.938256],[7.432113,46.938122],[7.432186,46.938111],[7.432215,46.938107]]}},{"type":"Feature","properties":{"k":"neben","name":"Balmweg"},"geometry":{"type":"LineString","coordinates":[[7.431275,46.938328],[7.431495,46.939074],[7.431506,46.939107]]}},{"type":"Feature","properties":{"k":"neben","name":"Balmweg"},"geometry":{"type":"LineString","coordinates":[[7.431238,46.938201],[7.431275,46.938328]]}},{"type":"Feature","properties":{"k":"haupt","name":"Seftigenstrasse"},"geometry":{"type":"LineString","coordinates":[[7.432142,46.937002],[7.432235,46.937815],[7.432135,46.938916],[7.432027,46.93936],[7.431628,46.940098]]}},{"type":"Feature","properties":{"k":"neben","name":"Morellweg"},"geometry":{"type":"LineString","coordinates":[[7.433226,46.937616],[7.433126,46.937182]]}},{"type":"Feature","properties":{"k":"neben","name":"Holzikofenweg"},"geometry":{"type":"LineString","coordinates":[[7.436069,46.936566],[7.436146,46.936565],[7.436229,46.936563],[7.436439,46.936558]]}},{"type":"Feature","properties":{"k":"neben","name":"Weihergasse"},"geometry":{"type":"LineString","coordinates":[[7.443503,46.945203],[7.443442,46.945178],[7.443123,46.944996]]}},{"type":"Feature","properties":{"k":"neben","name":"Zwinglistrasse"},"geometry":{"type":"LineString","coordinates":[[7.434297,46.934919],[7.433712,46.934306],[7.433536,46.93413],[7.433506,46.9341]]}},{"type":"Feature","properties":{"k":"neben","name":"Morillonstrasse"},"geometry":{"type":"LineString","coordinates":[[7.433737,46.93309],[7.433133,46.93193]]}},{"type":"Feature","properties":{"k":"neben","name":"Lentulusstrasse"},"geometry":{"type":"LineString","coordinates":[[7.42832,46.939912],[7.427786,46.939482]]}},{"type":"Feature","properties":{"k":"haupt","name":"Belpstrasse"},"geometry":{"type":"LineString","coordinates":[[7.433826,46.946257],[7.433834,46.946271]]}},{"type":"Feature","properties":{"k":"neben","name":"Effingerstrasse"},"geometry":{"type":"LineString","coordinates":[[7.433586,46.945911],[7.434917,46.945863]]}},{"type":"Feature","properties":{"k":"neben","name":"Effingerstrasse"},"geometry":{"type":"LineString","coordinates":[[7.434088,46.945956],[7.433586,46.945911]]}},{"type":"Feature","properties":{"k":"neben","name":"Belpstrasse"},"geometry":{"type":"LineString","coordinates":[[7.433111,46.945914],[7.433312,46.945817],[7.433369,46.945618]]}},{"type":"Feature","properties":{"k":"haupt","name":"Belpstrasse"},"geometry":{"type":"LineString","coordinates":[[7.432678,46.944503],[7.432867,46.94481],[7.43289,46.944849],[7.432912,46.944885]]}},{"type":"Feature","properties":{"k":"haupt","name":"Effingerstrasse"},"geometry":{"type":"LineString","coordinates":[[7.433586,46.945911],[7.433356,46.945914],[7.433188,46.945914],[7.433111,46.945914]]}},{"type":"Feature","properties":{"k":"haupt","name":"Laubeggstrasse"},"geometry":{"type":"LineString","coordinates":[[7.467994,46.946605],[7.467108,46.946888],[7.466434,46.947286]]}},{"type":"Feature","properties":{"k":"haupt","name":"Laubeggstrasse"},"geometry":{"type":"LineString","coordinates":[[7.470938,46.945439],[7.469818,46.94608]]}},{"type":"Feature","properties":{"k":"neben"},"geometry":{"type":"LineString","coordinates":[[7.432799,46.941612],[7.43342,46.941822]]}},{"type":"Feature","properties":{"k":"haupt","name":"Seftigenstrasse"},"geometry":{"type":"LineString","coordinates":[[7.431628,46.940098],[7.431441,46.940421]]}},{"type":"Feature","properties":{"k":"haupt","name":"Eigerstrasse"},"geometry":{"type":"LineString","coordinates":[[7.431833,46.940708],[7.43217,46.940942]]}},{"type":"Feature","properties":{"k":"haupt","name":"Monbijoustrasse"},"geometry":{"type":"LineString","coordinates":[[7.436004,46.939353],[7.435947,46.939661],[7.435919,46.939796]]}},{"type":"Feature","properties":{"k":"neben","name":"Finkenhubelweg"},"geometry":{"type":"LineString","coordinates":[[7.429759,46.949978],[7.429659,46.949809],[7.429922,46.94934],[7.429873,46.948837]]}},{"type":"Feature","properties":{"k":"neben","name":"Münstergasse"},"geometry":{"type":"LineString","coordinates":[[7.452208,46.947492],[7.452209,46.947462],[7.452218,46.947217],[7.452219,46.947183]]}},{"type":"Feature","properties":{"k":"haupt","name":"Eigerstrasse"},"geometry":{"type":"LineString","coordinates":[[7.436989,46.939705],[7.437202,46.939677]]}},{"type":"Feature","properties":{"k":"haupt","name":"Eigerstrasse"},"geometry":{"type":"LineString","coordinates":[[7.4395,46.939669],[7.439942,46.939686]]}},{"type":"Feature","properties":{"k":"haupt","name":"Eigerstrasse"},"geometry":{"type":"LineString","coordinates":[[7.440916,46.939784],[7.440766,46.939778],[7.440352,46.939761],[7.440299,46.939759]]}},{"type":"Feature","properties":{"k":"haupt","name":"Seftigenstrasse"},"geometry":{"type":"LineString","coordinates":[[7.436692,46.934964],[7.437056,46.934925]]}},{"type":"Feature","properties":{"k":"haupt","name":"Seftigenstrasse"},"geometry":{"type":"LineString","coordinates":[[7.438288,46.934506],[7.438781,46.934367]]}},{"type":"Feature","properties":{"k":"neben","name":"Wabernstrasse"},"geometry":{"type":"LineString","coordinates":[[7.437387,46.939235],[7.437202,46.939677]]}},{"type":"Feature","properties":{"k":"neben","name":"Untermattweg"},"geometry":{"type":"LineString","coordinates":[[7.39588,46.947028],[7.395758,46.947111],[7.395702,46.94716],[7.395593,46.947287]]}},{"type":"Feature","properties":{"k":"neben","name":"Keltenstrasse"},"geometry":{"type":"LineString","coordinates":[[7.397696,46.945696],[7.397376,46.945514]]}},{"type":"Feature","properties":{"k":"neben","name":"Keltenstrasse"},"geometry":{"type":"LineString","coordinates":[[7.398096,46.945872],[7.397825,46.945751],[7.397714,46.945704],[7.397696,46.945696]]}},{"type":"Feature","properties":{"k":"haupt","name":"Freiburgstrasse"},"geometry":{"type":"LineString","coordinates":[[7.395366,46.937094],[7.395513,46.93721]]}},{"type":"Feature","properties":{"k":"haupt","name":"Freiburgstrasse"},"geometry":{"type":"LineString","coordinates":[[7.39586,46.937465],[7.395984,46.937558],[7.396121,46.937661]]}},{"type":"Feature","properties":{"k":"neben","name":"Mayweg"},"geometry":{"type":"LineString","coordinates":[[7.432135,46.938916],[7.432474,46.938927],[7.433249,46.938758]]}},{"type":"Feature","properties":{"k":"neben"},"geometry":{"type":"LineString","coordinates":[[7.427851,46.940222],[7.426754,46.940835]]}},{"type":"Feature","properties":{"k":"neben","name":"Lentulusrain"},"geometry":{"type":"LineString","coordinates":[[7.428082,46.940448],[7.42864,46.940985]]}},{"type":"Feature","properties":{"k":"neben","name":"Fischermättelistrasse"},"geometry":{"type":"LineString","coordinates":[[7.414347,46.941509],[7.41479,46.941746]]}},{"type":"Feature","properties":{"k":"haupt","name":"Könizstrasse"},"geometry":{"type":"LineString","coordinates":[[7.41904,46.941342],[7.418717,46.9409]]}},{"type":"Feature","properties":{"k":"neben"},"geometry":{"type":"LineString","coordinates":[[7.419364,46.941786],[7.419961,46.941601],[7.420284,46.942009]]}},{"type":"Feature","properties":{"k":"neben","name":"Schlösslistrasse"},"geometry":{"type":"LineString","coordinates":[[7.43183,46.946955],[7.431665,46.946948],[7.4315,46.946927]]}},{"type":"Feature","properties":{"k":"neben","name":"Schlösslistrasse"},"geometry":{"type":"LineString","coordinates":[[7.43069,46.946839],[7.429209,46.946713],[7.429142,46.946707]]}},{"type":"Feature","properties":{"k":"neben","name":"Schlösslistrasse"},"geometry":{"type":"LineString","coordinates":[[7.426924,46.946286],[7.426871,46.946276],[7.426114,46.946224]]}},{"type":"Feature","properties":{"k":"neben","name":"Rosenbühlgasse"},"geometry":{"type":"LineString","coordinates":[[7.426575,46.947027],[7.426778,46.946688],[7.426808,46.946631],[7.426831,46.946598]]}},{"type":"Feature","properties":{"k":"neben"},"geometry":{"type":"LineString","coordinates":[[7.410121,46.948457],[7.410118,46.948312],[7.410116,46.948227],[7.410114,46.948175]]}},{"type":"Feature","properties":{"k":"neben","name":"Bahnstrasse"},"geometry":{"type":"LineString","coordinates":[[7.409311,46.945068],[7.409034,46.945303]]}},{"type":"Feature","properties":{"k":"haupt","name":"Weissensteinstrasse"},"geometry":{"type":"LineString","coordinates":[[7.407542,46.94167],[7.408275,46.941603]]}},{"type":"Feature","properties":{"k":"haupt","name":"Schlossstrasse"},"geometry":{"type":"LineString","coordinates":[[7.416167,46.944257],[7.416402,46.944273]]}},{"type":"Feature","properties":{"k":"haupt","name":"Effingerstrasse"},"geometry":{"type":"LineString","coordinates":[[7.432593,46.945924],[7.431123,46.945918]]}},{"type":"Feature","properties":{"k":"haupt","name":"Effingerstrasse"},"geometry":{"type":"LineString","coordinates":[[7.431123,46.945918],[7.43071,46.945888],[7.429637,46.945821],[7.429429,46.945808]]}},{"type":"Feature","properties":{"k":"haupt","name":"Effingerstrasse"},"geometry":{"type":"LineString","coordinates":[[7.427967,46.945701],[7.427326,46.945655],[7.427285,46.945652],[7.427131,46.945642]]}},{"type":"Feature","properties":{"k":"haupt","name":"Seftigenstrasse"},"geometry":{"type":"LineString","coordinates":[[7.439742,46.934134],[7.440172,46.93397]]}},{"type":"Feature","properties":{"k":"neben","name":"Sandrainstrasse"},"geometry":{"type":"LineString","coordinates":[[7.445915,46.932059],[7.445862,46.931728]]}},{"type":"Feature","properties":{"k":"neben","name":"Sandrainstrasse"},"geometry":{"type":"LineString","coordinates":[[7.442483,46.93584],[7.443014,46.934689],[7.443682,46.934068],[7.444164,46.933796],[7.44465,46.933286],[7.445482,46.932824],[7.445866,46.932313]]}},{"type":"Feature","properties":{"k":"neben","name":"Sandrainstrasse"},"geometry":{"type":"LineString","coordinates":[[7.441329,46.93981],[7.441089,46.938809],[7.441291,46.937508]]}},{"type":"Feature","properties":{"k":"neben","name":"Wabernstrasse"},"geometry":{"type":"LineString","coordinates":[[7.43931,46.936364],[7.439308,46.936385],[7.439305,46.936472]]}},{"type":"Feature","properties":{"k":"neben","name":"Mayweg"},"geometry":{"type":"LineString","coordinates":[[7.433779,46.939498],[7.434526,46.939261],[7.434565,46.939249]]}},{"type":"Feature","properties":{"k":"neben","name":"Dapplesweg"},"geometry":{"type":"LineString","coordinates":[[7.433226,46.937616],[7.433267,46.937609],[7.433809,46.937498]]}},{"type":"Feature","properties":{"k":"neben","name":"Dapplesweg"},"geometry":{"type":"LineString","coordinates":[[7.432221,46.937668],[7.433226,46.937616]]}},{"type":"Feature","properties":{"k":"neben","name":"Sulgeneckstrasse"},"geometry":{"type":"LineString","coordinates":[[7.440092,46.940793],[7.439528,46.940764],[7.439048,46.940976]]}},{"type":"Feature","properties":{"k":"neben","name":"Sulgeneckstrasse"},"geometry":{"type":"LineString","coordinates":[[7.439048,46.940976],[7.438123,46.941544],[7.437713,46.941967]]}},{"type":"Feature","properties":{"k":"neben","name":"Sulgeneckstrasse"},"geometry":{"type":"LineString","coordinates":[[7.437713,46.941967],[7.437479,46.942582]]}},{"type":"Feature","properties":{"k":"neben","name":"Sulgeneckstrasse"},"geometry":{"type":"LineString","coordinates":[[7.438679,46.945195],[7.439325,46.945613]]}},{"type":"Feature","properties":{"k":"neben","name":"Rainmattstrasse"},"geometry":{"type":"LineString","coordinates":[[7.438493,46.943988],[7.440009,46.945017]]}},{"type":"Feature","properties":{"k":"neben","name":"Brückenstrasse"},"geometry":{"type":"LineString","coordinates":[[7.442816,46.942004],[7.441498,46.94252],[7.440723,46.94294]]}},{"type":"Feature","properties":{"k":"neben","name":"Marzilistrasse"},"geometry":{"type":"LineString","coordinates":[[7.443093,46.94234],[7.443482,46.942812]]}},{"type":"Feature","properties":{"k":"neben","name":"Erlenweg"},"geometry":{"type":"LineString","coordinates":[[7.441791,46.943136],[7.442801,46.942707],[7.443285,46.942582]]}},{"type":"Feature","properties":{"k":"neben","name":"Aarstrasse"},"geometry":{"type":"LineString","coordinates":[[7.443662,46.943027],[7.443547,46.942888],[7.443482,46.942812]]}},{"type":"Feature","properties":{"k":"neben","name":"Marzilistrasse"},"geometry":{"type":"LineString","coordinates":[[7.443561,46.943244],[7.443677,46.943875],[7.443304,46.944615]]}},{"type":"Feature","properties":{"k":"neben","name":"Aarstrasse"},"geometry":{"type":"LineString","coordinates":[[7.444831,46.944741],[7.444809,46.944719]]}},{"type":"Feature","properties":{"k":"neben","name":"Dalmaziquai"},"geometry":{"type":"LineString","coordinates":[[7.446295,46.944315],[7.446312,46.944362]]}},{"type":"Feature","properties":{"k":"neben","name":"Aarstrasse"},"geometry":{"type":"LineString","coordinates":[[7.444801,46.944625],[7.444853,46.944651],[7.444901,46.944683],[7.444937,46.944708]]}},{"type":"Feature","properties":{"k":"neben","name":"Weihergasse"},"geometry":{"type":"LineString","coordinates":[[7.444877,46.945552],[7.445486,46.945508],[7.445659,46.94543]]}},{"type":"Feature","properties":{"k":"neben","name":"Aarstrasse"},"geometry":{"type":"LineString","coordinates":[[7.44527,46.945188],[7.445012,46.944924]]}},{"type":"Feature","properties":{"k":"neben","name":"Tierparkweg"},"geometry":{"type":"LineString","coordinates":[[7.448945,46.933976],[7.448641,46.933912],[7.44847,46.933653]]}},{"type":"Feature","properties":{"k":"neben","name":"Aegertenstrasse"},"geometry":{"type":"LineString","coordinates":[[7.447484,46.940033],[7.447454,46.939902],[7.447462,46.939613]]}},{"type":"Feature","properties":{"k":"neben","name":"Jubiläumsplatz"},"geometry":{"type":"LineString","coordinates":[[7.453538,46.939249],[7.453529,46.939279],[7.453472,46.939528],[7.453461,46.939583]]}},{"type":"Feature","properties":{"k":"haupt","name":"Kirchenfeldstrasse"},"geometry":{"type":"LineString","coordinates":[[7.446316,46.93998],[7.445811,46.939959]]}},{"type":"Feature","properties":{"k":"neben","name":"Werkgasse"},"geometry":{"type":"LineString","coordinates":[[7.402198,46.943521],[7.402274,46.943526],[7.402991,46.943578]]}},{"type":"Feature","properties":{"k":"neben"},"geometry":{"type":"LineString","coordinates":[[7.398504,46.940163],[7.398975,46.939836]]}},{"type":"Feature","properties":{"k":"neben","name":"Bahnhöheweg"},"geometry":{"type":"LineString","coordinates":[[7.398072,46.939271],[7.397119,46.938668]]}},{"type":"Feature","properties":{"k":"neben","name":"Frischingstrasse"},"geometry":{"type":"LineString","coordinates":[[7.439743,46.933439],[7.440304,46.933881]]}},{"type":"Feature","properties":{"k":"haupt","name":"Turnierstrasse"},"geometry":{"type":"LineString","coordinates":[[7.409415,46.940923],[7.40979,46.941283],[7.409799,46.941521]]}},{"type":"Feature","properties":{"k":"neben","name":"Europaplatz"},"geometry":{"type":"LineString","coordinates":[[7.406863,46.943433],[7.406848,46.943456]]}},{"type":"Feature","properties":{"k":"neben"},"geometry":{"type":"LineString","coordinates":[[7.42145,46.952953],[7.422674,46.952445]]}},{"type":"Feature","properties":{"k":"neben","name":"Distelweg"},"geometry":{"type":"LineString","coordinates":[[7.424741,46.953454],[7.425233,46.953266]]}},{"type":"Feature","properties":{"k":"neben","name":"Drosselweg"},"geometry":{"type":"LineString","coordinates":[[7.425192,46.954021],[7.425236,46.954016],[7.425796,46.953852]]}},{"type":"Feature","properties":{"k":"neben","name":"Wachtelweg"},"geometry":{"type":"LineString","coordinates":[[7.42651,46.954647],[7.426672,46.954836],[7.426696,46.954864]]}},{"type":"Feature","properties":{"k":"haupt"},"geometry":{"type":"LineString","coordinates":[[7.437194,46.939677],[7.436109,46.939798],[7.435537,46.939973]]}},{"type":"Feature","properties":{"k":"haupt","name":"Falkenplatz"},"geometry":{"type":"LineString","coordinates":[[7.43523,46.951158],[7.435008,46.951335]]}},{"type":"Feature","properties":{"k":"neben","name":"Finkenhubelweg"},"geometry":{"type":"LineString","coordinates":[[7.430019,46.950266],[7.429759,46.949978]]}},{"type":"Feature","properties":{"k":"neben","name":"Wildhainweg"},"geometry":{"type":"LineString","coordinates":[[7.431585,46.950098],[7.431494,46.95013],[7.431436,46.95015]]}},{"type":"Feature","properties":{"k":"neben","name":"Kanonenweg"},"geometry":{"type":"LineString","coordinates":[[7.435313,46.94965],[7.434653,46.949673]]}},{"type":"Feature","properties":{"k":"haupt","name":"Murtenstrasse"},"geometry":{"type":"LineString","coordinates":[[7.420409,46.952289],[7.420294,46.952374],[7.420241,46.952413],[7.420146,46.952489]]}},{"type":"Feature","properties":{"k":"haupt","name":"Bremgartenstrasse"},"geometry":{"type":"LineString","coordinates":[[7.420486,46.952597],[7.421018,46.952925]]}},{"type":"Feature","properties":{"k":"haupt","name":"Länggassstrasse"},"geometry":{"type":"LineString","coordinates":[[7.429747,46.954899],[7.427867,46.955446]]}},{"type":"Feature","properties":{"k":"haupt","name":"Falkenplatz"},"geometry":{"type":"LineString","coordinates":[[7.435008,46.951335],[7.434781,46.951545]]}},{"type":"Feature","properties":{"k":"haupt","name":"Kleine Westtangente"},"geometry":{"type":"LineString","coordinates":[[7.436098,46.949098],[7.436856,46.949134],[7.437382,46.949356]]}},{"type":"Feature","properties":{"k":"haupt","name":"Kleine Westtangente"},"geometry":{"type":"LineString","coordinates":[[7.436098,46.949098],[7.435776,46.949069],[7.435698,46.948959]]}},{"type":"Feature","properties":{"k":"haupt","name":"Schanzenstrasse"},"geometry":{"type":"LineString","coordinates":[[7.436725,46.94907],[7.436713,46.9491]]}},{"type":"Feature","properties":{"k":"haupt","name":"Schanzenstrasse"},"geometry":{"type":"LineString","coordinates":[[7.437325,46.947619],[7.437495,46.947216]]}},{"type":"Feature","properties":{"k":"neben","name":"Freiburgstrasse"},"geometry":{"type":"LineString","coordinates":[[7.404439,46.942386],[7.405694,46.942076],[7.406153,46.942036],[7.406357,46.942099],[7.406421,46.94231]]}},{"type":"Feature","properties":{"k":"neben","name":"Sonnenhofweg"},"geometry":{"type":"LineString","coordinates":[[7.472352,46.944135],[7.472591,46.943752]]}},{"type":"Feature","properties":{"k":"neben","name":"Sonnenhofweg"},"geometry":{"type":"LineString","coordinates":[[7.47269,46.943573],[7.472184,46.943169]]}},{"type":"Feature","properties":{"k":"neben","name":"Melchenbühlweg"},"geometry":{"type":"LineString","coordinates":[[7.48019,46.943973],[7.480169,46.943992],[7.480156,46.944006],[7.480141,46.944038]]}},{"type":"Feature","properties":{"k":"neben","name":"Robinsonweg"},"geometry":{"type":"LineString","coordinates":[[7.482677,46.947746],[7.482545,46.947664]]}},{"type":"Feature","properties":{"k":"neben","name":"Läuferplatz"},"geometry":{"type":"LineString","coordinates":[[7.4577,46.949335],[7.458109,46.949323]]}},{"type":"Feature","properties":{"k":"haupt","name":"Aargauerstalden"},"geometry":{"type":"LineString","coordinates":[[7.460215,46.948526],[7.460426,46.948715],[7.460457,46.948872],[7.460063,46.950171],[7.459729,46.950754],[7.458978,46.951667]]}},{"type":"Feature","properties":{"k":"neben","name":"Weihergasse"},"geometry":{"type":"LineString","coordinates":[[7.443656,46.945076],[7.443503,46.945203]]}},{"type":"Feature","properties":{"k":"neben","name":"Neubrückstrasse"},"geometry":{"type":"LineString","coordinates":[[7.439077,46.953722],[7.43914,46.953544]]}},{"type":"Feature","properties":{"k":"neben","name":"Engehaldenstrasse"},"geometry":{"type":"LineString","coordinates":[[7.440948,46.958498],[7.440292,46.956815],[7.439743,46.956352],[7.439423,46.953437]]}},{"type":"Feature","properties":{"k":"haupt","name":"Murtenstrasse"},"geometry":{"type":"LineString","coordinates":[[7.406652,46.949441],[7.406865,46.949432],[7.407175,46.949424]]}},{"type":"Feature","properties":{"k":"haupt","name":"Bernstrasse"},"geometry":{"type":"LineString","coordinates":[[7.477866,46.954463],[7.477117,46.954362]]}},{"type":"Feature","properties":{"k":"haupt","name":"Ostermundigenstrasse"},"geometry":{"type":"LineString","coordinates":[[7.476991,46.954317],[7.477146,46.954306]]}},{"type":"Feature","properties":{"k":"haupt","name":"Muristrasse"},"geometry":{"type":"LineString","coordinates":[[7.476522,46.936915],[7.476489,46.936929],[7.476259,46.937025]]}},{"type":"Feature","properties":{"k":"haupt","name":"Muristrasse"},"geometry":{"type":"LineString","coordinates":[[7.476131,46.936977],[7.47624,46.936937],[7.476344,46.936904]]}},{"type":"Feature","properties":{"k":"haupt","name":"Muristrasse"},"geometry":{"type":"LineString","coordinates":[[7.476344,46.936904],[7.478069,46.936193]]}},{"type":"Feature","properties":{"k":"haupt","name":"Muristrasse"},"geometry":{"type":"LineString","coordinates":[[7.47491,46.937561],[7.475117,46.937384],[7.476131,46.936977]]}},{"type":"Feature","properties":{"k":"neben","name":"Monbijoustrasse"},"geometry":{"type":"LineString","coordinates":[[7.436719,46.945045],[7.436314,46.944434],[7.436268,46.944364]]}},{"type":"Feature","properties":{"k":"haupt","name":"Zieglerstrasse"},"geometry":{"type":"LineString","coordinates":[[7.43022,46.943284],[7.43028,46.943095],[7.430386,46.942755],[7.430419,46.942649]]}},{"type":"Feature","properties":{"k":"neben","name":"Brunnhofweg"},"geometry":{"type":"LineString","coordinates":[[7.429425,46.943523],[7.429214,46.942997]]}},{"type":"Feature","properties":{"k":"neben","name":"Kornhausstrasse"},"geometry":{"type":"LineString","coordinates":[[7.449479,46.95265],[7.449878,46.953462]]}},{"type":"Feature","properties":{"k":"neben","name":"Kornhausstrasse"},"geometry":{"type":"LineString","coordinates":[[7.449384,46.952461],[7.449421,46.952536],[7.449443,46.95258],[7.449479,46.95265]]}},{"type":"Feature","properties":{"k":"haupt","name":"Murtenstrasse"},"geometry":{"type":"LineString","coordinates":[[7.42183,46.951485],[7.421986,46.951561]]}},{"type":"Feature","properties":{"k":"haupt","name":"Muristrasse"},"geometry":{"type":"LineString","coordinates":[[7.470204,46.93959],[7.470764,46.939355],[7.471414,46.939076]]}},{"type":"Feature","properties":{"k":"neben","name":"Jupiterstrasse"},"geometry":{"type":"LineString","coordinates":[[7.484586,46.937614],[7.484944,46.937653],[7.485207,46.937796]]}},{"type":"Feature","properties":{"k":"haupt","name":"Worbstrasse"},"geometry":{"type":"LineString","coordinates":[[7.478043,46.937394],[7.478299,46.937441],[7.47849,46.937492]]}},{"type":"Feature","properties":{"k":"haupt","name":"Thunplatz"},"geometry":{"type":"LineString","coordinates":[[7.458661,46.94056],[7.458347,46.940686]]}},{"type":"Feature","properties":{"k":"haupt"},"geometry":{"type":"LineString","coordinates":[[7.459987,46.948378],[7.459881,46.948338]]}},{"type":"Feature","properties":{"k":"neben","name":"Weissensteinstrasse"},"geometry":{"type":"LineString","coordinates":[[7.42644,46.938795],[7.426499,46.938758],[7.426825,46.938579]]}},{"type":"Feature","properties":{"k":"neben","name":"Fischermättelistrasse"},"geometry":{"type":"LineString","coordinates":[[7.412532,46.941523],[7.414218,46.941217]]}},{"type":"Feature","properties":{"k":"neben","name":"Schosshaldenstrasse"},"geometry":{"type":"LineString","coordinates":[[7.472839,46.950825],[7.472904,46.950842]]}},{"type":"Feature","properties":{"k":"neben","name":"Schosshaldenstrasse"},"geometry":{"type":"LineString","coordinates":[[7.472681,46.950783],[7.472808,46.950817]]}},{"type":"Feature","properties":{"k":"neben","name":"Baltzerstrasse"},"geometry":{"type":"LineString","coordinates":[[7.429043,46.951426],[7.429252,46.951315],[7.429714,46.951073]]}},{"type":"Feature","properties":{"k":"neben","name":"Baltzerstrasse"},"geometry":{"type":"LineString","coordinates":[[7.428199,46.951866],[7.428609,46.951587],[7.428803,46.951498],[7.429043,46.951426]]}},{"type":"Feature","properties":{"k":"neben","name":"Baltzerstrasse"},"geometry":{"type":"LineString","coordinates":[[7.427349,46.952311],[7.427701,46.952128],[7.427907,46.952021]]}},{"type":"Feature","properties":{"k":"neben","name":"Baltzerstrasse"},"geometry":{"type":"LineString","coordinates":[[7.429714,46.951073],[7.429728,46.951066],[7.429765,46.951046]]}},{"type":"Feature","properties":{"k":"neben","name":"Lorrainestrasse"},"geometry":{"type":"LineString","coordinates":[[7.445464,46.954676],[7.445405,46.954731]]}},{"type":"Feature","properties":{"k":"neben","name":"Lorrainestrasse"},"geometry":{"type":"LineString","coordinates":[[7.445393,46.954767],[7.445405,46.954731]]}},{"type":"Feature","properties":{"k":"haupt","name":"Aargauerstalden"},"geometry":{"type":"LineString","coordinates":[[7.458978,46.951667],[7.458729,46.952039],[7.458708,46.952413],[7.458837,46.952739],[7.459289,46.953329]]}},{"type":"Feature","properties":{"k":"neben","name":"Jennerweg"},"geometry":{"type":"LineString","coordinates":[[7.425063,46.94636],[7.425259,46.946468],[7.426053,46.946518]]}},{"type":"Feature","properties":{"k":"neben","name":"Haslerstrasse"},"geometry":{"type":"LineString","coordinates":[[7.429817,46.945113],[7.430554,46.945216],[7.432912,46.944885]]}},{"type":"Feature","properties":{"k":"neben","name":"Bethlehemstrasse"},"geometry":{"type":"LineString","coordinates":[[7.395864,46.946901],[7.396289,46.946641]]}},{"type":"Feature","properties":{"k":"neben","name":"Bethlehemstrasse"},"geometry":{"type":"LineString","coordinates":[[7.395691,46.947012],[7.395864,46.946901]]}},{"type":"Feature","properties":{"k":"neben","name":"Bernstrasse"},"geometry":{"type":"LineString","coordinates":[[7.399285,46.942324],[7.399407,46.9423],[7.399548,46.942273]]}},{"type":"Feature","properties":{"k":"neben","name":"Bernstrasse"},"geometry":{"type":"LineString","coordinates":[[7.3981,46.942386],[7.398661,46.942402],[7.399285,46.942324]]}},{"type":"Feature","properties":{"k":"neben","name":"Bernstrasse"},"geometry":{"type":"LineString","coordinates":[[7.396441,46.942251],[7.397399,46.94231]]}},{"type":"Feature","properties":{"k":"neben","name":"Bernstrasse"},"geometry":{"type":"LineString","coordinates":[[7.395899,46.942165],[7.396441,46.942251]]}},{"type":"Feature","properties":{"k":"haupt","name":"Weissensteinstrasse"},"geometry":{"type":"LineString","coordinates":[[7.408593,46.941576],[7.408765,46.941561],[7.408953,46.94155]]}},{"type":"Feature","properties":{"k":"neben","name":"Christoffelgasse"},"geometry":{"type":"LineString","coordinates":[[7.440755,46.947229],[7.440987,46.946753]]}},{"type":"Feature","properties":{"k":"neben","name":"Brunnadernstrasse"},"geometry":{"type":"LineString","coordinates":[[7.46286,46.93857],[7.462872,46.93866],[7.462893,46.938829]]}},{"type":"Feature","properties":{"k":"neben","name":"Elfenstrasse"},"geometry":{"type":"LineString","coordinates":[[7.462294,46.939002],[7.462584,46.938823]]}},{"type":"Feature","properties":{"k":"haupt","name":"Seftigenstrasse"},"geometry":{"type":"LineString","coordinates":[[7.447138,46.930954],[7.44801,46.930174]]}},{"type":"Feature","properties":{"k":"haupt","name":"Seftigenstrasse"},"geometry":{"type":"LineString","coordinates":[[7.445796,46.931521],[7.445859,46.931492],[7.445881,46.931484]]}},{"type":"Feature","properties":{"k":"haupt","name":"Seftigenstrasse"},"geometry":{"type":"LineString","coordinates":[[7.44807,46.930215],[7.447138,46.930954]]}},{"type":"Feature","properties":{"k":"neben","name":"Bahnhöheweg"},"geometry":{"type":"LineString","coordinates":[[7.397119,46.938668],[7.396941,46.938556]]}},{"type":"Feature","properties":{"k":"neben","name":"Brunnadernstrasse"},"geometry":{"type":"LineString","coordinates":[[7.463132,46.94043],[7.463191,46.94085]]}},{"type":"Feature","properties":{"k":"haupt","name":"Thunstrasse"},"geometry":{"type":"LineString","coordinates":[[7.459801,46.94061],[7.459252,46.940517]]}},{"type":"Feature","properties":{"k":"haupt","name":"Kirchenfeldstrasse"},"geometry":{"type":"LineString","coordinates":[[7.457134,46.940419],[7.457363,46.94043],[7.457725,46.940447]]}},{"type":"Feature","properties":{"k":"haupt","name":"Kirchenfeldstrasse"},"geometry":{"type":"LineString","coordinates":[[7.457725,46.940447],[7.457908,46.940441],[7.458028,46.94044],[7.458118,46.940439]]}},{"type":"Feature","properties":{"k":"neben","name":"Bethlehemstrasse"},"geometry":{"type":"LineString","coordinates":[[7.399291,46.944456],[7.398721,46.944901]]}},{"type":"Feature","properties":{"k":"neben","name":"Bethlehemstrasse"},"geometry":{"type":"LineString","coordinates":[[7.398721,46.944901],[7.399291,46.944456]]}},{"type":"Feature","properties":{"k":"neben","name":"Bethlehemstrasse"},"geometry":{"type":"LineString","coordinates":[[7.398561,46.945028],[7.398721,46.944901]]}},{"type":"Feature","properties":{"k":"haupt","name":"Schwarztorstrasse"},"geometry":{"type":"LineString","coordinates":[[7.422153,46.944571],[7.422553,46.944603]]}},{"type":"Feature","properties":{"k":"haupt","name":"Könizstrasse"},"geometry":{"type":"LineString","coordinates":[[7.421323,46.944254],[7.420759,46.943701],[7.41904,46.941342]]}},{"type":"Feature","properties":{"k":"neben","name":"Looslistrasse"},"geometry":{"type":"LineString","coordinates":[[7.397475,46.948095],[7.397437,46.948083],[7.39667,46.947843],[7.396468,46.947772]]}},{"type":"Feature","properties":{"k":"neben","name":"Looslistrasse"},"geometry":{"type":"LineString","coordinates":[[7.396468,46.947772],[7.395593,46.947287]]}},{"type":"Feature","properties":{"k":"haupt","name":"Murtenstrasse"},"geometry":{"type":"LineString","coordinates":[[7.42132,46.951646],[7.421578,46.951563]]}},{"type":"Feature","properties":{"k":"haupt","name":"Murtenstrasse"},"geometry":{"type":"LineString","coordinates":[[7.42183,46.951485],[7.422038,46.951422],[7.422144,46.951392]]}},{"type":"Feature","properties":{"k":"haupt","name":"Murtenstrasse"},"geometry":{"type":"LineString","coordinates":[[7.426703,46.948775],[7.426529,46.948854],[7.426337,46.94895],[7.42628,46.948981]]}},{"type":"Feature","properties":{"k":"haupt","name":"Murtenstrasse"},"geometry":{"type":"LineString","coordinates":[[7.407175,46.949424],[7.407396,46.949419],[7.407779,46.949411]]}},{"type":"Feature","properties":{"k":"neben","name":"Schosshaldenstrasse"},"geometry":{"type":"LineString","coordinates":[[7.465519,46.947034],[7.46541,46.946867]]}},{"type":"Feature","properties":{"k":"neben","name":"Schosshaldenstrasse"},"geometry":{"type":"LineString","coordinates":[[7.465519,46.947034],[7.465683,46.947003]]}},{"type":"Feature","properties":{"k":"neben","name":"Murtenstrasse"},"geometry":{"type":"LineString","coordinates":[[7.410131,46.948954],[7.410131,46.948947],[7.410131,46.948938]]}},{"type":"Feature","properties":{"k":"neben"},"geometry":{"type":"LineString","coordinates":[[7.410131,46.948938],[7.410131,46.948933],[7.410125,46.948673],[7.410121,46.948457]]}},{"type":"Feature","properties":{"k":"neben","name":"Zähringerstrasse"},"geometry":{"type":"LineString","coordinates":[[7.434943,46.954957],[7.434581,46.955164],[7.434357,46.955292],[7.434296,46.955327]]}},{"type":"Feature","properties":{"k":"neben","name":"Nydeggasse"},"geometry":{"type":"LineString","coordinates":[[7.457549,46.948535],[7.456451,46.948613]]}},{"type":"Feature","properties":{"k":"neben","name":"Alter Aargauerstalden"},"geometry":{"type":"LineString","coordinates":[[7.460941,46.951091],[7.460839,46.950414],[7.46124,46.949531],[7.461271,46.949223],[7.461186,46.949004],[7.460879,46.948696]]}},{"type":"Feature","properties":{"k":"haupt","name":"Schwarzenburgstrasse"},"geometry":{"type":"LineString","coordinates":[[7.424798,46.935724],[7.423251,46.933932]]}},{"type":"Feature","properties":{"k":"haupt","name":"Murtenstrasse"},"geometry":{"type":"LineString","coordinates":[[7.424524,46.950089],[7.424177,46.950322]]}},{"type":"Feature","properties":{"k":"haupt","name":"Murtenstrasse"},"geometry":{"type":"LineString","coordinates":[[7.425202,46.949666],[7.424911,46.949846],[7.424668,46.94999]]}},{"type":"Feature","properties":{"k":"neben","name":"Holzikofenweg"},"geometry":{"type":"LineString","coordinates":[[7.437845,46.936518],[7.437899,46.936516]]}},{"type":"Feature","properties":{"k":"neben","name":"Ryffligässchen"},"geometry":{"type":"LineString","coordinates":[[7.442164,46.948089],[7.442171,46.948031],[7.442175,46.948006]]}},{"type":"Feature","properties":{"k":"neben","name":"Dunantstrasse"},"geometry":{"type":"LineString","coordinates":[[7.478694,46.933531],[7.476841,46.93518]]}},{"type":"Feature","properties":{"k":"neben","name":"Villettengässli"},"geometry":{"type":"LineString","coordinates":[[7.4762,46.933109],[7.472999,46.93246]]}},{"type":"Feature","properties":{"k":"neben","name":"Alexandraweg"},"geometry":{"type":"LineString","coordinates":[[7.472867,46.934603],[7.473703,46.933757]]}},{"type":"Feature","properties":{"k":"neben","name":"Egghölzlistrasse"},"geometry":{"type":"LineString","coordinates":[[7.474282,46.936237],[7.473719,46.936008]]}},{"type":"Feature","properties":{"k":"neben","name":"Egghölzlistrasse"},"geometry":{"type":"LineString","coordinates":[[7.475213,46.936625],[7.474282,46.936237]]}},{"type":"Feature","properties":{"k":"neben","name":"Egghölzlistrasse"},"geometry":{"type":"LineString","coordinates":[[7.475798,46.936865],[7.475213,46.936625]]}},{"type":"Feature","properties":{"k":"neben","name":"Egghölzlistrasse"},"geometry":{"type":"LineString","coordinates":[[7.469372,46.933809],[7.468848,46.933627]]}},{"type":"Feature","properties":{"k":"neben","name":"Manuelstrasse"},"geometry":{"type":"LineString","coordinates":[[7.472588,46.932589],[7.472839,46.932403]]}},{"type":"Feature","properties":{"k":"neben","name":"Mottastrasse"},"geometry":{"type":"LineString","coordinates":[[7.451669,46.942477],[7.451985,46.941263]]}},{"type":"Feature","properties":{"k":"neben","name":"Mühlenplatz"},"geometry":{"type":"LineString","coordinates":[[7.455929,46.946677],[7.455856,46.946736],[7.455718,46.94686],[7.45562,46.946948]]}},{"type":"Feature","properties":{"k":"neben","name":"Mühlenplatz"},"geometry":{"type":"LineString","coordinates":[[7.456075,46.947178],[7.456208,46.947055],[7.456178,46.947022],[7.456335,46.94687]]}},{"type":"Feature","properties":{"k":"neben","name":"Klösterlistutz"},"geometry":{"type":"LineString","coordinates":[[7.458947,46.949462],[7.458861,46.949417],[7.458846,46.94941],[7.458815,46.949401]]}},{"type":"Feature","properties":{"k":"neben","name":"Marzilistrasse"},"geometry":{"type":"LineString","coordinates":[[7.443304,46.944615],[7.443139,46.944967]]}},{"type":"Feature","properties":{"k":"neben","name":"Schwellenmattstrasse"},"geometry":{"type":"LineString","coordinates":[[7.448818,46.944511],[7.448257,46.944535],[7.446601,46.944281],[7.446295,46.944315]]}},{"type":"Feature","properties":{"k":"neben","name":"Schwellenmattstrasse"},"geometry":{"type":"LineString","coordinates":[[7.448976,46.94453],[7.448818,46.944511]]}},{"type":"Feature","properties":{"k":"neben","name":"Marktgasse"},"geometry":{"type":"LineString","coordinates":[[7.444139,46.948155],[7.444516,46.948125]]}},{"type":"Feature","properties":{"k":"neben","name":"Marktgasse"},"geometry":{"type":"LineString","coordinates":[[7.444139,46.948216],[7.443884,46.948249]]}},{"type":"Feature","properties":{"k":"neben","name":"Thunstrasse"},"geometry":{"type":"LineString","coordinates":[[7.450162,46.943529],[7.45161,46.942992]]}},{"type":"Feature","properties":{"k":"neben","name":"Thunstrasse"},"geometry":{"type":"LineString","coordinates":[[7.45161,46.942992],[7.451811,46.94292],[7.452094,46.942814],[7.452753,46.942568]]}},{"type":"Feature","properties":{"k":"neben","name":"Südbahnhofstrasse"},"geometry":{"type":"LineString","coordinates":[[7.428157,46.937531],[7.428201,46.937495],[7.428652,46.937118]]}},{"type":"Feature","properties":{"k":"neben","name":"Südbahnhofstrasse"},"geometry":{"type":"LineString","coordinates":[[7.427499,46.938101],[7.428157,46.937531]]}},{"type":"Feature","properties":{"k":"neben","name":"Marktgasse"},"geometry":{"type":"LineString","coordinates":[[7.446574,46.94792],[7.446453,46.947951],[7.446411,46.947952],[7.446288,46.947929]]}},{"type":"Feature","properties":{"k":"neben","name":"Marktgasse"},"geometry":{"type":"LineString","coordinates":[[7.446574,46.94792],[7.44748,46.947992]]}},{"type":"Feature","properties":{"k":"neben","name":"Marktgasse"},"geometry":{"type":"LineString","coordinates":[[7.446288,46.947929],[7.446412,46.947894],[7.446442,46.947893],[7.446574,46.94792]]}},{"type":"Feature","properties":{"k":"haupt"},"geometry":{"type":"LineString","coordinates":[[7.466588,46.941707],[7.466378,46.941894]]}},{"type":"Feature","properties":{"k":"neben","name":"Europaplatz"},"geometry":{"type":"LineString","coordinates":[[7.406262,46.944079],[7.406595,46.943828],[7.406746,46.943606],[7.406848,46.943456]]}},{"type":"Feature","properties":{"k":"haupt","name":"Ostring"},"geometry":{"type":"LineString","coordinates":[[7.469912,46.943601],[7.468629,46.942865]]}},{"type":"Feature","properties":{"k":"neben","name":"Dammweg"},"geometry":{"type":"LineString","coordinates":[[7.44693,46.95631],[7.446634,46.95557],[7.446056,46.954918]]}},{"type":"Feature","properties":{"k":"neben","name":"Brunnadernrain"},"geometry":{"type":"LineString","coordinates":[[7.461218,46.935515],[7.462219,46.93489]]}},{"type":"Feature","properties":{"k":"neben","name":"Brunnadernrain"},"geometry":{"type":"LineString","coordinates":[[7.462219,46.93489],[7.463016,46.934456]]}},{"type":"Feature","properties":{"k":"neben","name":"Willadingweg"},"geometry":{"type":"LineString","coordinates":[[7.464597,46.936791],[7.465522,46.93748],[7.467108,46.938472]]}},{"type":"Feature","properties":{"k":"neben","name":"Elfenauweg"},"geometry":{"type":"LineString","coordinates":[[7.463532,46.934613],[7.463643,46.934559]]}},{"type":"Feature","properties":{"k":"neben","name":"Elfenauweg"},"geometry":{"type":"LineString","coordinates":[[7.463643,46.934559],[7.463679,46.934713]]}},{"type":"Feature","properties":{"k":"neben","name":"Bundesrain"},"geometry":{"type":"LineString","coordinates":[[7.443139,46.944967],[7.443123,46.944996]]}},{"type":"Feature","properties":{"k":"neben","name":"Klösterlistutz"},"geometry":{"type":"LineString","coordinates":[[7.458908,46.949737],[7.459008,46.949559]]}},{"type":"Feature","properties":{"k":"neben","name":"Aarstrasse"},"geometry":{"type":"LineString","coordinates":[[7.445659,46.94543],[7.44527,46.945188]]}},{"type":"Feature","properties":{"k":"neben","name":"Bubenbergplatz"},"geometry":{"type":"LineString","coordinates":[[7.438851,46.947285],[7.439047,46.947318],[7.439663,46.947421]]}},{"type":"Feature","properties":{"k":"haupt","name":"Schwarztorstrasse"},"geometry":{"type":"LineString","coordinates":[[7.422553,46.944603],[7.423064,46.944603]]}},{"type":"Feature","properties":{"k":"haupt","name":"Bahnhofplatz"},"geometry":{"type":"LineString","coordinates":[[7.439949,46.948141],[7.440001,46.947839]]}},{"type":"Feature","properties":{"k":"haupt","name":"Bahnhofplatz"},"geometry":{"type":"LineString","coordinates":[[7.440666,46.948521],[7.44003,46.948373],[7.439939,46.948217]]}},{"type":"Feature","properties":{"k":"haupt","name":"Schwarztorstrasse"},"geometry":{"type":"LineString","coordinates":[[7.423064,46.944603],[7.424301,46.944625]]}},{"type":"Feature","properties":{"k":"neben","name":"Aarstrasse"},"geometry":{"type":"LineString","coordinates":[[7.443806,46.943207],[7.443662,46.943027]]}},{"type":"Feature","properties":{"k":"haupt","name":"Eigerstrasse"},"geometry":{"type":"LineString","coordinates":[[7.433193,46.94082],[7.432955,46.940855]]}},{"type":"Feature","properties":{"k":"neben","name":"Lentulusstrasse"},"geometry":{"type":"LineString","coordinates":[[7.425503,46.940681],[7.427328,46.939725]]}},{"type":"Feature","properties":{"k":"neben"},"geometry":{"type":"LineString","coordinates":[[7.441765,46.940743],[7.44176,46.940751]]}},{"type":"Feature","properties":{"k":"neben","name":"Blockweg"},"geometry":{"type":"LineString","coordinates":[[7.427485,46.941442],[7.427299,46.94129]]}},{"type":"Feature","properties":{"k":"neben","name":"Blockweg"},"geometry":{"type":"LineString","coordinates":[[7.427299,46.94129],[7.427215,46.941222]]}},{"type":"Feature","properties":{"k":"neben","name":"Blockweg"},"geometry":{"type":"LineString","coordinates":[[7.427215,46.941222],[7.427151,46.941169]]}},{"type":"Feature","properties":{"k":"neben","name":"Blockweg"},"geometry":{"type":"LineString","coordinates":[[7.427151,46.941169],[7.427047,46.941084],[7.427013,46.941054]]}},{"type":"Feature","properties":{"k":"neben","name":"Hodlerstrasse"},"geometry":{"type":"LineString","coordinates":[[7.442436,46.951373],[7.442258,46.951598],[7.442135,46.952169]]}},{"type":"Feature","properties":{"k":"haupt","name":"Bollwerk"},"geometry":{"type":"LineString","coordinates":[[7.440654,46.950945],[7.4407,46.951187]]}},{"type":"Feature","properties":{"k":"haupt","name":"Bubenbergplatz"},"geometry":{"type":"LineString","coordinates":[[7.438458,46.947361],[7.437993,46.94726]]}},{"type":"Feature","properties":{"k":"haupt","name":"Muristrasse"},"geometry":{"type":"LineString","coordinates":[[7.475882,46.937179],[7.474904,46.937567]]}},{"type":"Feature","properties":{"k":"haupt","name":"Weltpoststrasse"},"geometry":{"type":"LineString","coordinates":[[7.47849,46.937492],[7.478423,46.937492],[7.478293,46.937488],[7.478098,46.937472]]}},{"type":"Feature","properties":{"k":"haupt","name":"Weltpoststrasse"},"geometry":{"type":"LineString","coordinates":[[7.478098,46.937472],[7.477483,46.937426]]}},{"type":"Feature","properties":{"k":"haupt","name":"Weissensteinstrasse"},"geometry":{"type":"LineString","coordinates":[[7.419495,46.940852],[7.419359,46.940861],[7.419323,46.940863],[7.41896,46.940886]]}},{"type":"Feature","properties":{"k":"neben","name":"Ländteweg"},"geometry":{"type":"LineString","coordinates":[[7.443651,46.943943],[7.444266,46.943863]]}},{"type":"Feature","properties":{"k":"neben","name":"Mattenhofstrasse"},"geometry":{"type":"LineString","coordinates":[[7.43022,46.943284],[7.431675,46.942856]]}},{"type":"Feature","properties":{"k":"neben","name":"Bienenstrasse"},"geometry":{"type":"LineString","coordinates":[[7.401561,46.944377],[7.402328,46.944572]]}},{"type":"Feature","properties":{"k":"neben","name":"Bubenbergrain"},"geometry":{"type":"LineString","coordinates":[[7.452886,46.946454],[7.453013,46.946748],[7.45346,46.946932]]}},{"type":"Feature","properties":{"k":"neben"},"geometry":{"type":"LineString","coordinates":[[7.453009,46.946743],[7.453037,46.946734],[7.453159,46.946695]]}},{"type":"Feature","properties":{"k":"neben","name":"Bubenbergrain"},"geometry":{"type":"LineString","coordinates":[[7.453977,46.947198],[7.454001,46.947202]]}},{"type":"Feature","properties":{"k":"neben","name":"Grabenpromenade"},"geometry":{"type":"LineString","coordinates":[[7.448031,46.948943],[7.447733,46.949009]]}},{"type":"Feature","properties":{"k":"neben","name":"Grabenpromenade"},"geometry":{"type":"LineString","coordinates":[[7.447675,46.9488],[7.448031,46.948943]]}},{"type":"Feature","properties":{"k":"neben","name":"Elfenauweg"},"geometry":{"type":"LineString","coordinates":[[7.469917,46.939571],[7.469371,46.939168]]}},{"type":"Feature","properties":{"k":"haupt","name":"Murtenstrasse"},"geometry":{"type":"LineString","coordinates":[[7.416903,46.951715],[7.417013,46.951766],[7.41712,46.951813],[7.417178,46.951836]]}},{"type":"Feature","properties":{"k":"neben","name":"Gantrischstrasse"},"geometry":{"type":"LineString","coordinates":[[7.471728,46.946622],[7.472224,46.947778]]}},{"type":"Feature","properties":{"k":"haupt","name":"Ostermundigenstrasse"},"geometry":{"type":"LineString","coordinates":[[7.470439,46.953332],[7.47055,46.953359]]}},{"type":"Feature","properties":{"k":"haupt","name":"Ostermundigenstrasse"},"geometry":{"type":"LineString","coordinates":[[7.469861,46.953212],[7.469943,46.953229]]}},{"type":"Feature","properties":{"k":"haupt","name":"Ostermundigenstrasse"},"geometry":{"type":"LineString","coordinates":[[7.467523,46.952641],[7.468659,46.952925],[7.469319,46.95308],[7.469861,46.953212]]}},{"type":"Feature","properties":{"k":"neben","name":"Bolligenstrasse"},"geometry":{"type":"LineString","coordinates":[[7.461766,46.951963],[7.461702,46.951771]]}},{"type":"Feature","properties":{"k":"neben","name":"Aarbergergasse"},"geometry":{"type":"LineString","coordinates":[[7.441104,46.95],[7.441005,46.950025],[7.440907,46.950051],[7.440886,46.950055]]}},{"type":"Feature","properties":{"k":"neben"},"geometry":{"type":"LineString","coordinates":[[7.415127,46.945217],[7.415556,46.945312]]}},{"type":"Feature","properties":{"k":"neben","name":"Altenbergrain"},"geometry":{"type":"LineString","coordinates":[[7.446127,46.954261],[7.44578,46.954191],[7.445593,46.954]]}},{"type":"Feature","properties":{"k":"neben","name":"Altenbergrain"},"geometry":{"type":"LineString","coordinates":[[7.447255,46.951155],[7.447308,46.951129],[7.447609,46.950967]]}},{"type":"Feature","properties":{"k":"neben","name":"Bethlehemstrasse"},"geometry":{"type":"LineString","coordinates":[[7.397611,46.946416],[7.39761,46.946391],[7.397597,46.946137]]}},{"type":"Feature","properties":{"k":"neben","name":"Bethlehemstrasse"},"geometry":{"type":"LineString","coordinates":[[7.398754,46.946365],[7.398268,46.946376],[7.39761,46.946391],[7.397125,46.946402]]}},{"type":"Feature","properties":{"k":"neben","name":"Liebeggweg"},"geometry":{"type":"LineString","coordinates":[[7.459806,46.945758],[7.459993,46.945582]]}},{"type":"Feature","properties":{"k":"neben","name":"Gryphenhübeliweg"},"geometry":{"type":"LineString","coordinates":[[7.456323,46.943933],[7.458299,46.944828]]}},{"type":"Feature","properties":{"k":"neben","name":"Gryphenhübeliweg"},"geometry":{"type":"LineString","coordinates":[[7.45773,46.942326],[7.45744,46.942702]]}},{"type":"Feature","properties":{"k":"neben","name":"Grüneckweg"},"geometry":{"type":"LineString","coordinates":[[7.457968,46.944108],[7.457649,46.943948],[7.45763,46.943938],[7.457614,46.943931]]}},{"type":"Feature","properties":{"k":"neben","name":"Gryphenhübeliweg"},"geometry":{"type":"LineString","coordinates":[[7.456375,46.943129],[7.456323,46.943933]]}},{"type":"Feature","properties":{"k":"neben","name":"Gryphenhübeliweg"},"geometry":{"type":"LineString","coordinates":[[7.456419,46.942586],[7.456428,46.942475]]}},{"type":"Feature","properties":{"k":"neben","name":"Gryphenhübeliweg"},"geometry":{"type":"LineString","coordinates":[[7.456375,46.943129],[7.456382,46.943071],[7.456419,46.942586]]}},{"type":"Feature","properties":{"k":"neben","name":"Morillonstrasse"},"geometry":{"type":"LineString","coordinates":[[7.433133,46.93193],[7.432755,46.931265]]}},{"type":"Feature","properties":{"k":"neben","name":"Morillonstrasse"},"geometry":{"type":"LineString","coordinates":[[7.434223,46.933767],[7.433737,46.93309]]}},{"type":"Feature","properties":{"k":"haupt","name":"Lorrainebrücke"},"geometry":{"type":"LineString","coordinates":[[7.442391,46.95232],[7.442307,46.952269]]}},{"type":"Feature","properties":{"k":"haupt","name":"Schanzenstrasse"},"geometry":{"type":"LineString","coordinates":[[7.436713,46.9491],[7.436689,46.949157]]}},{"type":"Feature","properties":{"k":"haupt","name":"Schwarzenburgstrasse"},"geometry":{"type":"LineString","coordinates":[[7.427998,46.938603],[7.427938,46.938551]]}},{"type":"Feature","properties":{"k":"haupt","name":"Belpstrasse"},"geometry":{"type":"LineString","coordinates":[[7.433834,46.946271],[7.43403,46.946622]]}},{"type":"Feature","properties":{"k":"neben","name":"Wattenwylweg"},"geometry":{"type":"LineString","coordinates":[[7.462604,46.948353],[7.462251,46.948595]]}},{"type":"Feature","properties":{"k":"neben","name":"Vennerweg"},"geometry":{"type":"LineString","coordinates":[[7.462604,46.948353],[7.46263,46.948378],[7.463239,46.948785],[7.463284,46.948816]]}},{"type":"Feature","properties":{"k":"haupt"},"geometry":{"type":"LineString","coordinates":[[7.473116,46.948322],[7.472912,46.94765]]}},{"type":"Feature","properties":{"k":"haupt"},"geometry":{"type":"LineString","coordinates":[[7.472832,46.947477],[7.472159,46.94568]]}},{"type":"Feature","properties":{"k":"haupt"},"geometry":{"type":"LineString","coordinates":[[7.472636,46.944324],[7.4724,46.944843]]}},{"type":"Feature","properties":{"k":"haupt"},"geometry":{"type":"LineString","coordinates":[[7.473016,46.943237],[7.47305,46.943164]]}},{"type":"Feature","properties":{"k":"haupt"},"geometry":{"type":"LineString","coordinates":[[7.473167,46.943181],[7.473134,46.943241]]}},{"type":"Feature","properties":{"k":"haupt"},"geometry":{"type":"LineString","coordinates":[[7.474941,46.940567],[7.475135,46.940371],[7.475251,46.940258],[7.475403,46.940115]]}},{"type":"Feature","properties":{"k":"haupt"},"geometry":{"type":"LineString","coordinates":[[7.475689,46.939987],[7.474685,46.940993]]}},{"type":"Feature","properties":{"k":"neben","name":"Jupiterstrasse"},"geometry":{"type":"LineString","coordinates":[[7.478423,46.937492],[7.478299,46.937655]]}},{"type":"Feature","properties":{"k":"neben","name":"Jupiterstrasse"},"geometry":{"type":"LineString","coordinates":[[7.478871,46.938513],[7.478713,46.938608],[7.478629,46.938504]]}},{"type":"Feature","properties":{"k":"neben","name":"Hirschengraben"},"geometry":{"type":"LineString","coordinates":[[7.438118,46.946975],[7.438227,46.94718]]}},{"type":"Feature","properties":{"k":"haupt","name":"Bubenbergplatz"},"geometry":{"type":"LineString","coordinates":[[7.437878,46.947237],[7.437552,46.947216]]}},{"type":"Feature","properties":{"k":"neben","name":"Müngerstrasse"},"geometry":{"type":"LineString","coordinates":[[7.477788,46.946169],[7.4778,46.946115],[7.477858,46.945763],[7.477929,46.945354]]}},{"type":"Feature","properties":{"k":"neben","name":"Kirchbergerstrasse"},"geometry":{"type":"LineString","coordinates":[[7.425165,46.938909],[7.426105,46.938567]]}},{"type":"Feature","properties":{"k":"haupt","name":"Könizstrasse"},"geometry":{"type":"LineString","coordinates":[[7.416462,46.937458],[7.416109,46.936821],[7.416001,46.936652]]}},{"type":"Feature","properties":{"k":"haupt","name":"Schanzenstrasse"},"geometry":{"type":"LineString","coordinates":[[7.436235,46.950298],[7.436141,46.950431]]}},{"type":"Feature","properties":{"k":"neben","name":"Bethlehemstrasse"},"geometry":{"type":"LineString","coordinates":[[7.4015,46.943077],[7.401393,46.942752],[7.401575,46.942439],[7.401948,46.942124],[7.402323,46.942062],[7.403751,46.942867],[7.403851,46.942985],[7.40378,46.943054]]}},{"type":"Feature","properties":{"k":"haupt","name":"Murtenstrasse"},"geometry":{"type":"LineString","coordinates":[[7.42685,46.948712],[7.426837,46.948718],[7.426703,46.948775]]}},{"type":"Feature","properties":{"k":"neben","name":"Freiburgstrasse"},"geometry":{"type":"LineString","coordinates":[[7.414513,46.946002],[7.409173,46.943731]]}},{"type":"Feature","properties":{"k":"neben","name":"Schenkstrasse"},"geometry":{"type":"LineString","coordinates":[[7.414513,46.946002],[7.414568,46.94591],[7.414588,46.945898],[7.414646,46.945877]]}},{"type":"Feature","properties":{"k":"neben","name":"Schänzlistrasse"},"geometry":{"type":"LineString","coordinates":[[7.450185,46.953399],[7.449997,46.953439]]}},{"type":"Feature","properties":{"k":"neben","name":"Schänzlistrasse"},"geometry":{"type":"LineString","coordinates":[[7.449748,46.953495],[7.449561,46.953538]]}},{"type":"Feature","properties":{"k":"neben","name":"Bundesgasse"},"geometry":{"type":"LineString","coordinates":[[7.440987,46.94642],[7.441034,46.946428],[7.441105,46.94644]]}},{"type":"Feature","properties":{"k":"neben","name":"Christoffelgasse"},"geometry":{"type":"LineString","coordinates":[[7.440987,46.946753],[7.441105,46.94644]]}},{"type":"Feature","properties":{"k":"haupt","name":"Seftigenstrasse"},"geometry":{"type":"LineString","coordinates":[[7.445506,46.931649],[7.445556,46.931627],[7.445695,46.931566],[7.445796,46.931521]]}},{"type":"Feature","properties":{"k":"haupt","name":"Seftigenstrasse"},"geometry":{"type":"LineString","coordinates":[[7.440172,46.93397],[7.440304,46.933881]]}},{"type":"Feature","properties":{"k":"neben","name":"Monbijoustrasse"},"geometry":{"type":"LineString","coordinates":[[7.435924,46.943071],[7.435938,46.943218]]}},{"type":"Feature","properties":{"k":"neben","name":"Monbijoustrasse"},"geometry":{"type":"LineString","coordinates":[[7.435893,46.939926],[7.435872,46.940042]]}},{"type":"Feature","properties":{"k":"neben","name":"Bahnhöheweg"},"geometry":{"type":"LineString","coordinates":[[7.401596,46.941557],[7.401666,46.941606]]}},{"type":"Feature","properties":{"k":"neben","name":"Jennerweg"},"geometry":{"type":"LineString","coordinates":[[7.426053,46.946518],[7.426724,46.946566],[7.426831,46.946598]]}},{"type":"Feature","properties":{"k":"haupt","name":"Ostermundigenstrasse"},"geometry":{"type":"LineString","coordinates":[[7.463327,46.952255],[7.464077,46.95233],[7.465354,46.9523],[7.467523,46.952641]]}},{"type":"Feature","properties":{"k":"haupt","name":"Weissensteinstrasse"},"geometry":{"type":"LineString","coordinates":[[7.420553,46.940781],[7.419495,46.940852]]}},{"type":"Feature","properties":{"k":"haupt","name":"Thunstrasse"},"geometry":{"type":"LineString","coordinates":[[7.463093,46.941145],[7.463103,46.941139],[7.463219,46.941091],[7.463334,46.9411]]}},{"type":"Feature","properties":{"k":"neben","name":"Buchserstrasse"},"geometry":{"type":"LineString","coordinates":[[7.469912,46.943601],[7.46996,46.943566]]}},{"type":"Feature","properties":{"k":"haupt","name":"Ostring"},"geometry":{"type":"LineString","coordinates":[[7.469018,46.942979],[7.469764,46.94341]]}},{"type":"Feature","properties":{"k":"haupt","name":"Laubeggstrasse"},"geometry":{"type":"LineString","coordinates":[[7.47171,46.944932],[7.471766,46.94489],[7.471875,46.944811],[7.47195,46.944755]]}},{"type":"Feature","properties":{"k":"neben","name":"Burgunderstrasse"},"geometry":{"type":"LineString","coordinates":[[7.398134,46.940868],[7.398046,46.940795],[7.398038,46.940788],[7.398008,46.940764]]}},{"type":"Feature","properties":{"k":"neben","name":"Burgunderstrasse"},"geometry":{"type":"LineString","coordinates":[[7.399407,46.9423],[7.399001,46.941616],[7.398134,46.940868]]}},{"type":"Feature","properties":{"k":"haupt","name":"Freiburgstrasse"},"geometry":{"type":"LineString","coordinates":[[7.396121,46.937661],[7.396431,46.937897],[7.396753,46.938131]]}},{"type":"Feature","properties":{"k":"haupt","name":"Freiburgstrasse"},"geometry":{"type":"LineString","coordinates":[[7.399862,46.940137],[7.400062,46.940251],[7.400262,46.940374]]}},{"type":"Feature","properties":{"k":"neben","name":"Hardeggerstrasse"},"geometry":{"type":"LineString","coordinates":[[7.417172,46.936549],[7.417101,46.936425],[7.417081,46.936391],[7.41707,46.936372]]}},{"type":"Feature","properties":{"k":"neben","name":"Hardeggerstrasse"},"geometry":{"type":"LineString","coordinates":[[7.417318,46.937288],[7.416679,46.937556]]}},{"type":"Feature","properties":{"k":"haupt","name":"Schwarzenburgstrasse"},"geometry":{"type":"LineString","coordinates":[[7.427938,46.938551],[7.427166,46.93804]]}},{"type":"Feature","properties":{"k":"haupt","name":"Ostring"},"geometry":{"type":"LineString","coordinates":[[7.469764,46.94341],[7.469904,46.943469],[7.470031,46.943514]]}},{"type":"Feature","properties":{"k":"haupt","name":"Ostring"},"geometry":{"type":"LineString","coordinates":[[7.468846,46.94283],[7.468959,46.942941]]}},{"type":"Feature","properties":{"k":"haupt","name":"Ostring"},"geometry":{"type":"LineString","coordinates":[[7.468846,46.94283],[7.470031,46.943514]]}},{"type":"Feature","properties":{"k":"haupt","name":"Laubeggstrasse"},"geometry":{"type":"LineString","coordinates":[[7.466434,46.947286],[7.46638,46.94733],[7.466348,46.947358],[7.466291,46.947406]]}},{"type":"Feature","properties":{"k":"neben","name":"Schosshaldenstrasse"},"geometry":{"type":"LineString","coordinates":[[7.466291,46.947406],[7.46642,46.947618]]}},{"type":"Feature","properties":{"k":"neben","name":"Schosshaldenstrasse"},"geometry":{"type":"LineString","coordinates":[[7.466555,46.947705],[7.467405,46.948355],[7.469026,46.949232]]}},{"type":"Feature","properties":{"k":"neben","name":"Schosshaldenstrasse"},"geometry":{"type":"LineString","coordinates":[[7.466479,46.947652],[7.466515,46.947676],[7.46654,46.947694],[7.466555,46.947705]]}},{"type":"Feature","properties":{"k":"neben","name":"Aarstrasse"},"geometry":{"type":"LineString","coordinates":[[7.446353,46.945722],[7.445659,46.94543]]}},{"type":"Feature","properties":{"k":"neben","name":"Holligenstrasse"},"geometry":{"type":"LineString","coordinates":[[7.416053,46.939632],[7.416552,46.93983],[7.416963,46.940258]]}},{"type":"Feature","properties":{"k":"neben","name":"Hardeggerstrasse"},"geometry":{"type":"LineString","coordinates":[[7.417416,46.936963],[7.417172,46.936549]]}},{"type":"Feature","properties":{"k":"neben","name":"Pestalozzistrasse"},"geometry":{"type":"LineString","coordinates":[[7.424502,46.940837],[7.425008,46.940539]]}},{"type":"Feature","properties":{"k":"neben"},"geometry":{"type":"LineString","coordinates":[[7.46645,46.943122],[7.466371,46.943069],[7.466196,46.94295],[7.466152,46.94292]]}},{"type":"Feature","properties":{"k":"neben","name":"Brunnadernstrasse"},"geometry":{"type":"LineString","coordinates":[[7.464597,46.936791],[7.462873,46.938179]]}},{"type":"Feature","properties":{"k":"neben","name":"Willadingweg"},"geometry":{"type":"LineString","coordinates":[[7.462591,46.935188],[7.464554,46.936762],[7.464562,46.936768],[7.464597,46.936791]]}},{"type":"Feature","properties":{"k":"neben","name":"Steigerhubelstrasse"},"geometry":{"type":"LineString","coordinates":[[7.411238,46.946194],[7.411333,46.946125],[7.411399,46.946073],[7.411485,46.946045]]}},{"type":"Feature","properties":{"k":"haupt","name":"Viktoriastrasse"},"geometry":{"type":"LineString","coordinates":[[7.454871,46.953773],[7.452574,46.954297]]}},{"type":"Feature","properties":{"k":"neben","name":"Kornhausplatz"},"geometry":{"type":"LineString","coordinates":[[7.447675,46.9488],[7.447694,46.948866],[7.447733,46.949009]]}},{"type":"Feature","properties":{"k":"haupt"},"geometry":{"type":"LineString","coordinates":[[7.421633,46.944495],[7.421794,46.944515]]}},{"type":"Feature","properties":{"k":"haupt","name":"Effingerstrasse"},"geometry":{"type":"LineString","coordinates":[[7.426006,46.945559],[7.425837,46.945547],[7.424202,46.945427]]}},{"type":"Feature","properties":{"k":"haupt"},"geometry":{"type":"LineString","coordinates":[[7.421794,46.944515],[7.421814,46.944628]]}},{"type":"Feature","properties":{"k":"neben","name":"Terrassenweg"},"geometry":{"type":"LineString","coordinates":[[7.434342,46.949204],[7.434221,46.948905]]}},{"type":"Feature","properties":{"k":"neben","name":"Steigerweg"},"geometry":{"type":"LineString","coordinates":[[7.463081,46.948959],[7.463153,46.94891],[7.463284,46.948816]]}},{"type":"Feature","properties":{"k":"neben","name":"Monbijoustrasse"},"geometry":{"type":"LineString","coordinates":[[7.435938,46.943218],[7.435974,46.943672]]}},{"type":"Feature","properties":{"k":"neben","name":"Schönburgstrasse"},"geometry":{"type":"LineString","coordinates":[[7.457045,46.954244],[7.457728,46.955134]]}},{"type":"Feature","properties":{"k":"neben","name":"Blumenbergstrasse"},"geometry":{"type":"LineString","coordinates":[[7.455912,46.955589],[7.455532,46.954949],[7.4555,46.954895]]}},{"type":"Feature","properties":{"k":"neben","name":"Blumenbergstrasse"},"geometry":{"type":"LineString","coordinates":[[7.454871,46.953773],[7.454259,46.952685]]}},{"type":"Feature","properties":{"k":"neben","name":"Feldeggweg"},"geometry":{"type":"LineString","coordinates":[[7.446408,46.94408],[7.446406,46.943756],[7.446517,46.943699],[7.446823,46.94409],[7.447037,46.944187]]}},{"type":"Feature","properties":{"k":"neben","name":"Feldeggweg"},"geometry":{"type":"LineString","coordinates":[[7.446823,46.944309],[7.446408,46.94408]]}},{"type":"Feature","properties":{"k":"haupt","name":"Viktoriastrasse"},"geometry":{"type":"LineString","coordinates":[[7.455156,46.953709],[7.454946,46.953756],[7.454871,46.953773]]}},{"type":"Feature","properties":{"k":"haupt","name":"Seftigenstrasse"},"geometry":{"type":"LineString","coordinates":[[7.435398,46.935043],[7.436113,46.934985]]}},{"type":"Feature","properties":{"k":"neben","name":"Morillonstrasse"},"geometry":{"type":"LineString","coordinates":[[7.435398,46.935043],[7.434223,46.933767]]}},{"type":"Feature","properties":{"k":"haupt","name":"Monbijoustrasse"},"geometry":{"type":"LineString","coordinates":[[7.436639,46.936262],[7.43692,46.935159]]}},{"type":"Feature","properties":{"k":"haupt"},"geometry":{"type":"LineString","coordinates":[[7.398618,46.952045],[7.399544,46.951681]]}},{"type":"Feature","properties":{"k":"haupt","name":"Weltpoststrasse"},"geometry":{"type":"LineString","coordinates":[[7.47191,46.939174],[7.471718,46.939084],[7.471676,46.938964]]}},{"type":"Feature","properties":{"k":"haupt","name":"Weltpoststrasse"},"geometry":{"type":"LineString","coordinates":[[7.47191,46.939174],[7.47167,46.939113],[7.471604,46.939096]]}},{"type":"Feature","properties":{"k":"haupt","name":"Muristrasse"},"geometry":{"type":"LineString","coordinates":[[7.471414,46.939076],[7.471676,46.938964]]}},{"type":"Feature","properties":{"k":"haupt","name":"Weltpoststrasse"},"geometry":{"type":"LineString","coordinates":[[7.471604,46.939096],[7.471414,46.939076]]}},{"type":"Feature","properties":{"k":"neben","name":"Kirchbergerstrasse"},"geometry":{"type":"LineString","coordinates":[[7.423942,46.938691],[7.424584,46.938984],[7.425165,46.938909]]}},{"type":"Feature","properties":{"k":"neben","name":"Bundesgasse"},"geometry":{"type":"LineString","coordinates":[[7.438158,46.945937],[7.437818,46.945882],[7.437656,46.945854]]}},{"type":"Feature","properties":{"k":"haupt","name":"Bernstrasse"},"geometry":{"type":"LineString","coordinates":[[7.403269,46.941907],[7.402434,46.941857],[7.401712,46.941946]]}},{"type":"Feature","properties":{"k":"haupt","name":"Bernstrasse"},"geometry":{"type":"LineString","coordinates":[[7.400794,46.942042],[7.401688,46.941859]]}},{"type":"Feature","properties":{"k":"neben","name":"Rabbentalstrasse"},"geometry":{"type":"LineString","coordinates":[[7.445864,46.952617],[7.446223,46.952438],[7.446615,46.952349]]}},{"type":"Feature","properties":{"k":"neben","name":"Rabbentalstrasse"},"geometry":{"type":"LineString","coordinates":[[7.450889,46.951521],[7.451275,46.951454],[7.45136,46.951538]]}},{"type":"Feature","properties":{"k":"neben","name":"Uferweg"},"geometry":{"type":"LineString","coordinates":[[7.444579,46.952267],[7.444542,46.952287]]}},{"type":"Feature","properties":{"k":"haupt","name":"Viktoriaplatz"},"geometry":{"type":"LineString","coordinates":[[7.450688,46.954798],[7.45054,46.954852],[7.450386,46.95481],[7.450339,46.954704],[7.450442,46.954628]]}},{"type":"Feature","properties":{"k":"haupt","name":"Viktoriaplatz"},"geometry":{"type":"LineString","coordinates":[[7.450442,46.954628],[7.450626,46.95464],[7.450705,46.954722]]}},{"type":"Feature","properties":{"k":"haupt","name":"Viktoriaplatz"},"geometry":{"type":"LineString","coordinates":[[7.450705,46.954722],[7.450688,46.954798]]}},{"type":"Feature","properties":{"k":"haupt","name":"Weissensteinstrasse"},"geometry":{"type":"LineString","coordinates":[[7.428539,46.93813],[7.427998,46.938603]]}},{"type":"Feature","properties":{"k":"neben","name":"Elfenauweg"},"geometry":{"type":"LineString","coordinates":[[7.469371,46.939168],[7.468057,46.938216]]}},{"type":"Feature","properties":{"k":"haupt","name":"Bernstrasse"},"geometry":{"type":"LineString","coordinates":[[7.400671,46.942095],[7.400794,46.942042]]}},{"type":"Feature","properties":{"k":"haupt","name":"Turnierstrasse"},"geometry":{"type":"LineString","coordinates":[[7.413869,46.93761],[7.41013,46.939278],[7.409805,46.939492],[7.409389,46.939955]]}},{"type":"Feature","properties":{"k":"neben","name":"Holligenstrasse"},"geometry":{"type":"LineString","coordinates":[[7.416963,46.940258],[7.417144,46.940541]]}},{"type":"Feature","properties":{"k":"haupt","name":"Freiburgstrasse"},"geometry":{"type":"LineString","coordinates":[[7.407569,46.943473],[7.407668,46.943486],[7.407703,46.94349],[7.407783,46.943496]]}},{"type":"Feature","properties":{"k":"haupt","name":"Schlossstrasse"},"geometry":{"type":"LineString","coordinates":[[7.409173,46.943731],[7.409564,46.943788]]}},{"type":"Feature","properties":{"k":"neben","name":"Brunnadernstrasse"},"geometry":{"type":"LineString","coordinates":[[7.466267,46.935525],[7.464597,46.936791]]}},{"type":"Feature","properties":{"k":"neben","name":"Elfenauweg"},"geometry":{"type":"LineString","coordinates":[[7.465225,46.936327],[7.464048,46.935251]]}},{"type":"Feature","properties":{"k":"neben","name":"Manuelstrasse"},"geometry":{"type":"LineString","coordinates":[[7.47023,46.934576],[7.468686,46.935856]]}},{"type":"Feature","properties":{"k":"neben","name":"Manuelstrasse"},"geometry":{"type":"LineString","coordinates":[[7.470502,46.934344],[7.470445,46.934396],[7.470406,46.93443],[7.47023,46.934576]]}},{"type":"Feature","properties":{"k":"neben","name":"Ringoltingenstrasse"},"geometry":{"type":"LineString","coordinates":[[7.467746,46.936643],[7.468274,46.937063]]}},{"type":"Feature","properties":{"k":"neben","name":"Ringoltingenstrasse"},"geometry":{"type":"LineString","coordinates":[[7.468702,46.937665],[7.468707,46.937672],[7.468787,46.937767],[7.468867,46.937857]]}},{"type":"Feature","properties":{"k":"neben","name":"Wendschatzstrasse"},"geometry":{"type":"LineString","coordinates":[[7.47038,46.93709],[7.470119,46.936864]]}},{"type":"Feature","properties":{"k":"neben","name":"Wendschatzstrasse"},"geometry":{"type":"LineString","coordinates":[[7.468902,46.937121],[7.468473,46.937318]]}},{"type":"Feature","properties":{"k":"neben","name":"Frikartweg"},"geometry":{"type":"LineString","coordinates":[[7.469323,46.934096],[7.469511,46.933954],[7.469594,46.933892]]}},{"type":"Feature","properties":{"k":"neben","name":"Frikartweg"},"geometry":{"type":"LineString","coordinates":[[7.467489,46.935479],[7.467653,46.935355]]}},{"type":"Feature","properties":{"k":"neben","name":"Sprünglistrasse"},"geometry":{"type":"LineString","coordinates":[[7.47355,46.936209],[7.473651,46.936092],[7.473719,46.936008]]}},{"type":"Feature","properties":{"k":"neben","name":"Sprünglistrasse"},"geometry":{"type":"LineString","coordinates":[[7.472087,46.93748],[7.472226,46.937379],[7.47225,46.937362]]}},{"type":"Feature","properties":{"k":"neben","name":"Scharnachtalstrasse"},"geometry":{"type":"LineString","coordinates":[[7.471332,46.935842],[7.471514,46.935939]]}},{"type":"Feature","properties":{"k":"neben","name":"Zeerlederstrasse"},"geometry":{"type":"LineString","coordinates":[[7.474968,46.936518],[7.475053,46.93638]]}},{"type":"Feature","properties":{"k":"neben","name":"Zeerlederstrasse"},"geometry":{"type":"LineString","coordinates":[[7.475053,46.93638],[7.475267,46.935958]]}},{"type":"Feature","properties":{"k":"neben","name":"Brunnadernstrasse"},"geometry":{"type":"LineString","coordinates":[[7.462873,46.938179],[7.46286,46.93857]]}},{"type":"Feature","properties":{"k":"neben","name":"Brunnadernstrasse"},"geometry":{"type":"LineString","coordinates":[[7.462903,46.938896],[7.463132,46.94043]]}},{"type":"Feature","properties":{"k":"neben","name":"Brunnadernstrasse"},"geometry":{"type":"LineString","coordinates":[[7.466846,46.935078],[7.466267,46.935525]]}},{"type":"Feature","properties":{"k":"neben","name":"Bahnstrasse"},"geometry":{"type":"LineString","coordinates":[[7.410858,46.946444],[7.410358,46.94646],[7.409839,46.946302]]}},{"type":"Feature","properties":{"k":"neben","name":"Bahnstrasse"},"geometry":{"type":"LineString","coordinates":[[7.409839,46.946302],[7.409696,46.946213]]}},{"type":"Feature","properties":{"k":"neben","name":"Bahnstrasse"},"geometry":{"type":"LineString","coordinates":[[7.409696,46.946213],[7.409617,46.946164]]}},{"type":"Feature","properties":{"k":"neben","name":"Bahnstrasse"},"geometry":{"type":"LineString","coordinates":[[7.409617,46.946164],[7.409285,46.945958]]}},{"type":"Feature","properties":{"k":"neben","name":"Bahnstrasse"},"geometry":{"type":"LineString","coordinates":[[7.409285,46.945958],[7.409206,46.94591]]}},{"type":"Feature","properties":{"k":"neben","name":"Bahnstrasse"},"geometry":{"type":"LineString","coordinates":[[7.409206,46.94591],[7.409114,46.945853]]}},{"type":"Feature","properties":{"k":"neben","name":"Bahnstrasse"},"geometry":{"type":"LineString","coordinates":[[7.409114,46.945853],[7.409075,46.945829],[7.409016,46.945792]]}},{"type":"Feature","properties":{"k":"neben","name":"Bahnstrasse"},"geometry":{"type":"LineString","coordinates":[[7.409016,46.945792],[7.408988,46.945774],[7.408906,46.945724],[7.40887,46.945702]]}},{"type":"Feature","properties":{"k":"neben","name":"Bahnstrasse"},"geometry":{"type":"LineString","coordinates":[[7.40887,46.945702],[7.408833,46.945679]]}},{"type":"Feature","properties":{"k":"neben","name":"Bahnstrasse"},"geometry":{"type":"LineString","coordinates":[[7.408833,46.945679],[7.4083,46.945349]]}},{"type":"Feature","properties":{"k":"neben","name":"Bahnstrasse"},"geometry":{"type":"LineString","coordinates":[[7.408281,46.944769],[7.408386,46.944584]]}},{"type":"Feature","properties":{"k":"neben","name":"Bahnstrasse"},"geometry":{"type":"LineString","coordinates":[[7.408125,46.945058],[7.408253,46.944822],[7.408281,46.944769]]}},{"type":"Feature","properties":{"k":"neben","name":"Bahnstrasse"},"geometry":{"type":"LineString","coordinates":[[7.408386,46.944584],[7.408411,46.944538],[7.408432,46.944501]]}},{"type":"Feature","properties":{"k":"neben","name":"Bahnstrasse"},"geometry":{"type":"LineString","coordinates":[[7.408432,46.944501],[7.408502,46.944377],[7.408548,46.944294]]}},{"type":"Feature","properties":{"k":"neben","name":"Krippenstrasse"},"geometry":{"type":"LineString","coordinates":[[7.410164,46.94444],[7.409542,46.944114],[7.409084,46.943978]]}},{"type":"Feature","properties":{"k":"haupt"},"geometry":{"type":"LineString","coordinates":[[7.47321,46.948178],[7.473246,46.949133],[7.47281,46.950189],[7.469024,46.954785],[7.468592,46.955505],[7.468463,46.956304],[7.468616,46.956934],[7.469104,46.957651],[7.46976,46.95818]]}},{"type":"Feature","properties":{"k":"neben","name":"Kollerweg"},"geometry":{"type":"LineString","coordinates":[[7.455683,46.944603],[7.457778,46.945249],[7.458183,46.945544],[7.458382,46.945487]]}},{"type":"Feature","properties":{"k":"haupt","name":"Zieglerstrasse"},"geometry":{"type":"LineString","coordinates":[[7.428697,46.948014],[7.428784,46.947724]]}},{"type":"Feature","properties":{"k":"haupt","name":"Zieglerstrasse"},"geometry":{"type":"LineString","coordinates":[[7.429542,46.945444],[7.429555,46.9454]]}},{"type":"Feature","properties":{"k":"haupt","name":"Zieglerstrasse"},"geometry":{"type":"LineString","coordinates":[[7.430512,46.94235],[7.430547,46.942221],[7.430595,46.942076]]}},{"type":"Feature","properties":{"k":"haupt","name":"Zieglerstrasse"},"geometry":{"type":"LineString","coordinates":[[7.430419,46.942649],[7.430512,46.94235]]}},{"type":"Feature","properties":{"k":"neben","name":"Schenkstrasse"},"geometry":{"type":"LineString","coordinates":[[7.414646,46.945877],[7.414717,46.945901]]}},{"type":"Feature","properties":{"k":"neben","name":"Freiburgstrasse"},"geometry":{"type":"LineString","coordinates":[[7.414814,46.946089],[7.414582,46.94604],[7.414513,46.946002]]}},{"type":"Feature","properties":{"k":"haupt","name":"Murtenstrasse"},"geometry":{"type":"LineString","coordinates":[[7.414395,46.950479],[7.415391,46.950849],[7.416275,46.951365]]}},{"type":"Feature","properties":{"k":"neben","name":"Malerweg"},"geometry":{"type":"LineString","coordinates":[[7.436125,46.952433],[7.435466,46.95265]]}},{"type":"Feature","properties":{"k":"haupt","name":"Freiburgstrasse"},"geometry":{"type":"LineString","coordinates":[[7.407783,46.943496],[7.407862,46.943501],[7.407902,46.943508]]}},{"type":"Feature","properties":{"k":"haupt","name":"Schwarztorstrasse"},"geometry":{"type":"LineString","coordinates":[[7.424301,46.944625],[7.424454,46.944634],[7.425959,46.94464]]}},{"type":"Feature","properties":{"k":"haupt","name":"Schwarztorstrasse"},"geometry":{"type":"LineString","coordinates":[[7.429186,46.944658],[7.429274,46.944666]]}},{"type":"Feature","properties":{"k":"haupt","name":"Schwarztorstrasse"},"geometry":{"type":"LineString","coordinates":[[7.431677,46.944426],[7.4319,46.944395]]}},{"type":"Feature","properties":{"k":"haupt","name":"Schwarztorstrasse"},"geometry":{"type":"LineString","coordinates":[[7.43239,46.944327],[7.432529,46.944307],[7.432547,46.944304]]}},{"type":"Feature","properties":{"k":"neben","name":"Schwarztorstrasse"},"geometry":{"type":"LineString","coordinates":[[7.432731,46.944238],[7.43315,46.944085]]}},{"type":"Feature","properties":{"k":"neben","name":"Schwarztorstrasse"},"geometry":{"type":"LineString","coordinates":[[7.43315,46.944085],[7.433399,46.943994],[7.433567,46.943933]]}},{"type":"Feature","properties":{"k":"neben","name":"Schwarztorstrasse"},"geometry":{"type":"LineString","coordinates":[[7.433567,46.943933],[7.43418,46.94371]]}},{"type":"Feature","properties":{"k":"neben","name":"Schwarztorstrasse"},"geometry":{"type":"LineString","coordinates":[[7.434455,46.94361],[7.434826,46.943475],[7.435013,46.943407]]}},{"type":"Feature","properties":{"k":"neben","name":"Schwarztorstrasse"},"geometry":{"type":"LineString","coordinates":[[7.435013,46.943407],[7.435268,46.943313],[7.43532,46.943294]]}},{"type":"Feature","properties":{"k":"neben","name":"Schwarztorstrasse"},"geometry":{"type":"LineString","coordinates":[[7.43532,46.943294],[7.435415,46.94326]]}},{"type":"Feature","properties":{"k":"neben","name":"Schwarztorstrasse"},"geometry":{"type":"LineString","coordinates":[[7.435561,46.943205],[7.435742,46.943138],[7.435802,46.943116]]}},{"type":"Feature","properties":{"k":"neben","name":"Schwarztorstrasse"},"geometry":{"type":"LineString","coordinates":[[7.435802,46.943116],[7.435893,46.943082],[7.435924,46.943071]]}},{"type":"Feature","properties":{"k":"neben","name":"Schwarztorstrasse"},"geometry":{"type":"LineString","coordinates":[[7.435924,46.943071],[7.436131,46.942995]]}},{"type":"Feature","properties":{"k":"haupt","name":"Belpstrasse"},"geometry":{"type":"LineString","coordinates":[[7.433082,46.945164],[7.433216,46.945384]]}},{"type":"Feature","properties":{"k":"haupt","name":"Schwarztorstrasse"},"geometry":{"type":"LineString","coordinates":[[7.425959,46.94464],[7.42632,46.944642]]}},{"type":"Feature","properties":{"k":"neben","name":"Gotthelfstrasse"},"geometry":{"type":"LineString","coordinates":[[7.452574,46.954297],[7.451951,46.952999]]}},{"type":"Feature","properties":{"k":"neben","name":"Greyerzstrasse"},"geometry":{"type":"LineString","coordinates":[[7.447074,46.953687],[7.447345,46.95383],[7.448119,46.954229]]}},{"type":"Feature","properties":{"k":"neben","name":"Schänzlihalde"},"geometry":{"type":"LineString","coordinates":[[7.446646,46.953175],[7.446823,46.953641]]}},{"type":"Feature","properties":{"k":"neben","name":"Greyerzstrasse"},"geometry":{"type":"LineString","coordinates":[[7.446823,46.953641],[7.447074,46.953687]]}},{"type":"Feature","properties":{"k":"neben","name":"Morillonstrasse"},"geometry":{"type":"LineString","coordinates":[[7.436418,46.937088],[7.436228,46.93695],[7.436061,46.936547]]}},{"type":"Feature","properties":{"k":"neben","name":"Weissenbühlweg"},"geometry":{"type":"LineString","coordinates":[[7.437032,46.937028],[7.436508,46.937072],[7.436459,46.937084],[7.436418,46.937088]]}},{"type":"Feature","properties":{"k":"neben","name":"Langmauerweg"},"geometry":{"type":"LineString","coordinates":[[7.456527,46.949861],[7.457326,46.949737]]}},{"type":"Feature","properties":{"k":"neben","name":"Langmauerweg"},"geometry":{"type":"LineString","coordinates":[[7.452541,46.949495],[7.455654,46.949811]]}},{"type":"Feature","properties":{"k":"neben","name":"Monreposweg"},"geometry":{"type":"LineString","coordinates":[[7.425095,46.936645],[7.424166,46.93739]]}},{"type":"Feature","properties":{"k":"neben","name":"Monreposweg"},"geometry":{"type":"LineString","coordinates":[[7.424952,46.936332],[7.42512,46.936533],[7.425095,46.936645]]}},{"type":"Feature","properties":{"k":"neben"},"geometry":{"type":"LineString","coordinates":[[7.467093,46.951385],[7.467109,46.951402]]}},{"type":"Feature","properties":{"k":"neben"},"geometry":{"type":"LineString","coordinates":[[7.467212,46.951231],[7.467233,46.951244]]}},{"type":"Feature","properties":{"k":"neben","name":"Waaghausgasse"},"geometry":{"type":"LineString","coordinates":[[7.444139,46.948216],[7.444139,46.948155]]}},{"type":"Feature","properties":{"k":"neben","name":"Helvetiaplatz"},"geometry":{"type":"LineString","coordinates":[[7.448852,46.943968],[7.448689,46.943954],[7.448454,46.943935]]}},{"type":"Feature","properties":{"k":"neben","name":"Alter Aargauerstalden"},"geometry":{"type":"LineString","coordinates":[[7.460137,46.948382],[7.460041,46.948351]]}},{"type":"Feature","properties":{"k":"neben","name":"Bundesgasse"},"geometry":{"type":"LineString","coordinates":[[7.441937,46.946583],[7.442048,46.946602],[7.442389,46.946661],[7.443298,46.946818]]}},{"type":"Feature","properties":{"k":"neben","name":"Buchseeweg"},"geometry":{"type":"LineString","coordinates":[[7.409342,46.924619],[7.408728,46.925087],[7.407983,46.925676],[7.407926,46.92573]]}},{"type":"Feature","properties":{"k":"haupt","name":"Neubrückstrasse"},"geometry":{"type":"LineString","coordinates":[[7.439564,46.953277],[7.439614,46.95324],[7.439891,46.953089]]}},{"type":"Feature","properties":{"k":"haupt","name":"Schützenmattstrasse"},"geometry":{"type":"LineString","coordinates":[[7.439564,46.953277],[7.439551,46.953285],[7.439488,46.953324]]}},{"type":"Feature","properties":{"k":"haupt","name":"Neubrückstrasse"},"geometry":{"type":"LineString","coordinates":[[7.440262,46.952819],[7.440532,46.95256],[7.440648,46.95239],[7.440752,46.952155]]}},{"type":"Feature","properties":{"k":"neben","name":"Brunnmattstrasse"},"geometry":{"type":"LineString","coordinates":[[7.42698,46.946317],[7.426924,46.946286]]}},{"type":"Feature","properties":{"k":"neben","name":"Brunnmattstrasse"},"geometry":{"type":"LineString","coordinates":[[7.426924,46.946286],[7.427114,46.945835]]}},{"type":"Feature","properties":{"k":"neben","name":"Cäcilienstrasse"},"geometry":{"type":"LineString","coordinates":[[7.426885,46.941126],[7.427013,46.941054]]}},{"type":"Feature","properties":{"k":"neben","name":"Oberweg"},"geometry":{"type":"LineString","coordinates":[[7.449189,46.952246],[7.44927,46.95223],[7.449335,46.952217],[7.44935,46.95221]]}},{"type":"Feature","properties":{"k":"neben","name":"Oberweg"},"geometry":{"type":"LineString","coordinates":[[7.44935,46.95221],[7.449231,46.951839]]}},{"type":"Feature","properties":{"k":"haupt","name":"Schwarzenburgstrasse"},"geometry":{"type":"LineString","coordinates":[[7.425173,46.936249],[7.424798,46.935724]]}},{"type":"Feature","properties":{"k":"haupt","name":"Schwarzenburgstrasse"},"geometry":{"type":"LineString","coordinates":[[7.430811,46.940348],[7.430241,46.940041]]}},{"type":"Feature","properties":{"k":"haupt","name":"Viktoriaplatz"},"geometry":{"type":"LineString","coordinates":[[7.450174,46.954841],[7.450241,46.954826],[7.450338,46.954803],[7.450368,46.954796]]}},{"type":"Feature","properties":{"k":"neben","name":"Dalmazibrücke"},"geometry":{"type":"LineString","coordinates":[[7.445238,46.944667],[7.445143,46.944724],[7.445056,46.944768],[7.445018,46.944783]]}},{"type":"Feature","properties":{"k":"neben","name":"Dalmazibrücke"},"geometry":{"type":"LineString","coordinates":[[7.445238,46.944667],[7.44542,46.944606]]}},{"type":"Feature","properties":{"k":"neben","name":"Brückenstrasse"},"geometry":{"type":"LineString","coordinates":[[7.444823,46.944799],[7.444687,46.944757]]}},{"type":"Feature","properties":{"k":"neben","name":"Aarstrasse"},"geometry":{"type":"LineString","coordinates":[[7.444801,46.944625],[7.444664,46.94443]]}},{"type":"Feature","properties":{"k":"neben","name":"Aarstrasse"},"geometry":{"type":"LineString","coordinates":[[7.445008,46.944808],[7.44501,46.944844],[7.445012,46.944884],[7.445012,46.944924]]}},{"type":"Feature","properties":{"k":"neben","name":"Aarstrasse"},"geometry":{"type":"LineString","coordinates":[[7.445012,46.944924],[7.444963,46.944904],[7.444917,46.944874],[7.444894,46.944843]]}},{"type":"Feature","properties":{"k":"neben","name":"Sandrainstrasse"},"geometry":{"type":"LineString","coordinates":[[7.4416,46.94049],[7.441712,46.940647]]}},{"type":"Feature","properties":{"k":"neben","name":"Marzilistrasse"},"geometry":{"type":"LineString","coordinates":[[7.44176,46.940751],[7.441787,46.940767],[7.441824,46.9408]]}},{"type":"Feature","properties":{"k":"neben","name":"Marzilistrasse"},"geometry":{"type":"LineString","coordinates":[[7.441887,46.940903],[7.44167,46.940804]]}},{"type":"Feature","properties":{"k":"neben","name":"Sulgeneckstrasse"},"geometry":{"type":"LineString","coordinates":[[7.441565,46.940787],[7.441509,46.940783],[7.441413,46.940788],[7.441324,46.940775]]}},{"type":"Feature","properties":{"k":"neben","name":"Sandrainstrasse"},"geometry":{"type":"LineString","coordinates":[[7.441565,46.940652],[7.44157,46.940618],[7.44158,46.940555],[7.4416,46.94049]]}},{"type":"Feature","properties":{"k":"neben","name":"Sulgeneckstrasse"},"geometry":{"type":"LineString","coordinates":[[7.441324,46.940775],[7.441399,46.94074],[7.441485,46.940712],[7.441523,46.940695]]}},{"type":"Feature","properties":{"k":"neben","name":"Hodlerstrasse"},"geometry":{"type":"LineString","coordinates":[[7.442584,46.951259],[7.442522,46.951307],[7.442436,46.951373]]}},{"type":"Feature","properties":{"k":"haupt","name":"Bollwerk"},"geometry":{"type":"LineString","coordinates":[[7.441115,46.951553],[7.441293,46.95166],[7.441305,46.951667],[7.441463,46.951759]]}},{"type":"Feature","properties":{"k":"haupt","name":"Nordring"},"geometry":{"type":"LineString","coordinates":[[7.446336,46.954927],[7.445897,46.954548]]}},{"type":"Feature","properties":{"k":"haupt","name":"Nordring"},"geometry":{"type":"LineString","coordinates":[[7.445774,46.954466],[7.44554,46.954307]]}},{"type":"Feature","properties":{"k":"haupt","name":"Nordring"},"geometry":{"type":"LineString","coordinates":[[7.445897,46.954548],[7.445774,46.954466]]}},{"type":"Feature","properties":{"k":"haupt","name":"Nordring"},"geometry":{"type":"LineString","coordinates":[[7.445116,46.954041],[7.444585,46.953694],[7.44455,46.953672]]}},{"type":"Feature","properties":{"k":"neben","name":"Effingerstrasse"},"geometry":{"type":"LineString","coordinates":[[7.436372,46.945791],[7.435643,46.945816]]}},{"type":"Feature","properties":{"k":"neben","name":"Effingerstrasse"},"geometry":{"type":"LineString","coordinates":[[7.435643,46.945816],[7.435361,46.945825],[7.435199,46.945839],[7.434917,46.945863]]}},{"type":"Feature","properties":{"k":"neben","name":"Monbijoustrasse"},"geometry":{"type":"LineString","coordinates":[[7.435838,46.94376],[7.436011,46.943955]]}},{"type":"Feature","properties":{"k":"haupt","name":"Laupenstrasse"},"geometry":{"type":"LineString","coordinates":[[7.435856,46.947267],[7.43563,46.947275]]}},{"type":"Feature","properties":{"k":"haupt","name":"Laupenstrasse"},"geometry":{"type":"LineString","coordinates":[[7.43648,46.947244],[7.436132,46.947258],[7.435973,46.947263]]}},{"type":"Feature","properties":{"k":"haupt","name":"Bremgartenstrasse"},"geometry":{"type":"LineString","coordinates":[[7.421018,46.952925],[7.420283,46.952612]]}},{"type":"Feature","properties":{"k":"haupt","name":"Murtenstrasse"},"geometry":{"type":"LineString","coordinates":[[7.416275,46.951365],[7.416903,46.951715]]}},{"type":"Feature","properties":{"k":"haupt","name":"Murtenstrasse"},"geometry":{"type":"LineString","coordinates":[[7.418272,46.952173],[7.418449,46.952215],[7.418629,46.952257]]}},{"type":"Feature","properties":{"k":"haupt","name":"Neue Murtenstrasse"},"geometry":{"type":"LineString","coordinates":[[7.406041,46.949621],[7.406446,46.949469]]}},{"type":"Feature","properties":{"k":"haupt","name":"Murtenstrasse"},"geometry":{"type":"LineString","coordinates":[[7.424668,46.94999],[7.424524,46.950089]]}},{"type":"Feature","properties":{"k":"haupt","name":"Murtenstrasse"},"geometry":{"type":"LineString","coordinates":[[7.423686,46.950651],[7.423208,46.95097],[7.423038,46.951087]]}},{"type":"Feature","properties":{"k":"neben","name":"Bahnstrasse"},"geometry":{"type":"LineString","coordinates":[[7.420651,46.951047],[7.420814,46.95109]]}},{"type":"Feature","properties":{"k":"haupt","name":"Neue Murtenstrasse"},"geometry":{"type":"LineString","coordinates":[[7.400232,46.951133],[7.400598,46.951025],[7.40077,46.950978]]}},{"type":"Feature","properties":{"k":"haupt","name":"Neue Murtenstrasse"},"geometry":{"type":"LineString","coordinates":[[7.400107,46.951227],[7.399733,46.951329]]}},{"type":"Feature","properties":{"k":"neben","name":"Freiburgstrasse"},"geometry":{"type":"LineString","coordinates":[[7.420755,46.946267],[7.420547,46.946238]]}},{"type":"Feature","properties":{"k":"neben","name":"Freiburgstrasse"},"geometry":{"type":"LineString","coordinates":[[7.421083,46.946281],[7.420914,46.946274],[7.420755,46.946267]]}},{"type":"Feature","properties":{"k":"neben"},"geometry":{"type":"LineString","coordinates":[[7.420533,46.94236],[7.420491,46.942371],[7.419933,46.942469]]}},{"type":"Feature","properties":{"k":"neben","name":"Fabrikstrasse"},"geometry":{"type":"LineString","coordinates":[[7.424865,46.954481],[7.423036,46.952394]]}},{"type":"Feature","properties":{"k":"haupt","name":"Turnierstrasse"},"geometry":{"type":"LineString","coordinates":[[7.408906,46.9424],[7.408946,46.94225],[7.408964,46.942175]]}},{"type":"Feature","properties":{"k":"haupt","name":"Turnierstrasse"},"geometry":{"type":"LineString","coordinates":[[7.407959,46.943371],[7.408195,46.943076]]}},{"type":"Feature","properties":{"k":"neben","name":"Buchserstrasse"},"geometry":{"type":"LineString","coordinates":[[7.470548,46.943167],[7.472277,46.942998],[7.47296,46.943027]]}},{"type":"Feature","properties":{"k":"haupt","name":"Ostring"},"geometry":{"type":"LineString","coordinates":[[7.466994,46.942149],[7.466378,46.941894]]}},{"type":"Feature","properties":{"k":"neben","name":"Jungfraustrasse"},"geometry":{"type":"LineString","coordinates":[[7.458347,46.940686],[7.456367,46.942279]]}},{"type":"Feature","properties":{"k":"haupt"},"geometry":{"type":"LineString","coordinates":[[7.466158,46.941665],[7.46629,46.94158]]}},{"type":"Feature","properties":{"k":"haupt","name":"Turnierstrasse"},"geometry":{"type":"LineString","coordinates":[[7.414411,46.937211],[7.413869,46.93761]]}},{"type":"Feature","properties":{"k":"haupt","name":"Turnierstrasse"},"geometry":{"type":"LineString","coordinates":[[7.409157,46.940703],[7.409099,46.94074],[7.408996,46.940777]]}},{"type":"Feature","properties":{"k":"neben","name":"Bridelstrasse"},"geometry":{"type":"LineString","coordinates":[[7.42422,46.939022],[7.42444,46.938999]]}},{"type":"Feature","properties":{"k":"neben","name":"Bridelstrasse"},"geometry":{"type":"LineString","coordinates":[[7.42444,46.938999],[7.424514,46.938991],[7.424584,46.938984]]}},{"type":"Feature","properties":{"k":"neben","name":"Bridelstrasse"},"geometry":{"type":"LineString","coordinates":[[7.423812,46.939064],[7.423961,46.939049],[7.42422,46.939022]]}},{"type":"Feature","properties":{"k":"neben","name":"Bridelstrasse"},"geometry":{"type":"LineString","coordinates":[[7.422962,46.939203],[7.423054,46.939178],[7.423289,46.939132]]}},{"type":"Feature","properties":{"k":"neben","name":"Bridelstrasse"},"geometry":{"type":"LineString","coordinates":[[7.422421,46.93935],[7.422962,46.939203]]}},{"type":"Feature","properties":{"k":"neben","name":"Bridelstrasse"},"geometry":{"type":"LineString","coordinates":[[7.421665,46.939556],[7.422157,46.939421]]}},{"type":"Feature","properties":{"k":"neben","name":"Bridelstrasse"},"geometry":{"type":"LineString","coordinates":[[7.422157,46.939421],[7.422203,46.939409],[7.422347,46.93937],[7.422421,46.93935]]}},{"type":"Feature","properties":{"k":"neben","name":"Bridelstrasse"},"geometry":{"type":"LineString","coordinates":[[7.421475,46.939608],[7.421665,46.939556]]}},{"type":"Feature","properties":{"k":"neben","name":"Brunnmattstrasse"},"geometry":{"type":"LineString","coordinates":[[7.421101,46.939154],[7.42131,46.939407]]}},{"type":"Feature","properties":{"k":"neben","name":"Brunnmattstrasse"},"geometry":{"type":"LineString","coordinates":[[7.420881,46.938886],[7.421101,46.939154]]}},{"type":"Feature","properties":{"k":"neben","name":"Dietlerstrasse"},"geometry":{"type":"LineString","coordinates":[[7.42131,46.939407],[7.420507,46.939626],[7.420371,46.939664],[7.419639,46.939869]]}},{"type":"Feature","properties":{"k":"neben","name":"Kirchbergerstrasse"},"geometry":{"type":"LineString","coordinates":[[7.42376,46.938631],[7.423817,46.938647],[7.423882,46.938668],[7.423942,46.938691]]}},{"type":"Feature","properties":{"k":"neben","name":"Kirchbergerstrasse"},"geometry":{"type":"LineString","coordinates":[[7.42337,46.938556],[7.42367,46.938613],[7.42376,46.938631]]}},{"type":"Feature","properties":{"k":"neben","name":"Kirchbergerstrasse"},"geometry":{"type":"LineString","coordinates":[[7.422647,46.938419],[7.42337,46.938556]]}},{"type":"Feature","properties":{"k":"neben","name":"Kirchbergerstrasse"},"geometry":{"type":"LineString","coordinates":[[7.422216,46.938423],[7.422329,46.938384],[7.422409,46.93837],[7.422647,46.938419]]}},{"type":"Feature","properties":{"k":"neben","name":"Kirchbergerstrasse"},"geometry":{"type":"LineString","coordinates":[[7.421855,46.938548],[7.422216,46.938423]]}},{"type":"Feature","properties":{"k":"neben","name":"Kirchbergerstrasse"},"geometry":{"type":"LineString","coordinates":[[7.421499,46.938672],[7.421855,46.938548]]}},{"type":"Feature","properties":{"k":"neben","name":"Kirchbergerstrasse"},"geometry":{"type":"LineString","coordinates":[[7.420881,46.938886],[7.421499,46.938672]]}},{"type":"Feature","properties":{"k":"neben","name":"Sonneggweg"},"geometry":{"type":"LineString","coordinates":[[7.419039,46.938566],[7.418829,46.938308]]}},{"type":"Feature","properties":{"k":"neben","name":"Sonneggweg"},"geometry":{"type":"LineString","coordinates":[[7.419397,46.939023],[7.419039,46.938566]]}},{"type":"Feature","properties":{"k":"neben","name":"Kirchbergerstrasse"},"geometry":{"type":"LineString","coordinates":[[7.418178,46.939286],[7.418242,46.939325],[7.418312,46.939361]]}},{"type":"Feature","properties":{"k":"neben","name":"Kirchbergerstrasse"},"geometry":{"type":"LineString","coordinates":[[7.420747,46.938931],[7.420881,46.938886]]}},{"type":"Feature","properties":{"k":"neben","name":"Kirchbergerstrasse"},"geometry":{"type":"LineString","coordinates":[[7.420501,46.939015],[7.420747,46.938931]]}},{"type":"Feature","properties":{"k":"neben","name":"Kirchbergerstrasse"},"geometry":{"type":"LineString","coordinates":[[7.420021,46.939169],[7.420283,46.93909]]}},{"type":"Feature","properties":{"k":"neben","name":"Kirchbergerstrasse"},"geometry":{"type":"LineString","coordinates":[[7.419798,46.939236],[7.420021,46.939169]]}},{"type":"Feature","properties":{"k":"neben","name":"Kirchbergerstrasse"},"geometry":{"type":"LineString","coordinates":[[7.419667,46.939275],[7.419798,46.939236]]}},{"type":"Feature","properties":{"k":"neben","name":"Kirchbergerstrasse"},"geometry":{"type":"LineString","coordinates":[[7.419527,46.939317],[7.419609,46.939292],[7.419667,46.939275]]}},{"type":"Feature","properties":{"k":"neben","name":"Kirchbergerstrasse"},"geometry":{"type":"LineString","coordinates":[[7.419338,46.939374],[7.419527,46.939317]]}},{"type":"Feature","properties":{"k":"neben","name":"Kirchbergerstrasse"},"geometry":{"type":"LineString","coordinates":[[7.419164,46.939425],[7.419289,46.939388],[7.419338,46.939374]]}},{"type":"Feature","properties":{"k":"neben","name":"Kirchbergerstrasse"},"geometry":{"type":"LineString","coordinates":[[7.420283,46.93909],[7.420361,46.939063],[7.420501,46.939015]]}},{"type":"Feature","properties":{"k":"neben","name":"Kirchbergerstrasse"},"geometry":{"type":"LineString","coordinates":[[7.418663,46.939473],[7.418824,46.939483]]}},{"type":"Feature","properties":{"k":"neben","name":"Kirchbergerstrasse"},"geometry":{"type":"LineString","coordinates":[[7.418312,46.939361],[7.418663,46.939473]]}},{"type":"Feature","properties":{"k":"neben","name":"Kirchbergerstrasse"},"geometry":{"type":"LineString","coordinates":[[7.418051,46.939152],[7.418115,46.939225],[7.418147,46.939259],[7.418178,46.939286]]}},{"type":"Feature","properties":{"k":"neben","name":"Dübystrasse"},"geometry":{"type":"LineString","coordinates":[[7.424532,46.936515],[7.424923,46.936345],[7.424952,46.936332]]}},{"type":"Feature","properties":{"k":"neben","name":"Dübystrasse"},"geometry":{"type":"LineString","coordinates":[[7.424088,46.936708],[7.424532,46.936515]]}},{"type":"Feature","properties":{"k":"neben","name":"Dübystrasse"},"geometry":{"type":"LineString","coordinates":[[7.423636,46.936904],[7.424088,46.936708]]}},{"type":"Feature","properties":{"k":"neben","name":"Dübystrasse"},"geometry":{"type":"LineString","coordinates":[[7.423199,46.937096],[7.423636,46.936904]]}},{"type":"Feature","properties":{"k":"neben","name":"Dübystrasse"},"geometry":{"type":"LineString","coordinates":[[7.421281,46.937937],[7.421731,46.937741]]}},{"type":"Feature","properties":{"k":"neben","name":"Dübystrasse"},"geometry":{"type":"LineString","coordinates":[[7.420947,46.938086],[7.421281,46.937937]]}},{"type":"Feature","properties":{"k":"neben","name":"Dübystrasse"},"geometry":{"type":"LineString","coordinates":[[7.422261,46.93751],[7.422513,46.937398],[7.422774,46.937283]]}},{"type":"Feature","properties":{"k":"neben","name":"Martiweg"},"geometry":{"type":"LineString","coordinates":[[7.422694,46.937717],[7.422606,46.937918]]}},{"type":"Feature","properties":{"k":"neben","name":"Martiweg"},"geometry":{"type":"LineString","coordinates":[[7.422456,46.938261],[7.422409,46.93837]]}},{"type":"Feature","properties":{"k":"neben","name":"Martiweg"},"geometry":{"type":"LineString","coordinates":[[7.422564,46.938014],[7.422456,46.938261]]}},{"type":"Feature","properties":{"k":"neben","name":"Martiweg"},"geometry":{"type":"LineString","coordinates":[[7.422606,46.937918],[7.422578,46.937983],[7.422564,46.938014]]}},{"type":"Feature","properties":{"k":"neben","name":"Martiweg"},"geometry":{"type":"LineString","coordinates":[[7.422007,46.936851],[7.422129,46.936982],[7.422346,46.937218]]}},{"type":"Feature","properties":{"k":"neben","name":"Siedlungsweg"},"geometry":{"type":"LineString","coordinates":[[7.420995,46.938138],[7.421499,46.938672]]}},{"type":"Feature","properties":{"k":"neben","name":"Siedlungsweg"},"geometry":{"type":"LineString","coordinates":[[7.42044,46.937559],[7.420875,46.938007]]}},{"type":"Feature","properties":{"k":"neben","name":"Hardeggerstrasse"},"geometry":{"type":"LineString","coordinates":[[7.420408,46.935891],[7.420164,46.936007]]}},{"type":"Feature","properties":{"k":"neben","name":"Hardeggerstrasse"},"geometry":{"type":"LineString","coordinates":[[7.420633,46.935784],[7.420437,46.935878],[7.420408,46.935891]]}},{"type":"Feature","properties":{"k":"neben","name":"Hardeggerstrasse"},"geometry":{"type":"LineString","coordinates":[[7.419646,46.936246],[7.419379,46.936369],[7.419331,46.936392]]}},{"type":"Feature","properties":{"k":"neben","name":"Hardeggerstrasse"},"geometry":{"type":"LineString","coordinates":[[7.420164,46.936007],[7.419646,46.936246]]}},{"type":"Feature","properties":{"k":"neben","name":"Hardeggerstrasse"},"geometry":{"type":"LineString","coordinates":[[7.41922,46.936443],[7.419065,46.936515],[7.418922,46.936581]]}},{"type":"Feature","properties":{"k":"neben","name":"Hardeggerstrasse"},"geometry":{"type":"LineString","coordinates":[[7.419331,46.936392],[7.41922,46.936443]]}},{"type":"Feature","properties":{"k":"neben","name":"Hardeggerstrasse"},"geometry":{"type":"LineString","coordinates":[[7.418854,46.936612],[7.418586,46.936733]]}},{"type":"Feature","properties":{"k":"neben","name":"Hardeggerstrasse"},"geometry":{"type":"LineString","coordinates":[[7.418922,46.936581],[7.418854,46.936612]]}},{"type":"Feature","properties":{"k":"neben","name":"Hardeggerstrasse"},"geometry":{"type":"LineString","coordinates":[[7.418239,46.936891],[7.418162,46.936926],[7.417547,46.937187]]}},{"type":"Feature","properties":{"k":"neben","name":"Hardeggerstrasse"},"geometry":{"type":"LineString","coordinates":[[7.418586,46.936733],[7.418239,46.936891]]}},{"type":"Feature","properties":{"k":"neben","name":"Postgasse"},"geometry":{"type":"LineString","coordinates":[[7.454537,46.948904],[7.454243,46.948845],[7.454087,46.948811],[7.453826,46.948752]]}},{"type":"Feature","properties":{"k":"neben","name":"Postgasse"},"geometry":{"type":"LineString","coordinates":[[7.453826,46.948752],[7.453438,46.948686]]}},{"type":"Feature","properties":{"k":"neben","name":"Postgasse"},"geometry":{"type":"LineString","coordinates":[[7.453438,46.948686],[7.453258,46.948654]]}},{"type":"Feature","properties":{"k":"neben","name":"Postgasse"},"geometry":{"type":"LineString","coordinates":[[7.45285,46.948596],[7.452539,46.94857]]}},{"type":"Feature","properties":{"k":"neben","name":"Neubrückstrasse"},"geometry":{"type":"LineString","coordinates":[[7.439027,46.954544],[7.439048,46.954226]]}},{"type":"Feature","properties":{"k":"haupt","name":"Murtenstrasse"},"geometry":{"type":"LineString","coordinates":[[7.42599,46.949156],[7.425768,46.949294],[7.425554,46.949431]]}},{"type":"Feature","properties":{"k":"haupt","name":"Murtenstrasse"},"geometry":{"type":"LineString","coordinates":[[7.425554,46.949431],[7.425202,46.949666]]}},{"type":"Feature","properties":{"k":"haupt","name":"Laupenstrasse"},"geometry":{"type":"LineString","coordinates":[[7.432339,46.947412],[7.432237,46.947418],[7.432014,46.947428],[7.431461,46.947449]]}},{"type":"Feature","properties":{"k":"haupt","name":"Laupenstrasse"},"geometry":{"type":"LineString","coordinates":[[7.434417,46.94732],[7.433301,46.947369]]}},{"type":"Feature","properties":{"k":"haupt","name":"Laupenstrasse"},"geometry":{"type":"LineString","coordinates":[[7.429562,46.947819],[7.428697,46.948014]]}},{"type":"Feature","properties":{"k":"neben","name":"Hardeggerstrasse"},"geometry":{"type":"LineString","coordinates":[[7.416679,46.937556],[7.416597,46.937586],[7.416546,46.937605]]}},{"type":"Feature","properties":{"k":"haupt","name":"Ostring"},"geometry":{"type":"LineString","coordinates":[[7.467223,46.942056],[7.467406,46.942151],[7.468139,46.942499]]}},{"type":"Feature","properties":{"k":"haupt","name":"Ostermundigenstrasse"},"geometry":{"type":"LineString","coordinates":[[7.462428,46.952067],[7.463327,46.952255]]}},{"type":"Feature","properties":{"k":"neben","name":"Brunnmattstrasse"},"geometry":{"type":"LineString","coordinates":[[7.427201,46.944538],[7.427196,46.944605],[7.427193,46.944648]]}},{"type":"Feature","properties":{"k":"neben"},"geometry":{"type":"LineString","coordinates":[[7.397201,46.937202],[7.397184,46.937208],[7.396883,46.937315]]}},{"type":"Feature","properties":{"k":"haupt","name":"Laubeggstrasse"},"geometry":{"type":"LineString","coordinates":[[7.466059,46.947612],[7.464546,46.948873]]}},{"type":"Feature","properties":{"k":"haupt","name":"Laubeggstrasse"},"geometry":{"type":"LineString","coordinates":[[7.462259,46.951347],[7.461702,46.951771]]}},{"type":"Feature","properties":{"k":"neben","name":"Freiburgstrasse"},"geometry":{"type":"LineString","coordinates":[[7.426262,46.947468],[7.426164,46.947437],[7.426077,46.947402]]}},{"type":"Feature","properties":{"k":"haupt","name":"Turnierstrasse"},"geometry":{"type":"LineString","coordinates":[[7.414586,46.936906],[7.414559,46.936998],[7.414499,46.937105]]}},{"type":"Feature","properties":{"k":"neben","name":"Gesellschaftsstrasse"},"geometry":{"type":"LineString","coordinates":[[7.435702,46.953102],[7.434291,46.953921]]}},{"type":"Feature","properties":{"k":"neben","name":"Zähringerstrasse"},"geometry":{"type":"LineString","coordinates":[[7.435463,46.954659],[7.435019,46.954914],[7.434943,46.954957]]}},{"type":"Feature","properties":{"k":"neben","name":"Brückfeldstrasse"},"geometry":{"type":"LineString","coordinates":[[7.436688,46.955512],[7.437654,46.954353]]}},{"type":"Feature","properties":{"k":"neben","name":"Freiestrasse"},"geometry":{"type":"LineString","coordinates":[[7.426623,46.954004],[7.424865,46.954481]]}},{"type":"Feature","properties":{"k":"neben","name":"Waldheimstrasse"},"geometry":{"type":"LineString","coordinates":[[7.426623,46.954004],[7.426813,46.954216]]}},{"type":"Feature","properties":{"k":"neben","name":"Waldheimstrasse"},"geometry":{"type":"LineString","coordinates":[[7.426813,46.954216],[7.427867,46.955446]]}},{"type":"Feature","properties":{"k":"neben","name":"Gewerbestrasse"},"geometry":{"type":"LineString","coordinates":[[7.427567,46.953745],[7.426114,46.952295]]}},{"type":"Feature","properties":{"k":"neben","name":"Freiestrasse"},"geometry":{"type":"LineString","coordinates":[[7.427567,46.953745],[7.427471,46.953767],[7.426691,46.953985],[7.426623,46.954004]]}},{"type":"Feature","properties":{"k":"haupt","name":"Viktoriarain"},"geometry":{"type":"LineString","coordinates":[[7.446108,46.954493],[7.446013,46.954514],[7.445897,46.954548]]}},{"type":"Feature","properties":{"k":"neben","name":"Sulgenbachstrasse"},"geometry":{"type":"LineString","coordinates":[[7.43342,46.941822],[7.433379,46.941185],[7.433193,46.94082]]}},{"type":"Feature","properties":{"k":"neben","name":"Schauplatzgasse"},"geometry":{"type":"LineString","coordinates":[[7.443601,46.947344],[7.441613,46.947354]]}},{"type":"Feature","properties":{"k":"neben","name":"Schauplatzgasse"},"geometry":{"type":"LineString","coordinates":[[7.441613,46.947354],[7.441041,46.947332]]}},{"type":"Feature","properties":{"k":"neben","name":"Schauplatzgasse"},"geometry":{"type":"LineString","coordinates":[[7.441041,46.947332],[7.440877,46.947323]]}},{"type":"Feature","properties":{"k":"neben","name":"Bubenbergplatz"},"geometry":{"type":"LineString","coordinates":[[7.440131,46.947399],[7.440158,46.947393],[7.440527,46.947306]]}},{"type":"Feature","properties":{"k":"haupt","name":"Freiburgstrasse"},"geometry":{"type":"LineString","coordinates":[[7.405787,46.943114],[7.405732,46.94306]]}},{"type":"Feature","properties":{"k":"haupt","name":"Freiburgstrasse"},"geometry":{"type":"LineString","coordinates":[[7.405945,46.943013],[7.406935,46.943277],[7.407291,46.943441]]}},{"type":"Feature","properties":{"k":"haupt","name":"Freiburgstrasse"},"geometry":{"type":"LineString","coordinates":[[7.405732,46.94306],[7.405601,46.942935]]}},{"type":"Feature","properties":{"k":"haupt","name":"Turnierstrasse"},"geometry":{"type":"LineString","coordinates":[[7.409207,46.94061],[7.409234,46.940671]]}},{"type":"Feature","properties":{"k":"haupt","name":"Turnierstrasse"},"geometry":{"type":"LineString","coordinates":[[7.409189,46.940522],[7.409207,46.94061]]}},{"type":"Feature","properties":{"k":"neben","name":"Gerechtigkeitsgasse"},"geometry":{"type":"LineString","coordinates":[[7.455959,46.948647],[7.455944,46.948648],[7.455899,46.948655],[7.455802,46.948665]]}},{"type":"Feature","properties":{"k":"neben","name":"Steigerhubelstrasse"},"geometry":{"type":"LineString","coordinates":[[7.410501,46.947184],[7.410508,46.947179]]}},{"type":"Feature","properties":{"k":"haupt","name":"Monbijoustrasse"},"geometry":{"type":"LineString","coordinates":[[7.436564,46.936555],[7.436576,46.93651],[7.436602,46.93641]]}},{"type":"Feature","properties":{"k":"haupt","name":"Könizstrasse"},"geometry":{"type":"LineString","coordinates":[[7.416546,46.937605],[7.416462,46.937458]]}},{"type":"Feature","properties":{"k":"haupt","name":"Könizstrasse"},"geometry":{"type":"LineString","coordinates":[[7.417035,46.938428],[7.416546,46.937605]]}},{"type":"Feature","properties":{"k":"haupt","name":"Seftigenstrasse"},"geometry":{"type":"LineString","coordinates":[[7.446361,46.931305],[7.447138,46.930954]]}},{"type":"Feature","properties":{"k":"haupt","name":"Muristrasse"},"geometry":{"type":"LineString","coordinates":[[7.474478,46.937765],[7.474694,46.937666],[7.474904,46.937567]]}},{"type":"Feature","properties":{"k":"neben","name":"Brunnadernstrasse"},"geometry":{"type":"LineString","coordinates":[[7.462531,46.942001],[7.461889,46.942772]]}},{"type":"Feature","properties":{"k":"haupt"},"geometry":{"type":"LineString","coordinates":[[7.421651,46.944671],[7.421563,46.944613]]}},{"type":"Feature","properties":{"k":"haupt"},"geometry":{"type":"LineString","coordinates":[[7.421563,46.944613],[7.421564,46.944546]]}},{"type":"Feature","properties":{"k":"haupt"},"geometry":{"type":"LineString","coordinates":[[7.421564,46.944546],[7.421633,46.944495]]}},{"type":"Feature","properties":{"k":"neben"},"geometry":{"type":"LineString","coordinates":[[7.444894,46.944843],[7.444878,46.944839]]}},{"type":"Feature","properties":{"k":"neben"},"geometry":{"type":"LineString","coordinates":[[7.444878,46.944839],[7.444823,46.944799]]}},{"type":"Feature","properties":{"k":"neben"},"geometry":{"type":"LineString","coordinates":[[7.444823,46.944799],[7.444831,46.944741]]}},{"type":"Feature","properties":{"k":"neben"},"geometry":{"type":"LineString","coordinates":[[7.444937,46.944708],[7.444955,46.944712],[7.444972,46.944717]]}},{"type":"Feature","properties":{"k":"neben"},"geometry":{"type":"LineString","coordinates":[[7.444972,46.944717],[7.445018,46.944783]]}},{"type":"Feature","properties":{"k":"neben"},"geometry":{"type":"LineString","coordinates":[[7.445018,46.944783],[7.445015,46.944796],[7.445008,46.944808]]}},{"type":"Feature","properties":{"k":"neben"},"geometry":{"type":"LineString","coordinates":[[7.445008,46.944808],[7.444894,46.944843]]}},{"type":"Feature","properties":{"k":"neben"},"geometry":{"type":"LineString","coordinates":[[7.444831,46.944741],[7.44484,46.944732],[7.444852,46.944724],[7.444866,46.944717]]}},{"type":"Feature","properties":{"k":"haupt","name":"Seftigenstrasse"},"geometry":{"type":"LineString","coordinates":[[7.444833,46.931942],[7.445063,46.931842],[7.445313,46.931734]]}},{"type":"Feature","properties":{"k":"haupt","name":"Neubrückstrasse"},"geometry":{"type":"LineString","coordinates":[[7.439891,46.953089],[7.440151,46.952905],[7.440262,46.952819]]}},{"type":"Feature","properties":{"k":"neben"},"geometry":{"type":"LineString","coordinates":[[7.44167,46.940804],[7.441633,46.940806],[7.441597,46.9408],[7.441565,46.940787]]}},{"type":"Feature","properties":{"k":"neben"},"geometry":{"type":"LineString","coordinates":[[7.441523,46.940695],[7.441539,46.940671],[7.441565,46.940652]]}},{"type":"Feature","properties":{"k":"neben"},"geometry":{"type":"LineString","coordinates":[[7.441565,46.940652],[7.441712,46.940647]]}},{"type":"Feature","properties":{"k":"neben"},"geometry":{"type":"LineString","coordinates":[[7.441712,46.940647],[7.441739,46.940663]]}},{"type":"Feature","properties":{"k":"neben"},"geometry":{"type":"LineString","coordinates":[[7.441739,46.940663],[7.441765,46.940743]]}},{"type":"Feature","properties":{"k":"neben"},"geometry":{"type":"LineString","coordinates":[[7.44176,46.940751],[7.44167,46.940804]]}},{"type":"Feature","properties":{"k":"neben"},"geometry":{"type":"LineString","coordinates":[[7.441565,46.940787],[7.441523,46.940695]]}},{"type":"Feature","properties":{"k":"haupt"},"geometry":{"type":"LineString","coordinates":[[7.431229,46.940666],[7.431202,46.940663],[7.431179,46.940659]]}},{"type":"Feature","properties":{"k":"neben","name":"Morillonstrasse"},"geometry":{"type":"LineString","coordinates":[[7.435818,46.935981],[7.435674,46.93564]]}},{"type":"Feature","properties":{"k":"neben","name":"Morillonstrasse"},"geometry":{"type":"LineString","coordinates":[[7.436061,46.936547],[7.436053,46.936528],[7.435885,46.93614],[7.435818,46.935981]]}},{"type":"Feature","properties":{"k":"haupt","name":"Thunstrasse"},"geometry":{"type":"LineString","coordinates":[[7.464705,46.941322],[7.464846,46.941364],[7.465084,46.941407]]}},{"type":"Feature","properties":{"k":"haupt","name":"Thunstrasse"},"geometry":{"type":"LineString","coordinates":[[7.464573,46.941292],[7.464705,46.941322]]}},{"type":"Feature","properties":{"k":"neben","name":"Murifeldweg"},"geometry":{"type":"LineString","coordinates":[[7.470561,46.939901],[7.473472,46.94121],[7.474076,46.941356]]}},{"type":"Feature","properties":{"k":"neben","name":"Murifeldweg"},"geometry":{"type":"LineString","coordinates":[[7.470363,46.939812],[7.470561,46.939901]]}},{"type":"Feature","properties":{"k":"neben","name":"Holligerhof"},"geometry":{"type":"LineString","coordinates":[[7.416133,46.947083],[7.415864,46.947299]]}},{"type":"Feature","properties":{"k":"neben","name":"Holligerhof"},"geometry":{"type":"LineString","coordinates":[[7.415864,46.947299],[7.415118,46.947898],[7.414798,46.947957],[7.414392,46.948262]]}},{"type":"Feature","properties":{"k":"haupt","name":"Monbijoubrücke"},"geometry":{"type":"LineString","coordinates":[[7.442064,46.939823],[7.44101,46.939786]]}},{"type":"Feature","properties":{"k":"haupt","name":"Viktoriastrasse"},"geometry":{"type":"LineString","coordinates":[[7.452574,46.954297],[7.451245,46.954598]]}},{"type":"Feature","properties":{"k":"neben","name":"Jupiterstrasse"},"geometry":{"type":"LineString","coordinates":[[7.478629,46.938504],[7.478714,46.938446],[7.478819,46.938422],[7.478867,46.938418]]}},{"type":"Feature","properties":{"k":"neben","name":"Jupiterstrasse"},"geometry":{"type":"LineString","coordinates":[[7.478867,46.938418],[7.478875,46.938462],[7.478871,46.938513]]}},{"type":"Feature","properties":{"k":"neben","name":"Jupiterstrasse"},"geometry":{"type":"LineString","coordinates":[[7.481067,46.937914],[7.480982,46.937816]]}},{"type":"Feature","properties":{"k":"neben","name":"Jupiterstrasse"},"geometry":{"type":"LineString","coordinates":[[7.485718,46.939655],[7.485373,46.939876],[7.485364,46.939957]]}},{"type":"Feature","properties":{"k":"neben","name":"Jupiterstrasse"},"geometry":{"type":"LineString","coordinates":[[7.485364,46.939957],[7.485359,46.940002]]}},{"type":"Feature","properties":{"k":"neben","name":"Jupiterstrasse"},"geometry":{"type":"LineString","coordinates":[[7.485359,46.940002],[7.48529,46.940339],[7.48513,46.940393],[7.484971,46.940252]]}},{"type":"Feature","properties":{"k":"haupt","name":"Muristrasse"},"geometry":{"type":"LineString","coordinates":[[7.476019,46.937124],[7.475984,46.937138],[7.475882,46.937179]]}},{"type":"Feature","properties":{"k":"haupt","name":"Muristrasse"},"geometry":{"type":"LineString","coordinates":[[7.474904,46.937567],[7.47491,46.937561]]}},{"type":"Feature","properties":{"k":"haupt","name":"Monbijoustrasse"},"geometry":{"type":"LineString","coordinates":[[7.436602,46.93641],[7.436639,46.936262]]}},{"type":"Feature","properties":{"k":"haupt","name":"Monbijoustrasse"},"geometry":{"type":"LineString","coordinates":[[7.436336,46.937513],[7.43639,46.937234]]}},{"type":"Feature","properties":{"k":"haupt","name":"Monbijoustrasse"},"geometry":{"type":"LineString","coordinates":[[7.436448,46.936984],[7.436418,46.937088]]}},{"type":"Feature","properties":{"k":"neben","name":"Monbijoustrasse"},"geometry":{"type":"LineString","coordinates":[[7.435872,46.940042],[7.435833,46.940171],[7.435774,46.940563]]}},{"type":"Feature","properties":{"k":"neben","name":"Monbijoustrasse"},"geometry":{"type":"LineString","coordinates":[[7.435761,46.9411],[7.43575,46.940983]]}},{"type":"Feature","properties":{"k":"neben","name":"Monbijoustrasse"},"geometry":{"type":"LineString","coordinates":[[7.435774,46.940563],[7.435739,46.940801]]}},{"type":"Feature","properties":{"k":"neben","name":"Finkenrain"},"geometry":{"type":"LineString","coordinates":[[7.430699,46.951059],[7.430222,46.951343],[7.430209,46.951351],[7.430177,46.95137]]}},{"type":"Feature","properties":{"k":"neben","name":"Sennweg"},"geometry":{"type":"LineString","coordinates":[[7.433703,46.952345],[7.433769,46.95239]]}},{"type":"Feature","properties":{"k":"neben","name":"Sennweg"},"geometry":{"type":"LineString","coordinates":[[7.433769,46.95239],[7.433784,46.952401],[7.433939,46.952518]]}},{"type":"Feature","properties":{"k":"neben","name":"Erlachstrasse"},"geometry":{"type":"LineString","coordinates":[[7.43107,46.951991],[7.431447,46.95196]]}},{"type":"Feature","properties":{"k":"neben","name":"Bühlstrasse"},"geometry":{"type":"LineString","coordinates":[[7.43092,46.952076],[7.430844,46.951899]]}},{"type":"Feature","properties":{"k":"neben","name":"Freiestrasse"},"geometry":{"type":"LineString","coordinates":[[7.430794,46.95224],[7.430886,46.952129],[7.43092,46.952089]]}},{"type":"Feature","properties":{"k":"neben","name":"Freiestrasse"},"geometry":{"type":"LineString","coordinates":[[7.431061,46.952203],[7.430794,46.95224]]}},{"type":"Feature","properties":{"k":"neben","name":"Bühlstrasse"},"geometry":{"type":"LineString","coordinates":[[7.430844,46.951899],[7.431055,46.95199]]}},{"type":"Feature","properties":{"k":"neben","name":"Bühlstrasse"},"geometry":{"type":"LineString","coordinates":[[7.429276,46.950661],[7.430844,46.951899]]}},{"type":"Feature","properties":{"k":"neben","name":"Bühlstrasse"},"geometry":{"type":"LineString","coordinates":[[7.428569,46.950038],[7.429276,46.950661]]}},{"type":"Feature","properties":{"k":"neben","name":"Freiburgstrasse"},"geometry":{"type":"LineString","coordinates":[[7.424316,46.946637],[7.422586,46.946148],[7.421083,46.946281]]}},{"type":"Feature","properties":{"k":"neben","name":"Freiburgstrasse"},"geometry":{"type":"LineString","coordinates":[[7.425973,46.947359],[7.425468,46.947139]]}},{"type":"Feature","properties":{"k":"neben","name":"Freiestrasse"},"geometry":{"type":"LineString","coordinates":[[7.42835,46.953538],[7.427643,46.953727],[7.427567,46.953745]]}},{"type":"Feature","properties":{"k":"neben","name":"Freiestrasse"},"geometry":{"type":"LineString","coordinates":[[7.428892,46.953373],[7.42835,46.953538]]}},{"type":"Feature","properties":{"k":"haupt"},"geometry":{"type":"LineString","coordinates":[[7.472912,46.94765],[7.472832,46.947477]]}},{"type":"Feature","properties":{"k":"neben","name":"Effingerstrasse"},"geometry":{"type":"LineString","coordinates":[[7.434518,46.945941],[7.434088,46.945956]]}},{"type":"Feature","properties":{"k":"neben","name":"Bühlstrasse"},"geometry":{"type":"LineString","coordinates":[[7.431243,46.952137],[7.431362,46.952298]]}},{"type":"Feature","properties":{"k":"neben","name":"Freiburgstrasse"},"geometry":{"type":"LineString","coordinates":[[7.424704,46.946808],[7.424622,46.946772],[7.424479,46.946709]]}},{"type":"Feature","properties":{"k":"neben","name":"Rosenbühlgasse"},"geometry":{"type":"LineString","coordinates":[[7.424207,46.948466],[7.424333,46.94855],[7.424361,46.948568],[7.424401,46.948592]]}},{"type":"Feature","properties":{"k":"neben","name":"Bahnstrasse"},"geometry":{"type":"LineString","coordinates":[[7.41481,46.948557],[7.414908,46.948626],[7.414991,46.948695]]}},{"type":"Feature","properties":{"k":"haupt","name":"Murtenstrasse"},"geometry":{"type":"LineString","coordinates":[[7.424177,46.950322],[7.424032,46.95042],[7.423851,46.950539],[7.423686,46.950651]]}},{"type":"Feature","properties":{"k":"neben","name":"Schenkstrasse"},"geometry":{"type":"LineString","coordinates":[[7.411801,46.944697],[7.411988,46.944523]]}},{"type":"Feature","properties":{"k":"neben","name":"Schenkstrasse"},"geometry":{"type":"LineString","coordinates":[[7.41168,46.944831],[7.411801,46.944697]]}},{"type":"Feature","properties":{"k":"neben","name":"Schenkstrasse"},"geometry":{"type":"LineString","coordinates":[[7.411818,46.944679],[7.411899,46.944716],[7.411925,46.944729]]}},{"type":"Feature","properties":{"k":"neben","name":"Freiburgstrasse"},"geometry":{"type":"LineString","coordinates":[[7.424885,46.946888],[7.424704,46.946808]]}},{"type":"Feature","properties":{"k":"haupt","name":"Kirchenfeldstrasse"},"geometry":{"type":"LineString","coordinates":[[7.452259,46.940216],[7.452737,46.940238]]}},{"type":"Feature","properties":{"k":"neben","name":"Nydeggstalden"},"geometry":{"type":"LineString","coordinates":[[7.455761,46.94874],[7.456561,46.948832]]}},{"type":"Feature","properties":{"k":"neben","name":"Postgasshalde"},"geometry":{"type":"LineString","coordinates":[[7.455802,46.948665],[7.455761,46.94874]]}},{"type":"Feature","properties":{"k":"neben","name":"Baltzerstrasse"},"geometry":{"type":"LineString","coordinates":[[7.427907,46.952021],[7.428181,46.951878],[7.428199,46.951866]]}},{"type":"Feature","properties":{"k":"haupt","name":"Murtenstrasse"},"geometry":{"type":"LineString","coordinates":[[7.419613,46.952464],[7.419514,46.952449],[7.419418,46.952437],[7.41924,46.952414]]}},{"type":"Feature","properties":{"k":"neben","name":"Aarstrasse"},"geometry":{"type":"LineString","coordinates":[[7.444809,46.944719],[7.444803,46.944681],[7.444801,46.944625]]}},{"type":"Feature","properties":{"k":"neben","name":"Marzilistrasse"},"geometry":{"type":"LineString","coordinates":[[7.442057,46.941106],[7.443093,46.94234]]}},{"type":"Feature","properties":{"k":"neben","name":"Marzilistrasse"},"geometry":{"type":"LineString","coordinates":[[7.441824,46.9408],[7.441856,46.940827],[7.441871,46.940846],[7.441887,46.940903]]}},{"type":"Feature","properties":{"k":"haupt","name":"Murtenstrasse"},"geometry":{"type":"LineString","coordinates":[[7.419708,46.95239],[7.419982,46.952436]]}},{"type":"Feature","properties":{"k":"neben"},"geometry":{"type":"LineString","coordinates":[[7.43248,46.952613],[7.432355,46.952712],[7.432337,46.952724]]}},{"type":"Feature","properties":{"k":"neben"},"geometry":{"type":"LineString","coordinates":[[7.43234,46.951907],[7.432389,46.952053]]}},{"type":"Feature","properties":{"k":"neben"},"geometry":{"type":"LineString","coordinates":[[7.432444,46.952215],[7.432505,46.952396],[7.432526,46.95246]]}},{"type":"Feature","properties":{"k":"neben"},"geometry":{"type":"LineString","coordinates":[[7.43231,46.951818],[7.432323,46.951858],[7.43234,46.951907]]}},{"type":"Feature","properties":{"k":"neben"},"geometry":{"type":"LineString","coordinates":[[7.432389,46.952053],[7.432416,46.952132],[7.432418,46.952138],[7.432444,46.952215]]}},{"type":"Feature","properties":{"k":"neben"},"geometry":{"type":"LineString","coordinates":[[7.432337,46.952724],[7.432197,46.952818],[7.432186,46.952825],[7.432155,46.952846]]}},{"type":"Feature","properties":{"k":"neben","name":"Wabernstrasse"},"geometry":{"type":"LineString","coordinates":[[7.439305,46.936472],[7.439285,46.937264]]}},{"type":"Feature","properties":{"k":"neben","name":"Steinerstrasse"},"geometry":{"type":"LineString","coordinates":[[7.46283,46.942166],[7.462585,46.942025],[7.462531,46.942001]]}},{"type":"Feature","properties":{"k":"haupt","name":"Kirchenfeldstrasse"},"geometry":{"type":"LineString","coordinates":[[7.451033,46.940178],[7.451164,46.940182]]}},{"type":"Feature","properties":{"k":"haupt","name":"Kirchenfeldstrasse"},"geometry":{"type":"LineString","coordinates":[[7.450828,46.940173],[7.451033,46.940178]]}},{"type":"Feature","properties":{"k":"haupt","name":"Kirchenfeldstrasse"},"geometry":{"type":"LineString","coordinates":[[7.449835,46.940137],[7.450227,46.940153]]}},{"type":"Feature","properties":{"k":"neben","name":"Thormannstrasse"},"geometry":{"type":"LineString","coordinates":[[7.449835,46.940137],[7.449979,46.940079],[7.45003,46.940026],[7.450074,46.939994]]}},{"type":"Feature","properties":{"k":"neben","name":"Thormannstrasse"},"geometry":{"type":"LineString","coordinates":[[7.450074,46.939994],[7.450227,46.940153]]}},{"type":"Feature","properties":{"k":"haupt","name":"Worbstrasse"},"geometry":{"type":"LineString","coordinates":[[7.476259,46.937025],[7.47639,46.937056],[7.47657,46.937097],[7.476871,46.937157]]}},{"type":"Feature","properties":{"k":"neben","name":"Jupiterstrasse"},"geometry":{"type":"LineString","coordinates":[[7.478043,46.937394],[7.478098,46.937472]]}},{"type":"Feature","properties":{"k":"haupt","name":"Worbstrasse"},"geometry":{"type":"LineString","coordinates":[[7.477669,46.937325],[7.477906,46.937369],[7.478043,46.937394]]}},{"type":"Feature","properties":{"k":"neben","name":"Jupiterstrasse"},"geometry":{"type":"LineString","coordinates":[[7.48181,46.937791],[7.482333,46.937756],[7.484471,46.93762],[7.484586,46.937614]]}},{"type":"Feature","properties":{"k":"neben","name":"Jupiterstrasse"},"geometry":{"type":"LineString","coordinates":[[7.481199,46.937876],[7.48181,46.937791]]}},{"type":"Feature","properties":{"k":"neben","name":"Jupiterstrasse"},"geometry":{"type":"LineString","coordinates":[[7.478299,46.937655],[7.478357,46.937686],[7.478775,46.93789]]}},{"type":"Feature","properties":{"k":"neben","name":"Jupiterstrasse"},"geometry":{"type":"LineString","coordinates":[[7.485207,46.937796],[7.48546,46.938382]]}},{"type":"Feature","properties":{"k":"neben","name":"Steigerhubelstrasse"},"geometry":{"type":"LineString","coordinates":[[7.411506,46.946001],[7.411545,46.945948],[7.411758,46.945771]]}},{"type":"Feature","properties":{"k":"haupt","name":"Monbijoustrasse"},"geometry":{"type":"LineString","coordinates":[[7.43639,46.937234],[7.436418,46.937088]]}},{"type":"Feature","properties":{"k":"neben","name":"Zwyssigstrasse"},"geometry":{"type":"LineString","coordinates":[[7.421194,46.94318],[7.421579,46.942043]]}},{"type":"Feature","properties":{"k":"neben","name":"Hubelmattstrasse"},"geometry":{"type":"LineString","coordinates":[[7.421432,46.941818],[7.421538,46.941946]]}},{"type":"Feature","properties":{"k":"neben","name":"Marienstrasse"},"geometry":{"type":"LineString","coordinates":[[7.452473,46.9438],[7.451965,46.943822],[7.451271,46.943852]]}},{"type":"Feature","properties":{"k":"haupt","name":"Bollwerk"},"geometry":{"type":"LineString","coordinates":[[7.4407,46.951187],[7.440873,46.951407]]}},{"type":"Feature","properties":{"k":"haupt","name":"Neubrückstrasse"},"geometry":{"type":"LineString","coordinates":[[7.440705,46.951428],[7.440701,46.951305],[7.4407,46.951187]]}},{"type":"Feature","properties":{"k":"haupt","name":"Bahnhofplatz"},"geometry":{"type":"LineString","coordinates":[[7.439939,46.948217],[7.439949,46.948141]]}},{"type":"Feature","properties":{"k":"haupt","name":"Bahnhofplatz"},"geometry":{"type":"LineString","coordinates":[[7.440009,46.947794],[7.439953,46.947666]]}},{"type":"Feature","properties":{"k":"neben","name":"Steinerstrasse"},"geometry":{"type":"LineString","coordinates":[[7.459872,46.940868],[7.459944,46.941122],[7.459508,46.941511]]}},{"type":"Feature","properties":{"k":"neben","name":"Jubiläumsplatz"},"geometry":{"type":"LineString","coordinates":[[7.453073,46.93989],[7.453058,46.939839]]}},{"type":"Feature","properties":{"k":"neben","name":"Jubiläumsplatz"},"geometry":{"type":"LineString","coordinates":[[7.453142,46.939728],[7.453267,46.939612],[7.453461,46.939583]]}},{"type":"Feature","properties":{"k":"haupt","name":"Schützenmattstrasse"},"geometry":{"type":"LineString","coordinates":[[7.439488,46.953324],[7.439423,46.953437]]}},{"type":"Feature","properties":{"k":"haupt","name":"Tiefenaustrasse"},"geometry":{"type":"LineString","coordinates":[[7.43925,46.953608],[7.43925,46.95436]]}},{"type":"Feature","properties":{"k":"haupt","name":"Schützenmattstrasse"},"geometry":{"type":"LineString","coordinates":[[7.439423,46.953437],[7.43925,46.953608]]}},{"type":"Feature","properties":{"k":"neben"},"geometry":{"type":"LineString","coordinates":[[7.439423,46.953437],[7.43939,46.95338]]}},{"type":"Feature","properties":{"k":"haupt","name":"Schützenmattstrasse"},"geometry":{"type":"LineString","coordinates":[[7.43939,46.95338],[7.43914,46.953544]]}},{"type":"Feature","properties":{"k":"neben","name":"Goumoënsstrasse"},"geometry":{"type":"LineString","coordinates":[[7.431179,46.934598],[7.430671,46.934273]]}},{"type":"Feature","properties":{"k":"neben","name":"Donnerbühlweg"},"geometry":{"type":"LineString","coordinates":[[7.431516,46.951304],[7.432329,46.951127]]}},{"type":"Feature","properties":{"k":"neben","name":"Bühlstrasse"},"geometry":{"type":"LineString","coordinates":[[7.431362,46.952298],[7.431239,46.952244],[7.431191,46.952226],[7.431111,46.952207]]}},{"type":"Feature","properties":{"k":"neben","name":"Bahnstrasse"},"geometry":{"type":"LineString","coordinates":[[7.411783,46.946649],[7.412303,46.946957]]}},{"type":"Feature","properties":{"k":"neben","name":"Schosshaldenstrasse"},"geometry":{"type":"LineString","coordinates":[[7.465536,46.94691],[7.465577,46.946931],[7.465637,46.946963]]}},{"type":"Feature","properties":{"k":"neben","name":"Schosshaldenstrasse"},"geometry":{"type":"LineString","coordinates":[[7.460973,46.944522],[7.461032,46.944633],[7.461589,46.944931]]}},{"type":"Feature","properties":{"k":"haupt","name":"Weissensteinstrasse"},"geometry":{"type":"LineString","coordinates":[[7.409699,46.941688],[7.409659,46.94168],[7.409611,46.941677]]}},{"type":"Feature","properties":{"k":"haupt","name":"Weissensteinstrasse"},"geometry":{"type":"LineString","coordinates":[[7.408898,46.941692],[7.408775,46.941703]]}},{"type":"Feature","properties":{"k":"haupt","name":"Turnierstrasse"},"geometry":{"type":"LineString","coordinates":[[7.408898,46.941692],[7.408866,46.941669],[7.40879,46.941636]]}},{"type":"Feature","properties":{"k":"neben","name":"Seminarstrasse"},"geometry":{"type":"LineString","coordinates":[[7.459694,46.943092],[7.459667,46.943075],[7.459628,46.943043],[7.459605,46.943009]]}},{"type":"Feature","properties":{"k":"neben","name":"Fabrikstrasse"},"geometry":{"type":"LineString","coordinates":[[7.422617,46.951917],[7.422591,46.951887]]}},{"type":"Feature","properties":{"k":"neben","name":"Fabrikstrasse"},"geometry":{"type":"LineString","coordinates":[[7.423036,46.952394],[7.422617,46.951917]]}},{"type":"Feature","properties":{"k":"haupt","name":"Muristrasse"},"geometry":{"type":"LineString","coordinates":[[7.465967,46.941972],[7.466136,46.941803]]}},{"type":"Feature","properties":{"k":"haupt","name":"Muristrasse"},"geometry":{"type":"LineString","coordinates":[[7.466298,46.941895],[7.466168,46.941915],[7.466098,46.941933],[7.465967,46.941972]]}},{"type":"Feature","properties":{"k":"haupt","name":"Ostring"},"geometry":{"type":"LineString","coordinates":[[7.468959,46.942941],[7.469018,46.942979]]}},{"type":"Feature","properties":{"k":"haupt","name":"Muristrasse"},"geometry":{"type":"LineString","coordinates":[[7.467341,46.941075],[7.467248,46.941152]]}},{"type":"Feature","properties":{"k":"haupt"},"geometry":{"type":"LineString","coordinates":[[7.466554,46.941646],[7.466569,46.941668],[7.466583,46.941689],[7.466588,46.941707]]}},{"type":"Feature","properties":{"k":"haupt","name":"Thunstrasse"},"geometry":{"type":"LineString","coordinates":[[7.458713,46.940406],[7.458866,46.940429],[7.459089,46.94048],[7.459252,46.940517]]}},{"type":"Feature","properties":{"k":"haupt","name":"Thunplatz"},"geometry":{"type":"LineString","coordinates":[[7.458347,46.940686],[7.45802,46.940616]]}},{"type":"Feature","properties":{"k":"haupt","name":"Bahnhofplatz"},"geometry":{"type":"LineString","coordinates":[[7.440001,46.947839],[7.440009,46.947794]]}},{"type":"Feature","properties":{"k":"haupt"},"geometry":{"type":"LineString","coordinates":[[7.466378,46.941894],[7.466348,46.941898],[7.466298,46.941895]]}},{"type":"Feature","properties":{"k":"haupt","name":"Laubeggstrasse"},"geometry":{"type":"LineString","coordinates":[[7.471217,46.945288],[7.471183,46.945306]]}},{"type":"Feature","properties":{"k":"haupt","name":"Worbstrasse"},"geometry":{"type":"LineString","coordinates":[[7.484844,46.936896],[7.485221,46.936829]]}},{"type":"Feature","properties":{"k":"haupt","name":"Worbstrasse"},"geometry":{"type":"LineString","coordinates":[[7.483491,46.937115],[7.484844,46.936896]]}},{"type":"Feature","properties":{"k":"haupt","name":"Freiburgstrasse"},"geometry":{"type":"LineString","coordinates":[[7.401778,46.941274],[7.402023,46.94142]]}},{"type":"Feature","properties":{"k":"haupt","name":"Freiburgstrasse"},"geometry":{"type":"LineString","coordinates":[[7.402398,46.941621],[7.402445,46.941645]]}},{"type":"Feature","properties":{"k":"haupt","name":"Weissensteinstrasse"},"geometry":{"type":"LineString","coordinates":[[7.403895,46.941969],[7.403479,46.941925],[7.403269,46.941907]]}},{"type":"Feature","properties":{"k":"haupt","name":"Weissensteinstrasse"},"geometry":{"type":"LineString","coordinates":[[7.407161,46.941704],[7.407542,46.94167]]}},{"type":"Feature","properties":{"k":"haupt","name":"Turnierstrasse"},"geometry":{"type":"LineString","coordinates":[[7.409009,46.941548],[7.409288,46.941515]]}},{"type":"Feature","properties":{"k":"haupt","name":"Weissensteinstrasse"},"geometry":{"type":"LineString","coordinates":[[7.410128,46.941711],[7.410288,46.941812]]}},{"type":"Feature","properties":{"k":"haupt","name":"Murtenstrasse"},"geometry":{"type":"LineString","coordinates":[[7.41924,46.952414],[7.418629,46.952257]]}},{"type":"Feature","properties":{"k":"haupt","name":"Murtenstrasse"},"geometry":{"type":"LineString","coordinates":[[7.417178,46.951836],[7.417628,46.951993]]}},{"type":"Feature","properties":{"k":"haupt","name":"Murtenstrasse"},"geometry":{"type":"LineString","coordinates":[[7.409227,46.949445],[7.409278,46.949455],[7.409744,46.949534]]}},{"type":"Feature","properties":{"k":"haupt","name":"Murtenstrasse"},"geometry":{"type":"LineString","coordinates":[[7.409744,46.949534],[7.409851,46.949554],[7.410178,46.949613]]}},{"type":"Feature","properties":{"k":"haupt","name":"Weissensteinstrasse"},"geometry":{"type":"LineString","coordinates":[[7.41896,46.940886],[7.418924,46.940888]]}},{"type":"Feature","properties":{"k":"haupt","name":"Seftigenstrasse"},"geometry":{"type":"LineString","coordinates":[[7.436113,46.934985],[7.43654,46.934975],[7.436692,46.934964]]}},{"type":"Feature","properties":{"k":"haupt","name":"Seftigenstrasse"},"geometry":{"type":"LineString","coordinates":[[7.434622,46.935265],[7.435398,46.935043]]}},{"type":"Feature","properties":{"k":"haupt","name":"Seftigenstrasse"},"geometry":{"type":"LineString","coordinates":[[7.432361,46.936552],[7.432638,46.936304],[7.432905,46.936065],[7.432982,46.936002]]}},{"type":"Feature","properties":{"k":"neben","name":"Graffenriedweg"},"geometry":{"type":"LineString","coordinates":[[7.432235,46.937815],[7.432199,46.937821],[7.43214,46.93783],[7.432071,46.937844]]}},{"type":"Feature","properties":{"k":"neben","name":"Bürkiweg"},"geometry":{"type":"LineString","coordinates":[[7.43191,46.938951],[7.431506,46.939107]]}},{"type":"Feature","properties":{"k":"neben","name":"Bürkiweg"},"geometry":{"type":"LineString","coordinates":[[7.429741,46.939798],[7.429895,46.939745]]}},{"type":"Feature","properties":{"k":"haupt","name":"Laubeggstrasse"},"geometry":{"type":"LineString","coordinates":[[7.466189,46.947498],[7.466059,46.947612]]}},{"type":"Feature","properties":{"k":"haupt","name":"Laubeggstrasse"},"geometry":{"type":"LineString","coordinates":[[7.468313,46.946523],[7.468074,46.946584],[7.467994,46.946605]]}},{"type":"Feature","properties":{"k":"haupt","name":"Laubeggstrasse"},"geometry":{"type":"LineString","coordinates":[[7.469818,46.94608],[7.468313,46.946523]]}},{"type":"Feature","properties":{"k":"neben","name":"Bürglenstrasse"},"geometry":{"type":"LineString","coordinates":[[7.46995,46.946198],[7.469818,46.94608]]}},{"type":"Feature","properties":{"k":"haupt","name":"Ostring"},"geometry":{"type":"LineString","coordinates":[[7.472661,46.944972],[7.472652,46.945029],[7.472625,46.945081],[7.472594,46.94513]]}},{"type":"Feature","properties":{"k":"haupt","name":"Ostring"},"geometry":{"type":"LineString","coordinates":[[7.472151,46.944759],[7.472275,46.944765],[7.47239,46.944777],[7.472491,46.944789]]}},{"type":"Feature","properties":{"k":"haupt","name":"Muristrasse"},"geometry":{"type":"LineString","coordinates":[[7.465353,46.942401],[7.465476,46.942317],[7.465829,46.942073]]}},{"type":"Feature","properties":{"k":"haupt","name":"Muristrasse"},"geometry":{"type":"LineString","coordinates":[[7.465829,46.942073],[7.465967,46.941972]]}},{"type":"Feature","properties":{"k":"haupt","name":"Kirchenfeldstrasse"},"geometry":{"type":"LineString","coordinates":[[7.456532,46.940395],[7.456684,46.940401],[7.456768,46.940404],[7.456915,46.94041]]}},{"type":"Feature","properties":{"k":"haupt","name":"Kirchenfeldstrasse"},"geometry":{"type":"LineString","coordinates":[[7.456915,46.94041],[7.457134,46.940419]]}},{"type":"Feature","properties":{"k":"neben","name":"Helvetiastrasse"},"geometry":{"type":"LineString","coordinates":[[7.450974,46.940361],[7.450923,46.940592]]}},{"type":"Feature","properties":{"k":"neben","name":"Helvetiastrasse"},"geometry":{"type":"LineString","coordinates":[[7.451033,46.940178],[7.450984,46.940314],[7.450974,46.940361]]}},{"type":"Feature","properties":{"k":"haupt","name":"Kirchenfeldstrasse"},"geometry":{"type":"LineString","coordinates":[[7.447264,46.940024],[7.447484,46.940033]]}},{"type":"Feature","properties":{"k":"neben","name":"Bantigerstrasse"},"geometry":{"type":"LineString","coordinates":[[7.464546,46.948873],[7.464478,46.948836],[7.46447,46.948831],[7.464346,46.948749]]}},{"type":"Feature","properties":{"k":"neben","name":"Tavelweg"},"geometry":{"type":"LineString","coordinates":[[7.46398,46.94622],[7.463937,46.946258],[7.463838,46.946347]]}},{"type":"Feature","properties":{"k":"haupt","name":"Muristrasse"},"geometry":{"type":"LineString","coordinates":[[7.460492,46.944555],[7.460547,46.944552],[7.460767,46.944536],[7.460973,46.944522]]}},{"type":"Feature","properties":{"k":"haupt","name":"Muristrasse"},"geometry":{"type":"LineString","coordinates":[[7.460973,46.944522],[7.461146,46.94451],[7.461177,46.944508],[7.4615,46.944486]]}},{"type":"Feature","properties":{"k":"haupt"},"geometry":{"type":"LineString","coordinates":[[7.431097,46.940588],[7.431129,46.940516]]}},{"type":"Feature","properties":{"k":"haupt","name":"Schwarzenburgstrasse"},"geometry":{"type":"LineString","coordinates":[[7.431097,46.940588],[7.430811,46.940348]]}},{"type":"Feature","properties":{"k":"haupt"},"geometry":{"type":"LineString","coordinates":[[7.431129,46.940516],[7.431252,46.940439]]}},{"type":"Feature","properties":{"k":"haupt","name":"Schwarzenburgstrasse"},"geometry":{"type":"LineString","coordinates":[[7.430811,46.940348],[7.431252,46.940439]]}},{"type":"Feature","properties":{"k":"neben","name":"Fabrikstrasse"},"geometry":{"type":"LineString","coordinates":[[7.422176,46.951656],[7.422219,46.951677],[7.422265,46.951701]]}},{"type":"Feature","properties":{"k":"haupt","name":"Murtenstrasse"},"geometry":{"type":"LineString","coordinates":[[7.421578,46.951563],[7.42183,46.951485]]}},{"type":"Feature","properties":{"k":"neben","name":"Kochergasse"},"geometry":{"type":"LineString","coordinates":[[7.447868,46.946797],[7.447936,46.946804],[7.448001,46.946805],[7.448021,46.946805]]}},{"type":"Feature","properties":{"k":"neben","name":"Kochergasse"},"geometry":{"type":"LineString","coordinates":[[7.447236,46.946819],[7.447868,46.946797]]}},{"type":"Feature","properties":{"k":"haupt","name":"Turnierstrasse"},"geometry":{"type":"LineString","coordinates":[[7.40902,46.942425],[7.409051,46.942346]]}},{"type":"Feature","properties":{"k":"haupt","name":"Turnierstrasse"},"geometry":{"type":"LineString","coordinates":[[7.409139,46.941999],[7.409145,46.941922],[7.409143,46.941751]]}},{"type":"Feature","properties":{"k":"neben","name":"Pulverweg"},"geometry":{"type":"LineString","coordinates":[[7.47055,46.953359],[7.470398,46.953506],[7.470074,46.953876]]}},{"type":"Feature","properties":{"k":"haupt","name":"Ostermundigenstrasse"},"geometry":{"type":"LineString","coordinates":[[7.470794,46.953416],[7.471588,46.953539]]}},{"type":"Feature","properties":{"k":"haupt","name":"Ostermundigenstrasse"},"geometry":{"type":"LineString","coordinates":[[7.47055,46.953359],[7.470794,46.953416]]}},{"type":"Feature","properties":{"k":"haupt","name":"Ostermundigenstrasse"},"geometry":{"type":"LineString","coordinates":[[7.469943,46.953229],[7.47009,46.95326]]}},{"type":"Feature","properties":{"k":"neben","name":"Elfenauweg"},"geometry":{"type":"LineString","coordinates":[[7.470051,46.939659],[7.470033,46.939648],[7.469917,46.939571]]}},{"type":"Feature","properties":{"k":"neben","name":"Münzrain"},"geometry":{"type":"LineString","coordinates":[[7.443089,46.94505],[7.443272,46.945194]]}},{"type":"Feature","properties":{"k":"haupt","name":"Murtenstrasse"},"geometry":{"type":"LineString","coordinates":[[7.420718,46.951922],[7.420931,46.9518]]}},{"type":"Feature","properties":{"k":"haupt","name":"Murtenstrasse"},"geometry":{"type":"LineString","coordinates":[[7.42628,46.948981],[7.426138,46.94907],[7.42599,46.949156]]}},{"type":"Feature","properties":{"k":"haupt","name":"Murtenstrasse"},"geometry":{"type":"LineString","coordinates":[[7.42761,46.948389],[7.427553,46.948413],[7.427469,46.948448],[7.427252,46.948541]]}},{"type":"Feature","properties":{"k":"haupt","name":"Murtenstrasse"},"geometry":{"type":"LineString","coordinates":[[7.427252,46.948541],[7.427058,46.948622]]}},{"type":"Feature","properties":{"k":"haupt","name":"Zieglerstrasse"},"geometry":{"type":"LineString","coordinates":[[7.428784,46.947724],[7.428806,46.947679],[7.428864,46.947557]]}},{"type":"Feature","properties":{"k":"haupt","name":"Laupenstrasse"},"geometry":{"type":"LineString","coordinates":[[7.433301,46.947369],[7.432965,46.947381],[7.432634,46.947392]]}},{"type":"Feature","properties":{"k":"haupt","name":"Laupenstrasse"},"geometry":{"type":"LineString","coordinates":[[7.431461,46.947449],[7.431149,46.947461],[7.430993,46.947469],[7.430929,46.947473]]}},{"type":"Feature","properties":{"k":"haupt","name":"Laupenstrasse"},"geometry":{"type":"LineString","coordinates":[[7.432634,46.947392],[7.432492,46.947401],[7.432339,46.947412]]}},{"type":"Feature","properties":{"k":"haupt","name":"Bahnhofplatz"},"geometry":{"type":"LineString","coordinates":[[7.440666,46.948521],[7.440702,46.9487]]}},{"type":"Feature","properties":{"k":"haupt","name":"Bollwerk"},"geometry":{"type":"LineString","coordinates":[[7.441463,46.951759],[7.441697,46.9519]]}},{"type":"Feature","properties":{"k":"haupt","name":"Nordring"},"geometry":{"type":"LineString","coordinates":[[7.44455,46.953672],[7.444544,46.953668],[7.444042,46.953347]]}},{"type":"Feature","properties":{"k":"haupt","name":"Kleine Westtangente"},"geometry":{"type":"LineString","coordinates":[[7.437878,46.949568],[7.438006,46.949626],[7.438111,46.949672]]}},{"type":"Feature","properties":{"k":"haupt","name":"Bühlstrasse"},"geometry":{"type":"LineString","coordinates":[[7.42812,46.948953],[7.428087,46.94886],[7.428065,46.948809]]}},{"type":"Feature","properties":{"k":"haupt","name":"Neue Murtenstrasse"},"geometry":{"type":"LineString","coordinates":[[7.4007,46.951065],[7.400107,46.951227]]}},{"type":"Feature","properties":{"k":"haupt","name":"Falkenplatz"},"geometry":{"type":"LineString","coordinates":[[7.436141,46.950431],[7.435694,46.950793]]}},{"type":"Feature","properties":{"k":"haupt","name":"Schanzenstrasse"},"geometry":{"type":"LineString","coordinates":[[7.436689,46.949157],[7.436648,46.949258],[7.436553,46.949488],[7.436485,46.949652]]}},{"type":"Feature","properties":{"k":"haupt","name":"Schanzenstrasse"},"geometry":{"type":"LineString","coordinates":[[7.437325,46.947619],[7.43729,46.947703]]}},{"type":"Feature","properties":{"k":"neben","name":"Wohlenstrasse"},"geometry":{"type":"LineString","coordinates":[[7.38608,46.965046],[7.388787,46.96492]]}},{"type":"Feature","properties":{"k":"neben","name":"Wohlenstrasse"},"geometry":{"type":"LineString","coordinates":[[7.38423,46.963429],[7.383878,46.963163]]}},{"type":"Feature","properties":{"k":"neben","name":"Eymattstrasse"},"geometry":{"type":"LineString","coordinates":[[7.380521,46.962115],[7.381226,46.961971],[7.381329,46.962196],[7.383525,46.962142]]}},{"type":"Feature","properties":{"k":"neben","name":"Eymattstrasse"},"geometry":{"type":"LineString","coordinates":[[7.384318,46.961372],[7.384514,46.961491]]}},{"type":"Feature","properties":{"k":"neben","name":"Eymattstrasse"},"geometry":{"type":"LineString","coordinates":[[7.384376,46.961332],[7.384261,46.96125]]}},{"type":"Feature","properties":{"k":"neben","name":"Eymattstrasse"},"geometry":{"type":"LineString","coordinates":[[7.383675,46.961228],[7.382902,46.961217],[7.382694,46.960563]]}},{"type":"Feature","properties":{"k":"neben","name":"Eymattstrasse"},"geometry":{"type":"LineString","coordinates":[[7.38693,46.95991],[7.385782,46.960221],[7.384376,46.961332]]}},{"type":"Feature","properties":{"k":"neben","name":"Eichholzstrasse"},"geometry":{"type":"LineString","coordinates":[[7.385782,46.960221],[7.386297,46.959837],[7.386622,46.959604],[7.386731,46.959528]]}},{"type":"Feature","properties":{"k":"haupt","name":"Wohlenstrasse"},"geometry":{"type":"LineString","coordinates":[[7.383723,46.963286],[7.381775,46.964693]]}},{"type":"Feature","properties":{"k":"haupt","name":"Kappelenbrücke"},"geometry":{"type":"LineString","coordinates":[[7.381568,46.964844],[7.380633,46.965526],[7.379968,46.966012]]}},{"type":"Feature","properties":{"k":"neben","name":"Wohlenstrasse"},"geometry":{"type":"LineString","coordinates":[[7.38423,46.963429],[7.384427,46.963606],[7.385755,46.964787],[7.38608,46.965046]]}},{"type":"Feature","properties":{"k":"neben","name":"Eymattstrasse"},"geometry":{"type":"LineString","coordinates":[[7.384514,46.961491],[7.38488,46.961733],[7.38501,46.961824],[7.385148,46.961911]]}},{"type":"Feature","properties":{"k":"neben","name":"Eymattstrasse"},"geometry":{"type":"LineString","coordinates":[[7.384376,46.961332],[7.384318,46.961372]]}},{"type":"Feature","properties":{"k":"neben","name":"Eymattstrasse"},"geometry":{"type":"LineString","coordinates":[[7.384261,46.96125],[7.383675,46.961228]]}},{"type":"Feature","properties":{"k":"neben","name":"Eymattstrasse"},"geometry":{"type":"LineString","coordinates":[[7.384318,46.961372],[7.383744,46.961759],[7.383559,46.962029],[7.383517,46.962323],[7.383806,46.963013]]}},{"type":"Feature","properties":{"k":"neben","name":"Wohlenstrasse"},"geometry":{"type":"LineString","coordinates":[[7.388787,46.96492],[7.389133,46.964908],[7.389266,46.964911],[7.389481,46.964931]]}},{"type":"Feature","properties":{"k":"haupt","name":"Eymattstrasse"},"geometry":{"type":"LineString","coordinates":[[7.390259,46.955539],[7.389958,46.956499],[7.389334,46.957908],[7.388809,46.958643],[7.387859,46.959677]]}},{"type":"Feature","properties":{"k":"haupt","name":"Eymattstrasse"},"geometry":{"type":"LineString","coordinates":[[7.39043,46.955061],[7.390413,46.955115],[7.390387,46.955193],[7.390303,46.955365]]}},{"type":"Feature","properties":{"k":"haupt","name":"Eymattstrasse"},"geometry":{"type":"LineString","coordinates":[[7.390303,46.955365],[7.390259,46.955539]]}},{"type":"Feature","properties":{"k":"haupt","name":"Wohlenstrasse"},"geometry":{"type":"LineString","coordinates":[[7.383723,46.963286],[7.383803,46.963225],[7.383878,46.963163]]}},{"type":"Feature","properties":{"k":"haupt","name":"Eymattstrasse"},"geometry":{"type":"LineString","coordinates":[[7.386003,46.961174],[7.385148,46.961911]]}},{"type":"Feature","properties":{"k":"haupt","name":"Eymattstrasse"},"geometry":{"type":"LineString","coordinates":[[7.385148,46.961911],[7.383878,46.963163]]}},{"type":"Feature","properties":{"k":"haupt","name":"Wohlenstrasse"},"geometry":{"type":"LineString","coordinates":[[7.381775,46.964693],[7.381568,46.964844]]}},{"type":"Feature","properties":{"k":"haupt","name":"Eymattstrasse"},"geometry":{"type":"LineString","coordinates":[[7.387859,46.959677],[7.386757,46.960624]]}},{"type":"Feature","properties":{"k":"neben","name":"Eymattstrasse"},"geometry":{"type":"LineString","coordinates":[[7.382605,46.961517],[7.383256,46.961588],[7.383744,46.961759]]}},{"type":"Feature","properties":{"k":"haupt","name":"Eymattstrasse"},"geometry":{"type":"LineString","coordinates":[[7.386757,46.960624],[7.386003,46.961174]]}},{"type":"Feature","properties":{"k":"neben","name":"Eymattstrasse"},"geometry":{"type":"LineString","coordinates":[[7.380498,46.96212],[7.380521,46.962115]]}},{"type":"Feature","properties":{"k":"neben","name":"Wohlenstrasse"},"geometry":{"type":"LineString","coordinates":[[7.389481,46.964931],[7.39006,46.964981]]}},{"type":"Feature","properties":{"k":"neben","name":"Wohlenstrasse"},"geometry":{"type":"LineString","coordinates":[[7.39006,46.964981],[7.390962,46.965075],[7.391188,46.965091]]}},{"type":"Feature","properties":{"k":"haupt","name":"Eymattstrasse"},"geometry":{"type":"LineString","coordinates":[[7.390303,46.955365],[7.39029,46.955202],[7.390299,46.955129]]}},{"type":"Feature","properties":{"k":"neben","name":"Hochfeldstrasse"},"geometry":{"type":"LineString","coordinates":[[7.427867,46.955446],[7.428739,46.956426],[7.429879,46.956977]]}},{"type":"Feature","properties":{"k":"haupt"},"geometry":{"type":"LineString","coordinates":[[7.46954,46.968443],[7.469722,46.968962],[7.470164,46.969664]]}},{"type":"Feature","properties":{"k":"haupt"},"geometry":{"type":"LineString","coordinates":[[7.470624,46.966523],[7.469935,46.967108]]}},{"type":"Feature","properties":{"k":"haupt"},"geometry":{"type":"LineString","coordinates":[[7.47014,46.969871],[7.469681,46.969143]]}},{"type":"Feature","properties":{"k":"haupt"},"geometry":{"type":"LineString","coordinates":[[7.474718,46.963688],[7.474812,46.963541],[7.474883,46.963405],[7.474909,46.96335]]}},{"type":"Feature","properties":{"k":"haupt","name":"Papiermühlestrasse"},"geometry":{"type":"LineString","coordinates":[[7.463844,46.959283],[7.463775,46.959194]]}},{"type":"Feature","properties":{"k":"haupt","name":"Nordring"},"geometry":{"type":"LineString","coordinates":[[7.447117,46.956358],[7.446859,46.955599]]}},{"type":"Feature","properties":{"k":"haupt"},"geometry":{"type":"LineString","coordinates":[[7.42401,46.956669],[7.423858,46.956618],[7.423908,46.956491],[7.424109,46.956543],[7.42401,46.956669]]}},{"type":"Feature","properties":{"k":"neben","name":"Quartiergasse"},"geometry":{"type":"LineString","coordinates":[[7.444661,46.958003],[7.446695,46.958189]]}},{"type":"Feature","properties":{"k":"neben","name":"Dammweg"},"geometry":{"type":"LineString","coordinates":[[7.446312,46.959752],[7.4464,46.959414],[7.446469,46.959185],[7.446493,46.959069]]}},{"type":"Feature","properties":{"k":"neben","name":"Beaulieurain"},"geometry":{"type":"LineString","coordinates":[[7.431997,46.958788],[7.433708,46.957542]]}},{"type":"Feature","properties":{"k":"neben","name":"Brückfeldstrasse"},"geometry":{"type":"LineString","coordinates":[[7.434091,46.95774],[7.435087,46.95702],[7.436688,46.955512]]}},{"type":"Feature","properties":{"k":"neben","name":"Berchtoldstrasse"},"geometry":{"type":"LineString","coordinates":[[7.433698,46.955669],[7.433733,46.955697],[7.434132,46.956022]]}},{"type":"Feature","properties":{"k":"neben","name":"Beundenfeldstrasse"},"geometry":{"type":"LineString","coordinates":[[7.453224,46.955883],[7.451657,46.955163],[7.451433,46.955186]]}},{"type":"Feature","properties":{"k":"neben","name":"Bonstettenstrasse"},"geometry":{"type":"LineString","coordinates":[[7.436745,46.95789],[7.437978,46.958315],[7.438573,46.958151]]}},{"type":"Feature","properties":{"k":"neben","name":"Daxelhoferstrasse"},"geometry":{"type":"LineString","coordinates":[[7.4361,46.958714],[7.437961,46.959158],[7.43877,46.959159]]}},{"type":"Feature","properties":{"k":"neben","name":"Grimselstrasse"},"geometry":{"type":"LineString","coordinates":[[7.445033,46.962713],[7.445679,46.963201],[7.446611,46.963674],[7.448265,46.964177],[7.449993,46.96484],[7.451058,46.965066]]}},{"type":"Feature","properties":{"k":"neben","name":"Scheibenstrasse"},"geometry":{"type":"LineString","coordinates":[[7.453939,46.965547],[7.452937,46.965141],[7.451389,46.964723]]}},{"type":"Feature","properties":{"k":"neben","name":"Pulverweg"},"geometry":{"type":"LineString","coordinates":[[7.468718,46.955474],[7.468231,46.955911]]}},{"type":"Feature","properties":{"k":"neben","name":"Simonstrasse"},"geometry":{"type":"LineString","coordinates":[[7.433114,46.957996],[7.43463,46.958763],[7.435131,46.958277]]}},{"type":"Feature","properties":{"k":"haupt","name":"Standstrasse"},"geometry":{"type":"LineString","coordinates":[[7.452177,46.962548],[7.449528,46.961295]]}},{"type":"Feature","properties":{"k":"neben","name":"Weingartstrasse"},"geometry":{"type":"LineString","coordinates":[[7.456289,46.962155],[7.454801,46.962198],[7.454714,46.962201]]}},{"type":"Feature","properties":{"k":"neben","name":"Wylerstrasse"},"geometry":{"type":"LineString","coordinates":[[7.448681,46.96018],[7.449664,46.958933],[7.450535,46.958126],[7.450928,46.95749]]}},{"type":"Feature","properties":{"k":"neben","name":"Spitalackerstrasse"},"geometry":{"type":"LineString","coordinates":[[7.451102,46.957358],[7.453224,46.955883]]}},{"type":"Feature","properties":{"k":"neben","name":"Reichenbachstrasse"},"geometry":{"type":"LineString","coordinates":[[7.442449,46.966651],[7.441946,46.965806]]}},{"type":"Feature","properties":{"k":"haupt"},"geometry":{"type":"LineString","coordinates":[[7.4514,46.973315],[7.451316,46.973405]]}},{"type":"Feature","properties":{"k":"neben","name":"Stockerenweg"},"geometry":{"type":"LineString","coordinates":[[7.454752,46.95948],[7.452218,46.958678]]}},{"type":"Feature","properties":{"k":"neben","name":"Breitfeldstrasse"},"geometry":{"type":"LineString","coordinates":[[7.460764,46.960759],[7.4607,46.960749],[7.460646,46.960739],[7.460392,46.960691]]}},{"type":"Feature","properties":{"k":"neben","name":"Stauffacherstrasse"},"geometry":{"type":"LineString","coordinates":[[7.468965,46.96632],[7.467852,46.966581],[7.467688,46.966677]]}},{"type":"Feature","properties":{"k":"neben","name":"Melchtalstrasse"},"geometry":{"type":"LineString","coordinates":[[7.454673,46.961494],[7.456274,46.96157]]}},{"type":"Feature","properties":{"k":"neben","name":"Melchtalstrasse"},"geometry":{"type":"LineString","coordinates":[[7.456284,46.961438],[7.458141,46.961585]]}},{"type":"Feature","properties":{"k":"neben","name":"Melchtalstrasse"},"geometry":{"type":"LineString","coordinates":[[7.456272,46.961759],[7.457959,46.961812],[7.458176,46.961708]]}},{"type":"Feature","properties":{"k":"neben","name":"Wiesenstrasse"},"geometry":{"type":"LineString","coordinates":[[7.456446,46.960826],[7.459891,46.961391]]}},{"type":"Feature","properties":{"k":"neben","name":"Wiesenstrasse"},"geometry":{"type":"LineString","coordinates":[[7.456516,46.960593],[7.460159,46.961209]]}},{"type":"Feature","properties":{"k":"neben","name":"Attinghausenstrasse"},"geometry":{"type":"LineString","coordinates":[[7.456358,46.961096],[7.458062,46.961357]]}},{"type":"Feature","properties":{"k":"neben","name":"Riedweg"},"geometry":{"type":"LineString","coordinates":[[7.435426,46.959528],[7.436994,46.960172]]}},{"type":"Feature","properties":{"k":"haupt","name":"Tiefenaustrasse"},"geometry":{"type":"LineString","coordinates":[[7.452195,46.973688],[7.452054,46.973662],[7.451953,46.973625]]}},{"type":"Feature","properties":{"k":"neben","name":"Blumensteinstrasse"},"geometry":{"type":"LineString","coordinates":[[7.426052,46.955131],[7.426623,46.95583]]}},{"type":"Feature","properties":{"k":"neben"},"geometry":{"type":"LineString","coordinates":[[7.427574,46.955104],[7.427523,46.955126],[7.426482,46.955554],[7.426438,46.955572]]}},{"type":"Feature","properties":{"k":"neben","name":"Ralligweg"},"geometry":{"type":"LineString","coordinates":[[7.429879,46.956977],[7.430985,46.956101]]}},{"type":"Feature","properties":{"k":"neben","name":"Zeltweg"},"geometry":{"type":"LineString","coordinates":[[7.430467,46.955734],[7.429549,46.956153]]}},{"type":"Feature","properties":{"k":"neben","name":"Konradweg"},"geometry":{"type":"LineString","coordinates":[[7.430649,46.9562],[7.430176,46.956392],[7.430329,46.956593]]}},{"type":"Feature","properties":{"k":"neben","name":"Bäckereiweg"},"geometry":{"type":"LineString","coordinates":[[7.43002,46.956186],[7.429717,46.956302],[7.429549,46.956153]]}},{"type":"Feature","properties":{"k":"neben","name":"Forstweg"},"geometry":{"type":"LineString","coordinates":[[7.42412,46.955692],[7.424343,46.955914],[7.425649,46.955379]]}},{"type":"Feature","properties":{"k":"neben"},"geometry":{"type":"LineString","coordinates":[[7.428698,46.955214],[7.429126,46.955931],[7.428537,46.956218]]}},{"type":"Feature","properties":{"k":"neben","name":"Lederstutz"},"geometry":{"type":"LineString","coordinates":[[7.443278,46.97029],[7.443567,46.969727],[7.443698,46.96901]]}},{"type":"Feature","properties":{"k":"neben","name":"Greyerzstrasse"},"geometry":{"type":"LineString","coordinates":[[7.447858,46.96042],[7.448726,46.959455]]}},{"type":"Feature","properties":{"k":"neben","name":"Buchenweg"},"geometry":{"type":"LineString","coordinates":[[7.425446,46.955148],[7.42412,46.955692]]}},{"type":"Feature","properties":{"k":"haupt","name":"Felsenauviadukt"},"geometry":{"type":"LineString","coordinates":[[7.440229,46.967036],[7.442451,46.967625],[7.44672,46.968963],[7.44875,46.969431],[7.449903,46.969595],[7.451392,46.969673],[7.452841,46.96961],[7.454115,46.969441]]}},{"type":"Feature","properties":{"k":"haupt"},"geometry":{"type":"LineString","coordinates":[[7.470743,46.971975],[7.470523,46.971368],[7.470181,46.970953],[7.46969,46.970596],[7.468962,46.970295]]}},{"type":"Feature","properties":{"k":"neben","name":"Schulweg"},"geometry":{"type":"LineString","coordinates":[[7.447117,46.956358],[7.447005,46.956328],[7.44693,46.95631]]}},{"type":"Feature","properties":{"k":"neben","name":"Seelandweg"},"geometry":{"type":"LineString","coordinates":[[7.446172,46.95614],[7.446393,46.955432],[7.446498,46.955382]]}},{"type":"Feature","properties":{"k":"neben","name":"Reichenbachstrasse"},"geometry":{"type":"LineString","coordinates":[[7.443673,46.968641],[7.446037,46.971461],[7.447824,46.972856]]}},{"type":"Feature","properties":{"k":"neben","name":"Weingartstrasse"},"geometry":{"type":"LineString","coordinates":[[7.456289,46.962155],[7.45826,46.962097],[7.458576,46.962282]]}},{"type":"Feature","properties":{"k":"neben","name":"Herzogstrasse"},"geometry":{"type":"LineString","coordinates":[[7.45647,46.957941],[7.454737,46.958558]]}},{"type":"Feature","properties":{"k":"neben","name":"Rütlistrasse"},"geometry":{"type":"LineString","coordinates":[[7.45691,46.959311],[7.456326,46.961205],[7.456289,46.962155]]}},{"type":"Feature","properties":{"k":"neben","name":"Melchtalstrasse"},"geometry":{"type":"LineString","coordinates":[[7.458176,46.961708],[7.458141,46.961585]]}},{"type":"Feature","properties":{"k":"neben","name":"Waldstätterstrasse"},"geometry":{"type":"LineString","coordinates":[[7.460632,46.962676],[7.461286,46.963307]]}},{"type":"Feature","properties":{"k":"neben","name":"Neubrückstrasse"},"geometry":{"type":"LineString","coordinates":[[7.428255,46.973366],[7.428228,46.973191],[7.427328,46.972696]]}},{"type":"Feature","properties":{"k":"neben","name":"Wankdorffeldstrasse"},"geometry":{"type":"LineString","coordinates":[[7.454828,46.964083],[7.45578,46.964284]]}},{"type":"Feature","properties":{"k":"neben","name":"Wankdorffeldstrasse"},"geometry":{"type":"LineString","coordinates":[[7.46286,46.965675],[7.463094,46.96521]]}},{"type":"Feature","properties":{"k":"neben","name":"Wylerringstrasse"},"geometry":{"type":"LineString","coordinates":[[7.451431,46.963571],[7.452814,46.963922]]}},{"type":"Feature","properties":{"k":"neben","name":"Scheibenstrasse"},"geometry":{"type":"LineString","coordinates":[[7.450929,46.964672],[7.450932,46.964532],[7.450929,46.964499]]}},{"type":"Feature","properties":{"k":"neben","name":"Wankdorffeldstrasse"},"geometry":{"type":"LineString","coordinates":[[7.460772,46.965485],[7.462699,46.965949],[7.463982,46.966133]]}},{"type":"Feature","properties":{"k":"neben","name":"Wankdorffeldstrasse"},"geometry":{"type":"LineString","coordinates":[[7.458659,46.96498],[7.460772,46.965485]]}},{"type":"Feature","properties":{"k":"neben"},"geometry":{"type":"LineString","coordinates":[[7.465536,46.961733],[7.462826,46.962706]]}},{"type":"Feature","properties":{"k":"neben","name":"Wylerfeldstrasse"},"geometry":{"type":"LineString","coordinates":[[7.452814,46.963922],[7.453009,46.963474],[7.45177,46.963082]]}},{"type":"Feature","properties":{"k":"neben","name":"Pillonweg"},"geometry":{"type":"LineString","coordinates":[[7.447762,46.967263],[7.448488,46.966951],[7.44917,46.966543]]}},{"type":"Feature","properties":{"k":"neben","name":"Polygonstrasse"},"geometry":{"type":"LineString","coordinates":[[7.445125,46.96116],[7.444971,46.96137]]}},{"type":"Feature","properties":{"k":"neben","name":"Polygonstrasse"},"geometry":{"type":"LineString","coordinates":[[7.444971,46.96137],[7.444984,46.961621],[7.446027,46.962568],[7.446817,46.963077],[7.44792,46.963552],[7.449682,46.964083],[7.45044,46.96458],[7.450929,46.964672]]}},{"type":"Feature","properties":{"k":"neben","name":"Sustenweg"},"geometry":{"type":"LineString","coordinates":[[7.446746,46.965203],[7.449648,46.9668],[7.450176,46.96722]]}},{"type":"Feature","properties":{"k":"neben","name":"Jaunweg"},"geometry":{"type":"LineString","coordinates":[[7.449509,46.968535],[7.44947,46.968243],[7.449072,46.967703]]}},{"type":"Feature","properties":{"k":"neben","name":"Haldenstrasse"},"geometry":{"type":"LineString","coordinates":[[7.450746,46.969115],[7.450707,46.969115],[7.450668,46.969109],[7.45063,46.969096]]}},{"type":"Feature","properties":{"k":"neben","name":"Lagerweg"},"geometry":{"type":"LineString","coordinates":[[7.446973,46.956741],[7.444942,46.956556]]}},{"type":"Feature","properties":{"k":"neben","name":"Lorrainestrasse"},"geometry":{"type":"LineString","coordinates":[[7.444961,46.956445],[7.444159,46.95637],[7.443771,46.956333],[7.443551,46.956315]]}},{"type":"Feature","properties":{"k":"neben","name":"Randweg"},"geometry":{"type":"LineString","coordinates":[[7.443537,46.956386],[7.443392,46.957343],[7.4435,46.957395]]}},{"type":"Feature","properties":{"k":"haupt"},"geometry":{"type":"LineString","coordinates":[[7.470229,46.969774],[7.470629,46.970572]]}},{"type":"Feature","properties":{"k":"haupt"},"geometry":{"type":"LineString","coordinates":[[7.440179,46.967138],[7.438405,46.966791]]}},{"type":"Feature","properties":{"k":"neben","name":"Wylerstrasse"},"geometry":{"type":"LineString","coordinates":[[7.448097,46.960543],[7.448449,46.9604]]}},{"type":"Feature","properties":{"k":"neben","name":"Wylerringstrasse"},"geometry":{"type":"LineString","coordinates":[[7.450205,46.963155],[7.44892,46.962528]]}},{"type":"Feature","properties":{"k":"neben","name":"Dändlikerweg"},"geometry":{"type":"LineString","coordinates":[[7.445929,46.963911],[7.448238,46.964678],[7.44852,46.964828],[7.448491,46.964952]]}},{"type":"Feature","properties":{"k":"neben","name":"Dändlikerrain"},"geometry":{"type":"LineString","coordinates":[[7.447506,46.965612],[7.448084,46.965308],[7.448491,46.964952]]}},{"type":"Feature","properties":{"k":"haupt","name":"Felsenauviadukt"},"geometry":{"type":"LineString","coordinates":[[7.454154,46.969549],[7.452864,46.969718],[7.451653,46.96978],[7.450423,46.969747],[7.44895,46.969577],[7.446668,46.969064],[7.441906,46.96758],[7.440179,46.967138]]}},{"type":"Feature","properties":{"k":"haupt"},"geometry":{"type":"LineString","coordinates":[[7.459548,46.968857],[7.46117,46.96905],[7.463566,46.969583]]}},{"type":"Feature","properties":{"k":"haupt"},"geometry":{"type":"LineString","coordinates":[[7.466027,46.970093],[7.46491,46.969974],[7.46292,46.969549]]}},{"type":"Feature","properties":{"k":"neben","name":"Blumenweg"},"geometry":{"type":"LineString","coordinates":[[7.444714,46.957729],[7.446755,46.957912]]}},{"type":"Feature","properties":{"k":"neben","name":"Hofweg"},"geometry":{"type":"LineString","coordinates":[[7.444827,46.957142],[7.445867,46.957238],[7.446887,46.957331]]}},{"type":"Feature","properties":{"k":"neben","name":"Fischerweg"},"geometry":{"type":"LineString","coordinates":[[7.437617,46.955081],[7.437373,46.955377],[7.438239,46.95577]]}},{"type":"Feature","properties":{"k":"neben","name":"Pappelweg"},"geometry":{"type":"LineString","coordinates":[[7.447207,46.960089],[7.447835,46.959548],[7.447981,46.959292]]}},{"type":"Feature","properties":{"k":"neben","name":"Turnweg"},"geometry":{"type":"LineString","coordinates":[[7.447901,46.957328],[7.447621,46.958279]]}},{"type":"Feature","properties":{"k":"neben","name":"Zaunweg"},"geometry":{"type":"LineString","coordinates":[[7.44776,46.959301],[7.447969,46.958629],[7.448053,46.958368],[7.448064,46.958331]]}},{"type":"Feature","properties":{"k":"neben","name":"Wylerstrasse"},"geometry":{"type":"LineString","coordinates":[[7.448503,46.96077],[7.447597,46.961545]]}},{"type":"Feature","properties":{"k":"neben","name":"Centralweg"},"geometry":{"type":"LineString","coordinates":[[7.44598,46.95665],[7.44592,46.956953],[7.445867,46.957238],[7.445754,46.957819]]}},{"type":"Feature","properties":{"k":"neben","name":"Steckweg"},"geometry":{"type":"LineString","coordinates":[[7.446493,46.959069],[7.444517,46.958895]]}},{"type":"Feature","properties":{"k":"neben","name":"Mingerstrasse"},"geometry":{"type":"LineString","coordinates":[[7.465711,46.957783],[7.463621,46.955703]]}},{"type":"Feature","properties":{"k":"neben","name":"Nussbaumstrasse"},"geometry":{"type":"LineString","coordinates":[[7.467053,46.955911],[7.467799,46.95502]]}},{"type":"Feature","properties":{"k":"neben","name":"Parkstrasse"},"geometry":{"type":"LineString","coordinates":[[7.45959,46.961574],[7.458584,46.961414]]}},{"type":"Feature","properties":{"k":"neben","name":"Schläflistrasse"},"geometry":{"type":"LineString","coordinates":[[7.451703,46.955739],[7.449229,46.956306]]}},{"type":"Feature","properties":{"k":"neben","name":"Beaulieustrasse"},"geometry":{"type":"LineString","coordinates":[[7.43211,46.958712],[7.434533,46.960292]]}},{"type":"Feature","properties":{"k":"neben","name":"Zähringerstrasse"},"geometry":{"type":"LineString","coordinates":[[7.430918,46.957873],[7.432209,46.958646]]}},{"type":"Feature","properties":{"k":"neben"},"geometry":{"type":"LineString","coordinates":[[7.433636,46.959704],[7.433984,46.959381],[7.434324,46.959065]]}},{"type":"Feature","properties":{"k":"neben"},"geometry":{"type":"LineString","coordinates":[[7.433341,46.959517],[7.433973,46.958928]]}},{"type":"Feature","properties":{"k":"haupt","name":"Bolligenstrasse"},"geometry":{"type":"LineString","coordinates":[[7.468868,46.957193],[7.468382,46.956853],[7.46831,46.956804]]}},{"type":"Feature","properties":{"k":"haupt","name":"Schermenweg"},"geometry":{"type":"LineString","coordinates":[[7.475307,46.96314],[7.474739,46.963258]]}},{"type":"Feature","properties":{"k":"haupt","name":"Schermenweg"},"geometry":{"type":"LineString","coordinates":[[7.474739,46.963258],[7.474385,46.963337]]}},{"type":"Feature","properties":{"k":"haupt","name":"Bolligenstrasse"},"geometry":{"type":"LineString","coordinates":[[7.47895,46.963275],[7.478324,46.963099],[7.478217,46.963061]]}},{"type":"Feature","properties":{"k":"haupt","name":"Bolligenstrasse"},"geometry":{"type":"LineString","coordinates":[[7.468287,46.956788],[7.468211,46.956731],[7.468094,46.956646],[7.467956,46.956547]]}},{"type":"Feature","properties":{"k":"neben","name":"Breiteweg"},"geometry":{"type":"LineString","coordinates":[[7.476731,46.955728],[7.47798,46.955952],[7.479635,46.956437]]}},{"type":"Feature","properties":{"k":"neben","name":"Industrieweg"},"geometry":{"type":"LineString","coordinates":[[7.476165,46.956476],[7.476438,46.95665],[7.47664,46.956784],[7.476676,46.956808]]}},{"type":"Feature","properties":{"k":"neben","name":"Burgfeldweg"},"geometry":{"type":"LineString","coordinates":[[7.476441,46.95612],[7.477196,46.956381],[7.477621,46.955877]]}},{"type":"Feature","properties":{"k":"neben","name":"Biderstrasse"},"geometry":{"type":"LineString","coordinates":[[7.478112,46.959244],[7.478384,46.958851],[7.479476,46.956391]]}},{"type":"Feature","properties":{"k":"neben","name":"Spelterinistrasse"},"geometry":{"type":"LineString","coordinates":[[7.478734,46.958068],[7.477729,46.957732],[7.476806,46.957147]]}},{"type":"Feature","properties":{"k":"neben","name":"Chavezstrasse"},"geometry":{"type":"LineString","coordinates":[[7.477284,46.956834],[7.479045,46.957366]]}},{"type":"Feature","properties":{"k":"neben","name":"Gsellstrasse"},"geometry":{"type":"LineString","coordinates":[[7.47794,46.956447],[7.478022,46.956486],[7.478041,46.956494],[7.479272,46.956854]]}},{"type":"Feature","properties":{"k":"neben","name":"Schermenweg"},"geometry":{"type":"LineString","coordinates":[[7.479558,46.960181],[7.480115,46.959312]]}},{"type":"Feature","properties":{"k":"neben","name":"Schermenweg"},"geometry":{"type":"LineString","coordinates":[[7.478784,46.961058],[7.479246,46.960543]]}},{"type":"Feature","properties":{"k":"neben","name":"Schmiedweg"},"geometry":{"type":"LineString","coordinates":[[7.44463,46.958153],[7.443816,46.958076]]}},{"type":"Feature","properties":{"k":"neben","name":"Jurastrasse"},"geometry":{"type":"LineString","coordinates":[[7.44395,46.957434],[7.443568,46.959267],[7.44362,46.960167]]}},{"type":"Feature","properties":{"k":"neben","name":"Randweg"},"geometry":{"type":"LineString","coordinates":[[7.443825,46.958036],[7.443428,46.957993],[7.443467,46.957657]]}},{"type":"Feature","properties":{"k":"neben","name":"Grünerweg"},"geometry":{"type":"LineString","coordinates":[[7.443599,46.955765],[7.444303,46.955678]]}},{"type":"Feature","properties":{"k":"neben","name":"Jurastrasse"},"geometry":{"type":"LineString","coordinates":[[7.444159,46.95637],[7.444136,46.956489],[7.444103,46.956659],[7.444048,46.956936]]}},{"type":"Feature","properties":{"k":"neben","name":"Talweg"},"geometry":{"type":"LineString","coordinates":[[7.44362,46.960167],[7.444244,46.960272],[7.445371,46.959969],[7.446169,46.960091]]}},{"type":"Feature","properties":{"k":"neben","name":"Talweg"},"geometry":{"type":"LineString","coordinates":[[7.444323,46.960258],[7.444003,46.9606],[7.443665,46.960786]]}},{"type":"Feature","properties":{"k":"neben","name":"Engehaldenstrasse"},"geometry":{"type":"LineString","coordinates":[[7.445315,46.969165],[7.445669,46.969385],[7.445868,46.969385],[7.445938,46.969274],[7.445718,46.968937]]}},{"type":"Feature","properties":{"k":"neben","name":"Engerain"},"geometry":{"type":"LineString","coordinates":[[7.445343,46.969078],[7.444586,46.967957],[7.444401,46.967393]]}},{"type":"Feature","properties":{"k":"neben","name":"Unterer Aareggweg"},"geometry":{"type":"LineString","coordinates":[[7.449449,46.97155],[7.450692,46.971685],[7.451665,46.971889],[7.452883,46.971922]]}},{"type":"Feature","properties":{"k":"neben","name":"Rossfeldstrasse"},"geometry":{"type":"LineString","coordinates":[[7.446959,46.973278],[7.446281,46.973439],[7.444611,46.973574],[7.444097,46.973485],[7.443705,46.973236],[7.443509,46.972816],[7.443691,46.972201],[7.445612,46.971781]]}},{"type":"Feature","properties":{"k":"neben","name":"Granatweg"},"geometry":{"type":"LineString","coordinates":[[7.446093,46.97346],[7.445646,46.972842],[7.445214,46.971894]]}},{"type":"Feature","properties":{"k":"neben","name":"Dahliaweg"},"geometry":{"type":"LineString","coordinates":[[7.446959,46.973278],[7.446631,46.972909],[7.446307,46.972315]]}},{"type":"Feature","properties":{"k":"neben","name":"Dahliaweg"},"geometry":{"type":"LineString","coordinates":[[7.446926,46.972119],[7.446728,46.972225],[7.445482,46.972488]]}},{"type":"Feature","properties":{"k":"neben","name":"Rossfeldstrasse"},"geometry":{"type":"LineString","coordinates":[[7.445612,46.971781],[7.446159,46.971664],[7.446237,46.971646]]}},{"type":"Feature","properties":{"k":"neben","name":"Tulpenweg"},"geometry":{"type":"LineString","coordinates":[[7.445298,46.973522],[7.44492,46.972928],[7.444537,46.972036]]}},{"type":"Feature","properties":{"k":"neben","name":"Asterweg"},"geometry":{"type":"LineString","coordinates":[[7.44492,46.970117],[7.444249,46.970536],[7.444752,46.971703]]}},{"type":"Feature","properties":{"k":"neben","name":"Asterweg"},"geometry":{"type":"LineString","coordinates":[[7.444752,46.971703],[7.44487,46.971966]]}},{"type":"Feature","properties":{"k":"neben","name":"Oberer Aareggweg"},"geometry":{"type":"LineString","coordinates":[[7.451842,46.972893],[7.454355,46.973903],[7.45493,46.974324],[7.455042,46.974572]]}},{"type":"Feature","properties":{"k":"neben","name":"Oberer Aareggweg"},"geometry":{"type":"LineString","coordinates":[[7.452648,46.972502],[7.453974,46.973616],[7.454017,46.973756]]}},{"type":"Feature","properties":{"k":"neben","name":"Felsenaustrasse"},"geometry":{"type":"LineString","coordinates":[[7.443748,46.968509],[7.443929,46.968475]]}},{"type":"Feature","properties":{"k":"neben","name":"Tunnelweg"},"geometry":{"type":"LineString","coordinates":[[7.440455,46.969686],[7.44049,46.970564],[7.440435,46.970958],[7.440287,46.971157]]}},{"type":"Feature","properties":{"k":"neben","name":"Fluhweg"},"geometry":{"type":"LineString","coordinates":[[7.440248,46.969705],[7.440287,46.970552],[7.440418,46.970626]]}},{"type":"Feature","properties":{"k":"neben","name":"Felsenaustrasse"},"geometry":{"type":"LineString","coordinates":[[7.44018,46.971452],[7.440087,46.971461],[7.440078,46.971425],[7.439943,46.971193]]}},{"type":"Feature","properties":{"k":"neben","name":"Strandweg"},"geometry":{"type":"LineString","coordinates":[[7.441681,46.975403],[7.441725,46.975502],[7.441481,46.975721],[7.440896,46.975969]]}},{"type":"Feature","properties":{"k":"neben","name":"Felshaldenweg"},"geometry":{"type":"LineString","coordinates":[[7.441908,46.974846],[7.441458,46.974852],[7.44109,46.973652],[7.440928,46.973437]]}},{"type":"Feature","properties":{"k":"neben","name":"Obereyfeldweg"},"geometry":{"type":"LineString","coordinates":[[7.476167,46.970867],[7.476974,46.970391]]}},{"type":"Feature","properties":{"k":"neben","name":"Schermenweg"},"geometry":{"type":"LineString","coordinates":[[7.472965,46.963645],[7.472326,46.96405]]}},{"type":"Feature","properties":{"k":"haupt","name":"Papiermühlestrasse"},"geometry":{"type":"LineString","coordinates":[[7.469166,46.966272],[7.469025,46.96618]]}},{"type":"Feature","properties":{"k":"haupt","name":"Papiermühlestrasse"},"geometry":{"type":"LineString","coordinates":[[7.468989,46.966014],[7.469095,46.966162]]}},{"type":"Feature","properties":{"k":"haupt","name":"Papiermühlestrasse"},"geometry":{"type":"LineString","coordinates":[[7.469236,46.96636],[7.469352,46.966514]]}},{"type":"Feature","properties":{"k":"haupt","name":"Papiermühlestrasse"},"geometry":{"type":"LineString","coordinates":[[7.469616,46.966863],[7.46979,46.967093]]}},{"type":"Feature","properties":{"k":"haupt","name":"Länggassstrasse"},"geometry":{"type":"LineString","coordinates":[[7.426347,46.955913],[7.426225,46.955952],[7.426157,46.955973]]}},{"type":"Feature","properties":{"k":"haupt","name":"Länggassstrasse"},"geometry":{"type":"LineString","coordinates":[[7.426827,46.955772],[7.426347,46.955913]]}},{"type":"Feature","properties":{"k":"neben","name":"Stauffacherstrasse"},"geometry":{"type":"LineString","coordinates":[[7.467062,46.967994],[7.467089,46.96834],[7.467416,46.968589]]}},{"type":"Feature","properties":{"k":"neben","name":"Stauffacherstrasse"},"geometry":{"type":"LineString","coordinates":[[7.467416,46.968589],[7.467759,46.968735],[7.467777,46.968745],[7.467844,46.968783]]}},{"type":"Feature","properties":{"k":"neben","name":"Jägerweg"},"geometry":{"type":"LineString","coordinates":[[7.450077,46.95856],[7.450783,46.958782],[7.451201,46.958345]]}},{"type":"Feature","properties":{"k":"neben","name":"Meisenweg"},"geometry":{"type":"LineString","coordinates":[[7.450695,46.96089],[7.450169,46.96058],[7.450258,46.960293],[7.451044,46.959273]]}},{"type":"Feature","properties":{"k":"neben","name":"Zeigerweg"},"geometry":{"type":"LineString","coordinates":[[7.451369,46.95991],[7.452406,46.96025]]}},{"type":"Feature","properties":{"k":"neben","name":"Waffenweg"},"geometry":{"type":"LineString","coordinates":[[7.451823,46.961765],[7.453186,46.960271],[7.453475,46.960304],[7.45365,46.960123]]}},{"type":"Feature","properties":{"k":"neben","name":"Zielweg"},"geometry":{"type":"LineString","coordinates":[[7.45185,46.959209],[7.452969,46.959575],[7.454389,46.960031]]}},{"type":"Feature","properties":{"k":"haupt"},"geometry":{"type":"LineString","coordinates":[[7.430608,46.965123],[7.430332,46.965009],[7.430061,46.964893]]}},{"type":"Feature","properties":{"k":"haupt"},"geometry":{"type":"LineString","coordinates":[[7.430061,46.964893],[7.429833,46.96479]]}},{"type":"Feature","properties":{"k":"haupt"},"geometry":{"type":"LineString","coordinates":[[7.430139,46.964773],[7.430427,46.964898],[7.430658,46.964992]]}},{"type":"Feature","properties":{"k":"haupt"},"geometry":{"type":"LineString","coordinates":[[7.436028,46.966296],[7.440229,46.967036]]}},{"type":"Feature","properties":{"k":"neben","name":"Halenstrasse"},"geometry":{"type":"LineString","coordinates":[[7.421888,46.958741],[7.421458,46.959146]]}},{"type":"Feature","properties":{"k":"neben","name":"Schützenweg"},"geometry":{"type":"LineString","coordinates":[[7.451667,46.959476],[7.449747,46.958847]]}},{"type":"Feature","properties":{"k":"neben","name":"Elisabethenstrasse"},"geometry":{"type":"LineString","coordinates":[[7.450812,46.961922],[7.452776,46.959837],[7.453821,46.958401]]}},{"type":"Feature","properties":{"k":"neben","name":"Wylerringstrasse"},"geometry":{"type":"LineString","coordinates":[[7.450205,46.963155],[7.450589,46.962776]]}},{"type":"Feature","properties":{"k":"neben","name":"Kyburgstrasse"},"geometry":{"type":"LineString","coordinates":[[7.448332,46.956828],[7.449039,46.956084]]}},{"type":"Feature","properties":{"k":"neben","name":"Schläflirain"},"geometry":{"type":"LineString","coordinates":[[7.450664,46.956629],[7.449526,46.956923]]}},{"type":"Feature","properties":{"k":"neben","name":"Schläflirain"},"geometry":{"type":"LineString","coordinates":[[7.450233,46.956732],[7.449933,46.956145]]}},{"type":"Feature","properties":{"k":"haupt","name":"Tiefenaustrasse"},"geometry":{"type":"LineString","coordinates":[[7.439638,46.958759],[7.440188,46.960091]]}},{"type":"Feature","properties":{"k":"haupt"},"geometry":{"type":"LineString","coordinates":[[7.459534,46.968965],[7.457636,46.968986]]}},{"type":"Feature","properties":{"k":"haupt"},"geometry":{"type":"LineString","coordinates":[[7.417398,46.955468],[7.418043,46.955964],[7.418364,46.956214],[7.418684,46.956464]]}},{"type":"Feature","properties":{"k":"haupt"},"geometry":{"type":"LineString","coordinates":[[7.425061,46.961693],[7.418576,46.956573]]}},{"type":"Feature","properties":{"k":"haupt","name":"Studerstrasse"},"geometry":{"type":"LineString","coordinates":[[7.432088,46.962767],[7.432494,46.96294]]}},{"type":"Feature","properties":{"k":"neben","name":"Studerstrasse"},"geometry":{"type":"LineString","coordinates":[[7.434836,46.964331],[7.435686,46.965638],[7.436295,46.966027]]}},{"type":"Feature","properties":{"k":"haupt"},"geometry":{"type":"LineString","coordinates":[[7.425553,46.961877],[7.428092,46.96367],[7.430139,46.964773]]}},{"type":"Feature","properties":{"k":"neben","name":"Max-Daetwyler-Platz"},"geometry":{"type":"LineString","coordinates":[[7.464128,46.966726],[7.464136,46.96664],[7.464142,46.966589]]}},{"type":"Feature","properties":{"k":"neben"},"geometry":{"type":"LineString","coordinates":[[7.428537,46.956218],[7.428489,46.956253],[7.427627,46.956586]]}},{"type":"Feature","properties":{"k":"neben"},"geometry":{"type":"LineString","coordinates":[[7.428342,46.955993],[7.428282,46.956011],[7.427541,46.956236]]}},{"type":"Feature","properties":{"k":"neben","name":"Alte Studerstrasse"},"geometry":{"type":"LineString","coordinates":[[7.432545,46.962959],[7.432862,46.962837]]}},{"type":"Feature","properties":{"k":"haupt"},"geometry":{"type":"LineString","coordinates":[[7.470533,46.970677],[7.47014,46.969871]]}},{"type":"Feature","properties":{"k":"neben","name":"Löchligutweg"},"geometry":{"type":"LineString","coordinates":[[7.469619,46.970501],[7.469743,46.970748],[7.470049,46.970901]]}},{"type":"Feature","properties":{"k":"neben","name":"Löchligutweg"},"geometry":{"type":"LineString","coordinates":[[7.469619,46.970501],[7.46905,46.970633]]}},{"type":"Feature","properties":{"k":"neben","name":"Löchliweg"},"geometry":{"type":"LineString","coordinates":[[7.468067,46.97105],[7.468181,46.971364],[7.468094,46.971652],[7.467798,46.971955],[7.467467,46.972035],[7.467411,46.972149],[7.46754,46.972616],[7.467833,46.972997],[7.468387,46.973268],[7.468424,46.973762]]}},{"type":"Feature","properties":{"k":"neben","name":"Löchliweg"},"geometry":{"type":"LineString","coordinates":[[7.468424,46.973762],[7.468418,46.974323],[7.468515,46.974345]]}},{"type":"Feature","properties":{"k":"neben","name":"Löchliweg"},"geometry":{"type":"LineString","coordinates":[[7.46754,46.972616],[7.467329,46.9725],[7.466876,46.972628],[7.466752,46.97274],[7.46676,46.972973],[7.467198,46.973587],[7.467146,46.973731],[7.466945,46.973789]]}},{"type":"Feature","properties":{"k":"neben","name":"Bierhübeliweg"},"geometry":{"type":"LineString","coordinates":[[7.438583,46.95517],[7.43805,46.956001],[7.437216,46.955611],[7.437373,46.955377]]}},{"type":"Feature","properties":{"k":"neben","name":"Jägerweg"},"geometry":{"type":"LineString","coordinates":[[7.451201,46.958345],[7.45163,46.957676]]}},{"type":"Feature","properties":{"k":"neben","name":"Polygonstrasse"},"geometry":{"type":"LineString","coordinates":[[7.445125,46.96116],[7.445268,46.960984],[7.446143,46.960468]]}},{"type":"Feature","properties":{"k":"neben","name":"Lorrainestrasse"},"geometry":{"type":"LineString","coordinates":[[7.445686,46.958996],[7.445581,46.959224],[7.444515,46.959133]]}},{"type":"Feature","properties":{"k":"neben","name":"Flurstrasse"},"geometry":{"type":"LineString","coordinates":[[7.452576,46.962128],[7.448704,46.960153]]}},{"type":"Feature","properties":{"k":"neben","name":"Waldhöheweg"},"geometry":{"type":"LineString","coordinates":[[7.45277,46.956214],[7.455799,46.957602]]}},{"type":"Feature","properties":{"k":"haupt","name":"Tiefenaustrasse"},"geometry":{"type":"LineString","coordinates":[[7.440638,46.960976],[7.441224,46.962285],[7.441715,46.963036]]}},{"type":"Feature","properties":{"k":"haupt","name":"Tiefenaustrasse"},"geometry":{"type":"LineString","coordinates":[[7.441872,46.963302],[7.441958,46.963409],[7.442067,46.963606]]}},{"type":"Feature","properties":{"k":"haupt","name":"Neufeldtunnel"},"geometry":{"type":"LineString","coordinates":[[7.433309,46.96347],[7.434446,46.963155],[7.437354,46.962695]]}},{"type":"Feature","properties":{"k":"haupt","name":"Neufeldtunnel"},"geometry":{"type":"LineString","coordinates":[[7.440444,46.962259],[7.433929,46.963336]]}},{"type":"Feature","properties":{"k":"neben","name":"Engeriedweg"},"geometry":{"type":"LineString","coordinates":[[7.43627,46.959879],[7.435736,46.960458],[7.43492,46.961033],[7.434789,46.961034],[7.434188,46.960739]]}},{"type":"Feature","properties":{"k":"neben","name":"Berchtoldstrasse"},"geometry":{"type":"LineString","coordinates":[[7.436007,46.957042],[7.435567,46.957415]]}},{"type":"Feature","properties":{"k":"neben"},"geometry":{"type":"LineString","coordinates":[[7.435068,46.958242],[7.435508,46.957831],[7.43523,46.957681]]}},{"type":"Feature","properties":{"k":"neben"},"geometry":{"type":"LineString","coordinates":[[7.431265,46.955018],[7.431653,46.955778]]}},{"type":"Feature","properties":{"k":"neben","name":"Diesbachstrasse"},"geometry":{"type":"LineString","coordinates":[[7.435953,46.959029],[7.435974,46.959035],[7.437584,46.959442],[7.437835,46.959505]]}},{"type":"Feature","properties":{"k":"neben","name":"Optingenstrasse"},"geometry":{"type":"LineString","coordinates":[[7.451102,46.957358],[7.450961,46.957234],[7.450059,46.955409]]}},{"type":"Feature","properties":{"k":"neben","name":"Scheibenrain"},"geometry":{"type":"LineString","coordinates":[[7.450929,46.964672],[7.451058,46.965066]]}},{"type":"Feature","properties":{"k":"neben","name":"Allmendstrasse"},"geometry":{"type":"LineString","coordinates":[[7.450053,46.961541],[7.450695,46.96089],[7.452673,46.958012]]}},{"type":"Feature","properties":{"k":"haupt","name":"Neubrückstrasse"},"geometry":{"type":"LineString","coordinates":[[7.428496,46.967637],[7.428617,46.967427],[7.428756,46.967194],[7.428895,46.966961]]}},{"type":"Feature","properties":{"k":"haupt","name":"Halenbrücke"},"geometry":{"type":"LineString","coordinates":[[7.41861,46.970724],[7.418621,46.970702]]}},{"type":"Feature","properties":{"k":"haupt","name":"Nordring"},"geometry":{"type":"LineString","coordinates":[[7.448503,46.96077],[7.448367,46.960688],[7.448315,46.960659],[7.448097,46.960543]]}},{"type":"Feature","properties":{"k":"haupt","name":"Bolligenstrasse"},"geometry":{"type":"LineString","coordinates":[[7.47895,46.963275],[7.479649,46.963541]]}},{"type":"Feature","properties":{"k":"haupt"},"geometry":{"type":"LineString","coordinates":[[7.467574,46.956334],[7.467777,46.956277],[7.467866,46.956418],[7.467651,46.956476],[7.467574,46.956334]]}},{"type":"Feature","properties":{"k":"neben","name":"Pulverweg"},"geometry":{"type":"LineString","coordinates":[[7.468231,46.955911],[7.467803,46.956286]]}},{"type":"Feature","properties":{"k":"haupt","name":"Bolligenstrasse"},"geometry":{"type":"LineString","coordinates":[[7.478321,46.962988],[7.478407,46.963023],[7.47895,46.963275]]}},{"type":"Feature","properties":{"k":"haupt","name":"Schermenweg"},"geometry":{"type":"LineString","coordinates":[[7.477182,46.96251],[7.477228,46.962563]]}},{"type":"Feature","properties":{"k":"haupt","name":"Bolligenstrasse"},"geometry":{"type":"LineString","coordinates":[[7.478217,46.963061],[7.478096,46.963017],[7.477978,46.962974]]}},{"type":"Feature","properties":{"k":"haupt","name":"Bolligenstrasse"},"geometry":{"type":"LineString","coordinates":[[7.477978,46.962974],[7.477211,46.962814]]}},{"type":"Feature","properties":{"k":"haupt","name":"Bolligenstrasse"},"geometry":{"type":"LineString","coordinates":[[7.478077,46.962896],[7.478321,46.962988]]}},{"type":"Feature","properties":{"k":"haupt","name":"Bolligenstrasse"},"geometry":{"type":"LineString","coordinates":[[7.469863,46.957887],[7.469654,46.957746],[7.469439,46.957594],[7.469388,46.957558]]}},{"type":"Feature","properties":{"k":"haupt","name":"Bolligenstrasse"},"geometry":{"type":"LineString","coordinates":[[7.476463,46.962024],[7.477182,46.96251]]}},{"type":"Feature","properties":{"k":"neben","name":"Schermenweg"},"geometry":{"type":"LineString","coordinates":[[7.47783,46.962005],[7.478784,46.961058]]}},{"type":"Feature","properties":{"k":"haupt","name":"Bolligenstrasse"},"geometry":{"type":"LineString","coordinates":[[7.472105,46.959245],[7.469863,46.957887]]}},{"type":"Feature","properties":{"k":"neben","name":"Schermenweg"},"geometry":{"type":"LineString","coordinates":[[7.472326,46.96405],[7.472237,46.963804]]}},{"type":"Feature","properties":{"k":"neben","name":"Schermenweg"},"geometry":{"type":"LineString","coordinates":[[7.472326,46.96405],[7.472293,46.964094],[7.472244,46.964132],[7.472162,46.964159]]}},{"type":"Feature","properties":{"k":"haupt","name":"Bolligenstrasse"},"geometry":{"type":"LineString","coordinates":[[7.483766,46.964273],[7.48525,46.964555],[7.486297,46.964859]]}},{"type":"Feature","properties":{"k":"haupt","name":"Bolligenstrasse"},"geometry":{"type":"LineString","coordinates":[[7.47625,46.961878],[7.472918,46.959743]]}},{"type":"Feature","properties":{"k":"haupt","name":"Guisanplatz"},"geometry":{"type":"LineString","coordinates":[[7.463886,46.959154],[7.464659,46.9588]]}},{"type":"Feature","properties":{"k":"neben","name":"Rodtmattstrasse"},"geometry":{"type":"LineString","coordinates":[[7.45521,46.959013],[7.455561,46.959119],[7.458947,46.959607],[7.461251,46.960044],[7.461646,46.960008],[7.462435,46.95973]]}},{"type":"Feature","properties":{"k":"haupt","name":"Mingerstrasse"},"geometry":{"type":"LineString","coordinates":[[7.46635,46.957564],[7.467613,46.956459]]}},{"type":"Feature","properties":{"k":"haupt","name":"Mingerstrasse"},"geometry":{"type":"LineString","coordinates":[[7.465845,46.957988],[7.464725,46.958853]]}},{"type":"Feature","properties":{"k":"haupt","name":"Worblaufenstrasse"},"geometry":{"type":"LineString","coordinates":[[7.470049,46.970901],[7.470631,46.970272],[7.470747,46.969958],[7.470301,46.968742],[7.470205,46.967949],[7.470307,46.967765]]}},{"type":"Feature","properties":{"k":"haupt","name":"Papiermühlestrasse"},"geometry":{"type":"LineString","coordinates":[[7.470038,46.967413],[7.470095,46.967487],[7.470139,46.967544],[7.470307,46.967765]]}},{"type":"Feature","properties":{"k":"haupt","name":"Studerstrasse"},"geometry":{"type":"LineString","coordinates":[[7.432915,46.963085],[7.433588,46.963292],[7.434104,46.963558]]}},{"type":"Feature","properties":{"k":"neben","name":"Neubrückstrasse"},"geometry":{"type":"LineString","coordinates":[[7.437727,46.956725],[7.437869,46.956547]]}},{"type":"Feature","properties":{"k":"neben","name":"Stauffacherstrasse"},"geometry":{"type":"LineString","coordinates":[[7.45462,46.960324],[7.454711,46.962156]]}},{"type":"Feature","properties":{"k":"neben","name":"Haldenstrasse"},"geometry":{"type":"LineString","coordinates":[[7.445033,46.962713],[7.444454,46.96189],[7.44431,46.961022],[7.444416,46.960881],[7.445359,46.960477],[7.445909,46.960069]]}},{"type":"Feature","properties":{"k":"neben","name":"Stauffacherstrasse"},"geometry":{"type":"LineString","coordinates":[[7.454687,46.959781],[7.45462,46.960324]]}},{"type":"Feature","properties":{"k":"neben","name":"Scheibenstrasse"},"geometry":{"type":"LineString","coordinates":[[7.454256,46.960203],[7.452177,46.962548]]}},{"type":"Feature","properties":{"k":"neben","name":"Scheibenrain"},"geometry":{"type":"LineString","coordinates":[[7.450935,46.966],[7.45017,46.967263],[7.450942,46.96889],[7.450921,46.969023],[7.450746,46.969115]]}},{"type":"Feature","properties":{"k":"haupt","name":"Papiermühlestrasse"},"geometry":{"type":"LineString","coordinates":[[7.468031,46.964783],[7.467975,46.964709]]}},{"type":"Feature","properties":{"k":"haupt","name":"Guisanplatz"},"geometry":{"type":"LineString","coordinates":[[7.464569,46.958937],[7.463844,46.959283]]}},{"type":"Feature","properties":{"k":"haupt"},"geometry":{"type":"LineString","coordinates":[[7.429411,46.966504],[7.429599,46.966615],[7.429599,46.966785],[7.429434,46.966892],[7.429209,46.966891],[7.429048,46.966786],[7.429034,46.966638],[7.429164,46.966525],[7.429411,46.966504]]}},{"type":"Feature","properties":{"k":"neben"},"geometry":{"type":"LineString","coordinates":[[7.433659,46.957516],[7.433733,46.957457],[7.434576,46.956818]]}},{"type":"Feature","properties":{"k":"neben","name":"Moserstrasse"},"geometry":{"type":"LineString","coordinates":[[7.451433,46.955186],[7.45215,46.956602],[7.454371,46.958387]]}},{"type":"Feature","properties":{"k":"neben","name":"Halenstrasse"},"geometry":{"type":"LineString","coordinates":[[7.421458,46.959146],[7.420899,46.959579],[7.418906,46.960615],[7.417726,46.961892]]}},{"type":"Feature","properties":{"k":"neben","name":"Militärstrasse"},"geometry":{"type":"LineString","coordinates":[[7.462304,46.959635],[7.457106,46.958649]]}},{"type":"Feature","properties":{"k":"neben","name":"Breitenrainplatz"},"geometry":{"type":"LineString","coordinates":[[7.454224,46.95853],[7.454183,46.958518],[7.45392,46.958434],[7.453821,46.958401]]}},{"type":"Feature","properties":{"k":"neben","name":"Stauffacherstrasse"},"geometry":{"type":"LineString","coordinates":[[7.454687,46.959781],[7.454834,46.959067]]}},{"type":"Feature","properties":{"k":"neben","name":"Kasernenstrasse"},"geometry":{"type":"LineString","coordinates":[[7.459354,46.955223],[7.458929,46.955403],[7.458352,46.955795],[7.457001,46.957183],[7.456132,46.957489]]}},{"type":"Feature","properties":{"k":"neben","name":"Breitenrainstrasse"},"geometry":{"type":"LineString","coordinates":[[7.450928,46.95749],[7.448023,46.956714]]}},{"type":"Feature","properties":{"k":"neben","name":"Militärstrasse"},"geometry":{"type":"LineString","coordinates":[[7.456825,46.958404],[7.45521,46.959013]]}},{"type":"Feature","properties":{"k":"neben","name":"Beundenfeldstrasse"},"geometry":{"type":"LineString","coordinates":[[7.456825,46.958404],[7.455802,46.957068],[7.453224,46.955883]]}},{"type":"Feature","properties":{"k":"neben","name":"Greyerzstrasse"},"geometry":{"type":"LineString","coordinates":[[7.448739,46.955293],[7.448831,46.9552],[7.448906,46.955124]]}},{"type":"Feature","properties":{"k":"neben","name":"Jägerweg"},"geometry":{"type":"LineString","coordinates":[[7.45163,46.957676],[7.45244,46.956843]]}},{"type":"Feature","properties":{"k":"neben","name":"Greyerzstrasse"},"geometry":{"type":"LineString","coordinates":[[7.448726,46.959455],[7.449633,46.957153]]}},{"type":"Feature","properties":{"k":"neben","name":"Lorrainestrasse"},"geometry":{"type":"LineString","coordinates":[[7.446312,46.959752],[7.445115,46.959515]]}},{"type":"Feature","properties":{"k":"neben","name":"Wyttenbachstrasse"},"geometry":{"type":"LineString","coordinates":[[7.447708,46.955214],[7.44827,46.956509]]}},{"type":"Feature","properties":{"k":"neben","name":"Wyttenbachstrasse"},"geometry":{"type":"LineString","coordinates":[[7.446859,46.955599],[7.446954,46.955578],[7.447012,46.955565],[7.447614,46.955427]]}},{"type":"Feature","properties":{"k":"neben","name":"Wyttenbachstrasse"},"geometry":{"type":"LineString","coordinates":[[7.447614,46.955427],[7.448216,46.95529]]}},{"type":"Feature","properties":{"k":"neben","name":"Wyttenbachstrasse"},"geometry":{"type":"LineString","coordinates":[[7.44827,46.956509],[7.448458,46.956677]]}},{"type":"Feature","properties":{"k":"neben","name":"Breitenrainstrasse"},"geometry":{"type":"LineString","coordinates":[[7.448023,46.956714],[7.447613,46.956548],[7.447504,46.956507]]}},{"type":"Feature","properties":{"k":"haupt","name":"Nordring"},"geometry":{"type":"LineString","coordinates":[[7.447207,46.960089],[7.446873,46.959782],[7.446662,46.959334],[7.446852,46.958204]]}},{"type":"Feature","properties":{"k":"neben","name":"Turnweg"},"geometry":{"type":"LineString","coordinates":[[7.447901,46.957328],[7.448332,46.956828]]}},{"type":"Feature","properties":{"k":"haupt","name":"Nordring"},"geometry":{"type":"LineString","coordinates":[[7.447858,46.96042],[7.447207,46.960089]]}},{"type":"Feature","properties":{"k":"neben"},"geometry":{"type":"LineString","coordinates":[[7.448449,46.9604],[7.448593,46.960428]]}},{"type":"Feature","properties":{"k":"neben","name":"Tellstrasse"},"geometry":{"type":"LineString","coordinates":[[7.457414,46.963039],[7.460159,46.961209]]}},{"type":"Feature","properties":{"k":"haupt","name":"Winkelriedstrasse"},"geometry":{"type":"LineString","coordinates":[[7.455961,46.963439],[7.456276,46.963494]]}},{"type":"Feature","properties":{"k":"haupt","name":"Winkelriedstrasse"},"geometry":{"type":"LineString","coordinates":[[7.457171,46.963784],[7.456687,46.963686]]}},{"type":"Feature","properties":{"k":"neben"},"geometry":{"type":"LineString","coordinates":[[7.456964,46.963367],[7.456875,46.963515],[7.45697,46.963713]]}},{"type":"Feature","properties":{"k":"neben","name":"Tellstrasse"},"geometry":{"type":"LineString","coordinates":[[7.456964,46.963367],[7.456626,46.963587]]}},{"type":"Feature","properties":{"k":"neben","name":"Tellstrasse"},"geometry":{"type":"LineString","coordinates":[[7.456332,46.963438],[7.457125,46.963223]]}},{"type":"Feature","properties":{"k":"neben"},"geometry":{"type":"LineString","coordinates":[[7.456466,46.963633],[7.456276,46.963494]]}},{"type":"Feature","properties":{"k":"neben","name":"Tellstrasse"},"geometry":{"type":"LineString","coordinates":[[7.461214,46.960369],[7.461419,46.96015],[7.461407,46.96005]]}},{"type":"Feature","properties":{"k":"neben","name":"Scheibenstrasse"},"geometry":{"type":"LineString","coordinates":[[7.454256,46.960203],[7.454568,46.959813],[7.454687,46.959781]]}},{"type":"Feature","properties":{"k":"neben","name":"Rodtmattstrasse"},"geometry":{"type":"LineString","coordinates":[[7.462435,46.95973],[7.462623,46.959602],[7.463775,46.959194]]}},{"type":"Feature","properties":{"k":"neben","name":"Rodtmattstrasse"},"geometry":{"type":"LineString","coordinates":[[7.463489,46.959395],[7.462435,46.95973]]}},{"type":"Feature","properties":{"k":"neben","name":"Wankdorfstrasse"},"geometry":{"type":"LineString","coordinates":[[7.461679,46.960048],[7.462235,46.960822],[7.461068,46.96166]]}},{"type":"Feature","properties":{"k":"neben","name":"Parkstrasse"},"geometry":{"type":"LineString","coordinates":[[7.458891,46.959598],[7.458475,46.961079],[7.458658,46.961515],[7.459113,46.961886]]}},{"type":"Feature","properties":{"k":"neben","name":"Breitfeldstrasse"},"geometry":{"type":"LineString","coordinates":[[7.45859,46.960605],[7.460464,46.961002]]}},{"type":"Feature","properties":{"k":"neben","name":"Breitfeldstrasse"},"geometry":{"type":"LineString","coordinates":[[7.456672,46.960062],[7.458661,46.960355]]}},{"type":"Feature","properties":{"k":"neben","name":"Wiesenstrasse"},"geometry":{"type":"LineString","coordinates":[[7.456516,46.960593],[7.45462,46.960324]]}},{"type":"Feature","properties":{"k":"neben"},"geometry":{"type":"LineString","coordinates":[[7.458381,46.961854],[7.458276,46.961779]]}},{"type":"Feature","properties":{"k":"neben","name":"Melchtalstrasse"},"geometry":{"type":"LineString","coordinates":[[7.458276,46.961779],[7.458256,46.961765],[7.458176,46.961708]]}},{"type":"Feature","properties":{"k":"neben","name":"Max-Daetwyler-Platz"},"geometry":{"type":"LineString","coordinates":[[7.464142,46.966589],[7.464154,46.966485]]}},{"type":"Feature","properties":{"k":"neben","name":"Max-Daetwyler-Platz"},"geometry":{"type":"LineString","coordinates":[[7.465188,46.966499],[7.465197,46.966755]]}},{"type":"Feature","properties":{"k":"haupt","name":"Winkelriedstrasse"},"geometry":{"type":"LineString","coordinates":[[7.464127,46.965375],[7.463372,46.96527]]}},{"type":"Feature","properties":{"k":"neben","name":"Max-Daetwyler-Platz"},"geometry":{"type":"LineString","coordinates":[[7.464154,46.966485],[7.464192,46.966149]]}},{"type":"Feature","properties":{"k":"neben","name":"Klawastrasse"},"geometry":{"type":"LineString","coordinates":[[7.464263,46.965629],[7.464207,46.966037],[7.464192,46.966149]]}},{"type":"Feature","properties":{"k":"neben","name":"Tellstrasse"},"geometry":{"type":"LineString","coordinates":[[7.460159,46.961209],[7.460464,46.961002],[7.460764,46.960759]]}},{"type":"Feature","properties":{"k":"haupt","name":"Standstrasse"},"geometry":{"type":"LineString","coordinates":[[7.454776,46.9632],[7.452312,46.96258]]}},{"type":"Feature","properties":{"k":"haupt","name":"Winkelriedstrasse"},"geometry":{"type":"LineString","coordinates":[[7.455559,46.963397],[7.455037,46.963266],[7.454937,46.963239],[7.454776,46.9632]]}},{"type":"Feature","properties":{"k":"neben","name":"Tellstrasse"},"geometry":{"type":"LineString","coordinates":[[7.460764,46.960759],[7.461041,46.960528],[7.461214,46.960369]]}},{"type":"Feature","properties":{"k":"haupt","name":"Winkelriedstrasse"},"geometry":{"type":"LineString","coordinates":[[7.456626,46.963587],[7.457171,46.963784]]}},{"type":"Feature","properties":{"k":"haupt","name":"Winkelriedstrasse"},"geometry":{"type":"LineString","coordinates":[[7.456195,46.963568],[7.455963,46.963512],[7.4557,46.963446],[7.455559,46.963397]]}},{"type":"Feature","properties":{"k":"neben","name":"Sempachstrasse"},"geometry":{"type":"LineString","coordinates":[[7.464141,46.9645],[7.462681,46.962573]]}},{"type":"Feature","properties":{"k":"neben","name":"Sempachstrasse"},"geometry":{"type":"LineString","coordinates":[[7.462681,46.962573],[7.461307,46.961737],[7.459891,46.961391]]}},{"type":"Feature","properties":{"k":"neben","name":"Max-Daetwyler-Platz"},"geometry":{"type":"LineString","coordinates":[[7.465168,46.966173],[7.465174,46.96622],[7.465188,46.966499]]}},{"type":"Feature","properties":{"k":"neben","name":"Pillonweg"},"geometry":{"type":"LineString","coordinates":[[7.449092,46.967693],[7.448385,46.967]]}},{"type":"Feature","properties":{"k":"neben","name":"Dammweg"},"geometry":{"type":"LineString","coordinates":[[7.446695,46.958189],[7.446968,46.956934],[7.44693,46.95631]]}},{"type":"Feature","properties":{"k":"neben","name":"Dammweg"},"geometry":{"type":"LineString","coordinates":[[7.446169,46.960091],[7.446312,46.959752]]}},{"type":"Feature","properties":{"k":"neben","name":"Jurastrasse"},"geometry":{"type":"LineString","coordinates":[[7.443852,46.961889],[7.444398,46.962972]]}},{"type":"Feature","properties":{"k":"neben"},"geometry":{"type":"LineString","coordinates":[[7.467442,46.972049],[7.467309,46.971943],[7.466842,46.971888],[7.466575,46.971678]]}},{"type":"Feature","properties":{"k":"neben","name":"Trüsselstrasse"},"geometry":{"type":"LineString","coordinates":[[7.464539,46.967856],[7.464282,46.968354]]}},{"type":"Feature","properties":{"k":"neben","name":"Schädelinstrasse"},"geometry":{"type":"LineString","coordinates":[[7.461993,46.96905],[7.462377,46.968315]]}},{"type":"Feature","properties":{"k":"neben","name":"Hoffstrasse"},"geometry":{"type":"LineString","coordinates":[[7.463945,46.967717],[7.463377,46.967565]]}},{"type":"Feature","properties":{"k":"neben","name":"Löchligutweg"},"geometry":{"type":"LineString","coordinates":[[7.46905,46.970633],[7.46889,46.970928],[7.468789,46.971855],[7.468905,46.972521],[7.468809,46.97263],[7.468641,46.972659],[7.468453,46.972559],[7.468423,46.972347],[7.468789,46.971855]]}},{"type":"Feature","properties":{"k":"haupt","name":"Worblaufenstrasse"},"geometry":{"type":"LineString","coordinates":[[7.468508,46.974415],[7.468721,46.973875],[7.469478,46.97325],[7.469801,46.972797],[7.470049,46.970901]]}},{"type":"Feature","properties":{"k":"neben","name":"Scheibenstrasse"},"geometry":{"type":"LineString","coordinates":[[7.451147,46.964691],[7.451066,46.964681],[7.450929,46.964672]]}},{"type":"Feature","properties":{"k":"neben","name":"Halenstrasse"},"geometry":{"type":"LineString","coordinates":[[7.417726,46.961892],[7.417085,46.963328],[7.417086,46.964051],[7.417326,46.964543],[7.418919,46.966119],[7.419199,46.966811],[7.419973,46.967771],[7.420042,46.968002],[7.419983,46.968837]]}},{"type":"Feature","properties":{"k":"neben","name":"Engehaldenstrasse"},"geometry":{"type":"LineString","coordinates":[[7.441594,46.960437],[7.440948,46.958498]]}},{"type":"Feature","properties":{"k":"neben","name":"Thormannmätteliweg"},"geometry":{"type":"LineString","coordinates":[[7.451439,46.973123],[7.452614,46.972471]]}},{"type":"Feature","properties":{"k":"neben","name":"Hintere Engehaldenstrasse"},"geometry":{"type":"LineString","coordinates":[[7.448212,46.971673],[7.447103,46.971178],[7.446631,46.970879]]}},{"type":"Feature","properties":{"k":"neben"},"geometry":{"type":"LineString","coordinates":[[7.450857,46.973578],[7.450904,46.973497],[7.451017,46.973524],[7.450982,46.973607],[7.450857,46.973578]]}},{"type":"Feature","properties":{"k":"neben"},"geometry":{"type":"LineString","coordinates":[[7.45096,46.973612],[7.451248,46.973918],[7.452248,46.974369],[7.45301,46.975134],[7.453594,46.975448]]}},{"type":"Feature","properties":{"k":"neben"},"geometry":{"type":"LineString","coordinates":[[7.450885,46.973504],[7.450186,46.97298],[7.448948,46.972494]]}},{"type":"Feature","properties":{"k":"neben","name":"Tiefenaustrasse"},"geometry":{"type":"LineString","coordinates":[[7.451439,46.973123],[7.449127,46.972148]]}},{"type":"Feature","properties":{"k":"neben","name":"Oberer Aareggweg"},"geometry":{"type":"LineString","coordinates":[[7.449127,46.972148],[7.449228,46.972087],[7.450811,46.972014],[7.451457,46.97221],[7.452285,46.972651]]}},{"type":"Feature","properties":{"k":"neben","name":"Hintere Engehaldenstrasse"},"geometry":{"type":"LineString","coordinates":[[7.445418,46.969561],[7.445001,46.969216],[7.445105,46.969098],[7.445315,46.969165]]}},{"type":"Feature","properties":{"k":"neben","name":"Hintere Engehaldenstrasse"},"geometry":{"type":"LineString","coordinates":[[7.446631,46.970879],[7.445995,46.970272]]}},{"type":"Feature","properties":{"k":"neben","name":"Thormannmätteliweg"},"geometry":{"type":"LineString","coordinates":[[7.459691,46.971145],[7.458611,46.971125]]}},{"type":"Feature","properties":{"k":"haupt","name":"Tiefenaustrasse"},"geometry":{"type":"LineString","coordinates":[[7.456672,46.976334],[7.457032,46.977575]]}},{"type":"Feature","properties":{"k":"neben","name":"Felsenaubrücke"},"geometry":{"type":"LineString","coordinates":[[7.440109,46.976216],[7.440771,46.975875]]}},{"type":"Feature","properties":{"k":"neben","name":"Felsenaustrasse"},"geometry":{"type":"LineString","coordinates":[[7.443578,46.968544],[7.443748,46.968509]]}},{"type":"Feature","properties":{"k":"neben","name":"Gesellschaftsstrasse"},"geometry":{"type":"LineString","coordinates":[[7.431924,46.955723],[7.431609,46.955045]]}},{"type":"Feature","properties":{"k":"haupt","name":"Neubrückstrasse"},"geometry":{"type":"LineString","coordinates":[[7.429164,46.966525],[7.429268,46.966319]]}},{"type":"Feature","properties":{"k":"haupt","name":"Neubrückstrasse"},"geometry":{"type":"LineString","coordinates":[[7.429383,46.966903],[7.428818,46.96745]]}},{"type":"Feature","properties":{"k":"neben","name":"Neubrückstrasse"},"geometry":{"type":"LineString","coordinates":[[7.436559,46.956268],[7.436369,46.956554],[7.437167,46.956962]]}},{"type":"Feature","properties":{"k":"neben","name":"Felsenaustrasse"},"geometry":{"type":"LineString","coordinates":[[7.442496,46.972036],[7.443032,46.970558]]}},{"type":"Feature","properties":{"k":"neben","name":"Felsenaustrasse"},"geometry":{"type":"LineString","coordinates":[[7.440884,46.970999],[7.440837,46.97137],[7.441024,46.972175],[7.441127,46.972456],[7.441349,46.972665]]}},{"type":"Feature","properties":{"k":"neben","name":"Felsenaustrasse"},"geometry":{"type":"LineString","coordinates":[[7.439943,46.971193],[7.439935,46.971178],[7.439933,46.97116],[7.43993,46.971048]]}},{"type":"Feature","properties":{"k":"neben","name":"Engepromenade"},"geometry":{"type":"LineString","coordinates":[[7.439733,46.961872],[7.440142,46.962585],[7.441464,46.963976],[7.441831,46.964973]]}},{"type":"Feature","properties":{"k":"haupt","name":"Tiefenaustrasse"},"geometry":{"type":"LineString","coordinates":[[7.44066,46.96172],[7.440352,46.960626]]}},{"type":"Feature","properties":{"k":"haupt","name":"Neufeldtunnel"},"geometry":{"type":"LineString","coordinates":[[7.439882,46.962296],[7.440324,46.962201],[7.44042,46.962179]]}},{"type":"Feature","properties":{"k":"haupt","name":"Tiefenaustrasse"},"geometry":{"type":"LineString","coordinates":[[7.441037,46.962471],[7.44066,46.96172]]}},{"type":"Feature","properties":{"k":"neben","name":"Diesbachstrasse"},"geometry":{"type":"LineString","coordinates":[[7.43841,46.960024],[7.437795,46.959887],[7.437835,46.959505]]}},{"type":"Feature","properties":{"k":"neben","name":"Neubrückstrasse"},"geometry":{"type":"LineString","coordinates":[[7.427328,46.972696],[7.427268,46.972661],[7.426789,46.972382]]}},{"type":"Feature","properties":{"k":"haupt","name":"Neubrückstrasse"},"geometry":{"type":"LineString","coordinates":[[7.425071,46.970183],[7.426309,46.969984],[7.427133,46.969587],[7.427636,46.969096],[7.428362,46.96791]]}},{"type":"Feature","properties":{"k":"haupt","name":"Brüggbodenstrasse"},"geometry":{"type":"LineString","coordinates":[[7.420254,46.970014],[7.422691,46.970219]]}},{"type":"Feature","properties":{"k":"haupt","name":"Neubrückstrasse"},"geometry":{"type":"LineString","coordinates":[[7.431283,46.963547],[7.43103,46.963921]]}},{"type":"Feature","properties":{"k":"neben","name":"Neubrückstrasse"},"geometry":{"type":"LineString","coordinates":[[7.434188,46.960739],[7.435426,46.959528],[7.437727,46.956725]]}},{"type":"Feature","properties":{"k":"neben","name":"Engestrasse"},"geometry":{"type":"LineString","coordinates":[[7.439044,46.959055],[7.438751,46.958425],[7.43811,46.957465],[7.437873,46.956803],[7.437727,46.956725]]}},{"type":"Feature","properties":{"k":"haupt","name":"Tiefenaustrasse"},"geometry":{"type":"LineString","coordinates":[[7.442067,46.963606],[7.441864,46.963438],[7.441788,46.963355],[7.441037,46.962471]]}},{"type":"Feature","properties":{"k":"neben","name":"Neubrückstrasse"},"geometry":{"type":"LineString","coordinates":[[7.437296,46.957014],[7.437167,46.956962]]}},{"type":"Feature","properties":{"k":"neben","name":"Boehlenstrasse"},"geometry":{"type":"LineString","coordinates":[[7.465153,46.965559],[7.465168,46.966173]]}},{"type":"Feature","properties":{"k":"neben","name":"Zähringerstrasse"},"geometry":{"type":"LineString","coordinates":[[7.431188,46.957533],[7.430474,46.958369]]}},{"type":"Feature","properties":{"k":"neben","name":"Beaulieustrasse"},"geometry":{"type":"LineString","coordinates":[[7.430759,46.958052],[7.430794,46.958073],[7.431997,46.958788]]}},{"type":"Feature","properties":{"k":"neben","name":"Wyderrain"},"geometry":{"type":"LineString","coordinates":[[7.430109,46.956771],[7.429539,46.956235],[7.429549,46.956153]]}},{"type":"Feature","properties":{"k":"neben","name":"Mittelstrasse"},"geometry":{"type":"LineString","coordinates":[[7.434296,46.955327],[7.436085,46.95608]]}},{"type":"Feature","properties":{"k":"neben","name":"Neubrückstrasse"},"geometry":{"type":"LineString","coordinates":[[7.437869,46.956547],[7.438368,46.955859]]}},{"type":"Feature","properties":{"k":"haupt","name":"Halenbrücke"},"geometry":{"type":"LineString","coordinates":[[7.417782,46.972684],[7.418157,46.972009],[7.41861,46.970724]]}},{"type":"Feature","properties":{"k":"haupt","name":"Tiefenaustrasse"},"geometry":{"type":"LineString","coordinates":[[7.444145,46.968755],[7.444631,46.969419],[7.445909,46.970748],[7.446418,46.97115],[7.447215,46.971584]]}},{"type":"Feature","properties":{"k":"haupt","name":"Tiefenaustrasse"},"geometry":{"type":"LineString","coordinates":[[7.440322,46.960398],[7.440638,46.960976]]}},{"type":"Feature","properties":{"k":"neben","name":"Hochfeldstrasse"},"geometry":{"type":"LineString","coordinates":[[7.429879,46.956977],[7.431188,46.957533]]}},{"type":"Feature","properties":{"k":"neben","name":"Hochfeldstrasse"},"geometry":{"type":"LineString","coordinates":[[7.431188,46.957533],[7.433473,46.958722],[7.435426,46.959528]]}},{"type":"Feature","properties":{"k":"neben","name":"Zähringerstrasse"},"geometry":{"type":"LineString","coordinates":[[7.431795,46.956886],[7.431574,46.957108],[7.431208,46.957496],[7.431188,46.957533]]}},{"type":"Feature","properties":{"k":"haupt"},"geometry":{"type":"LineString","coordinates":[[7.465994,46.970004],[7.467317,46.970022]]}},{"type":"Feature","properties":{"k":"neben","name":"Morgartenstrasse"},"geometry":{"type":"LineString","coordinates":[[7.462681,46.962573],[7.460372,46.963791]]}},{"type":"Feature","properties":{"k":"neben","name":"Waldstätterstrasse"},"geometry":{"type":"LineString","coordinates":[[7.461743,46.961955],[7.460632,46.962676]]}},{"type":"Feature","properties":{"k":"neben","name":"Mezenerweg"},"geometry":{"type":"LineString","coordinates":[[7.45565,46.956192],[7.456164,46.956034]]}},{"type":"Feature","properties":{"k":"neben","name":"Hildanusstrasse"},"geometry":{"type":"LineString","coordinates":[[7.455912,46.955589],[7.455989,46.955568],[7.456101,46.955537]]}},{"type":"Feature","properties":{"k":"neben","name":"Morgartenstrasse"},"geometry":{"type":"LineString","coordinates":[[7.464177,46.96459],[7.463325,46.964498],[7.460372,46.963791]]}},{"type":"Feature","properties":{"k":"neben","name":"Tellplatz"},"geometry":{"type":"LineString","coordinates":[[7.458311,46.962102],[7.458895,46.961736]]}},{"type":"Feature","properties":{"k":"neben","name":"Moserstrasse"},"geometry":{"type":"LineString","coordinates":[[7.453269,46.957465],[7.453601,46.957285],[7.454466,46.957728],[7.454682,46.958003]]}},{"type":"Feature","properties":{"k":"neben","name":"Schärerstrasse"},"geometry":{"type":"LineString","coordinates":[[7.458743,46.960088],[7.460944,46.960511],[7.461041,46.960528]]}},{"type":"Feature","properties":{"k":"neben","name":"Sickingerstrasse"},"geometry":{"type":"LineString","coordinates":[[7.452019,46.9564],[7.450698,46.9567]]}},{"type":"Feature","properties":{"k":"neben","name":"Sempachstrasse"},"geometry":{"type":"LineString","coordinates":[[7.46427,46.965381],[7.464177,46.96459]]}},{"type":"Feature","properties":{"k":"neben","name":"Wankdorffeldstrasse"},"geometry":{"type":"LineString","coordinates":[[7.464192,46.966149],[7.465168,46.966173]]}},{"type":"Feature","properties":{"k":"haupt","name":"Winkelriedstrasse"},"geometry":{"type":"LineString","coordinates":[[7.46427,46.965381],[7.464196,46.965379],[7.464127,46.965375]]}},{"type":"Feature","properties":{"k":"haupt"},"geometry":{"type":"LineString","coordinates":[[7.468238,46.964802],[7.46824,46.964972],[7.467993,46.964974],[7.467988,46.964805],[7.468238,46.964802]]}},{"type":"Feature","properties":{"k":"haupt","name":"Winkelriedstrasse"},"geometry":{"type":"LineString","coordinates":[[7.467961,46.964945],[7.467856,46.96498]]}},{"type":"Feature","properties":{"k":"haupt","name":"Bolligenstrasse"},"geometry":{"type":"LineString","coordinates":[[7.477513,46.96279],[7.478077,46.962896]]}},{"type":"Feature","properties":{"k":"haupt","name":"Papiermühlestrasse"},"geometry":{"type":"LineString","coordinates":[[7.468253,46.96507],[7.468989,46.966014]]}},{"type":"Feature","properties":{"k":"neben","name":"Sempachstrasse"},"geometry":{"type":"LineString","coordinates":[[7.464141,46.9645],[7.464177,46.96459]]}},{"type":"Feature","properties":{"k":"neben","name":"Halenstrasse"},"geometry":{"type":"LineString","coordinates":[[7.423858,46.956618],[7.422868,46.957659]]}},{"type":"Feature","properties":{"k":"haupt","name":"Neubrückstrasse"},"geometry":{"type":"LineString","coordinates":[[7.428895,46.966961],[7.429028,46.966748]]}},{"type":"Feature","properties":{"k":"haupt","name":"Neubrückstrasse"},"geometry":{"type":"LineString","coordinates":[[7.432088,46.962767],[7.431513,46.963312]]}},{"type":"Feature","properties":{"k":"haupt","name":"Neubrückstrasse"},"geometry":{"type":"LineString","coordinates":[[7.429594,46.965911],[7.429322,46.966341],[7.429411,46.966504]]}},{"type":"Feature","properties":{"k":"neben","name":"Neubrückstrasse"},"geometry":{"type":"LineString","coordinates":[[7.432436,46.962405],[7.434188,46.960739]]}},{"type":"Feature","properties":{"k":"haupt","name":"Neubrückstrasse"},"geometry":{"type":"LineString","coordinates":[[7.428818,46.96745],[7.428594,46.96767]]}},{"type":"Feature","properties":{"k":"haupt"},"geometry":{"type":"LineString","coordinates":[[7.420051,46.957549],[7.424536,46.961104]]}},{"type":"Feature","properties":{"k":"haupt"},"geometry":{"type":"LineString","coordinates":[[7.432736,46.963668],[7.433021,46.963569],[7.433309,46.96347]]}},{"type":"Feature","properties":{"k":"haupt"},"geometry":{"type":"LineString","coordinates":[[7.46976,46.95818],[7.471484,46.959246]]}},{"type":"Feature","properties":{"k":"haupt"},"geometry":{"type":"LineString","coordinates":[[7.471983,46.959666],[7.471165,46.959163]]}},{"type":"Feature","properties":{"k":"haupt"},"geometry":{"type":"LineString","coordinates":[[7.472354,46.959778],[7.473197,46.960294]]}},{"type":"Feature","properties":{"k":"haupt","name":"Papiermühlestrasse"},"geometry":{"type":"LineString","coordinates":[[7.466912,46.963325],[7.467032,46.963366],[7.467116,46.963381],[7.467197,46.963422]]}},{"type":"Feature","properties":{"k":"haupt","name":"Schermenweg"},"geometry":{"type":"LineString","coordinates":[[7.470365,46.964219],[7.469146,46.964521]]}},{"type":"Feature","properties":{"k":"haupt","name":"Winkelriedstrasse"},"geometry":{"type":"LineString","coordinates":[[7.468009,46.965034],[7.467848,46.965094],[7.467686,46.965151],[7.467611,46.965178]]}},{"type":"Feature","properties":{"k":"haupt","name":"Winkelriedstrasse"},"geometry":{"type":"LineString","coordinates":[[7.46542,46.96538],[7.467005,46.965118]]}},{"type":"Feature","properties":{"k":"haupt","name":"Papiermühlestrasse"},"geometry":{"type":"LineString","coordinates":[[7.468819,46.966058],[7.46878,46.966035],[7.468382,46.965511]]}},{"type":"Feature","properties":{"k":"haupt","name":"Papiermühlestrasse"},"geometry":{"type":"LineString","coordinates":[[7.468009,46.965034],[7.467876,46.964858]]}},{"type":"Feature","properties":{"k":"haupt"},"geometry":{"type":"LineString","coordinates":[[7.468353,46.964912],[7.468009,46.965034]]}},{"type":"Feature","properties":{"k":"haupt","name":"Papiermühlestrasse"},"geometry":{"type":"LineString","coordinates":[[7.467876,46.964858],[7.467766,46.964716]]}},{"type":"Feature","properties":{"k":"haupt","name":"Papiermühlestrasse"},"geometry":{"type":"LineString","coordinates":[[7.468353,46.964912],[7.468462,46.965054]]}},{"type":"Feature","properties":{"k":"haupt","name":"Papiermühlestrasse"},"geometry":{"type":"LineString","coordinates":[[7.46822,46.964735],[7.468273,46.964804],[7.468353,46.964912]]}},{"type":"Feature","properties":{"k":"haupt"},"geometry":{"type":"LineString","coordinates":[[7.467876,46.964858],[7.46822,46.964735]]}},{"type":"Feature","properties":{"k":"neben","name":"Stauffacherstrasse"},"geometry":{"type":"LineString","coordinates":[[7.463721,46.969452],[7.464969,46.969709],[7.465935,46.969685],[7.467013,46.969434],[7.467841,46.968922]]}},{"type":"Feature","properties":{"k":"haupt","name":"Papiermühlestrasse"},"geometry":{"type":"LineString","coordinates":[[7.466912,46.963325],[7.466814,46.963188],[7.466149,46.962314]]}},{"type":"Feature","properties":{"k":"haupt","name":"Papiermühlestrasse"},"geometry":{"type":"LineString","coordinates":[[7.468147,46.965208],[7.468121,46.965175],[7.468047,46.965083],[7.468009,46.965034]]}},{"type":"Feature","properties":{"k":"haupt","name":"Papiermühlestrasse"},"geometry":{"type":"LineString","coordinates":[[7.467766,46.964716],[7.467743,46.964687],[7.467655,46.964573]]}},{"type":"Feature","properties":{"k":"haupt","name":"Papiermühlestrasse"},"geometry":{"type":"LineString","coordinates":[[7.468111,46.964593],[7.46819,46.964696],[7.46822,46.964735]]}},{"type":"Feature","properties":{"k":"haupt","name":"Papiermühlestrasse"},"geometry":{"type":"LineString","coordinates":[[7.468462,46.965054],[7.469117,46.965918],[7.469126,46.965979]]}},{"type":"Feature","properties":{"k":"haupt","name":"Schermenweg"},"geometry":{"type":"LineString","coordinates":[[7.46822,46.964735],[7.469681,46.964271],[7.470324,46.964134],[7.470951,46.964104]]}},{"type":"Feature","properties":{"k":"haupt","name":"Schermenweg"},"geometry":{"type":"LineString","coordinates":[[7.469935,46.964408],[7.468353,46.964912]]}},{"type":"Feature","properties":{"k":"haupt","name":"Winkelriedstrasse"},"geometry":{"type":"LineString","coordinates":[[7.467611,46.965178],[7.466435,46.965352]]}},{"type":"Feature","properties":{"k":"neben","name":"Seidenweg"},"geometry":{"type":"LineString","coordinates":[[7.431653,46.955778],[7.432847,46.955518]]}},{"type":"Feature","properties":{"k":"haupt","name":"Halenbrücke"},"geometry":{"type":"LineString","coordinates":[[7.418621,46.970702],[7.418908,46.970316],[7.419431,46.970065]]}},{"type":"Feature","properties":{"k":"neben","name":"Neubrückstrasse"},"geometry":{"type":"LineString","coordinates":[[7.423903,46.970894],[7.423893,46.970857],[7.423882,46.970807]]}},{"type":"Feature","properties":{"k":"neben","name":"Neubrückstrasse"},"geometry":{"type":"LineString","coordinates":[[7.423882,46.970807],[7.423877,46.970706],[7.423871,46.97059]]}},{"type":"Feature","properties":{"k":"neben","name":"Studerstrasse"},"geometry":{"type":"LineString","coordinates":[[7.439144,46.966531],[7.439461,46.966541],[7.439772,46.966458]]}},{"type":"Feature","properties":{"k":"haupt","name":"Länggassstrasse"},"geometry":{"type":"LineString","coordinates":[[7.426157,46.955973],[7.424109,46.956543]]}},{"type":"Feature","properties":{"k":"neben","name":"Neubrückstrasse"},"geometry":{"type":"LineString","coordinates":[[7.426789,46.972382],[7.424182,46.971173],[7.423903,46.970894]]}},{"type":"Feature","properties":{"k":"haupt","name":"Winkelriedstrasse"},"geometry":{"type":"LineString","coordinates":[[7.46542,46.96538],[7.465306,46.965386],[7.46523,46.965389],[7.465153,46.965391]]}},{"type":"Feature","properties":{"k":"haupt"},"geometry":{"type":"LineString","coordinates":[[7.469681,46.969143],[7.46939,46.968518],[7.469375,46.967878]]}},{"type":"Feature","properties":{"k":"neben","name":"Alte Studerstrasse"},"geometry":{"type":"LineString","coordinates":[[7.435394,46.962607],[7.435871,46.96262],[7.436851,46.964393]]}},{"type":"Feature","properties":{"k":"neben","name":"Viererfeldweg"},"geometry":{"type":"LineString","coordinates":[[7.435394,46.962607],[7.435567,46.962444],[7.438566,46.961371]]}},{"type":"Feature","properties":{"k":"neben"},"geometry":{"type":"LineString","coordinates":[[7.427941,46.974163],[7.428255,46.973366]]}},{"type":"Feature","properties":{"k":"neben","name":"Reichenbachstrasse"},"geometry":{"type":"LineString","coordinates":[[7.449721,46.973938],[7.449151,46.97352],[7.447824,46.972856]]}},{"type":"Feature","properties":{"k":"neben","name":"Kastellweg"},"geometry":{"type":"LineString","coordinates":[[7.447824,46.972856],[7.447969,46.972835],[7.449077,46.973223],[7.450046,46.973731]]}},{"type":"Feature","properties":{"k":"neben","name":"Reichenbachstrasse"},"geometry":{"type":"LineString","coordinates":[[7.451064,46.977828],[7.451128,46.977697],[7.451015,46.977172],[7.450333,46.975591],[7.450614,46.975256],[7.450644,46.975032],[7.449721,46.973938]]}},{"type":"Feature","properties":{"k":"neben","name":"Quartiergasse"},"geometry":{"type":"LineString","coordinates":[[7.446695,46.958189],[7.446852,46.958204]]}},{"type":"Feature","properties":{"k":"neben","name":"Hoffstrasse"},"geometry":{"type":"LineString","coordinates":[[7.459539,46.967025],[7.460224,46.966816],[7.460481,46.966806],[7.462839,46.967422]]}},{"type":"Feature","properties":{"k":"neben","name":"Platanenweg"},"geometry":{"type":"LineString","coordinates":[[7.44395,46.957434],[7.444755,46.957508]]}},{"type":"Feature","properties":{"k":"haupt","name":"Neufeldtunnel"},"geometry":{"type":"LineString","coordinates":[[7.433929,46.963336],[7.43369,46.963405],[7.433341,46.963511]]}},{"type":"Feature","properties":{"k":"neben","name":"Kasernenstrasse"},"geometry":{"type":"LineString","coordinates":[[7.456132,46.957489],[7.454212,46.958216]]}},{"type":"Feature","properties":{"k":"haupt"},"geometry":{"type":"LineString","coordinates":[[7.473197,46.960294],[7.474525,46.96121],[7.474875,46.961638],[7.475095,46.962103]]}},{"type":"Feature","properties":{"k":"neben","name":"Hilfikerstrasse"},"geometry":{"type":"LineString","coordinates":[[7.463945,46.967717],[7.463707,46.968192],[7.463628,46.968345]]}},{"type":"Feature","properties":{"k":"neben","name":"Wankdorfallee"},"geometry":{"type":"LineString","coordinates":[[7.463707,46.968192],[7.460244,46.967356]]}},{"type":"Feature","properties":{"k":"haupt"},"geometry":{"type":"LineString","coordinates":[[7.463566,46.969583],[7.464941,46.969893],[7.465994,46.970004]]}},{"type":"Feature","properties":{"k":"neben","name":"Breitenrainplatz"},"geometry":{"type":"LineString","coordinates":[[7.455115,46.95885],[7.455134,46.958965],[7.4549,46.958979]]}},{"type":"Feature","properties":{"k":"neben","name":"Breitenrainplatz"},"geometry":{"type":"LineString","coordinates":[[7.454371,46.958387],[7.454517,46.958397],[7.455115,46.95885]]}},{"type":"Feature","properties":{"k":"neben","name":"Stauffacherstrasse"},"geometry":{"type":"LineString","coordinates":[[7.454776,46.9632],[7.454808,46.96374]]}},{"type":"Feature","properties":{"k":"neben","name":"Klawastrasse"},"geometry":{"type":"LineString","coordinates":[[7.46427,46.965381],[7.464277,46.965475],[7.464276,46.965504],[7.464263,46.965629]]}},{"type":"Feature","properties":{"k":"neben","name":"Schermenweg"},"geometry":{"type":"LineString","coordinates":[[7.477005,46.962693],[7.477084,46.962652],[7.477153,46.962607],[7.477228,46.962563]]}},{"type":"Feature","properties":{"k":"neben","name":"Schermenweg"},"geometry":{"type":"LineString","coordinates":[[7.477228,46.962563],[7.477311,46.962505],[7.477341,46.962479],[7.47743,46.962402]]}},{"type":"Feature","properties":{"k":"neben","name":"Zentweg"},"geometry":{"type":"LineString","coordinates":[[7.475192,46.957356],[7.472604,46.95928]]}},{"type":"Feature","properties":{"k":"neben","name":"Haldenstrasse"},"geometry":{"type":"LineString","coordinates":[[7.450479,46.969013],[7.448335,46.967983],[7.447935,46.967672],[7.447609,46.966937],[7.44702,46.966104],[7.446722,46.965143],[7.44636,46.964773],[7.445891,46.963859],[7.444898,46.962868],[7.445033,46.962713]]}},{"type":"Feature","properties":{"k":"neben","name":"Stauffacherplatz"},"geometry":{"type":"LineString","coordinates":[[7.45462,46.960324],[7.454256,46.960203]]}},{"type":"Feature","properties":{"k":"neben","name":"Rosalia-Wenger-Platz"},"geometry":{"type":"LineString","coordinates":[[7.464539,46.967856],[7.464165,46.967768],[7.463945,46.967717]]}},{"type":"Feature","properties":{"k":"neben","name":"Stauffacherstrasse"},"geometry":{"type":"LineString","coordinates":[[7.460725,46.968722],[7.461061,46.96886],[7.463127,46.969312]]}},{"type":"Feature","properties":{"k":"neben","name":"Römerweg"},"geometry":{"type":"LineString","coordinates":[[7.447621,46.958279],[7.447651,46.958281],[7.448064,46.958331],[7.448508,46.958392]]}},{"type":"Feature","properties":{"k":"neben","name":"Turnweg"},"geometry":{"type":"LineString","coordinates":[[7.447621,46.958279],[7.447357,46.959303]]}},{"type":"Feature","properties":{"k":"neben","name":"Engehaldenstrasse"},"geometry":{"type":"LineString","coordinates":[[7.443034,46.963658],[7.441932,46.961467]]}},{"type":"Feature","properties":{"k":"neben","name":"Engehaldenstrasse"},"geometry":{"type":"LineString","coordinates":[[7.444219,46.965643],[7.443034,46.963658]]}},{"type":"Feature","properties":{"k":"neben","name":"Thormannmätteliweg"},"geometry":{"type":"LineString","coordinates":[[7.458611,46.971125],[7.45804,46.971441],[7.45701,46.971628],[7.456364,46.971872],[7.455373,46.972033],[7.454246,46.97193]]}},{"type":"Feature","properties":{"k":"neben","name":"Strandweg"},"geometry":{"type":"LineString","coordinates":[[7.440609,46.975735],[7.440289,46.975088],[7.440111,46.974436],[7.440007,46.973354]]}},{"type":"Feature","properties":{"k":"neben","name":"Strandweg"},"geometry":{"type":"LineString","coordinates":[[7.440896,46.975969],[7.44065,46.975805]]}},{"type":"Feature","properties":{"k":"neben","name":"Strandweg"},"geometry":{"type":"LineString","coordinates":[[7.440007,46.973354],[7.439999,46.973138]]}},{"type":"Feature","properties":{"k":"neben","name":"Felsenaustrasse"},"geometry":{"type":"LineString","coordinates":[[7.440056,46.969755],[7.440594,46.969679],[7.440911,46.969758]]}},{"type":"Feature","properties":{"k":"haupt","name":"Papiermühlestrasse"},"geometry":{"type":"LineString","coordinates":[[7.468253,46.96507],[7.468195,46.964995]]}},{"type":"Feature","properties":{"k":"haupt","name":"Papiermühlestrasse"},"geometry":{"type":"LineString","coordinates":[[7.467975,46.964709],[7.467657,46.964292]]}},{"type":"Feature","properties":{"k":"haupt","name":"Schermenweg"},"geometry":{"type":"LineString","coordinates":[[7.468382,46.964794],[7.468271,46.964833]]}},{"type":"Feature","properties":{"k":"haupt","name":"Winkelriedstrasse"},"geometry":{"type":"LineString","coordinates":[[7.467856,46.96498],[7.46723,46.965165]]}},{"type":"Feature","properties":{"k":"haupt","name":"Papiermühlestrasse"},"geometry":{"type":"LineString","coordinates":[[7.469126,46.965979],[7.469149,46.966127],[7.469152,46.966147]]}},{"type":"Feature","properties":{"k":"neben","name":"Thormannmätteliweg"},"geometry":{"type":"LineString","coordinates":[[7.454246,46.97193],[7.45399,46.971979]]}},{"type":"Feature","properties":{"k":"neben","name":"Fährstrasse"},"geometry":{"type":"LineString","coordinates":[[7.440771,46.975875],[7.441856,46.975291]]}},{"type":"Feature","properties":{"k":"neben","name":"Strandweg"},"geometry":{"type":"LineString","coordinates":[[7.44065,46.975805],[7.440609,46.975735]]}},{"type":"Feature","properties":{"k":"haupt","name":"Mingerstrasse"},"geometry":{"type":"LineString","coordinates":[[7.464659,46.9588],[7.465528,46.958197]]}},{"type":"Feature","properties":{"k":"neben","name":"Weingartstrasse"},"geometry":{"type":"LineString","coordinates":[[7.454711,46.962156],[7.453101,46.962059],[7.452757,46.961941]]}},{"type":"Feature","properties":{"k":"neben","name":"Dändlikerweg"},"geometry":{"type":"LineString","coordinates":[[7.448491,46.964952],[7.450327,46.965989],[7.450525,46.966329],[7.450711,46.966409]]}},{"type":"Feature","properties":{"k":"neben","name":"Jaunweg"},"geometry":{"type":"LineString","coordinates":[[7.450176,46.96722],[7.448356,46.967993]]}},{"type":"Feature","properties":{"k":"haupt","name":"Papiermühlestrasse"},"geometry":{"type":"LineString","coordinates":[[7.468382,46.965511],[7.468147,46.965208]]}},{"type":"Feature","properties":{"k":"neben","name":"Breiteweg"},"geometry":{"type":"LineString","coordinates":[[7.479635,46.956437],[7.480972,46.956755]]}},{"type":"Feature","properties":{"k":"neben","name":"Felsenaustrasse"},"geometry":{"type":"LineString","coordinates":[[7.443929,46.968475],[7.444004,46.968461]]}},{"type":"Feature","properties":{"k":"haupt"},"geometry":{"type":"LineString","coordinates":[[7.436352,46.966474],[7.433691,46.966017],[7.43212,46.965637]]}},{"type":"Feature","properties":{"k":"haupt"},"geometry":{"type":"LineString","coordinates":[[7.456685,46.968988],[7.457856,46.968862]]}},{"type":"Feature","properties":{"k":"haupt","name":"Winkelriedstrasse"},"geometry":{"type":"LineString","coordinates":[[7.463094,46.96521],[7.462985,46.965187]]}},{"type":"Feature","properties":{"k":"haupt","name":"Tiefenaustrasse"},"geometry":{"type":"LineString","coordinates":[[7.439204,46.955057],[7.439093,46.957264],[7.439638,46.958759]]}},{"type":"Feature","properties":{"k":"neben","name":"Morgartenstrasse"},"geometry":{"type":"LineString","coordinates":[[7.457414,46.963039],[7.460372,46.963791]]}},{"type":"Feature","properties":{"k":"neben","name":"Waldstätterstrasse"},"geometry":{"type":"LineString","coordinates":[[7.460632,46.962676],[7.46017,46.962631],[7.459018,46.963305],[7.45891,46.963437]]}},{"type":"Feature","properties":{"k":"neben","name":"Studerstrasse"},"geometry":{"type":"LineString","coordinates":[[7.441682,46.965885],[7.441896,46.96582]]}},{"type":"Feature","properties":{"k":"neben","name":"Studerstrasse"},"geometry":{"type":"LineString","coordinates":[[7.439772,46.966458],[7.441682,46.965885]]}},{"type":"Feature","properties":{"k":"neben","name":"Römerweg"},"geometry":{"type":"LineString","coordinates":[[7.446852,46.958204],[7.447425,46.958259]]}},{"type":"Feature","properties":{"k":"haupt","name":"Nordring"},"geometry":{"type":"LineString","coordinates":[[7.446852,46.958204],[7.447085,46.957196]]}},{"type":"Feature","properties":{"k":"haupt","name":"Schermenweg"},"geometry":{"type":"LineString","coordinates":[[7.4763,46.962917],[7.476346,46.962907],[7.476468,46.962882],[7.476634,46.962854]]}},{"type":"Feature","properties":{"k":"haupt","name":"Schermenweg"},"geometry":{"type":"LineString","coordinates":[[7.476634,46.962854],[7.477211,46.962814]]}},{"type":"Feature","properties":{"k":"haupt","name":"Bolligenstrasse"},"geometry":{"type":"LineString","coordinates":[[7.477005,46.962693],[7.476553,46.962358],[7.476463,46.962024]]}},{"type":"Feature","properties":{"k":"haupt","name":"Bolligenstrasse"},"geometry":{"type":"LineString","coordinates":[[7.477211,46.962814],[7.47706,46.962738],[7.477005,46.962693]]}},{"type":"Feature","properties":{"k":"haupt","name":"Schermenweg"},"geometry":{"type":"LineString","coordinates":[[7.477242,46.962595],[7.477211,46.962814]]}},{"type":"Feature","properties":{"k":"haupt","name":"Bolligenstrasse"},"geometry":{"type":"LineString","coordinates":[[7.477211,46.962814],[7.477323,46.962791],[7.477388,46.962786],[7.477513,46.96279]]}},{"type":"Feature","properties":{"k":"neben","name":"Mittelholzerstrasse"},"geometry":{"type":"LineString","coordinates":[[7.475192,46.957356],[7.479558,46.960181]]}},{"type":"Feature","properties":{"k":"neben","name":"Schermenweg"},"geometry":{"type":"LineString","coordinates":[[7.47743,46.962402],[7.47783,46.962005]]}},{"type":"Feature","properties":{"k":"neben","name":"Schermenweg"},"geometry":{"type":"LineString","coordinates":[[7.479246,46.960543],[7.479558,46.960181]]}},{"type":"Feature","properties":{"k":"haupt","name":"Schermenweg"},"geometry":{"type":"LineString","coordinates":[[7.475999,46.962985],[7.475843,46.96302],[7.475358,46.96313]]}},{"type":"Feature","properties":{"k":"haupt","name":"Schermenweg"},"geometry":{"type":"LineString","coordinates":[[7.475358,46.96313],[7.475307,46.96314]]}},{"type":"Feature","properties":{"k":"haupt","name":"Schermenweg"},"geometry":{"type":"LineString","coordinates":[[7.475999,46.962985],[7.4763,46.962917]]}},{"type":"Feature","properties":{"k":"haupt","name":"Schermenweg"},"geometry":{"type":"LineString","coordinates":[[7.474115,46.963395],[7.473975,46.963424]]}},{"type":"Feature","properties":{"k":"neben","name":"Trüsselstrasse"},"geometry":{"type":"LineString","coordinates":[[7.464282,46.968354],[7.463848,46.969197],[7.463753,46.969381],[7.463721,46.969452]]}},{"type":"Feature","properties":{"k":"neben","name":"Hilfikerstrasse"},"geometry":{"type":"LineString","coordinates":[[7.463628,46.968345],[7.463204,46.969172],[7.463164,46.969241],[7.463127,46.969312]]}},{"type":"Feature","properties":{"k":"haupt","name":"Schermenweg"},"geometry":{"type":"LineString","coordinates":[[7.472965,46.963645],[7.472237,46.963804],[7.4716,46.963949]]}},{"type":"Feature","properties":{"k":"haupt","name":"Papiermühlestrasse"},"geometry":{"type":"LineString","coordinates":[[7.46979,46.967093],[7.47,46.967362]]}},{"type":"Feature","properties":{"k":"haupt","name":"Schermenweg"},"geometry":{"type":"LineString","coordinates":[[7.470951,46.964104],[7.470365,46.964219]]}},{"type":"Feature","properties":{"k":"haupt","name":"Schermenweg"},"geometry":{"type":"LineString","coordinates":[[7.473975,46.963424],[7.473797,46.96346],[7.473708,46.963478]]}},{"type":"Feature","properties":{"k":"haupt","name":"Schermenweg"},"geometry":{"type":"LineString","coordinates":[[7.473708,46.963478],[7.473615,46.963499],[7.473128,46.96361]]}},{"type":"Feature","properties":{"k":"haupt","name":"Schermenweg"},"geometry":{"type":"LineString","coordinates":[[7.473128,46.96361],[7.472965,46.963645]]}},{"type":"Feature","properties":{"k":"neben","name":"Boehlenstrasse"},"geometry":{"type":"LineString","coordinates":[[7.465153,46.965391],[7.465155,46.965516],[7.465153,46.965559]]}},{"type":"Feature","properties":{"k":"haupt","name":"Winkelriedstrasse"},"geometry":{"type":"LineString","coordinates":[[7.464919,46.965393],[7.464358,46.965384]]}},{"type":"Feature","properties":{"k":"neben","name":"Stauffacherstrasse"},"geometry":{"type":"LineString","coordinates":[[7.467667,46.96672],[7.467154,46.967783]]}},{"type":"Feature","properties":{"k":"neben","name":"Wankdorffeldstrasse"},"geometry":{"type":"LineString","coordinates":[[7.463982,46.966133],[7.464192,46.966149]]}},{"type":"Feature","properties":{"k":"neben","name":"Wankdorffeldstrasse"},"geometry":{"type":"LineString","coordinates":[[7.45578,46.964284],[7.458659,46.96498]]}},{"type":"Feature","properties":{"k":"haupt","name":"Papiermühlestrasse"},"geometry":{"type":"LineString","coordinates":[[7.469166,46.966272],[7.469236,46.96636]]}},{"type":"Feature","properties":{"k":"haupt"},"geometry":{"type":"LineString","coordinates":[[7.473869,46.964467],[7.47435,46.964107],[7.474718,46.963688]]}},{"type":"Feature","properties":{"k":"haupt"},"geometry":{"type":"LineString","coordinates":[[7.472513,46.965278],[7.473869,46.964467]]}},{"type":"Feature","properties":{"k":"haupt"},"geometry":{"type":"LineString","coordinates":[[7.469023,46.970189],[7.46979,46.970454],[7.470492,46.970878],[7.470898,46.971269],[7.471241,46.971838]]}},{"type":"Feature","properties":{"k":"haupt"},"geometry":{"type":"LineString","coordinates":[[7.467387,46.97011],[7.466027,46.970093]]}},{"type":"Feature","properties":{"k":"haupt"},"geometry":{"type":"LineString","coordinates":[[7.467317,46.970022],[7.468249,46.970062],[7.469023,46.970189]]}},{"type":"Feature","properties":{"k":"haupt"},"geometry":{"type":"LineString","coordinates":[[7.468962,46.970295],[7.468228,46.970154],[7.467387,46.97011]]}},{"type":"Feature","properties":{"k":"haupt"},"geometry":{"type":"LineString","coordinates":[[7.475051,46.963318],[7.474449,46.964158],[7.473161,46.96501]]}},{"type":"Feature","properties":{"k":"haupt"},"geometry":{"type":"LineString","coordinates":[[7.475005,46.963071],[7.475017,46.962277],[7.474851,46.961827],[7.474544,46.961389],[7.473979,46.960899],[7.471983,46.959666]]}},{"type":"Feature","properties":{"k":"haupt"},"geometry":{"type":"LineString","coordinates":[[7.475137,46.963043],[7.475109,46.963152],[7.475081,46.963235],[7.475051,46.963318]]}},{"type":"Feature","properties":{"k":"haupt"},"geometry":{"type":"LineString","coordinates":[[7.474909,46.96335],[7.474959,46.963221],[7.475005,46.963071]]}},{"type":"Feature","properties":{"k":"neben","name":"Wankdorffeldstrasse"},"geometry":{"type":"LineString","coordinates":[[7.465168,46.966173],[7.466094,46.96611]]}},{"type":"Feature","properties":{"k":"neben","name":"Scheibenstrasse"},"geometry":{"type":"LineString","coordinates":[[7.450929,46.964499],[7.450939,46.964399]]}},{"type":"Feature","properties":{"k":"neben","name":"Polygonstrasse"},"geometry":{"type":"LineString","coordinates":[[7.446143,46.960468],[7.446169,46.960091]]}},{"type":"Feature","properties":{"k":"neben","name":"Wylerringstrasse"},"geometry":{"type":"LineString","coordinates":[[7.44892,46.962528],[7.447597,46.961545]]}},{"type":"Feature","properties":{"k":"neben"},"geometry":{"type":"LineString","coordinates":[[7.455961,46.963439],[7.456127,46.96344],[7.456245,46.96344],[7.456332,46.963438]]}},{"type":"Feature","properties":{"k":"neben","name":"Scheibenstrasse"},"geometry":{"type":"LineString","coordinates":[[7.451326,46.963737],[7.451359,46.963687]]}},{"type":"Feature","properties":{"k":"neben","name":"Wylerfeldstrasse"},"geometry":{"type":"LineString","coordinates":[[7.450295,46.962402],[7.449946,46.962224],[7.449506,46.962003],[7.449495,46.961997]]}},{"type":"Feature","properties":{"k":"neben","name":"Wylerfeldstrasse"},"geometry":{"type":"LineString","coordinates":[[7.449495,46.961997],[7.447944,46.961214]]}},{"type":"Feature","properties":{"k":"neben","name":"Wylerringstrasse"},"geometry":{"type":"LineString","coordinates":[[7.451359,46.963687],[7.450205,46.963155]]}},{"type":"Feature","properties":{"k":"neben","name":"Stauffacherstrasse"},"geometry":{"type":"LineString","coordinates":[[7.459539,46.967025],[7.459806,46.967456]]}},{"type":"Feature","properties":{"k":"neben","name":"Stauffacherstrasse"},"geometry":{"type":"LineString","coordinates":[[7.459806,46.967456],[7.460725,46.968722]]}},{"type":"Feature","properties":{"k":"neben","name":"Scheibenstrasse"},"geometry":{"type":"LineString","coordinates":[[7.451389,46.964723],[7.451147,46.964691]]}},{"type":"Feature","properties":{"k":"neben","name":"Scheibenstrasse"},"geometry":{"type":"LineString","coordinates":[[7.454716,46.965733],[7.454333,46.965745],[7.453939,46.965547]]}},{"type":"Feature","properties":{"k":"neben","name":"Stauffacherstrasse"},"geometry":{"type":"LineString","coordinates":[[7.454716,46.965733],[7.454907,46.965957],[7.455385,46.966101]]}},{"type":"Feature","properties":{"k":"neben","name":"Stauffacherstrasse"},"geometry":{"type":"LineString","coordinates":[[7.455385,46.966101],[7.457567,46.966567]]}},{"type":"Feature","properties":{"k":"neben","name":"Stauffacherstrasse"},"geometry":{"type":"LineString","coordinates":[[7.457567,46.966567],[7.459539,46.967025]]}},{"type":"Feature","properties":{"k":"neben","name":"Löchliweg"},"geometry":{"type":"LineString","coordinates":[[7.466222,46.969641],[7.468067,46.97105]]}},{"type":"Feature","properties":{"k":"neben","name":"Neubrückstrasse"},"geometry":{"type":"LineString","coordinates":[[7.437296,46.957014],[7.437347,46.957034],[7.437436,46.957068]]}},{"type":"Feature","properties":{"k":"neben","name":"Unterer Aareggweg"},"geometry":{"type":"LineString","coordinates":[[7.452883,46.971922],[7.453723,46.971844],[7.45399,46.971979]]}},{"type":"Feature","properties":{"k":"neben","name":"Thormannmätteliweg"},"geometry":{"type":"LineString","coordinates":[[7.451439,46.973123],[7.451378,46.973257]]}},{"type":"Feature","properties":{"k":"neben","name":"Thormannmätteliweg"},"geometry":{"type":"LineString","coordinates":[[7.453304,46.972155],[7.45399,46.971979]]}},{"type":"Feature","properties":{"k":"haupt"},"geometry":{"type":"LineString","coordinates":[[7.434368,46.963923],[7.434573,46.963954],[7.434532,46.964103],[7.434316,46.964072],[7.434368,46.963923]]}},{"type":"Feature","properties":{"k":"haupt"},"geometry":{"type":"LineString","coordinates":[[7.418576,46.956573],[7.418177,46.956264],[7.417939,46.956078]]}},{"type":"Feature","properties":{"k":"haupt"},"geometry":{"type":"LineString","coordinates":[[7.469375,46.967878],[7.469642,46.967252],[7.470037,46.966811],[7.472283,46.965414]]}},{"type":"Feature","properties":{"k":"neben","name":"Haldenstrasse"},"geometry":{"type":"LineString","coordinates":[[7.45063,46.969096],[7.450597,46.969082],[7.450556,46.969062],[7.450479,46.969013]]}},{"type":"Feature","properties":{"k":"neben","name":"Scheibenrain"},"geometry":{"type":"LineString","coordinates":[[7.451058,46.965066],[7.45115,46.965463],[7.450935,46.966]]}},{"type":"Feature","properties":{"k":"haupt"},"geometry":{"type":"LineString","coordinates":[[7.454715,46.96934],[7.456685,46.968988]]}},{"type":"Feature","properties":{"k":"haupt"},"geometry":{"type":"LineString","coordinates":[[7.456724,46.969094],[7.455822,46.969244]]}},{"type":"Feature","properties":{"k":"neben","name":"Scheibenstrasse"},"geometry":{"type":"LineString","coordinates":[[7.450939,46.964399],[7.451153,46.964033]]}},{"type":"Feature","properties":{"k":"neben","name":"Scheibenstrasse"},"geometry":{"type":"LineString","coordinates":[[7.451153,46.964033],[7.451326,46.963737]]}},{"type":"Feature","properties":{"k":"neben","name":"Breitenrainstrasse"},"geometry":{"type":"LineString","coordinates":[[7.453821,46.958401],[7.453092,46.958157]]}},{"type":"Feature","properties":{"k":"neben","name":"Allmendstrasse"},"geometry":{"type":"LineString","coordinates":[[7.452673,46.958012],[7.453172,46.957394]]}},{"type":"Feature","properties":{"k":"haupt","name":"Standstrasse"},"geometry":{"type":"LineString","coordinates":[[7.452312,46.96258],[7.452177,46.962548]]}},{"type":"Feature","properties":{"k":"neben","name":"Scheibenstrasse"},"geometry":{"type":"LineString","coordinates":[[7.452177,46.962548],[7.451359,46.963687]]}},{"type":"Feature","properties":{"k":"neben","name":"Stauffacherstrasse"},"geometry":{"type":"LineString","coordinates":[[7.454828,46.964083],[7.454802,46.964807]]}},{"type":"Feature","properties":{"k":"neben","name":"Wylerringstrasse"},"geometry":{"type":"LineString","coordinates":[[7.452814,46.963922],[7.453767,46.964244],[7.454831,46.964392]]}},{"type":"Feature","properties":{"k":"neben","name":"Wylerfeldstrasse"},"geometry":{"type":"LineString","coordinates":[[7.45177,46.963082],[7.450295,46.962402]]}},{"type":"Feature","properties":{"k":"neben","name":"Engehaldenstrasse"},"geometry":{"type":"LineString","coordinates":[[7.441932,46.961467],[7.441594,46.960437]]}},{"type":"Feature","properties":{"k":"neben","name":"Mittelstrasse"},"geometry":{"type":"LineString","coordinates":[[7.436085,46.95608],[7.437727,46.956725]]}},{"type":"Feature","properties":{"k":"neben","name":"Schädelinstrasse"},"geometry":{"type":"LineString","coordinates":[[7.462716,46.967664],[7.462756,46.967582],[7.462839,46.967422]]}},{"type":"Feature","properties":{"k":"neben","name":"Schädelinstrasse"},"geometry":{"type":"LineString","coordinates":[[7.462377,46.968315],[7.462583,46.96792],[7.462716,46.967664]]}},{"type":"Feature","properties":{"k":"haupt","name":"Bremgartenstrasse"},"geometry":{"type":"LineString","coordinates":[[7.42347,46.955853],[7.423908,46.956491]]}},{"type":"Feature","properties":{"k":"haupt","name":"Tiefenaustrasse"},"geometry":{"type":"LineString","coordinates":[[7.440188,46.960091],[7.440322,46.960398]]}},{"type":"Feature","properties":{"k":"neben","name":"Engehaldenstrasse"},"geometry":{"type":"LineString","coordinates":[[7.444866,46.96756],[7.444747,46.966924],[7.444492,46.966343]]}},{"type":"Feature","properties":{"k":"neben","name":"Lorrainestrasse"},"geometry":{"type":"LineString","coordinates":[[7.444515,46.959133],[7.445073,46.955875]]}},{"type":"Feature","properties":{"k":"neben","name":"Lorrainestrasse"},"geometry":{"type":"LineString","coordinates":[[7.445115,46.959515],[7.444767,46.959407],[7.444515,46.959133]]}},{"type":"Feature","properties":{"k":"neben","name":"Breitfeldstrasse"},"geometry":{"type":"LineString","coordinates":[[7.456672,46.960062],[7.454687,46.959781]]}},{"type":"Feature","properties":{"k":"haupt","name":"Brüggbodenstrasse"},"geometry":{"type":"LineString","coordinates":[[7.419918,46.970003],[7.420254,46.970014]]}},{"type":"Feature","properties":{"k":"neben","name":"Halenstrasse"},"geometry":{"type":"LineString","coordinates":[[7.422633,46.957933],[7.421888,46.958741]]}},{"type":"Feature","properties":{"k":"haupt","name":"Bremgartenstrasse"},"geometry":{"type":"LineString","coordinates":[[7.432088,46.962767],[7.431442,46.962355]]}},{"type":"Feature","properties":{"k":"neben","name":"Stauffacherstrasse"},"geometry":{"type":"LineString","coordinates":[[7.4549,46.958979],[7.454834,46.959067]]}},{"type":"Feature","properties":{"k":"neben","name":"Engestrasse"},"geometry":{"type":"LineString","coordinates":[[7.441929,46.965766],[7.44129,46.96411],[7.439969,46.96263],[7.439631,46.961895]]}},{"type":"Feature","properties":{"k":"neben","name":"Stauffacherstrasse"},"geometry":{"type":"LineString","coordinates":[[7.454717,46.965581],[7.454715,46.965601],[7.454709,46.965672],[7.454716,46.965733]]}},{"type":"Feature","properties":{"k":"neben","name":"Fährstrasse"},"geometry":{"type":"LineString","coordinates":[[7.441248,46.973349],[7.44108,46.972925],[7.441229,46.972724],[7.441466,46.972648]]}},{"type":"Feature","properties":{"k":"neben","name":"Felsenaustrasse"},"geometry":{"type":"LineString","coordinates":[[7.443032,46.970558],[7.443403,46.969505],[7.443442,46.968645],[7.443578,46.968544]]}},{"type":"Feature","properties":{"k":"haupt"},"geometry":{"type":"LineString","coordinates":[[7.470164,46.969664],[7.470229,46.969774]]}},{"type":"Feature","properties":{"k":"haupt"},"geometry":{"type":"LineString","coordinates":[[7.469935,46.967108],[7.469582,46.967719],[7.46954,46.968443]]}},{"type":"Feature","properties":{"k":"haupt"},"geometry":{"type":"LineString","coordinates":[[7.457856,46.968862],[7.459548,46.968857]]}},{"type":"Feature","properties":{"k":"haupt"},"geometry":{"type":"LineString","coordinates":[[7.455822,46.969244],[7.454154,46.969549]]}},{"type":"Feature","properties":{"k":"haupt"},"geometry":{"type":"LineString","coordinates":[[7.457636,46.968986],[7.456724,46.969094]]}},{"type":"Feature","properties":{"k":"haupt"},"geometry":{"type":"LineString","coordinates":[[7.46292,46.969549],[7.460226,46.969025]]}},{"type":"Feature","properties":{"k":"haupt"},"geometry":{"type":"LineString","coordinates":[[7.438405,46.966791],[7.438174,46.966753],[7.437733,46.966681],[7.436352,46.966474]]}},{"type":"Feature","properties":{"k":"haupt","name":"Neubrückstrasse"},"geometry":{"type":"LineString","coordinates":[[7.429386,46.966138],[7.429674,46.965673]]}},{"type":"Feature","properties":{"k":"haupt"},"geometry":{"type":"LineString","coordinates":[[7.429833,46.96479],[7.429039,46.964392]]}},{"type":"Feature","properties":{"k":"haupt"},"geometry":{"type":"LineString","coordinates":[[7.43212,46.965637],[7.430608,46.965123]]}},{"type":"Feature","properties":{"k":"haupt"},"geometry":{"type":"LineString","coordinates":[[7.429039,46.964392],[7.427798,46.963656],[7.426308,46.962622]]}},{"type":"Feature","properties":{"k":"haupt","name":"Neubrückstrasse"},"geometry":{"type":"LineString","coordinates":[[7.43093,46.963887],[7.430998,46.963811],[7.431068,46.963734]]}},{"type":"Feature","properties":{"k":"neben","name":"Reichenbachstrasse"},"geometry":{"type":"LineString","coordinates":[[7.443477,46.968164],[7.442677,46.967]]}},{"type":"Feature","properties":{"k":"haupt","name":"Brüggbodenstrasse"},"geometry":{"type":"LineString","coordinates":[[7.422691,46.970219],[7.423375,46.97024]]}},{"type":"Feature","properties":{"k":"neben","name":"Halenstrasse"},"geometry":{"type":"LineString","coordinates":[[7.419983,46.968837],[7.41992,46.969652]]}},{"type":"Feature","properties":{"k":"haupt","name":"Schermenweg"},"geometry":{"type":"LineString","coordinates":[[7.469146,46.964521],[7.468382,46.964794]]}},{"type":"Feature","properties":{"k":"haupt","name":"Winkelriedstrasse"},"geometry":{"type":"LineString","coordinates":[[7.46723,46.965165],[7.46542,46.96538]]}},{"type":"Feature","properties":{"k":"haupt","name":"Papiermühlestrasse"},"geometry":{"type":"LineString","coordinates":[[7.467657,46.964292],[7.466912,46.963325]]}},{"type":"Feature","properties":{"k":"neben","name":"Diesbachstrasse"},"geometry":{"type":"LineString","coordinates":[[7.437835,46.959505],[7.437847,46.959474],[7.437951,46.959186],[7.437961,46.959158]]}},{"type":"Feature","properties":{"k":"neben","name":"Daxelhoferstrasse"},"geometry":{"type":"LineString","coordinates":[[7.438877,46.959147],[7.438956,46.959113],[7.439004,46.959085],[7.439044,46.959055]]}},{"type":"Feature","properties":{"k":"haupt","name":"Studerstrasse"},"geometry":{"type":"LineString","coordinates":[[7.434264,46.963679],[7.4343,46.96372],[7.434314,46.963741]]}},{"type":"Feature","properties":{"k":"haupt","name":"Bremgartenstrasse"},"geometry":{"type":"LineString","coordinates":[[7.431442,46.962355],[7.424756,46.957287],[7.42406,46.956658]]}},{"type":"Feature","properties":{"k":"haupt","name":"Papiermühlestrasse"},"geometry":{"type":"LineString","coordinates":[[7.469352,46.966514],[7.469523,46.966739]]}},{"type":"Feature","properties":{"k":"haupt","name":"Papiermühlestrasse"},"geometry":{"type":"LineString","coordinates":[[7.469152,46.966147],[7.469166,46.966272]]}},{"type":"Feature","properties":{"k":"haupt","name":"Papiermühlestrasse"},"geometry":{"type":"LineString","coordinates":[[7.469095,46.966162],[7.469166,46.966272]]}},{"type":"Feature","properties":{"k":"haupt","name":"Papiermühlestrasse"},"geometry":{"type":"LineString","coordinates":[[7.469025,46.96618],[7.468859,46.966082],[7.468819,46.966058]]}},{"type":"Feature","properties":{"k":"neben","name":"Felsenaustrasse"},"geometry":{"type":"LineString","coordinates":[[7.440911,46.969758],[7.441038,46.969984],[7.440884,46.970999]]}},{"type":"Feature","properties":{"k":"neben","name":"Felsenaustrasse"},"geometry":{"type":"LineString","coordinates":[[7.440009,46.969839],[7.440013,46.96981],[7.440027,46.969785],[7.440056,46.969755]]}},{"type":"Feature","properties":{"k":"neben","name":"Halenstrasse"},"geometry":{"type":"LineString","coordinates":[[7.41992,46.969652],[7.419918,46.970003]]}},{"type":"Feature","properties":{"k":"neben","name":"Forstweg"},"geometry":{"type":"LineString","coordinates":[[7.42365,46.955064],[7.42412,46.955692]]}},{"type":"Feature","properties":{"k":"haupt","name":"Länggassstrasse"},"geometry":{"type":"LineString","coordinates":[[7.427867,46.955446],[7.426827,46.955772]]}},{"type":"Feature","properties":{"k":"neben","name":"Ralligplatz"},"geometry":{"type":"LineString","coordinates":[[7.430794,46.956202],[7.430901,46.956125],[7.430616,46.955973],[7.430794,46.956202]]}},{"type":"Feature","properties":{"k":"neben","name":"Konradweg"},"geometry":{"type":"LineString","coordinates":[[7.430766,46.956262],[7.430697,46.956182],[7.430649,46.9562]]}},{"type":"Feature","properties":{"k":"neben","name":"Zähringerstrasse"},"geometry":{"type":"LineString","coordinates":[[7.432039,46.956644],[7.43199,46.956691],[7.431795,46.956886]]}},{"type":"Feature","properties":{"k":"neben","name":"Primelweg"},"geometry":{"type":"LineString","coordinates":[[7.443924,46.972133],[7.44403,46.970961],[7.444365,46.970847]]}},{"type":"Feature","properties":{"k":"haupt","name":"Neufeldtunnel"},"geometry":{"type":"LineString","coordinates":[[7.439882,46.962296],[7.44043,46.962224]]}},{"type":"Feature","properties":{"k":"neben","name":"Spitalackerstrasse"},"geometry":{"type":"LineString","coordinates":[[7.453224,46.955883],[7.453305,46.955822],[7.453367,46.955749]]}},{"type":"Feature","properties":{"k":"haupt","name":"Neufeldtunnel"},"geometry":{"type":"LineString","coordinates":[[7.437354,46.962695],[7.438211,46.962563],[7.439882,46.962296]]}},{"type":"Feature","properties":{"k":"haupt","name":"Tiefenaustrasse"},"geometry":{"type":"LineString","coordinates":[[7.452595,46.973848],[7.455684,46.975119],[7.456174,46.975459],[7.456546,46.975978]]}},{"type":"Feature","properties":{"k":"neben","name":"Blumenbergstrasse"},"geometry":{"type":"LineString","coordinates":[[7.456868,46.957238],[7.455912,46.955589]]}},{"type":"Feature","properties":{"k":"neben","name":"Hildanusstrasse"},"geometry":{"type":"LineString","coordinates":[[7.456101,46.955537],[7.456239,46.955498],[7.456316,46.955476]]}},{"type":"Feature","properties":{"k":"neben","name":"Hildanusstrasse"},"geometry":{"type":"LineString","coordinates":[[7.456316,46.955476],[7.456424,46.955441]]}},{"type":"Feature","properties":{"k":"neben","name":"Hildanusstrasse"},"geometry":{"type":"LineString","coordinates":[[7.456535,46.955406],[7.456662,46.955366]]}},{"type":"Feature","properties":{"k":"neben","name":"Hildanusstrasse"},"geometry":{"type":"LineString","coordinates":[[7.456424,46.955441],[7.456535,46.955406]]}},{"type":"Feature","properties":{"k":"neben","name":"Hildanusstrasse"},"geometry":{"type":"LineString","coordinates":[[7.456662,46.955366],[7.456767,46.955332],[7.456817,46.955317]]}},{"type":"Feature","properties":{"k":"neben","name":"Hildanusstrasse"},"geometry":{"type":"LineString","coordinates":[[7.456817,46.955317],[7.457077,46.955234]]}},{"type":"Feature","properties":{"k":"neben","name":"Hildanusstrasse"},"geometry":{"type":"LineString","coordinates":[[7.457444,46.955117],[7.457587,46.955072]]}},{"type":"Feature","properties":{"k":"neben","name":"Hildanusstrasse"},"geometry":{"type":"LineString","coordinates":[[7.457328,46.955154],[7.457444,46.955117]]}},{"type":"Feature","properties":{"k":"neben","name":"Hildanusstrasse"},"geometry":{"type":"LineString","coordinates":[[7.457587,46.955072],[7.457662,46.955048]]}},{"type":"Feature","properties":{"k":"neben","name":"Hildanusstrasse"},"geometry":{"type":"LineString","coordinates":[[7.457077,46.955234],[7.457191,46.955198],[7.45724,46.955182],[7.457328,46.955154]]}},{"type":"Feature","properties":{"k":"neben","name":"Schönburgstrasse"},"geometry":{"type":"LineString","coordinates":[[7.457728,46.955134],[7.457853,46.955296]]}},{"type":"Feature","properties":{"k":"neben","name":"Schönburgstrasse"},"geometry":{"type":"LineString","coordinates":[[7.458119,46.955642],[7.45819,46.955735]]}},{"type":"Feature","properties":{"k":"neben","name":"Schönburgstrasse"},"geometry":{"type":"LineString","coordinates":[[7.458032,46.95553],[7.458088,46.955603],[7.458119,46.955642]]}},{"type":"Feature","properties":{"k":"neben","name":"Schönburgstrasse"},"geometry":{"type":"LineString","coordinates":[[7.457853,46.955296],[7.458032,46.95553]]}},{"type":"Feature","properties":{"k":"neben","name":"Schönburgstrasse"},"geometry":{"type":"LineString","coordinates":[[7.45819,46.955735],[7.458249,46.955812],[7.458285,46.955859]]}},{"type":"Feature","properties":{"k":"neben","name":"Stauffacherstrasse"},"geometry":{"type":"LineString","coordinates":[[7.454717,46.965581],[7.454722,46.965544],[7.454802,46.964807]]}},{"type":"Feature","properties":{"k":"neben","name":"Studerstrasse"},"geometry":{"type":"LineString","coordinates":[[7.436295,46.966027],[7.439144,46.966531]]}},{"type":"Feature","properties":{"k":"neben","name":"Daxelhoferstrasse"},"geometry":{"type":"LineString","coordinates":[[7.43877,46.959159],[7.438877,46.959147]]}},{"type":"Feature","properties":{"k":"neben","name":"Diesbachstrasse"},"geometry":{"type":"LineString","coordinates":[[7.43586,46.959006],[7.435953,46.959029]]}},{"type":"Feature","properties":{"k":"neben","name":"Beaulieustrasse"},"geometry":{"type":"LineString","coordinates":[[7.434533,46.960292],[7.434605,46.960337]]}},{"type":"Feature","properties":{"k":"neben","name":"Engestrasse"},"geometry":{"type":"LineString","coordinates":[[7.439074,46.959132],[7.439044,46.959055]]}},{"type":"Feature","properties":{"k":"neben","name":"Engestrasse"},"geometry":{"type":"LineString","coordinates":[[7.439194,46.960337],[7.439244,46.959703],[7.439074,46.959132]]}},{"type":"Feature","properties":{"k":"haupt","name":"Studerstrasse"},"geometry":{"type":"LineString","coordinates":[[7.434104,46.963558],[7.434184,46.963612],[7.434232,46.963649],[7.434264,46.963679]]}},{"type":"Feature","properties":{"k":"haupt"},"geometry":{"type":"LineString","coordinates":[[7.430658,46.964992],[7.432182,46.965514],[7.434245,46.965994]]}},{"type":"Feature","properties":{"k":"haupt"},"geometry":{"type":"LineString","coordinates":[[7.424536,46.961104],[7.424821,46.96132],[7.425553,46.961877]]}},{"type":"Feature","properties":{"k":"neben","name":"Zähringerstrasse"},"geometry":{"type":"LineString","coordinates":[[7.434296,46.955327],[7.432039,46.956644]]}},{"type":"Feature","properties":{"k":"neben","name":"Alte Studerstrasse"},"geometry":{"type":"LineString","coordinates":[[7.432862,46.962837],[7.435394,46.962607]]}},{"type":"Feature","properties":{"k":"haupt"},"geometry":{"type":"LineString","coordinates":[[7.472283,46.965414],[7.472513,46.965278]]}},{"type":"Feature","properties":{"k":"neben","name":"Stauffacherstrasse"},"geometry":{"type":"LineString","coordinates":[[7.454808,46.96374],[7.454812,46.963807],[7.454821,46.963938],[7.454828,46.964083]]}},{"type":"Feature","properties":{"k":"neben"},"geometry":{"type":"LineString","coordinates":[[7.461339,46.968274],[7.46228,46.968502]]}},{"type":"Feature","properties":{"k":"haupt","name":"Nordring"},"geometry":{"type":"LineString","coordinates":[[7.448097,46.960543],[7.447858,46.96042]]}},{"type":"Feature","properties":{"k":"neben","name":"Schulweg"},"geometry":{"type":"LineString","coordinates":[[7.44693,46.95631],[7.445073,46.955875]]}},{"type":"Feature","properties":{"k":"neben","name":"Rodtmattstrasse"},"geometry":{"type":"LineString","coordinates":[[7.463844,46.959283],[7.463789,46.9593],[7.463719,46.95932],[7.46369,46.959331]]}},{"type":"Feature","properties":{"k":"haupt","name":"Guisanplatz"},"geometry":{"type":"LineString","coordinates":[[7.463775,46.959194],[7.463857,46.959165],[7.463879,46.959157],[7.463886,46.959154]]}},{"type":"Feature","properties":{"k":"neben","name":"Hintere Engehaldenstrasse"},"geometry":{"type":"LineString","coordinates":[[7.445995,46.970272],[7.44551,46.969796],[7.445418,46.969561]]}},{"type":"Feature","properties":{"k":"haupt","name":"Papiermühlestrasse"},"geometry":{"type":"LineString","coordinates":[[7.464026,46.959521],[7.463844,46.959283]]}},{"type":"Feature","properties":{"k":"neben","name":"Kastellweg"},"geometry":{"type":"LineString","coordinates":[[7.45124,46.973414],[7.451026,46.973539]]}},{"type":"Feature","properties":{"k":"haupt","name":"Tiefenaustrasse"},"geometry":{"type":"LineString","coordinates":[[7.456546,46.975978],[7.456584,46.976069],[7.456614,46.976155]]}},{"type":"Feature","properties":{"k":"haupt","name":"Tiefenaustrasse"},"geometry":{"type":"LineString","coordinates":[[7.456614,46.976155],[7.456672,46.976334]]}},{"type":"Feature","properties":{"k":"neben","name":"Rossfeldstrasse"},"geometry":{"type":"LineString","coordinates":[[7.447824,46.972856],[7.446959,46.973278]]}},{"type":"Feature","properties":{"k":"neben","name":"Engehaldenstrasse"},"geometry":{"type":"LineString","coordinates":[[7.444492,46.966343],[7.444458,46.966267]]}},{"type":"Feature","properties":{"k":"neben","name":"Fährstrasse"},"geometry":{"type":"LineString","coordinates":[[7.441815,46.97448],[7.441248,46.973349]]}},{"type":"Feature","properties":{"k":"neben","name":"Fährstrasse"},"geometry":{"type":"LineString","coordinates":[[7.441856,46.975291],[7.441956,46.975056]]}},{"type":"Feature","properties":{"k":"haupt","name":"Halenbrücke"},"geometry":{"type":"LineString","coordinates":[[7.419431,46.970065],[7.419918,46.970003]]}},{"type":"Feature","properties":{"k":"haupt","name":"Neubrückstrasse"},"geometry":{"type":"LineString","coordinates":[[7.429268,46.966319],[7.429386,46.966138]]}},{"type":"Feature","properties":{"k":"haupt","name":"Neubrückstrasse"},"geometry":{"type":"LineString","coordinates":[[7.428594,46.96767],[7.428362,46.96791]]}},{"type":"Feature","properties":{"k":"haupt","name":"Neubrückstrasse"},"geometry":{"type":"LineString","coordinates":[[7.428362,46.96791],[7.428496,46.967637]]}},{"type":"Feature","properties":{"k":"neben","name":"Neubrückstrasse"},"geometry":{"type":"LineString","coordinates":[[7.423871,46.97059],[7.423874,46.970438],[7.423879,46.970298],[7.423882,46.970238]]}},{"type":"Feature","properties":{"k":"haupt","name":"Brüggbodenstrasse"},"geometry":{"type":"LineString","coordinates":[[7.423375,46.97024],[7.423535,46.97024],[7.42371,46.97024],[7.423882,46.970238]]}},{"type":"Feature","properties":{"k":"haupt","name":"Neubrückstrasse"},"geometry":{"type":"LineString","coordinates":[[7.423882,46.970238],[7.424048,46.970236],[7.424211,46.970232],[7.424387,46.970225]]}},{"type":"Feature","properties":{"k":"neben","name":"Breitenrainstrasse"},"geometry":{"type":"LineString","coordinates":[[7.453092,46.958157],[7.452673,46.958012]]}},{"type":"Feature","properties":{"k":"neben","name":"Engehaldenstrasse"},"geometry":{"type":"LineString","coordinates":[[7.444458,46.966267],[7.444219,46.965643]]}},{"type":"Feature","properties":{"k":"neben","name":"Pappelweg"},"geometry":{"type":"LineString","coordinates":[[7.44818,46.959282],[7.448826,46.957514],[7.447901,46.957328]]}},{"type":"Feature","properties":{"k":"neben","name":"Reichenbachstrasse"},"geometry":{"type":"LineString","coordinates":[[7.443629,46.968438],[7.443477,46.968164]]}},{"type":"Feature","properties":{"k":"neben","name":"Reichenbachstrasse"},"geometry":{"type":"LineString","coordinates":[[7.443673,46.968641],[7.443629,46.968438]]}},{"type":"Feature","properties":{"k":"neben","name":"Reichenbachstrasse"},"geometry":{"type":"LineString","coordinates":[[7.442677,46.967],[7.44257,46.966839],[7.442521,46.966764],[7.442449,46.966651]]}},{"type":"Feature","properties":{"k":"haupt","name":"Tiefenaustrasse"},"geometry":{"type":"LineString","coordinates":[[7.45228,46.973723],[7.452476,46.973805]]}},{"type":"Feature","properties":{"k":"haupt","name":"Tiefenaustrasse"},"geometry":{"type":"LineString","coordinates":[[7.451953,46.973625],[7.451316,46.973405]]}},{"type":"Feature","properties":{"k":"haupt","name":"Tiefenaustrasse"},"geometry":{"type":"LineString","coordinates":[[7.4514,46.973315],[7.451423,46.973336],[7.451454,46.973355],[7.451944,46.973559]]}},{"type":"Feature","properties":{"k":"haupt","name":"Tiefenaustrasse"},"geometry":{"type":"LineString","coordinates":[[7.452195,46.973688],[7.45228,46.973723]]}},{"type":"Feature","properties":{"k":"haupt","name":"Tiefenaustrasse"},"geometry":{"type":"LineString","coordinates":[[7.451944,46.973559],[7.452087,46.973623],[7.452195,46.973688]]}},{"type":"Feature","properties":{"k":"neben","name":"Thormannmätteliweg"},"geometry":{"type":"LineString","coordinates":[[7.451267,46.973208],[7.451439,46.973123]]}},{"type":"Feature","properties":{"k":"haupt","name":"Tiefenaustrasse"},"geometry":{"type":"LineString","coordinates":[[7.450482,46.972919],[7.451181,46.973218]]}},{"type":"Feature","properties":{"k":"haupt","name":"Tiefenaustrasse"},"geometry":{"type":"LineString","coordinates":[[7.451096,46.973302],[7.450631,46.973059]]}},{"type":"Feature","properties":{"k":"haupt","name":"Tiefenaustrasse"},"geometry":{"type":"LineString","coordinates":[[7.450631,46.973059],[7.447824,46.971846]]}},{"type":"Feature","properties":{"k":"haupt","name":"Tiefenaustrasse"},"geometry":{"type":"LineString","coordinates":[[7.447871,46.971802],[7.450482,46.972919]]}},{"type":"Feature","properties":{"k":"neben","name":"Kastellweg"},"geometry":{"type":"LineString","coordinates":[[7.450956,46.973494],[7.451115,46.973361]]}},{"type":"Feature","properties":{"k":"neben","name":"Wylerstrasse"},"geometry":{"type":"LineString","coordinates":[[7.448681,46.96018],[7.448634,46.960354],[7.448593,46.960428]]}},{"type":"Feature","properties":{"k":"haupt","name":"Neubrückstrasse"},"geometry":{"type":"LineString","coordinates":[[7.431283,46.963547],[7.431394,46.963429],[7.431513,46.963312]]}},{"type":"Feature","properties":{"k":"haupt","name":"Papiermühlestrasse"},"geometry":{"type":"LineString","coordinates":[[7.47,46.967362],[7.470038,46.967413]]}},{"type":"Feature","properties":{"k":"haupt","name":"Neubrückstrasse"},"geometry":{"type":"LineString","coordinates":[[7.429674,46.965673],[7.43047,46.964495]]}},{"type":"Feature","properties":{"k":"neben","name":"Zentweg"},"geometry":{"type":"LineString","coordinates":[[7.476953,46.955306],[7.476165,46.956476],[7.475192,46.957356]]}},{"type":"Feature","properties":{"k":"haupt","name":"Winkelriedstrasse"},"geometry":{"type":"LineString","coordinates":[[7.463243,46.965241],[7.463094,46.96521]]}},{"type":"Feature","properties":{"k":"neben","name":"Stauffacherstrasse"},"geometry":{"type":"LineString","coordinates":[[7.463127,46.969312],[7.463721,46.969452]]}},{"type":"Feature","properties":{"k":"haupt","name":"Winkelriedstrasse"},"geometry":{"type":"LineString","coordinates":[[7.460626,46.96462],[7.457171,46.963784]]}},{"type":"Feature","properties":{"k":"haupt","name":"Winkelriedstrasse"},"geometry":{"type":"LineString","coordinates":[[7.466435,46.965352],[7.466124,46.965369],[7.465632,46.965392],[7.46542,46.96538]]}},{"type":"Feature","properties":{"k":"haupt","name":"Papiermühlestrasse"},"geometry":{"type":"LineString","coordinates":[[7.465671,46.961683],[7.465465,46.96141],[7.464109,46.959631]]}},{"type":"Feature","properties":{"k":"haupt","name":"Winkelriedstrasse"},"geometry":{"type":"LineString","coordinates":[[7.467005,46.965118],[7.467876,46.964858]]}},{"type":"Feature","properties":{"k":"haupt","name":"Papiermühlestrasse"},"geometry":{"type":"LineString","coordinates":[[7.466149,46.962314],[7.465671,46.961683]]}},{"type":"Feature","properties":{"k":"haupt","name":"Papiermühlestrasse"},"geometry":{"type":"LineString","coordinates":[[7.467197,46.963422],[7.468111,46.964593]]}},{"type":"Feature","properties":{"k":"haupt","name":"Papiermühlestrasse"},"geometry":{"type":"LineString","coordinates":[[7.467269,46.964073],[7.466905,46.963594],[7.466912,46.963325]]}},{"type":"Feature","properties":{"k":"haupt","name":"Bolligenstrasse"},"geometry":{"type":"LineString","coordinates":[[7.479649,46.963541],[7.480477,46.963715]]}},{"type":"Feature","properties":{"k":"haupt","name":"Papiermühlestrasse"},"geometry":{"type":"LineString","coordinates":[[7.467655,46.964573],[7.467269,46.964073]]}},{"type":"Feature","properties":{"k":"haupt"},"geometry":{"type":"LineString","coordinates":[[7.471165,46.959163],[7.470402,46.958693],[7.4701,46.958506],[7.469875,46.958367]]}},{"type":"Feature","properties":{"k":"haupt"},"geometry":{"type":"LineString","coordinates":[[7.472289,46.959738],[7.472354,46.959778]]}},{"type":"Feature","properties":{"k":"haupt"},"geometry":{"type":"LineString","coordinates":[[7.471484,46.959246],[7.47168,46.959366],[7.472289,46.959738]]}},{"type":"Feature","properties":{"k":"neben","name":"Neufeldstrasse"},"geometry":{"type":"LineString","coordinates":[[7.435567,46.957415],[7.434758,46.958084]]}},{"type":"Feature","properties":{"k":"neben","name":"Wylerfeldstrasse"},"geometry":{"type":"LineString","coordinates":[[7.450589,46.962776],[7.450678,46.96269],[7.450742,46.962629]]}},{"type":"Feature","properties":{"k":"neben","name":"Burgdorfholzstrasse"},"geometry":{"type":"LineString","coordinates":[[7.478444,46.956092],[7.475861,46.957788]]}},{"type":"Feature","properties":{"k":"haupt"},"geometry":{"type":"LineString","coordinates":[[7.475095,46.962103],[7.475137,46.963043]]}},{"type":"Feature","properties":{"k":"neben","name":"Wankdorfallee"},"geometry":{"type":"LineString","coordinates":[[7.464282,46.968354],[7.46484,46.968493]]}},{"type":"Feature","properties":{"k":"neben","name":"Breitenrainplatz"},"geometry":{"type":"LineString","coordinates":[[7.4549,46.958979],[7.454316,46.958532],[7.454371,46.958387]]}},{"type":"Feature","properties":{"k":"haupt","name":"Papiermühlestrasse"},"geometry":{"type":"LineString","coordinates":[[7.464109,46.959631],[7.46404,46.959541],[7.464026,46.959521]]}},{"type":"Feature","properties":{"k":"neben","name":"Rodtmattstrasse"},"geometry":{"type":"LineString","coordinates":[[7.46369,46.959331],[7.463521,46.959385],[7.463489,46.959395]]}},{"type":"Feature","properties":{"k":"neben","name":"Spitalackerstrasse"},"geometry":{"type":"LineString","coordinates":[[7.450928,46.95749],[7.451016,46.957423],[7.451102,46.957358]]}},{"type":"Feature","properties":{"k":"neben","name":"Breitenrainstrasse"},"geometry":{"type":"LineString","coordinates":[[7.452673,46.958012],[7.450928,46.95749]]}},{"type":"Feature","properties":{"k":"haupt"},"geometry":{"type":"LineString","coordinates":[[7.473161,46.96501],[7.470624,46.966523]]}},{"type":"Feature","properties":{"k":"neben","name":"Stockerenweg"},"geometry":{"type":"LineString","coordinates":[[7.452218,46.958678],[7.451201,46.958345]]}},{"type":"Feature","properties":{"k":"neben","name":"Stockerenweg"},"geometry":{"type":"LineString","coordinates":[[7.451201,46.958345],[7.450588,46.958143],[7.450535,46.958126]]}},{"type":"Feature","properties":{"k":"neben","name":"Breitfeldstrasse"},"geometry":{"type":"LineString","coordinates":[[7.458661,46.960355],[7.45878,46.96038],[7.460392,46.960691]]}},{"type":"Feature","properties":{"k":"neben","name":"Parkstrasse"},"geometry":{"type":"LineString","coordinates":[[7.459085,46.958988],[7.458891,46.959598]]}},{"type":"Feature","properties":{"k":"neben","name":"Tellstrasse"},"geometry":{"type":"LineString","coordinates":[[7.457125,46.963223],[7.457239,46.963147],[7.457297,46.963108],[7.457414,46.963039]]}},{"type":"Feature","properties":{"k":"neben","name":"Melchtalstrasse"},"geometry":{"type":"LineString","coordinates":[[7.458528,46.961964],[7.458381,46.961854]]}},{"type":"Feature","properties":{"k":"neben","name":"Thormannmätteliweg"},"geometry":{"type":"LineString","coordinates":[[7.452614,46.972471],[7.453304,46.972155]]}},{"type":"Feature","properties":{"k":"neben","name":"Oberer Aareggweg"},"geometry":{"type":"LineString","coordinates":[[7.452614,46.972471],[7.452648,46.972502]]}},{"type":"Feature","properties":{"k":"haupt","name":"Papiermühlestrasse"},"geometry":{"type":"LineString","coordinates":[[7.469546,46.966772],[7.469616,46.966863]]}},{"type":"Feature","properties":{"k":"haupt","name":"Papiermühlestrasse"},"geometry":{"type":"LineString","coordinates":[[7.469523,46.966739],[7.469546,46.966772]]}},{"type":"Feature","properties":{"k":"neben","name":"Bäckereiweg"},"geometry":{"type":"LineString","coordinates":[[7.430651,46.955922],[7.430593,46.955947],[7.430529,46.955984]]}},{"type":"Feature","properties":{"k":"neben","name":"Bäckereiweg"},"geometry":{"type":"LineString","coordinates":[[7.430529,46.955984],[7.43002,46.956186]]}},{"type":"Feature","properties":{"k":"neben","name":"Greyerzstrasse"},"geometry":{"type":"LineString","coordinates":[[7.449633,46.957153],[7.449039,46.956084],[7.448648,46.955051]]}},{"type":"Feature","properties":{"k":"neben","name":"Römerweg"},"geometry":{"type":"LineString","coordinates":[[7.447425,46.958259],[7.447621,46.958279]]}},{"type":"Feature","properties":{"k":"neben","name":"Birkenweg"},"geometry":{"type":"LineString","coordinates":[[7.447357,46.959303],[7.448317,46.959291],[7.450408,46.960106],[7.452684,46.960821]]}},{"type":"Feature","properties":{"k":"neben","name":"Schützenweg"},"geometry":{"type":"LineString","coordinates":[[7.454184,46.960296],[7.45365,46.960123],[7.452776,46.959837],[7.451667,46.959476]]}},{"type":"Feature","properties":{"k":"neben","name":"Wyttenbachstrasse"},"geometry":{"type":"LineString","coordinates":[[7.448292,46.955272],[7.448318,46.955266]]}},{"type":"Feature","properties":{"k":"neben","name":"Wyttenbachstrasse"},"geometry":{"type":"LineString","coordinates":[[7.448216,46.95529],[7.448292,46.955272]]}},{"type":"Feature","properties":{"k":"neben","name":"Engehaldenstrasse"},"geometry":{"type":"LineString","coordinates":[[7.445718,46.968937],[7.444866,46.96756]]}},{"type":"Feature","properties":{"k":"neben","name":"Dammweg"},"geometry":{"type":"LineString","coordinates":[[7.446624,46.958512],[7.446695,46.958189]]}},{"type":"Feature","properties":{"k":"neben","name":"Kastellweg"},"geometry":{"type":"LineString","coordinates":[[7.450046,46.973731],[7.450379,46.973786],[7.450857,46.973578]]}},{"type":"Feature","properties":{"k":"neben","name":"Engestrasse"},"geometry":{"type":"LineString","coordinates":[[7.439133,46.96053],[7.439176,46.960407],[7.439194,46.960337]]}},{"type":"Feature","properties":{"k":"neben","name":"Engestrasse"},"geometry":{"type":"LineString","coordinates":[[7.439163,46.961157],[7.439072,46.960854],[7.439133,46.96053]]}},{"type":"Feature","properties":{"k":"neben","name":"Engestrasse"},"geometry":{"type":"LineString","coordinates":[[7.439631,46.961895],[7.439163,46.961157]]}},{"type":"Feature","properties":{"k":"neben","name":"Engestrasse"},"geometry":{"type":"LineString","coordinates":[[7.441946,46.965806],[7.441929,46.965766]]}},{"type":"Feature","properties":{"k":"neben","name":"Studerstrasse"},"geometry":{"type":"LineString","coordinates":[[7.441896,46.96582],[7.441946,46.965806]]}},{"type":"Feature","properties":{"k":"haupt","name":"Neubrückstrasse"},"geometry":{"type":"LineString","coordinates":[[7.430808,46.964035],[7.430868,46.963961],[7.43093,46.963887]]}},{"type":"Feature","properties":{"k":"haupt","name":"Neubrückstrasse"},"geometry":{"type":"LineString","coordinates":[[7.43103,46.963921],[7.430959,46.964005],[7.430896,46.964084],[7.430836,46.964162]]}},{"type":"Feature","properties":{"k":"haupt","name":"Neubrückstrasse"},"geometry":{"type":"LineString","coordinates":[[7.430836,46.964162],[7.429594,46.965911]]}},{"type":"Feature","properties":{"k":"haupt","name":"Neubrückstrasse"},"geometry":{"type":"LineString","coordinates":[[7.431068,46.963734],[7.43111,46.96369],[7.431283,46.963547]]}},{"type":"Feature","properties":{"k":"neben","name":"Dammweg"},"geometry":{"type":"LineString","coordinates":[[7.446493,46.959069],[7.44654,46.958877],[7.446602,46.958608],[7.446624,46.958512]]}},{"type":"Feature","properties":{"k":"neben","name":"Elisabethenstrasse"},"geometry":{"type":"LineString","coordinates":[[7.449726,46.96293],[7.450812,46.961922]]}},{"type":"Feature","properties":{"k":"neben","name":"Wylerstrasse"},"geometry":{"type":"LineString","coordinates":[[7.448593,46.960428],[7.448503,46.96077]]}},{"type":"Feature","properties":{"k":"neben","name":"Wylerstrasse"},"geometry":{"type":"LineString","coordinates":[[7.448449,46.9604],[7.448681,46.96018]]}},{"type":"Feature","properties":{"k":"neben","name":"Rodtmattstrasse"},"geometry":{"type":"LineString","coordinates":[[7.455134,46.958965],[7.45521,46.959013]]}},{"type":"Feature","properties":{"k":"haupt","name":"Schermenweg"},"geometry":{"type":"LineString","coordinates":[[7.4716,46.963949],[7.470951,46.964104]]}},{"type":"Feature","properties":{"k":"neben","name":"Attinghausenstrasse"},"geometry":{"type":"LineString","coordinates":[[7.458062,46.961357],[7.458076,46.961371],[7.458085,46.96139],[7.458141,46.961585]]}},{"type":"Feature","properties":{"k":"neben","name":"Rütlistrasse"},"geometry":{"type":"LineString","coordinates":[[7.457106,46.958649],[7.45691,46.959311]]}},{"type":"Feature","properties":{"k":"neben","name":"Attinghausenstrasse"},"geometry":{"type":"LineString","coordinates":[[7.454635,46.960867],[7.456358,46.961096]]}},{"type":"Feature","properties":{"k":"neben","name":"Wankdorfstrasse"},"geometry":{"type":"LineString","coordinates":[[7.461646,46.960008],[7.461656,46.96002],[7.461679,46.960048]]}},{"type":"Feature","properties":{"k":"haupt","name":"Studerstrasse"},"geometry":{"type":"LineString","coordinates":[[7.434314,46.963741],[7.434495,46.963914]]}},{"type":"Feature","properties":{"k":"neben","name":"Studerstrasse"},"geometry":{"type":"LineString","coordinates":[[7.434778,46.964255],[7.434485,46.964117]]}},{"type":"Feature","properties":{"k":"neben","name":"Studerstrasse"},"geometry":{"type":"LineString","coordinates":[[7.4346,46.964019],[7.434778,46.964255]]}},{"type":"Feature","properties":{"k":"haupt","name":"Studerstrasse"},"geometry":{"type":"LineString","coordinates":[[7.434317,46.963956],[7.434314,46.963741]]}},{"type":"Feature","properties":{"k":"neben","name":"Breitenrainplatz"},"geometry":{"type":"LineString","coordinates":[[7.4543,46.958512],[7.454224,46.95853]]}},{"type":"Feature","properties":{"k":"neben","name":"Neubrückstrasse"},"geometry":{"type":"LineString","coordinates":[[7.438759,46.955341],[7.438946,46.955045]]}},{"type":"Feature","properties":{"k":"neben","name":"Neubrückstrasse"},"geometry":{"type":"LineString","coordinates":[[7.438368,46.955859],[7.438679,46.955447],[7.438759,46.955341]]}},{"type":"Feature","properties":{"k":"haupt","name":"Neubrückstrasse"},"geometry":{"type":"LineString","coordinates":[[7.424387,46.970225],[7.425071,46.970183]]}},{"type":"Feature","properties":{"k":"neben","name":"Stauffacherstrasse"},"geometry":{"type":"LineString","coordinates":[[7.454748,46.962748],[7.454776,46.9632]]}},{"type":"Feature","properties":{"k":"neben","name":"Platanenweg"},"geometry":{"type":"LineString","coordinates":[[7.4435,46.957395],[7.443629,46.957406],[7.44395,46.957434]]}},{"type":"Feature","properties":{"k":"neben","name":"Randweg"},"geometry":{"type":"LineString","coordinates":[[7.4435,46.957395],[7.443467,46.957657]]}},{"type":"Feature","properties":{"k":"neben","name":"Randweg"},"geometry":{"type":"LineString","coordinates":[[7.443599,46.955765],[7.443537,46.956386]]}},{"type":"Feature","properties":{"k":"neben","name":"Jurastrasse"},"geometry":{"type":"LineString","coordinates":[[7.443665,46.960786],[7.443852,46.961889]]}},{"type":"Feature","properties":{"k":"neben","name":"Jurastrasse"},"geometry":{"type":"LineString","coordinates":[[7.44362,46.960167],[7.443665,46.960786]]}},{"type":"Feature","properties":{"k":"neben","name":"Jurastrasse"},"geometry":{"type":"LineString","coordinates":[[7.444048,46.956936],[7.44395,46.957434]]}},{"type":"Feature","properties":{"k":"neben","name":"Stauffacherstrasse"},"geometry":{"type":"LineString","coordinates":[[7.467952,46.968849],[7.468604,46.969209],[7.469538,46.970003],[7.469651,46.970199],[7.469619,46.970501]]}},{"type":"Feature","properties":{"k":"neben","name":"Stauffacherstrasse"},"geometry":{"type":"LineString","coordinates":[[7.467898,46.968915],[7.467755,46.968877],[7.467815,46.968787],[7.467947,46.968831],[7.467898,46.968915]]}},{"type":"Feature","properties":{"k":"neben","name":"Zentweg"},"geometry":{"type":"LineString","coordinates":[[7.472604,46.95928],[7.472404,46.959429]]}},{"type":"Feature","properties":{"k":"neben","name":"Stauffacherstrasse"},"geometry":{"type":"LineString","coordinates":[[7.467154,46.967783],[7.467062,46.967994]]}},{"type":"Feature","properties":{"k":"neben","name":"Stauffacherstrasse"},"geometry":{"type":"LineString","coordinates":[[7.467688,46.966677],[7.467681,46.966689],[7.467667,46.96672]]}},{"type":"Feature","properties":{"k":"neben","name":"Stauffacherstrasse"},"geometry":{"type":"LineString","coordinates":[[7.469166,46.966272],[7.468965,46.96632]]}},{"type":"Feature","properties":{"k":"haupt"},"geometry":{"type":"LineString","coordinates":[[7.451316,46.973405],[7.451288,46.973411],[7.451256,46.973414],[7.45124,46.973414]]}},{"type":"Feature","properties":{"k":"haupt"},"geometry":{"type":"LineString","coordinates":[[7.45124,46.973414],[7.451115,46.973361]]}},{"type":"Feature","properties":{"k":"haupt"},"geometry":{"type":"LineString","coordinates":[[7.451115,46.973361],[7.451103,46.973342],[7.451097,46.973323],[7.451096,46.973302]]}},{"type":"Feature","properties":{"k":"haupt"},"geometry":{"type":"LineString","coordinates":[[7.451096,46.973302],[7.451181,46.973218]]}},{"type":"Feature","properties":{"k":"haupt"},"geometry":{"type":"LineString","coordinates":[[7.451181,46.973218],[7.451212,46.97321],[7.451245,46.973207],[7.451267,46.973208]]}},{"type":"Feature","properties":{"k":"haupt"},"geometry":{"type":"LineString","coordinates":[[7.451267,46.973208],[7.451378,46.973257]]}},{"type":"Feature","properties":{"k":"haupt"},"geometry":{"type":"LineString","coordinates":[[7.451378,46.973257],[7.451392,46.973279],[7.451398,46.973297],[7.4514,46.973315]]}},{"type":"Feature","properties":{"k":"neben","name":"Mingerstrasse"},"geometry":{"type":"LineString","coordinates":[[7.465901,46.957941],[7.465711,46.957783]]}},{"type":"Feature","properties":{"k":"haupt","name":"Mingerstrasse"},"geometry":{"type":"LineString","coordinates":[[7.465901,46.957941],[7.46635,46.957564]]}},{"type":"Feature","properties":{"k":"haupt","name":"Mingerstrasse"},"geometry":{"type":"LineString","coordinates":[[7.465845,46.957988],[7.465901,46.957941]]}},{"type":"Feature","properties":{"k":"haupt","name":"Mingerstrasse"},"geometry":{"type":"LineString","coordinates":[[7.465528,46.958197],[7.46559,46.958149],[7.465629,46.958119],[7.465845,46.957988]]}},{"type":"Feature","properties":{"k":"neben","name":"Löchliweg"},"geometry":{"type":"LineString","coordinates":[[7.466945,46.973789],[7.466896,46.973794],[7.466859,46.973798],[7.466768,46.973803]]}},{"type":"Feature","properties":{"k":"neben","name":"Berchtoldstrasse"},"geometry":{"type":"LineString","coordinates":[[7.434132,46.956022],[7.435389,46.956734],[7.43705,46.957523]]}},{"type":"Feature","properties":{"k":"neben","name":"Hoffstrasse"},"geometry":{"type":"LineString","coordinates":[[7.463377,46.967565],[7.462839,46.967422]]}},{"type":"Feature","properties":{"k":"haupt","name":"Bolligenstrasse"},"geometry":{"type":"LineString","coordinates":[[7.469388,46.957558],[7.468868,46.957193]]}},{"type":"Feature","properties":{"k":"haupt","name":"Tiefenaustrasse"},"geometry":{"type":"LineString","coordinates":[[7.452476,46.973805],[7.452595,46.973848]]}},{"type":"Feature","properties":{"k":"haupt","name":"Tiefenaustrasse"},"geometry":{"type":"LineString","coordinates":[[7.447824,46.971846],[7.447215,46.971584]]}},{"type":"Feature","properties":{"k":"haupt","name":"Tiefenaustrasse"},"geometry":{"type":"LineString","coordinates":[[7.447215,46.971584],[7.447871,46.971802]]}},{"type":"Feature","properties":{"k":"haupt"},"geometry":{"type":"LineString","coordinates":[[7.454115,46.969441],[7.454715,46.96934]]}},{"type":"Feature","properties":{"k":"neben","name":"Studerstrasse"},"geometry":{"type":"LineString","coordinates":[[7.434778,46.964255],[7.434836,46.964331]]}},{"type":"Feature","properties":{"k":"haupt"},"geometry":{"type":"LineString","coordinates":[[7.418684,46.956464],[7.420051,46.957549]]}},{"type":"Feature","properties":{"k":"haupt"},"geometry":{"type":"LineString","coordinates":[[7.426308,46.962622],[7.425061,46.961693]]}},{"type":"Feature","properties":{"k":"neben","name":"Halenstrasse"},"geometry":{"type":"LineString","coordinates":[[7.422868,46.957659],[7.422633,46.957933]]}},{"type":"Feature","properties":{"k":"neben","name":"Engerain"},"geometry":{"type":"LineString","coordinates":[[7.445315,46.969165],[7.445331,46.969132],[7.445343,46.969078]]}},{"type":"Feature","properties":{"k":"neben","name":"Mezenerweg"},"geometry":{"type":"LineString","coordinates":[[7.455105,46.956743],[7.455164,46.956687],[7.455435,46.956411]]}},{"type":"Feature","properties":{"k":"neben","name":"Mezenerweg"},"geometry":{"type":"LineString","coordinates":[[7.455435,46.956411],[7.45565,46.956192]]}},{"type":"Feature","properties":{"k":"neben"},"geometry":{"type":"LineString","coordinates":[[7.453643,46.975678],[7.454275,46.97592],[7.454698,46.975832],[7.455639,46.976031]]}},{"type":"Feature","properties":{"k":"neben"},"geometry":{"type":"LineString","coordinates":[[7.453594,46.975448],[7.453643,46.975678]]}},{"type":"Feature","properties":{"k":"haupt","name":"Bolligenstrasse"},"geometry":{"type":"LineString","coordinates":[[7.482334,46.964104],[7.482512,46.964127],[7.4827,46.964151]]}},{"type":"Feature","properties":{"k":"haupt","name":"Tiefenaustrasse"},"geometry":{"type":"LineString","coordinates":[[7.442181,46.963749],[7.44275,46.964562],[7.443193,46.96552],[7.443582,46.966673],[7.44385,46.968039]]}},{"type":"Feature","properties":{"k":"haupt","name":"Tiefenaustrasse"},"geometry":{"type":"LineString","coordinates":[[7.44385,46.968039],[7.444049,46.968565]]}},{"type":"Feature","properties":{"k":"haupt","name":"Tiefenaustrasse"},"geometry":{"type":"LineString","coordinates":[[7.444049,46.968565],[7.444076,46.968624],[7.444105,46.968682],[7.444145,46.968755]]}},{"type":"Feature","properties":{"k":"neben","name":"Lederstutz"},"geometry":{"type":"LineString","coordinates":[[7.443698,46.96901],[7.443692,46.968834],[7.443673,46.968641]]}},{"type":"Feature","properties":{"k":"neben","name":"Lederstutz"},"geometry":{"type":"LineString","coordinates":[[7.443032,46.970558],[7.443278,46.97029]]}},{"type":"Feature","properties":{"k":"haupt","name":"Bolligenstrasse"},"geometry":{"type":"LineString","coordinates":[[7.472918,46.959743],[7.472811,46.959678],[7.472404,46.959429]]}},{"type":"Feature","properties":{"k":"neben","name":"Felsenaustrasse"},"geometry":{"type":"LineString","coordinates":[[7.441466,46.972648],[7.441976,46.972577],[7.44232,46.972371]]}},{"type":"Feature","properties":{"k":"neben","name":"Felsenaustrasse"},"geometry":{"type":"LineString","coordinates":[[7.44232,46.972371],[7.442469,46.972111]]}},{"type":"Feature","properties":{"k":"neben","name":"Felsenaustrasse"},"geometry":{"type":"LineString","coordinates":[[7.442469,46.972111],[7.442496,46.972036]]}},{"type":"Feature","properties":{"k":"neben","name":"Fährstrasse"},"geometry":{"type":"LineString","coordinates":[[7.441956,46.975056],[7.441815,46.97448]]}},{"type":"Feature","properties":{"k":"haupt","name":"Schermenweg"},"geometry":{"type":"LineString","coordinates":[[7.477228,46.962563],[7.477242,46.962595]]}},{"type":"Feature","properties":{"k":"neben","name":"Stauffacherstrasse"},"geometry":{"type":"LineString","coordinates":[[7.454711,46.962156],[7.454748,46.962748]]}},{"type":"Feature","properties":{"k":"neben","name":"Wankdorffeldstrasse"},"geometry":{"type":"LineString","coordinates":[[7.462699,46.965949],[7.462774,46.96584],[7.46286,46.965675]]}},{"type":"Feature","properties":{"k":"haupt","name":"Tiefenaustrasse"},"geometry":{"type":"LineString","coordinates":[[7.440352,46.960626],[7.440322,46.960398]]}},{"type":"Feature","properties":{"k":"haupt","name":"Tiefenaustrasse"},"geometry":{"type":"LineString","coordinates":[[7.441715,46.963036],[7.44175,46.963079],[7.441816,46.963191],[7.441872,46.963302]]}},{"type":"Feature","properties":{"k":"haupt","name":"Bolligenstrasse"},"geometry":{"type":"LineString","coordinates":[[7.481388,46.963939],[7.481661,46.96399],[7.481956,46.96404]]}},{"type":"Feature","properties":{"k":"haupt","name":"Bolligenstrasse"},"geometry":{"type":"LineString","coordinates":[[7.481956,46.96404],[7.482104,46.964067],[7.482334,46.964104]]}},{"type":"Feature","properties":{"k":"haupt","name":"Bolligenstrasse"},"geometry":{"type":"LineString","coordinates":[[7.4827,46.964151],[7.48291,46.964171],[7.483131,46.964191]]}},{"type":"Feature","properties":{"k":"haupt","name":"Bolligenstrasse"},"geometry":{"type":"LineString","coordinates":[[7.483131,46.964191],[7.483373,46.96422],[7.483766,46.964273]]}},{"type":"Feature","properties":{"k":"haupt","name":"Bolligenstrasse"},"geometry":{"type":"LineString","coordinates":[[7.472404,46.959429],[7.472105,46.959245]]}},{"type":"Feature","properties":{"k":"haupt","name":"Bolligenstrasse"},"geometry":{"type":"LineString","coordinates":[[7.476463,46.962024],[7.47625,46.961878]]}},{"type":"Feature","properties":{"k":"haupt","name":"Guisanplatz"},"geometry":{"type":"LineString","coordinates":[[7.464725,46.958853],[7.464716,46.958859],[7.464569,46.958937]]}},{"type":"Feature","properties":{"k":"haupt","name":"Bolligenstrasse"},"geometry":{"type":"LineString","coordinates":[[7.46831,46.956804],[7.468287,46.956788]]}},{"type":"Feature","properties":{"k":"haupt","name":"Bolligenstrasse"},"geometry":{"type":"LineString","coordinates":[[7.467956,46.956547],[7.46792,46.956521],[7.467862,46.95648],[7.467827,46.956457]]}},{"type":"Feature","properties":{"k":"neben","name":"Militärstrasse"},"geometry":{"type":"LineString","coordinates":[[7.462435,46.95973],[7.462419,46.959719],[7.462371,46.959684],[7.462304,46.959635]]}},{"type":"Feature","properties":{"k":"neben","name":"Militärstrasse"},"geometry":{"type":"LineString","coordinates":[[7.457106,46.958649],[7.456825,46.958404]]}},{"type":"Feature","properties":{"k":"haupt","name":"Winkelriedstrasse"},"geometry":{"type":"LineString","coordinates":[[7.456687,46.963686],[7.456466,46.963633]]}},{"type":"Feature","properties":{"k":"neben","name":"Tellstrasse"},"geometry":{"type":"LineString","coordinates":[[7.457125,46.963223],[7.456964,46.963367]]}},{"type":"Feature","properties":{"k":"haupt","name":"Winkelriedstrasse"},"geometry":{"type":"LineString","coordinates":[[7.455559,46.963397],[7.455961,46.963439]]}},{"type":"Feature","properties":{"k":"haupt","name":"Standstrasse"},"geometry":{"type":"LineString","coordinates":[[7.449528,46.961295],[7.44932,46.961191],[7.449114,46.961088]]}},{"type":"Feature","properties":{"k":"haupt","name":"Standstrasse"},"geometry":{"type":"LineString","coordinates":[[7.449114,46.961088],[7.448503,46.96077]]}},{"type":"Feature","properties":{"k":"haupt","name":"Winkelriedstrasse"},"geometry":{"type":"LineString","coordinates":[[7.465153,46.965391],[7.464919,46.965393]]}},{"type":"Feature","properties":{"k":"haupt","name":"Winkelriedstrasse"},"geometry":{"type":"LineString","coordinates":[[7.463372,46.96527],[7.463243,46.965241]]}},{"type":"Feature","properties":{"k":"haupt","name":"Winkelriedstrasse"},"geometry":{"type":"LineString","coordinates":[[7.462415,46.965053],[7.461909,46.96493],[7.461232,46.964765]]}},{"type":"Feature","properties":{"k":"haupt","name":"Winkelriedstrasse"},"geometry":{"type":"LineString","coordinates":[[7.461232,46.964765],[7.461085,46.964731],[7.460626,46.96462]]}},{"type":"Feature","properties":{"k":"haupt","name":"Winkelriedstrasse"},"geometry":{"type":"LineString","coordinates":[[7.462985,46.965187],[7.462863,46.965157],[7.462415,46.965053]]}},{"type":"Feature","properties":{"k":"haupt","name":"Winkelriedstrasse"},"geometry":{"type":"LineString","coordinates":[[7.456466,46.963633],[7.456195,46.963568]]}},{"type":"Feature","properties":{"k":"haupt","name":"Winkelriedstrasse"},"geometry":{"type":"LineString","coordinates":[[7.456276,46.963494],[7.456626,46.963587]]}},{"type":"Feature","properties":{"k":"neben"},"geometry":{"type":"LineString","coordinates":[[7.456276,46.963494],[7.456293,46.96346],[7.456332,46.963438]]}},{"type":"Feature","properties":{"k":"haupt","name":"Neubrückstrasse"},"geometry":{"type":"LineString","coordinates":[[7.43047,46.964495],[7.430672,46.964217]]}},{"type":"Feature","properties":{"k":"haupt","name":"Neubrückstrasse"},"geometry":{"type":"LineString","coordinates":[[7.430672,46.964217],[7.430759,46.964099],[7.430782,46.964069],[7.430808,46.964035]]}},{"type":"Feature","properties":{"k":"haupt"},"geometry":{"type":"LineString","coordinates":[[7.434245,46.965994],[7.436028,46.966296]]}},{"type":"Feature","properties":{"k":"haupt"},"geometry":{"type":"LineString","coordinates":[[7.460226,46.969025],[7.459534,46.968965]]}},{"type":"Feature","properties":{"k":"neben","name":"Breitenrainstrasse"},"geometry":{"type":"LineString","coordinates":[[7.447504,46.956507],[7.447322,46.956434],[7.447245,46.956402],[7.447117,46.956358]]}},{"type":"Feature","properties":{"k":"haupt","name":"Nordring"},"geometry":{"type":"LineString","coordinates":[[7.447142,46.956641],[7.447135,46.956506],[7.447128,46.956432],[7.447117,46.956358]]}},{"type":"Feature","properties":{"k":"haupt","name":"Nordring"},"geometry":{"type":"LineString","coordinates":[[7.447085,46.957196],[7.447142,46.956641]]}},{"type":"Feature","properties":{"k":"neben","name":"Tellstrasse"},"geometry":{"type":"LineString","coordinates":[[7.456626,46.963587],[7.456575,46.96361],[7.456528,46.963626],[7.456466,46.963633]]}},{"type":"Feature","properties":{"k":"haupt","name":"Winkelriedstrasse"},"geometry":{"type":"LineString","coordinates":[[7.464358,46.965384],[7.46427,46.965381]]}},{"type":"Feature","properties":{"k":"haupt","name":"Schermenweg"},"geometry":{"type":"LineString","coordinates":[[7.470951,46.964104],[7.470595,46.964244],[7.469935,46.964408]]}},{"type":"Feature","properties":{"k":"haupt","name":"Schermenweg"},"geometry":{"type":"LineString","coordinates":[[7.474385,46.963337],[7.474115,46.963395]]}},{"type":"Feature","properties":{"k":"haupt","name":"Tiefenaustrasse"},"geometry":{"type":"LineString","coordinates":[[7.442067,46.963606],[7.442181,46.963749]]}},{"type":"Feature","properties":{"k":"haupt","name":"Studerstrasse"},"geometry":{"type":"LineString","coordinates":[[7.432494,46.96294],[7.432545,46.962959],[7.432762,46.963034],[7.432915,46.963085]]}},{"type":"Feature","properties":{"k":"neben","name":"Neubrückstrasse"},"geometry":{"type":"LineString","coordinates":[[7.432088,46.962767],[7.432436,46.962405]]}}]}